price,delta,gamma,vega,volga,rho,phi,vanna,delta_r,delta_d,theta,ex_region,alpha_S,alpha_sigma,alpha_r,alpha_d,T,sigma,r,d,K,rep
0.0309568286984328,-0.0298667835802495,0.0185683902125699,1.9779337398828587,58.993408870012814,-0.5481918031250866,0.5179183676697188,-1.3753457376061018,0.0857876157912393,-0.2969792825142369,-0.0750094313860545,False,1.5878944823214474,0.0222201744635942,0.02,0.02,0.5,0.1,0.06,0.0,36,0
0.0318311087069679,-0.0272208782138228,0.0221987978790068,1.7973077461450535,54.67264564257908,-0.4142801742212446,0.4022154336772123,-1.1771018133889857,0.1180449015512836,0.2256467684409868,-0.1103504087964618,False,1.5557021908724245,0.0292614458951601,0.02,0.02,0.5,0.1,0.06,0.0,36,1
0.0294555675630798,-0.0278235615751775,0.0270174039998921,1.473542734372865,79.73164017920462,-0.4262131960563302,0.402653199045061,-1.1538938291520764,0.2700460401920964,-0.2654644772514484,-0.1475953501649265,False,1.5455560398578132,0.0249928918123039,0.02,0.02,0.5,0.1,0.06,0.0,36,2
0.0299539807761266,-0.0267402658184964,0.0187672060984411,1.8184439267600951,64.40058542980223,-0.5397597822406508,0.2949914909640691,-1.349986936392576,0.5503013894214012,-0.2030530415609068,-0.0841637719765698,False,1.4918876957204408,0.0204727686075049,0.02,0.02,0.5,0.1,0.06,0.0,36,3
0.0295992507009858,-0.0285452774108232,0.0271881234476219,1.7725513596676892,57.81184792022802,-0.3158759331358412,0.5776039694367675,-1.1585959487014077,0.3005548112769191,-0.7872745943278818,-0.1472203667529406,False,1.63270884904557,0.0457583773820118,0.02,0.02,0.5,0.1,0.06,0.0,36,4
0.03102824959298,-0.0299327693027401,0.0218590827618041,1.8378475105472487,50.882462959399696,-0.4825016714421436,0.6141007460232876,-1.227111419660057,0.2956307311235722,-0.6326323181381837,-0.1011723207922781,False,1.5154407010239506,0.0293539287533819,0.02,0.02,0.5,0.1,0.06,0.0,36,5
0.0294523514861295,-0.0279417230345425,0.0292462465791803,1.7618577588398314,65.41783001569469,-0.7425917859135773,0.4675674015009584,-1.34418637375062,0.5435599478689244,-0.2339487730296444,-0.1651426962613734,False,1.5647973166392397,0.0224508653363423,0.02,0.02,0.5,0.1,0.06,0.0,36,6
0.0306018005297999,-0.0271337075189543,0.0182784359360172,1.743200732079396,55.46055882261617,-0.2241441578125973,0.6170790471512223,-1.1299580134474216,0.0183549298138361,-0.6291984946771124,-0.0792704814108594,False,1.5092448769962568,0.0461538461538461,0.02,0.02,0.5,0.1,0.06,0.0,36,7
0.0305990267563671,-0.0298312152444236,0.0216819184278035,1.9040004997284157,50.40127928690586,-0.3845548948099306,0.5177031643583532,-1.3282062534152432,0.2072187220647664,-0.3535929235225722,-0.1000244892304296,False,1.5288018862804165,0.018345789076591,0.02,0.02,0.5,0.1,0.06,0.0,36,8
0.0308109973568131,-0.028456424561399,0.0220604076419712,1.8846857072616297,60.3614356490084,-0.4568818826899893,0.195039722635368,-1.0681753015820357,0.1704214848593516,-0.1450303392872839,-0.1063391823470036,False,1.515013921587344,0.033947219999288,0.02,0.02,0.5,0.1,0.06,0.0,36,9
0.0296628383217314,-0.0273779649284133,0.0277132257384382,1.5443740078531722,82.73389800223418,-0.6421594579175197,0.3947182239925626,-1.5183670991506268,0.5083200443640827,-0.4060403386830717,-0.1542189197800104,False,1.5050150098570645,0.0251386235577804,0.02,0.02,0.5,0.1,0.06,0.0,36,10
0.0298234229796142,-0.0290511859591481,0.0216819479500357,1.596344948015246,71.03798699933937,-0.6566735540959622,0.3614221073170356,-1.1189301557981877,0.674455235505573,-0.6996405985248957,-0.1019433319195535,False,1.6093370869799184,0.0233002988782876,0.02,0.02,0.5,0.1,0.06,0.0,36,11
0.0310718192222057,-0.0283759918922417,0.0194346850189959,1.878575857148944,53.66559868978644,-0.5108495998902571,0.3863305026824353,-1.4419143104713754,0.5682048807113448,-0.469498696717596,-0.0855107904572548,False,1.5888665546740908,0.0339603868416508,0.02,0.02,0.5,0.1,0.06,0.0,36,12
0.0309725108593523,-0.0299134921238213,0.0218871448907477,1.9167734866872772,66.26961000190965,-0.4721253998088987,0.3290643125987078,-1.157674394400669,0.7515970611272004,-0.5027832934959098,-0.1014464273772497,False,1.6294567424159163,0.0248211803690664,0.02,0.02,0.5,0.1,0.06,0.0,36,13
0.0307259880703815,-0.0288021101027717,0.0232335073728934,1.7929614461022163,78.93775096646719,-0.6384033070565808,0.4505257632171386,-1.2703232888890497,0.5163492869754017,-0.1423385337391866,-0.1148994354522726,False,1.4878706983440195,0.0161542977445211,0.02,0.02,0.5,0.1,0.06,0.0,36,14
0.0293333004989615,-0.0273813532115477,0.0272529925413281,1.7506197367383294,67.64186734111381,-0.5912684154212811,0.5636370494224858,-1.1168597522209096,0.393344552012674,-0.0939134228403255,-0.1505486945929732,False,1.5574605151848715,0.0245688346141611,0.02,0.02,0.5,0.1,0.06,0.0,36,15
0.029142335203638,-0.0264879114838771,0.0257290059973057,1.656031932780828,73.98625386755178,-0.8225699340828521,0.614987399668287,-0.9042670004682246,0.5598811301445399,-0.141634469171817,-0.1405125203049226,False,1.5529251189916626,0.0278863681991988,0.02,0.02,0.5,0.1,0.06,0.0,36,16
0.0302993342980606,-0.0274628768451015,0.0278860578634072,1.795783443360295,54.34198707580313,-0.5873376173140364,0.3714525609956487,-1.060412588704991,0.4210482754666512,-0.2466079545271843,-0.1553595984211303,False,1.5612423467394578,0.0377694310490372,0.02,0.02,0.5,0.1,0.06,0.0,36,17
0.0293607718436266,-0.0271002261408602,0.0273675018230986,1.861103927316132,58.00531995250853,-0.6582886530241336,0.4508870236908054,-1.389537211321696,0.3297920727078198,-0.0588165545880058,-0.1521378255361068,False,1.5325074099255085,0.0251717743523673,0.02,0.02,0.5,0.1,0.06,0.0,36,18
0.0297080810406534,-0.0285458722803279,0.0280343707370587,1.943301903906301,63.7479340237694,-0.4755125127203253,0.6339515598607547,-1.3327111957647846,0.5043591599818272,-0.6017322204253716,-0.1539823875612438,False,1.524221775859358,0.029619349501251,0.02,0.02,0.5,0.1,0.06,0.0,36,19
0.030334830727266,-0.0276420487276732,0.0262192786130182,1.830398823101844,64.70952053911967,-0.5539024189646643,0.3560526968033146,-1.309008737585386,0.7707894744654789,-0.0676842003318068,-0.1415932221140945,False,1.5227053466021143,0.0235002688915772,0.02,0.02,0.5,0.1,0.06,0.0,36,20
0.028891829371826,-0.0271139714400956,0.0268555270423632,1.6915538720266212,72.36375070790126,-0.6517985589097326,0.3786840230236227,-1.3823100502277343,0.4988761838434852,-0.4590339045178333,-0.1480371751203671,False,1.5502433628411625,0.0245493051278003,0.02,0.02,0.5,0.1,0.06,0.0,36,21
0.0301343652231541,-0.0280664861152017,0.0159010495301113,1.749076021736578,57.41102309895696,-0.8663257826562725,0.544531649722652,-1.2638649817695615,0.5338852439986903,-0.428130357207404,-0.0580407676510173,False,1.533365367554727,0.028077413194465,0.02,0.02,0.5,0.1,0.06,0.0,36,22
0.0305607865695136,-0.0279594807381658,0.0205863458857784,1.7130695897182948,63.60716058588088,-0.7857621976521091,0.3410167754180218,-1.171293463399772,0.4571364583499305,-0.7761826477710062,-0.0957543661204583,False,1.5973730773114925,0.0315734933560411,0.02,0.02,0.5,0.1,0.06,0.0,36,23
0.0296905172178581,-0.0284738365081361,0.0236109931914252,1.8104357440831305,73.82607683329313,-0.3591164809774639,0.6033976303953035,-1.1793508636194443,0.1460402641268781,-0.2244752608454001,-0.1187693068788038,False,1.5314789955118473,0.0283406914321605,0.02,0.02,0.5,0.1,0.06,0.0,36,24
0.7292107458368458,-0.4014518736418822,0.1939358479777287,9.503118402607896,38.60948376199229,-4.962878414158946,3.634302453254559,-0.3060145062592312,-0.8506673039609619,0.8604609687369679,-0.5442496423311025,False,2.9344746309113283,0.0223550760787202,0.02,0.02,0.5,0.1,0.06,0.0,40,0
0.7303836063845243,-0.4085258613037709,0.1958342974876659,10.472085808035796,30.120608472109726,-4.093771758007996,5.674207562424833,0.3247895162729888,1.3361716012972302,0.2950386724649454,-0.5423892963892065,False,2.603182231636,0.0325034907254631,0.02,0.02,0.5,0.1,0.06,0.0,40,1
0.7326729501037041,-0.4070665597280263,0.1788741783046269,9.982443910705848,44.10804527042431,-6.079919263395444,5.355193833411846,-0.2276676700378079,0.490063061071716,-1.0395412345541943,-0.4100733060835304,False,4.031763469603722,0.0245803760981937,0.02,0.02,0.5,0.1,0.06,0.0,40,2
0.7337612228084573,-0.4114611412870501,0.1609293147429349,9.589859225510557,32.347407735198495,-5.747014967985706,5.573048536129955,-0.8652212650799541,-1.0309799709895184,-1.2491129700260797,-0.2559021054860517,False,2.9870989482013512,0.0277705275774035,0.02,0.02,0.5,0.1,0.06,0.0,40,3
0.7314068846325941,-0.4124544717611802,0.2045964319366029,11.311087650297893,12.029419574283263,-5.319376407646007,3.5648788368823765,1.2310433859630026,0.9887820431775132,0.0657472217191293,-0.602996310188036,False,4.050206783953912,0.023815042399349,0.02,0.02,0.5,0.1,0.06,0.0,40,4
0.7330477885824148,-0.4031499495183262,0.1936007647669729,9.674847111559052,65.99015657278579,-5.25055566591763,3.794963610285744,-0.6032041971525717,1.554142250699396,-1.687775858140346,-0.5372633719768565,False,2.726828387836049,0.0191337038799442,0.02,0.02,0.5,0.1,0.06,0.0,40,5
0.7308352720956396,-0.4021902656075064,0.1933610761855731,10.440329582331742,28.00211910833365,-5.345727290837178,3.8281896948851433,-0.4634877577513316,0.9051064872672696,2.0479603708704888,-0.537781855700832,False,2.3496617025243727,0.0461538461538461,0.02,0.02,0.5,0.1,0.06,0.0,40,6
0.7370289972890927,-0.405635583156718,0.1730333911714841,10.556779118141009,-24.768643384056205,-3.789725808733935,4.575056780759963,-0.7653448425663024,0.9094555474637456,-1.1296427244135785,-0.3665199899584048,False,2.3222481245891067,0.0293059100450088,0.02,0.02,0.5,0.1,0.06,0.0,40,7
0.7331726627222203,-0.4120324707121803,0.1584686881290689,9.472279469791651,50.3819405354287,-5.45431902925013,3.6284817704472,0.0935396861789685,2.0330656597462853,-1.743114669107671,-0.2348812155599855,False,2.074643341574634,0.0334871087530096,0.02,0.02,0.5,0.1,0.06,0.0,40,8
0.7343161101279577,-0.4220145401109256,0.1735699481239867,9.048229700954735,71.8786022472102,-4.408497872814599,4.151055458639201,-0.815474683351635,0.214297949730429,1.3217466514106375,-0.3316657221179953,False,2.3548103655924915,0.02381942052615,0.02,0.02,0.5,0.1,0.06,0.0,40,9
0.7386620880306207,-0.4119014875266443,0.1639508278525557,10.108626648360492,-44.150438557362,-5.673662551530227,6.371723126546159,0.1050134442162934,1.4239481954374686,-2.126708976022237,-0.2787233274746628,False,2.403708746012737,0.0177870632711303,0.02,0.02,0.5,0.1,0.06,0.0,40,10
0.7338537008116899,-0.4110922480978047,0.1851753600718532,10.244435009109914,-1.3551518338339923,-4.643000001809355,4.467145866233506,-0.4927460249277552,0.3219561844898508,-0.2738878824900728,-0.4507502630913933,False,2.33326806388368,0.0290521577829725,0.02,0.02,0.5,0.1,0.06,0.0,40,11
0.7351044197940553,-0.4227587726571598,0.1749485547747452,10.324142399659964,0.0870599329015436,-5.028545506386219,5.66524962620178,-0.7347667423055537,0.5880900969394356,-1.4786706004291146,-0.3408611186331352,False,2.3086161684166773,0.0349277770692052,0.02,0.02,0.5,0.1,0.06,0.0,40,12
0.7361337023807605,-0.4032662989560038,0.1742957346183953,10.735278336455456,-30.37581819323356,-3.76306425159877,3.862195791601527,-1.2322174588072516,0.29832411361944,1.92950037443611,-0.382358737309908,False,3.5893210210545,0.0207655141334528,0.02,0.02,0.5,0.1,0.06,0.0,40,13
0.7355302593760001,-0.4053672279985056,0.1921826592336651,11.638087584753189,37.3295059802762,-6.139150695010025,6.043911542376419,-2.0579017590831112,1.2991497105638292,-1.105201896117526,-0.5204481111103478,False,3.020518211056927,0.0258395094082334,0.02,0.02,0.5,0.1,0.06,0.0,40,14
0.7355169696044898,-0.4191884684911077,0.2002396117787881,10.290742251337134,4.137418761485414,-5.541722681124552,5.081118302768999,-1.5365917461784928,1.6645300604692144,0.8542123053610247,-0.5517335516753776,False,2.3771302367568063,0.0309759760933415,0.02,0.02,0.5,0.1,0.06,0.0,40,15
0.7364445074116809,-0.4106740792640855,0.1826716825627963,10.385751455036418,3.9375961882287407,-4.097185842259965,2.9981073896813557,1.1123192450502777,1.803099009595087,-2.0081559913699105,-0.4315689998238645,False,2.570304685693756,0.0282275298477175,0.02,0.02,0.5,0.1,0.06,0.0,40,16
0.7324360582396379,-0.4122698516158314,0.1974911755765271,9.38055807576049,23.172420027654077,-4.558222665443663,5.322602871329779,-1.3464686916691126,1.0256100661650949,-1.5636343744515222,-0.5465355972398436,False,3.4761046395374744,0.0237681679995914,0.02,0.02,0.5,0.1,0.06,0.0,40,17
0.7394785253528265,-0.4099469280505257,0.1662773144295657,10.185272742651788,29.79306454991725,-5.144151132096174,4.652219939859519,-0.5336356640189924,0.1493375452813966,1.2625349950172156,-0.301977176594095,False,2.307835037113516,0.0369828696444136,0.02,0.02,0.5,0.1,0.06,0.0,40,18
0.7293178173147558,-0.409246432931951,0.1966665085652115,9.332354091523555,95.2881341732624,-5.845297034301543,4.285529848307316,-2.4737358495148745,3.0109085787796706,-0.8603652181557939,-0.5473815604461247,False,2.9323997021765287,0.0160784654340793,0.02,0.02,0.5,0.1,0.06,0.0,40,19
0.7348468780804351,-0.4023283369518982,0.1856992451793386,11.283799889083197,32.72808203811631,-3.76047358912016,6.120970885766678,-0.8951726112805518,1.1524907618817717,-0.0643108837930652,-0.4759151400653276,False,2.47219121312596,0.0222883706741133,0.02,0.02,0.5,0.1,0.06,0.0,40,20
0.7288567486165184,-0.4211822200843131,0.2049048287217178,10.41788500997674,12.798804637693202,-4.446720370775712,3.1912350948613755,-0.2179870836337737,0.4947744255630012,-0.1893333068000079,-0.5846698966544004,False,2.156236030854546,0.0434966373194084,0.02,0.02,0.5,0.1,0.06,0.0,40,21
0.7367156143188422,-0.4070800147789272,0.1752714252217075,10.864823479118574,66.18674054841921,-5.340060257619809,2.800720424117786,-1.1384372455345035,-0.7806120657603037,-0.6207473193274321,-0.3809764294451043,False,2.400325573410025,0.0291649908186704,0.02,0.02,0.5,0.1,0.06,0.0,40,22
0.7365778336949695,-0.4082053155410585,0.1659007695743193,10.593816140046677,-10.945632666978456,-5.503306314545265,4.20062348756021,-0.9380201070131388,-0.4475490327615148,0.1781794111007465,-0.3033187292743162,False,3.0775756247509425,0.0306796798910035,0.02,0.02,0.5,0.1,0.06,0.0,40,23
0.730726841990461,-0.4084958265673903,0.1910488835086847,10.43201076568128,-16.28524103074173,-5.597208294669593,4.237420070045989,0.2126566343357206,0.4899561588062296,-0.3563723951484769,-0.5041574737883141,False,2.256559153045111,0.0190549572017868,0.02,0.02,0.5,0.1,0.06,0.0,40,24
4.0,-1.0,0.0,0.0,0.0,0.0,0.0,0.0,0.0,0.0,0.0,True,3.0417830754422908,0.0461538461538461,0.02,0.02,0.5,0.1,0.06,0.0,44,0
4.0,-1.0,0.0,0.0,0.0,0.0,0.0,0.0,0.0,0.0,0.0,True,2.7152258693672136,0.0227377508551123,0.02,0.02,0.5,0.1,0.06,0.0,44,1
4.0,-1.0,0.0,0.0,0.0,0.0,0.0,0.0,0.0,0.0,0.0,True,2.505039938225172,0.0204724366503045,0.02,0.02,0.5,0.1,0.06,0.0,44,2
4.0,-1.0,0.0,0.0,0.0,0.0,0.0,0.0,0.0,0.0,0.0,True,2.424240157192479,0.0225832043466146,0.02,0.02,0.5,0.1,0.06,0.0,44,3
4.0,-1.0,0.0,0.0,0.0,0.0,0.0,0.0,0.0,0.0,0.0,True,2.3747981647098144,0.0309179647457057,0.02,0.02,0.5,0.1,0.06,0.0,44,4
4.0,-1.0,0.0,0.0,0.0,0.0,0.0,0.0,0.0,0.0,0.0,True,2.732350193096192,0.0295382206755702,0.02,0.02,0.5,0.1,0.06,0.0,44,5
4.0,-1.0,0.0,0.0,0.0,0.0,0.0,0.0,0.0,0.0,0.0,True,2.2208109493048256,0.0161782742138366,0.02,0.02,0.5,0.1,0.06,0.0,44,6
4.0,-1.0,0.0,0.0,0.0,0.0,0.0,0.0,0.0,0.0,0.0,True,2.595922053746851,0.0223850125440894,0.02,0.02,0.5,0.1,0.06,0.0,44,7
4.0,-1.0,0.0,0.0,0.0,0.0,0.0,0.0,0.0,0.0,0.0,True,2.459127995098131,0.0362368340564397,0.02,0.02,0.5,0.1,0.06,0.0,44,8
4.0,-1.0,0.0,0.0,0.0,0.0,0.0,0.0,0.0,0.0,0.0,True,2.5687462518745208,0.0156047608383721,0.02,0.02,0.5,0.1,0.06,0.0,44,9
4.0,-1.0,0.0,0.0,0.0,0.0,0.0,0.0,0.0,0.0,0.0,True,2.490109764753924,0.0302026053592222,0.02,0.02,0.5,0.1,0.06,0.0,44,10
4.0,-1.0,0.0,0.0,0.0,0.0,0.0,0.0,0.0,0.0,0.0,True,2.4365701165087894,0.0301151393835591,0.02,0.02,0.5,0.1,0.06,0.0,44,11
4.0,-1.0,0.0,0.0,0.0,0.0,0.0,0.0,0.0,0.0,0.0,True,2.809798427005699,0.0168303635451303,0.02,0.02,0.5,0.1,0.06,0.0,44,12
4.0,-1.0,0.0,0.0,0.0,0.0,0.0,0.0,0.0,0.0,0.0,True,2.4926990873290427,0.0219207465066235,0.02,0.02,0.5,0.1,0.06,0.0,44,13
4.0,-1.0,0.0,0.0,0.0,0.0,0.0,0.0,0.0,0.0,0.0,True,2.83642275647655,0.0461538461538461,0.02,0.02,0.5,0.1,0.06,0.0,44,14
4.0,-1.0,0.0,0.0,0.0,0.0,0.0,0.0,0.0,0.0,0.0,True,2.225928952948125,0.0335940463569783,0.02,0.02,0.5,0.1,0.06,0.0,44,15
4.0,-1.0,0.0,0.0,0.0,0.0,0.0,0.0,0.0,0.0,0.0,True,2.252477961801353,0.0238356910740531,0.02,0.02,0.5,0.1,0.06,0.0,44,16
4.0,-1.0,0.0,0.0,0.0,0.0,0.0,0.0,0.0,0.0,0.0,True,2.541630031099306,0.0347182920173163,0.02,0.02,0.5,0.1,0.06,0.0,44,17
4.0,-1.0,0.0,0.0,0.0,0.0,0.0,0.0,0.0,0.0,0.0,True,3.0220729986865087,0.0461538461538461,0.02,0.02,0.5,0.1,0.06,0.0,44,18
4.0,-1.0,0.0,0.0,0.0,0.0,0.0,0.0,0.0,0.0,0.0,True,2.4163165831888977,0.0285671283015414,0.02,0.02,0.5,0.1,0.06,0.0,44,19
4.0,-1.0,0.0,0.0,0.0,0.0,0.0,0.0,0.0,0.0,0.0,True,2.740412391369697,0.0178158408170665,0.02,0.02,0.5,0.1,0.06,0.0,44,20
4.0,-1.0,0.0,0.0,0.0,0.0,0.0,0.0,0.0,0.0,0.0,True,2.521850525922156,0.0180696328679799,0.02,0.02,0.5,0.1,0.06,0.0,44,21
4.0,-1.0,0.0,0.0,0.0,0.0,0.0,0.0,0.0,0.0,0.0,True,2.4546775479944096,0.0141483221090215,0.02,0.02,0.5,0.1,0.06,0.0,44,22
4.0,-1.0,0.0,0.0,0.0,0.0,0.0,0.0,0.0,0.0,0.0,True,2.425690976667977,0.0210553277333128,0.02,0.02,0.5,0.1,0.06,0.0,44,23
4.0,-1.0,0.0,0.0,0.0,0.0,0.0,0.0,0.0,0.0,0.0,True,2.2791553280680934,0.0220408241272659,0.02,0.02,0.5,0.1,0.06,0.0,44,24
0.4971912861828917,-0.1612440129400498,0.0423224381096634,7.073605613518401,21.098640909272017,-3.195270762028963,3.7463663755800334,-0.9444223696848026,0.5770165931687832,0.218289385367813,-0.9375009112821376,False,3.8392584193704633,0.053182550168166,0.02,0.02,0.5,0.2,0.06,0.0,36,0
0.5015176683359012,-0.1617601097955836,0.04462030154178,6.98863840043185,36.43386322838743,-3.0229171925778813,1.3777469819677015,-0.5698578899363361,-0.3687648085202369,-0.6796089616030749,-1.009534325727407,False,4.020407344296234,0.054895146827766,0.02,0.02,0.5,0.2,0.06,0.0,36,1
0.5024681037205768,-0.1596679586315562,0.0450490667016231,6.469802258579536,20.929961353868325,-3.565253560828734,2.090772528381025,-0.8595146683566635,0.6236618914968273,-0.7728892484037366,-1.0282189475129722,False,6.127721214380764,0.0467672781301797,0.02,0.02,0.5,0.2,0.06,0.0,36,2
0.4964326517641548,-0.1621647983021029,0.0463042612538949,6.667641924921765,35.66621897606926,-3.5619363609364005,1.544753277266295,-1.041678476951287,-0.2747799379089747,-0.5495906926275413,-1.0627548850937425,False,5.72227821852261,0.062226535158649,0.02,0.02,0.5,0.2,0.06,0.0,36,3
0.4924655890343697,-0.1575094704299563,0.0440528464362503,6.74551673881878,33.80940245542171,-2.9962207382945936,2.249866916005742,-1.1861776635496877,0.5281880891900306,-0.3720150588517334,-1.0021204215860546,False,5.466999339542717,0.0839984062805871,0.02,0.02,0.5,0.2,0.06,0.0,36,4
0.4964372898705889,-0.1560905907577677,0.0432279586582488,6.98719799686294,32.74162134316227,-2.2365856438543217,3.65003445233962,-0.9520820412636356,1.4253658293465254,-1.1777383216720358,-0.978891021853084,False,4.77039707438,0.0526952213323425,0.02,0.02,0.5,0.2,0.06,0.0,36,5
0.4944893232862417,-0.161743023310998,0.0486110036511403,6.637916414955067,20.95647985356751,-2.4997793781283857,1.147566123818242,-1.728846355708606,0.2868627984289619,0.377147050471328,-1.1376995014929223,False,5.4446369197122735,0.046783906056955,0.02,0.02,0.5,0.2,0.06,0.0,36,6
0.4995541362737589,-0.1653281552138693,0.0415765094093602,6.507759665925693,47.011723509996685,-2.9962849916415366,2.8744572883673096,-0.4074545632500099,0.3208194616156262,-1.4746256655782326,-0.9036874804098172,False,4.037478567249559,0.0446698013384141,0.02,0.02,0.5,0.2,0.06,0.0,36,7
0.4999450638395035,-0.1571596435857061,0.0422376568002319,6.4401004936321975,27.34683917537692,-2.740449463630869,2.2090173627300924,-0.6801168375356564,0.0968046092769581,0.178964467197252,-0.944425169171358,False,5.627817873015505,0.0637735436911027,0.02,0.02,0.5,0.2,0.06,0.0,36,8
0.4971706305264897,-0.1643164525110969,0.0376246320159598,6.880950216067282,33.71604929733462,-2.8534228665215733,3.2458805907107813,-0.7620673266550295,1.2889900405412256,0.6664421755288209,-0.7797985006524947,False,4.035251859934369,0.0923076923076923,0.02,0.02,0.5,0.2,0.06,0.0,36,9
0.4969766782505731,-0.1582219361623363,0.0445512009660132,6.902416753246099,37.41529577253017,-3.901509813615381,0.6464698320390336,-0.9401227212980616,1.021600139271855,-0.1927024687941856,-1.0160871834277838,False,5.309891956876812,0.0453823943530928,0.02,0.02,0.5,0.2,0.06,0.0,36,10
0.5000775460736069,-0.1640404472177959,0.0471492377192836,6.680111119838033,22.16245694662823,-1.275874914544894,4.304896885420476,-1.2693567262671628,-0.0994509398425317,0.5071801644813881,-1.0850738809299505,False,7.519745910273948,0.055078875574789,0.02,0.02,0.5,0.2,0.06,0.0,36,11
0.4981361846529384,-0.1611354461474076,0.0376025035186384,7.470394625447109,36.24872314306397,-3.579102008015437,3.0218073608279563,-1.0174904477787976,-0.2645239500972938,0.9183522004450738,-0.7866668707634743,False,4.628153165734663,0.0348583058174515,0.02,0.02,0.5,0.2,0.06,0.0,36,12
0.4915186650165375,-0.1526897015159847,0.0475539549684008,7.0735294258044,42.597782588152064,-2.7203553157418545,2.7306196544225028,-1.1735365310931454,0.1434831989759633,-0.6937920373510988,-1.125780155449471,False,3.775886557718205,0.0553749363048014,0.02,0.02,0.5,0.2,0.06,0.0,36,13
0.4967255038181131,-0.1605568816829895,0.0499312255842142,7.142401781896901,35.201450547273154,-4.2755235489239,1.299437184692828,-0.8998966142431148,1.7789165699137022,0.2058942281210738,-1.1826591724265934,False,3.9158627578111376,0.0923076923076923,0.02,0.02,0.5,0.2,0.06,0.0,36,14
0.4969665445115911,-0.1624507937160608,0.0405709795689679,7.439617908967546,29.395248776643644,-5.282200064941682,4.784181035720547,-0.9565370664999384,1.0782249891729674,-0.6395354997126766,-0.8785714486177315,False,5.502039702103528,0.0651978522551859,0.02,0.02,0.5,0.2,0.06,0.0,36,15
0.503499156307244,-0.1591878463431828,0.0417353445676909,7.347654374812809,17.39199487932089,-2.848155824533135,3.310707176902301,-0.7884439184285159,-0.0124494980439884,-0.7230665577613516,-0.9232702455640374,False,5.71979414771787,0.0350272613430184,0.02,0.02,0.5,0.2,0.06,0.0,36,16
0.4988267438606589,-0.1603966355937325,0.0391596671147004,6.850576324456431,36.38993236507876,-2.11662972646753,3.736977627563104,-0.6833877951921011,1.5386022139744142,-1.5257664511237288,-0.8382278176138183,False,4.375446236059534,0.0621761688009925,0.02,0.02,0.5,0.2,0.06,0.0,36,17
0.4984825228670023,-0.161931060416614,0.0442780597504676,7.217092946700246,32.38829243947019,-2.184257388250872,1.853026934103796,-1.0774844473135627,-0.512717572186509,-0.9004073108949556,-0.9983544156430716,False,6.3301776384630655,0.0923076923076923,0.02,0.02,0.5,0.2,0.06,0.0,36,18
0.501649851910749,-0.1594005075266586,0.0371410098184309,6.728249950652432,35.48809806635504,-1.344162681269544,3.4878044501986296,-0.9211294355119326,1.0329727199033896,-0.6304455984889532,-0.7758521050111655,False,4.830631919427591,0.0683565101571039,0.02,0.02,0.5,0.2,0.06,0.0,36,19
0.4971832036570149,-0.1601299908874074,0.0461525725459383,7.493409209746337,-2.188730019973139,-1.8040929745253969,4.900528950678761,-1.0857046868261888,0.1570126343199,-0.808072243675418,-1.0627393511208294,False,4.654851597002907,0.0391959835689572,0.02,0.02,0.5,0.2,0.06,0.0,36,20
0.4936143009115946,-0.1640979123603128,0.0462185269623338,6.680435776636489,32.971718360666124,-1.7824251903465156,1.8026274336746213,-1.254703690219007,0.4463048275260836,-0.2039697959904658,-1.0555410150752356,False,3.983920300512924,0.0798430385661662,0.02,0.02,0.5,0.2,0.06,0.0,36,21
0.496770233831596,-0.1632337154751805,0.0426283758845116,7.329543518742912,11.973511599764288,-1.927931906055152,2.785832947145074,-1.4421376791858642,0.5599063046085437,0.1156106554063194,-0.9425408971340442,False,5.058852971863591,0.0496843863742365,0.02,0.02,0.5,0.2,0.06,0.0,36,22
0.4946691801921044,-0.1594672321906562,0.0474167578787233,6.77355509750126,17.44656842518764,-2.9170878123380493,3.289696577670807,-0.9086281531807332,-0.2668984575579173,0.9101449316988132,-1.1049347440500463,False,4.92839720074682,0.0587786349210352,0.02,0.02,0.5,0.2,0.06,0.0,36,23
0.4989341524970039,-0.1637055951517824,0.045226961425242,6.856934718864168,32.16223403842767,-3.261474418576485,3.4813106695521285,-0.8663290073507853,1.5324892553835074,-0.6869121712953489,-1.024433288093646,False,4.879226612081381,0.0838419764623035,0.02,0.02,0.5,0.2,0.06,0.0,36,24
1.7871853143099052,-0.4240734654785529,0.0801321042329534,11.025816315918853,-1.7058994204821112,-10.76647063459346,4.2931769356357234,-0.0640766596341682,0.5856031453690655,-1.366495523958346,-1.4392198994473884,False,6.252049009103836,0.0856810117009808,0.02,0.02,0.5,0.2,0.06,0.0,40,0
1.79433130753853,-0.4321148341115025,0.080420052900805,10.532633799255176,-40.205884156079,-6.974603240094087,5.958188208647833,0.0554135855201953,0.744911839180324,-1.2176911474178165,-1.4287062125058434,False,4.654195880868111,0.0572310238443434,0.02,0.02,0.5,0.2,0.06,0.0,40,1
1.7845764996013138,-0.4232966934696618,0.0736254877585448,11.305060316706198,7.648815533539427,-7.857025319248771,4.695457292896299,0.2641287811548353,0.3196909780762699,-0.1802828644508509,-1.233028953970169,False,5.851572437977814,0.0476282265194446,0.02,0.02,0.5,0.2,0.06,0.0,40,2
1.785275064744403,-0.4292003208208724,0.0821852889386494,10.996790487685164,29.91328948194581,-4.554113833828422,8.467066129982062,-0.4816534400830783,1.0302160610071165,0.5485179891907839,-1.4927319721820238,False,5.329275817624738,0.0473079582343157,0.02,0.02,0.5,0.2,0.06,0.0,40,3
1.7823122595784775,-0.4270939653073349,0.0908940835554026,11.532147304494362,31.37807566231232,-10.611566999575656,6.603869810651367,0.3942387595073785,0.2157458396509516,-1.3919846573448442,-1.7766464214605715,False,3.989686195325769,0.0491493562140791,0.02,0.02,0.5,0.2,0.06,0.0,40,4
1.78310233069534,-0.4252349554472605,0.0851893937650281,10.725435776439005,12.501000838761254,-7.423819257785526,8.10201673419634,0.7488781845448831,1.137845732215029,0.1199624389372467,-1.5985105675657538,False,5.308997749778666,0.0645430946671229,0.02,0.02,0.5,0.2,0.06,0.0,40,5
1.7819040398652224,-0.4160851419893169,0.0688066947703609,10.574550689736665,4.649455350037125,-7.452067605101803,5.075128797157854,0.3434210450610626,0.7774092669787515,0.7027900202899974,-1.0962956494852758,False,5.034703274271445,0.0706175116006033,0.02,0.02,0.5,0.2,0.06,0.0,40,6
1.7806327945388445,-0.4258895672985569,0.0741567723281116,11.833061089888378,6.299827918940845,-6.77142905203892,7.983078349037782,0.1831265952632372,-0.7446665033271171,-0.2125927353049792,-1.244043785310707,False,4.178800938994399,0.0466862479078907,0.02,0.02,0.5,0.2,0.06,0.0,40,7
1.7945505166165996,-0.4160809572352575,0.0724882753365062,10.943235893441068,-11.876596953877112,-9.170733723069942,8.209805282020769,-0.1950647272715275,1.161029380992044,-0.5690102390925658,-1.2133574824065854,False,4.167702698657453,0.050197756221464,0.02,0.02,0.5,0.2,0.06,0.0,40,8
1.7831355082091251,-0.4210091839381766,0.0810504632655323,10.993634579862867,12.764251909068308,-1.4098440588492982,5.357707040659633,0.0097104950400315,-0.0850406111117443,0.3888609012325046,-1.4762046525528638,False,4.537653480560113,0.0923076923076923,0.02,0.02,0.5,0.2,0.06,0.0,40,9
1.7920336232119003,-0.4320077350733678,0.0693727957870204,10.785418327220668,9.297316241905902,-8.39847012120972,6.704503578939272,0.3095577230640939,0.0515974143173248,-1.163468363176281,-1.0755888836158576,False,4.477995355233219,0.0923076923076923,0.02,0.02,0.5,0.2,0.06,0.0,40,10
1.7708682037587542,-0.4144561653701175,0.0848103216808663,10.829544640738948,45.71333375328498,-7.193491406374298,6.695591666798546,-0.2119603457158979,-0.539269158327411,0.2031605340575354,-1.6129834046739158,False,4.004058517930097,0.0420613477391599,0.02,0.02,0.5,0.2,0.06,0.0,40,11
1.7801901823980246,-0.4236933386401922,0.0818194856114704,10.293243196565196,-33.79032501677798,-6.666858693901922,8.261664579240092,1.4477421488113456,1.485546673448477,0.1685035184657324,-1.4945481158867129,False,4.770899589094271,0.0493155092984428,0.02,0.02,0.5,0.2,0.06,0.0,40,12
1.7838930624043092,-0.4284056476588398,0.0872528980015698,12.165676385804067,-5.904289423576218,-5.805866047844521,5.862636909032711,-0.1612694824270062,0.1918542255630427,1.1519400593662208,-1.656885597924761,False,4.843121766900235,0.0492468980873362,0.02,0.02,0.5,0.2,0.06,0.0,40,13
1.798022165226178,-0.427737660096133,0.0817510007062881,10.576157152523178,-27.084812971671717,-8.666016791590682,7.019832282363831,0.5166981288270259,3.715233916890432,-0.7521473479546739,-1.4815803084569308,False,4.918557975457033,0.0446555342112162,0.02,0.02,0.5,0.2,0.06,0.0,40,14
1.7985446835770815,-0.4251468314329999,0.0746137025338637,10.06856639616971,-5.39625545605257,-9.917431410895992,4.440494202099042,0.1532850653454343,-1.3104510743125313,-0.9631391818075256,-1.2593734046298164,False,4.434482803906765,0.0764247691796841,0.02,0.02,0.5,0.2,0.06,0.0,40,15
1.7946478944412052,-0.4271832127078857,0.0803303947649344,10.64432312679449,-10.791246330208432,-7.9785404194490575,8.162541276124697,-0.9803568079552578,2.9031363791804186,-0.7775318398172123,-1.4376540483125038,False,5.375894804583152,0.04755495625672,0.02,0.02,0.5,0.2,0.06,0.0,40,16
1.7865127462528854,-0.4282072885163126,0.082712949547737,11.299858981028146,2.5402995671350235,-7.083189843331893,4.118340146186658,0.0675041958196358,1.6283757314246676,-0.8926492747413637,-1.5119261283132617,False,5.474466233507351,0.0572303316496347,0.02,0.02,0.5,0.2,0.06,0.0,40,17
1.781297924307294,-0.419754834090595,0.0883231686777597,10.865886834383678,12.734333817847649,-8.676357992730662,7.0434404987455554,0.0441519076910327,-1.1657081390903468,-0.6740243452383956,-1.7120519204124465,False,4.918017075598513,0.0923076923076923,0.02,0.02,0.5,0.2,0.06,0.0,40,18
1.778136571096275,-0.421393352671445,0.0908391018104165,10.227766766373698,9.756174081504833,-5.992955714264528,6.864886360980179,-0.0176205346179347,0.1006042206463349,-2.4647620360671194,-1.7888190172560854,False,6.078270275363806,0.0457557668867772,0.02,0.02,0.5,0.2,0.06,0.0,40,19
1.792265259952888,-0.4291138564725433,0.0749361472534921,10.44812507448928,-4.032173571904626,-6.049934255993908,7.104648729920686,-1.0958384554275975,-0.2968536412061965,-1.5838400418130762,-1.2605475409804705,False,4.491169326014735,0.0394230832040298,0.02,0.02,0.5,0.2,0.06,0.0,40,20
1.7842267636302889,-0.4241165820726101,0.0800559094534667,10.161035412995268,70.50069429159865,-9.088858063352186,1.481004279774698,0.192697531635484,1.2879568609580887,0.0348818148028181,-1.4368556997188553,False,4.564884279306509,0.0416089123551981,0.02,0.02,0.5,0.2,0.06,0.0,40,21
1.7878011056883976,-0.4218339949183479,0.0867337935028871,11.620422213705456,-17.495125249017214,-1.493389597562184,2.954997787096121,-0.4320719312844859,-0.6067577964728007,-1.07770822592544,-1.6558117379470514,False,4.008432726227334,0.050298115444257,0.02,0.02,0.5,0.2,0.06,0.0,40,22
1.7836850029864493,-0.4251103528982775,0.0757664026950651,11.069284145103667,13.814555345102065,-3.6838841021058015,4.194675894200698,-0.3625212331681596,-0.0315481431321593,1.7830242708845552,-1.2972389391070307,False,5.017825611030172,0.0923076923076923,0.02,0.02,0.5,0.2,0.06,0.0,40,23
1.7906618351524357,-0.418828773562695,0.0789528646984108,10.376070165827828,-13.9730558849031,-3.3458343696796087,6.857033895164345,-0.8275095240346865,0.5633665373483744,-2.1329294981975253,-1.4138629036895336,False,4.591397481573473,0.0770257053958607,0.02,0.02,0.5,0.2,0.06,0.0,40,24
4.302444515341237,-0.757931655646631,0.0850156240795129,8.983954069169057,37.13901272685764,-3.7380456494713488,11.095188931435697,1.8308069324451053,-0.8273121304394109,1.5840966781591386,-0.6433173260720246,False,3.99750191510634,0.0372812884485182,0.02,0.02,0.5,0.2,0.06,0.0,44,0
4.315198052008351,-0.7625782229477842,0.0653926538240287,7.58307093701819,21.99564493392049,-5.593509545213685,5.99532918010456,2.111555375242038,-2.2616119525156733,1.337449241726297,-0.0034653041737371,False,3.33984193356336,0.0521068954555234,0.02,0.02,0.5,0.2,0.06,0.0,44,1
4.31591720397082,-0.7572398960876697,0.0897926274587004,8.119929572013925,47.84280027647002,-5.233994479737855,3.291708844333958,2.2262558193868656,-2.3146382846950413,0.1335215330073942,-0.7970332958297588,False,4.519534589469425,0.0579737964511539,0.02,0.02,0.5,0.2,0.06,0.0,44,2
4.312365004478589,-0.7530159712269615,0.1081804190490389,6.575930075948956,0.6853513794642023,-10.155058491489974,3.7816909040090567,3.114183408897756,1.4554859830269364,2.056133516871794,-1.3957931783558228,False,3.380348661971313,0.051760872194348,0.02,0.02,0.5,0.2,0.06,0.0,44,3
4.300246977178399,-0.7472387562613205,0.0876814299798272,7.578171890177467,52.08450243244769,-5.522610721154952,5.177556901277661,2.1933167385166104,-1.5087885352242474,2.3931991596719597,-0.754417925696599,False,4.929962373837648,0.0599678416900605,0.02,0.02,0.5,0.2,0.06,0.0,44,4
4.322149897669312,-0.763618040810574,0.0890985165840116,8.375995313509758,53.30966521774151,-10.332377395549567,6.371182794819548,2.1078359277121117,1.367294968195797,1.2586052867806623,-0.7591402388828383,False,3.648899731689202,0.0861781147670075,0.02,0.02,0.5,0.2,0.06,0.0,44,5
4.276495650061277,-0.748047906341165,0.1005021967673455,5.9651081321269,149.68121330451856,-1.715890118107303,5.237778664637999,2.638736340746974,-3.2048465660669163,0.2674877722148424,-1.164165582332584,False,5.29756683981541,0.0373886999406451,0.02,0.02,0.5,0.2,0.06,0.0,44,6
4.283910603797193,-0.7505756059581931,0.1005540400236022,7.133999209280135,94.11170432778088,-8.328554646545973,6.963434313545759,2.4439924557453248,-1.535408100944874,1.7338288189001974,-1.159313190227779,False,3.896019881148433,0.0705999679750291,0.02,0.02,0.5,0.2,0.06,0.0,44,7
4.297478298946021,-0.7516777082624823,0.1006316383899871,9.118118752331764,55.30117763839989,-3.4759921408148218,6.350520040840976,2.532374814169659,2.970218191076248,-1.2678779548100805,-1.1583372307128696,False,4.112365228946186,0.0830985845917685,0.02,0.02,0.5,0.2,0.06,0.0,44,8
4.314198931726945,-0.7535908974637967,0.0668415303597246,7.516283457146996,68.38377249525676,-7.6969850861869,10.477177975174412,2.01307816896231,-1.8627426500535773,-1.2390582490682611,-0.0714588816944585,False,4.034709196275786,0.0469653504360688,0.02,0.02,0.5,0.2,0.06,0.0,44,9
4.312763555799296,-0.7657893166950093,0.0984413812362715,8.827092690384093,43.595480634501286,-7.035073800176226,8.444238026705216,2.435111354130444,0.2873448290524911,2.179197226954289,-1.0534640261447097,False,3.920334981912459,0.0672491986223329,0.02,0.02,0.5,0.2,0.06,0.0,44,10
4.315073639891512,-0.75481620355468,0.0817174142124062,8.617512257646219,51.5239685362996,-9.044606683012017,7.657454464228024,2.660138699989854,-2.267163943421347,0.9043290400131192,-0.544493947872279,False,4.297449620147627,0.0514944924509947,0.02,0.02,0.5,0.2,0.06,0.0,44,11
4.303463451722833,-0.7565973562469082,0.0824180897565605,7.358496579782484,55.94094438761586,-8.210243796518364,3.256490320117422,2.6374789097610303,0.1146180840866672,2.6084712292183245,-0.5633374101139896,False,5.323615517643968,0.0923076923076923,0.02,0.02,0.5,0.2,0.06,0.0,44,12
4.3192276726772185,-0.7643251078745464,0.0924105119478603,8.994246891377518,43.429149377859616,-6.63106765495273,6.661937156233155,2.0539293380681816,-1.7562372259928145,2.2364152562393524,-0.8636024630719867,False,3.819778306944951,0.0519472550827268,0.02,0.02,0.5,0.2,0.06,0.0,44,13
4.305102868925839,-0.760576293693702,0.0792108754088539,8.685277515484174,65.41695729450421,-7.805200685607716,7.58550756348865,1.858970454247024,0.5765059078058414,1.4735216456996387,-0.4510587360828926,False,4.139254071034096,0.0456450739200851,0.02,0.02,0.5,0.2,0.06,0.0,44,14
4.308969681611675,-0.7474491638791365,0.0920627458024753,7.8160854410062255,49.38915222189278,-1.0665737597001403,5.509270820377812,1.7965696593207152,0.0445027783283362,-0.8616750217257132,-0.8935916914725825,False,4.64290369810252,0.053203954624828,0.02,0.02,0.5,0.2,0.06,0.0,44,15
4.310419453651357,-0.7423154502493134,0.0888317581758724,7.260687106901754,66.04738635012446,-5.294792927023103,7.674954391341751,2.2297646325959506,-0.8128794729352898,-0.6979469087171516,-0.8024340138104851,False,4.20304212106818,0.0923076923076923,0.02,0.02,0.5,0.2,0.06,0.0,44,16
4.311034069119117,-0.7593782794200684,0.0683232850010347,8.027110845272539,50.696145179893605,-7.27301046860611,8.20865886291159,1.9933054849212,0.1468368918797183,-0.1423363636855411,-0.1051752052778005,False,3.794436420461098,0.0422486886443593,0.02,0.02,0.5,0.2,0.06,0.0,44,17
4.29168032344233,-0.751107952989199,0.1134160177025271,9.0328278053992,47.7255237441631,-8.839962704347673,7.403574216538395,2.5250924167969706,-2.743308829107221,0.1648092146009032,-1.5691526599002534,False,4.792679188681478,0.0491211105105977,0.02,0.02,0.5,0.2,0.06,0.0,44,18
4.308423660782836,-0.7692832464375808,0.0886515241676129,9.121266764593058,69.04829106629333,-5.542360583573309,5.316727143875183,2.600722778513974,0.0657498893020731,2.45822733612772,-0.7320635622664495,False,3.559792528929508,0.0663988681922162,0.02,0.02,0.5,0.2,0.06,0.0,44,19
4.316933327851026,-0.7613007553216802,0.0783957065635801,8.35782018791794,48.65220959007757,-9.277239531132746,3.288499566198635,2.1123776162371763,-1.1100384802672167,0.6111067518998075,-0.4225247975914694,False,4.256143310004039,0.0879326940658419,0.02,0.02,0.5,0.2,0.06,0.0,44,20
4.321514168399341,-0.7575291118501513,0.0870286859568714,9.212788813121804,-38.44575978793721,-10.17593734189524,7.904595093984545,2.8177609804477206,0.6580954032146119,-0.0397014057237904,-0.7075572320755628,False,4.182937131590667,0.0427197570643123,0.02,0.02,0.5,0.2,0.06,0.0,44,21
4.297888348272264,-0.7509023332278039,0.1181303919051529,8.874627099914463,57.11656440460447,-2.5681707889417167,6.124397848632383,2.189645057898775,3.2223894831320825,2.675624595868121,-1.7201336403218308,False,3.5872429241844253,0.044629731147238,0.02,0.02,0.5,0.2,0.06,0.0,44,22
4.298458906535589,-0.7507588097639907,0.0914046057299123,8.126331372615853,67.75081411485979,-0.9416598442248414,4.758026692206788,1.8460241079510884,-4.160073595621093,2.0002025298228885,-0.8652187055314835,False,4.03467885447703,0.0626701309501923,0.02,0.02,0.5,0.2,0.06,0.0,44,23
4.288027925215309,-0.761450636165308,0.103992884067544,7.388605255372971,70.19526245652436,-9.178040915020132,4.24384141532915,2.059416254513795,-1.0129973668513386,1.4143813060923631,-1.243009087851754,False,3.691748359145263,0.0923076923076923,0.02,0.02,0.5,0.2,0.06,0.0,44,24
2.1772527712500045,-0.2851655978107618,0.0339991604207975,8.975323764415487,13.217019487573204,-6.074158728692014,5.497316696741904,-0.44784196389883,-1.8065930834060595,0.6809859447389262,-3.536859932841254,False,5.377410799055629,0.1667815079818551,0.02,0.02,0.5,0.4,0.06,0.0,36,0
2.197832259959388,-0.2839359234996622,0.0339215318403949,8.759242603709907,21.362442799019355,-6.910448529680521,4.642494220947698,-0.3673875503690941,0.1983225421681702,0.8024886352927236,-3.528639923573801,False,8.225865307735157,0.0772681678613527,0.02,0.02,0.5,0.4,0.06,0.0,36,1
2.182974478521178,-0.2819104685971286,0.0282705570983163,8.819117285140546,9.371042830675725,-6.010069292071662,5.531521573873408,-0.0661477610261888,-0.3179226835023283,0.3944843599193756,-2.811067715240114,False,6.847572664781229,0.1451312925497047,0.02,0.02,0.5,0.4,0.06,0.0,36,2
2.19171213058832,-0.271676782398928,0.0318787529136928,9.82123034595531,11.63737385619853,-4.30458769028207,3.9474369607733752,-0.7277370415522322,0.6091292126281738,1.325756909946293,-3.296953367359964,False,6.019280375905595,0.1005998636208456,0.02,0.02,0.5,0.4,0.06,0.0,36,3
2.2159640624677017,-0.280222932680902,0.0270212879916225,10.3069172761976,10.790792919929403,-6.222584024182504,8.294842511996935,-0.4898103532852784,-0.2196270286665722,-0.6774294291753613,-2.6532319807454607,False,6.6674415764063,0.0690177727854114,0.02,0.02,0.5,0.4,0.06,0.0,36,4
2.215154081606197,-0.2804846613843652,0.0179980069584217,8.87668430050577,1.3765015731325765,-2.142941814760204,6.506956965246233,-0.1152289000155873,-0.4802102321829635,-1.8417454002208469,-1.497672458459137,False,4.5470003065645885,0.1576708968974924,0.02,0.02,0.5,0.4,0.06,0.0,36,5
2.180842002314757,-0.265725655595258,0.0352452198078065,9.335110216525743,3.641680196475289,-5.577758857371711,8.378242436143392,-0.1508041154049056,1.5020364070758672,-0.5594835224892206,-3.7427960418317294,False,7.13422453071749,0.172429613885112,0.02,0.02,0.5,0.4,0.06,0.0,36,6
2.1995794013138084,-0.2753421724784223,0.0303355581659528,8.017132923675629,3.2636782968084006,-6.162967241645066,5.639296888274333,0.4546413484439739,0.4869711711702849,-0.5564861692767193,-3.0901554672149176,False,5.478944872660701,0.0970411324498801,0.02,0.02,0.5,0.4,0.06,0.0,36,7
2.206486597071302,-0.275739143916723,0.0273501607634232,9.626380970516918,6.939120417910948,-5.51235792031485,0.3761492507540055,-0.503764891187244,-0.203107405070827,0.6651638008223497,-2.706657436493767,False,6.751498456371638,0.1599442375779257,0.02,0.02,0.5,0.4,0.06,0.0,36,8
2.213093384012177,-0.2804785690001201,0.0305519075071087,9.898102556214292,2.008895340654788,-3.5950491286528363,4.377564806618381,-0.1865591911529308,-0.2408285688439775,0.4981093005978476,-3.104709992268906,False,5.167496312270724,0.1305817943402754,0.02,0.02,0.5,0.4,0.06,0.0,36,9
2.182974046080142,-0.2733902892985426,0.0281703389107474,9.47763980781142,1.269595663081441,-8.317850831367863,4.873933774609287,-0.0825618750171254,-0.1826684052758015,-0.8808396030648845,-2.8186882434943645,False,7.488163109982406,0.1365618446987592,0.02,0.02,0.5,0.4,0.06,0.0,36,10
2.2076455611571637,-0.2683096370126045,0.0317721003409825,9.511497087110063,4.888324475048202,-6.845886993920722,3.408809481741659,-0.4270291191869204,-1.4827131418131303,-0.5799281212118863,-3.2904269811460827,False,5.473470578441684,0.1846153846153846,0.02,0.02,0.5,0.4,0.06,0.0,36,11
2.1919752544796025,-0.2756178023960687,0.027921305936268,9.83825471920466,12.623313497215388,-6.936162422299944,6.004290400658279,-0.2400227893497819,0.0959748767689193,0.5560189496906545,-2.7809259188229696,False,8.271997895121268,0.1105471715115008,0.02,0.02,0.5,0.4,0.06,0.0,36,12
2.1993005531534497,-0.2819964661219328,0.0318313427931224,9.884394460248563,-2.805837265212196,-5.923598160788343,2.926812717526317,-0.6918504828045309,1.260866211057078,1.9400684821661365,-3.265662325637824,False,6.650636393679271,0.1182705416103161,0.02,0.02,0.5,0.4,0.06,0.0,36,13
2.1942800366094795,-0.2786283389733432,0.0319273867128552,9.500886068655364,10.206184169749138,-3.3067433683131995,6.319561220332324,-0.3992190111199737,0.833499177936604,-0.352309105635829,-3.2863406835128828,False,7.225304446224828,0.0970855759577953,0.02,0.02,0.5,0.4,0.06,0.0,36,14
2.1902453207912607,-0.2790855199353791,0.0384814507661132,9.635695208560303,2.8155140971394013,-8.087456519987713,3.5024731906568323,-0.3303567472557706,-1.2108938473259605,-2.084659905947834,-4.124405730970116,False,5.221466937465233,0.088280822502339,0.02,0.02,0.5,0.4,0.06,0.0,36,15
2.1974752950262832,-0.2775275846848142,0.0218533459869401,8.57149905708732,13.601422122866532,-0.7752499774180565,3.538410579814109,-0.424653765299691,-1.314828546542532,-0.5065187510265089,-1.999313565383212,False,5.427429612082726,0.1060514731390136,0.02,0.02,0.5,0.4,0.06,0.0,36,16
2.194136612704162,-0.2714802822857542,0.0363416223574652,9.120413752269968,1.9704892186453251,-9.46768825621486,1.2728769757334222,-0.5945421094975327,-0.3221342399130723,2.6598431568660263,-3.8685267875074896,False,4.710803444295441,0.0944109696237369,0.02,0.02,0.5,0.4,0.06,0.0,36,17
2.199337536518585,-0.277978016794667,0.0288710698884549,9.176084960263765,-5.440697309658609,-5.521817707565943,2.172042661519213,-0.3893185632399029,1.8839393460700429,-2.1537844288774184,-2.896389453223917,False,6.022106422934178,0.0674016264400814,0.02,0.02,0.5,0.4,0.06,0.0,36,18
2.2162385999089778,-0.2821654381835859,0.029752689449292,9.886557884712817,-6.998182000084866,-5.820056722552788,6.772568108042232,-0.2699499387758997,2.601783534001875,-1.6308137103197122,-2.998172881874232,False,7.977611372323158,0.1057947185399068,0.02,0.02,0.5,0.4,0.06,0.0,36,19
2.1837544154669914,-0.2780786156624467,0.0289286907608938,8.976778342489233,10.595510119841707,-5.951610793523022,2.321374646469627,-0.3344126319861817,2.129376249029157,0.4966889453713214,-2.9044584748765176,False,4.705324325855032,0.0980411846541711,0.02,0.02,0.5,0.4,0.06,0.0,36,20
2.202736218597776,-0.269142272121076,0.0213647353129058,9.722459632347851,6.365764547462605,-7.35817888294592,9.765434567826944,-0.3376079881615054,0.9749521284910376,-2.507233460473432,-1.9565804938454967,False,6.414232516433244,0.0932405786239536,0.02,0.02,0.5,0.4,0.06,0.0,36,21
2.1903383370610388,-0.2886182303243154,0.0280323673190299,9.943166716231572,7.385195508332472,-8.701875688983641,6.340155605123064,-0.1788192356194512,2.2822025348310357,0.8149347275912356,-2.764038963833809,False,8.081466261797818,0.1846153846153846,0.02,0.02,0.5,0.4,0.06,0.0,36,22
2.190713415329785,-0.283349066204036,0.0407114890414394,8.940775865649883,12.490681961851791,-4.883032341115361,8.088509932453038,-0.5771490342485992,-1.5566219717888872,-0.8232575306051824,-4.399590033494778,False,5.800672540057076,0.1244281090028639,0.02,0.02,0.5,0.4,0.06,0.0,36,23
2.2075751458007127,-0.2705544101094146,0.0312945042357882,9.227366461252364,4.790444715110793,-2.3018126809800545,9.261156803808843,-0.2399247672892884,0.6505332154904754,0.7445103078520553,-3.2239114491702527,False,5.918496542520635,0.1846153846153846,0.02,0.02,0.5,0.4,0.06,0.0,36,24
3.9699284073183247,-0.4303933726675604,0.0427752117166024,11.170252592622957,-13.17019237809546,-8.056058004545463,6.676151177574178,-0.0964852991549644,0.5317358992834178,-3.674852939199,-4.204087300883874,False,6.132735644610683,0.106201040268287,0.02,0.02,0.5,0.4,0.06,0.0,40,0
3.965211697265679,-0.4271223887989601,0.024309669641549,10.05852967960564,1.866830930684511,-9.442261173715652,5.1937479392453385,-0.1023242891368083,1.2477409369373798,-0.7468241250872818,-1.8486312791648285,False,5.050184966919589,0.1222758810034191,0.02,0.02,0.5,0.4,0.06,0.0,40,1
3.967099367191723,-0.4144977688159927,0.0389007328531434,10.058997365938415,10.936553989297892,-6.298419401832676,6.609485337727687,0.7955647550149116,0.6790291991494704,0.4122462507558875,-3.74647319801248,False,7.754180770169765,0.1178476037824419,0.02,0.02,0.5,0.4,0.06,0.0,40,2
3.9609915466983616,-0.4252756796764099,0.0265756276855638,10.241860843094488,12.62038381977287,-3.2041589423201766,8.094886420797089,0.5466704689573723,-1.7968076699627356,-0.003050952013195,-2.1433592197268894,False,7.544341313482765,0.0926188948513647,0.02,0.02,0.5,0.4,0.06,0.0,40,3
3.963661117404868,-0.4206914878232852,0.034072155828053,10.143346984655857,-0.8605921781570677,-6.853956681057316,2.307634472214818,-0.139695349542996,-0.1649240890564986,-1.2198023007218637,-3.11375670817061,False,9.612977708750323,0.1355618222122615,0.02,0.02,0.5,0.4,0.06,0.0,40,4
3.976147817643444,-0.4303555312661653,0.0476942486712426,10.8353809826827,-2.2402366514228644,-5.100860957242139,11.75795688317116,0.0476133824637194,0.7105467431378143,-0.5869023833111346,-4.833441685821654,False,6.05569155135557,0.098387962139454,0.02,0.02,0.5,0.4,0.06,0.0,40,5
3.988861863451372,-0.4138578989221266,0.0340370735689274,11.374643245720852,-10.995480160530407,-8.64171814703191,3.543195273635828,0.035926149249621,0.2445600018044822,1.1121559608719762,-3.1241547476025326,False,6.972436648163966,0.0838649618147765,0.02,0.02,0.5,0.4,0.06,0.0,40,6
3.9464982694830986,-0.4127874765827746,0.0353431560575241,10.818819547942567,-8.582041024933607,-17.79042268590036,4.34076552151792,-0.6590960267440931,-2.3631094711438734,1.1183977845035933,-3.296444135395453,False,8.191258642048133,0.0789161852197747,0.02,0.02,0.5,0.4,0.06,0.0,40,7
3.977374303724688,-0.4064535324330569,0.0427018462591618,10.562460203548367,6.613775306644244,-6.42021480027512,8.900670733647246,0.3879917574685156,-0.42921223163286,0.9160860184933856,-4.251705385109903,False,7.75358587406916,0.1009052303919414,0.02,0.02,0.5,0.4,0.06,0.0,40,8
3.961882543669846,-0.4150432807834505,0.0351667525860196,11.500822991024236,31.23560378415471,-5.597847827169475,3.189194593191023,0.3558935558367047,-0.2986783424085449,0.6613977520454168,-3.267527504510047,False,6.545930902483657,0.0848884018313256,0.02,0.02,0.5,0.4,0.06,0.0,40,9
3.9794694000710535,-0.4159277807658593,0.0329920269477034,11.594921675991587,0.2307001662028354,-5.296514107150229,4.019860305663919,0.3691530919940846,-1.0314317727167164,-1.2321124371797072,-2.9859846114637207,False,5.30667266119572,0.1266687374042239,0.02,0.02,0.5,0.4,0.06,0.0,40,10
3.977602017992425,-0.416163667945273,0.0401969718010802,12.242177624852715,-10.711660276201052,-3.984063981069996,6.83168062793888,0.5766884079205163,-0.8826258972774137,0.6238628893073862,-3.907763466390074,False,7.346673021785201,0.0818184801883604,0.02,0.02,0.5,0.4,0.06,0.0,40,11
3.9620357153656394,-0.4118234092024959,0.0365888814679402,11.22695748953663,-1.860818687208522,-9.95648893417852,-6.456961000403739,-0.0171674693818871,-0.0165131509611193,-0.3765379353690481,-3.4572785028884194,False,7.632337437088789,0.1334705483066021,0.02,0.02,0.5,0.4,0.06,0.0,40,12
3.957042531319537,-0.4238241893495895,0.0345376221159702,11.58357404501112,10.66890568395834,-3.496447487040377,7.975241006286547,-0.4306218268632897,-1.39796739954216,-1.3553806886340958,-3.166215024526011,False,5.780849294087723,0.1024765643920814,0.02,0.02,0.5,0.4,0.06,0.0,40,13
3.974363514661961,-0.4195030674037515,0.0348480620007101,11.54480639797118,7.802951687779985,-6.517175543717092,9.19417934775495,-0.5414811872814193,1.6244926519827654,1.6056041020444194,-3.215282763442177,False,6.067988528464691,0.1149588122637929,0.02,0.02,0.5,0.4,0.06,0.0,40,14
3.9777044263075942,-0.4175171671217657,0.0419514774288156,12.24534303688965,-17.909937667377033,-5.758090134744877,6.151421099175336,-0.5750553762843035,-2.1836305887760274,0.8760685817300128,-4.129085644217708,False,7.219321601174705,0.073091230461764,0.02,0.02,0.5,0.4,0.06,0.0,40,15
3.975905771453674,-0.430351635586462,0.0369014931417904,11.12513714082993,11.773872105458404,-11.195779016200024,6.814403417634126,-0.3457596743456259,-0.7262277496617593,0.3341495226418829,-3.4519928504544435,False,4.981257719214632,0.0772736761620573,0.02,0.02,0.5,0.4,0.06,0.0,40,16
3.9692601556291063,-0.4317169657625389,0.0275599065440696,11.09904428502566,15.022375549699673,-4.812257625370957,1.6709532335376585,0.1186466596695071,-1.6312573754558382,-1.3383603849117158,-2.253391710473071,False,7.490291917637195,0.1234088441267686,0.02,0.02,0.5,0.4,0.06,0.0,40,17
3.977538062452331,-0.4096321068658519,0.0358945249090936,11.721754141128564,6.669463947918492,-7.294779361776865,7.95887014217654,0.4131854357657554,-0.4323641440067516,-1.2903524738847794,-3.372729848138801,False,6.780591304890069,0.0720112819285822,0.02,0.02,0.5,0.4,0.06,0.0,40,18
3.9798702766608223,-0.410499308926455,0.0413686860565727,11.413406974073853,-1.803270303844208,-7.086941626965084,4.907452124660484,0.0697021869966055,-0.4142376295492307,3.550435010236798,-4.07120125721817,False,6.554325277855887,0.0891514595751109,0.02,0.02,0.5,0.4,0.06,0.0,40,19
3.973940084246087,-0.4194195273981539,0.0277451654730508,11.462179437826254,-0.1953731405982605,-10.21580456265351,5.777014694752108,-0.2540344158053415,1.212163401992091,0.399200670116641,-2.3063379097401717,False,5.612735379583998,0.1554082791059166,0.02,0.02,0.5,0.4,0.06,0.0,40,20
3.9875508585959096,-0.4267601496849118,0.0310330281397134,10.241165159512589,-2.719491067077717,-3.6372372083105846,11.909560198836314,-0.0160402391254059,-0.7301090180929469,-0.9359133662432244,-2.70875019112378,False,7.185144854812644,0.1139176114407159,0.02,0.02,0.5,0.4,0.06,0.0,40,21
3.969718749550229,-0.4174989084401477,0.0354027849103731,11.402025969448578,5.366217785199851,-4.359896068770454,6.921109197256569,0.4081161600377987,-1.1837640598604982,0.8535366850654224,-3.29137596329839,False,5.46413937871748,0.1273142555934341,0.02,0.02,0.5,0.4,0.06,0.0,40,22
3.977260363697724,-0.4246697755149171,0.0331199739053772,11.89366414575274,0.0409147644133358,-0.6448776879235841,15.35481452052563,-0.0904889611328654,-0.0240088675894742,-0.207003051077138,-2.981513576830628,False,7.166694591780479,0.0910924031887003,0.02,0.02,0.5,0.4,0.06,0.0,40,23
3.965305179279293,-0.4057194701709194,0.0422152840875571,12.143006425583671,-5.830845198469852,-7.796688030538948,6.081739679081913,0.0353629581831631,-1.101352160148865,-1.7246876001000415,-4.191911324040355,False,7.045618030957964,0.1184346666494721,0.02,0.02,0.5,0.4,0.06,0.0,40,24
6.319068540122011,-0.552725188421887,0.0369433669274649,9.550732562793913,53.74224607507591,-5.246573755322083,0.7890251293579478,0.1800908764334227,-0.0644699164548698,1.382015322272632,-3.0230664020956697,False,6.626751138132659,0.0663482839180778,0.02,0.02,0.5,0.4,0.06,0.0,44,0
6.306869003634915,-0.5764024446072199,0.044758370656295,12.42719470829321,-2.897400413911106,-9.084069490650146,5.713023830982047,0.6658871458204465,0.711490325422981,1.265773244636758,-3.9672934367303423,False,8.236732362378936,0.1263352589804929,0.02,0.02,0.5,0.4,0.06,0.0,44,1
6.31627480694837,-0.5579731995259957,0.0499616420179371,10.247929021025678,37.599394970821145,-8.466019878933379,11.79096817463758,0.3521763377041544,0.8113504724380517,-0.2311293913984741,-4.676978011016663,False,5.217379832451086,0.0903099534885753,0.02,0.02,0.5,0.4,0.06,0.0,44,2
6.325818052791447,-0.5663732199589674,0.030621045614834,11.373048806992626,6.582590816527835,-13.675663301212731,9.37883972919652,0.3549916503300128,-1.7852574117715605,-1.4688497858512737,-2.1806490276297543,False,6.070148188175004,0.1630500811772064,0.02,0.02,0.5,0.4,0.06,0.0,44,3
6.306230813007569,-0.5719155670936606,0.0339910357976463,10.139499547209727,14.86776724643314,-4.899040243355835,14.251872109646389,0.6118045984424065,0.5642530749866699,2.0600694326936955,-2.599881372293499,False,5.58323937433072,0.1206439506825698,0.02,0.02,0.5,0.4,0.06,0.0,44,4
6.334688099920225,-0.5690471480861402,0.0418327286134691,11.285427894140224,-9.17397656864417,-2.087902404348447,12.672506756765952,1.0593044806271428,-0.4938175892745065,-0.3103771429175351,-3.608794821122098,False,6.838137399603986,0.1202311672504128,0.02,0.02,0.5,0.4,0.06,0.0,44,5
6.314906824003921,-0.5701650349716406,0.0367224764786436,10.46037822052106,0.8884445019238658,-9.64788563663995,0.0133269824769817,0.9638159507278236,-4.706945888210222,-2.6770974081797227,-2.9531864958942093,False,5.932741447199549,0.1234051006758312,0.02,0.02,0.5,0.4,0.06,0.0,44,6
6.309911791660014,-0.5579537496398869,0.0433353795842689,10.741036380023946,12.32337286106489,-8.86309789647844,8.852812618082089,0.4907128038252406,0.1769669767673487,-1.5040842606381608,-3.829244880151103,False,6.7040113799163805,0.1673885567010972,0.02,0.02,0.5,0.4,0.06,0.0,44,7
6.298506882252354,-0.5633558448305451,0.041443073509175,11.102468487812631,13.000686942116124,-17.22935503399063,7.646910431587284,0.113666137158028,-0.266159245562817,1.850896840862904,-3.5747489686459626,False,7.613657032942052,0.1119607701202989,0.02,0.02,0.5,0.4,0.06,0.0,44,8
6.316519441848436,-0.5658711236522128,0.0500588396939221,11.04822821676002,5.23731457214094,-11.709062153544174,3.577419498373202,-0.0206774918779434,-1.8213578846027112,1.4373939337881665,-4.67044961754582,False,5.485673931015299,0.1738642288397015,0.02,0.02,0.5,0.4,0.06,0.0,44,9
6.308400062693337,-0.5629511877079384,0.0333002252349244,11.252280050291764,32.3719807960756,-14.896960149164268,11.49864464875633,0.5562867157295228,-1.6336540315493226,0.0280482519032499,-2.532841975809682,False,6.522525233791792,0.1044291469270317,0.02,0.02,0.5,0.4,0.06,0.0,44,10
6.325605255239527,-0.5527972154085857,0.0519150694117512,11.689778514863423,17.118543272077666,-10.60414479671288,15.082831764307167,0.1601979214994789,-0.4308873688347689,-0.4367378655465219,-4.938879252409185,False,5.1982553763376815,0.0873200845468713,0.02,0.02,0.5,0.4,0.06,0.0,44,11
6.315741969933328,-0.5434739002031787,0.0217497698670911,10.27761478567335,-2.1844241050258257,-17.430203342294465,11.295718817896551,0.3650712165944375,-3.20604775829456,1.337361988943618,-1.1006886643040363,False,6.50184324086286,0.1659404623298387,0.02,0.02,0.5,0.4,0.06,0.0,44,12
6.305310336220071,-0.5567953289372944,0.0381717481173673,10.335770413751632,15.499446104567362,3.078554207095608,6.898734818007743,0.4128110435365646,2.3091546996334835,-0.1351850289260028,-3.1713563494003054,False,7.390457927678297,0.1200030667031946,0.02,0.02,0.5,0.4,0.06,0.0,44,13
6.322098480787834,-0.5761572023005728,0.0291764251421624,9.187865479203344,-5.862723462838076,-12.95762337960814,8.296509968332625,0.5623856559525506,1.7241409410901898,0.8513036557145149,-1.9724792238281552,False,5.5356743489489135,0.0951963905058927,0.02,0.02,0.5,0.4,0.06,0.0,44,14
6.323034236017818,-0.5473813583615069,0.042266759998324,11.14176780541535,9.2086511178781,-10.873921588333957,0.3864179668628377,0.4243344493969188,0.2980614127003084,-0.6655201894115925,-3.717047965556791,False,4.928985826558392,0.1674484712355885,0.02,0.02,0.5,0.4,0.06,0.0,44,15
6.31456297403552,-0.5700100286171405,0.0315515527141648,10.57588862841694,3.250009279481913,-13.790289475880064,6.992986399441743,0.3118833435920276,0.5281665636623711,-0.7485593202148884,-2.2917009002898334,False,5.603938330923559,0.1077791899255192,0.02,0.02,0.5,0.4,0.06,0.0,44,16
6.30023654631836,-0.5680224637421872,0.0374667369034528,11.521043527247024,17.09733587737168,-3.129422446857667,9.21258472321241,0.4643124359001274,-0.7426231588906234,-1.0203583466127175,-3.054474217881611,False,8.032373257058735,0.1112609938035075,0.02,0.02,0.5,0.4,0.06,0.0,44,17
6.337955951608161,-0.5747374316975544,0.0331060352049355,10.909040663486644,-9.79016596469812,-15.489289444590494,13.00075532706574,0.5486708443330086,-1.5745684835716396,-0.6579283265723667,-2.47792531306113,False,5.399802529485222,0.1323770513748001,0.02,0.02,0.5,0.4,0.06,0.0,44,18
6.32213646889436,-0.5745206917946448,0.0373427415759359,11.063427026265664,16.81127767625752,-9.163651563848772,5.241922000204983,-0.1802139869287679,1.121439700766527,1.7992076827314694,-3.021693073278992,False,6.137647973067281,0.0891013810404013,0.02,0.02,0.5,0.4,0.06,0.0,44,19
6.31883202767663,-0.5561885553470841,0.053421175406146,7.986269127133472,-3.448748477148864,-7.549598560206789,20.92429217931338,0.0010935872722724,-3.3666643530699267,1.019407759965192,-5.12392799749309,False,5.44155657976322,0.0931624107544891,0.02,0.02,0.5,0.4,0.06,0.0,44,20
6.332271898361324,-0.5748323489485507,0.0423395249730634,11.475827909580714,5.968499621906044,-1.4188431159120012,12.732139955946897,0.8313038702685597,-0.4192033698924736,1.395412879318058,-3.6599252451739206,False,7.317220170633765,0.1156985110582791,0.02,0.02,0.5,0.4,0.06,0.0,44,21
6.32165890605062,-0.5642870791030598,0.048753276354323,11.81296997058383,13.496731533434245,-14.702692240800248,-4.286283808124566,0.4021799002820178,-1.862231100436947,-4.019368115256524,-4.506830849142968,False,7.46136893426306,0.1284800668170053,0.02,0.02,0.5,0.4,0.06,0.0,44,22
6.328970676706323,-0.562667097243331,0.0307289452559433,10.725843512510618,7.044123487055152,-9.779362008213935,19.076594073338832,0.4769283032827771,0.9105322617204232,2.7410390626276886,-2.2031657187743807,False,7.360598620636465,0.1674879427564645,0.02,0.02,0.5,0.4,0.06,0.0,44,23
6.317297940913058,-0.5783130443093851,0.0309595960656307,10.68232797164798,15.69245600456994,-11.008855688779311,2.2961407858310747,0.236139438593521,1.3646712031572037,-2.9606352110340497,-2.19583911360343,False,5.789599322641505,0.142100528098779,0.02,0.02,0.5,0.4,0.06,0.0,44,24
0.0876571267490557,-0.0522964784565132,0.0290057581657626,4.290205707319406,113.39232189070998,-1.5407607686321445,1.73340501511047,-2.2589077962254525,0.6928187469998754,-0.7542321558421099,-0.1012750894255263,False,1.8294160640819337,0.0339826299063995,0.02,0.02,1.0,0.1,0.06,0.0,36,0
0.0890712445670967,-0.0542881557036577,0.033308428504233,4.51441363284498,118.66261040584736,-1.7418889163845783,2.235074618183424,-2.044695688161437,-0.1510303989922667,-0.9953430338531186,-0.1308315796710602,False,1.7166188657485917,0.0226778852890748,0.02,0.02,1.0,0.1,0.06,0.0,36,1
0.0881386939899024,-0.0544346689550096,0.0312655092018317,4.28824294375973,108.23745987187124,-1.959111197883625,2.3359076091977,-1.6252921470454256,1.024076611669722,-1.0962730040319677,-0.1141925464832368,False,1.8359442903464884,0.0396768224481927,0.02,0.02,1.0,0.1,0.06,0.0,36,2
0.0901901231757049,-0.0542813687063863,0.0320055903784921,4.190773017695536,99.73989100325664,-1.7680189012153993,1.3843434044702432,-1.471474118141081,1.1044800379505917,-0.9942925855034966,-0.1203580307420679,False,1.8303625989306176,0.0350314768929068,0.02,0.02,1.0,0.1,0.06,0.0,36,3
0.0909041039578626,-0.0524967521335307,0.021738933622562,4.484467220159421,82.33555829335938,-1.8596579607258832,1.5615286148766347,-1.6629613302846942,1.5782805379119824,-1.040388336098552,-0.0424650176225507,False,1.8405367092461693,0.0271620521327341,0.02,0.02,1.0,0.1,0.06,0.0,36,4
0.086493662892056,-0.0556148569339515,0.0306356580691307,4.200024392691522,113.67294812056224,-1.2817057327118506,1.8479781990192956,-1.2455173590401531,1.0801565164499776,-0.6915450347419906,-0.1064199881380389,False,1.9170748091994847,0.024219307323864,0.02,0.02,1.0,0.1,0.06,0.0,36,5
0.0900326593439864,-0.0528220256987406,0.0292282359540954,4.429079647113764,122.61179560823,-2.3252522372134177,1.8448391041176897,-2.1042952374787327,0.203960652805175,-1.0005018561551078,-0.1016510663951466,False,1.8662929578359124,0.0324068837688418,0.02,0.02,1.0,0.1,0.06,0.0,36,6
0.0890440959066651,-0.0561906221615757,0.0306390573458985,4.354360913933061,108.58039358768715,-1.922014293815608,1.310963626125728,-1.9529200934170632,1.191646846886804,-0.6045357329185774,-0.1049123198250065,False,1.7477704134760732,0.0263614861365272,0.02,0.02,1.0,0.1,0.06,0.0,36,7
0.0882975096563874,-0.0547309339056852,0.0339967010468622,4.161472472948802,110.07872493782918,-2.053566255002772,1.6020635267092491,-1.393263131759975,1.3193752335758568,-1.1641803458966569,-0.1353215164218704,False,1.894328788628748,0.0183083759077769,0.02,0.02,1.0,0.1,0.06,0.0,36,8
0.0885400660165251,-0.0539720025909064,0.0330739043597889,4.09896263447145,123.0907715851329,-1.734431335319382,1.1357105538941723,-1.2271883924365163,1.0254627680207682,-0.5583459891282212,-0.129746024699145,False,1.7316412743152076,0.0284949492608396,0.02,0.02,1.0,0.1,0.06,0.0,36,9
0.0890548307774017,-0.0539706294581426,0.026976009094597,3.807546979439704,87.49503612070168,-2.0899098092983968,1.790781602215038,-1.918985294188246,0.4443915387036884,-1.5033624607575289,-0.0809352722105902,False,1.7659452377035916,0.0236386612009402,0.02,0.02,1.0,0.1,0.06,0.0,36,10
0.0878421138963495,-0.0549664761319207,0.03556781241081,3.871233026995737,105.42985270156043,-1.69197392605378,1.452259928503194,-2.145661267324319,0.21493482888728,-0.4888140594564385,-0.1473524297360896,False,1.7408435737963874,0.0212989601580198,0.02,0.02,1.0,0.1,0.06,0.0,36,11
0.0896336577338018,-0.0567645003508264,0.0314748968943567,4.154700724446621,96.32524329445836,-1.9942089143169888,1.822596195758368,-1.5404993176604658,0.3932716150979251,-1.0849199757072665,-0.1101863548488422,False,1.8351305840307264,0.0279046275365965,0.02,0.02,1.0,0.1,0.06,0.0,36,12
0.0891580613565801,-0.0520195323118243,0.0338639089763298,4.0492766008790015,75.00054886239987,-2.024222225725866,1.6911555177167066,-0.8624962336063224,1.34016941875401,-0.1377138109011278,-0.1407149105808656,False,1.8096497587313003,0.0214887356187434,0.02,0.02,1.0,0.1,0.06,0.0,36,13
0.0894081863158632,-0.055164786867827,0.0268406007028733,3.952462023921469,106.82943341164236,-1.340998817654807,1.2874568848156076,-1.3905831202010956,0.1152133547174084,-0.3985887042052574,-0.0769648259612501,False,1.7749131833846088,0.0191071224337504,0.02,0.02,1.0,0.1,0.06,0.0,36,14
0.0886555173263313,-0.0549073302996974,0.0315789000028708,4.402854409583932,98.76177582954853,-1.4741672008906312,1.8650676529035464,-2.3139726383254557,0.597773567399628,-0.9770130254490488,-0.115534276264113,False,1.7378409888174913,0.0372022484365255,0.02,0.02,1.0,0.1,0.06,0.0,36,15
0.0894960008260902,-0.0548143382422522,0.0277251786060912,4.199913802388855,111.17267450353016,-1.9666515930477,1.4706546276511632,-1.2321721058447503,0.8111094198288676,-0.1294675492257319,-0.0848772570177594,False,1.7216290441779405,0.037083216140256,0.02,0.02,1.0,0.1,0.06,0.0,36,16
0.0888680942120511,-0.0511946686601187,0.0247700278718935,4.32551911359125,107.91749430528044,-1.4403774820567707,1.242364568203392,-1.7395383818058916,1.058611627469865,-0.5396232384322236,-0.0699609325381405,False,1.805254757314917,0.0369861954712889,0.02,0.02,1.0,0.1,0.06,0.0,36,17
0.0893129370358347,-0.0531077445486838,0.0294433655349089,4.899552133002974,83.73937618884297,-1.7286559070935124,1.5738596710896209,-1.1772064734445844,0.3336152680658922,-0.5096136034729766,-0.1027295611402801,False,2.02958794220285,0.0236067058532544,0.02,0.02,1.0,0.1,0.06,0.0,36,18
0.0872231865267447,-0.054124756740522,0.0257131706400161,4.083354687607914,128.5517627630077,-1.9036786655508124,1.5484644301143031,-0.9630290660350368,1.115547989913365,-0.3646276373835045,-0.0705725577512717,False,1.797515847623269,0.0268822150678479,0.02,0.02,1.0,0.1,0.06,0.0,36,19
0.0893555427906781,-0.0524529323042564,0.0247345561999358,4.391056588550226,90.31900863724036,-1.8789522310812172,2.278599210581848,-2.007074023201307,1.0114956675100208,-0.8426868678506455,-0.0666280795018309,False,1.9138882419286056,0.0290838738407637,0.02,0.02,1.0,0.1,0.06,0.0,36,20
0.0924524727862309,-0.0563573962812076,0.0290635733091205,3.9809371764446335,127.44550283049554,-1.847176041659738,1.963032033041875,-1.9693388773951384,0.9385341326246944,-0.8667307168073037,-0.0917036870308926,False,1.8074475469610023,0.01987294674301,0.02,0.02,1.0,0.1,0.06,0.0,36,21
0.0892580499352838,-0.0559801955715134,0.0228060935537514,4.355990922658971,85.17282940718435,-1.4747205935121952,2.0013806466399555,-1.8320189038730883,0.725200243738253,-0.4949543279172431,-0.0427407960622621,False,1.849845690040012,0.0158871886659461,0.02,0.02,1.0,0.1,0.06,0.0,36,22
0.0898028896077974,-0.0507684141312676,0.0354401387787808,4.464733836970877,86.90196168793555,-2.1686980883021545,1.5708846832368897,-1.437165078115313,1.040882765643687,-0.6706000315409997,-0.1562887429387364,False,1.812615077011404,0.0379171223608003,0.02,0.02,1.0,0.1,0.06,0.0,36,23
0.0890710417573946,-0.0552561746132935,0.0287426600292647,4.472057146743037,100.10553594164055,-2.131116822817884,1.7082956594337904,-1.6379793239823726,1.0371082861284502,-0.8861346046478337,-0.0919821986567694,False,1.8309403637312651,0.026737608101215,0.02,0.02,1.0,0.1,0.06,0.0,36,24
0.8924764259817725,-0.3919703545917359,0.1314621845337063,13.12098804427928,25.242573195608813,-9.24840101152897,7.280864909642624,-0.0307089221869221,2.0656218195028497,0.3355484865481817,-0.0574200396905784,False,2.344262370052195,0.033219137156,0.02,0.02,1.0,0.1,0.06,0.0,40,0
0.8840385528260066,-0.3906812287281753,0.1555461734378483,12.942896718109363,83.21311603223913,-9.978508273782351,5.004912074518023,0.0759068626219069,0.8865818275402164,0.7020106344934962,-0.2536921253856058,False,2.6968421695321894,0.0190132189713775,0.02,0.02,1.0,0.1,0.06,0.0,40,1
0.8940614287255794,-0.3873962036110173,0.1514851891038553,13.087909105562185,52.57660748110354,-8.746968922588016,6.016577513812513,-0.3470448016042999,0.7857276291289415,-1.9294165968335404,-0.2284869384408669,False,3.084330575093277,0.0306715646076762,0.02,0.02,1.0,0.1,0.06,0.0,40,2
0.8926839319744867,-0.3858647287034682,0.1490978711059378,13.363501662469654,34.454521307582574,-6.59677852215427,8.361132627912358,0.0247605258615101,1.719790537101143,0.6067187779801053,-0.2131465840407103,False,2.537208157419088,0.0235322979901238,0.02,0.02,1.0,0.1,0.06,0.0,40,3
0.8915574224729311,-0.402726167421484,0.1254558718627577,13.555702951180937,12.13106301998278,-7.151704011611598,7.276593231776826,-1.9196012434506533,-1.1458973132431167,-1.8703747069823755,0.0163892722578753,False,2.319081383930819,0.0252965616335101,0.02,0.02,1.0,0.1,0.06,0.0,40,4
0.8834257291308912,-0.3966568051514297,0.153243893551063,12.940145557598283,79.71401033358482,-6.038605313126099,9.330966128561686,-1.2339913826573148,-3.225458716657614,-3.0791747513518013,-0.22096927229722,False,2.649472786213523,0.022708554793004,0.02,0.02,1.0,0.1,0.06,0.0,40,5
0.8960693560056883,-0.3914544343338451,0.1406090104421577,13.490510870528714,-12.696485641286602,-7.162657441791192,6.396188184378825,-0.3889258150013335,-0.191305406965014,-1.819222894105501,-0.1316172797756922,False,2.504110516460527,0.0244344106981147,0.02,0.02,1.0,0.1,0.06,0.0,40,6
0.8931363129009561,-0.3810981660421402,0.1345125733735712,13.148328757879597,80.10594702065237,-7.965845497893689,6.920748698628866,-0.8479834346802103,1.0947133326749106,-0.2371921719610548,-0.1078768097133762,False,2.3113077883198887,0.0228424989738405,0.02,0.02,1.0,0.1,0.06,0.0,40,7
0.879883023734683,-0.3834135309425714,0.1527284998720768,13.170598730987042,54.15200537327979,-7.6231914979886675,6.590047381327877,-0.3834371860695442,0.8037941991347077,1.2845154692026328,-0.2488425432903621,False,2.9224012397144574,0.0461538461538461,0.02,0.02,1.0,0.1,0.06,0.0,40,8
0.8910268068411757,-0.391043812311233,0.1514438420750524,13.62134450838631,125.69329950648418,-7.678294123543761,8.13135376423969,-1.0405111751616078,1.953658075801047,-2.623557082535129,-0.2195839786429899,False,2.8514066631198944,0.0249978730241146,0.02,0.02,1.0,0.1,0.06,0.0,40,9
0.8857802772936508,-0.3803583405770976,0.1386401469431777,13.595605884175043,60.52049025004138,-6.03807549784206,10.482757323337127,-0.1104525986874638,-1.6929198734485504,0.190839054542311,-0.1431143415227684,False,2.7496630361616154,0.0368233831790203,0.02,0.02,1.0,0.1,0.06,0.0,40,10
0.8884041279524895,-0.3948493924226589,0.1444267558858283,12.69389008309371,47.251371943654206,-8.834067000615274,8.180968217286036,-2.0834783036287887,-0.3471937627801392,-0.8099057607237853,-0.1544712575950961,False,2.5198040772487555,0.0276221975112188,0.02,0.02,1.0,0.1,0.06,0.0,40,11
0.8844541401869854,-0.3809529992386835,0.1617920706665038,13.420057401407826,44.41227137946402,-10.076350843065466,8.566694773217305,-0.909626881114245,1.964149766898868,-1.8018345592970584,-0.3269821187479712,False,3.0348049048082584,0.0461538461538461,0.02,0.02,1.0,0.1,0.06,0.0,40,12
0.8874404246895452,-0.3886194031927065,0.1369990183353603,12.666359022771768,43.86784575122243,-5.930146919705162,6.789314616017623,-0.0071761334840314,0.5970875096101291,-0.748357681802827,-0.1100591535390146,False,2.16639421494469,0.0213540889734891,0.02,0.02,1.0,0.1,0.06,0.0,40,13
0.898896586626087,-0.3879945283318045,0.1292057245961828,15.77570553250317,66.90287715142105,-7.142021447979529,6.926115026720666,-2.297485823620724,1.0735387120769757,0.7401377518019604,-0.048525133575567,False,2.647481177053016,0.0189908667128034,0.02,0.02,1.0,0.1,0.06,0.0,40,14
0.8869580359726204,-0.3893324047330726,0.1502580362846803,13.691177626880965,52.31177365061613,-9.247908126494776,8.207765889027991,1.2313154614057988,1.5542626652856688,-0.9470406996429842,-0.2144490367597115,False,3.023782468581057,0.0175994445711037,0.02,0.02,1.0,0.1,0.06,0.0,40,15
0.886948565174552,-0.3863328476822587,0.1455640019128864,12.511523728027727,35.13377258194199,-7.21610368161685,8.860568122597886,-0.5338941196026188,-1.1653958756014626,-1.0400461169783295,-0.1840962669551974,False,2.987619182789063,0.0435578107828277,0.02,0.02,1.0,0.1,0.06,0.0,40,16
0.8933431687679557,-0.3970471730243443,0.134998611782636,13.378542793070322,9.268968506881196,-9.600939187983204,6.502373234043527,-1.2254287733333085,-2.328755056238018,-0.8004524781626928,-0.0734750888765851,False,2.3354911815650463,0.0323729271814566,0.02,0.02,1.0,0.1,0.06,0.0,40,17
0.8845575615861595,-0.3840680090542501,0.1649570358162601,13.382459349487691,136.81328356265342,-6.868338796396055,6.49780904945083,-1.0320725070535313,0.4886249100528833,-0.3455964202348276,-0.3448196111047112,False,2.373964443926152,0.0228347678048921,0.02,0.02,1.0,0.1,0.06,0.0,40,18
0.8862736765046929,-0.3850072033830782,0.1486395788763042,13.74124135909106,40.0414791877159,-8.740514985290345,6.983678671116116,-0.1477505259150356,0.0358021086064026,0.9105998086105213,-0.2119229223007651,False,2.3302088280813726,0.0354020742182187,0.02,0.02,1.0,0.1,0.06,0.0,40,19
0.8892767698503098,-0.3841092936447026,0.1316811116738445,12.33017720285826,73.72302210186825,-7.153635464758351,6.0469229247796425,2.2566102792920493,1.3479137222785798,-1.972213505282275,-0.0782299824524515,False,2.134081898811954,0.0242557221468991,0.02,0.02,1.0,0.1,0.06,0.0,40,20
0.8912464093258667,-0.3854994841069838,0.1413718870512223,13.609565840894335,3.897148325623602,-6.422151295276237,7.2889302959389,-0.4892763412176227,-0.4360942529200939,0.7499776038020443,-0.1523015499934658,False,3.0009522068273724,0.0355051428600235,0.02,0.02,1.0,0.1,0.06,0.0,40,21
0.893290150602308,-0.3766753911206246,0.1300966692686624,13.983723365738078,-106.59768755129876,-6.6672056849753485,6.749516127213306,0.2413098792927928,-0.8370987347654119,-1.950827016741057,-0.0831550064236625,False,2.22413896542625,0.0199312275858622,0.02,0.02,1.0,0.1,0.06,0.0,40,22
0.8983529861129907,-0.3973371076669949,0.1196974540596704,13.353838360615242,49.532647863607885,-5.9683713363278486,6.88769250170535,-0.6071277088222677,2.696216475835901,1.336199303607032,0.0499306050902033,False,2.649242884101946,0.0176250984769665,0.02,0.02,1.0,0.1,0.06,0.0,40,23
0.892390387158628,-0.3974150609991705,0.1373963460238938,11.64416938120456,23.68881111002754,-8.443928818468715,6.696945930366317,-2.1369673724471365,1.4523789165535423,-1.4628336443993395,-0.0918311985636242,False,2.257099671992019,0.0242226711726375,0.02,0.02,1.0,0.1,0.06,0.0,40,24
4.0,-1.0,0.0,0.0,0.0,0.0,0.0,0.0,0.0,0.0,0.0,True,2.51717382364731,0.0351728885832938,0.02,0.02,1.0,0.1,0.06,0.0,44,0
4.0,-1.0,0.0,0.0,0.0,0.0,0.0,0.0,0.0,0.0,0.0,True,2.885692225553775,0.0289992553462166,0.02,0.02,1.0,0.1,0.06,0.0,44,1
4.0,-1.0,0.0,0.0,0.0,0.0,0.0,0.0,0.0,0.0,0.0,True,2.558242916542295,0.0258100858174037,0.02,0.02,1.0,0.1,0.06,0.0,44,2
4.0,-1.0,0.0,0.0,0.0,0.0,0.0,0.0,0.0,0.0,0.0,True,2.596032348692284,0.0207746587749392,0.02,0.02,1.0,0.1,0.06,0.0,44,3
4.0,-1.0,0.0,0.0,0.0,0.0,0.0,0.0,0.0,0.0,0.0,True,2.5178941775712804,0.0368622948609566,0.02,0.02,1.0,0.1,0.06,0.0,44,4
4.0,-1.0,0.0,0.0,0.0,0.0,0.0,0.0,0.0,0.0,0.0,True,2.6819124290227188,0.0320946082483139,0.02,0.02,1.0,0.1,0.06,0.0,44,5
4.0,-1.0,0.0,0.0,0.0,0.0,0.0,0.0,0.0,0.0,0.0,True,2.5034669348131677,0.0252658800211806,0.02,0.02,1.0,0.1,0.06,0.0,44,6
4.0,-1.0,0.0,0.0,0.0,0.0,0.0,0.0,0.0,0.0,0.0,True,3.220272906391943,0.0217062337601152,0.02,0.02,1.0,0.1,0.06,0.0,44,7
4.0,-1.0,0.0,0.0,0.0,0.0,0.0,0.0,0.0,0.0,0.0,True,2.397920253339548,0.0334600694440281,0.02,0.02,1.0,0.1,0.06,0.0,44,8
4.0,-1.0,0.0,0.0,0.0,0.0,0.0,0.0,0.0,0.0,0.0,True,2.571914739999538,0.0274005837305657,0.02,0.02,1.0,0.1,0.06,0.0,44,9
4.0,-1.0,0.0,0.0,0.0,0.0,0.0,0.0,0.0,0.0,0.0,True,2.7689667387187225,0.023373962369282,0.02,0.02,1.0,0.1,0.06,0.0,44,10
4.0,-1.0,0.0,0.0,0.0,0.0,0.0,0.0,0.0,0.0,0.0,True,2.920120248036409,0.0255231159629544,0.02,0.02,1.0,0.1,0.06,0.0,44,11
4.0,-1.0,0.0,0.0,0.0,0.0,0.0,0.0,0.0,0.0,0.0,True,2.6636872039824446,0.0313033048059846,0.02,0.02,1.0,0.1,0.06,0.0,44,12
4.0,-1.0,0.0,0.0,0.0,0.0,0.0,0.0,0.0,0.0,0.0,True,2.446692611743892,0.0367447516263719,0.02,0.02,1.0,0.1,0.06,0.0,44,13
4.0,-1.0,0.0,0.0,0.0,0.0,0.0,0.0,0.0,0.0,0.0,True,2.609363773961396,0.0195024925449632,0.02,0.02,1.0,0.1,0.06,0.0,44,14
4.0,-1.0,0.0,0.0,0.0,0.0,0.0,0.0,0.0,0.0,0.0,True,2.6545541981969,0.0403157763453708,0.02,0.02,1.0,0.1,0.06,0.0,44,15
4.0,-1.0,0.0,0.0,0.0,0.0,0.0,0.0,0.0,0.0,0.0,True,2.8474525181076533,0.0287144324175955,0.02,0.02,1.0,0.1,0.06,0.0,44,16
4.0,-1.0,0.0,0.0,0.0,0.0,0.0,0.0,0.0,0.0,0.0,True,2.4412451370259047,0.0313230282313621,0.02,0.02,1.0,0.1,0.06,0.0,44,17
4.0,-1.0,0.0,0.0,0.0,0.0,0.0,0.0,0.0,0.0,0.0,True,2.434827142593256,0.021226917869405,0.02,0.02,1.0,0.1,0.06,0.0,44,18
4.0,-1.0,0.0,0.0,0.0,0.0,0.0,0.0,0.0,0.0,0.0,True,3.842739582173415,0.0227924470769921,0.02,0.02,1.0,0.1,0.06,0.0,44,19
4.0,-1.0,0.0,0.0,0.0,0.0,0.0,0.0,0.0,0.0,0.0,True,2.588596698688043,0.0196202324289383,0.02,0.02,1.0,0.1,0.06,0.0,44,20
4.0,-1.0,0.0,0.0,0.0,0.0,0.0,0.0,0.0,0.0,0.0,True,2.78977425090072,0.0262198058488437,0.02,0.02,1.0,0.1,0.06,0.0,44,21
4.0,-1.0,0.0,0.0,0.0,0.0,0.0,0.0,0.0,0.0,0.0,True,2.685759574124589,0.0461538461538461,0.02,0.02,1.0,0.1,0.06,0.0,44,22
4.0,-1.0,0.0,0.0,0.0,0.0,0.0,0.0,0.0,0.0,0.0,True,2.6014818518131606,0.0233354400513355,0.02,0.02,1.0,0.1,0.06,0.0,44,23
4.0,-1.0,0.0,0.0,0.0,0.0,0.0,0.0,0.0,0.0,0.0,True,3.0816838901978003,0.0431776826182136,0.02,0.02,1.0,0.1,0.06,0.0,44,24
0.9021289634016526,-0.1945572723002484,0.0433113593059173,10.844717880332132,38.90642985803159,-8.773831287106594,4.951870684539614,-0.9179523071393744,1.6659658466305798,-1.2576255364079243,-0.8648983064646609,False,5.5426413584999485,0.0887258925006058,0.02,0.02,1.0,0.2,0.06,0.0,36,0
0.9181049678151374,-0.2055826600577164,0.04236480468408,10.551866343394272,32.82202829276629,-7.2981332490194255,9.66571971839589,-0.947199409843681,0.2172574855520469,-0.9857798099052248,-0.8071890676831333,False,4.685828340044959,0.0923076923076923,0.02,0.02,1.0,0.2,0.06,0.0,36,1
0.9134542929981452,-0.1930106724059399,0.0405787202865025,11.905800780991452,18.939568974422777,-6.343505455136676,7.059884092165072,-1.0668847237207744,3.103408525438145,0.0482581382208898,-0.7804861778139385,False,4.716349942206368,0.0757528264306717,0.02,0.02,1.0,0.2,0.06,0.0,36,2
0.9128801976753552,-0.1947246402861999,0.0351633557089891,11.335739678835786,54.44864250338296,-7.092052367553157,3.4062826431634328,-0.9057453344098914,0.8979427091130588,-0.5643720095562959,-0.6031154341402511,False,4.68990047170075,0.0592520068591377,0.02,0.02,1.0,0.2,0.06,0.0,36,3
0.911647638690161,-0.1943992471971438,0.0356818389226664,10.938328990181429,7.267355014146333,-7.116148596978967,4.422913202877013,-1.197677177542901,0.2600030661948113,-2.7168520939196346,-0.6205617939307719,False,5.772704893019188,0.0515365246161211,0.02,0.02,1.0,0.2,0.06,0.0,36,4
0.9043682937082136,-0.1979050676711265,0.0378152079955945,11.314692410400374,24.56301394454412,-5.82817149569537,7.021739541760952,-0.4252482898348355,0.213673651977111,-1.3642836948950987,-0.6808523958258293,False,4.2888508109394285,0.0379927473364807,0.02,0.02,1.0,0.2,0.06,0.0,36,5
0.9152119194289356,-0.2034706946563556,0.0342472289586137,11.058938937345042,16.8322510829701,-7.226399404538285,7.5105157984480435,-1.3185560830322556,0.7906812847904084,-0.9673731990829392,-0.5526689443346517,False,4.32967064802406,0.0480725335412226,0.02,0.02,1.0,0.2,0.06,0.0,36,6
0.9101140413056968,-0.1910038479549287,0.043514227017937,11.091180266397956,55.29210000395645,-7.668570378461392,3.4722087821859597,-0.5054415296395475,1.021283313772596,-0.2990859269203988,-0.8794391870038154,False,3.938115014522984,0.0503709486736488,0.02,0.02,1.0,0.2,0.06,0.0,36,7
0.915830321278212,-0.2057517212645672,0.0361153432185212,11.125850306192527,26.261301908453007,-6.255449462680998,4.037233637344952,-1.1451055095433744,1.4886414820790503,-0.0940439498407569,-0.6069370326810263,False,5.461527819954497,0.0614883540057225,0.02,0.02,1.0,0.2,0.06,0.0,36,8
0.903538472879472,-0.1851541708434946,0.0431369305024866,10.662726034045932,49.311876500848726,-9.45756299191957,4.878977202622632,-0.6629906385248316,1.6928610354264928,0.4318513520492291,-0.8817994576824162,False,3.4681250054817383,0.0561848372229657,0.02,0.02,1.0,0.2,0.06,0.0,36,9
0.9146996369894386,-0.1977756075224458,0.0381072173739532,11.55191689149592,2.3453138392513377,-7.169772988137958,4.739029973092825,-1.78721992578078,1.9733625732134945,-1.5630122127791948,-0.6898875196932678,False,4.144191903472877,0.0479849180071213,0.02,0.02,1.0,0.2,0.06,0.0,36,10
0.9229841126745938,-0.1961643991150914,0.0322370695872233,10.652609701098417,10.798064194783723,-6.761569282681164,7.894748997345697,-1.4192967290776033,0.4681353180159125,-1.599283155863905,-0.5054126221544537,False,5.254014460887183,0.0477619498559201,0.02,0.02,1.0,0.2,0.06,0.0,36,11
0.9112200556297264,-0.2064049751165696,0.0419171177885159,10.41035310854766,11.184001913003208,-5.048891453057595,5.63007216986654,-2.219694507744753,3.934815539170116,-0.2494525260384947,-0.7913026256149598,False,4.30600668080112,0.036432828546846,0.02,0.02,1.0,0.2,0.06,0.0,36,12
0.9083741378686369,-0.19872425971791,0.0321614154144772,10.829405220616074,38.90305709273342,-6.529651872786396,5.067340145341388,-0.9710859883036128,-0.1950591671614387,-0.1124144511782062,-0.4977246216681692,False,4.410867777533995,0.0605338731768231,0.02,0.02,1.0,0.2,0.06,0.0,36,13
0.9162267520836948,-0.1984590117586285,0.0356067239436695,11.660105948722109,28.06913197795661,-6.480672504364913,8.195877003052075,-1.296836031915439,0.8791503416818082,-1.827509558979957,-0.6081399328516962,False,6.260445983661037,0.0585580223615204,0.02,0.02,1.0,0.2,0.06,0.0,36,14
0.917525489709881,-0.2015038384715709,0.0379857047435235,10.599121664531095,31.7066225814569,-9.318268277653765,6.676062495324477,-1.075981458972902,0.7833033918193925,0.8956624311107101,-0.6768818100783907,False,4.811363357860277,0.0874407003826528,0.02,0.02,1.0,0.2,0.06,0.0,36,15
0.9099974151384788,-0.1969893506489574,0.0395914171663848,11.057467560239912,27.544795169806708,-7.890747802596588,5.096965761412246,-0.938321388602049,0.4654915682518516,-1.56788574585124,-0.7395510628585075,False,5.4307038474871225,0.0692717670892752,0.02,0.02,1.0,0.2,0.06,0.0,36,16
0.9068093924149216,-0.1965951746590442,0.0412684200231879,9.827086406354562,90.79163215034868,-3.9978537267550975,8.257008769339656,-0.675122699739494,1.623812313848989,-1.2130537103917105,-0.7943524580154144,False,7.247726889754731,0.049788736965647,0.02,0.02,1.0,0.2,0.06,0.0,36,17
0.9105318682581366,-0.1916515407780163,0.0378202806741042,10.647490146966543,39.65406859929279,-5.1977446923749495,4.578461446269896,-0.5679814874409216,1.5434753703306785,-0.991787250192354,-0.6956533716086089,False,4.8736950695870975,0.0614656604377018,0.02,0.02,1.0,0.2,0.06,0.0,36,18
0.9039355709412704,-0.1958998287681554,0.0377195280163138,10.781870624705782,63.07981306548418,-7.467585086691133,6.018784646703287,-1.0720615086974934,0.3741785354632914,-0.7553945378793556,-0.6826291732219945,False,4.634298068137327,0.0598295613858415,0.02,0.02,1.0,0.2,0.06,0.0,36,19
0.9102974915964254,-0.1958956262078552,0.0355936549609588,10.309705934897886,56.7974201037138,-3.284693457997295,6.464385863478026,-1.4648469785123557,0.6905292347228761,-0.7959626914321841,-0.6142296063560453,False,4.325430484478885,0.0462148369842443,0.02,0.02,1.0,0.2,0.06,0.0,36,20
0.9049223275775934,-0.1922824757585853,0.0490908480149883,11.42793748793122,44.07230557748436,-8.519300875612844,3.5781813562120344,-0.5843367228912093,0.5412843175307874,0.7180255229697378,-1.0551338550043672,False,5.170961607495229,0.0624169401791653,0.02,0.02,1.0,0.2,0.06,0.0,36,21
0.9195966149628026,-0.1954397125982123,0.0408767582101695,10.484341610821906,23.53971281808991,-6.759831460421421,7.20527982057301,-1.0091305498001537,1.019622382577434,-0.6891760167621159,-0.7838251555919473,False,3.338372037444236,0.0364970067474107,0.02,0.02,1.0,0.2,0.06,0.0,36,22
0.9132075492239106,-0.1924913455103281,0.038600461193842,10.957100820328703,16.47227441046452,-7.582131071281126,8.610467093778565,-1.216960971507836,0.6631333333902714,-1.832049953291744,-0.7184430760247238,False,4.045599778718889,0.0458622542239063,0.02,0.02,1.0,0.2,0.06,0.0,36,23
0.9164446380575132,-0.1949811041466111,0.0393662887707075,12.72621388060667,37.57019017517987,-7.770031899589415,5.90339238417462,-0.6062795806993989,-0.2053261006309704,0.6436045044274493,-0.7367799124273238,False,5.403916886345409,0.0366915850961357,0.02,0.02,1.0,0.2,0.06,0.0,36,24
2.309500231617206,-0.4115258752580965,0.0736424744413931,13.905154207511712,3.078927094777616,-12.642578483048956,10.343926569508474,-0.1248785426672419,0.9909489195255274,-1.6865759479377855,-1.230327067608117,False,4.293885616242118,0.0901647339727015,0.02,0.02,1.0,0.2,0.06,0.0,40,0
2.312187553856761,-0.4091254782424068,0.0594506098189125,15.870078089171397,-4.975794492983323,-11.151736246944582,10.556573917450736,-0.0862868414209774,0.8761037654238992,-2.3741704610818264,-0.7817871131920198,False,4.2336171238929845,0.0651666448981017,0.02,0.02,1.0,0.2,0.06,0.0,40,1
2.309979373300702,-0.4014965461584978,0.0698376221736394,14.74256857802057,16.919574124324445,-9.958859183350356,11.273065016374154,-0.1026445206657126,2.56775513156173,-1.517827055943508,-1.1326134363780251,False,4.510937612629379,0.0923076923076923,0.02,0.02,1.0,0.2,0.06,0.0,40,2
2.317331298526804,-0.4084171671741639,0.0674019838494291,14.25228776013894,-7.056727947898628,-12.375305165724717,11.89839463694679,-0.3275138036077059,-0.8522529162985512,-1.316721544712764,-1.037622404052131,False,4.635526391238699,0.0532654674034315,0.02,0.02,1.0,0.2,0.06,0.0,40,3
2.31976396801621,-0.3954043659142356,0.056698325018126,15.425605181866002,-5.333492712147527,-14.324896227829123,9.47250410739072,-0.0371047795844127,2.3438963986781074,-0.5952311917518501,-0.7261900843048967,False,4.69121946224217,0.0923076923076923,0.02,0.02,1.0,0.2,0.06,0.0,40,4
2.3225745499993367,-0.4046533767638242,0.0613520915350881,15.738277985954204,-21.221632420054924,-10.49207558999472,8.549051438405971,0.0041504206351637,0.2190755197750352,1.6909936698233683,-0.8527443518896831,False,5.721934765665324,0.0802690729364177,0.02,0.02,1.0,0.2,0.06,0.0,40,5
2.3077649638826387,-0.4020492117205165,0.0582852998610722,14.379350290816204,69.80746728648954,-12.801434658956245,10.969877033863495,0.107496826319713,2.05402077654965,-2.9924514642049926,-0.7617455895921157,False,6.116319722909634,0.0319810530948303,0.02,0.02,1.0,0.2,0.06,0.0,40,6
2.312161475518444,-0.4034758126202922,0.0564190757734193,14.101574260816196,15.779135738851538,-9.918467250809426,5.369206991982106,0.0275717817355217,1.9188034698296303,-0.7489801476973145,-0.6983387859296122,False,3.971925045794164,0.0923076923076923,0.02,0.02,1.0,0.2,0.06,0.0,40,7
2.330018455256232,-0.399423231116613,0.0481136812005453,14.530216226758162,-5.221238198557905,-10.481083888488136,13.02569373303771,0.4199801986096499,2.2081430145229484,-1.936237655289184,-0.4412209364222057,False,4.614341657564482,0.0646157097590965,0.02,0.02,1.0,0.2,0.06,0.0,40,8
2.307266239354924,-0.3982672771154034,0.0605966413754393,13.655764874926907,51.16430385872549,-13.332250296371894,8.311947724233423,0.4333662428536326,0.6877117593965384,-0.8950701165228488,-0.8448150845757945,False,6.627985415027404,0.0588281657077007,0.02,0.02,1.0,0.2,0.06,0.0,40,9
2.310499461405893,-0.4083165183880946,0.0521818807613158,14.051859120658005,-7.127758764343849,-18.055337706142268,11.188436736006985,-1.3557772210613694,-0.3454844154526384,0.5951845951945957,-0.551230572546326,False,4.483498769327569,0.043135746675486,0.02,0.02,1.0,0.2,0.06,0.0,40,10
2.3009795044395447,-0.4050656249737205,0.0694331559569532,15.6914295272186,114.15876840893152,-10.20524841582114,7.199883348033711,0.2666933682176223,-1.5319583382493849,0.630731691951179,-1.1116447204192013,False,4.4760314701078,0.0358442243103644,0.02,0.02,1.0,0.2,0.06,0.0,40,11
2.314245897796073,-0.4104287685629552,0.0633896520872657,13.656371550362454,4.468813685003216,-11.84076811953524,11.559748259242305,-0.1781941513251654,-0.4953616027687896,-1.0295061675076365,-0.9045850683736476,False,4.620157754200476,0.0808340433152104,0.02,0.02,1.0,0.2,0.06,0.0,40,12
2.3061759758255937,-0.3957394258006231,0.056711322063348,13.493544187453915,83.50645867648547,-14.440950839782715,10.374783441351305,-0.5995250486480187,2.2336324341598712,-1.3833071469829132,-0.7266171255561056,False,3.874189405979344,0.0341936397842336,0.02,0.02,1.0,0.2,0.06,0.0,40,13
2.303221587798847,-0.3897997197818625,0.0604161929077189,13.337857123702484,14.497259633382392,-12.872650855404656,7.8775373580138,0.8616849884988804,-0.1615202681753715,-2.041479409261655,-0.8596055503026057,False,3.9357622460839217,0.0699179590747101,0.02,0.02,1.0,0.2,0.06,0.0,40,14
2.320558189299597,-0.4042541277372506,0.0658815846578674,14.854553416762284,-37.17375450959964,-10.6746017049515,12.36059550166988,-1.0389219672302643,0.4889274382194643,-0.6013320158794262,-0.998767311124382,False,4.392751316152999,0.0448670159702859,0.02,0.02,1.0,0.2,0.06,0.0,40,15
2.323766097110291,-0.4060069754351403,0.0630700163752049,15.00705691019524,-29.85287732616972,-11.054329377782832,10.107671298653797,0.2177003811468133,0.9733855222123232,-1.4007269301492231,-0.9043978171356032,False,4.246989184802644,0.0758544595508524,0.02,0.02,1.0,0.2,0.06,0.0,40,16
2.3084089698198187,-0.3933085115300144,0.0647091422792554,11.901496689277277,-32.35818013788769,-11.755721822621924,11.428501146395682,-0.3728694557995431,0.3402889200743219,2.3731026698537776,-0.9882475870749516,False,5.734030341027274,0.0389753820451319,0.02,0.02,1.0,0.2,0.06,0.0,40,17
2.3122379596992224,-0.4111211668771364,0.0606072823338658,14.75826990089068,11.144343457677817,-16.93786485497309,5.4724974326587095,-0.0680382425245825,0.5392128536227135,-2.5598683767943555,-0.8140079565966263,False,4.7918592222029535,0.0923076923076923,0.02,0.02,1.0,0.2,0.06,0.0,40,18
2.315907391662846,-0.4118887738648278,0.0732018058745542,15.031505913765782,0.9704866697415246,-8.503233984339365,12.10313612644056,0.3927223528174443,0.7542903013001885,-2.493853261708442,-1.2149702872103787,False,4.667773888950161,0.0665955571101303,0.02,0.02,1.0,0.2,0.06,0.0,40,19
2.3106329654571693,-0.4065087326579211,0.0658645299218755,14.319487629232505,-94.37813123242744,-8.192402233367353,12.590207128961854,0.1534698748489811,0.4650842270370541,-0.8365079509885132,-0.993406021193576,False,5.224336621174269,0.0450826243331691,0.02,0.02,1.0,0.2,0.06,0.0,40,20
2.3079603445267387,-0.4001009585015511,0.0500790351275386,14.559837770564297,3.775447466445224,-8.542799221339394,11.925482861135611,0.1261046007712629,1.690819443366434,1.894788707613052,-0.5038092030059109,False,4.675564402216877,0.0923076923076923,0.02,0.02,1.0,0.2,0.06,0.0,40,21
2.326660102458247,-0.397472572449901,0.0514209140797478,15.326377165745932,-35.370691474859825,-9.029320322665193,10.00918668932538,-0.4265520430844681,-0.860211484428362,0.2316030530717075,-0.5519354705246728,False,6.9721951036599465,0.0547770642212975,0.02,0.02,1.0,0.2,0.06,0.0,40,22
2.321840914398785,-0.3944062946867738,0.0729852554785418,15.002342148062702,-49.66755850239338,-8.675520384885491,12.217392424491925,0.3892586101523939,0.8439337480474615,-0.8859311213983628,-1.2496426132011538,False,4.423174207168638,0.0433409821205096,0.02,0.02,1.0,0.2,0.06,0.0,40,23
2.3204715945660053,-0.3989074131455197,0.0588076829000029,14.18591500199972,-24.31753751823699,-9.569739501850544,10.367827214831252,0.776704603362229,-0.4271202447143126,-0.2365400095601496,-0.7852397655768879,False,4.917332974874419,0.0521155982415661,0.02,0.02,1.0,0.2,0.06,0.0,40,24
4.642543657723508,-0.6813731460862131,0.0879991718483267,12.667205888942348,76.66324508355436,-11.6594757415442,7.339983549231216,2.328751445131418,-0.9768033359253332,1.0329445904287218,-0.9021253290761352,False,4.190082727044559,0.0715309203006161,0.02,0.02,1.0,0.2,0.06,0.0,44,0
4.63646158981869,-0.6578145479236729,0.0858928982996387,13.766771156012492,78.03861035027477,-12.967079848932928,7.552498297342164,2.0933208483627457,2.5992711987724406,1.4501806284323666,-0.8916301351825047,False,4.061486050281754,0.0585398516195532,0.02,0.02,1.0,0.2,0.06,0.0,44,1
4.651962466750535,-0.6535723199103344,0.0724203277146153,12.334859086073587,75.33459516709217,-14.948345502327042,12.240506463301612,1.8735468087827776,-0.6446979596833646,2.1753029965476567,-0.4697591710778557,False,5.074862020401361,0.0445624017060002,0.02,0.02,1.0,0.2,0.06,0.0,44,2
4.65953922904172,-0.6729487692811301,0.065001049428945,12.54014631381617,60.60418892536432,-13.243443218677646,9.593945060973786,1.9779164191016267,0.113114914068007,0.6111090382894988,-0.1853841817090249,False,5.222294520524161,0.0923076923076923,0.02,0.02,1.0,0.2,0.06,0.0,44,3
4.654176841823598,-0.6828859383188858,0.0589542308026921,14.360181285189318,28.64113283796176,-11.165433071759994,8.9077364904332,1.2774317409551164,0.5101750149448973,-2.8214907309109654,0.0316414767885913,False,4.219306510076103,0.0480098889355198,0.02,0.02,1.0,0.2,0.06,0.0,44,4
4.666994243187343,-0.6667908644667498,0.0605885026884864,12.4226366028014,17.532838448902098,-13.24005603956894,6.3355726790489975,-0.0848335636773439,1.3410493998756094,-0.873010058273996,-0.0585143567201258,False,4.83737159647477,0.0457049095107578,0.02,0.02,1.0,0.2,0.06,0.0,44,5
4.667241498720947,-0.6632240562581474,0.0699124683506426,12.324256656714358,47.32024220358861,-15.810371601730932,13.151508969635318,1.8591685658985757,-2.288386611331907,2.328344559027314,-0.3654267622777547,False,4.539783245056788,0.0675999316837909,0.02,0.02,1.0,0.2,0.06,0.0,44,6
4.646035979593861,-0.6480708119772088,0.0638969844590772,11.339874580933822,123.18971133631398,-12.336686464855324,6.106657605480061,2.355875061423308,2.2067701836920004,2.449032859702335,-0.21057139516954,False,4.3983289982385445,0.0456144108962336,0.02,0.02,1.0,0.2,0.06,0.0,44,7
4.66720317631535,-0.6494210340205396,0.0694076053446089,14.042842686797394,-2.087051577710365,-15.16080691090355,11.098882228412885,3.700327032996277,-0.1387177833482498,1.4245538668536617,-0.3824006987992721,False,4.481248045390585,0.0380583253430149,0.02,0.02,1.0,0.2,0.06,0.0,44,8
4.640270972322681,-0.6591909610779106,0.0987031189583319,12.454651165762916,115.09314206407863,-8.669571100211,9.659999932594136,2.4973034095115705,1.1475419676756633,0.6464555598069517,-1.2980252417402756,False,4.154442690826211,0.0406374293493315,0.02,0.02,1.0,0.2,0.06,0.0,44,9
4.646854845395392,-0.6815533999134472,0.0635845255788881,13.357301177134245,97.05114545492457,-8.19346591702033,8.985602487366345,1.6460939985183507,-0.4297494571389637,4.163332308008459,-0.1201653680084244,False,3.636952219269296,0.0336267142741072,0.02,0.02,1.0,0.2,0.06,0.0,44,10
4.6408590617761005,-0.6648440060154986,0.0844791917580786,11.744179988558368,99.23732742008262,-9.613273919879424,12.776604210795243,1.6599454778595244,-0.268887786103762,2.142769078044887,-0.8292569781147554,False,5.126799306063902,0.0441925058617041,0.02,0.02,1.0,0.2,0.06,0.0,44,11
4.656821041076765,-0.6805944667549267,0.0716959963853895,12.535830816527124,65.93877520468877,-10.418617955605104,8.700554710871842,1.7215720365379814,0.8360482407695374,-0.8101189131345066,-0.381435901656036,False,4.626203602194425,0.0555346562961123,0.02,0.02,1.0,0.2,0.06,0.0,44,12
4.643708644844463,-0.658774363370013,0.0757066532753318,11.687224580372805,26.69363800745288,-11.345052654476996,9.900596985234872,1.409795135622662,-1.3684929250355686,3.0890228299213467,-0.5629319140319211,False,4.670960152734437,0.0474586018398846,0.02,0.02,1.0,0.2,0.06,0.0,44,13
4.64004345538513,-0.6711154273984321,0.0967154458356252,13.99519868012502,41.07800083888878,-10.834737200445794,6.765925572537329,2.3530783585281374,-0.9383836973757,-2.9028673775305216,-1.2058146336606623,False,4.5536108687251975,0.0629915461780119,0.02,0.02,1.0,0.2,0.06,0.0,44,14
4.652105502945605,-0.6536252998326423,0.088115772415405,12.776472795137297,-25.56070363577611,-8.05211321398186,12.646254208654742,2.07729950965523,-4.279447206826102,0.9216909186582852,-0.9718776675178842,False,3.8025510645369818,0.0456161554738767,0.02,0.02,1.0,0.2,0.06,0.0,44,15
4.63358117166517,-0.6481472974115502,0.0817161570978293,11.876268138063594,120.78430681590724,-10.613066315140935,13.918245800048677,1.5124107654257055,-1.5177717674387847,0.9031446712681738,-0.7813486430429093,False,5.6724405862943925,0.0606697421634358,0.02,0.02,1.0,0.2,0.06,0.0,44,16
4.653033446407648,-0.6683709848976886,0.0933981706708951,14.09600545816494,-1.9709278494059288,-9.55631585859492,14.179121358854053,1.1955354626157657,-0.5864238105298971,-0.7749281848215723,-1.1054690909297322,False,3.960412107461879,0.0438678406543033,0.02,0.02,1.0,0.2,0.06,0.0,44,17
4.671745597863111,-0.6651219135071015,0.072758523009443,12.6745828587695,49.82060795576186,-10.731475114383231,11.430913721217362,1.6031551132566562,0.407895304510882,3.974308017728678,-0.4516754080133482,False,3.934430386924044,0.0923076923076923,0.02,0.02,1.0,0.2,0.06,0.0,44,18
4.62761126973529,-0.6642013966782377,0.0781479043419106,12.53896922284873,119.96365863627034,-13.853566472090987,9.087848432517696,1.5087157029355365,1.7528845149918124,1.2696841361296851,-0.6289929107292522,False,6.20012110803354,0.0606540697032086,0.02,0.02,1.0,0.2,0.06,0.0,44,19
4.66098252102112,-0.6725138187179946,0.0751149395143247,13.20512067412043,67.02450337771006,-10.023460164783964,7.848620817247834,1.6678025977236783,-1.7870017250254673,2.5416798316662077,-0.5099859482739382,False,4.616520801164879,0.0514836785998929,0.02,0.02,1.0,0.2,0.06,0.0,44,20
4.643711799763651,-0.6855423085303102,0.0799225654841541,12.882008689400704,-3.516726998981368,-9.552772563620644,12.073928876886717,0.8717576817948298,-1.3050875471402372,5.0382603168383,-0.6335978470343706,False,4.526735762067205,0.0482629477288797,0.02,0.02,1.0,0.2,0.06,0.0,44,21
4.638087378520894,-0.6598185058437429,0.0935023816970977,15.282536434607389,28.94646661637292,-9.804411200186856,6.3634093306148,2.096368535434434,-2.316841073826613,-0.6969961927170091,-1.1302265575708927,False,5.052410955387231,0.0527051948693841,0.02,0.02,1.0,0.2,0.06,0.0,44,22
4.627095225588932,-0.6781190092548616,0.0692659481514098,12.04671472673368,87.7371128361512,-18.7430882381919,11.33661888906718,2.1956999836949342,-2.5799337491305683,1.3625131029832762,-0.3113990050981114,False,6.529952810442221,0.0594627103961175,0.02,0.02,1.0,0.2,0.06,0.0,44,23
4.656167811988689,-0.6586118548752049,0.0763493846069153,12.817512894826516,66.42275867138233,-13.238463768088437,14.408574932411849,1.697002856092544,0.4608532381970647,-0.3131589303387548,-0.5831417870014786,False,5.212263663700888,0.0416635690562265,0.02,0.02,1.0,0.2,0.06,0.0,44,24
3.447094172719984,-0.2891906975149771,0.0123034390559491,14.09421118656932,1.744736844235801,-7.029682193498993,5.912575538588321,0.2993576842352133,-0.8256821681066984,2.1957568844250748,-0.6739568747623504,False,6.013224524780671,0.0888207585168358,0.02,0.02,1.0,0.4,0.06,0.0,36,0
3.427459846463942,-0.2731640419236231,0.0282942585221026,12.598563178824245,-1.341557083233657,-14.66774422701736,7.649525963818298,-0.1716025071639061,-0.9738460276221964,-0.6805855196663009,-2.7604237994246037,False,7.002299942564889,0.1200888083657455,0.02,0.02,1.0,0.4,0.06,0.0,36,1
3.445337529882241,-0.2916444020048023,0.0166193300670488,13.88524011635088,9.45944697862946,-14.624825229734402,3.433784975626593,-0.4675777244478395,-0.3308312325165962,-0.5042798759171696,-1.2206074319777915,False,7.244799365254036,0.0648656390151673,0.02,0.02,1.0,0.4,0.06,0.0,36,2
3.453181666171972,-0.2794415550030902,0.0178300834140035,15.004193807800972,-5.478662129228504,-12.500796691585384,8.52644490630089,-0.4121087129209844,-0.2670921957199785,-1.6988729243163136,-1.4044000450147214,False,4.4724968888542245,0.0777530747827024,0.02,0.02,1.0,0.4,0.06,0.0,36,3
3.428816950732326,-0.2974258202547857,0.0217617629600054,13.703770726462862,10.836348436799216,-5.348215909794293,6.959802732247645,-0.0550957240187033,1.230474989263615,-0.2987959622616395,-1.8659546732252728,False,6.121427934249414,0.1024418105460974,0.02,0.02,1.0,0.4,0.06,0.0,36,4
3.4246750397806145,-0.2892242411137877,0.0133645894882473,13.712699823279822,8.525074451962224,-11.72413573872356,5.833738707379141,0.2057304997379188,-0.1565935022296543,1.2860256273444828,-0.8110487734357295,False,5.554743531341583,0.1453665232565892,0.02,0.02,1.0,0.4,0.06,0.0,36,5
3.44453888166622,-0.293881498918102,0.0221892064007827,14.35439272394915,-7.233042131162418,-14.16618712207233,6.769623873841054,-0.2613758573908504,-1.1233746587871454,-1.1403230129192163,-1.9282304889967792,False,6.51749488752949,0.1588013941349577,0.02,0.02,1.0,0.4,0.06,0.0,36,6
3.438375469347549,-0.2839868746408507,0.0251221234251915,13.636927066664471,4.026079756461415,-9.734183418737564,11.746703877109448,-0.1662694773388525,1.3408407946138348,-2.8439492470884664,-2.3277607711256274,False,6.079459592381912,0.1599412329072201,0.02,0.02,1.0,0.4,0.06,0.0,36,7
3.408639949098569,-0.283903358110695,0.0351730448024211,13.908892369745104,3.463520918328814,-12.18283158391296,9.554129929725516,0.047677155150295,1.4475728325030264,0.4714096336062542,-3.616263278298328,False,5.187591782335552,0.1846153846153846,0.02,0.02,1.0,0.4,0.06,0.0,36,8
3.438460782487498,-0.2934634890237897,0.0189068401167029,12.504142416549833,-22.14538488073726,-12.063248942894951,2.856292534202887,-0.2146625832210107,0.4538847163656315,-1.0083502676781804,-1.5094555143316306,False,6.537187824061713,0.1019126589743223,0.02,0.02,1.0,0.4,0.06,0.0,36,9
3.4386451690261217,-0.2838149024927545,0.0259253779024486,12.257034468892602,2.5175001018256324,-14.67599019977723,11.42918266132214,-0.0645236858704759,-1.0404570318129758,-0.2459051682079737,-2.430973895389249,False,7.15889774268328,0.1068132076484842,0.02,0.02,1.0,0.4,0.06,0.0,36,10
3.4446501103737384,-0.2823508023313564,0.0222866808502447,13.698289254233938,6.522159032438989,-14.767626444462866,9.687170639652765,-0.1569663424953333,1.3054361067635825,-2.112071364654325,-1.9683742166136515,False,5.490085974360903,0.1846153846153846,0.02,0.02,1.0,0.4,0.06,0.0,36,11
3.4232858231198624,-0.2877104861819186,0.0249574651314075,13.080521009946294,18.394926014842,-14.824091824170196,9.383196870256077,-0.3864759105279779,-0.2931268052793069,-0.8912379985433699,-2.298653220596368,False,7.109088121113469,0.0994815120340212,0.02,0.02,1.0,0.4,0.06,0.0,36,12
3.417371317041654,-0.2949220642410301,0.0281427328039064,13.718614836575782,2.4280610978721597,-3.353952220153474,5.785120962017807,-0.3473149091482713,-0.0016959785314025,-2.8619415182608243,-2.689414565699058,False,6.897599463142687,0.1846153846153846,0.02,0.02,1.0,0.4,0.06,0.0,36,13
3.4527110907670227,-0.2802357520450529,0.0194676111151637,15.75472375063979,13.612018507764896,-8.685610003892604,3.2493375446905377,0.0059285710309852,1.3702008195821225,-0.7921599402935701,-1.612125752386811,False,6.52412604930858,0.0955238584323475,0.02,0.02,1.0,0.4,0.06,0.0,36,14
3.4338572182633045,-0.2845673297433098,0.0256724302751366,13.881307918887291,5.386996989622644,-9.251417023710074,9.955588689706705,-0.3186945588813472,1.2987438162113836,-0.2298823962431286,-2.397078050737752,False,6.377657416106286,0.1030433352696303,0.02,0.02,1.0,0.4,0.06,0.0,36,15
3.4076600806142783,-0.2978262112994104,0.0312711634480148,13.196567410463832,5.767720950120814,-9.128406429178913,12.767873849422802,-0.1129945641422484,0.9159873922427224,-0.3468181939022458,-3.08346640939046,False,6.901813901939106,0.1053524325418722,0.02,0.02,1.0,0.4,0.06,0.0,36,16
3.4337155673864017,-0.2804266702106756,0.0164626139267681,12.761584681506204,-1.1095679801576772,-13.11052312253753,6.39434742110253,-0.1941986605946764,-0.568694604259952,-0.491747309479095,-1.2281676400775212,False,5.711810495508608,0.1186213349519077,0.02,0.02,1.0,0.4,0.06,0.0,36,17
3.416183168214289,-0.2967287787565229,0.0327652738677296,13.40072149597368,4.0456278303256425,-10.493280427457051,12.317307803148172,-0.0220829552280622,-1.998092239815033,1.2506599836581995,-3.276834995960888,False,5.136221402094344,0.1085250771997678,0.02,0.02,1.0,0.4,0.06,0.0,36,18
3.4372399458087965,-0.289665457870112,0.0217952008343541,13.033070335572932,5.002135334032183,-12.844412195332794,11.089758066562569,-0.1747994476320002,1.329250339669953,-1.2034222915765442,-1.888354211160532,False,5.759354327001574,0.1044433642528698,0.02,0.02,1.0,0.4,0.06,0.0,36,19
3.449404475435488,-0.2838879698115624,0.0288573248335152,11.990659170597333,0.00651995690192,-13.357756496918157,10.997145854305282,0.1273183285393644,-2.3118556905525023,-1.6782031676619085,-2.805442182616079,False,4.539052815686719,0.102371893782489,0.02,0.02,1.0,0.4,0.06,0.0,36,20
3.4323573949263384,-0.2825278774039413,0.0295520507748607,12.43824388280297,1.720963779094926,-14.38818089725223,7.949982705098116,0.0434228673468278,1.8878091308457448,-0.1230309080344542,-2.8986541497171414,False,6.913847648921332,0.109717304584202,0.02,0.02,1.0,0.4,0.06,0.0,36,21
3.4197647916569607,-0.2783862040444969,0.0169066799639386,13.257293308244886,6.504880039734299,-14.79894027381903,7.916569540706338,-0.1412606984580925,0.4416448835445312,-0.5143491337372897,-1.2907422581779355,False,6.45527304603021,0.1846153846153846,0.02,0.02,1.0,0.4,0.06,0.0,36,22
3.434430753848621,-0.272805208507939,0.0235755374092428,13.127221343015766,3.5672766211044205,-13.000592014022132,7.941064982982428,-0.3504799249971357,-1.2892846408339769,-1.5191770376121427,-2.1568704427331085,False,7.063970997138756,0.0867544110303889,0.02,0.02,1.0,0.4,0.06,0.0,36,23
3.445982368461255,-0.2952203788518234,0.0213608647738893,13.34971233407636,3.1311744307194265,-11.334999781238263,10.250114711682626,-0.3815388502141996,-0.6397723983296096,-0.307328995735833,-1.8189028397057885,False,5.11049503589956,0.1469553789304425,0.02,0.02,1.0,0.4,0.06,0.0,36,24
5.302258625983,-0.3864389249261172,0.0193449435782923,13.56195293107153,10.827183875594288,-16.55840511700459,9.951818032433708,0.0686535358886082,-0.8197528171147724,-0.6557789312477955,-1.2305638406397563,False,6.031183304669142,0.1247432898309508,0.02,0.02,1.0,0.4,0.06,0.0,40,0
5.279901568844656,-0.3868127509023502,0.0279446174730024,14.291489266239786,1.108322683028771,-12.52672139309704,18.364682177122532,-0.0696600318953469,1.7781004183468,0.8121719746771652,-2.3317663402479907,False,6.393363670647179,0.1846153846153846,0.02,0.02,1.0,0.4,0.06,0.0,40,1
5.309944329161676,-0.3881641137816387,0.0155147808745133,15.118403897323509,5.537630343096646,-19.36014985333321,14.169332983329443,-0.0498842478843847,2.5853305285975243,-0.2300868655553662,-0.7357014191120752,False,7.671719704798927,0.1066714055509916,0.02,0.02,1.0,0.4,0.06,0.0,40,2
5.280931352462424,-0.3878070168783482,0.0221496863501713,16.525378639285286,-7.582384965785878,-10.11855158609308,12.585417698368383,-0.2541175568523022,2.4979539253643965,-1.9081556192771776,-1.5875671311661506,False,6.178030689957022,0.1171874316443996,0.02,0.02,1.0,0.4,0.06,0.0,40,3
5.309761678383792,-0.3900504587624946,0.0245426915102238,15.641520982113963,-2.1533480326366723,-12.840733442119314,11.663685003679744,0.1739931465944327,-1.3950781166601616,-2.0550228590272,-1.8867577115756329,False,4.832439531636946,0.1294855444885566,0.02,0.02,1.0,0.4,0.06,0.0,40,4
5.26857710283431,-0.3809694407599346,0.0316111590909424,14.605427087143076,-1.3262401457520168,-13.46842221669768,8.333092037246312,-0.2763214994685734,1.0835367793800592,-0.092861763709096,-2.8157870796467277,False,4.823270320745215,0.1846153846153846,0.02,0.02,1.0,0.4,0.06,0.0,40,5
5.301764701852266,-0.3873042343861871,0.0297309825589563,14.7946402144777,-0.5025428353289549,-15.073572051867238,14.70964113577624,0.0454260045830425,-0.0969986224857708,-1.8012140007845872,-2.5579297229084323,False,4.855430753611196,0.1539110013156672,0.02,0.02,1.0,0.4,0.06,0.0,40,6
5.308083734875831,-0.3850020988455394,0.031502240653956,15.467584421398778,-56.513255098786445,-16.109876474737916,14.891924872496038,0.2044720222931733,4.010801504568289,0.0147425545537685,-2.78979674238453,False,6.68647507348994,0.0865730758392096,0.02,0.02,1.0,0.4,0.06,0.0,40,7
5.30019845643285,-0.3850491794795301,0.0189792392931953,15.254973059474446,12.661715258016432,-23.501466781153997,1.5472338572616342,-0.2998601883582316,1.098565594163833,0.6048363387503536,-1.1872126913921592,False,6.209346467468119,0.1205664255810895,0.02,0.02,1.0,0.4,0.06,0.0,40,8
5.317332141912369,-0.3896461205196178,0.0284143667530291,13.874136395004156,6.583746500419438,-20.949218433442503,7.236427424982839,0.2970043031016847,0.912074104061464,-1.0571348525266275,-2.382848326625907,False,7.838499906922465,0.0827281920008115,0.02,0.02,1.0,0.4,0.06,0.0,40,9
5.312962505993755,-0.3857270587449939,0.0146831711767416,15.243263467648909,-3.87662083260721,-26.409422849370955,16.26430626715725,0.4663446343648588,-1.910590825391292,1.2759388034617167,-0.6349232192753191,False,7.709131421280902,0.1846153846153846,0.02,0.02,1.0,0.4,0.06,0.0,40,10
5.297317340759269,-0.3845734093218262,0.0327614993576832,15.26132755193005,-8.228539878498678,-8.562134262262285,6.686143355303273,0.624866210083247,-0.6949837296328724,-1.9539176958153992,-2.9526566949655195,False,5.207297993748655,0.1106847783665414,0.02,0.02,1.0,0.4,0.06,0.0,40,11
5.321518083226186,-0.3979754325589793,0.0208781137506106,13.670339180852343,-2.4126558390528325,-13.379385178028995,8.759113118701036,-0.063927662002578,-0.880120510371599,-2.3009928697775224,-1.3979664369430398,False,6.576435893556973,0.1548060995097266,0.02,0.02,1.0,0.4,0.06,0.0,40,12
5.305042778644798,-0.3954086859039153,0.0118778529001545,14.171674111479073,-8.590774796497563,-10.594103438337555,3.615239095204874,0.886633227574158,-2.7282658053721485,-1.8729378624087405,-0.2530817583317042,False,5.092596263390564,0.0829432761492597,0.02,0.02,1.0,0.4,0.06,0.0,40,13
5.322381766951584,-0.3982334122604305,0.0222936475343101,16.139008324610145,-20.75346032997953,-10.862875535855068,8.178718562438714,-0.1771082148696885,1.539139701051063,2.15564566693831,-1.5784837889495775,False,5.097292665399519,0.1161907712987673,0.02,0.02,1.0,0.4,0.06,0.0,40,14
5.308639019115138,-0.3891609173587053,0.0316121296805021,15.506727086744664,2.121527370199117,-14.939262079290238,12.172866290778344,0.0348227300904728,-0.9135465537356244,0.6074725296585135,-2.7938480562964743,False,5.058260261670575,0.1195266672822535,0.02,0.02,1.0,0.4,0.06,0.0,40,15
5.30235204738137,-0.390379605769314,0.0303896578249547,13.778920648945975,-8.72791259819186,-19.24426346336388,16.86474344971673,-0.1128004481835225,-0.6135781543939236,-2.5287205607201253,-2.634824024904973,False,5.268335974840357,0.0852459732802703,0.02,0.02,1.0,0.4,0.06,0.0,40,16
5.322555327506778,-0.404519577148448,0.0272861690867702,15.057182724398617,-11.449761225889164,-13.83108194825922,13.09400658479621,0.4026996004647252,-2.6118876226565417,-0.5374531306480995,-2.2024293382999067,False,4.557563603830989,0.114658536744053,0.02,0.02,1.0,0.4,0.06,0.0,40,17
5.30291547494872,-0.3841712275400922,0.0190089521887706,15.150388017041054,5.224056989137094,-23.851709066775165,4.136165492501427,0.2175116160993505,0.4936942229607198,3.968111109876708,-1.1929600055694976,False,4.957596562512194,0.1665108961599481,0.02,0.02,1.0,0.4,0.06,0.0,40,18
5.311955395048577,-0.3915169346005601,0.034958205839189,15.295809818630262,10.529942593524517,-17.174052797319327,17.36757085678076,0.0396739459053649,-0.2150637550596204,-0.3207198328937796,-3.216292380671937,False,6.228358368656025,0.0974822801956826,0.02,0.02,1.0,0.4,0.06,0.0,40,19
5.319589047908945,-0.3984213857831005,0.0121897727198245,12.64694127033412,9.81843558691818,-14.595061286314184,10.332395431404487,-0.3116292570703518,0.4619514293965968,0.7616199847490351,-0.2849042393835692,False,5.382135979634497,0.0751800604521304,0.02,0.02,1.0,0.4,0.06,0.0,40,20
5.2922235354796285,-0.3661494592701165,0.0360441733309686,15.384196519403975,-10.982442905889284,-9.394369863945126,12.650790568890631,0.1972463616722899,0.4746135665545958,2.3149872664444766,-3.417362071986936,False,5.769992032457811,0.1063850358851438,0.02,0.02,1.0,0.4,0.06,0.0,40,21
5.32618870922844,-0.3918004399559409,0.0258576347780915,14.355205953197014,28.03491404462522,-18.8400172767219,5.716039306768702,0.4003581378721292,2.414323240156859,-1.653815335326572,-2.0498848731477493,False,6.268757508754803,0.1046775209387897,0.02,0.02,1.0,0.4,0.06,0.0,40,22
5.30182472187263,-0.3915504673392496,0.0287150987330238,14.084450015727365,-16.858913879158457,-17.650466455466802,9.361284526557071,0.1030296150730602,-0.174373881511228,-1.0803000679964447,-2.4177020329005017,False,6.031395548472614,0.0847706154464841,0.02,0.02,1.0,0.4,0.06,0.0,40,23
5.326312232637862,-0.3910450977061808,0.0201371283122684,15.703384913979406,-2.916545757770113,-10.24084373587347,8.875960801354404,0.0618460336952504,-0.2651598548800056,-0.8200144563145068,-1.3194654555172605,False,7.016264137353063,0.1765442350960295,0.02,0.02,1.0,0.4,0.06,0.0,40,24
7.613007575296446,-0.5091991043700664,0.0115994755595378,15.70225028141254,-2.6312758059981785,-15.71018700071964,19.5452274732718,0.191505586265678,1.2292306188267224,2.46289170589944,0.1941254333850957,False,5.370760325441968,0.1173116242727921,0.02,0.02,1.0,0.4,0.06,0.0,44,0
7.6424368318030576,-0.4953496521080908,0.0210109135951627,14.379878820194904,-8.397780961826424,-20.132250923646527,20.059395942978416,0.5354592994076617,-0.0956644224892332,-1.0470151535917915,-1.0420115652132256,False,8.354083299694166,0.10074389749374,0.02,0.02,1.0,0.4,0.06,0.0,44,1
7.58460228527326,-0.4828235665273365,0.0223265138540699,14.247097007875665,-17.869722556394795,-26.78777065357197,6.993740509912365,-0.2539152619051111,0.592022601444699,-4.324926327480742,-1.243941076538945,False,6.074933636882865,0.0850854433556508,0.02,0.02,1.0,0.4,0.06,0.0,44,2
7.560490657870407,-0.4998921358360114,0.0363686208963341,15.812181372420724,10.45573385096706,-21.817391675785096,11.94861091355958,0.1527409202889276,-2.5091834561011868,-2.1631424136263573,-3.0018129092521213,False,5.92083464713421,0.0883019252013906,0.02,0.02,1.0,0.4,0.06,0.0,44,3
7.584976439027034,-0.4869997327318105,0.0271428077362032,15.09175685782609,7.550956215790732,-23.87354269067742,9.942872850694814,-0.1449261824375798,-0.4607475304148081,-1.919190604906022,-1.8503814453360468,False,6.085612530606675,0.1011623782120657,0.02,0.02,1.0,0.4,0.06,0.0,44,4
7.6350652889154915,-0.4916753054096439,0.0248610911059035,15.76964940379567,1.288768495978249,-23.25114249245024,15.26098778508624,0.8390145602426916,5.06109621592034,-1.3730372151714252,-1.5440950112375835,False,6.746422502162698,0.1281646402079942,0.02,0.02,1.0,0.4,0.06,0.0,44,5
7.589415077546826,-0.4964742629232303,0.0388530037580846,15.355938956413134,7.965450437223897,-27.350207169429947,22.490080990198365,0.1824628522792162,-0.568738483336906,-1.2911389622278344,-3.326281345366269,False,5.551123143684591,0.1359939924863195,0.02,0.02,1.0,0.4,0.06,0.0,44,6
7.602411260258552,-0.4935703290278219,0.0381980360590878,15.456410055844746,-0.6480091963351833,-16.48663526268938,18.80095555146153,0.5243951872468369,-1.17798957252772,-1.452303345734509,-3.2486351502809545,False,7.625248650772366,0.140579282703138,0.02,0.02,1.0,0.4,0.06,0.0,44,7
7.608541247560564,-0.5031429841799215,0.0334356352174664,15.025543660970596,-0.4346050945606923,-26.779975462787867,15.487861245759216,0.8344638578329866,-0.3326967325805343,0.7340690597621303,-2.61570567095026,False,5.798533214071999,0.1529536877679073,0.02,0.02,1.0,0.4,0.06,0.0,44,8
7.640109500358274,-0.4876798040001636,0.0237346270325072,15.06629269664401,-3.668089796447073,-13.66010803685992,14.293677860107753,0.0764257950461751,-0.6974796057996611,-2.228137021983746,-1.409194160539037,False,6.231748145049591,0.1134335455709928,0.02,0.02,1.0,0.4,0.06,0.0,44,9
7.589674666512291,-0.4816164109992356,0.0469868335071807,14.574845094725044,3.5638676614832066,-29.353767644792185,23.82969624870193,0.84475007680938,-0.4879233660882653,2.67682049638681,-4.403054822530232,False,5.988863984016407,0.1652485823571837,0.02,0.02,1.0,0.4,0.06,0.0,44,10
7.607652299477728,-0.4776882469697543,0.0225067233147432,17.207958074825985,17.420868753050986,-17.03900019581668,5.469605753619454,-0.19529950948079,5.906477145446948,-1.9822767195291917,-1.2779496535910608,False,4.57336048353645,0.1105071881558429,0.02,0.02,1.0,0.4,0.06,0.0,44,11
7.614288208911691,-0.4964044692706158,0.0311029992249383,16.343776156000533,8.38871406711129,-11.969836514479214,25.581090998386816,0.3514233235376199,-0.6439146874446003,4.659099929782607,-2.332955882007924,False,8.594148782551198,0.1309467245591641,0.02,0.02,1.0,0.4,0.06,0.0,44,12
7.634205610413534,-0.4951265396949207,0.0278675138342364,16.16747996488594,-4.616516908173731,-13.984480107965371,10.74674888541887,0.0435708205398144,0.8321091104873273,-0.3101689302341478,-1.9206857388896408,False,6.393706501743665,0.1154220127106388,0.02,0.02,1.0,0.4,0.06,0.0,44,13
7.602018740750228,-0.5041563801555747,0.020748688540532,15.94869259673794,16.643667576194034,-20.31051601665872,19.533958035220905,1.3046112918324757,-1.0555653171169763,-0.0466050562286059,-0.9897356963697104,False,5.385007618631019,0.0986590355036432,0.02,0.02,1.0,0.4,0.06,0.0,44,14
7.611003076356468,-0.5021999180643769,0.0139173197561516,16.372359263956437,0.5380898232547376,-15.449874293849373,15.086779058979085,0.9957184193732054,1.8486768177178423,-0.4843520724485753,-0.1194769408515135,False,6.72931770273518,0.0839708694517616,0.02,0.02,1.0,0.4,0.06,0.0,44,15
7.564657840977243,-0.4842837942377105,0.0590465861375693,15.50546050215529,8.090157444420457,-15.27156156081362,14.238840697583331,0.473817639546676,0.0731110493967078,-4.126195136625924,-5.94180244897974,False,5.261628216164199,0.1846153846153846,0.02,0.02,1.0,0.4,0.06,0.0,44,16
7.575140454054956,-0.5057081866663133,0.0206017026195639,14.786808561462534,1.7013831428894566,-20.98600057384772,20.328055694129947,0.5191379481318852,2.975250301305977,4.856146133251848,-0.9688098600617392,False,4.810701717064769,0.1846153846153846,0.02,0.02,1.0,0.4,0.06,0.0,44,17
7.580651251175788,-0.5037008987351267,0.0212438117750095,15.876157728541845,9.788190827115317,-13.67971056402577,6.41951302182538,0.8020607263953077,-0.3059913429990942,0.367706784818109,-1.0554866751663672,False,4.959546486220607,0.1700838040268205,0.02,0.02,1.0,0.4,0.06,0.0,44,18
7.618897030612739,-0.5158761285705763,0.0362237080463157,15.731015212405026,7.080751369787018,-18.25823182058843,13.120372498991768,0.3363567790160858,4.243849773994276,1.7736905504816505,-2.941398099522273,False,5.828813932562134,0.1023366551891254,0.02,0.02,1.0,0.4,0.06,0.0,44,19
7.610306006412254,-0.5059715025930528,0.0460531605440409,16.724535645352276,1.9852546671084477,-13.707758039007656,19.717103367417653,-0.1919570069408532,-3.538251632531002,-1.6611825216257268,-4.223854583029185,False,4.520024876605255,0.1489925772297987,0.02,0.02,1.0,0.4,0.06,0.0,44,20
7.619764991971013,-0.4957734718272047,0.0292529865717204,16.44766444709297,-4.795041404334477,-16.003169084281723,17.866537329387906,0.5239054588233251,1.1892053905197624,-2.62683235546849,-2.0973400492766654,False,5.259196726093238,0.1230474955480984,0.02,0.02,1.0,0.4,0.06,0.0,44,21
7.621534847494686,-0.4865645955796645,0.026722493272868,14.388829021178111,9.860867973930889,-14.161475814772423,12.240024482490826,0.2836027196255929,0.8163496543138267,2.683633259093762,-1.795432018686235,False,5.098341234637658,0.1130690089222649,0.02,0.02,1.0,0.4,0.06,0.0,44,22
7.618084978445302,-0.5069332042330622,0.0201440020567582,14.719495827207712,-0.3732261596733039,-27.40131835231121,21.66892215545462,-0.0119965290928545,0.990629553385892,2.8391650694452464,-0.9047074743989836,False,6.306222976793957,0.131141563001716,0.02,0.02,1.0,0.4,0.06,0.0,44,23
7.623058068548983,-0.5010237804158565,0.0349176586165756,14.678632272883045,-8.469862580127824,-13.842993588430613,10.807509025208994,0.5914969225152469,-2.3080852776874647,0.2436177842522053,-2.809619745810693,False,6.054883532187258,0.1241420085715995,0.02,0.02,1.0,0.4,0.06,0.0,44,24
0.1707480738141353,-0.0766092460802884,0.0379420421264964,7.25453307034914,138.07308876398443,-3.744738124129295,4.525101168960283,-1.4514887052517818,1.899679086625492,-1.9722883600538683,-0.109429261990431,False,1.949037167204289,0.0244698606759295,0.02,0.02,2.0,0.1,0.06,0.0,36,0
0.1699904198131794,-0.0687025475329881,0.0264232642537549,6.344715071129802,126.88655217196484,-4.548500643158026,3.822660217787171,-0.5065734086756568,0.54706846263226,-1.33243444231965,-0.0363005747620776,False,2.3041807979957984,0.024338917755468,0.02,0.02,2.0,0.1,0.06,0.0,36,1
0.1724069775730072,-0.0764843474672269,0.0255040166710607,7.162816035983172,193.56368032391077,-3.388670899668578,4.0711970389475365,-3.0364960078976826,0.9539696763908644,-2.0527455654945994,-0.0101252807927612,False,2.0949595648202437,0.0237845420073484,0.02,0.02,2.0,0.1,0.06,0.0,36,2
0.1699529625810254,-0.0686630585499984,0.0254634694273093,7.292094197791398,180.5776684804811,-3.5737102771506035,3.754043964996624,-2.0489857361189285,0.8505020577466488,-0.7499939240312901,-0.0287192371436169,False,1.8183169322621584,0.022603433560415,0.02,0.02,2.0,0.1,0.06,0.0,36,3
0.1721295816587926,-0.0755946497618491,0.0277659430103347,7.185136383793584,144.46665353960773,-3.977751585556279,3.138221872273603,-2.150347505187741,-0.2576148545633852,-1.0297769019013865,-0.0303726097547124,False,2.0138849936272014,0.0414337034189517,0.02,0.02,2.0,0.1,0.06,0.0,36,4
0.164957640030447,-0.0710129371548745,0.0409733202053066,7.493957053043232,153.41382408173513,-4.401735600539449,3.742793321973576,-2.004450138162325,1.674087200767914,-0.4826457357953334,-0.1474580540689274,False,2.1297126213493867,0.0284445705590211,0.02,0.02,2.0,0.1,0.06,0.0,36,5
0.1683141006018195,-0.0715639734534685,0.0347407583486601,7.017729266398083,148.9899888167666,-4.79061090227624,3.522760222815452,-2.09608704801954,1.7113818914710437,-0.6715655387838362,-0.0960736844648478,False,2.126048807536062,0.0461538461538461,0.02,0.02,2.0,0.1,0.06,0.0,36,6
0.1735563260853242,-0.0706861570470817,0.0168949777598527,7.5188255766677,180.8351238301983,-4.07246503714274,3.567014733710029,-1.6357280521452993,1.343270782554801,-1.0428214195458387,0.0449003343992931,False,1.9167020772921817,0.0201020034760741,0.02,0.02,2.0,0.1,0.06,0.0,36,7
0.1683136768482902,-0.0794694100529842,0.0385776784539243,7.722799646542931,149.43605495085995,-3.926816989635239,3.2474215735741674,-2.427509689244272,1.143798721386087,-0.9929610902405036,-0.1077960228933351,False,1.8905994791730565,0.0380924227816882,0.02,0.02,2.0,0.1,0.06,0.0,36,8
0.1713758064569122,-0.0743508877025052,0.0317567489786777,7.380314458272353,169.09501340148427,-4.071510698355371,4.210714921334626,-0.5450713868213034,1.118059476377366,-1.9386886365295952,-0.0653293129559947,False,2.2434218059687705,0.0230313174195245,0.02,0.02,2.0,0.1,0.06,0.0,36,9
0.170670468717018,-0.074171117951874,0.0259515388408117,7.936472444141226,124.80722773553494,-4.800158031995783,4.241060306743884,-1.396199647055667,0.9744926912961616,-0.925223871089509,-0.0193613995189748,False,1.9517110995501576,0.0179735062013005,0.02,0.02,2.0,0.1,0.06,0.0,36,10
0.1712091111118313,-0.0729204998600932,0.0303234622283809,7.794199335336473,163.96091715919928,-4.908799839867974,3.9638065754203047,-0.9219942152148516,1.195582833507664,-0.6276326817619761,-0.0573059514961139,False,1.9412044576386869,0.0195716788318097,0.02,0.02,2.0,0.1,0.06,0.0,36,11
0.1729601828421786,-0.0747440788310354,0.0242559703875239,6.8522861259000605,205.4158014743805,-3.76277606936741,5.145269899992963,-2.793889573451349,0.484671292450905,-1.812034978508807,-0.0042843629351757,False,1.927675058062542,0.0182138803587917,0.02,0.02,2.0,0.1,0.06,0.0,36,12
0.1693616416705066,-0.0736954968320762,0.0331811463329677,7.130313048666102,174.78390495606482,-4.6778485907976455,3.4817808949231925,-1.2269307193440873,0.1704922073625384,-0.5335798393953415,-0.0784182797665285,False,1.7797227812827552,0.0284227357262577,0.02,0.02,2.0,0.1,0.06,0.0,36,13
0.1672739984362437,-0.0749653391715769,0.0360705401120532,8.07403306277429,174.97433226517413,-4.603811164713324,3.7194811821335367,-2.3267436862398934,1.9690497864719925,-0.4379295046748311,-0.0986110669784667,False,1.951839496955455,0.0240167612696049,0.02,0.02,2.0,0.1,0.06,0.0,36,14
0.1687087727374111,-0.073498944011897,0.0267198432348971,8.050535272137642,183.79649179555895,-4.641068144806606,4.301197385005772,-2.6775182522275087,0.7904087490672083,-2.3508359035755886,-0.0272387538863795,False,1.8571101621405357,0.0264988142650462,0.02,0.02,2.0,0.1,0.06,0.0,36,15
0.1729326633389102,-0.0774838339523465,0.0311585603419404,7.774759985093358,153.13053515486456,-5.781428734742808,4.792765120186028,-1.919344985877353,1.6114730270415076,-1.908844532901801,-0.0529313214495573,False,1.9004155994917504,0.0434934027429218,0.02,0.02,2.0,0.1,0.06,0.0,36,16
0.1719601873473994,-0.0765091877890267,0.0391590641096604,7.407775420627368,119.1108715989251,-4.287850329551434,2.6675137346973,-2.987589486722405,0.9832857442265828,-1.270101469680136,-0.1193328509427757,False,2.010815603124682,0.0174632267549382,0.02,0.02,2.0,0.1,0.06,0.0,36,17
0.1724549607593772,-0.0744584949314687,0.0330158637672524,6.031320260322227,170.1377423339082,-4.628735126747158,4.122270600413026,-1.3616272014766495,0.673214331225133,-0.8686771791884086,-0.0750792246569319,False,1.957376567285176,0.0232991380158862,0.02,0.02,2.0,0.1,0.06,0.0,36,18
0.169371416516788,-0.0740488401986179,0.039942900995524,7.40623406863129,158.24596881258637,-4.180162502122272,3.4163383595990737,-2.1158139294371354,0.7389461407690292,-0.6027440265019758,-0.131663706496502,False,2.0019825730724548,0.0347216301834767,0.02,0.02,2.0,0.1,0.06,0.0,36,19
0.1705447015460199,-0.0790517630102594,0.0357809298731844,7.167034185406115,144.93131103984396,-4.172621702658572,4.778458472261792,-2.4037493935935146,1.5233823027634634,-1.4602400386382794,-0.0862905256680916,False,1.8009795399345665,0.0399679698305874,0.02,0.02,2.0,0.1,0.06,0.0,36,20
0.1675487408480759,-0.0743462042844362,0.034620228999814,7.613957080827493,141.60726484253627,-3.685807703780888,3.949160364416116,-2.179592541408041,2.091052591075548,-1.4835083745153077,-0.0884780172649811,False,2.104567459299544,0.0326538090379768,0.02,0.02,2.0,0.1,0.06,0.0,36,21
0.1687912667502444,-0.0697077245105012,0.0262437329027948,7.019739897383393,165.2108337914146,-3.820768169859423,4.651011899335546,-2.5429258007500186,0.4719691564217569,-0.0855727771427404,-0.032523848392141,False,1.8288199012558064,0.0268573930555005,0.02,0.02,2.0,0.1,0.06,0.0,36,22
0.1704828515809058,-0.0726580929709259,0.0344012093380191,7.220136102323709,139.3208835899408,-4.347526475125167,3.601523032547956,-2.2642185842806977,-0.0600179275781228,-1.095966687144084,-0.0906012804790769,False,2.084882483945837,0.0461538461538461,0.02,0.02,2.0,0.1,0.06,0.0,36,23
0.1733913610943712,-0.0740105773963887,0.0250714953962282,8.080667931439935,82.22190188175077,-4.793488967622812,3.976935645435294,-1.6400276008743937,0.9155674147685654,-1.4403022688797016,-0.0125430957528308,False,1.8960996169234503,0.0159432277444251,0.02,0.02,2.0,0.1,0.06,0.0,36,24
1.032774490092799,-0.373483842127184,0.1123248196549649,14.776113869329624,1.3544620162126262,-10.96697493127295,11.469299522199886,1.4230117824698962,0.3633393525622819,-2.414979750209308,0.05972913327109,False,2.813055912124039,0.0238516313397899,0.02,0.02,2.0,0.1,0.06,0.0,40,0
1.0270678078006596,-0.3757102977505618,0.1227658894087332,15.814206928352585,113.16169469006546,-9.561816466992376,10.815369033462174,-0.8910096195890275,-0.7897543497036317,-0.6067691457901336,-0.0187983322004783,False,3.1878825848400303,0.0184653968723394,0.02,0.02,2.0,0.1,0.06,0.0,40,1
1.0285752568104114,-0.3718855989657905,0.1216395062384347,16.377660589597973,45.83059075070671,-11.765349550888285,9.946980288976302,0.2291442789714392,-0.1735168691126112,-0.124755765339466,-0.0188760969809564,False,2.5338217851551943,0.0358238056668004,0.02,0.02,2.0,0.1,0.06,0.0,40,2
1.0288175761984435,-0.3850214987066506,0.106816529285653,16.554805152710767,50.64412765119758,-10.85411041737635,12.046498096407271,1.0641256679302344,2.6198560312572248,-1.180931350829037,0.1312484171826431,False,2.6041121015807227,0.0298734100542055,0.02,0.02,2.0,0.1,0.06,0.0,40,3
1.017282490649187,-0.3762410524839613,0.1499494020347392,15.421647036038692,187.6996963438284,-10.119431510713868,8.62867832106475,0.9817618587231696,2.133606411780923,-1.4845783306291496,-0.2355797408774559,False,2.672180893466957,0.0209202642563844,0.02,0.02,2.0,0.1,0.06,0.0,40,4
1.0230783353092636,-0.3697130786921128,0.1365939591759976,16.399662924729373,72.15917414330023,-9.54862683236929,10.46299159753221,-0.4490590420153465,2.2172008823504767,-2.3683505581405,-0.1440555844283548,False,2.35027697820964,0.0354365108403943,0.02,0.02,2.0,0.1,0.06,0.0,40,5
1.0285421492611029,-0.3695634291879471,0.1219232143266118,16.83144600560234,-38.9172518674564,-11.562711186457264,10.898793077489056,0.4203286901039418,-0.3966583444293299,-2.5694271072726576,-0.0267209556061555,False,2.283124959599178,0.0270946644789415,0.02,0.02,2.0,0.1,0.06,0.0,40,6
1.018801536878142,-0.3665924461840203,0.1366578891483782,15.785559251855227,140.99014296648627,-10.802872733271904,12.10099411884386,0.6773382350272994,-0.155225927827426,-2.4526981608435343,-0.1523131501326888,False,2.5103699698149597,0.0240420086362281,0.02,0.02,2.0,0.1,0.06,0.0,40,7
1.026099533620774,-0.3812413999678816,0.1239637632477927,18.102238278997497,-62.627382261679486,-9.79782824596658,9.183966759720374,-0.2163834781870166,0.92014257611483,-1.476232241958455,-0.0151647740421796,False,2.4790079755686194,0.0249867449374466,0.02,0.02,2.0,0.1,0.06,0.0,40,8
1.020763520376874,-0.3763265572667246,0.1455470771392648,16.57283930615933,87.8296498517023,-10.773528674887956,11.02201756617126,0.0766197157666145,1.9268146689039627,-0.5718697468675896,-0.1999470684513672,False,2.32524721780463,0.021277761325605,0.02,0.02,2.0,0.1,0.06,0.0,40,9
1.0265779282688643,-0.3739681033337024,0.1186964370692637,17.95026452280878,-53.24850737524497,-10.94812466416132,10.08744226685255,-2.3414156886644557,0.4419788763099918,-1.132160601095045,0.0095466271429074,False,2.357764228566328,0.0190082230671592,0.02,0.02,2.0,0.1,0.06,0.0,40,10
1.0240454584962444,-0.3721721381785279,0.1387289393321563,16.350007540913623,155.62745849319677,-11.308679979081688,7.696552864999367,-1.956765511307215,-0.8319327121309358,-1.4817658550810708,-0.1551756555190094,False,2.994672738117027,0.0206986721909198,0.02,0.02,2.0,0.1,0.06,0.0,40,11
1.022057843489736,-0.3692631887718594,0.1172800860130606,17.03741694078853,40.21868455333612,-13.494125378834449,13.174064678954243,-0.1066263550741754,1.1717959779735927,-0.9941251861670676,0.0093144355573613,False,3.2764998101402347,0.0274497111483616,0.02,0.02,2.0,0.1,0.06,0.0,40,12
1.0152946179718507,-0.3743448041519093,0.1428675452296785,16.55882833399461,74.46897345080068,-11.8027555375537,8.471707638030983,-1.4626966772705958,-0.3430882264655743,-0.4697292746308828,-0.1835951547945352,False,3.123536409027546,0.0280946323976035,0.02,0.02,2.0,0.1,0.06,0.0,40,13
1.0136782152664008,-0.371414396372496,0.1410927856212837,16.63588419083379,-6.882124038418489,-7.742773331547376,10.710327193402495,1.4394646921769254,1.852238011376507,0.364444408759067,-0.1765270407602958,False,5.143084686255759,0.0191306653427096,0.02,0.02,2.0,0.1,0.06,0.0,40,14
1.0220844254217996,-0.37376007862305,0.1395493375167091,16.925061689489468,214.6072912993194,-9.949996743859266,10.49043519148447,-2.257099352692344,0.0557669072730335,-0.1537946787083828,-0.158045445913045,False,2.810837097397442,0.024257455698232,0.02,0.02,2.0,0.1,0.06,0.0,40,15
1.0220597894629828,-0.3552961424093992,0.1240909712074239,18.030799593287224,12.551863698359512,-11.461509394834334,10.038083314574443,0.1067776130146636,3.148906965307977,-0.4290193483904218,-0.0786934405090544,False,2.54424616973317,0.0229310564401711,0.02,0.02,2.0,0.1,0.06,0.0,40,16
1.0170338536045778,-0.3750648917118269,0.1452154383187929,16.177093015094453,16.788973566851737,-10.713071197719932,11.00994519694763,-0.0765903053253788,-1.3690473638872291,-0.1549838618573242,-0.2005457352256842,False,2.5935227214937897,0.0266603272573004,0.02,0.02,2.0,0.1,0.06,0.0,40,17
1.0316915723826974,-0.3732305457356147,0.1073188141023471,16.711931652020112,84.93916642558803,-13.535826368891044,12.74792569178906,0.1824598919790766,1.181126226046051,-1.1862469954735897,0.0991042912896601,False,2.912138390828144,0.0425769903593703,0.02,0.02,2.0,0.1,0.06,0.0,40,18
1.0293304516515598,-0.3723726167148062,0.1039926228253198,17.853677019836343,77.61306858023379,-12.710583680819663,11.1218585066484,0.1511679148461228,2.96575397659889,-1.675474921214736,0.1235131246120695,False,2.3625729864025646,0.0243568645087645,0.02,0.02,2.0,0.1,0.06,0.0,40,19
1.02310392485517,-0.3667851713962389,0.1114255897579451,17.160218200220218,-47.26348082550619,-9.979266023716931,11.434788298401616,-1.2775573468467691,2.216283173107492,-0.7971870943749282,0.0502659287787219,False,2.5626447228157314,0.0229573421401013,0.02,0.02,2.0,0.1,0.06,0.0,40,20
1.0246383621535902,-0.3717478065299778,0.1383894100693193,18.070227260477587,57.67770032554275,-10.981204067953932,10.293278366560152,-0.6917015876063066,2.6874682006295183,-1.04100807773237,-0.1534422431533928,False,5.089601141828715,0.0461538461538461,0.02,0.02,2.0,0.1,0.06,0.0,40,21
1.0274034496837308,-0.3745132803667508,0.1066144557607257,18.053274044804112,-77.16768465454759,-10.506738104190688,10.919053990700974,5.197386342918856,2.5625570033860443,-0.2784266453941497,0.1075604337754196,False,2.4921728284693283,0.0163025590804198,0.02,0.02,2.0,0.1,0.06,0.0,40,22
1.0158767487413976,-0.3737760282147599,0.1407042659162236,18.13480518550317,110.40395221259114,-10.247560704907633,10.430540672640028,-0.3802581029225255,0.3055635946888484,1.0286418711090175,-0.1676190546898818,False,2.7399884508805914,0.0227082104931106,0.02,0.02,2.0,0.1,0.06,0.0,40,23
1.020691782786712,-0.368005608307544,0.1277160687205794,15.838956088712989,237.90772179824535,-11.976966782130136,9.383224152473469,-0.1177165976879456,2.5477288754025404,-1.587825879605498,-0.0772735828593276,False,2.944326644005789,0.0184405414541181,0.02,0.02,2.0,0.1,0.06,0.0,40,24
4.0,-1.0,0.0,0.0,0.0,0.0,0.0,0.0,0.0,0.0,0.0,True,3.6778633182070712,0.0185597757603194,0.02,0.02,2.0,0.1,0.06,0.0,44,0
4.0,-1.0,0.0,0.0,0.0,0.0,0.0,0.0,0.0,0.0,0.0,True,3.0982360398987936,0.0202190937864269,0.02,0.02,2.0,0.1,0.06,0.0,44,1
4.0,-1.0,0.0,0.0,0.0,0.0,0.0,0.0,0.0,0.0,0.0,True,2.7631627299636268,0.0352730753196594,0.02,0.02,2.0,0.1,0.06,0.0,44,2
4.0,-1.0,0.0,0.0,0.0,0.0,0.0,0.0,0.0,0.0,0.0,True,3.687493776059507,0.0256561441589036,0.02,0.02,2.0,0.1,0.06,0.0,44,3
4.0,-1.0,0.0,0.0,0.0,0.0,0.0,0.0,0.0,0.0,0.0,True,2.990851631361092,0.0234737386770662,0.02,0.02,2.0,0.1,0.06,0.0,44,4
4.0,-1.0,0.0,0.0,0.0,0.0,0.0,0.0,0.0,0.0,0.0,True,2.809564402304201,0.0415679663148613,0.02,0.02,2.0,0.1,0.06,0.0,44,5
4.0,-1.0,0.0,0.0,0.0,0.0,0.0,0.0,0.0,0.0,0.0,True,2.938637109594643,0.0171558308821861,0.02,0.02,2.0,0.1,0.06,0.0,44,6
4.0,-1.0,0.0,0.0,0.0,0.0,0.0,0.0,0.0,0.0,0.0,True,2.619925001606455,0.0200986354307904,0.02,0.02,2.0,0.1,0.06,0.0,44,7
4.0,-1.0,0.0,0.0,0.0,0.0,0.0,0.0,0.0,0.0,0.0,True,2.720735575850441,0.0157312014527544,0.02,0.02,2.0,0.1,0.06,0.0,44,8
4.0,-1.0,0.0,0.0,0.0,0.0,0.0,0.0,0.0,0.0,0.0,True,2.9242333914610725,0.0213006992802706,0.02,0.02,2.0,0.1,0.06,0.0,44,9
4.0,-1.0,0.0,0.0,0.0,0.0,0.0,0.0,0.0,0.0,0.0,True,2.591060089441324,0.0185082339531293,0.02,0.02,2.0,0.1,0.06,0.0,44,10
4.0,-1.0,0.0,0.0,0.0,0.0,0.0,0.0,0.0,0.0,0.0,True,3.1278417799120444,0.0168073487901322,0.02,0.02,2.0,0.1,0.06,0.0,44,11
4.0,-1.0,0.0,0.0,0.0,0.0,0.0,0.0,0.0,0.0,0.0,True,2.8244174701211198,0.0247283112834325,0.02,0.02,2.0,0.1,0.06,0.0,44,12
4.0,-1.0,0.0,0.0,0.0,0.0,0.0,0.0,0.0,0.0,0.0,True,3.3760817171228283,0.0235127352935867,0.02,0.02,2.0,0.1,0.06,0.0,44,13
4.0,-1.0,0.0,0.0,0.0,0.0,0.0,0.0,0.0,0.0,0.0,True,2.913019313095615,0.0268440064558551,0.02,0.02,2.0,0.1,0.06,0.0,44,14
4.0,-1.0,0.0,0.0,0.0,0.0,0.0,0.0,0.0,0.0,0.0,True,3.3237218576175587,0.016222264304712,0.02,0.02,2.0,0.1,0.06,0.0,44,15
4.0,-1.0,0.0,0.0,0.0,0.0,0.0,0.0,0.0,0.0,0.0,True,3.8952118082593,0.0181192086418515,0.02,0.02,2.0,0.1,0.06,0.0,44,16
4.0,-1.0,0.0,0.0,0.0,0.0,0.0,0.0,0.0,0.0,0.0,True,2.5261533791248105,0.0279030655703744,0.02,0.02,2.0,0.1,0.06,0.0,44,17
4.0,-1.0,0.0,0.0,0.0,0.0,0.0,0.0,0.0,0.0,0.0,True,2.69714657639042,0.0461538461538461,0.02,0.02,2.0,0.1,0.06,0.0,44,18
4.0,-1.0,0.0,0.0,0.0,0.0,0.0,0.0,0.0,0.0,0.0,True,3.484149678949649,0.0318044810987337,0.02,0.02,2.0,0.1,0.06,0.0,44,19
4.0,-1.0,0.0,0.0,0.0,0.0,0.0,0.0,0.0,0.0,0.0,True,3.2601614979730877,0.0307864226304272,0.02,0.02,2.0,0.1,0.06,0.0,44,20
4.0,-1.0,0.0,0.0,0.0,0.0,0.0,0.0,0.0,0.0,0.0,True,2.983988446133857,0.0310252815415443,0.02,0.02,2.0,0.1,0.06,0.0,44,21
4.0,-1.0,0.0,0.0,0.0,0.0,0.0,0.0,0.0,0.0,0.0,True,3.4667835595650147,0.0337744841546865,0.02,0.02,2.0,0.1,0.06,0.0,44,22
4.0,-1.0,0.0,0.0,0.0,0.0,0.0,0.0,0.0,0.0,0.0,True,2.7211345953813666,0.0340804266279081,0.02,0.02,2.0,0.1,0.06,0.0,44,23
4.0,-1.0,0.0,0.0,0.0,0.0,0.0,0.0,0.0,0.0,0.0,True,2.6734272946875244,0.0207069169566784,0.02,0.02,2.0,0.1,0.06,0.0,44,24
1.429634730841374,-0.2172111312953765,0.0299082310563996,14.737462551472158,38.77482682190917,-16.337289324721812,10.756705712028367,-0.7702453914122962,1.1874918413620723,0.3691859923524597,-0.3499785948454016,False,4.647678065481666,0.067135234714278,0.02,0.02,2.0,0.2,0.06,0.0,36,0
1.4229725134318425,-0.2158575745145323,0.03544190133701,14.7772532615854,64.97622477095378,-12.441414819297352,10.673293676598826,-0.7441090869569239,2.4331595448032,-1.7153387132710385,-0.5307043131435323,False,6.376139327054429,0.0570577992513278,0.02,0.02,2.0,0.2,0.06,0.0,36,1
1.426773207298342,-0.2142779326890636,0.0341663921568018,16.169891842318965,35.55354577714825,-12.821708238465556,10.25463800895746,-1.1288043745247576,0.4959983734280552,0.2440015604322491,-0.4934511181260068,False,3.8220941280355447,0.0607264335490972,0.02,0.02,2.0,0.2,0.06,0.0,36,2
1.4253416095494675,-0.2043014864582712,0.033344301287841,15.342897049124891,54.32410727816887,-13.065648243431069,11.02098464464586,-0.5755986563772316,2.840870966401952,0.35438815935262,-0.4911735771380956,False,3.84874441417676,0.0603671561438361,0.02,0.02,2.0,0.2,0.06,0.0,36,3
1.4197232634845414,-0.2070656925010229,0.0253683231742102,16.08347405080478,126.68176750495088,-11.96142961713842,13.515738231539393,-0.579724349410166,0.7631827511787719,-3.066315150332018,-0.2296452837632002,False,3.984963762872886,0.0492017885394262,0.02,0.02,2.0,0.2,0.06,0.0,36,4
1.4398633560302845,-0.2154383709253761,0.0223462095975493,15.413167114043128,40.469499831729145,-12.839739529498145,13.217069206680534,-1.083568441801841,0.1573239925759872,-2.099557680696328,-0.1116348155388611,False,4.227231829773622,0.0923076923076923,0.02,0.02,2.0,0.2,0.06,0.0,36,5
1.4280148356429505,-0.2114595938583369,0.0436051635885355,15.563176795766424,42.31135778997008,-13.45675273714671,11.42062349641544,-1.8519705774022963,-0.9623076782034812,2.702085789668132,-0.8021813194345526,False,3.350438833605816,0.0449135219058658,0.02,0.02,2.0,0.2,0.06,0.0,36,6
1.4059444531908607,-0.2134077597463355,0.0361186553603897,16.232795215190055,57.26332995925796,-16.032404995338055,5.674052557765468,-1.4588908313694031,1.7689077336564567,-1.6599142627957657,-0.5592616809498151,False,4.122143010721814,0.0412282848850508,0.02,0.02,2.0,0.2,0.06,0.0,36,7
1.4435618490682105,-0.2177174294664161,0.0310936475798505,13.598722104250877,-4.499070837769728,-10.485669339579731,13.30585394334447,-0.2904961157404808,1.0509829317092862,-0.4214426425635339,-0.3858611808917267,False,4.828750877206204,0.0422941686238849,0.02,0.02,2.0,0.2,0.06,0.0,36,8
1.433149566414045,-0.2159270595911268,0.0293073964597611,17.13830323892715,3.1874304442449044,-13.843909041079652,10.867617601997908,-1.6785221278994715,-0.0093144176649887,-0.1728025350205191,-0.3336227697088113,False,3.931731085937856,0.0563689824497081,0.02,0.02,2.0,0.2,0.06,0.0,36,9
1.4325821668682153,-0.2122200272838429,0.0255430849833992,15.800821255421932,44.97953081001719,-13.493516024457188,15.796122117923776,-0.8096363607566103,1.2125200105356926,-3.384119819586716,-0.2220957239754594,False,3.9893107511214816,0.0923076923076923,0.02,0.02,2.0,0.2,0.06,0.0,36,10
1.4316179262636457,-0.22601418667062,0.0325019957928829,16.353782999856268,33.31256737481776,-12.982955108964145,16.8168622458949,-0.7379514952031798,0.4012350270105148,-1.3339287299464953,-0.4117327417869464,False,4.577442735020424,0.0773396227008139,0.02,0.02,2.0,0.2,0.06,0.0,36,11
1.4342726601645686,-0.2067285145858342,0.0367954725644531,17.519111194944486,11.680695287476054,-14.758472881109888,16.760436310924135,-0.7647084539329403,0.3499045810511841,0.0159792297458172,-0.595250327446625,False,4.549687709591443,0.0516267146489229,0.02,0.02,2.0,0.2,0.06,0.0,36,12
1.4298981853709207,-0.2216835608674662,0.0425280755196198,15.447349622998434,56.42983681062167,-16.310494336002037,10.427560663252894,-0.4707706356008776,-0.5990083649309474,-2.4400856587460744,-0.743063979423662,False,4.44124442950288,0.0667935995973252,0.02,0.02,2.0,0.2,0.06,0.0,36,13
1.436729898717309,-0.2169086482284523,0.0332599242299342,15.536681107346125,15.197037596028665,-16.809713657116067,11.732007130111228,-1.0007563709942942,0.0088737122298777,-1.452058088969846,-0.4575330256865726,False,4.68375670211337,0.0463679484430138,0.02,0.02,2.0,0.2,0.06,0.0,36,14
1.4228708479530725,-0.219307109706119,0.0250436192945846,16.193094445708287,19.847667660586577,-12.147647578186644,13.009771958865326,-0.8572466128796205,1.577417147429429,0.8381474082860492,-0.1896865032548387,False,4.635350377772483,0.0374247224622104,0.02,0.02,2.0,0.2,0.06,0.0,36,15
1.4361865914883545,-0.2100282911492677,0.0253722192074528,14.092672632134583,14.111939716828244,-13.805420937199813,9.881091440598023,-0.6320317932425654,-0.344981263211941,1.5343044581406526,-0.2216719203909479,False,4.230933466909849,0.0642525935515615,0.02,0.02,2.0,0.2,0.06,0.0,36,16
1.432089699457249,-0.2201081399275228,0.0407054019826077,15.822335054550694,75.29354229986208,-16.585537118310004,7.854084134576482,-0.8481475640927143,4.449907212366616,-1.951089603753404,-0.6883879456499583,False,5.899393564390153,0.0499142301331321,0.02,0.02,2.0,0.2,0.06,0.0,36,17
1.4140726446826726,-0.2179076345922308,0.0312084473282042,16.52701009196828,49.31253077050248,-12.97554483210841,9.459531187804892,0.1402273259760996,1.891551875858572,-1.8123380105325535,-0.3908476328002223,False,4.729544202732147,0.0518381201989497,0.02,0.02,2.0,0.2,0.06,0.0,36,18
1.4245991063150676,-0.2107788650783537,0.038285736155936,15.98843679406184,34.72513430158022,-14.206664294967856,9.747897247061738,-0.8493068662496892,-0.5917937056060258,-0.8255028673314291,-0.6337983344230007,False,4.522845880180748,0.0643260827610617,0.02,0.02,2.0,0.2,0.06,0.0,36,19
1.4244447279259875,-0.2118996769794809,0.0373218422257082,14.375770641407668,47.0110937920886,-16.24894574761195,14.057046837366846,-0.4073082794362548,0.153183216425724,-1.438728621733133,-0.6002730427963493,False,4.198359236433553,0.0507867780614906,0.02,0.02,2.0,0.2,0.06,0.0,36,20
1.4139309093912151,-0.2160391331872874,0.0376925140252184,15.823755885648534,35.46375574814796,-14.32469525402321,9.356578681727616,-0.7542189142075106,-2.665700161577017,1.4880113980945966,-0.6028306745940286,False,5.034545117129164,0.0413302642814923,0.02,0.02,2.0,0.2,0.06,0.0,36,21
1.4260555421756451,-0.2175969694392348,0.0205757993499937,15.78590969160586,40.590928221724354,-16.340429568982337,8.987776067754455,-0.7106848374737166,0.1813804572300719,-0.1028738823877575,-0.050629520015098,False,4.488814309277231,0.0923076923076923,0.02,0.02,2.0,0.2,0.06,0.0,36,22
1.4381455516212398,-0.2114342115797882,0.0351506081747913,14.588943991889725,37.13093915946386,-10.075223425951418,9.467641995262682,-0.8239840531346185,-0.3686938087904441,-1.1818880172453368,-0.5310886207045565,False,4.7011072228399895,0.0759640512320074,0.02,0.02,2.0,0.2,0.06,0.0,36,23
1.439921205332752,-0.2173958267179804,0.0280071053715523,17.0437884639203,6.893203799387326,-12.31897235114154,9.697107040540086,-0.8228376988444304,0.3883154097622711,-1.5470600565154264,-0.2880821154465585,False,3.8056103074556487,0.0657664256799444,0.02,0.02,2.0,0.2,0.06,0.0,36,24
2.8831524411352825,-0.371674575846209,0.0440763814409819,19.421440618469735,-1.5998097530767277,-18.184350061099572,12.483603346906396,1.0927885452730377,2.0961154536621205,1.8962319538807373,-0.345436077612405,False,5.545853317866023,0.05642862163456,0.02,0.02,2.0,0.2,0.06,0.0,40,0
2.890484837473728,-0.3973647628945389,0.0448995575903939,18.05606996753667,7.185584575773409,-14.533892649480398,20.43927002140744,-0.6095055488782782,-0.8558409881386402,0.1949325770365931,-0.3096813216972898,False,5.939602045433367,0.055041760046335,0.02,0.02,2.0,0.2,0.06,0.0,40,1
2.875924173818401,-0.3720473839668067,0.0438236601757976,19.56024983976775,21.84139679248321,-14.416147064486614,17.690456629075534,1.4557357641202748,0.9644099407921104,-2.300108986978156,-0.3368879536760853,False,4.4596476044988655,0.0474535085309704,0.02,0.02,2.0,0.2,0.06,0.0,40,2
2.8716699502552605,-0.3726337716336076,0.0507269792934102,19.401259390177987,29.492956706984817,-19.849340927427907,18.338081523989047,-0.9922640255782652,3.8992344681853153,-3.4873916100104028,-0.5566420884531527,False,4.35617847834792,0.0367492032660876,0.02,0.02,2.0,0.2,0.06,0.0,40,3
2.876425771703536,-0.3807039697538517,0.0425017063563144,20.643714080368216,22.538798496856888,-24.79321391336757,15.156093742448064,-0.7731300491416278,1.007881987144466,0.7371304484342631,-0.2737795296906062,False,5.619177854219587,0.0542637947784366,0.02,0.02,2.0,0.2,0.06,0.0,40,4
2.874546756093386,-0.3836870170993311,0.0523641156188944,22.37484601502767,49.6806148395712,-19.378441875271804,16.970742487397064,-0.9309030924125808,0.8390872034249901,1.885565277640143,-0.5823300534006233,False,4.272377915307685,0.035919947987579,0.02,0.02,2.0,0.2,0.06,0.0,40,5
2.884875918200295,-0.3791079753501972,0.0370634173379922,20.461508700082984,-16.437239965873005,-13.461984418698636,16.805864268021782,-0.4191790592307433,-0.2557003358067502,1.2236219962104655,-0.1030776588832609,False,4.097891489712414,0.0656164053723369,0.02,0.02,2.0,0.2,0.06,0.0,40,6
2.888754165647494,-0.3766399410805496,0.0450979174697517,19.08467396717052,26.028386244608384,-22.389001140754345,18.207485494892666,-0.268023807075998,-0.5539546601881966,-4.845234238692409,-0.3658722504998866,False,4.733120342034797,0.0923076923076923,0.02,0.02,2.0,0.2,0.06,0.0,40,7
2.8670842408610446,-0.3739718859117462,0.0506344360255655,16.84115192887411,9.932766612344128,-14.468200651566688,19.09921603016654,-0.658002599767546,1.6472683221573028,0.7092926352754862,-0.5507443721782448,False,5.585099157357921,0.0441788677639926,0.02,0.02,2.0,0.2,0.06,0.0,40,8
2.864691660469484,-0.386912157240612,0.0524574040297447,18.881505972486345,63.72128775271678,-16.4243519268057,18.89605648016462,0.661158348610773,0.1211055743538688,0.2728522126335634,-0.5781662519461948,False,5.62620181029914,0.0376285962083005,0.02,0.02,2.0,0.2,0.06,0.0,40,9
2.8893458417266165,-0.3679028990174191,0.0424357474314512,19.92198746187624,36.371262927672674,-22.56145750866392,15.258921168133911,-0.0707375960788294,3.145706565034046,0.6717163965577515,-0.3016162096610388,False,5.571726469191416,0.0610123313044837,0.02,0.02,2.0,0.2,0.06,0.0,40,10
2.8979868994746867,-0.3904686986077057,0.0357762623630163,18.79560098552201,-36.46504705210687,-11.48619240563491,18.46275169453401,1.1300099038587534,-0.4220618396916403,-1.800963497874255,-0.0338363049895491,False,5.5237721204284185,0.052962687523258,0.02,0.02,2.0,0.2,0.06,0.0,40,11
2.883169096264151,-0.3811462645230043,0.0454503359781602,19.132434708830697,66.97163433602532,-21.31234696530232,20.809043354679368,0.9949488837567616,2.781697554104684,-2.3208125107503013,-0.3666695706700678,False,5.6239121413720525,0.0542972402253671,0.02,0.02,2.0,0.2,0.06,0.0,40,12
2.892198432690356,-0.3791889066342956,0.0430029713466932,19.89082635412681,-44.843081047846944,-18.262709973759687,17.93543307211645,0.2635299950865409,0.193384608338952,1.0028849256198986,-0.292509801210453,False,5.566831992707653,0.0455240282276649,0.02,0.02,2.0,0.2,0.06,0.0,40,13
2.866998788126686,-0.3806846577335241,0.0494735641563099,22.33349811789357,-9.919889229675254,-21.768922394337483,16.15898587705141,-0.6870605131478646,-1.913926144673023,-0.0637626057711155,-0.4974909471538604,False,4.454372086769415,0.0355609042134911,0.02,0.02,2.0,0.2,0.06,0.0,40,14
2.8588058060999657,-0.3776492185452282,0.0537208967020967,20.265846044559336,96.36175565641052,-20.309284330617967,14.51441050125481,0.4641591811294057,0.2395520785236306,-2.427271789008983,-0.6411822215925502,False,4.130499133199689,0.0409456650659312,0.02,0.02,2.0,0.2,0.06,0.0,40,15
2.858888823444985,-0.3809145355542416,0.0580780211832084,18.19655249532533,53.83601240648987,-14.632700126668029,15.325298593968784,-0.4236134344983249,-1.3651419868336807,0.5327830418087359,-0.7727684631257927,False,5.414158213498499,0.0658523322669465,0.02,0.02,2.0,0.2,0.06,0.0,40,16
2.859562537195545,-0.4000125274891895,0.0474198916738394,20.74514391156081,24.666394341582663,-17.744640281322887,13.076828610967423,0.1176722007014857,-1.7085704046270571,-1.54603766499831,-0.3858327153570742,False,3.9172365400260296,0.0459321102898572,0.02,0.02,2.0,0.2,0.06,0.0,40,17
2.8661727393802057,-0.3830993865357044,0.0601471211602901,18.05987092358835,39.10848574381822,-18.93269832414877,14.425528115293654,-0.0852574160788795,2.266559192505314,0.5936718005010658,-0.8332989850807808,False,5.886359447581075,0.0540536344844286,0.02,0.02,2.0,0.2,0.06,0.0,40,18
2.878629556096842,-0.3826259863051469,0.0511822121734918,18.64874450395362,70.18097185508971,-16.338738767955046,15.826397606705443,-0.1641659279942698,3.6723982956726857,-0.5076104659703685,-0.5468106490535751,False,5.258105718368134,0.0401179983546014,0.02,0.02,2.0,0.2,0.06,0.0,40,19
2.8730066278420363,-0.3717749119266289,0.0529836747531805,18.65564343930153,5.712356668233989,-18.79152592465987,19.090482538718987,0.915805983896756,0.5073439318231818,-0.6100292197409447,-0.6308374058073458,False,4.463541711544733,0.0486808320967761,0.02,0.02,2.0,0.2,0.06,0.0,40,20
2.8915522446854776,-0.3811200252057814,0.0405867369666881,19.715403801274448,-10.30954705348018,-15.430755937386742,15.045313214822954,0.6640910059079254,1.5075106435907697,-3.442593420749412,-0.2105943877590184,False,6.525450782878181,0.070746510898697,0.02,0.02,2.0,0.2,0.06,0.0,40,21
2.8817531410833386,-0.3739511843417316,0.0431439616545534,21.05745812159257,19.570859534853167,-15.944095479954408,13.41696700453183,0.1631404904489778,2.1329921099728653,2.282961387398669,-0.3102187420605544,False,5.932958825913733,0.0697890169297468,0.02,0.02,2.0,0.2,0.06,0.0,40,22
2.8834024357633083,-0.3782509085184629,0.0333818191894822,18.25570742676445,-1.1746595401450186,-19.695934435110622,16.149662652492246,-0.8750553801323483,0.6588968000170392,-1.0783193609641843,0.0125881125266775,False,5.045341700207774,0.0595722008785669,0.02,0.02,2.0,0.2,0.06,0.0,40,23
2.9034383575333624,-0.3888486290315208,0.0339776849283416,20.086434905164825,-59.44913981750218,-19.675903131193007,12.625377743469166,-0.0886715745686988,-0.7603759404470222,0.1625369230367627,0.0201570934207171,False,5.067588288767786,0.043970547132465,0.02,0.02,2.0,0.2,0.06,0.0,40,24
5.089486802627918,-0.592139266458331,0.0497191219938863,18.337232416784683,74.1884346355495,-23.434602234793537,8.381533576180743,2.276943403706459,-0.9829501358733934,0.1335489977995019,0.135491543853305,False,7.808524136643665,0.0923076923076923,0.02,0.02,2.0,0.2,0.06,0.0,44,0
5.076785226202216,-0.5946416294379784,0.058686854208653,19.48591129833238,27.253788459838336,-25.21090965746681,20.83586018415547,0.3134369880659755,1.6730611591175355,1.781470530371453,-0.1462323104536178,False,4.809632409777183,0.0515096745286223,0.02,0.02,2.0,0.2,0.06,0.0,44,1
5.06418516444096,-0.6040885227787856,0.0646846485210216,18.439322301394764,20.09920735895295,-13.062779114836564,15.0791421596692,3.1565925854171226,-0.1343289845278457,0.6166739474959012,-0.3162451881371513,False,4.960883119844355,0.0380088569039293,0.02,0.02,2.0,0.2,0.06,0.0,44,2
5.087980126739218,-0.6002669110406349,0.0476968558641821,19.403610267522133,82.33813558196547,-19.98733339173995,18.3162652980883,2.0986561094269884,0.5080782979864665,-1.0842703724948053,0.2196200064480475,False,4.506289845374134,0.0923076923076923,0.02,0.02,2.0,0.2,0.06,0.0,44,3
5.075639779502803,-0.5760820995593986,0.0802773057012548,16.357589864899737,80.69973237052616,-16.181591667338843,14.823871076484377,2.6213639451478192,2.6240871705283686,0.4610050665553553,-0.8817383567274293,False,6.284009260264963,0.0457272359236989,0.02,0.02,2.0,0.2,0.06,0.0,44,4
5.0904603488967926,-0.5854208910062192,0.0605456928428911,19.250439110021528,94.10036374239178,-18.50067309828352,11.2688279796825,1.825111553390952,-3.167737350320478,1.8301188048541213,-0.2270244116237847,False,4.775913507298699,0.0741585530037416,0.02,0.02,2.0,0.2,0.06,0.0,44,5
5.0814108606292905,-0.5921511049021703,0.0526977132559333,18.360774298647502,127.01962833399858,-25.96917085001075,15.408582841476411,0.20190060974741,-4.257193301719698,0.3010387372711872,0.0397204792130996,False,5.210242820857377,0.0372801367372663,0.02,0.02,2.0,0.2,0.06,0.0,44,6
5.0823296686811785,-0.5779193929947417,0.0738634669514744,17.511214364558498,150.28817516377038,-16.243728066899884,12.529206455245866,2.3966316047742016,1.770331546592658,-0.9067111943337074,-0.6716846191389332,False,4.631848349647558,0.0357241969180145,0.02,0.02,2.0,0.2,0.06,0.0,44,7
5.080587491940648,-0.5861290439776868,0.0591448913635307,18.49523267219136,30.937679123769197,-16.8007384797923,13.76876052763199,0.9293030054582478,-1.4234317524862223,2.9856980126477723,-0.1810915685700957,False,4.545296616911209,0.0448365599319871,0.02,0.02,2.0,0.2,0.06,0.0,44,8
5.074782442695163,-0.5909076222936349,0.0565733125195194,19.54726652287983,82.90866472406539,-17.572744515453273,9.034804977200332,3.0701673802300498,-0.6097728720349747,-0.0181259939865122,-0.0876807605581899,False,5.024233998320568,0.0340008264660271,0.02,0.02,2.0,0.2,0.06,0.0,44,9
5.0958551961107945,-0.5810554654045562,0.0635963822398132,19.713793609137237,-35.20208166458968,-23.5258482497354,20.64488094926378,2.435448902806924,-2.32542765895819,-0.4184100624910268,-0.3347998029364416,False,4.787998587496458,0.0413241968997734,0.02,0.02,2.0,0.2,0.06,0.0,44,10
5.058789125780344,-0.6010046474441005,0.0713553151472086,18.023769139793828,91.47545708444366,-17.092245173640077,22.23493218024746,1.8215232356367,-2.1658179165473594,-0.8753327691465513,-0.5374315832980163,False,5.046751243161771,0.0873514842592083,0.02,0.02,2.0,0.2,0.06,0.0,44,11
5.068144803934921,-0.5780417073697278,0.0782181891133344,18.97231274577956,61.53830016342714,-17.84435285528279,14.939370880179872,1.2826586886753844,-0.2667014969446046,0.5589013052119548,-0.8115932657032623,False,4.588984496961339,0.0458225118870245,0.02,0.02,2.0,0.2,0.06,0.0,44,12
5.080036824333212,-0.5959612071403428,0.0793539550623738,16.628149848493667,93.3433607339798,-26.810723233764925,16.731778958241286,1.000690100208405,3.5580260928069194,0.178538897729416,-0.804217455399149,False,4.7400645074950445,0.0389844393946383,0.02,0.02,2.0,0.2,0.06,0.0,44,13
5.057628910975626,-0.5694203462390605,0.080974484177891,19.09809449641704,87.68303565616422,-19.809648940386232,22.158744565965144,1.2190057595159502,-1.709739044365839,0.5796893493726272,-0.9211169280602318,False,4.12935841015208,0.0487338178331584,0.02,0.02,2.0,0.2,0.06,0.0,44,14
5.076205618534179,-0.5922649492196987,0.0688543597333564,18.969479524282683,78.14074979460149,-18.76272575555421,16.033606945588055,1.9405573346114584,1.1975285239345754,0.8541238094203117,-0.4773312962280791,False,4.368475672690633,0.0923076923076923,0.02,0.02,2.0,0.2,0.06,0.0,44,15
5.08882817479468,-0.6089041643482064,0.0722945863974383,20.221961495334455,47.58099248060376,-15.889300658968464,17.674047744892555,2.726736723962209,0.4354210946970747,0.0647469774976403,-0.5467270797946522,False,3.9891061121353526,0.0674620062765766,0.02,0.02,2.0,0.2,0.06,0.0,44,16
5.054652739690682,-0.5809571771936112,0.0726598434056067,22.020857066574287,53.41709193669124,-20.03034908997769,15.714986730576806,1.762190076196564,0.2953806996979424,3.790734233704916,-0.6275385993333089,False,4.83203757511541,0.0510995150648731,0.02,0.02,2.0,0.2,0.06,0.0,44,17
5.080602101349028,-0.5754661196204078,0.0768796808868786,19.72013021313441,28.93500343756318,-24.815391847467588,22.005898613323023,2.6956367817287625,0.9412944869766212,2.9381882506820824,-0.7741949752101982,False,4.40247792837419,0.0539673252988291,0.02,0.02,2.0,0.2,0.06,0.0,44,18
5.074072732507317,-0.5808054150072094,0.070430662315731,16.95195865545945,56.94863096721619,-20.856757950225056,22.340244989207992,1.3885498981334163,0.6622725082917169,3.4587576346039177,-0.5554038341356526,False,3.862671552065644,0.0458752015805815,0.02,0.02,2.0,0.2,0.06,0.0,44,19
5.078197621838503,-0.5665070782965101,0.0652379016340161,20.612161602218137,90.33345661056148,-20.542562271599248,16.076060530253894,1.6011268946972503,-1.246771535483478,-2.372073542787716,-0.4233040070665828,False,5.098146251949654,0.0424343912972799,0.02,0.02,2.0,0.2,0.06,0.0,44,20
5.0698498329203545,-0.5847697666661406,0.0576948341842673,16.580941058846726,108.22550567015148,-22.89968008657294,13.53065285845348,2.2084828244378616,-0.7992011125298382,2.449068711966212,-0.1385962639225977,False,4.444326633962999,0.0547423423191573,0.02,0.02,2.0,0.2,0.06,0.0,44,21
5.057850714139132,-0.6019296155093098,0.0747058028098959,18.09105458582348,55.70251123647164,-23.13354327906065,20.886488410866622,1.850900832527647,3.0738732535979136,-0.1707967504791707,-0.6424835698459805,False,5.022198651117638,0.0453046427405658,0.02,0.02,2.0,0.2,0.06,0.0,44,22
5.095575734801216,-0.5865490466225632,0.0585809288074012,18.22104059894955,3.858197665166966,-17.93947328797604,19.52295375184168,1.715620796812078,-3.1471708163980043,-3.296572952903929,-0.161137465854614,False,3.9113502380778153,0.0402232527428717,0.02,0.02,2.0,0.2,0.06,0.0,44,23
5.088692864170526,-0.5986788770943131,0.0658586036802349,19.20058984342589,81.45064433814292,-15.591410262618645,18.314068696564973,1.5718707964464664,0.8485010906463664,-0.0136206512583642,-0.3653244408909364,False,4.720160877622729,0.0692763913867415,0.02,0.02,2.0,0.2,0.06,0.0,44,24
4.927092036496439,-0.2866667062422233,0.0238195461194952,18.85455178576922,18.49921664195589,-25.287813370583148,15.000650243570783,-0.1004252897454876,3.078840382560098,-1.233964935066887,-2.0652762861242717,False,6.916217398725327,0.1161108408364601,0.02,0.02,2.0,0.4,0.06,0.0,36,0
4.968512042858612,-0.2892142118246867,0.0234731535554341,17.968129166243827,-3.992831927360964,-21.473773298587844,18.707136633844147,0.2398954045722461,-0.6422538802687998,1.827196691137254,-2.012338824144809,False,4.473501337035404,0.1846153846153846,0.02,0.02,2.0,0.4,0.06,0.0,36,1
4.938795077283195,-0.2849119132737095,0.0323678026512845,19.37416191026242,-3.9603761641645496,-27.625891980913355,8.386438532668492,-0.2322175430529651,0.4366492429615368,2.448464056857671,-3.1629624428705285,False,4.389985410955688,0.1183367057556309,0.02,0.02,2.0,0.4,0.06,0.0,36,2
4.946823513343444,-0.2870188186718955,0.0252059407742077,17.880410281995392,3.34326720073657,-22.11806575428411,5.511115881711525,-0.2853271984850226,0.9301758573529392,-0.6626499645672095,-2.2407058434854408,False,4.946981550882723,0.1838822407995423,0.02,0.02,2.0,0.4,0.06,0.0,36,3
4.952224808370776,-0.2646510498980408,0.0239565888896009,17.860561855636384,5.672912279429081,-21.99028826738425,13.822233990498962,-0.0935734438394657,0.780879857150527,-1.1828809753656389,-2.1341473696113766,False,6.444976536006007,0.1047917776123719,0.02,0.02,2.0,0.4,0.06,0.0,36,4
4.961155514658727,-0.2702491855723585,0.0142947496617038,18.7855391975269,1.3470257372581278,-20.47115232469605,13.515448069651343,-0.0377996245943778,0.2683107112366183,3.2133637234532406,-0.8834605804449139,False,4.512147954004706,0.1846153846153846,0.02,0.02,2.0,0.4,0.06,0.0,36,5
4.977705433781094,-0.2842938108876973,0.0114626701984603,18.974790689954613,-19.58390898223792,-26.38298293226493,16.56137879246682,0.1965834174247649,-0.7641360588975302,-0.9051779604267878,-0.4862543132455916,False,4.616065432356623,0.1224699327705579,0.02,0.02,2.0,0.4,0.06,0.0,36,6
4.972722155709735,-0.2881333739910623,0.0110000305480748,19.360687564435167,3.775258085849954,-19.309025484777287,12.927893911448123,0.2917919765011662,0.0161708659421366,0.9386919906083604,-0.4181204832324472,False,6.614612263935338,0.1084757240101309,0.02,0.02,2.0,0.4,0.06,0.0,36,7
4.922214970076882,-0.272572378274607,0.0196657063279922,20.237892413153546,20.901930186436708,-22.61775366798585,17.75772084618262,0.29587713835114,-0.1859636937952163,-1.3374455085583803,-1.5677038039193398,False,6.574421002572135,0.0903500002647547,0.02,0.02,2.0,0.4,0.06,0.0,36,8
5.004318340008958,-0.2772654444098756,0.0165904492619489,19.193914676690465,-4.249670156911785,-14.671286096367526,20.71677160134047,-0.2889436301981479,0.0339971748418644,0.5456923918808343,-1.157881338545229,False,5.651766283356513,0.1178974974121368,0.02,0.02,2.0,0.4,0.06,0.0,36,9
4.96941939344094,-0.271484933497775,0.0207607176165542,18.348227992466484,8.94486102189689,-23.621061765034938,20.7868200232695,0.033608684620963,0.7323271696737838,1.5949117830447233,-1.7076428509178236,False,4.816987112188516,0.1215832184050927,0.02,0.02,2.0,0.4,0.06,0.0,36,10
4.976384676880069,-0.2849718404761961,0.0216350053592779,18.774189395814503,16.085256549882338,-24.109898580532334,13.203060536545449,-0.0948245638983917,-0.1057798666716548,0.1109633490889389,-1.7867651882319042,False,6.161413965681644,0.1179782216133135,0.02,0.02,2.0,0.4,0.06,0.0,36,11
4.981727226514273,-0.2733762567544085,0.0168405592479022,18.746794503241105,2.003604510814469,-28.550650764822272,17.198795296004732,0.2697658143622742,3.4596111486191825,-1.2974461187104969,-1.2005849339300498,False,5.176138357645054,0.1836574756181041,0.02,0.02,2.0,0.4,0.06,0.0,36,12
4.963369868378529,-0.2661151205481325,0.0138349393656412,18.842400011102,12.930033719204967,-32.60971769541459,28.38235025650173,0.4752578109223694,0.0771746365590453,-1.8121804544829776,-0.8343937573838444,False,6.889201639904453,0.1070035238199136,0.02,0.02,2.0,0.4,0.06,0.0,36,13
4.9427532089883,-0.2668181139353161,0.022988838440811,18.678491176509787,8.047293738143631,-27.70527389789554,14.091616629591018,-0.2886869253347346,2.9080605813966787,-0.5564059509298143,-2.0056426544397583,False,5.02328168036961,0.1111684477942701,0.02,0.02,2.0,0.4,0.06,0.0,36,14
4.931903785752211,-0.2719017209730076,0.0152087803215275,18.274850230658814,14.4505169480309,-17.976709613646918,7.776688067985543,-0.0262222934638764,4.118158569351024,-2.660508276711566,-0.9982455236751776,False,6.65503899985674,0.1265709853190757,0.02,0.02,2.0,0.4,0.06,0.0,36,15
4.947201392722639,-0.2808468900791083,0.0170410068755596,17.879038425224834,4.346104518324998,-20.8160192736926,15.439895117858203,0.0405287219220257,0.5658075232575462,1.845475758831447,-1.2103842603184225,False,5.30972344372745,0.1429201632847679,0.02,0.02,2.0,0.4,0.06,0.0,36,16
4.971004400373503,-0.2790503095566722,0.015529709776761,19.722496468742136,-1.0966707654204455,-29.16444117244908,17.040937123855667,0.3534522205416189,2.809077422107786,0.6961043820444897,-1.0198218444669926,False,6.350606725883683,0.1327691796593157,0.02,0.02,2.0,0.4,0.06,0.0,36,17
4.979012102947927,-0.2792342145702808,0.0141759184829118,17.733574878689463,-1.8347535923234264,-22.393246034748536,19.9890620313454,-0.2565412078688803,-3.1807501286848674,-1.7707907859655028,-0.8456147246671659,False,6.336489196874866,0.1013702632339788,0.02,0.02,2.0,0.4,0.06,0.0,36,18
4.978736949068294,-0.2788385323480375,0.0037990812664063,18.69159092176946,-6.042452872656895,-10.75794808340626,19.84260524917764,0.1356926669855754,-0.0884759204093935,-4.767258476282714,0.4816542924793801,False,4.730136686254578,0.1176031423895542,0.02,0.02,2.0,0.4,0.06,0.0,36,19
4.96502987790572,-0.2833552833234578,0.0160736258986945,18.313302806493063,-3.377979111895578,-26.131711158940774,16.349851092367473,-0.2738287805847333,1.3398554866000558,-0.0648086725766413,-1.0794696423822576,False,5.180555894255803,0.1218676401946337,0.02,0.02,2.0,0.4,0.06,0.0,36,20
4.983898885932523,-0.279900856224512,0.0162032543823148,18.808572989862668,12.68106186700664,-23.801031204334805,16.47590689521857,-0.2620042608816758,0.2557900079616323,1.8728250481698177,-1.103220572841517,False,4.597266589224357,0.121528438187776,0.02,0.02,2.0,0.4,0.06,0.0,36,21
4.94624738628697,-0.2791157609733382,0.0165734915114517,18.77389774654521,-0.8604994516535546,-17.285646821549562,15.318441380624671,0.1022811044873951,-0.0297678495379461,1.703956314819208,-1.154754243952591,False,4.894427369113228,0.1412333930350977,0.02,0.02,2.0,0.4,0.06,0.0,36,22
4.9459909789184,-0.2729605111325124,0.0199399671025045,18.819163665069848,4.801644445616383,-21.93252878467348,15.556916149461255,-0.0431975380655772,1.0972581593690685,-1.5544823310010285,-1.600451103667453,False,4.927514306767877,0.1061563906312835,0.02,0.02,2.0,0.4,0.06,0.0,36,23
4.985690025699342,-0.2780672701082022,0.0060499220304518,19.23295767985342,3.896894186633305,-21.268108307688017,21.03717894499145,-0.3195261615551007,2.81885307791466,-0.9633176130702592,0.1921128299038031,False,5.144505510124356,0.161846099539785,0.02,0.02,2.0,0.4,0.06,0.0,36,24
6.925906168626444,-0.3505592742902186,0.0227441888481132,21.70743967545628,4.384548080449139,-25.088312837018336,11.210968260460936,-0.1212112892798078,-2.0136547887096405,0.4387867374944075,-1.654359544144388,False,5.956053974202767,0.1095598724996505,0.02,0.02,2.0,0.4,0.06,0.0,40,0
6.911602618305498,-0.3447301325743697,0.0093631410297056,20.38450151597923,-13.978133387761916,-27.743780430797123,20.77975214813594,0.068681603079796,-2.3730178083407054,-0.8867223687558465,0.0435664234744928,False,4.308279425565915,0.1260772789704554,0.02,0.02,2.0,0.4,0.06,0.0,40,1
6.917225514947082,-0.358217739155734,0.0215069807052326,20.39136392382312,8.925969223646907,-28.41902149096796,18.30883049383868,0.184649714971831,-0.1333214817775353,0.8513969241398011,-1.4781374253991948,False,6.454042173863523,0.1244231372265238,0.02,0.02,2.0,0.4,0.06,0.0,40,2
6.960565355133336,-0.3450021796045761,0.0147562502946848,22.250192415260887,3.822243630618776,-30.10702234962838,21.99337195461875,-0.419364507415693,1.4161067114878405,0.0770804686331466,-0.6431608853606765,False,5.713900002569896,0.1054040709347297,0.02,0.02,2.0,0.4,0.06,0.0,40,3
6.920598689275468,-0.3450710568796225,0.0217504714137642,22.07342431608556,-25.41505704645774,-19.48466917342957,24.96644260863464,0.186918899454948,2.0997488840667247,0.509544766338852,-1.5406538830942025,False,5.208556381142504,0.1237794681966292,0.02,0.02,2.0,0.4,0.06,0.0,40,4
6.924686069585465,-0.3527766165746565,0.0239820886175121,20.622560581677,-14.299717607129503,-31.953692184845043,11.605930601569051,-0.1521026165037463,3.17390233692566,-1.9781307310815208,-1.8075622990872475,False,6.009551947368359,0.1226443294145245,0.02,0.02,2.0,0.4,0.06,0.0,40,5
6.9362909192593465,-0.3498131854803643,0.0141183171303665,19.55732755894584,-21.118523227287906,-28.545662623974412,20.3084121419128,0.0924308421886248,0.2336138818839459,-1.8610829037699408,-0.5514154923784871,False,5.296480291085099,0.0842196731556852,0.02,0.02,2.0,0.4,0.06,0.0,40,6
6.870979267889767,-0.3479867095433519,0.0325490161326402,19.188110786090096,3.9790395296156658,-35.38673025173573,26.338900090540516,0.1454267267979184,0.956092030763316,3.2236694674806263,-2.918847206000525,False,6.695021937675695,0.151670504027409,0.02,0.02,2.0,0.4,0.06,0.0,40,7
6.93260592559503,-0.346724704698849,0.015090078945783,20.64261216902927,-7.798096419756288,-18.25478578447402,7.633485796351377,-0.1647029964972836,-1.257565335366052,2.5979908772699485,-0.6834344582472967,False,7.011304353079258,0.1812283250588651,0.02,0.02,2.0,0.4,0.06,0.0,40,8
6.887475783902196,-0.3641846597197224,0.0206101659628913,23.0223324092828,2.73093802764948,-19.766348818426785,10.692367088940983,0.4241717392687492,0.760910017555669,0.7685486724768976,-1.3508095128886326,False,7.193688131535165,0.0919685691355802,0.02,0.02,2.0,0.4,0.06,0.0,40,9
6.892949247228118,-0.3639365373000958,0.002091699266191,19.96066681426306,5.63446301591736,-23.127249459678595,19.563426823050094,0.4759651004223877,-3.4356268336391267,-0.2293996939405338,1.01928713828146,False,4.108050496762812,0.158006623311485,0.02,0.02,2.0,0.4,0.06,0.0,40,10
6.874528916583011,-0.3481767336762137,0.0411690544156371,20.294806658532607,27.04247409790991,-29.28110379745063,12.970160177997125,-0.0086065278369396,-4.884507833572997,-5.999216451463235,-4.021543069383657,False,6.010995274204952,0.084545859766016,0.02,0.02,2.0,0.4,0.06,0.0,40,11
6.897463272352984,-0.346640140877793,0.0245784548034146,20.357869432349823,6.708445628210236,-25.181845548307106,18.177896316111067,0.4609313553904066,2.551416412882164,3.9378309906165936,-1.9002580803891984,False,6.592474316533234,0.1222537113607201,0.02,0.02,2.0,0.4,0.06,0.0,40,12
6.9355983662573015,-0.3606080068374315,0.0136388308641843,19.425340464868587,-16.249088811894456,-20.962039532645736,17.66920953567215,0.9505230642634008,-7.092014089915822,2.0209531775685226,-0.4641752322303265,False,5.1880345731768704,0.0956692277788425,0.02,0.02,2.0,0.4,0.06,0.0,40,13
6.927121470909938,-0.3420867555700131,0.027409144949336,19.943023848870613,0.3387423505641441,-24.571587048534663,13.350224340619246,0.1705413776017921,-1.6248175918287246,-0.2111696721496763,-2.271735051892392,False,5.388958486448384,0.1846153846153846,0.02,0.02,2.0,0.4,0.06,0.0,40,14
6.9384817998026,-0.3495783712608225,0.0134761476257546,20.7790005686132,-40.52515918155388,-24.38711607118055,10.48964263551964,0.2861120291634728,2.0254997294796167,-0.3748480827050216,-0.4696498970824632,False,5.963971755429188,0.1133996707326595,0.02,0.02,2.0,0.4,0.06,0.0,40,15
6.948255916743032,-0.3495701559534636,0.0131909078568158,21.08924654954939,-45.46907091870388,-30.537840232041987,19.23875512236416,-0.4169302505857292,0.5500553935277105,-4.343977931858371,-0.4325724763795346,False,7.2640326533127935,0.1102108979207525,0.02,0.02,2.0,0.4,0.06,0.0,40,16
6.893970050265615,-0.3486805614210754,0.0247332759439782,21.389797859721067,-26.713214611491992,-25.109303497925712,18.444047546904013,0.3403486519041745,-3.0735901399458347,-2.647817584416218,-1.915387770402703,False,5.417368842933596,0.1067325005257507,0.02,0.02,2.0,0.4,0.06,0.0,40,17
6.928010349540901,-0.3649089966175791,0.0258411062271186,20.38671468135626,5.1461635929474925,-31.68891336961727,22.615984483292472,0.0503771869951924,1.584348082954535,3.2132965942710308,-2.016199384216541,False,8.001834027288062,0.1152199293872629,0.02,0.02,2.0,0.4,0.06,0.0,40,18
6.913520007154795,-0.3511520913669455,0.0033514878004612,20.36723186235908,-9.036194368740784,-16.749815297137726,15.380185932196332,0.01477038892675,6.500066579452728,-0.1825820839157415,0.8285857812509185,False,5.902369497896537,0.1490320892402702,0.02,0.02,2.0,0.4,0.06,0.0,40,19
6.918688134467388,-0.3438930436987452,0.010599578030969,20.693884100201203,-4.810410211087285,-38.59816302097255,18.770536294104037,0.1038839798530238,-0.9351546959552144,-0.7796073888353143,-0.1162813950190104,False,6.009306254505426,0.0897125896751911,0.02,0.02,2.0,0.4,0.06,0.0,40,20
6.922819635870316,-0.3571502209601715,0.0136959141811697,19.67714851927153,-4.742857350543744,-35.06286824109978,21.04630723504663,0.5371996957570964,3.077721468977673,3.4814279010979856,-0.4805473067330947,False,5.795437070082127,0.125922871799967,0.02,0.02,2.0,0.4,0.06,0.0,40,21
6.883127187773131,-0.3610115047531839,0.0243097332465341,20.25377388520532,0.8883659303318165,-36.2149148212811,25.03041104056741,0.0678970911805034,-5.604203758831039,-1.3980162096081228,-1.832230612882342,False,6.152448709759945,0.1486715489197207,0.02,0.02,2.0,0.4,0.06,0.0,40,22
6.930455586052744,-0.3680626206136765,0.0131488267640436,19.385663472066906,-21.71201509048045,-24.54791040032972,23.039720266948358,0.1878957782036666,-1.5537807882763135,-1.9319603882569405,-0.3838722011615936,False,5.577645895361139,0.1179269790673468,0.02,0.02,2.0,0.4,0.06,0.0,40,23
6.874104463886625,-0.356031100142444,0.0281436995984935,19.88289770089449,20.759581853544024,-33.223793049946146,4.9547012299148605,0.4907954817299518,0.576678952605692,0.0595954132655779,-2.335472640432113,False,6.881076865443504,0.1129844356532447,0.02,0.02,2.0,0.4,0.06,0.0,40,24
9.177857889177783,-0.4203739529897944,0.0279672275634953,21.82733120962884,12.570111423472678,-31.340997734142142,17.601472229829398,0.9578860319472188,2.00728594031108,0.8403618255062171,-2.0202361676012277,False,5.178196775209,0.1227368716287711,0.02,0.02,2.0,0.4,0.06,0.0,44,0
9.151186126971886,-0.4270674819998269,0.0308795845301726,20.859421021975585,19.567057188257635,-15.59990425085486,14.619252920483316,0.210948058072848,-3.773154873420391,-2.257996667083136,-2.378553695444203,False,7.335817091760236,0.1308376598329866,0.02,0.02,2.0,0.4,0.06,0.0,44,1
9.17115775987074,-0.4407636416583186,0.0125912562419799,20.415923999956917,83.33196432736187,-29.650985605731652,21.159000993489304,1.4121673006157305,-1.5382223499112058,2.607902124136874,-0.0035785934012266,False,6.144208200219675,0.069306707327617,0.02,0.02,2.0,0.4,0.06,0.0,44,2
9.217135699008992,-0.4329472146398645,0.0071185401676569,22.879744200139744,-30.17407155634073,-32.859096059500864,11.153839893249948,0.7588316345267325,-0.8825226457004255,-0.3496859861023151,0.6809283156161181,False,5.836850324357873,0.0844948806424256,0.02,0.02,2.0,0.4,0.06,0.0,44,3
9.20419834248244,-0.4306905961491696,0.0230073610036431,20.825127945999416,2.647362729234476,-33.99239482887628,26.84452111942877,0.3880475575495081,3.5508930028041945,0.2249593778265508,-1.3590328771593674,False,5.992137616690697,0.1419311670936891,0.02,0.02,2.0,0.4,0.06,0.0,44,4
9.21003450576985,-0.4338024972850247,0.0165906567982252,21.92930528517838,-25.89751038976936,-29.78615297911069,15.82955699661827,0.6669662821502562,0.4026511615062211,3.0687972784508624,-0.529876006342578,False,5.543533216081265,0.1121793462384528,0.02,0.02,2.0,0.4,0.06,0.0,44,5
9.141596568419027,-0.4356632946854887,0.0204228540555787,20.83577430658833,4.152332837027238,-29.14445754939639,27.38474662402652,0.3248614196381424,-1.015987868466769,-1.10623966733781,-1.0200376177637602,False,7.673983351204296,0.1035291083216607,0.02,0.02,2.0,0.4,0.06,0.0,44,6
9.15511615269292,-0.4175866564689262,0.0217155602403905,20.13160225823728,3.2787547345142825,-34.66281222433292,20.495266398007413,0.5043411718094044,-1.2096567988913889,-0.3043634487659831,-1.2280767660829914,False,4.658537782060757,0.1179671797856964,0.02,0.02,2.0,0.4,0.06,0.0,44,7
9.139301737886749,-0.4403019297535713,0.0229568640529797,23.309521617376152,4.174271837452513,-21.12711412674386,13.69665057401233,-0.1103012637316803,0.4373025579797144,-1.4039809706103554,-1.3333958630996343,False,5.977323051856796,0.1138155782951167,0.02,0.02,2.0,0.4,0.06,0.0,44,8
9.14950053417244,-0.4363540970798685,0.02069773921603,21.159099955086983,-17.680256950813163,-33.17055966523144,18.770502698699676,0.6780964408916423,-3.792552538181664,-2.3978054095454238,-1.0530907546098145,False,6.96509867393402,0.0980076877612856,0.02,0.02,2.0,0.4,0.06,0.0,44,9
9.203024844095378,-0.4176655255813999,0.0209796793502314,20.78224100376228,2.4625380639288617,-28.66267291100145,17.41732064123047,0.1302381340044805,0.934892344809792,4.07825356725945,-1.1308202047885405,False,6.815395160241198,0.1846153846153846,0.02,0.02,2.0,0.4,0.06,0.0,44,10
9.178963631538432,-0.4319546743052455,0.0368081591519803,17.55495448292151,3.478164277985792,-33.744131852121654,27.00117676174909,0.7597711395290012,1.995456283845008,3.307588169591616,-3.1240153352285933,False,5.133619872256457,0.0897720731709529,0.02,0.02,2.0,0.4,0.06,0.0,44,11
9.178325165104669,-0.4256428375279903,0.0248975627372328,19.592845383762388,-15.296525768002546,-38.72675904974569,15.614315983657976,0.4509170799441607,-1.0152118334653946,-3.806589528145835,-1.6146457103923493,False,5.073335802328892,0.1301279523886461,0.02,0.02,2.0,0.4,0.06,0.0,44,12
9.212096284306115,-0.4378894308951556,0.0222107133270504,22.463050530967784,7.133978221812937,-26.203001790577684,29.070755429247505,0.6105126258419856,3.584361663850661,2.034779748502462,-1.239310894655718,False,8.424662822391658,0.0955832100056339,0.02,0.02,2.0,0.4,0.06,0.0,44,13
9.16340211364579,-0.417679306335129,0.040035460200385,21.043758997522843,2.9693647689100837,-33.29092328116083,18.97660554214012,0.0486182211652452,-1.107238473836501,-3.092472709869432,-3.572304443626228,False,5.703650665033383,0.1284027060662451,0.02,0.02,2.0,0.4,0.06,0.0,44,14
9.15045831202728,-0.4297025100111371,0.0131400494416542,21.150984394154467,5.639032057507115,-32.08591641985456,10.13504490706865,0.238476912532898,1.2095786804563264,-1.4829273138924712,-0.1016128057833758,False,5.004382047877505,0.1518019294827921,0.02,0.02,2.0,0.4,0.06,0.0,44,15
9.166963363615707,-0.4329292144568402,0.0254729568056486,19.218292817691623,10.906638386696155,-23.234307138714144,20.96694385845787,1.007400882995103,-0.4741275906180266,1.2067143780773553,-1.6714905546096732,False,4.56548697571676,0.0978581533817043,0.02,0.02,2.0,0.4,0.06,0.0,44,16
9.198150014298529,-0.4328550141092059,0.0238051633091807,22.42368175058206,-0.4315288181519151,-39.14577647101152,14.345479001520175,0.8649686609421905,-3.756245939481012,-1.4031354853741946,-1.4563198688551244,False,6.695672428257983,0.0947119968424632,0.02,0.02,2.0,0.4,0.06,0.0,44,17
9.220201118814495,-0.4442371386558849,0.0211350470846577,20.46847180558319,-34.23104190499625,-38.2713055258109,21.55000541478581,-0.2008476682002333,1.7764580876520668,2.7060362299495457,-1.0859048269332003,False,6.246115837965583,0.0912912604615995,0.02,0.02,2.0,0.4,0.06,0.0,44,18
9.21566605828833,-0.436611426684417,0.0148072587902116,20.45639035358217,-34.59859813490984,-30.405619613669234,16.189883477095435,0.4274059665741943,-0.6033298128767234,1.82174968715118,-0.2945217376071869,False,5.045489918433359,0.1235593095354542,0.02,0.02,2.0,0.4,0.06,0.0,44,19
9.159544380194037,-0.4291306315624208,0.031473027368289,23.46294740961387,-23.1634058873429,-35.0218647043184,8.604340121163164,-0.0394295858402059,-4.407936543266313,2.921791618083025,-2.449061324579545,False,4.296460448976991,0.0741039201846467,0.02,0.02,2.0,0.4,0.06,0.0,44,20
9.167254241197936,-0.432945622556151,0.012838459318712,19.974700246948768,20.65199843746357,-22.81042653628757,24.9271721416814,-0.2819145169437023,3.118171030320911,0.6506734692519441,-0.054218044188498,False,4.933209631862336,0.1079302302199382,0.02,0.02,2.0,0.4,0.06,0.0,44,21
9.125841261578929,-0.4154021854607685,0.0228852494743703,18.77184172490091,21.94012440594025,-34.040316564878545,24.72324360079404,1.2011598834713932,0.6171908920275089,1.2623139753519168,-1.3847962119188213,False,7.161470111652158,0.0858013555446508,0.02,0.02,2.0,0.4,0.06,0.0,44,22
9.18717780294705,-0.4548387369828441,0.0182579610238522,21.08646213493622,3.398709910074055,-30.247813959409672,14.468566504469496,0.4729861044349974,0.3913496011888457,-0.7126804669612924,-0.6941753741174339,False,4.174072021232544,0.1846153846153846,0.02,0.02,2.0,0.4,0.06,0.0,44,23
9.163137201211969,-0.447768237411956,0.0227349771066644,21.892941832306786,3.631749380594461,-28.59304248723109,21.470617906193592,0.5024889734440218,-2.997393184719327,-3.609058391519022,-1.285645067791643,False,5.104727245057132,0.1474835091780477,0.02,0.02,2.0,0.4,0.06,0.0,44,24
1.4402092832628028,-0.2686379416550299,0.0388050173862249,12.388041509506223,11.009448383095002,-10.378567151568884,12.20958964522985,-0.3975098355472087,3.2715325250629994,-0.7168679511959516,-1.241760556359198,False,5.436216899977491,0.0923076923076923,0.02,0.02,1.0,0.2,0.0,0.0,36,0
1.414275161093584,-0.2607779687265985,0.0509598619423922,12.06405922450062,100.48619161946526,-11.122507513166102,11.832297585661568,-0.5096634856073657,0.2743431918429514,-2.8109309348380545,-1.630715582156551,False,5.463772844357109,0.0609477288668071,0.02,0.02,1.0,0.2,0.0,0.0,36,1
1.4441209488227509,-0.2704571101401995,0.0402777056037727,12.529318237891149,6.095057793444083,-11.391349343678185,11.694149399266152,-0.6066135526655032,2.8078037812156174,0.0921214140586883,-1.2888865793207267,False,3.993800210487901,0.0591710129707366,0.02,0.02,1.0,0.2,0.0,0.0,36,2
1.4280873300883388,-0.2679266018302386,0.0434307961702301,12.846358808433395,81.41126456689602,-10.474734826871623,8.827758334525061,-1.2548511595746723,0.3909034753833283,-2.0731595997513703,-1.389785477447364,False,3.696581062699698,0.0350680012000681,0.02,0.02,1.0,0.2,0.0,0.0,36,3
1.430359347554245,-0.2579692261091438,0.0455078359060538,14.09262724640656,-0.2269997061353626,-12.484691758861675,8.627340303468646,-0.8889979572161865,2.640749329494961,-1.8124261307299117,-1.4562507489937242,False,3.9660185439498,0.0647513477584881,0.02,0.02,1.0,0.2,0.0,0.0,36,4
1.4344385572421974,-0.2690807484888412,0.0471993935979921,14.810521967819094,-3.0516453636348477,-9.21394567732192,8.542331748477862,-1.225246456331324,0.0279930035930568,-3.033115616662509,-1.510380595135748,False,3.647227998255017,0.0634958729899023,0.02,0.02,1.0,0.2,0.0,0.0,36,5
1.4535979748792076,-0.2660994629244778,0.0429782010783959,13.25406971928788,-10.066295548869098,-10.779532730083927,12.241794055876335,0.4811735376599115,3.822304096234326,-2.9389836917112726,-1.3753024345086695,False,5.610271263651935,0.0525402474182332,0.02,0.02,1.0,0.2,0.0,0.0,36,6
1.4361502712267111,-0.2700506666682074,0.0404163962065502,14.793267375077845,-28.07253877600356,-10.372485549161498,12.750480978596295,-0.8498952443668151,0.6961721674235175,-0.7449407114774744,-1.2933246786096078,False,4.825962535507581,0.0424950809755066,0.02,0.02,1.0,0.2,0.0,0.0,36,7
1.450782603246198,-0.280123462391721,0.0322147119423761,13.833451415061296,-72.0030909975628,-11.41962552298157,6.829944610945498,-1.7597197908653277,0.4318611491214927,-1.723827319684425,-1.0308707821560374,False,4.3705725122800105,0.0394611330247601,0.02,0.02,1.0,0.2,0.0,0.0,36,8
1.4369343087396718,-0.2489011878506897,0.0390111232017918,12.603269538351917,19.89534489495879,-8.193844472494945,12.676840095794148,-1.4152818202736417,1.409826619934332,0.2038192642516908,-1.2483559424573398,False,4.786062222285266,0.0541328546078375,0.02,0.02,1.0,0.2,0.0,0.0,36,9
1.4383379064602426,-0.2707857802958875,0.0373362682110003,12.25046410105676,-18.696269446896828,-15.139166350065535,9.764592325120653,-0.7973552705548812,2.7835523868348044,-0.8692532317413341,-1.1947605827520125,False,6.470209288274042,0.0726283022318352,0.02,0.02,1.0,0.2,0.0,0.0,36,10
1.439918691332436,-0.2679689175840735,0.0353680207324861,13.907035838904232,9.58519801613563,-6.001991176250353,10.219339909594346,-1.2884758978637592,1.2955595076646125,-2.1208935410487206,-1.1317766634395572,False,5.601731629288196,0.0625249865354932,0.02,0.02,1.0,0.2,0.0,0.0,36,11
1.4426712756290463,-0.2738190526946095,0.0381246395825725,12.221984953241131,4.7785985704643545,-13.898391659045611,12.572446270375949,-1.2113020464954614,2.4541175246658717,0.3169293815794395,-1.2199884666423224,False,7.272488700563268,0.0615633090813961,0.02,0.02,1.0,0.2,0.0,0.0,36,12
1.4288625858437305,-0.2594958714634218,0.0350069814579292,13.70821515867211,35.51155580672318,-6.978158038015713,11.00066624745501,-0.3271074376931775,2.3802147087824785,-0.9858718475435616,-1.1202234066537355,False,4.88749556038994,0.0439390872426493,0.02,0.02,1.0,0.2,0.0,0.0,36,13
1.4423192300542826,-0.2726744979634223,0.0427555004746385,13.537859144138386,-1.4642581893684634,-14.527380636839876,9.729412137765282,-0.7743358103907728,2.4923604931930754,0.6342311887435078,-1.368176015188435,False,6.417196585233053,0.0686525573818749,0.02,0.02,1.0,0.2,0.0,0.0,36,14
1.4384205079078136,-0.2631637619033706,0.034726599200477,12.19921210734633,24.05643239795146,-12.853083253414288,11.379243068061356,-0.7841964114770841,2.1194166431097643,-1.5494880143420118,-1.1112511744152642,False,5.621179640139938,0.0580821308960463,0.02,0.02,1.0,0.2,0.0,0.0,36,15
1.424599807053866,-0.2609982727938658,0.0381983686935911,13.110911885650772,15.759044239096232,-8.523260871358223,8.171751378940476,0.0991311142012973,0.0915959846910524,-0.3827464507035826,-1.2223477981949182,False,6.33521055788857,0.0617699639970857,0.02,0.02,1.0,0.2,0.0,0.0,36,16
1.4352705180859069,-0.2582481185202147,0.0457531408305724,12.803707069588242,46.66242335292263,-10.495895590921153,15.065149360784991,-0.746953474948377,0.4438281802590762,-2.4824336797029223,-1.4641005065783192,False,7.79541894556251,0.0455820806556589,0.02,0.02,1.0,0.2,0.0,0.0,36,17
1.432793590917432,-0.2520744009795635,0.0389727320295517,12.592969437724468,99.89428077195568,-14.402232306210069,9.957825065347208,-0.2174445035057906,3.817207751478264,-2.740290611121174,-1.2471274249456543,False,3.184147668965261,0.0362188174514809,0.02,0.02,1.0,0.2,0.0,0.0,36,18
1.445541247884674,-0.2546907962033889,0.0290663261214626,12.48505968215601,7.863916259284847,-10.529900578267393,9.29575807852821,-0.0770543422055808,3.278505571925106,-1.612645498821233,-0.9301224358868048,False,4.6457680697485,0.0918262961771902,0.02,0.02,1.0,0.2,0.0,0.0,36,19
1.4235907125476537,-0.2618156026192882,0.0558868408089886,13.852934226560397,25.660878071366408,-13.08037782322942,10.650786137087344,-1.2199419718457176,5.161295713891729,-1.9830930933471749,-1.7883789058876365,False,4.3490033983595895,0.0657721916050834,0.02,0.02,1.0,0.2,0.0,0.0,36,20
1.4234274772423552,-0.2772635356247885,0.0461009674569321,13.62205216516921,-8.4417284905533,-9.246999910740112,10.743195011145396,-1.2994652531620006,2.21329288526223,-0.7748237999134766,-1.475230958621828,False,3.7249639219108417,0.0437990147993692,0.02,0.02,1.0,0.2,0.0,0.0,36,21
1.4206404288695014,-0.2676691814955441,0.046376554396604,12.268911405060182,45.09286580804393,-10.245584531433028,9.183622900871873,0.3932122640146742,1.7477906853666323,-3.504949543460073,-1.4840497406913302,False,7.022268523258233,0.0394155787625964,0.02,0.02,1.0,0.2,0.0,0.0,36,22
1.4401205958821308,-0.2595387648980599,0.0426030559656313,13.185661029225429,7.494594620924703,-10.921202942178772,11.43870077135172,-1.014701718198473,0.8520202232350805,-1.0876373287638648,-1.3632977909002044,False,4.097866839728365,0.0830533847521229,0.02,0.02,1.0,0.2,0.0,0.0,36,23
1.4438056312361711,-0.2737680855803898,0.0348125155953796,12.702672724119727,21.71184063619512,-14.408762157991667,8.640771004367885,-0.8811788287248571,2.112398977185465,0.6778660881562805,-1.1140004990521493,False,3.8883865241224,0.0540698895624629,0.02,0.02,1.0,0.2,0.0,0.0,36,24
3.155102953087407,-0.4662645143695396,0.0612068330483202,14.748638703828586,-33.30317360190572,-16.206809742566918,16.598804100852327,-1.1079980942498355,1.6473183256847812,-3.8286648320021976,-1.9586186575462496,False,3.815915942823846,0.0451733018365381,0.02,0.02,1.0,0.2,0.0,0.0,40,0
3.201511419602065,-0.4618432960989835,0.0477126979406412,15.756256475263388,57.39782946770349,-17.01204198257746,20.79198815070936,0.1163730550749378,-1.4562920051831778,-2.271680620858863,-1.526806334100519,False,5.80521622038275,0.0399055496612302,0.02,0.02,1.0,0.2,0.0,0.0,40,1
3.1803564599165526,-0.4383278719079641,0.0509123845181693,12.980847042689163,-26.0217492294124,-19.046167044307303,15.73884730365747,0.7940530580976061,1.8566338949282015,-1.2915971658228165,-1.6291963045814184,False,4.443906715646736,0.0486342754193208,0.02,0.02,1.0,0.2,0.0,0.0,40,2
3.225315909751693,-0.4757158390680627,0.0310935684609188,16.911178191389336,-25.974271064892864,-19.43224410449577,16.381809591612132,-1.1592449245846383,2.3952131882850725,-2.5490142917557,-0.9949941907494032,False,4.40381178687774,0.0923076923076923,0.02,0.02,1.0,0.2,0.0,0.0,40,3
3.192051314466811,-0.4376998404047125,0.054956571910752,17.03314696439104,22.67517183109453,-22.759297480247493,20.736466964950097,-0.0443066568240467,5.936766637829651,0.386468400769203,-1.7586103011440668,False,4.417410740164113,0.0371586550613131,0.02,0.02,1.0,0.2,0.0,0.0,40,4
3.204392525996024,-0.4567917073979126,0.0325631119995833,16.223368788745052,-7.691943438597556,-20.638140543840397,19.29526465836955,1.255135919222499,4.638335862330634,-3.632248533941496,-1.0420195839866668,False,5.769743844306032,0.0563960190424697,0.02,0.02,1.0,0.2,0.0,0.0,40,5
3.1952359924630227,-0.4576927711622238,0.0407075872041055,14.171459084248404,-34.46109206054339,-20.41114834082124,19.48700912858617,1.0882788450680647,3.571220762600552,-3.190641748591914,-1.302642790531379,False,4.254287114783241,0.0443100166817263,0.02,0.02,1.0,0.2,0.0,0.0,40,6
3.190088602923854,-0.4524720793486906,0.0562194586930309,16.300599183847307,33.81004661771411,-28.585261267674664,23.694051126493672,0.9125532725881508,2.5454990039338288,-2.210374203871213,-1.799022678176991,False,5.091117574440088,0.0699551220880425,0.02,0.02,1.0,0.2,0.0,0.0,40,7
3.1642427107628346,-0.4687831179340766,0.0595941965162709,14.70875591147152,16.58611361138408,-22.604803469899707,19.858978366129893,0.8262487997635044,0.2241284025135957,-3.157295437386907,-1.907014288520672,False,4.585739127252289,0.0459386877571084,0.02,0.02,1.0,0.2,0.0,0.0,40,8
3.1664685357652864,-0.4771502620688387,0.0414932231055312,15.798365640499242,30.60898468273293,-18.835834470519792,19.617506149923425,0.6120052707780851,-1.8206402886323048,0.1477495212182392,-1.327783139377001,False,4.282239337185531,0.0654885985164932,0.02,0.02,1.0,0.2,0.0,0.0,40,9
3.1996033125612287,-0.459951995176082,0.0426619343834133,15.60265761088487,11.782066485648404,-22.8962287021173,20.47544275658948,1.3446959376013503,-1.437952033788334,0.7668558562149843,-1.3651819002692285,False,7.294431457721731,0.0476888041454565,0.02,0.02,1.0,0.2,0.0,0.0,40,10
3.177957363965324,-0.451234983795366,0.0663383124843351,15.572737241979064,23.305574764415372,-14.819624065287048,19.20405878448669,-0.128985879832015,3.5508494926038154,-2.684992446677553,-2.122825999498725,False,6.022306924633591,0.0677810104559249,0.02,0.02,1.0,0.2,0.0,0.0,40,11
3.1680708078917648,-0.4589954647490357,0.063805672288713,14.728179083983974,10.468612369816448,-27.329553478964183,21.8522123960715,1.864977124377082,1.3678741846787168,-3.9767241845949615,-2.0417815132388184,False,6.598866155841431,0.0425129452648789,0.02,0.02,1.0,0.2,0.0,0.0,40,12
3.16882825109406,-0.4521428680164883,0.0496362551933882,15.999108768247492,57.20904389097467,-19.69264410292551,14.265333084793197,0.5270635137491493,2.732552342446108,-0.8247953008527107,-1.5883601661884257,False,5.299421904270808,0.0505994605803049,0.02,0.02,1.0,0.2,0.0,0.0,40,13
3.2043360944950146,-0.4598736410083038,0.0426324438885305,15.816489919529449,-0.1103122205962497,-16.506196340447747,20.84072482332761,-0.3559578074669643,3.0576887154144123,-1.0846196653568474,-1.3642382044329793,False,4.637649887909432,0.0546504766015537,0.02,0.02,1.0,0.2,0.0,0.0,40,14
3.181086017891363,-0.4457778481866318,0.0565484906410252,15.984901164965498,12.104713233532838,-19.0494320371038,15.72426577828556,0.5644018116524726,-0.6892957194117694,-2.6698395686023697,-1.8095517005128088,False,3.6757746151574793,0.0923076923076923,0.02,0.02,1.0,0.2,0.0,0.0,40,15
3.209354102577018,-0.455892441881176,0.0339699093824786,16.272600869487874,-39.9663566210384,-18.51397727360568,15.39277115138311,0.7400457041335337,0.4477391642604072,3.5212437810160284,-1.0870371002393182,False,5.609037551091855,0.0648689611526949,0.02,0.02,1.0,0.2,0.0,0.0,40,16
3.1862194784966533,-0.4600409956955587,0.0479332055843896,13.267532494777576,-35.847891646263406,-16.534324602548995,26.1650622596634,1.6467399471662405,4.520237228375002,-4.773201437233224,-1.5338625787004705,False,7.389507545427418,0.0773639458320415,0.02,0.02,1.0,0.2,0.0,0.0,40,17
3.1937115407359222,-0.4646704963216734,0.051720639257506,17.98429291932928,-35.114870440276604,-18.30972247926114,17.24584170012808,-0.1281776053197101,2.964648590228869,-2.0756626374923037,-1.6550604562401927,False,4.143887705996685,0.0547525802659043,0.02,0.02,1.0,0.2,0.0,0.0,40,18
3.1894501615585704,-0.4622910395189724,0.0512230607286898,16.82543297069982,-11.478436645591753,-17.371390037012546,14.941209994588547,-0.0126622615892022,3.284947302692151,-0.8817009932336286,-1.639137943318077,False,4.969682016445141,0.0468746936700629,0.02,0.02,1.0,0.2,0.0,0.0,40,19
3.2012434650862054,-0.4612578748447133,0.0461096588934266,14.387678126489323,-16.7254015194445,-24.80952735208951,13.61000252448606,-0.6553038577022167,3.354125186651917,-0.6963179464565888,-1.475509084589654,False,8.27443775070739,0.0519539055826954,0.02,0.02,1.0,0.2,0.0,0.0,40,20
3.18548567651502,-0.4519440647625558,0.0551885258048536,14.37538366502138,37.92825250507616,-17.883256354162132,16.980469558551317,1.3042937951680078,3.7203998177426656,-1.5143786852062333,-1.7660328257553164,False,4.71968269701971,0.0530806079197821,0.02,0.02,1.0,0.2,0.0,0.0,40,21
3.1665826735206477,-0.4634139726887743,0.0339946214866106,14.39175965327898,-53.17444865092861,-17.29376042664323,18.06710788097532,-0.6976645479054272,4.034381747769381,2.0331978804874304,-1.087827887571542,False,4.45480496481773,0.0550873785111624,0.02,0.02,1.0,0.2,0.0,0.0,40,22
3.1691278065420243,-0.4598596924415343,0.0464060085058084,17.348743579541264,6.094925328799421,-23.77562199831793,12.633473126335018,0.6205946977456268,6.161075550331232,0.3517234676713749,-1.4849922721858717,False,5.0375083583724285,0.0404573696954074,0.02,0.02,1.0,0.2,0.0,0.0,40,23
3.1888183360611992,-0.4601696403626296,0.0388958159679504,14.923904466320646,-45.15372939676554,-16.428443322784425,22.901323266230616,-1.2825694624990398,2.1115609518544853,-0.8029757657521812,-1.2446661109744137,False,5.884784142876562,0.0530028088178803,0.02,0.02,1.0,0.2,0.0,0.0,40,24
5.707108811364271,-0.6449601671285666,0.0557082539443075,6.410473009019625,33.39926704568553,-25.07734936747363,17.686614721339467,3.3787695997012746,1.025319661161443,1.3281000268424088,-1.7826641262178406,False,4.230542854721556,0.0293540343142607,0.02,0.02,1.0,0.2,0.0,0.0,44,0
5.69950711793521,-0.648302801696992,0.0596621096478304,15.424143423973677,48.03209752147174,-25.409352293818085,26.66911689423465,0.1297539095006521,3.329176649805005,-6.387430307146257,-1.909187508730575,False,4.0604351752163,0.0803146710762003,0.02,0.02,1.0,0.2,0.0,0.0,44,1
5.738985821038703,-0.6457419366065809,0.0319843328920031,15.079590667631292,-1.0665358217085534,-25.57659012607741,24.73640419994477,1.251714191419991,-1.147031545580141,4.521383262866431,-1.0234986525441006,False,4.91250069072045,0.0814276442758667,0.02,0.02,1.0,0.2,0.0,0.0,44,2
5.727379466647778,-0.6389595959163755,0.0356268096495425,14.627050520878422,-51.104223794360784,-26.705273383019392,25.719223771567776,1.2315249689246646,2.6412736037212228,2.104652929959375,-1.1400579087853624,False,4.382426617135763,0.0482367810008141,0.02,0.02,1.0,0.2,0.0,0.0,44,3
5.71389990077894,-0.6409412183809161,0.0493073594231062,12.560262020676674,9.967433735768113,-31.72990898604228,25.34822856971297,0.9857390606362908,3.110771829718886,-0.3219104397687459,-1.5778355015394,False,4.983075330064434,0.0716414150151244,0.02,0.02,1.0,0.2,0.0,0.0,44,4
5.70672238905551,-0.6547414413829474,0.0468454315272601,15.644574916549976,52.91525919686637,-27.33047099121458,24.15913109041549,2.344607383119708,3.492727422158017,-6.25605181857558,-1.4990538088723258,False,4.544145082342404,0.0612353770544549,0.02,0.02,1.0,0.2,0.0,0.0,44,5
5.669884143717177,-0.6444419924612724,0.0854113838487178,13.80592736350591,68.01806113917551,-23.79533191181109,22.28024781097852,1.0808449614014324,-0.984926656933088,-2.1045795043469777,-2.733164283158972,False,4.37202788208845,0.0505992826289837,0.02,0.02,1.0,0.2,0.0,0.0,44,6
5.725218934616897,-0.660072703864815,0.0628007426589968,17.70853180785852,42.23800078231028,-38.56994861788784,19.691728516787737,1.8095737147209112,1.7437715978456731,-2.7177978788786,-2.0096237650878983,False,4.24210303880452,0.0563275050854491,0.02,0.02,1.0,0.2,0.0,0.0,44,7
5.6993611199110426,-0.6468011559881202,0.0535269227244346,13.559513001263031,82.9451269126186,-32.45505438759223,25.896938353190933,2.092375648454714,4.999459457950145,-0.9424322119094992,-1.7128615271819096,False,6.389900452476856,0.0554355924679096,0.02,0.02,1.0,0.2,0.0,0.0,44,8
5.744929286953101,-0.6450413254790979,0.0255275157871475,13.059939589102294,-143.4015726356344,-28.0784558500638,14.836033195225871,2.0718426452170844,1.2771903096036357,-2.244708944331088,-0.8168805051887229,False,7.1095877115320505,0.0518135903240845,0.02,0.02,1.0,0.2,0.0,0.0,44,9
5.742097863098702,-0.6407257652186713,0.0416465648012367,14.386525236687122,-22.51278294027767,-28.76734371008321,17.661111882744084,2.251104607784708,4.599018987746467,-2.683211111107677,-1.3326900736395777,False,4.516912520459252,0.0883297602470972,0.02,0.02,1.0,0.2,0.0,0.0,44,10
5.702150369392015,-0.6639505210446304,0.0690295603049522,14.872319647622696,-71.6372745358919,-29.265733360479047,24.776004094313613,-0.1146996583596891,5.500181469583754,-4.615629208744305,-2.2089459297584737,False,4.564269973553859,0.0385262756727335,0.02,0.02,1.0,0.2,0.0,0.0,44,11
5.706641138412351,-0.6395669261599742,0.0494525048030352,14.22834919869032,19.21889100810157,-24.41421814886148,16.874332847246016,1.488481981342,3.0141637027768,-2.240597005471344,-1.5824801536971271,False,5.913692489995849,0.091399715746787,0.02,0.02,1.0,0.2,0.0,0.0,44,12
5.738225531484518,-0.6324372034313741,0.0483475953836017,14.393408413100149,54.60462759429915,-32.18327550159122,27.780403287966337,0.6638006182879823,1.1087272762565086,-3.737219255201421,-1.5471230522752557,False,4.887584167597883,0.0619413913059519,0.02,0.02,1.0,0.2,0.0,0.0,44,13
5.751169772606534,-0.628904146202669,0.0419498178288979,15.23661673525325,6.105354524923392,-32.263371526960874,32.2317982489012,1.4731373454134875,1.3000062537882142,-5.432114814202739,-1.342394170524733,False,5.120499062665108,0.0779399770896592,0.02,0.02,1.0,0.2,0.0,0.0,44,14
5.72910713695008,-0.6552735618095609,0.0304465987489028,15.369995215679497,-31.98327245449079,-32.82637756102465,27.332345890767662,-0.1140088197422268,0.9336733142859264,1.0482549701061767,-0.9742911599648904,False,4.595754909279055,0.0608530467935985,0.02,0.02,1.0,0.2,0.0,0.0,44,15
5.699354300694789,-0.6447226967542538,0.0411575738382387,14.999473120113954,27.580872776878707,-26.247622671366564,21.92214004718949,0.3598722095758095,3.4175010308422564,1.779620538297567,-1.3170423628236412,False,4.996695105965709,0.0386220532075123,0.02,0.02,1.0,0.2,0.0,0.0,44,16
5.7328348498212405,-0.6423120657565259,0.0378610044709335,12.719213185568108,28.01440070147707,-41.98986717263796,14.862128468753044,-0.0020444435093019,-0.52081266297195,-3.044294045249319,-1.2115521430698726,False,5.031962158955345,0.047541270313692,0.02,0.02,1.0,0.2,0.0,0.0,44,17
5.707988536925252,-0.6519100093354503,0.0443902463569805,16.56354205316593,36.719161421556095,-32.22178404756883,22.13398959429855,3.171201192970192,0.5528828777057966,-0.1584634553749477,-1.420487883423379,False,6.735473692770054,0.0450595182036621,0.02,0.02,1.0,0.2,0.0,0.0,44,18
5.729512989047798,-0.6429243575747238,0.0406022106059377,14.18246908114815,38.27844252129857,-21.139910036743245,17.168499863940223,1.685534891255992,-0.7414276182675289,2.8987818912975905,-1.2992707393900094,False,4.79892306312869,0.0737638882885321,0.02,0.02,1.0,0.2,0.0,0.0,44,19
5.724457791872805,-0.6500827840956891,0.0484817380502099,16.276258017413216,-30.391536479768693,-23.568592606295077,28.214224947473383,2.575538144794798,-2.5901157516995643,-0.2605949247961991,-1.551415617606718,False,7.711443889010102,0.0389553463582438,0.02,0.02,1.0,0.2,0.0,0.0,44,20
5.715656353778276,-0.6577505340152378,0.0448789843636121,9.56254207328407,-69.65913230717203,-22.225440331699204,25.091155488090635,1.9424435382549088,-0.3539828728055589,-0.190922088411842,-1.436127499635589,False,4.466270853784491,0.0458426755415591,0.02,0.02,1.0,0.2,0.0,0.0,44,21
5.737917917021636,-0.6701690933092008,0.0402140793243387,11.626933339504887,-2.19224148046246,-28.74119883571345,28.207482786541423,3.558108058629525,3.2591061004732085,-6.750405059862848,-1.2868505383788391,False,3.535278927541788,0.0447960511113439,0.02,0.02,1.0,0.2,0.0,0.0,44,22
5.684368026670506,-0.6239700981751122,0.0453293614737415,14.48921780348403,41.69438832724538,-30.07461846839611,31.186919225350515,0.1628322632709378,-1.1084932264910108,-0.6795847574407547,-1.4505395671597312,False,6.128706469018154,0.0714213594243461,0.02,0.02,1.0,0.2,0.0,0.0,44,23
5.731618119491826,-0.6332936427594245,0.0525640774279441,15.73062304760397,10.63992517611223,-25.683263324432957,18.961428360720944,0.7255573516578019,0.4581962116190359,3.6475744435796007,-1.682050477694212,False,4.076111503752055,0.0490052649084441,0.02,0.02,1.0,0.2,0.0,0.0,44,24
1.3485558589243334,-0.251474803433469,0.0529038038901023,13.657409798511289,34.47967605295493,-10.13777756029941,8.825824649414127,-0.9148821535425384,3.3323444345522035,-3.934012884622868,-1.612008372947815,False,4.475299891361517,0.0468958477198613,0.02,0.02,1.0,0.2,0.06,0.06,36,0
1.3703762636894643,-0.2553217427779841,0.0474086119879113,12.55588478533418,27.853039428652007,-7.239465161718353,12.794760180846174,-0.0635221657699147,1.55521799939871,-2.5306998720935368,-1.4348530077917965,False,4.377392076112419,0.0727913979556588,0.02,0.02,1.0,0.2,0.06,0.06,36,1
1.3716320592220494,-0.2510173986419005,0.0414438927233744,12.005043198164689,35.90573576158732,-9.60764264530875,12.54043104883608,-0.7909480590590113,0.537466857555165,-2.8786783933901035,-1.24390664359466,False,6.078968723258295,0.0903121153343079,0.02,0.02,1.0,0.2,0.06,0.06,36,2
1.3574378189903549,-0.2490301138337978,0.0313788024906525,12.069930572992064,21.183700423943986,-10.707394610082414,10.924799037607148,-1.124707421440014,0.2199448329221069,-1.244225992930036,-0.9226754105614596,False,4.187848696170246,0.0846961532504026,0.02,0.02,1.0,0.2,0.06,0.06,36,3
1.390433727179164,-0.2507809457806578,0.032440812444812,13.089363937557362,6.797230514294901,-10.475265888296864,8.663642620242022,-0.7305786685699479,2.297066606445337,-1.4923712166728955,-0.9546799746032368,False,5.658071015728539,0.0923076923076923,0.02,0.02,1.0,0.2,0.06,0.06,36,4
1.3676539248812265,-0.2553640762403744,0.0399430824997604,12.272863072163805,0.8810092985732689,-7.159318172725766,13.150864973307812,-0.6463701429851183,2.386393720399133,-1.2339660824641792,-1.1961194044994596,False,3.7938154926661887,0.058324445570758,0.02,0.02,1.0,0.2,0.06,0.06,36,5
1.3634755179046778,-0.2402964291352122,0.0379509733806451,12.733615932637958,-17.654073178796974,-8.55196839605536,7.931204798660122,-0.3805300401038893,2.168985642896081,0.6447680515717201,-1.1326226171063654,False,5.331789831557935,0.0640575368403614,0.02,0.02,1.0,0.2,0.06,0.06,36,6
1.3602830084933812,-0.2540567091726469,0.03986972165212,12.613475755600344,17.583917716625397,-11.266846273339596,13.210334341366682,-0.7355245671526887,4.65676010076404,-1.6900257913536458,-1.1942141123582402,False,5.176420458169809,0.0387540717896108,0.02,0.02,1.0,0.2,0.06,0.06,36,7
1.3527704572543826,-0.245522741650232,0.0412532066803386,13.048165365132338,37.37898428833848,-10.34023907267037,10.490826312477838,-0.7601575678503056,1.088477088476444,-0.6620924704136473,-1.238936386335574,False,6.665072512430288,0.0734722504342479,0.02,0.02,1.0,0.2,0.06,0.06,36,8
1.3559340579830863,-0.2533638267804419,0.0450468096241192,13.604516634783437,11.28123987022064,-11.671010546956214,7.303970135922792,-0.4407013045462444,0.1462530201047984,0.1664472726078789,-1.360141864492831,False,3.547950852379954,0.0432942269293883,0.02,0.02,1.0,0.2,0.06,0.06,36,9
1.3539348647839131,-0.2534589122621799,0.0371687254829401,11.269715177399805,36.326952712352735,-13.573896906969736,8.374014996085398,-1.5706970813719263,0.2859322500040233,-1.7771668183597336,-1.1081631235670513,False,5.488781362111904,0.0599414388411945,0.02,0.02,1.0,0.2,0.06,0.06,36,10
1.373273167453899,-0.2582872380854086,0.0454580551078309,12.509555162423704,10.110312910193173,-12.598508785121506,5.675296788048934,-0.6344155820052005,2.0467668827390937,-1.3327863859452111,-1.3722613734033573,False,4.710691676335185,0.0699538020115359,0.02,0.02,1.0,0.2,0.06,0.06,36,11
1.3622729971535754,-0.245753451626961,0.0528969998677206,11.422954124052929,46.78960948920211,-7.757944908212912,11.331908712424248,-0.9440624348796972,2.676669139443264,-1.82091819468232,-1.6109676159378474,False,3.864635520014253,0.037140900937884,0.02,0.02,1.0,0.2,0.06,0.06,36,12
1.3586034880691849,-0.2570842840982739,0.0464984098947742,13.250184919115108,12.835603736123945,-10.724216015484544,6.767344970131407,-0.6451921639003283,2.874521343553303,0.8636165628971656,-1.4064329073486257,False,4.4338499134063545,0.0567285368424628,0.02,0.02,1.0,0.2,0.06,0.06,36,13
1.3652727792124129,-0.2569833206138623,0.0285359961114987,13.371599922727697,24.918923574318782,-11.388369695061838,10.93844678996127,-1.2257728109422887,0.5402713637770832,-1.6660121119971258,-0.8312355088152164,False,5.871904356775588,0.0541857578886984,0.02,0.02,1.0,0.2,0.06,0.06,36,14
1.359456495835696,-0.2567114573974415,0.0447199008194457,12.60392967085729,0.8968674260191727,-8.982925753008205,9.90260033200515,-0.9475763168951412,-1.4034188875566742,-0.4476513293378362,-1.3494694364721216,False,4.914772993336971,0.069887447476034,0.02,0.02,1.0,0.2,0.06,0.06,36,15
1.3472254130636137,-0.2549663541830777,0.0360499382541707,12.36799583115536,54.879664142552585,-9.97356969365065,7.695237560381501,-1.4536923509135502,1.2353693339418357,-1.7421960999353547,-1.072764499349646,False,5.191832887866471,0.0405314300119696,0.02,0.02,1.0,0.2,0.06,0.06,36,16
1.3740798715637172,-0.2472910588881962,0.0339474292207331,12.425441890010616,4.274521099032213,-9.274872385540748,10.637039486983747,-0.998422452524075,-2.183812763919176,-1.658381034414399,-1.0038729427696371,False,3.228603709287388,0.0923076923076923,0.02,0.02,1.0,0.2,0.06,0.06,36,17
1.362030156315235,-0.2455867920930317,0.0421698986624056,12.208932730132458,32.21434617984074,-11.386185504980489,8.42217534111646,-0.1487606233999453,2.1619623976911693,-0.644803750430277,-1.2677149478180685,False,4.679844894775215,0.0693434231122237,0.02,0.02,1.0,0.2,0.06,0.06,36,18
1.3475693923652188,-0.2465178734218122,0.0558928174515837,12.756790200059122,12.256094001971988,-9.682658400545884,5.583995867072493,-1.0781453097993967,2.4936760555284785,-1.5270163299035808,-1.7077159949087672,False,4.994452092227225,0.074765579288681,0.02,0.02,1.0,0.2,0.06,0.06,36,19
1.3694736919957784,-0.2565470538448021,0.0343462462004057,12.502465388497573,3.757139625314409,-12.683310297681002,8.230458937314076,-0.4493907268059801,1.4099070972535526,-0.5323466356502102,-1.0169114568932365,False,6.922535450996577,0.0923076923076923,0.02,0.02,1.0,0.2,0.06,0.06,36,20
1.3739907044172115,-0.2558156641017228,0.0325314016452886,12.33245147344103,40.99106460637315,-13.792660211976706,6.433369223904061,-0.8241729132836417,0.7489965728437513,-4.008774069293597,-0.958565410384204,False,4.352171121635822,0.0509148323558854,0.02,0.02,1.0,0.2,0.06,0.06,36,21
1.357347311871587,-0.2545407264403964,0.0486021301071795,11.194579633640531,31.68304447780983,-4.915682364525384,13.554320839156029,-0.2026843469651469,-0.2939184936849884,-1.0375876158157695,-1.473827324717452,False,4.201256910377814,0.0428918430180123,0.02,0.02,1.0,0.2,0.06,0.06,36,22
1.3713901912857922,-0.2588200977502207,0.0401769730805805,11.205894623617349,6.572101964778232,-8.085444877444314,9.630258508148696,-0.1932148314072123,-0.242526826373178,-1.5688143783341515,-1.2033797271014297,False,5.3887424611777694,0.062348155945112,0.02,0.02,1.0,0.2,0.06,0.06,36,23
1.3653556568421603,-0.2546040370268221,0.0363775508176187,12.209341870341689,151.8053603436804,-10.398679438620428,9.54626768591324,-0.1064434527888863,-1.2841429010083318,-1.1697682900980348,-1.0821602867532698,False,4.117276695440116,0.0320582889668146,0.02,0.02,1.0,0.2,0.06,0.06,36,24
3.035233134943527,-0.4547869192227905,0.0475065368167211,14.229039232719936,22.770506923328583,-17.84459676531516,20.00865049097414,0.0995053643448606,-2.382962670794091,-0.584099845954402,-1.3380951900384668,False,6.260122356427434,0.076551453713365,0.02,0.02,1.0,0.2,0.06,0.06,40,0
3.0405192052255523,-0.4377763742560241,0.0436302985303207,14.939624842513853,-23.29231704628218,-16.793319007921912,17.56492073881232,-0.1519130786805578,0.6516509001244456,-0.6981500082680318,-1.2137384006567302,False,4.595971315563696,0.0619925694761804,0.02,0.02,1.0,0.2,0.06,0.06,40,1
3.046654093759346,-0.4465876560861421,0.0475102241680124,15.69696611879876,8.812666312224398,-20.684233227602117,18.30717695519802,0.2086475487384817,1.461721986852316,3.861322956403229,-1.3375279277508372,False,4.688833361784531,0.0541738643397423,0.02,0.02,1.0,0.2,0.06,0.06,40,2
3.007319876114656,-0.4370930606921306,0.0420445473465276,14.131507759505194,-20.62843031790533,-16.12082725460834,13.927754484489892,-0.0030589302268963,2.641429145256355,-0.5365907828925606,-1.1649863225220058,False,5.280061807737323,0.049027020656377,0.02,0.02,1.0,0.2,0.06,0.06,40,3
3.0491504468619586,-0.4374232037711567,0.0486451822336785,15.708328349756863,-19.85103439946277,-14.021095971575877,15.424312436127654,-0.6235555426757202,1.7391417544154293,1.186750893664656,-1.3736968046659968,False,6.484426409141032,0.0436571381210556,0.02,0.02,1.0,0.2,0.06,0.06,40,4
3.047381927514646,-0.454291551151918,0.0330494961813632,16.689465196823658,-32.7207928254886,-13.14984492937452,14.95654670606705,0.5278741512372133,1.4287858429787674,4.483263649684504,-0.8747409621527454,False,4.785805743964012,0.0374843665317229,0.02,0.02,1.0,0.2,0.06,0.06,40,5
3.0378511137411155,-0.4425600266569732,0.0383628762247349,14.603993729876096,-11.383992392588809,-16.751131359393757,18.18174148895668,0.2199485949325732,0.1680832317549193,-1.3663178025009404,-1.0453409723670517,False,5.237499255711335,0.0906275314410539,0.02,0.02,1.0,0.2,0.06,0.06,40,6
3.026999534316081,-0.4488134281602006,0.0507966519347657,14.907111030586348,16.221062792114893,-16.098583681749506,21.424143028245304,1.419735893123811,2.0681295019522445,-1.6169491256359378,-1.443872889853538,False,5.297400147129822,0.0492505857348742,0.02,0.02,1.0,0.2,0.06,0.06,40,7
3.0262637068103917,-0.4444201115503263,0.0531321706273134,15.95260442664704,-10.074119405128222,-16.57681400461813,15.862809134506168,0.2270529028519219,6.105945471600842,-0.7544010384016895,-1.5186536376654076,False,4.3396387294136405,0.0766528351503017,0.02,0.02,1.0,0.2,0.06,0.06,40,8
3.043025153518214,-0.4390460583371569,0.0532465193171223,14.336983873205693,-4.064780418651008,-14.348926442153909,21.60205616512602,0.1902851757315938,-1.0757606923472445,-1.0545642194528937,-1.5213071089368222,False,5.60342459857235,0.0591335714720714,0.02,0.02,1.0,0.2,0.06,0.06,40,9
3.0298391814029944,-0.442577900808264,0.0440527874130399,15.86778493878344,7.057464568695382,-17.51735248793236,16.409334571035583,0.5015550665260039,5.413070459123112,-2.315477171697612,-1.2278988463330989,False,4.855887034400353,0.06934342789982,0.02,0.02,1.0,0.2,0.06,0.06,40,10
3.0683126010373685,-0.451891692517319,0.0412420324994713,16.171455965064226,-99.23207423880784,-15.523328556220925,8.659502764254372,0.2749408714045315,1.934350386889704,0.2607679814341527,-1.1356462839208423,False,6.298366790059986,0.044094657498067,0.02,0.02,1.0,0.2,0.06,0.06,40,11
3.03108978179872,-0.4475837660669469,0.0422989621021048,13.290907068641737,65.07007121841983,-9.50122060515951,8.032854637812045,0.5602852395867143,2.908843318071648,0.7748143437032566,-1.1717014003594333,False,4.480049573230999,0.0402143949294847,0.02,0.02,1.0,0.2,0.06,0.06,40,12
3.0390219253014474,-0.4388845606540879,0.048338533012683,15.239292580600996,-16.836619456117525,-12.668209972717252,5.352186752802295,0.4276117143155939,-0.1164724057652264,0.3120888318517618,-1.3644917408877697,False,6.355423618986265,0.0666186589783772,0.02,0.02,1.0,0.2,0.06,0.06,40,13
3.059042037852941,-0.4228005855123473,0.0330876380626747,16.40459403769854,-35.78502878737585,-15.000222560350624,20.856376192585905,0.6213273972478066,0.6488018749939518,-6.208420459538173,-0.8752618957344168,False,4.186116223096001,0.0374422866694223,0.02,0.02,1.0,0.2,0.06,0.06,40,14
3.0428731320651647,-0.446252214287093,0.0378326483498197,14.85058617804554,-8.33529054805235,-15.175429632620345,13.50468575500989,-0.1368310313251088,2.7074770173895057,-2.2311804155739297,-1.0280723592703231,False,5.785544021131453,0.0606381575733017,0.02,0.02,1.0,0.2,0.06,0.06,40,15
3.034777036724453,-0.4568334498661542,0.0495118813880013,11.95495559174952,7.834783554263425,-16.500166758990037,18.8653416368869,0.3494821501200487,0.7377594707471978,1.4098288957881218,-1.402293582212578,False,5.18498141931748,0.0485656285027017,0.02,0.02,1.0,0.2,0.06,0.06,40,16
3.0401144420423285,-0.4485546576057457,0.0466699744992842,14.269200621319884,-28.2846885442681,-16.758355272879033,19.51556622668836,-0.2773577717234464,1.7011475004944705,-0.7011885893620776,-1.3110323174545555,False,3.9647415081443023,0.0491963371280903,0.02,0.02,1.0,0.2,0.06,0.06,40,17
3.055569565305725,-0.446225927998441,0.0381900304227847,15.945841284176565,-30.765634737334345,-18.0581845613467,16.997294189602865,1.7803629926820683,0.2625416742035373,-1.4798654063793284,-1.038746799610767,False,4.329273670930917,0.0473139609517512,0.02,0.02,1.0,0.2,0.06,0.06,40,18
3.0480214991118437,-0.4276436395818246,0.0450589492892316,14.467282825489756,20.134560040835005,-15.864422532592291,11.861832761687804,-0.1540972587652848,1.574808413715043,1.209865591933628,-1.2590050873087022,False,5.49197298613828,0.0695001509206926,0.02,0.02,1.0,0.2,0.06,0.06,40,19
3.0098689040213658,-0.4387998460876743,0.0481113914855954,15.28210787503228,71.93669092225444,-19.395119927137696,13.816439901367344,-0.090439490557408,-0.2171904880095841,-2.053894051131441,-1.3589723932977729,False,3.853680328719483,0.0431762131571766,0.02,0.02,1.0,0.2,0.06,0.06,40,20
3.0385625117188844,-0.4354300208739141,0.0449304297167606,13.386048095570676,-37.86545145701325,-23.954809627559367,12.767633042287097,-0.2897047435363725,-1.0312047970762968,2.0359281542169163,-1.2554600002332066,False,7.144679719992952,0.0503913068870056,0.02,0.02,1.0,0.2,0.06,0.06,40,21
3.03735652107798,-0.4319376885294739,0.0514307461312295,17.239782845415878,34.45356209848322,-14.591549893172145,11.025371790698491,0.4621657739724821,-2.0562161400205947,0.2145425776069813,-1.4635424849346683,False,5.823593722634747,0.0515323999005504,0.02,0.02,1.0,0.2,0.06,0.06,40,22
3.0353224211017795,-0.4252316269278056,0.0518709164165194,15.80911934223303,-4.978355487600631,-19.7174690102942,13.580573511543568,0.1272040068077181,1.617064424273835,4.109833892361364,-1.4777499800625176,False,4.790782896830372,0.0586913827636996,0.02,0.02,1.0,0.2,0.06,0.06,40,23
3.028480403548501,-0.4330180672441299,0.0582640838501074,14.960216265486988,8.570277532557833,-16.410628264731187,11.921253737472243,-0.91130523976976,-0.8958783355240697,1.2575543234441129,-1.6827418589905296,False,4.580661510941298,0.0619702691427327,0.02,0.02,1.0,0.2,0.06,0.06,40,24
5.479137770439148,-0.6238326928777919,0.0416990799209354,15.345522654658698,39.55955135809521,-18.8671377438928,19.62901137846832,-0.0702159366884165,1.0496832940041632,-1.338378524326503,-1.0056222912435853,False,4.631382328709156,0.0545657466121199,0.02,0.02,1.0,0.2,0.06,0.06,44,0
5.487709177272376,-0.629950033759751,0.0551788378071787,13.70201106947354,52.46466294743678,-22.895807977494503,23.461894630811614,1.471407606519897,-0.227023165206276,1.7233349581606283,-1.4364602591933768,False,5.640290004272733,0.0694173533131218,0.02,0.02,1.0,0.2,0.06,0.06,44,1
5.49444706392203,-0.6359844543008327,0.047780661456947,13.293657455283638,24.051377724188036,-21.930227478249385,15.854736491869954,0.540093839498536,-0.7045132141754199,0.8927650124034692,-1.1993143427869832,False,5.57835138697953,0.0657644901631904,0.02,0.02,1.0,0.2,0.06,0.06,44,2
5.473349728596976,-0.6433137844131607,0.0470372916113864,13.453114782633026,32.50779698078454,-22.7537842129386,14.860868161970158,1.1699651514939202,0.4289628955755085,-0.5960389665325053,-1.1767923478485485,False,7.517297770942439,0.0545624897482256,0.02,0.02,1.0,0.2,0.06,0.06,44,3
5.513332337641046,-0.6390003023703559,0.0279529499060072,15.417861761244884,-34.774936120294754,-24.361089398629293,17.757035184550894,0.5878988964850429,-0.9635683262200204,-1.15971638220424,-0.5636944567337687,False,6.030814547555525,0.0517801447766413,0.02,0.02,1.0,0.2,0.06,0.06,44,4
5.472612069222219,-0.6390088417285406,0.0436824649974151,13.017023420883136,20.80474124625121,-22.75238686551353,7.3375759246307135,1.261671536649584,1.7815593851764686,2.8799156051144204,-1.069482155763952,False,5.964874718987907,0.0923076923076923,0.02,0.02,1.0,0.2,0.06,0.06,44,5
5.477862993024101,-0.6310699232812341,0.0300173606403638,15.204052935204656,26.57134090604309,-18.985260820735736,19.2897365496284,0.8496118498721046,-5.183594001060929,1.7947624912201448,-0.6318837609101984,False,4.546614242439432,0.0518518334847649,0.02,0.02,1.0,0.2,0.06,0.06,44,6
5.504581810270178,-0.6345030779522144,0.0431642675547027,14.18827337535678,-34.60523227232784,-23.00476577508817,19.07955261055709,1.4447555122100404,-0.2259216254399566,-0.8490286950500967,-1.0509816531342788,False,5.246474343930802,0.0631492449909321,0.02,0.02,1.0,0.2,0.06,0.06,44,7
5.472171214009275,-0.6190634111103233,0.0639933771823813,13.373898946332504,-3.932389423740592,-20.63890528829029,20.45142605172648,0.6325090689325543,-1.5896201400959011,0.4047121739719711,-1.7194577969956453,False,5.233810295129566,0.0862490920242771,0.02,0.02,1.0,0.2,0.06,0.06,44,8
5.512570261842666,-0.6348944418855882,0.0401197867325121,13.807177069791878,-14.898189866869222,-21.12525436596769,19.83518691102763,1.762811579307325,-0.5501294938872637,-1.2016992553921058,-0.9530789597298298,False,3.6352087443840304,0.062017673095748,0.02,0.02,1.0,0.2,0.06,0.06,44,9
5.48075290433695,-0.6349993418208555,0.0590206444619512,13.18151830340919,10.67996190422704,-14.427327770207246,14.549626316448096,1.153567597952301,0.7829172407897144,-5.868353972320476,-1.5598154485222222,False,4.436825366909386,0.0489178432548584,0.02,0.02,1.0,0.2,0.06,0.06,44,10
5.483447945620537,-0.6253568705774885,0.0363937754053446,13.536665936406296,-20.098781242209142,-19.1287246537648,13.37893529498671,0.9509159707118418,0.5322611502730907,0.7983343167389975,-0.835593936233797,False,5.020747040588148,0.0646369037469014,0.02,0.02,1.0,0.2,0.06,0.06,44,11
5.475424179662357,-0.6283829942589548,0.0582266073581783,13.968610345317932,74.37194945658068,-24.25021703048861,13.154851605903204,2.3195695170817845,-2.13248696266959,-2.319322802273589,-1.5347259846819674,False,4.525456145289234,0.0549523042376983,0.02,0.02,1.0,0.2,0.06,0.06,44,12
5.522261512606011,-0.6488427512386252,0.0265346156482013,17.240007264620733,-7.119846353753209,-20.38704592377884,14.105603555423178,2.123202120038104,0.3391022425633023,3.237607145929673,-0.5177720099860827,False,6.263879282927715,0.0464423908150959,0.02,0.02,1.0,0.2,0.06,0.06,44,13
5.495145233781507,-0.6503965096716381,0.0458520394959078,14.638195395348651,25.14138550721184,-20.43435557694332,23.65148043287826,0.7251583945897391,2.5128354639468413,-4.026448434106236,-1.137556549842162,False,5.198586988565253,0.0923076923076923,0.02,0.02,1.0,0.2,0.06,0.06,44,14
5.475025342344561,-0.624691272410648,0.0498456031107894,12.927786073528278,5.273073881189433,-18.77756128698355,14.816822264966833,-0.0781651891869659,1.286512981004848,-0.6246992838212748,-1.2665577790045883,False,4.369204107153097,0.0517895843437867,0.02,0.02,1.0,0.2,0.06,0.06,44,15
5.489549408489101,-0.6228763217665486,0.0581394131404123,14.920661433649606,-51.30874773355233,-23.93210646011963,22.05926275467692,1.193827266797869,1.6745236401698396,-6.226538332103466,-1.5310882559838488,False,6.315534374393121,0.0371685237598173,0.02,0.02,1.0,0.2,0.06,0.06,44,16
5.473133164748773,-0.6300514223912153,0.0621229581294997,13.93382634644265,18.274354395224048,-21.273948094935943,16.577446745100684,1.0907741427998972,-1.8932157127578344,-0.1893349930864711,-1.659546670259065,False,5.763314415181256,0.0522720605560334,0.02,0.02,1.0,0.2,0.06,0.06,44,17
5.489675334358228,-0.6173102454826744,0.0394981456728369,13.544879338266394,28.678019784663977,-17.868622467433596,19.793526324789944,1.2104722713830265,3.783539258202098,1.450552785460228,-0.9345601414692876,False,4.821807629956074,0.0599819339698548,0.02,0.02,1.0,0.2,0.06,0.06,44,18
5.512793507721903,-0.6429667408439316,0.033574615307582,15.721949630836592,-21.54777005866966,-22.345870495245787,14.369464905856372,0.9957267139792476,-2.766635609612784,-1.2160233419837017,-0.7436200793793131,False,6.7811974129471935,0.0549826009777205,0.02,0.02,1.0,0.2,0.06,0.06,44,19
5.469165230499356,-0.6067712971043034,0.036537898271195,11.463675459058342,-60.76058402181583,-16.541001329800434,14.020095435663572,0.2736579800983,0.9817396316037684,-0.3044136839271247,-0.8410628308482806,False,5.443857592046858,0.0421700768974154,0.02,0.02,1.0,0.2,0.06,0.06,44,20
5.463704765824243,-0.6268482877569518,0.0711146334864996,13.68958094892426,-18.11796759237821,-26.053425102178725,22.727329742944125,-1.6834168223911128,0.0135081515938727,-0.2768528294080075,-1.9478459856185344,False,5.366075796022284,0.0519781059545994,0.02,0.02,1.0,0.2,0.06,0.06,44,21
5.464549103641166,-0.6397344867814021,0.0572426350975316,14.550362867600017,31.256130810881505,-22.720187038953103,23.96128411066963,1.9979665298966989,2.278657543598617,1.3736423857295006,-1.5038913769025417,False,4.957563446084571,0.0643862501664951,0.02,0.02,1.0,0.2,0.06,0.06,44,22
5.490816585182533,-0.6546395482791402,0.0345909423954516,12.427579718436304,-61.23066448309089,-22.547983519422587,19.23008545694624,1.5736499473272203,-2.288421031192945,-2.545548989506915,-0.7774611615435012,False,4.77150967686455,0.0436765920454509,0.02,0.02,1.0,0.2,0.06,0.06,44,23
5.472682422450153,-0.6348495165132985,0.0431818675251727,14.757468324491953,47.65937032919594,-27.319001771349683,13.001349715676836,1.1650510200211373,-2.4396307972170708,2.1899170581804315,-1.0534588154585198,False,4.275829307460152,0.0413288644601947,0.02,0.02,1.0,0.2,0.06,0.06,44,24
