price,delta,gamma,vega,volga,rho,rho_d,vanna,delta_r,delta_d,theta,ex_region,alpha_S,alpha_sigma,alpha_r,alpha_d,T,sigma,r,d,K,rep
0.8464579360901933,-0.1754207883647769,0.02856301282772106,10.394222848606798,-10.428101810292876,-7.662754492093168,10.201680264879752,-0.1582164928704115,-0.43961847762311446,0.16383698863061733,-0.44221904224619807,False,4.800000000000001,0.05,0.02,0.02,1.0,0.2,0.06,0.0,36,0
0.8422658086753985,-0.17987136243960036,0.03705292648840464,10.232111463639221,30.812416264919673,-9.45443483100221,9.014736937187834,-0.8829934964730122,1.5983508340044748,-1.9666962299531685,-0.7034664292533841,False,4.800000000000001,0.05,0.02,0.02,1.0,0.2,0.06,0.0,36,1
0.8411706711501791,-0.17539850840456306,0.024987893528928887,10.078246989005532,65.43255163922075,-9.942222894651506,7.8298998705657645,-1.029691287565243,1.4323648357377508,-1.8682845938765031,-0.32818593248576255,False,4.800000000000001,0.05,0.02,0.02,1.0,0.2,0.06,0.0,36,2
0.8416374364626392,-0.17640686184110624,0.024990533204412937,9.741428234815784,77.65776441457328,-8.283052896361122,6.298736488636407,0.16418137475442854,0.26823985588768934,0.33324991719674757,-0.3258223479348009,False,4.800000000000001,0.05,0.02,0.02,1.0,0.2,0.06,0.0,36,3
0.8394404301396255,-0.179566757195835,0.029074648229020627,10.97241521935374,71.67015266565916,-7.324297474221292,7.4197023161760525,-0.695689186746802,1.5429053235502275,-2.3293305611121764,-0.44906210025027876,False,4.800000000000001,0.05,0.02,0.02,1.0,0.2,0.06,0.0,36,4
0.8483970462662566,-0.1717453724097088,0.031000276882163363,11.146757486206235,17.138068299519922,-7.777331113075057,3.3580484336069674,-0.5861735716770733,1.6084528680289105,-0.7109293297153256,-0.5289161436699514,False,4.800000000000001,0.05,0.02,0.02,1.0,0.2,0.06,0.0,36,5
0.836856602570376,-0.17264580967242146,0.0346991799553962,10.855785372374125,18.16405550957327,-8.157015335535919,5.258752605052602,-0.2844837194220846,-1.4833014575260697,-1.4087095719879428,-0.6458124192046446,False,4.800000000000001,0.05,0.02,0.02,1.0,0.2,0.06,0.0,36,6
0.8406132936394584,-0.1803838543977938,0.026815240754565265,11.209893892420531,24.41598184734444,-8.097034491089618,8.995012854850184,-1.649114424904673,0.7746631554463121,-2.0991748088411417,-0.37472965597301605,False,4.800000000000001,0.05,0.02,0.02,1.0,0.2,0.06,0.0,36,7
0.8365843066621657,-0.18749291082190997,0.033174897689751424,10.977607777751762,111.19145743434441,-5.803680292070787,8.42513517915608,-0.9343938599532131,-1.402571558927766,-2.159857291132825,-0.561418681699732,False,4.800000000000001,0.05,0.02,0.02,1.0,0.2,0.06,0.0,36,8
0.8431474289148664,-0.17863433622205696,0.036068774548227094,11.408583471342356,75.90011208704148,-5.5307999650106945,3.908824886847351,-1.4724721507300818,1.376567942559382,1.0359927644327833,-0.6748895328754385,False,4.800000000000001,0.05,0.02,0.02,1.0,0.2,0.06,0.0,36,9
0.8416399653298151,-0.17457904753156392,0.03920970828544828,10.237000029897198,104.49803034600751,-4.800041197628985,10.054267826981635,-1.8471454873308086,1.4616249114970934,-1.8679775476220484,-0.7852225531388028,False,4.800000000000001,0.05,0.02,0.02,1.0,0.2,0.06,0.0,36,10
0.8401231880700856,-0.1754193090218871,0.032805229343153046,10.107997756474036,44.957150435543106,-9.24306252909176,10.672901230324761,0.015292449467087486,1.615165564487939,-1.1946865772065518,-0.5783536060441635,False,4.800000000000001,0.05,0.02,0.02,1.0,0.2,0.06,0.0,36,11
0.8473176907624591,-0.17877577443890882,0.03369820260127689,10.673414238281472,34.66922255959705,-10.366526492994351,9.603775622219116,-1.8735894669617024,3.8305305566348546,-2.786261235430185,-0.5984415631417321,False,4.800000000000001,0.05,0.02,0.02,1.0,0.2,0.06,0.0,36,12
0.841627810258159,-0.17035618522659646,0.036737322848530846,10.656955477848408,31.089779984185896,-4.2878725556644826,8.481355432102447,-0.6827237495437839,3.672147507385296,-2.446656553284104,-0.7162418179936663,False,4.800000000000001,0.05,0.02,0.02,1.0,0.2,0.06,0.0,36,13
0.8373378299385972,-0.17992218966797122,0.03197110175830211,11.24077645444488,50.59583166106099,-7.370707004256661,3.547887273603526,-0.9002252386938757,0.17997187738830872,0.9228760088734864,-0.541021731266221,False,4.800000000000001,0.05,0.02,0.02,1.0,0.2,0.06,0.0,36,14
0.8451933928155734,-0.17554898821312123,0.038039354768003575,10.455863019913933,18.0865672409187,-8.434128661104886,7.497781752187615,-0.4366311404714631,2.40995774578846,-2.8532833606618944,-0.7452301772956893,False,4.800000000000001,0.05,0.02,0.02,1.0,0.2,0.06,0.0,36,15
0.8548183592925312,-0.1760230176582883,0.035535740649697806,11.294140131003617,37.57335541292738,-9.697096767820227,9.558638551772315,-1.3250279868171193,1.819050243603845,-1.3330153148962236,-0.6633993568528862,False,4.800000000000001,0.05,0.02,0.02,1.0,0.2,0.06,0.0,36,16
0.836305618313443,-0.1689080344981674,0.028359015055741708,9.587374855606912,82.31940411719725,-9.21798633292504,8.09402995746268,-1.1142887796923504,1.3195844510294432,-2.1273822012357426,-0.4519308618893265,False,4.800000000000001,0.05,0.02,0.02,1.0,0.2,0.06,0.0,36,17
0.8414715806422555,-0.18511266144824048,0.03491254889982401,10.171507705328693,3.6868969376345597,-6.5242802061750576,7.873928103469642,-0.6709522629995627,-0.8953351513464107,-2.574130592102811,-0.6224428824800561,False,4.800000000000001,0.05,0.02,0.02,1.0,0.2,0.06,0.0,36,18
0.8537775287250228,-0.1791980429275802,0.02680837755917777,10.358058204217569,-5.42740800665889,-8.762944313485487,4.286167131411185,-0.9809590119687941,-0.40246538129313725,-2.5809336349871863,-0.376566127143995,False,4.800000000000001,0.05,0.02,0.02,1.0,0.2,0.06,0.0,36,19
0.8292779385902583,-0.18612182779511452,0.038314632434760326,9.094356521041597,95.97058989796567,-9.90971098898953,13.650593859197626,-0.35264538666675943,1.8471876253045574,-0.5752609075671088,-0.7296191748886404,False,4.800000000000001,0.05,0.02,0.02,1.0,0.2,0.06,0.0,36,20
0.8401727923134285,-0.18364195958915067,0.03768934292127916,10.384679769345897,28.17629832227311,-5.581558192425367,7.156244139284562,-1.023364969920624,1.462156494060943,0.46507536003366806,-0.714907902928166,False,4.800000000000001,0.05,0.02,0.02,1.0,0.2,0.06,0.0,36,21
0.8436107994016595,-0.1745392495230297,0.03786345910624093,9.994199345715927,32.46543719772554,-8.53198002078916,9.288470623849664,-0.771895727239237,1.6670303716135049,1.4841685579010169,-0.742119844580339,False,4.800000000000001,0.05,0.02,0.02,1.0,0.2,0.06,0.0,36,22
0.8425702683703845,-0.18912694251566753,0.030814368036570172,10.084061341180021,87.53079274701696,-6.992142097143079,11.01609501478758,-1.2819866199264645,0.8675371645621341,-1.909619860544591,-0.4816008990304206,False,4.800000000000001,0.05,0.02,0.02,1.0,0.2,0.06,0.0,36,23
0.8303522445476427,-0.1728729267256599,0.034801520192358305,10.441129131359473,44.04106619794029,-7.668355359107519,8.021547951045436,-1.3845711807035435,1.682217585749698,-2.618970981200543,-0.6489324873410237,False,4.800000000000001,0.05,0.02,0.02,1.0,0.2,0.06,0.0,36,24
0.8418595290281559,-0.1724316582646598,0.03317155507197941,10.879790522399675,-26.499128833466802,-6.169416594227649,9.981467597894156,-0.4927675534266534,-0.8035039705121699,-2.182218907534348,-0.5971422107264683,False,4.800000000000001,0.05,0.02,0.02,1.0,0.2,0.06,0.0,36,25
0.8308548371738826,-0.1719831415669274,0.0374292672752278,11.00914575359177,56.01827406993411,-6.021238026601903,5.601468138107059,-1.2154739426790016,1.9224986513215079,-1.1470875673848895,-0.7351257228162311,False,4.800000000000001,0.05,0.02,0.02,1.0,0.2,0.06,0.0,36,26
0.8460080889029729,-0.18037186355255777,0.03103355922281077,11.261411388836569,67.49360253053449,-6.938890684604015,10.531842998227901,-0.2335750782316296,0.8809989736037955,-2.071179090530152,-0.5094209372696278,False,4.800000000000001,0.05,0.02,0.02,1.0,0.2,0.06,0.0,36,27
0.8482371062020349,-0.17606063409504535,0.038196699427657015,9.849055207789155,-11.553524748337162,-9.745861711375332,8.693230484943763,-1.6444897918636636,2.8938667347708633,-0.6239547287270145,-0.7488546334847938,False,4.800000000000001,0.05,0.02,0.02,1.0,0.2,0.06,0.0,36,28
0.8431168222790014,-0.17864819510568844,0.03724622784207827,11.000766306843063,26.530741276268998,-9.131459555914489,10.945265397219313,-1.0758074989414157,1.997532126234491,-3.4279450109893834,-0.7125366133561124,False,4.800000000000001,0.05,0.02,0.02,1.0,0.2,0.06,0.0,36,29
0.8238474683757643,-0.17256253267249885,0.03037636625173702,9.574309342167274,53.325537426733234,-5.15699150499054,7.417155836113102,-1.3484035774593965,0.632938941937312,0.6278836486531437,-0.5084627935390418,False,4.800000000000001,0.05,0.02,0.02,1.0,0.2,0.06,0.0,36,30
0.8371739752591627,-0.176542001889801,0.030679202208769962,10.451682098668217,20.777413034481135,-11.45628914571717,8.793242179798398,-0.6929024146104448,2.4582790293151477,0.04596458945006114,-0.507803227629567,False,4.800000000000001,0.05,0.02,0.02,1.0,0.2,0.06,0.0,36,31
0.8394215221595095,-0.18179056110307193,0.04089986283220612,10.956260266902335,1.0718173594566036,-8.567851982598263,6.974074626890994,-1.4313381774449527,-0.7942401003655809,-1.5977078863702296,-0.8221329726536528,False,4.800000000000001,0.05,0.02,0.02,1.0,0.2,0.06,0.0,36,32
0.8497665538171734,-0.18694489340102224,0.0318575169661637,11.941712630825872,8.060820094500182,-10.822083175452464,6.538611552355689,-0.7682158598383116,3.23113201329093,-0.8663956911831392,-0.5197868055257548,False,4.800000000000001,0.05,0.02,0.02,1.0,0.2,0.06,0.0,36,33
0.834212206762167,-0.17221820376579375,0.030025459805401732,10.513564182749723,65.34049435451456,-10.355263901805642,8.594785597984876,-1.0048928006948201,1.7680724495592812,0.3127949887235967,-0.49743829232922065,False,4.800000000000001,0.05,0.02,0.02,1.0,0.2,0.06,0.0,36,34
0.832560889497065,-0.1846438085470994,0.04094841939701533,10.106126906792236,44.81131481415605,-11.165269879715947,7.289468610784326,-1.835630490550036,2.5372365289389203,-0.7696216070595965,-0.8172506268216284,False,4.800000000000001,0.05,0.02,0.02,1.0,0.2,0.06,0.0,36,35
0.8276493025415913,-0.16971022142793182,0.04260967260938022,10.512608693466355,85.41597476617365,-9.549562795518536,8.747725759335228,-0.7532684433126349,1.0138484853591903,-0.3908736234991487,-0.9065460339206355,False,4.800000000000001,0.05,0.02,0.02,1.0,0.2,0.06,0.0,36,36
0.8284646402903348,-0.17931023130149515,0.03580112843038933,10.016425861311303,47.45317938549405,-9.13338870674618,4.463456975402865,-0.7180184105823233,-1.0888676767446903,0.11498716628278417,-0.6655836762314504,False,4.800000000000001,0.05,0.02,0.02,1.0,0.2,0.06,0.0,36,37
0.8509378481885962,-0.17864757941949963,0.030678508595204806,11.938110609351343,27.831283748088403,-7.83649822621926,4.1904328701122235,-0.2577695637152099,1.5104052060329287,-2.431472044870222,-0.5019018135484392,False,4.800000000000001,0.05,0.02,0.02,1.0,0.2,0.06,0.0,36,38
0.8491204047188031,-0.17841097248655213,0.027005733055828846,10.53855220504979,-31.267440014828992,-11.434737156125273,8.580006715502961,-1.762210050153481,1.9391120866252225,0.18088781113008554,-0.38504989953567,False,4.800000000000001,0.05,0.02,0.02,1.0,0.2,0.06,0.0,36,39
0.8365838691846775,-0.17324309630286608,0.040119476330057496,11.047630342562588,0.7244812559478012,-2.7252870892651884,8.297249185048642,-1.1346773502124077,2.185718334727584,-2.21912809894573,-0.8178447792838809,False,4.800000000000001,0.05,0.02,0.02,1.0,0.2,0.06,0.0,36,40
0.8405039301509832,-0.17914058756123308,0.0356671015366278,9.311269031103828,75.18577180342402,-8.613297131569157,7.319120764539899,-1.1356027699721214,1.166728542943406,-0.859506905860394,-0.6609796032160714,False,4.800000000000001,0.05,0.02,0.02,1.0,0.2,0.06,0.0,36,41
0.8387423563196531,-0.17565307297847363,0.02804691386991579,10.679106223848853,45.609721689974585,-7.805543318738641,7.794436116416219,-1.0703018414994834,0.9541374772086747,-0.3997879350260565,-0.42560932730978956,False,4.800000000000001,0.05,0.02,0.02,1.0,0.2,0.06,0.0,36,42
0.8426083186920565,-0.17099064369839423,0.02845786719403444,10.07237820720126,45.51359899196759,-7.743813324107616,7.2593023867543325,-1.1996860207872082,2.137901452536005,-1.4319929447430193,-0.44971770621143276,False,4.800000000000001,0.05,0.02,0.02,1.0,0.2,0.06,0.0,36,43
0.8490648337808199,-0.17544482506954803,0.029348639699985152,10.140486226029727,30.148830602100468,-5.3372824249835356,7.137622255203486,-1.1730905135760161,-0.6248822748638154,-3.4011648952342837,-0.46714500020576066,False,4.800000000000001,0.05,0.02,0.02,1.0,0.2,0.06,0.0,36,44
0.8245039657954699,-0.17899922584848363,0.03560807932845672,10.071412327992764,105.64446942878925,-8.403134278621586,6.89769198698727,-0.17912463544283774,1.507353270236148,-0.6022536372850256,-0.6603901585265264,False,4.800000000000001,0.05,0.02,0.02,1.0,0.2,0.06,0.0,36,45
0.8354660762174366,-0.16818576062429957,0.038188598851596006,9.581363080905913,68.52899394964622,-8.308082383389296,8.206629878829668,-0.612530201823831,2.333573830868944,-0.3201023891204363,-0.7682613731797072,False,4.800000000000001,0.05,0.02,0.02,1.0,0.2,0.06,0.0,36,46
0.8281336176201431,-0.16936381545985613,0.033799022510999414,10.22028120413459,91.17255410439026,-4.979803109298797,8.514170447192694,-1.0698794430074,2.0085261238468353,-0.836163644439074,-0.6254075461911182,False,4.800000000000001,0.05,0.02,0.02,1.0,0.2,0.06,0.0,36,47
0.838228241104666,-0.17101340831572012,0.042175202986432285,9.862619122775758,83.75203421291445,-10.681586814938418,4.1697323462971925,-0.32962015036603665,1.900400180749871,1.7062787446373562,-0.8888806211418251,False,4.800000000000001,0.05,0.02,0.02,1.0,0.2,0.06,0.0,36,48
0.8363037575613452,-0.1779106274549025,0.029537318049666902,11.187418970879039,59.0917967455648,-6.295659127332954,6.055203607630287,-0.3973708295091561,2.3983759701356666,-1.3731953421213776,-0.4680304462438944,False,4.800000000000001,0.05,0.02,0.02,1.0,0.2,0.06,0.0,36,49
0.8369639363766659,-0.1780998545362518,0.03461439946773381,10.96286900308103,20.416830767216904,-10.235974152088172,4.7887696506203685,-1.0075967805910835,-0.17778971956883075,-0.4627117501513035,-0.6300032958978778,False,4.800000000000001,0.05,0.02,0.02,1.0,0.2,0.06,0.0,36,50
0.8359058418011044,-0.17338687625527557,0.03314154799721481,10.821716497502727,64.34847639760271,-8.780198809100124,7.682079809490725,-1.0580843023002824,1.9392939147799142,-1.307002336274817,-0.5942466823901466,False,4.800000000000001,0.05,0.02,0.02,1.0,0.2,0.06,0.0,36,51
0.8454017717503083,-0.1773344772254156,0.02516936889899952,10.151773378021568,40.30653015817863,-6.064376864478126,6.518230421861168,-1.4386427698618038,1.1841605813874658,1.2701819207103544,-0.329092953121969,False,4.800000000000001,0.05,0.02,0.02,1.0,0.2,0.06,0.0,36,52
0.8431573134847378,-0.18342817767192823,0.037661981355064954,10.7255438469355,27.409108075761235,-9.071075203032882,10.076686568256099,-0.30432666791765983,1.0775546368348683,-2.1443925384259113,-0.7143663381403667,False,4.800000000000001,0.05,0.02,0.02,1.0,0.2,0.06,0.0,36,53
0.842194717260529,-0.1783280557559501,0.03473158092123493,10.36925530320291,23.617201565846596,-1.8925366784793645,12.68862435769022,-1.267995920318821,-0.44112719661314065,0.5507738522226654,-0.6328915726296059,False,4.800000000000001,0.05,0.02,0.02,1.0,0.2,0.06,0.0,36,54
0.8351484770773984,-0.1740459233803361,0.03475444670370261,10.051939247543284,11.078560999975549,-7.269162959646823,2.2470917421018086,0.19391009765726172,-0.2432396784349018,-1.166571567877749,-0.6443231697810332,False,4.800000000000001,0.05,0.02,0.02,1.0,0.2,0.06,0.0,36,55
0.8430565998193703,-0.1754615296981744,0.03613989229126076,10.907958132423877,-7.4685660991025085,-5.631570447260061,8.979913203356762,-0.8770865325790561,1.1366542097879668,-3.5079431390808735,-0.6847854860555637,False,4.800000000000001,0.05,0.02,0.02,1.0,0.2,0.06,0.0,36,56
0.8329344302359244,-0.1817699995802167,0.03621646407410175,12.051870549327711,22.452274688700975,-6.740918246446218,3.957225359744104,-1.1709133596605363,4.014147167782481,-0.7186098561910356,-0.6727027855645806,False,4.800000000000001,0.05,0.02,0.02,1.0,0.2,0.06,0.0,36,57
0.8479582183835163,-0.17962527396632758,0.02542129674225331,12.218732307968763,45.4141376569126,-12.411883961799882,10.669405905128936,-1.6376204111462531,3.2398742221668586,-2.4463580646717396,-0.331503345129909,False,4.800000000000001,0.05,0.02,0.02,1.0,0.2,0.06,0.0,36,58
0.8598210468528458,-0.17599597595062977,0.018057955937986536,10.462696732088089,-16.672012999139962,-7.878201242496383,6.112486013789961,-0.9036221517652432,1.0583548334916388,-0.9645177457183658,-0.10387498492288705,False,4.800000000000001,0.05,0.02,0.02,1.0,0.2,0.06,0.0,36,59
0.8338628659898388,-0.18153998771161553,0.032414892072610925,10.336579621731214,47.65957838115939,-9.491201584170778,4.667762852548701,-0.6130551170492399,0.5627478360929917,2.3007051060241706,-0.5515488038562821,False,4.800000000000001,0.05,0.02,0.02,1.0,0.2,0.06,0.0,36,60
0.837890765380314,-0.17879791067195008,0.03376695892019083,11.697721277216354,51.78672326417132,-7.372432672468288,8.53059968428291,-1.245494959160968,2.67350286135203,-2.418311279457483,-0.6011542539106078,False,4.800000000000001,0.05,0.02,0.02,1.0,0.2,0.06,0.0,36,61
0.8392462689968273,-0.17265305741668588,0.038385074349276675,10.448948349979629,22.673920632695538,-12.579047383391627,4.606060389046701,-0.6827898417367142,1.8755106303752258,2.155191513715921,-0.7636002652369981,False,4.800000000000001,0.05,0.02,0.02,1.0,0.2,0.06,0.0,36,62
0.8463004603662548,-0.17233344244941406,0.029304519731670125,10.523777784608631,24.077183170706224,-5.481964459135179,9.074363655955336,-1.806761693177222,0.734405893398055,-2.7947345435046125,-0.4733663419128752,False,4.800000000000001,0.05,0.02,0.02,1.0,0.2,0.06,0.0,36,63
0.8290948542542346,-0.17625368524722881,0.03636991590169453,10.356992794597069,19.8110857133216,-8.32673396624235,10.187189499728746,-0.7545026368046127,3.0719987165370903,-0.5318940661674696,-0.6910827730056219,False,4.800000000000001,0.05,0.02,0.02,1.0,0.2,0.06,0.0,36,64
0.8519324234434059,-0.1774999674658102,0.030145347298355926,11.729969161613042,81.35889786005733,-9.166626098546248,6.292126344222751,-0.786600014029557,1.22531475857874,-0.21544356268685544,-0.487535246222841,False,4.800000000000001,0.05,0.02,0.02,1.0,0.2,0.06,0.0,36,65
0.8434856094972908,-0.18123197733396687,0.03265140660038407,9.295155835489696,62.10097332039011,-6.745956757195193,7.955831689947581,-1.126040531584944,4.817020679020925,-2.076257362097164,-0.5592791290409325,False,4.800000000000001,0.05,0.02,0.02,1.0,0.2,0.06,0.0,36,66
0.8512408781408594,-0.17876702933837377,0.018732014318559122,10.41627954501697,21.607502176141903,-6.70355201795309,8.21008885572415,-1.3080497408913643,0.9364591808031514,-2.6668995159962328,-0.1193091350933434,False,4.800000000000001,0.05,0.02,0.02,1.0,0.2,0.06,0.0,36,67
0.8423342217365848,-0.17895323574241295,0.0369380728382348,8.915077921501894,57.32160107656938,-6.1927399569260535,6.184551244606398,-0.7017643629063073,2.064003485159286,-0.9153613536865709,-0.7019905117375278,False,4.800000000000001,0.05,0.02,0.02,1.0,0.2,0.06,0.0,36,68
0.8556622775272505,-0.1873072109465372,0.02762341034869069,11.522027524069731,27.92585929755776,-8.943128173252276,8.923760964059872,-1.3936613919830618,3.596174464059869,-0.9266310675770265,-0.3830720882347779,False,4.800000000000001,0.05,0.02,0.02,1.0,0.2,0.06,0.0,36,69
0.8510894031215047,-0.1839335834730342,0.025940635198238943,8.983895163640055,99.47995789546465,-9.767518707431064,11.884120681129788,-1.244584667892027,3.978346260693299,-3.064308271785553,-0.337594361821074,False,4.800000000000001,0.05,0.02,0.02,1.0,0.2,0.06,0.0,36,70
0.8385003420039254,-0.17045011993395512,0.039703012792617544,9.85673258584408,24.207641457698223,-3.976999034812624,6.569613934430785,-0.6247141492061875,0.4235969528440479,-2.2627622745527787,-0.8111061010020338,False,4.800000000000001,0.05,0.02,0.02,1.0,0.2,0.06,0.0,36,71
0.8387178764693818,-0.17379466745728486,0.03390096952511843,9.403277729956697,36.77400348018355,-7.686479142452707,10.657545777518465,-1.4391107819140374,1.5774281735070672,-1.5589216839449516,-0.6174007503181435,False,4.800000000000001,0.05,0.02,0.02,1.0,0.2,0.06,0.0,36,72
0.8341676926083027,-0.17675420792215327,0.0382574854616611,10.482021518003867,8.73862580966635,-4.584394939452292,3.673488284478995,-0.832824294996551,-1.0743610144176863,-0.33844320703970454,-0.7499793742034895,False,4.800000000000001,0.05,0.02,0.02,1.0,0.2,0.06,0.0,36,73
0.8356051055618966,-0.17880511363822538,0.030123162164011313,11.22120166958895,68.6737825336092,-11.823071757711258,10.047733938109596,-1.1858368079389774,1.074098400468711,-1.5621536068978663,-0.4846726101829076,False,4.800000000000001,0.05,0.02,0.02,1.0,0.2,0.06,0.0,36,74
0.8438038382804574,-0.17695582567019194,0.0234944303397195,10.278436770911938,7.858009162163587,-7.414158461459709,5.5726293040916834,-0.3569319947098899,-0.647065332649308,-1.1210130435676688,-0.2764995589657361,False,4.800000000000001,0.05,0.02,0.02,1.0,0.2,0.06,0.0,36,75
0.8326138852051049,-0.1824316971135261,0.03858024610739976,9.820457252392409,77.88391152924483,-8.395204116586209,8.960896095383415,-1.3833197571520788,-0.029780592694417168,-1.2445962129027874,-0.7467749692520236,False,4.800000000000001,0.05,0.02,0.02,1.0,0.2,0.06,0.0,36,76
0.8425757966774451,-0.18097603658439476,0.034735366259711,9.963627150430044,30.67615911053315,-5.954710057988506,7.327807018376891,-0.7825479686742852,1.8931464667911477,0.472966029600621,-0.6266346847075581,False,4.800000000000001,0.05,0.02,0.02,1.0,0.2,0.06,0.0,36,77
0.8388837140192802,-0.17626808306032804,0.03228637470966519,10.215339701443662,49.92943874876826,-7.503478240750962,5.125790473919735,-1.3440683162780718,1.7405428285822333,-1.327869919684423,-0.5597875685233421,False,4.800000000000001,0.05,0.02,0.02,1.0,0.2,0.06,0.0,36,78
0.8484511234014814,-0.17585151697456727,0.02482275567081028,12.587399541657279,-2.996924040570941,-4.629589838903949,7.946253260410723,-1.4879852809750334,2.105973220651624,-1.9218794637668908,-0.32137747332287886,False,4.800000000000001,0.05,0.02,0.02,1.0,0.2,0.06,0.0,36,79
0.8319739385501502,-0.17055300402410314,0.03577122270294509,10.78804949179331,11.062629840434422,-8.331214866598184,5.945201553733002,-1.2990758819551556,0.617155994638877,-3.202439086835997,-0.6854334805233866,False,4.800000000000001,0.05,0.02,0.02,1.0,0.2,0.06,0.0,36,80
0.8407799333539568,-0.18265509553359874,0.031171991190086835,9.953358480304889,58.87854367526596,-9.13665810168633,5.218960181019885,-1.0190754576970649,3.8911678937535585,-1.4005549953949024,-0.5086846928009046,False,4.800000000000001,0.05,0.02,0.02,1.0,0.2,0.06,0.0,36,81
0.8474360820706549,-0.18714280657467275,0.03237971147247461,9.61975114579195,50.3963995678312,-7.232115028713469,5.7142896507514855,-1.249614531642852,-0.243665755466948,-1.7389563792136817,-0.5361618664157337,False,4.800000000000001,0.05,0.02,0.02,1.0,0.2,0.06,0.0,36,82
0.8363900556581759,-0.17537134494929948,0.030891607026495557,9.429071021022114,47.55778097123613,-8.336793950147916,3.136847538365289,-0.2562101215724555,1.055242188332917,-0.588870059919492,-0.5174567936300487,False,4.800000000000001,0.05,0.02,0.02,1.0,0.2,0.06,0.0,36,83
0.8405904164105955,-0.16922446218360265,0.03193026335226852,9.62191863210293,67.07991234860735,-7.100274578728843,7.582306545574891,-1.3747455597367695,2.3277534118555008,-1.6180110794798876,-0.5651942930473108,False,4.800000000000001,0.05,0.02,0.02,1.0,0.2,0.06,0.0,36,84
0.850524469423276,-0.1759748248726323,0.02635344420334465,10.697423386124703,32.04254543940164,-6.86775940745031,11.047905086987225,-1.5860093058537545,0.5064614814854914,-3.334653231402462,-0.36993916664731497,False,4.800000000000001,0.05,0.02,0.02,1.0,0.2,0.06,0.0,36,85
0.8353635247069872,-0.17472480527356318,0.03921833236029602,10.435916163174182,64.05316232683478,-9.062822892659625,5.288014865788211,-0.9199991848959247,2.306941342601183,-2.6759272758454054,-0.785525291390502,False,4.800000000000001,0.05,0.02,0.02,1.0,0.2,0.06,0.0,36,86
0.8376141555704554,-0.17725782691200417,0.03536018975968725,9.646716837870104,35.168340300632835,-6.354687778909716,7.385529181702029,-0.12116964169780532,0.8575725676202877,0.00999297023714735,-0.655850438386955,False,4.800000000000001,0.05,0.02,0.02,1.0,0.2,0.06,0.0,36,87
0.8429398273425527,-0.18159988147017705,0.029626798741695808,9.703942302691788,68.81210125307223,-7.916967315403305,10.161386056709611,-0.5250030840880177,2.34046730626813,-3.0609422296760833,-0.461641454565288,False,4.800000000000001,0.05,0.02,0.02,1.0,0.2,0.06,0.0,36,88
0.8420822497618935,-0.1687050672415238,0.03573827601946939,10.277035718551572,-19.189344763867005,-6.405283855667214,5.602013370592513,0.6265428393061224,0.7900146173488991,0.06222418603624824,-0.6882077362576501,False,4.800000000000001,0.05,0.02,0.02,1.0,0.2,0.06,0.0,36,89
0.8366249825937931,-0.17399620514999126,0.036494545332863206,11.055419795095794,11.586442694943939,-6.7592807481198465,4.7324010528514515,-2.762617979968794,0.5962283501260944,-1.484763337069853,-0.7000370593360162,False,4.800000000000001,0.05,0.02,0.02,1.0,0.2,0.06,0.0,36,90
0.8328917736371704,-0.17765119793548123,0.03546277413626534,9.65640321335522,90.84486777608862,-9.586377040137384,7.4009252415642,-0.236002886112724,1.3078931604175918,-4.0475615396732785,-0.658472390897106,False,4.800000000000001,0.05,0.02,0.02,1.0,0.2,0.06,0.0,36,91
0.839877745036124,-0.1822577890118987,0.03649541784457283,10.59669837339703,31.283336156980443,-10.305013079112712,8.2294522821615,-1.9628634106523548,1.2140377437867615,-0.30510510549128256,-0.6800420126956065,False,4.800000000000001,0.05,0.02,0.02,1.0,0.2,0.06,0.0,36,92
0.8396740759625123,-0.1726882131318633,0.031214552653580575,9.626959205179116,53.7637079548323,-8.05305910263135,4.875542219388344,-0.46983741714743543,0.42007734996478857,-0.7869110617393409,-0.5340335288403559,False,4.800000000000001,0.05,0.02,0.02,1.0,0.2,0.06,0.0,36,93
0.8361643080620927,-0.17758661329174083,0.029006788324863916,9.605052348415215,52.15001585923602,-7.00418535679347,5.30057051474125,-1.2434661944411238,1.4161910133514328,0.27967775271803247,-0.45183949601174195,False,4.800000000000001,0.05,0.02,0.02,1.0,0.2,0.06,0.0,36,94
0.8402371104802123,-0.17220152606776976,0.026192261018467552,11.120725620514644,93.83483483180622,-6.4066706163633675,2.949404823531349,-1.3340150912900728,1.6577234599344117,0.003536914309201181,-0.3744544633995017,False,4.800000000000001,0.05,0.02,0.02,1.0,0.2,0.06,0.0,36,95
0.8412232846675337,-0.1802337732469942,0.03423875087027145,10.044819595531944,39.51243771660153,-8.310005882478318,6.972784860967146,-1.5242339397356985,-0.7453980337576432,-2.3485136262818127,-0.6126055749758486,False,4.800000000000001,0.05,0.02,0.02,1.0,0.2,0.06,0.0,36,96
0.842527228139347,-0.17597427052710227,0.03127846836771215,9.965744227580817,41.637359213849095,-7.264682659844787,8.587479808159081,-1.6800833056891977,3.5117775912430544,-2.2171170875390898,-0.5280211048133827,False,4.800000000000001,0.05,0.02,0.02,1.0,0.2,0.06,0.0,36,97
0.8357759963077824,-0.1885543513700424,0.03486549656584192,10.005642457788884,-1.6057510230477199,-4.551947380831212,8.461613870753208,-0.7100206059289369,0.16763342849028204,-1.3037366637927204,-0.6130188870403729,False,4.800000000000001,0.05,0.02,0.02,1.0,0.2,0.06,0.0,36,98
0.8413860286158816,-0.17701374698867234,0.031241688099611836,10.410246418778934,80.08331811720446,-6.880395361949213,7.1087839571949765,-1.492909514570202,0.10659330176146212,-2.4174614307871995,-0.5244178646978125,False,4.800000000000001,0.05,0.02,0.02,1.0,0.2,0.06,0.0,36,99
2.064199861620815,-0.34356604142647423,0.042757333483745524,12.20544120830303,98.46806859357199,-12.485600968974408,15.909101299037493,-0.16081993208767653,0.5145296929196459,-2.1591655710015045,-0.41982418035907,False,4.800000000000001,0.05,0.02,0.02,1.0,0.2,0.06,0.0,40,0
2.029452501212896,-0.3440479065762232,0.06443013578392424,14.273305749049056,97.92137455682258,-14.4895975799596,12.975161925855234,-0.14653032683058673,-1.081223482302732,0.34739786767520753,-1.114282219229867,False,4.800000000000001,0.05,0.02,0.02,1.0,0.2,0.06,0.0,40,1
2.0737158385292465,-0.33285968625991996,0.04089355709328125,12.802120159804375,-20.75729813817197,-18.689313460069798,8.830971551826506,-1.2835969273447332,-0.6797260728883027,-3.303305892456948,-0.38530762964943754,False,4.800000000000001,0.05,0.02,0.02,1.0,0.2,0.06,0.0,40,2
2.060814914922306,-0.3416744009844291,0.0422526496461497,12.08864592337133,32.66871424351181,-19.62561341631509,15.917312179866345,0.2651215386689284,2.306487026499278,-1.6670082820048342,-0.4084173314188224,False,4.800000000000001,0.05,0.02,0.02,1.0,0.2,0.06,0.0,40,3
2.063153225734002,-0.3398207484993079,0.038132429783675335,15.717929385622279,-6.599691905601129,-21.06222588251241,14.6289739347666,-0.4392861548459691,1.9033258795434491,-3.284269766439949,-0.28087876313523186,False,4.800000000000001,0.05,0.02,0.02,1.0,0.2,0.06,0.0,40,4
2.081142129402508,-0.35202374964171484,0.040426106190262684,16.84239006691523,-84.59011433144912,-17.846522070962013,21.02010107904695,-0.7272141714124466,0.5298365939800276,-6.123822919152336,-0.32390987118414005,False,4.800000000000001,0.05,0.02,0.02,1.0,0.2,0.06,0.0,40,5
2.060698140336214,-0.34788245599835954,0.04221623188990845,14.251005586276479,125.69313330567408,-15.768141667188681,15.789005711501751,0.029019834884084016,2.6713943726951697,-1.9506665954491875,-0.3923596376608349,False,4.800000000000001,0.05,0.02,0.02,1.0,0.2,0.06,0.0,40,6
2.0599535133399707,-0.3440293574415097,0.045209868775928065,15.717318218711105,58.860003735269956,-14.25921342390758,9.405495612434486,-1.0462052706297882,3.950940664261541,1.6364677641519227,-0.49744813216967687,False,4.800000000000001,0.05,0.02,0.02,1.0,0.2,0.06,0.0,40,7
2.0678132422953275,-0.3266736809369082,0.04482781505214739,14.702895911864433,0.664734098819272,-12.552835815153639,13.983459272180266,-0.5269066894219282,2.707366030060286,-2.1504597816044977,-0.5264044528824174,False,4.800000000000001,0.05,0.02,0.02,1.0,0.2,0.06,0.0,40,8
2.0737748963649985,-0.3381044583290304,0.041211754075915874,14.3279830186339,0.08425729885728085,-15.954052323701406,14.083783450399173,-0.6684687166072962,0.3026173982890881,2.7420413245545445,-0.38289893665773533,False,4.800000000000001,0.05,0.02,0.02,1.0,0.2,0.06,0.0,40,9
2.074017678875833,-0.3427010587514958,0.03481981672170092,15.338191267964676,37.676543629606904,-12.511804680150561,16.529172975873323,-0.7779831803486371,1.441533143149651,-2.2828809344247105,-0.1673105333582896,False,4.800000000000001,0.05,0.02,0.02,1.0,0.2,0.06,0.0,40,10
2.0594102636683105,-0.34532726540799324,0.04387200138163428,14.877862328071753,38.352875052295225,-9.308454538922339,15.133908565222223,-0.4362830684244917,3.365595737665185,-3.256757317081558,-0.4515539914130149,False,4.800000000000001,0.05,0.02,0.02,1.0,0.2,0.06,0.0,40,11
2.0505615187257913,-0.34405505337482634,0.06296839991124815,17.10790658299778,44.30035761113062,-15.476522742287838,13.314790436051108,-0.18053616113788887,0.6193006435552596,-1.9859819493426754,-1.0662229779368109,False,4.800000000000001,0.05,0.02,0.02,1.0,0.2,0.06,0.0,40,12
2.0534395649031065,-0.33697137991415466,0.04782259367916134,14.416386510552892,-9.526789781308633,-16.32647252936316,15.62619153750627,-1.0188121728182646,3.528577344037945,0.27223362137606455,-0.5983853120450058,False,4.800000000000001,0.05,0.02,0.02,1.0,0.2,0.06,0.0,40,13
2.0796684066506663,-0.3566313412082467,0.05991721419954473,15.972212784545098,-52.44544015535151,-15.04350236261801,18.015683007862854,-0.4699340112359765,4.962062832322097,-2.0449353337610785,-0.9366555310865998,False,4.800000000000001,0.05,0.02,0.02,1.0,0.2,0.06,0.0,40,14
2.052743027000203,-0.3421803210830227,0.05572953537339517,14.056253292407314,22.571427537331612,-17.688261349663748,13.70047501999204,0.19246688198669995,3.0115361986028986,-4.635263836419032,-0.8389477797293793,False,4.800000000000001,0.05,0.02,0.02,1.0,0.2,0.06,0.0,40,15
2.072083542901123,-0.3523031739448292,0.04118444837753587,16.597351207004447,15.155353276975134,-19.710549524933526,13.063693443962524,-0.9578688593746575,4.8497070192183855,-0.4148132280089432,-0.3480497180394907,False,4.800000000000001,0.05,0.02,0.02,1.0,0.2,0.06,0.0,40,16
2.0502369845139055,-0.3491798143061149,0.05936444059248008,14.534469187855368,32.722894319639316,-21.44738473545159,10.903818567036836,-0.9336843053170829,4.129474176617292,0.913175759710011,-0.9386163255538531,False,4.800000000000001,0.05,0.02,0.02,1.0,0.2,0.06,0.0,40,17
2.0597707421579097,-0.34642952358471063,0.039443116520603776,14.835598030012136,-19.545135309001928,-12.435819938670463,10.587994217862567,-1.136947432014336,1.883385132428205,-4.668067956924518,-0.307162627526541,False,4.800000000000001,0.05,0.02,0.02,1.0,0.2,0.06,0.0,40,18
2.065865991121316,-0.3404140405674076,0.04794780511558683,14.2498747865126,-37.08147020049843,-16.722507107400286,13.182537902837579,-0.9621521647503332,1.9691589811466836,-4.306408067462286,-0.5933841068697218,False,4.800000000000001,0.05,0.02,0.02,1.0,0.2,0.06,0.0,40,19
2.0524364292317228,-0.3412345270090606,0.04857613469044406,13.954021471200118,11.667903479684366,-15.598436209669183,14.384536163582093,-1.6641009738605683,3.195969536967887,1.898616767097627,-0.6123272595185617,False,4.800000000000001,0.05,0.02,0.02,1.0,0.2,0.06,0.0,40,20
2.081319821086408,-0.34589475250894314,0.04518722672171686,13.699797074844978,5.084028823415314,-14.330255861368068,14.686016829402087,0.06194568769802503,1.8937213895022895,-0.8275816099167487,-0.4909646598082916,False,4.800000000000001,0.05,0.02,0.02,1.0,0.2,0.06,0.0,40,21
2.0728308376017908,-0.3396937271937488,0.04308383338146033,14.667655249448103,-28.186201285552986,-12.995099748646126,10.249157639098023,-0.39976635608094235,3.1132688459611564,-0.6660986579676665,-0.4390478726856263,False,4.800000000000001,0.05,0.02,0.02,1.0,0.2,0.06,0.0,40,22
2.0659283318320623,-0.33632003163720725,0.05567968115067531,14.596209048849879,-12.175618189446235,-15.444593392954623,15.83417519718502,-0.2378758821431904,-1.510395120754194,-5.992887285335786,-0.8506260209823892,False,4.800000000000001,0.05,0.02,0.02,1.0,0.2,0.06,0.0,40,23
2.070106258856097,-0.33815993936337657,0.04317845038106342,14.261373178536145,-37.658166250423754,-8.25079258268205,17.374408351372054,-0.40542356226724496,2.705610450592964,0.9806662761032084,-0.44592018219055995,False,4.800000000000001,0.05,0.02,0.02,1.0,0.2,0.06,0.0,40,24
2.0582728936840224,-0.33825762815712784,0.052768475118582826,14.861870225272696,69.12161807925382,-17.262917659963247,13.44465997420999,1.6235570034243556,1.2548477802438396,-5.176864970888547,-0.7532765225965027,False,4.800000000000001,0.05,0.02,0.02,1.0,0.2,0.06,0.0,40,25
2.076173907093968,-0.3387286188240326,0.045935744319746424,15.943135795288514,-8.643787496088258,-15.775866892840988,12.920775361424417,-0.7886597161357856,3.5812256259042914,-1.2876254575757373,-0.5324246986285694,False,4.800000000000001,0.05,0.02,0.02,1.0,0.2,0.06,0.0,40,26
2.0460332598802844,-0.3447815705971265,0.05000918724470163,10.726746452642825,46.07188117936041,-12.39852662316186,12.705566560831477,0.8128606341429061,0.7847797371687735,0.878630869230594,-0.650056226804532,False,4.800000000000001,0.05,0.02,0.02,1.0,0.2,0.06,0.0,40,27
2.063014541823596,-0.3401878145189161,0.05053497059805301,15.103253505619744,55.54866369954023,-14.691573214756174,13.835233603966648,-0.046207133658879594,0.08504031596032138,0.488020237452667,-0.6768874317828824,False,4.800000000000001,0.05,0.02,0.02,1.0,0.2,0.06,0.0,40,28
2.0656329664105386,-0.3453562201667683,0.052403965253181826,15.457677390973803,-66.76549908538861,-21.845089100866733,11.726638784570115,0.5688139836356946,2.6268857769511698,0.3608724217534022,-0.7241339817169427,False,4.800000000000001,0.05,0.02,0.02,1.0,0.2,0.06,0.0,40,29
2.051683400160052,-0.35185103739079104,0.05302514227269763,15.748474420583628,5.020879013322523,-19.422010218842956,15.666748548329146,-0.05631755448007408,3.1561870805769496,0.4888649012007929,-0.7292610589788231,False,4.800000000000001,0.05,0.02,0.02,1.0,0.2,0.06,0.0,40,30
2.0870905140363436,-0.34883844873878944,0.04688472434255014,15.16366295822772,14.655505689572417,-16.791554276297216,11.049465393276064,-0.881715141808776,2.8129879939044944,-0.8770733535820847,-0.5378734711463296,False,4.800000000000001,0.05,0.02,0.02,1.0,0.2,0.06,0.0,40,31
2.0585297389553343,-0.351210622410768,0.04234914120892195,15.116203743642734,96.3597018713064,-14.221313764150953,12.29566632075173,-2.000805515241149,5.610076942787149,-0.5785031191404002,-0.38875524056233934,False,4.800000000000001,0.05,0.02,0.02,1.0,0.2,0.06,0.0,40,32
2.0551306582342934,-0.34426100019288514,0.03624221394218904,11.334994757528316,49.22506575407846,-10.641998798532487,15.935052288077506,0.2311731230993796,-0.7503121029363812,-4.523584496832369,-0.21021660619306748,False,4.800000000000001,0.05,0.02,0.02,1.0,0.2,0.06,0.0,40,33
2.0561919517720733,-0.3400669327974573,0.056594910843099,14.429409937081333,26.22470204671594,-11.700087823479642,12.52774100276409,-0.21993941237388806,5.481122154352349,0.3287750291860752,-0.8715049911589464,False,4.800000000000001,0.05,0.02,0.02,1.0,0.2,0.06,0.0,40,34
2.05896293099113,-0.34805448552220214,0.05997447658732208,13.058412600973988,47.13411985936208,-13.70141266175898,11.698882470694235,0.11608523886628315,1.0636824318100602,0.15669825026920808,-0.9603147096815541,False,4.800000000000001,0.05,0.02,0.02,1.0,0.2,0.06,0.0,40,35
2.0580630646229565,-0.3417480117827463,0.055290996666958296,15.972974552647658,98.03889348184589,-19.316581307468454,14.49897809732901,0.5578433904159659,1.6323690142510894,-1.571522305317755,-0.8256328811866975,False,4.800000000000001,0.05,0.02,0.02,1.0,0.2,0.06,0.0,40,36
2.065340111629439,-0.3442140703135635,0.04708402455833576,13.954529211772881,1.7025661092029918,-11.621653532500162,14.460365252802985,0.9762499543504454,-0.14404985866187686,-0.5129640630734003,-0.556654610416426,False,4.800000000000001,0.05,0.02,0.02,1.0,0.2,0.06,0.0,40,37
2.0641403923067263,-0.33893914363042305,0.06041067282716944,14.443817484705018,66.25763024219667,-17.486027702953095,13.871110380220001,-0.025745852406877892,1.6718875533606992,0.2786138470435854,-0.9958391622180038,False,4.800000000000001,0.05,0.02,0.02,1.0,0.2,0.06,0.0,40,38
2.066820626714238,-0.3478875946098512,0.0384385434065435,11.113150121149538,51.384388921914685,-19.27395807042575,20.24388531495357,0.11384541955632702,-1.0063568451994664,-5.183362483343647,-0.27109392434289503,False,4.800000000000001,0.05,0.02,0.02,1.0,0.2,0.06,0.0,40,39
2.0654696210139645,-0.3352721011461717,0.055294616326152034,14.249613025444772,76.87348094046575,-10.636910348081223,16.43312042092785,-0.7599333486645955,4.403298123151503,-4.917074958656143,-0.8408465024252157,False,4.800000000000001,0.05,0.02,0.02,1.0,0.2,0.06,0.0,40,40
2.063513217481374,-0.35273604544385906,0.05784591406308968,13.995483874885986,27.83500918668289,-16.622195758785832,11.484592048890775,-0.21922329938324495,3.8469420367660794,-2.205948543875454,-0.8806919479047259,False,4.800000000000001,0.05,0.02,0.02,1.0,0.2,0.06,0.0,40,41
2.0797549896364345,-0.33374647784312783,0.03408989594605546,12.183270976974487,-3.152014664617192,-14.160389169460059,7.946385244971705,-0.4886482095413559,2.761076138791811,-2.5182668819036857,-0.165099824072082,False,4.800000000000001,0.05,0.02,0.02,1.0,0.2,0.06,0.0,40,42
2.0586027853883837,-0.3443362431296399,0.04846469013671708,13.964917019715184,8.606805395958109,-13.014028033013865,14.957404137523401,-0.7588786894795319,2.9376887948212866,-1.2475111434963315,-0.6009469337405082,False,4.800000000000001,0.05,0.02,0.02,1.0,0.2,0.06,0.0,40,43
2.0663068870367964,-0.34405889362414427,0.04733048468566786,13.439649486194094,67.85943322112489,-15.81109358475756,16.350761856628697,-0.8487155412763733,2.2624180449666027,-0.2690632280937856,-0.564855752021218,False,4.800000000000001,0.05,0.02,0.02,1.0,0.2,0.06,0.0,40,44
2.0570346894416054,-0.34270980634645504,0.04242788255768747,13.617132847709817,71.2933186178892,-17.92093838681078,14.567038217319514,-0.4239885080722958,-0.9561852626433155,0.48062585997363233,-0.4117666252480109,False,4.800000000000001,0.05,0.02,0.02,1.0,0.2,0.06,0.0,40,45
2.068004703665404,-0.33804261137360775,0.040252475668782865,15.551627010237796,-28.07716038338245,-17.03283595730697,14.244491533303052,0.9539628349381596,-0.11917888315104634,-5.263900299974367,-0.35269667188446907,False,4.800000000000001,0.05,0.02,0.02,1.0,0.2,0.06,0.0,40,46
2.053763240200964,-0.3431837202882666,0.044427838996796865,14.810532461241666,10.937739731731902,-17.659881330168485,11.110367598679675,0.48755813385792024,1.0818638865255854,-1.6766896138615752,-0.47482412479360225,False,4.800000000000001,0.05,0.02,0.02,1.0,0.2,0.06,0.0,40,47
2.0831885449857954,-0.3436072627524127,0.04233168295237929,14.056361362250989,47.20468093718785,-15.044419165956098,17.94057818783523,-1.3155772014984772,3.2133605299081145,0.968650796730989,-0.40496511117119927,False,4.800000000000001,0.05,0.02,0.02,1.0,0.2,0.06,0.0,40,48
2.0470095346154267,-0.3343967407826552,0.058859937981399026,15.372851059903521,37.618902750133216,-16.37757830462209,11.141965609416017,-1.0845211213203645,1.6689605278660353,-4.2240139747897265,-0.9581452654494713,False,4.800000000000001,0.05,0.02,0.02,1.0,0.2,0.06,0.0,40,49
2.058268023728727,-0.33618968235212404,0.05436356348099861,16.086574579586397,34.29659873315477,-15.496147062434332,12.73632135544267,-0.20965439655960186,2.369550210004378,-2.828557461661713,-0.8092827123231348,False,4.800000000000001,0.05,0.02,0.02,1.0,0.2,0.06,0.0,40,50
2.0648032010139876,-0.35153079509976876,0.045123312974547115,13.952679524891117,37.1659847957989,-18.67154961841398,12.204516327860558,0.7869779033218216,5.003776323724714,-0.8616601691032723,-0.4763839148852237,False,4.800000000000001,0.05,0.02,0.02,1.0,0.2,0.06,0.0,40,51
2.060834595507631,-0.3540728571739944,0.04283801456707028,12.689394580092356,4.219241611801381,-17.53985373399176,18.650248000159927,0.5534575645371814,-0.8516920745077228,-1.6540817519483015,-0.39739153319820486,False,4.800000000000001,0.05,0.02,0.02,1.0,0.2,0.06,0.0,40,52
2.0805983090114477,-0.35157389430282054,0.05636190827061808,14.743923906847593,-66.13589462540543,-20.038309686923117,17.627389690859847,-0.5737437158816406,3.281202386521456,-1.089041971600255,-0.8349678197923228,False,4.800000000000001,0.05,0.02,0.02,1.0,0.2,0.06,0.0,40,53
2.059236306755049,-0.34550265124454826,0.040133020453185876,14.42666775513917,16.66224479898684,-21.208115048209727,13.941331853625325,-0.7164852671962693,1.3067724419765971,-2.461711356536794,-0.3314961131097295,False,4.800000000000001,0.05,0.02,0.02,1.0,0.2,0.06,0.0,40,54
2.0735777278418257,-0.3547452349012467,0.04390179812441103,15.118958437703435,22.111070189584456,-12.681877397487854,14.4568753814098,-1.5887020576244326,2.317863279385067,-3.9531418497956934,-0.4290543125476515,False,4.800000000000001,0.05,0.02,0.02,1.0,0.2,0.06,0.0,40,55
2.0796308166525344,-0.33095912019305446,0.04225532348384837,15.752320085977193,10.745702194288008,-11.697957887700952,16.07994427490174,-0.8536072086087448,0.5883331619890112,0.5876640165013841,-0.4330906140206652,False,4.800000000000001,0.05,0.02,0.02,1.0,0.2,0.06,0.0,40,56
2.06945465183701,-0.34040497351394733,0.04486301502931356,15.903584781871935,-35.41580758778448,-15.8888495741084,16.961068492764433,-0.4803051011109894,5.86084412552531,-1.9533216577032702,-0.4944772653943399,False,4.800000000000001,0.05,0.02,0.02,1.0,0.2,0.06,0.0,40,57
2.0723424764023655,-0.35160794462055306,0.04255066198044758,14.366554379142807,-20.683722206543106,-20.037005849180186,11.607434820782446,-0.5346389789007193,-0.26853176628008635,-2.592448835338596,-0.39342156770085357,False,4.800000000000001,0.05,0.02,0.02,1.0,0.2,0.06,0.0,40,58
2.066785824983745,-0.346612007423023,0.03634566737281356,14.407499112369448,55.05953040410236,-17.486035518308196,10.894251018761725,0.9575815528268414,3.717910360911548,-0.5039559229064529,-0.2071853886157543,False,4.800000000000001,0.05,0.02,0.02,1.0,0.2,0.06,0.0,40,59
2.068705659549272,-0.33875572802889636,0.04757136869736699,13.627187409310208,-30.585408028269892,-24.851076305276038,13.157813794376214,1.0472611913135896,1.6506576680637979,-3.029080397489586,-0.5851477114734367,False,4.800000000000001,0.05,0.02,0.02,1.0,0.2,0.06,0.0,40,60
2.0629746050100812,-0.35119532915952023,0.04696981944091569,15.035425292880733,3.5892675257413633,-12.91802747885661,16.441722460276033,-1.3269558172289762,-0.34430400755150375,-1.5151010817010944,-0.536386955825849,False,4.800000000000001,0.05,0.02,0.02,1.0,0.2,0.06,0.0,40,61
2.0796005341743817,-0.3340630847816035,0.0406540316184232,13.154867858751958,117.58286352110278,-15.971541070115391,11.053819657039426,-0.048327327687488264,2.374992955578481,-0.8923273123953026,-0.37440157626323134,False,4.800000000000001,0.05,0.02,0.02,1.0,0.2,0.06,0.0,40,62
2.0878682774325354,-0.34707433227112267,0.044124252865399054,16.307571796088855,-69.41619300348448,-13.404813038485452,8.303838900839999,-0.4509963822031591,4.000576101337705,-2.4477946021285995,-0.4537255975961234,False,4.800000000000001,0.05,0.02,0.02,1.0,0.2,0.06,0.0,40,63
2.0591786566038675,-0.3363527007865714,0.04410521793686092,12.90142069904889,12.917758888716397,-17.775787565672783,12.8569824756241,1.6874493443131948,3.815642901468118,-0.1240561779608511,-0.4805697726955461,False,4.800000000000001,0.05,0.02,0.02,1.0,0.2,0.06,0.0,40,64
2.072547691877436,-0.3465635960714457,0.04466813042165094,14.631039986088368,-34.77017412677157,-17.933228898007204,9.55891291195091,-1.1001344778956519,0.6937788931988147,0.7598256027088974,-0.4732746814087144,False,4.800000000000001,0.05,0.02,0.02,1.0,0.2,0.06,0.0,40,65
2.0804171144771333,-0.35119819986591067,0.041871178044805196,14.629976645966932,-38.486297349341214,-22.24190961263672,9.907296457859733,-1.4221182514452673,4.7400002869469295,-2.844540291337734,-0.372176990886953,False,4.800000000000001,0.05,0.02,0.02,1.0,0.2,0.06,0.0,40,66
2.0782143357805345,-0.34389684612198806,0.046270161329030134,15.578075955407192,-11.351847257831796,-18.1250204538075,18.648146561754853,-1.4938531187024744,3.813196775415024,-4.752098427592175,-0.5305998716893612,False,4.800000000000001,0.05,0.02,0.02,1.0,0.2,0.06,0.0,40,67
2.0623259809455914,-0.3517109190845586,0.05250788281196831,13.64206441477769,109.88055542687451,-17.819151049803306,12.54273576270742,-2.0017364456544047,3.636325307888279,-1.996218951787501,-0.7124064853233103,False,4.800000000000001,0.05,0.02,0.02,1.0,0.2,0.06,0.0,40,68
2.08179975611457,-0.348647561641022,0.047431415412268994,15.505100874098757,-112.76167448610029,-21.360874361845124,15.396736527393102,-0.36973228038536626,2.19225247964996,-7.495763069139204,-0.5561431598872812,False,4.800000000000001,0.05,0.02,0.02,1.0,0.2,0.06,0.0,40,69
2.0650445857956945,-0.3334466162331214,0.04538740715513436,12.711634014640673,-87.2293581350574,-23.196873364552932,10.940828287024857,-0.5539680594193939,4.449945138587605,-1.0344571022090094,-0.5282224748570669,False,4.800000000000001,0.05,0.02,0.02,1.0,0.2,0.06,0.0,40,70
2.0719202128344523,-0.3514563707049912,0.03729456969081071,12.816471288736178,40.80398534063823,-9.87122802661763,18.27299286116316,-2.0690900948811697,-0.929278804406899,-5.960652023867619,-0.2256157276438968,False,4.800000000000001,0.05,0.02,0.02,1.0,0.2,0.06,0.0,40,71
2.086593884073498,-0.34889607051791344,0.03742313139610866,16.871044140897908,-35.67750467674496,-18.012347705047915,12.30708619704137,-1.3164612943593461,2.6871580475584196,-3.1244344325765416,-0.23499400238807522,False,4.800000000000001,0.05,0.02,0.02,1.0,0.2,0.06,0.0,40,72
2.0602478640937556,-0.33373063364623007,0.06100833952254329,14.077823461562268,2.3810237007446804,-12.2171645483017,16.508433870754768,0.46600672952729005,1.6864722073465717,-4.619654936964785,-1.0276984721248081,False,4.800000000000001,0.05,0.02,0.02,1.0,0.2,0.06,0.0,40,73
2.093906477531634,-0.34102669743032427,0.03228762975909221,12.77660108704926,-14.816048683462009,-18.79294310446724,12.246869038349393,-0.3358160938938628,-2.2748757266081867,-1.24722212871506,-0.08910568980627476,False,4.800000000000001,0.05,0.02,0.02,1.0,0.2,0.06,0.0,40,74
2.0634670976532163,-0.3539480337340084,0.042783559068661416,13.673161670689025,-12.022840904420425,-16.605940033089922,14.892656725058405,-0.4909281463635165,2.5819063306082093,-2.155869319431106,-0.3957905833763524,False,4.800000000000001,0.05,0.02,0.02,1.0,0.2,0.06,0.0,40,75
2.0655607097106436,-0.34164222981991027,0.0439141833134943,14.824364144644747,-26.53453969150939,-17.188335633573118,17.109471970577506,0.8797692604572053,3.5732589760264655,-3.1423178283311595,-0.4613788718813947,False,4.800000000000001,0.05,0.02,0.02,1.0,0.2,0.06,0.0,40,76
2.0834876872634926,-0.3301741649425303,0.03846457187508628,15.133230379222818,-16.47865436131332,-13.195699174947233,10.080425706752873,-0.06693146663508531,-1.2757676501405044,-3.3321174632035495,-0.3134390429048788,False,4.800000000000001,0.05,0.02,0.02,1.0,0.2,0.06,0.0,40,77
2.0593975155927153,-0.3513115749725602,0.04620506306851064,15.828002437548218,26.150109192632353,-11.371089547609651,12.354160112295952,-0.753206043054456,3.426860457137018,-3.1952049084825593,-0.5118503873226333,False,4.800000000000001,0.05,0.02,0.02,1.0,0.2,0.06,0.0,40,78
2.0675612106879515,-0.32957446482133507,0.04457946317246241,17.264621872694537,49.00255774158332,-18.286770151840173,13.017000019571299,0.1387795489189397,5.4741876616147405,-3.2212199076820127,-0.5115104333063162,False,4.800000000000001,0.05,0.02,0.02,1.0,0.2,0.06,0.0,40,79
2.0689591199919986,-0.34569535847281857,0.041054970728469614,12.790483096353212,-39.988058503308686,-20.077972969058468,8.303327399797256,0.47038406785518455,4.722194288138933,-0.18838029731453512,-0.3599526557767434,False,4.800000000000001,0.05,0.02,0.02,1.0,0.2,0.06,0.0,40,80
2.0706946407412947,-0.34677043751217873,0.04804679811032331,14.556935538370341,-0.43106906131799594,-23.017895225485923,10.57162518994242,-0.5437564612272201,1.2829947753368778,-2.3502940281588076,-0.5810068110566398,False,4.800000000000001,0.05,0.02,0.02,1.0,0.2,0.06,0.0,40,81
2.0398947796384665,-0.34838644194557594,0.056421193080091664,13.746186066438758,70.89407258359378,-18.697841642868337,16.327827589459066,0.06055174936524459,-0.026571440023612024,-2.084771731553642,-0.8469570311152435,False,4.800000000000001,0.05,0.02,0.02,1.0,0.2,0.06,0.0,40,82
2.0799062311244096,-0.3381843929822748,0.041192630895937964,14.64316423324824,-64.58053876074264,-17.067738369417025,16.97992946043913,-1.5892297970625435,1.2030697469108143,1.7809236071878407,-0.3817272716450909,False,4.800000000000001,0.05,0.02,0.02,1.0,0.2,0.06,0.0,40,83
2.0548506541170073,-0.35117864379522107,0.05698069357953287,14.81704643140422,50.830575126519385,-16.66732228034772,15.133346073779059,0.3561139908472527,3.879071581905061,-3.7813980471618946,-0.8572624101895013,False,4.800000000000001,0.05,0.02,0.02,1.0,0.2,0.06,0.0,40,84
2.069078055325934,-0.3546476109576611,0.04305425180316721,14.557456402667283,20.789211880136648,-19.446052656480767,9.583299117704787,-0.6750132678048542,2.0202669535524613,1.7725070533571023,-0.40243710808340816,False,4.800000000000001,0.05,0.02,0.02,1.0,0.2,0.06,0.0,40,85
2.0624102024057103,-0.3386697204122147,0.046367616194614956,12.805369342116574,108.45979288904307,-10.898777808699805,17.217324063338886,-0.5958156240831107,0.7873009267266486,-0.5880165615718866,-0.5472117770940209,False,4.800000000000001,0.05,0.02,0.02,1.0,0.2,0.06,0.0,40,86
2.083308616518402,-0.3543336127276921,0.04888012281745891,15.520074915003145,-55.566409793595646,-19.24309204165134,7.9910019864085795,-0.06403216330096961,1.1780786729602943,2.1919930716724516,-0.5887647426211206,False,4.800000000000001,0.05,0.02,0.02,1.0,0.2,0.06,0.0,40,87
2.072336663529405,-0.3461795766860987,0.03869313013467845,13.736391750532022,-7.516638555380545,-14.60415122358399,11.779099717042406,0.5344543398668051,0.05490839867931583,-0.9073825655654462,-0.2830089804513094,False,4.800000000000001,0.05,0.02,0.02,1.0,0.2,0.06,0.0,40,88
2.069454087632408,-0.3452090731013486,0.042771947562960676,15.342873854979349,-33.16948761887544,-17.809585067262162,12.851724614425613,0.05629248953601654,3.3546233059790898,0.22752816982954793,-0.41603330131356087,False,4.800000000000001,0.05,0.02,0.02,1.0,0.2,0.06,0.0,40,89
2.0950530300256873,-0.34356330331984575,0.04356003921658674,16.18032494324561,-95.13035230344734,-16.378701233294876,14.353012083935146,-1.7452553957734256,0.8470138742887516,-1.840764110678174,-0.44366614516160496,False,4.800000000000001,0.05,0.02,0.02,1.0,0.2,0.06,0.0,40,90
2.077450628052697,-0.3515866898924131,0.050825813806371294,14.896662071494102,-86.5837481900948,-20.794350630117123,15.515807442762975,-1.7774553137038558,1.4595429384290606,-5.060010423764739,-0.6579709483789287,False,4.800000000000001,0.05,0.02,0.02,1.0,0.2,0.06,0.0,40,91
2.0778615197727976,-0.349677493710238,0.03413979852513029,12.741225549890643,-86.34450705553661,-21.83376374002067,14.803329985561001,0.3396423360981765,2.721316262661242,1.2641162276509277,-0.12857587671323056,False,4.800000000000001,0.05,0.02,0.02,1.0,0.2,0.06,0.0,40,92
2.0518752934132753,-0.3458315435003785,0.04123289358181071,14.62700487868408,-22.6849717017793,-15.780069481918053,14.136866774158397,-0.6747361601805999,3.75226338211831,-1.6709359807921964,-0.3663443726122382,False,4.800000000000001,0.05,0.02,0.02,1.0,0.2,0.06,0.0,40,93
2.075521586893895,-0.33737947576029276,0.04326805312889253,14.893693798843492,-136.87592013848632,-12.714978707119938,8.443062242402059,-0.3202873911660333,3.752358339191341,-2.4052047760198887,-0.45033566308622486,False,4.800000000000001,0.05,0.02,0.02,1.0,0.2,0.06,0.0,40,94
2.0704614548381763,-0.34804231456658785,0.04858655817880772,14.798066272239424,-11.5587591569743,-13.798355308923838,11.68542379013783,0.5720678795363777,4.4856973490519705,-0.3722437888925368,-0.5952406194717461,False,4.800000000000001,0.05,0.02,0.02,1.0,0.2,0.06,0.0,40,95
2.073742527881064,-0.34298666773547787,0.04815695846227772,13.91815538534836,-36.55752321690674,-10.303440799418048,14.949508587559205,0.2007215944281373,-0.8072416925689921,-5.7329767992154155,-0.5934301165548769,False,4.800000000000001,0.05,0.02,0.02,1.0,0.2,0.06,0.0,40,96
2.075044913981113,-0.34344139580159955,0.042464817813932305,15.72477970596353,1.179677490542558,-15.634085844771054,17.13732001282341,-0.45826402775811603,-0.18474081967927958,-3.181072807855149,-0.41011212528312835,False,4.800000000000001,0.05,0.02,0.02,1.0,0.2,0.06,0.0,40,97
2.0597616582913667,-0.340237201979019,0.06176852559866044,12.63133649710039,-70.47008371390262,-17.4838634616472,14.066104233868087,-0.9677022910283314,2.972726672827134,-4.489328944037846,-1.0364378349100067,False,4.800000000000001,0.05,0.02,0.02,1.0,0.2,0.06,0.0,40,98
2.060713374234968,-0.3557916877344696,0.04514926966365018,13.322046841948277,84.11079123806789,-18.73118907935736,6.80964719184703,-0.7156102254149336,2.402792491321063,0.9559606630169146,-0.46723377621998086,False,4.800000000000001,0.05,0.02,0.02,1.0,0.2,0.06,0.0,40,99
4.016247737658591,-0.5128609379524526,0.032115780828301556,17.86701780000202,-4.764501105566186,-29.0788506978163,18.225865587321344,0.25457661989005287,1.0187588554132654,0.6553218442280689,0.4441361288397516,False,4.800000000000001,0.05,0.02,0.02,1.0,0.2,0.06,0.0,44,0
4.074148230401395,-0.5527588817205622,0.023782937303467255,17.56149037595428,-159.08755673515532,-26.883805513931076,22.63202526550772,2.194361981066608,4.555075144429293,1.2648617491215002,0.8100162162424804,False,4.800000000000001,0.05,0.02,0.02,1.0,0.2,0.06,0.0,44,1
4.002680796767463,-0.5349990411510315,0.04617499731498773,15.283462694039416,-36.489643581152876,-22.849475393590986,25.168884959656147,0.3392027490483162,2.5366943281227208,-4.518825199822591,0.04655863248891556,False,4.800000000000001,0.05,0.02,0.02,1.0,0.2,0.06,0.0,44,2
4.015317008310698,-0.5298683417660094,0.05666295190414585,15.706401585293875,-106.0912275005569,-27.600371427595075,25.607800008604404,1.1794450663795877,2.2512532816733057,-4.396920150683395,-0.3006114201956034,False,4.800000000000001,0.05,0.02,0.02,1.0,0.2,0.06,0.0,44,3
4.024446126935648,-0.5256540242330567,0.04569791518681665,16.967804221823823,-74.48977894558165,-26.02147501408474,28.11309898613246,0.10525907178239895,3.986207022658401,-2.6252324242593326,0.04070313979734186,False,4.800000000000001,0.05,0.02,0.02,1.0,0.2,0.06,0.0,44,4
4.018838466858078,-0.5315069013347283,0.05541745742868623,15.620712231083882,-53.532017055105776,-22.846054221958646,25.147058238587743,-1.100198177002128,-0.03687726140798129,-6.6543644956745975,-0.2566117665031271,False,4.800000000000001,0.05,0.02,0.02,1.0,0.2,0.06,0.0,44,5
4.026104680268489,-0.5238827127458275,0.05375653420121804,16.113927709888994,36.84917275245108,-19.548502224762633,11.516092644053359,-0.21983014992257163,-5.545958138864533,-2.8203341697095814,-0.22132430303288242,False,4.800000000000001,0.05,0.02,0.02,1.0,0.2,0.06,0.0,44,6
4.022835408686646,-0.5282101933990749,0.05196164481647295,17.734266991926376,-13.258195428533854,-14.12802381402816,17.906967259405377,-1.2863219214698989,4.375282137410999,2.379233216170399,-0.15369804544815646,False,4.800000000000001,0.05,0.02,0.02,1.0,0.2,0.06,0.0,44,7
3.9987518244961957,-0.531340778321659,0.06020058169688183,11.923912575589565,84.14803581974805,-19.28696000464247,31.564134756079245,-0.8249509914894317,-0.43458048950264183,-1.9577209188667972,0.0,True,4.800000000000001,0.05,0.02,0.02,1.0,0.2,0.06,0.0,44,8
4.0259975154089,-0.5305255174077289,0.041416359459947115,14.206928093752081,47.29562446368641,-21.203902471036244,24.486775524170714,0.11306002208832489,4.640302347622012,-1.7576592537248334,0.1894975899847755,False,4.800000000000001,0.05,0.02,0.02,1.0,0.2,0.06,0.0,44,9
4.028937403528521,-0.5233439972890203,0.043596401639803384,13.654313976515454,-13.701108553509087,-25.592486917770763,17.902953455235323,0.06886262776140419,-0.4195374809739772,0.32559015246998546,0.10267698523165136,False,4.800000000000001,0.05,0.02,0.02,1.0,0.2,0.06,0.0,44,10
4.020573268840195,-0.5284906703431167,0.043752072166196664,14.415853841591478,-28.738648564669255,-27.275927237093523,19.995178527379498,0.3341070388551526,1.0289412239195448,5.861738403880761,0.10954569563559824,False,4.800000000000001,0.05,0.02,0.02,1.0,0.2,0.06,0.0,44,11
4.004865108955833,-0.5159637184759803,0.05788080179412721,15.791857429460348,-17.34128790669572,-29.61204884618342,19.175707435276014,0.6479723754043988,-1.4558329362983178,0.21997337410643011,-0.37358082653236857,False,4.800000000000001,0.05,0.02,0.02,1.0,0.2,0.06,0.0,44,12
3.9773281507793796,-0.5342521254179329,0.06785052159227077,13.722846860313087,150.7373528058284,-28.22477072670616,25.13778888615657,1.4984871593370521,3.1545227842971175,-0.9344116789573421,0.0,True,4.800000000000001,0.05,0.02,0.02,1.0,0.2,0.06,0.0,44,13
3.9867231693099527,-0.5166413153507763,0.05798430201128459,15.710793557686717,-44.37210324325941,-23.4792030346723,21.25206718236121,1.9307253986159811,-2.6939064735617406,-3.524296769821817,0.0,True,4.800000000000001,0.05,0.02,0.02,1.0,0.2,0.06,0.0,44,14
4.003727672849828,-0.5471062600493363,0.0726355674499292,19.146925475532633,22.829397430371344,-31.01308360181479,28.09737266298994,-0.08626288870290248,-2.6176279634572532,-2.0170769682733165,-0.7710594739083383,False,4.800000000000001,0.05,0.02,0.02,1.0,0.2,0.06,0.0,44,15
4.020877337398711,-0.5384873569654077,0.06284906846061013,16.16248933580293,-108.95157801937434,-30.19331013083556,25.200018014220458,0.37528179806059414,2.2409234792419377,-4.589897436045324,-0.4775478937786235,False,4.800000000000001,0.05,0.02,0.02,1.0,0.2,0.06,0.0,44,16
4.023940863967762,-0.5401792824203513,0.05271273337370704,16.60859991773087,-24.31050436123039,-26.81459899703843,22.491082884997997,2.256511921665437,-0.8337696673963401,-0.18522407039763175,-0.14894073831171717,False,4.800000000000001,0.05,0.02,0.02,1.0,0.2,0.06,0.0,44,17
3.980139455674531,-0.5218213573616682,0.056254413343515663,13.691159377063695,94.10992070593339,-23.679323849962397,22.114956855090632,-0.7282253945185004,2.382168722189946,-3.5370909717032952,0.0,True,4.800000000000001,0.05,0.02,0.02,1.0,0.2,0.06,0.0,44,18
4.0292357778034384,-0.5394538914803685,0.03815268241107737,16.31584510467397,-30.802096763043238,-29.935309483263097,24.997974782986955,2.6777550374850896,-0.33082541378770325,-2.342037423220257,0.31555764906661454,False,4.800000000000001,0.05,0.02,0.02,1.0,0.2,0.06,0.0,44,19
4.023090857573415,-0.5184429152371152,0.03658833466043229,14.37234930000645,-15.410392108156202,-26.080708456719616,10.613299308349761,2.0303509114774156,1.0437867016679878,1.9073064825867243,0.3148217388896477,False,4.800000000000001,0.05,0.02,0.02,1.0,0.2,0.06,0.0,44,20
4.010090812222877,-0.5276810324032358,0.04903103778958659,17.461394991066907,-16.32447658432815,-18.854062645570174,18.362647701227267,-1.188015167152547,1.2503914683179271,-5.248845338677801,-0.06195328276563283,False,4.800000000000001,0.05,0.02,0.02,1.0,0.2,0.06,0.0,44,21
4.008902160276856,-0.5159486204349482,0.051774466126696374,17.539659322773787,-109.35518009883916,-36.08264448603208,15.50879240628376,-1.3890770152367569,3.03021234275333,0.5208005649824983,-0.1779720973937977,False,4.800000000000001,0.05,0.02,0.02,1.0,0.2,0.06,0.0,44,22
4.006721369458915,-0.5273006637221768,0.0432658298765233,14.60517901023362,64.4300881413512,-28.134458267354503,24.46898131078976,-0.4329159308823152,-2.503345322054274,-1.7453820807554241,0.12141831905201328,False,4.800000000000001,0.05,0.02,0.02,1.0,0.2,0.06,0.0,44,23
4.02597153433657,-0.5367586916088519,0.04413849144749448,15.680594364455146,43.23248406084803,-25.850755276365316,22.135645264198203,-0.20403034226283065,1.3925441867183495,-4.910841119620267,0.11734742560161515,False,4.800000000000001,0.05,0.02,0.02,1.0,0.2,0.06,0.0,44,24
4.024989066841724,-0.5294059388445225,0.03302327750029132,16.15952243029649,-151.75051785638757,-28.505732817823187,20.112030596935803,1.8268993191643117,1.660585521009126,-0.7384835006423625,0.4553287172280349,False,4.800000000000001,0.05,0.02,0.02,1.0,0.2,0.06,0.0,44,25
4.006620579935019,-0.5397630293090959,0.05285644623063166,15.8013403435215,23.021105736787508,-16.47763015161737,13.480899528351063,0.01794816827439136,2.247445063922202,-1.3384320386674142,-0.15557777424228214,False,4.800000000000001,0.05,0.02,0.02,1.0,0.2,0.06,0.0,44,26
4.0017372953333235,-0.524013644280651,0.05919137018466886,15.302393501409188,21.37901521766658,-26.963329092632655,19.895852495261803,-0.5090246424882615,5.173190843432778,0.7562015351529123,-0.39638686191584216,False,4.800000000000001,0.05,0.02,0.02,1.0,0.2,0.06,0.0,44,27
4.037394352826645,-0.5312169485959176,0.028806063161119125,20.317788257492186,-56.322207906969204,-29.243310090247462,33.787622100101615,0.37653162018861497,1.7871101779616836,-0.3673111791246572,0.5953703166439885,False,4.800000000000001,0.05,0.02,0.02,1.0,0.2,0.06,0.0,44,28
4.018475923001467,-0.5309247272786175,0.06047435487240138,18.185791980616212,-49.55460920320436,-31.135913196148728,24.94819993745375,2.2866714574059346,3.8425377194538037,-0.9794185604425787,-0.41985145506807475,False,4.800000000000001,0.05,0.02,0.02,1.0,0.2,0.06,0.0,44,29
4.021949520782878,-0.5341699244152515,0.04290303242444551,15.754122874913103,3.7717329522200265,-23.82782694603849,26.000835292476317,0.8352897318182038,2.7685174963756376,2.169954121727532,0.15042775226131977,False,4.800000000000001,0.05,0.02,0.02,1.0,0.2,0.06,0.0,44,30
4.008718198223398,-0.5273774104330112,0.06130628997254319,16.30085742994758,31.138182051069,-20.400501629664905,26.76179228496684,1.4968705514929277,6.6531549433153145,-0.9504488138563411,-0.45557240218875195,False,4.800000000000001,0.05,0.02,0.02,1.0,0.2,0.06,0.0,44,31
3.9963691964823944,-0.535199504678665,0.06269707888932567,17.99427417481066,18.527922005902255,-28.49968993507257,18.42060491011508,-0.12343984684563077,0.7696592292042118,-3.6744501912306453,0.0,True,4.800000000000001,0.05,0.02,0.02,1.0,0.2,0.06,0.0,44,32
3.9857362733741972,-0.5289092844638329,0.06623530054151665,15.781689982035637,159.7328205581979,-28.198680066775697,23.812744467924635,-0.04448862896297178,6.998837325344233,-0.7669021008646043,0.0,True,4.800000000000001,0.05,0.02,0.02,1.0,0.2,0.06,0.0,44,33
4.0065958962295305,-0.5417815766258552,0.050772652265706354,13.964367663322038,78.91990708124001,-25.59856113810083,20.89339415448467,-0.008102202914197335,0.6955650319969381,-2.5420837492628428,-0.08405333482677957,False,4.800000000000001,0.05,0.02,0.02,1.0,0.2,0.06,0.0,44,34
4.016769573544752,-0.530689333753486,0.03800687916058084,17.71489466247346,65.97445690505428,-25.558972280871483,12.740915433063371,-0.43334147934889766,3.3665465368338903,-3.452097211333032,0.29844044228246425,False,4.800000000000001,0.05,0.02,0.02,1.0,0.2,0.06,0.0,44,35
4.043165619465099,-0.5376454112116812,0.04572714502513633,15.288503089949055,64.37289382114592,-22.757451032299226,22.01097245774445,1.499596450012546,6.507587717093028,0.3127094285755103,0.06967028327157809,False,4.800000000000001,0.05,0.02,0.02,1.0,0.2,0.06,0.0,44,36
4.034172919340939,-0.5358461389091853,0.03851321970006851,15.236569801540394,-53.10375356230082,-21.681342561863772,28.75851207761295,-0.10603879031510192,2.703498120494295,-4.749941661910313,0.2956580781403084,False,4.800000000000001,0.05,0.02,0.02,1.0,0.2,0.06,0.0,44,37
3.98899218490831,-0.5315440344424499,0.06453862886027543,13.53260707433726,-54.35234631724615,-24.552942963824922,14.732980740546022,1.570292111506161,-4.75183119947109,-2.282164826543153,0.0,True,4.800000000000001,0.05,0.02,0.02,1.0,0.2,0.06,0.0,44,38
4.015734532643618,-0.5334457025535232,0.03951977540331573,18.292366219222416,-25.596744289333127,-21.834948112994137,16.194122054668153,0.4290219820957368,4.7250108437437675,3.222974116792095,0.2565809451809693,False,4.800000000000001,0.05,0.02,0.02,1.0,0.2,0.06,0.0,44,39
4.020978207879378,-0.5417079935420156,0.04405423943723418,17.877887391448212,7.088108047592343,-25.63197782092723,22.648358599707443,2.0576497581848514,6.621531255634567,-1.5788332644176903,0.13162221498210602,False,4.800000000000001,0.05,0.02,0.02,1.0,0.2,0.06,0.0,44,40
3.9974483829188596,-0.5232712711185616,0.0607464774005406,15.31263027510826,135.80672695343716,-19.52556150713351,18.008579322984165,0.26184838614662215,1.5470284988363037,-4.10091927220681,0.0,True,4.800000000000001,0.05,0.02,0.02,1.0,0.2,0.06,0.0,44,41
4.003246315980481,-0.5367519467695882,0.05066175115577571,14.723929412513673,109.72661793186886,-27.89295055690734,18.36286539101523,0.2761742626785226,7.763314762839626,4.519327507939801,-0.09277658577898285,False,4.800000000000001,0.05,0.02,0.02,1.0,0.2,0.06,0.0,44,42
4.0101392810995735,-0.5326685575459905,0.04596634477206304,17.771773986457447,41.43213112620961,-31.75079601567154,18.646152759641666,-0.7965768053221615,-0.6806991879802348,-3.630457557284933,0.048089862270334294,False,4.800000000000001,0.05,0.02,0.02,1.0,0.2,0.06,0.0,44,43
4.021714454258343,-0.5408251853751836,0.06707421791972655,17.483979335537526,-59.96562239109018,-26.931687841508644,9.584869945709862,1.3008331756550828,-2.5101520266294965,-5.7411452586672365,-0.6070916612753088,False,4.800000000000001,0.05,0.02,0.02,1.0,0.2,0.06,0.0,44,44
3.994904150078362,-0.5215777309767647,0.0677991859773652,13.185586257881393,-17.21821619049874,-23.19594960766677,17.587688088086782,2.029932768710154,2.697176785244204,1.365768342745167,0.0,True,4.800000000000001,0.05,0.02,0.02,1.0,0.2,0.06,0.0,44,45
4.007211324036082,-0.5351521603037904,0.04544252541831751,11.908142980435159,-62.540242276101395,-23.680291587752468,22.333447739447635,-0.5052455861564845,5.795240190366412,-1.46008046106856,0.0706370507851013,False,4.800000000000001,0.05,0.02,0.02,1.0,0.2,0.06,0.0,44,46
3.9878024163079693,-0.5208459024538911,0.056324572909698084,17.463741385306026,-77.97875050356221,-25.977409928911527,20.086529272769013,-0.4606759482908823,0.4405629516067203,-2.837405883207625,0.0,True,4.800000000000001,0.05,0.02,0.02,1.0,0.2,0.06,0.0,44,47
3.992805101740624,-0.522192555304488,0.05303336580821929,16.273668705698412,-40.15026270484528,-24.102400988926654,19.965263625673977,1.192144160577675,5.654767999303088,-1.217130060753399,0.0,True,4.800000000000001,0.05,0.02,0.02,1.0,0.2,0.06,0.0,44,48
3.9839774395324152,-0.5297763865455359,0.048727346824928346,15.200463909571509,-75.43935451293618,-23.04253997902658,19.556050468033973,1.6209190332723589,-2.172299578823238,2.7140155930564163,0.0,True,4.800000000000001,0.05,0.02,0.02,1.0,0.2,0.06,0.0,44,49
4.019623622871863,-0.5244485646239562,0.035641023817044856,16.499224671425846,37.67737815299944,-27.630656155587204,30.7416108517049,-1.0785184650918627,0.8392253253032215,-6.705796604406054,0.35934121032437094,False,4.800000000000001,0.05,0.02,0.02,1.0,0.2,0.06,0.0,44,50
4.003837689414816,-0.5201935260408576,0.06369226550518202,16.017888277221928,-17.157244336636495,-24.511400857315238,21.855652194866998,-0.28909430482597787,-1.753787817002528,-1.6139640854938362,-0.549457772302878,False,4.800000000000001,0.05,0.02,0.02,1.0,0.2,0.06,0.0,44,51
3.9957128901631864,-0.5319977670776724,0.06509974737196964,15.997009336531244,84.2262494101201,-30.682307768664597,23.714408673990658,1.4536766856258978,2.6118521198077995,-3.8885355872669822,0.0,True,4.800000000000001,0.05,0.02,0.02,1.0,0.2,0.06,0.0,44,52
4.00213916954037,-0.5299816678661667,0.039965464076746046,16.151995183623356,42.98436162678167,-31.019687828942597,22.213428952825275,1.9986017536900604,6.403279201609709,-2.690048059867785,0.23318950259534854,False,4.800000000000001,0.05,0.02,0.02,1.0,0.2,0.06,0.0,44,53
4.019895527091722,-0.5092490760830722,0.04724570696582494,18.278828310797568,86.38373305301656,-21.81682049795815,24.733088106444068,0.8411743325944968,-2.4215667144754827,-1.045646130461354,-0.048471108681521935,False,4.800000000000001,0.05,0.02,0.02,1.0,0.2,0.06,0.0,44,54
4.006926787325203,-0.5375288209709582,0.05421441277735181,16.69080787972382,74.05485479498691,-20.187030548145337,19.141220388281138,0.9229152743096816,3.274705045229638,3.0741791707604604,-0.20437643130544636,False,4.800000000000001,0.05,0.02,0.02,1.0,0.2,0.06,0.0,44,55
4.0058398130486745,-0.5247455634033528,0.06117239649311473,17.255092456531283,-28.593970017691436,-24.858668358578168,21.289901750353884,0.1268303095770139,4.257197148530681,0.7486223093324147,-0.4577769468287045,False,4.800000000000001,0.05,0.02,0.02,1.0,0.2,0.06,0.0,44,56
4.0190865828220845,-0.5232845667106991,0.05954134907472374,14.631907866467921,-19.38889815519793,-25.339559849566907,15.621302846897471,1.7003954955153895,1.530072775889948,4.977039838989953,-0.4082950153161573,False,4.800000000000001,0.05,0.02,0.02,1.0,0.2,0.06,0.0,44,57
4.017550868364309,-0.5248183796626789,0.03332043514475232,14.066532191323423,-24.163180170588152,-33.9223311294818,20.011354854608687,1.1935121213281124,1.633710618221698,3.423054954308864,0.4343632386602134,False,4.800000000000001,0.05,0.02,0.02,1.0,0.2,0.06,0.0,44,58
4.006811317958962,-0.5344125856558856,0.05724435330018637,17.374685621158587,24.63726629408993,-22.209455543730318,19.933047506031958,-0.03735121057980949,4.4793510061768265,2.035653460729518,-0.30882042095430107,False,4.800000000000001,0.05,0.02,0.02,1.0,0.2,0.06,0.0,44,59
3.9834595254239793,-0.5148443919796737,0.06369170879914225,16.772331062704495,-82.60141580415909,-32.009925996430034,20.039522801351964,0.7678432666816393,-0.33063055295066507,1.4895119186989914,0.0,True,4.800000000000001,0.05,0.02,0.02,1.0,0.2,0.06,0.0,44,60
4.0197929427209695,-0.5314858398324861,0.05365862502224677,16.224661518166144,46.389004085490456,-20.374854873317478,13.022802376791415,2.698670444632226,5.562912506907649,-2.425254285889612,-0.20032240855067207,False,4.800000000000001,0.05,0.02,0.02,1.0,0.2,0.06,0.0,44,61
4.027933243512431,-0.522551332180981,0.04009269099877954,15.429049307782385,-7.976726329829459,-35.30859050405693,24.260365229460024,-0.38296143644859143,3.6925575238723907,-3.4952817130427016,0.2128330798841549,False,4.800000000000001,0.05,0.02,0.02,1.0,0.2,0.06,0.0,44,62
4.030886202618444,-0.5340879537148051,0.02712659028123329,15.674463123651972,-52.509780574164125,-24.812915840999118,16.590377245460353,1.601218440603166,1.6747895402597832,-5.057069908408651,0.6556133720731735,False,4.800000000000001,0.05,0.02,0.02,1.0,0.2,0.06,0.0,44,63
4.037403692407694,-0.5234588853504607,0.043313101777719853,16.826728649561698,-103.33426205320228,-13.832849415173772,22.2976700784931,-0.8861132708949552,-0.35837994869921014,-2.070447183425732,0.11252628949853172,False,4.800000000000001,0.05,0.02,0.02,1.0,0.2,0.06,0.0,44,64
4.025925178060953,-0.5279107697840398,0.040978944879396594,18.773169635306918,-23.01396800643723,-15.170231022189375,11.716541347076802,-0.33888572637330033,5.977539876145639,-0.19041259506981092,0.1972151220246614,False,4.800000000000001,0.05,0.02,0.02,1.0,0.2,0.06,0.0,44,65
4.029273404443,-0.5256566317241645,0.0410678017191395,16.445901388464915,37.526914823404105,-23.031442670210197,17.730590183069108,-1.3078453601895852,5.827820154987781,0.3638822505326878,0.1891626653921108,False,4.800000000000001,0.05,0.02,0.02,1.0,0.2,0.06,0.0,44,66
4.028445822202017,-0.5377047441202676,0.04891805937420965,16.13197037694652,-33.2670376991177,-30.38709022147817,26.822299972334488,1.1763985611438084,6.6368556861449735,0.09525060268607598,-0.03317976475394602,False,4.800000000000001,0.05,0.02,0.02,1.0,0.2,0.06,0.0,44,67
4.001845570481361,-0.5174653953872913,0.06417682246149305,16.531853810619953,41.79468333457532,-36.68753497680198,23.16367953739606,-0.2213468817491516,0.8110774363433699,0.3928386895195486,-0.5716306356093972,False,4.800000000000001,0.05,0.02,0.02,1.0,0.2,0.06,0.0,44,68
4.00607460116034,-0.5137708613187605,0.05347811916236494,14.922739231781335,57.965333419247905,-25.876109757859364,22.222794406041935,1.4940195298939773,2.011510995500989,0.2176167235971369,-0.23788526996103299,False,4.800000000000001,0.05,0.02,0.02,1.0,0.2,0.06,0.0,44,69
3.9847010989481664,-0.5302638779638783,0.055919537789030714,15.922721443152026,136.83863482276215,-26.825865105858014,21.7759272731542,0.0906068741663532,0.3623994378160125,5.3466143778276525,0.0,True,4.800000000000001,0.05,0.02,0.02,1.0,0.2,0.06,0.0,44,70
4.044199482560244,-0.5462773249199491,0.04231794766983993,14.82571054294373,-92.39435149009469,-23.33034030190357,30.952548077940584,0.54038696166528,1.1712709591171817,-2.3432303224969417,0.19954322332661434,False,4.800000000000001,0.05,0.02,0.02,1.0,0.2,0.06,0.0,44,71
4.019589354142148,-0.5328027283000778,0.0522855088250368,15.084189342952534,22.870496030550566,-30.48744711920119,21.798802521904022,2.19571445869744,3.1566532621172887,1.4715865172131197,-0.15323437323246258,False,4.800000000000001,0.05,0.02,0.02,1.0,0.2,0.06,0.0,44,72
4.003358042859518,-0.5180500419009757,0.05992977415284929,14.82502839663404,43.460514213833335,-23.304003822345088,26.495252256203873,1.255962667748725,-0.037456580231542046,1.1847504611116448,-0.43423118975726505,False,4.800000000000001,0.05,0.02,0.02,1.0,0.2,0.06,0.0,44,73
4.023395446245938,-0.5273541087029024,0.055594876570993934,16.43734888967691,-145.3120514112657,-18.693691557725963,16.742126464573285,0.9980802518038921,2.2108380895906863,-2.3902654780066035,-0.2719824626100844,False,4.800000000000001,0.05,0.02,0.02,1.0,0.2,0.06,0.0,44,74
4.00558895962123,-0.515568675439723,0.06385830437426673,17.378773493504447,-8.01483962398869,-29.928567268413016,10.777912247006421,1.1342638072416138,2.4059299639440814,-0.7117887364310771,-0.5657655813439271,False,4.800000000000001,0.05,0.02,0.02,1.0,0.2,0.06,0.0,44,75
4.000043365779377,-0.534485931846263,0.055352680974471345,18.20479281475325,62.40265312281505,-27.13231975092129,20.436617080752498,-0.8671843915319292,1.6190077312193814,1.004750682426451,-0.24851695280528951,False,4.800000000000001,0.05,0.02,0.02,1.0,0.2,0.06,0.0,44,76
4.019432240300959,-0.545797756026743,0.043271622238931766,14.31960298192161,-71.89479664667482,-24.142124208519963,17.601286042060398,1.8261782866274432,5.659283496586732,-5.633761673205753,0.16638863723642383,False,4.800000000000001,0.05,0.02,0.02,1.0,0.2,0.06,0.0,44,77
4.025950171393991,-0.5364232532644111,0.05141375827045471,13.58335420998824,-16.81685142027857,-27.161680201524344,24.13968212336044,0.7754998308483364,-0.1896216793017554,-2.2870021710827855,-0.11626744653632515,False,4.800000000000001,0.05,0.02,0.02,1.0,0.2,0.06,0.0,44,78
4.000804017552018,-0.5274609494460774,0.04270984178392193,15.152035672490433,-48.535961956119316,-22.466200400375065,22.325916095334108,-1.3886231406924965,1.7115307404674174,-0.520330053339121,0.13923958263820468,False,4.800000000000001,0.05,0.02,0.02,1.0,0.2,0.06,0.0,44,79
4.017790583261875,-0.5331419834146646,0.055911770079456836,15.613579211795896,51.115320795365704,-22.264007663268917,14.77978783749943,2.2473239310595488,5.398331632311068,0.418043842310106,-0.2685684473517118,False,4.800000000000001,0.05,0.02,0.02,1.0,0.2,0.06,0.0,44,80
4.044096757807027,-0.5310491491682621,0.03464624373700249,13.52082156086632,-17.312981219464422,-29.006391591815646,20.336668067789667,1.5498926265180457,-3.115680760261258,-5.088787560439513,0.40848396388817054,False,4.800000000000001,0.05,0.02,0.02,1.0,0.2,0.06,0.0,44,81
4.005350825531008,-0.5339038405489719,0.05415237195071119,15.89801352672703,38.48923117411804,-30.990139928807537,18.315674777934774,0.6188629701341944,-1.0567930693939709,-1.0266434289559738,-0.21118563557336567,False,4.800000000000001,0.05,0.02,0.02,1.0,0.2,0.06,0.0,44,82
4.010378648290763,-0.5349605795397249,0.04686273891455764,15.175123205846013,-102.54271467826524,-18.80126834523102,23.046303527556283,1.1418712384152139,1.610735527145671,-3.9682352278943114,0.024920464526940744,False,4.800000000000001,0.05,0.02,0.02,1.0,0.2,0.06,0.0,44,83
4.022821336968428,-0.5323176084778348,0.05023058450632804,13.166397751056246,127.19264706146313,-18.595565250106763,16.709496188791885,0.6286388903078526,3.172774998233272,-1.6791627455047804,-0.08844716363758853,False,4.800000000000001,0.05,0.02,0.02,1.0,0.2,0.06,0.0,44,84
4.02200498478588,-0.5304320070031853,0.059130230327875004,14.847896846022309,54.99387312393069,-36.99291120429707,24.77885549073516,0.35802271734854296,3.153963393266209,1.6320021486915677,-0.3778102545972031,False,4.800000000000001,0.05,0.02,0.02,1.0,0.2,0.06,0.0,44,85
4.01894285198231,-0.5282864660808435,0.046475576082736676,15.538794098486834,86.35966207490378,-27.905131055391767,26.919317335302125,-0.7088998417716355,4.78186318587555,0.4235436537299276,0.021805655065389118,False,4.800000000000001,0.05,0.02,0.02,1.0,0.2,0.06,0.0,44,86
4.039016943014517,-0.526982325578199,0.035070005356858,14.480523797736753,-81.87578151967946,-26.91555591056029,23.297946816311686,0.3543480702713372,5.706793443794493,-5.957366471586413,0.3848584265490924,False,4.800000000000001,0.05,0.02,0.02,1.0,0.2,0.06,0.0,44,87
4.014990881038809,-0.5233113330916929,0.03427101852089122,18.199055196477172,-73.51419381266969,-32.367399135044735,23.229004864505935,-0.27114586962669257,0.34271533649474517,0.35054057823059864,0.4001740596138721,False,4.800000000000001,0.05,0.02,0.02,1.0,0.2,0.06,0.0,44,88
4.027659173914165,-0.519868371811211,0.05653621613971505,14.711487381816028,-159.68792038052345,-24.961343882233333,20.100305323665765,0.7952936034207284,5.418289869805063,-2.887243262124646,-0.319815273689126,False,4.800000000000001,0.05,0.02,0.02,1.0,0.2,0.06,0.0,44,89
4.0177581557582585,-0.5009211287953845,0.05340147685383878,13.911285836787226,55.12035069156623,-18.854801357443208,25.285542652648207,1.4189299631371806,-2.643795939195534,0.9709256663835243,-0.26557106086842297,False,4.800000000000001,0.05,0.02,0.02,1.0,0.2,0.06,0.0,44,90
4.032511487087585,-0.550024319359571,0.0415646044646989,15.10864383541623,-50.66492353724894,-24.336133205910784,22.75620090075956,0.989724745745125,4.277837838487075,-3.7388342503667125,0.23194171281786025,False,4.800000000000001,0.05,0.02,0.02,1.0,0.2,0.06,0.0,44,91
3.982961961885644,-0.5461884652360177,0.059149544973598624,15.568978390465587,158.93494227477905,-28.71948052743263,15.329859041215606,-0.1653672050228959,3.3135771072819185,-1.99522778021604,0.0,True,4.800000000000001,0.05,0.02,0.02,1.0,0.2,0.06,0.0,44,92
4.03703758270342,-0.5286995238066529,0.029587833031343453,15.205358046652885,71.67650595669407,-14.782245735405333,20.86054041348093,2.106070172586829,-1.4729482803020717,1.3621338289672416,0.5642904550951814,False,4.800000000000001,0.05,0.02,0.02,1.0,0.2,0.06,0.0,44,93
4.017969966796337,-0.5135191859257734,0.05156275503743652,16.237928827488176,-59.517718057348496,-22.828252536450766,9.518876344046188,0.27034341275387497,-0.7676608801819883,-4.513270961818572,-0.17648391696833277,False,4.800000000000001,0.05,0.02,0.02,1.0,0.2,0.06,0.0,44,94
4.018649936167544,-0.523662867535048,0.045737015579911576,14.618867864485555,-0.549706205965732,-26.672243634189556,28.277962160101552,0.112724553305837,-0.5600836931129493,-3.61884595265546,0.034325379696997116,False,4.800000000000001,0.05,0.02,0.02,1.0,0.2,0.06,0.0,44,95
4.018559591894622,-0.5332321265403963,0.0418812476398914,17.341882066805024,-61.43721075764036,-20.073982199274717,18.973474677437448,1.5832042194558957,-0.5841973531124318,1.7058307604423637,0.18067075473410332,False,4.800000000000001,0.05,0.02,0.02,1.0,0.2,0.06,0.0,44,96
4.03989893037424,-0.5331300757800562,0.03626324641587112,15.183579207335287,-58.81298750932135,-29.341047095313943,21.372046793729034,-0.18670980840708368,2.949476241312678,-3.2736407150402473,0.36148223238671306,False,4.800000000000001,0.05,0.02,0.02,1.0,0.2,0.06,0.0,44,97
4.007538851240864,-0.5303373223317259,0.053221161886498496,14.08176214479806,-82.82041450493806,-24.443288192504337,18.513838831608716,1.1553194042814285,-2.2938541643606287,-5.951565874592577,-0.18981527569735834,False,4.800000000000001,0.05,0.02,0.02,1.0,0.2,0.06,0.0,44,98
3.979879006229492,-0.5307794197154623,0.06941734814299355,14.00632085803873,85.724020593417,-27.099883316499703,16.93231276969226,1.285130532386432,3.5245273980319722,-3.6423125244241925,0.0,True,4.800000000000001,0.05,0.02,0.02,1.0,0.2,0.06,0.0,44,99
6.332082244810604,-0.3064253631947314,0.011459657306100273,15.272360507864716,10.044940128723578,-35.04125679401494,29.113498462003143,-0.06328827649482831,-0.16033529152637713,0.3713308318166617,-0.35149032882484366,False,13.576450198781716,0.1,0.02,0.02,2.0,0.4,0.06,0.0,40,0
6.372743473920271,-0.3120197381310414,0.012601528793206094,20.487761969435457,-91.36782803920669,-35.23404849072493,32.949053137425715,0.14228562937885933,3.069945855963496,-1.6603419549802323,-0.48178370558066486,False,13.576450198781716,0.1,0.02,0.02,2.0,0.4,0.06,0.0,40,1
6.341833457811504,-0.3004563673527183,0.013294191036472005,18.33136873234813,-12.496978620968163,-35.263052517329115,26.863522734795644,0.36111168836807267,0.02806488699632262,-0.7316904534871864,-0.6000511635532029,False,13.576450198781716,0.1,0.02,0.02,2.0,0.4,0.06,0.0,40,2
6.332107115244502,-0.31130894498500766,0.010553739229988812,20.89299532082922,-18.76174924859474,-19.815510603423807,16.25634665131939,0.25710867612323607,0.6849183097355853,1.1808554516301217,-0.22381072655987966,False,13.576450198781716,0.1,0.02,0.02,2.0,0.4,0.06,0.0,40,3
6.349517662096776,-0.31454829250707667,0.014717495421982321,19.366998319077545,-6.056970458068108,-45.770320745778584,24.953796420301185,0.8039349084567048,-4.359860949002882,-2.4529402611456015,-0.7479524522709471,False,13.576450198781716,0.1,0.02,0.02,2.0,0.4,0.06,0.0,40,4
6.336352171065061,-0.31287762066020414,0.01679019500868108,18.482218214325638,-54.3244825026209,-33.227490623042726,16.21740556650744,0.4435655821217441,0.40954598314652846,-5.519500658027203,-1.0180575412627852,False,13.576450198781716,0.1,0.02,0.02,2.0,0.4,0.06,0.0,40,5
6.365667703237265,-0.3048977456438496,0.011313185128329892,20.218066800410003,-40.16992298167664,-40.985849879685546,17.247723223062543,0.6154725210277894,-0.6100918531056532,-0.4016638314155219,-0.3343930446867516,False,13.576450198781716,0.1,0.02,0.02,2.0,0.4,0.06,0.0,40,6
6.346995059258895,-0.3169308965504602,0.012052978624026925,17.895525165191255,40.34794086484202,-42.38941432860645,35.4469724401024,0.4413265204031952,-1.2749103478511565,-3.978865804396135,-0.40132740859880855,False,13.576450198781716,0.1,0.02,0.02,2.0,0.4,0.06,0.0,40,7
6.260877013188559,-0.31100676131178034,0.01766553060687923,19.082801227369387,-38.07984034947122,-28.392285297872554,37.460454545077475,-1.1088375951508562,1.592129985857129,-4.1464428364045425,-1.1391190697409554,False,13.576450198781716,0.1,0.02,0.02,2.0,0.4,0.06,0.0,40,8
6.38012464910702,-0.3161089822434371,0.010344800478872259,22.656748202127403,-45.10286810608804,-24.146660915783617,29.360019812219395,0.9660800953374467,0.5705651233812442,-0.00017657028261844972,-0.18266542496497906,False,13.576450198781716,0.1,0.02,0.02,2.0,0.4,0.06,0.0,40,9
6.3183816230981185,-0.31550965452477436,0.020373554360971418,20.875539745011945,7.0568212495418985,-34.63260431221296,33.60436679334181,-0.24940976950815477,2.534386895960928,-1.020060513007751,-1.4714888899589964,False,13.576450198781716,0.1,0.02,0.02,2.0,0.4,0.06,0.0,40,10
6.351141878070649,-0.2948421979433368,0.01451007186223392,21.275891115344184,-8.920958266394054,-32.48441569226939,34.61948661097224,-0.5646427549232481,-2.9800995133795305,1.387978743580479,-0.768599410617695,False,13.576450198781716,0.1,0.02,0.02,2.0,0.4,0.06,0.0,40,11
6.307011474434184,-0.3091485656957529,0.016724302484885673,20.145983392916452,-0.9546624863856163,-51.32344156712577,46.561397270722594,0.10778254838656144,2.6776086242845225,-0.4583381022414304,-1.0203334719295087,False,13.576450198781716,0.1,0.02,0.02,2.0,0.4,0.06,0.0,40,12
6.379488853511167,-0.3065114710697581,0.01339825280896006,20.053448004461767,35.24213829502076,-41.53177449052136,27.296134327474068,0.6817744557290134,1.4309152073321147,-3.1749239042152153,-0.5965794977687986,False,13.576450198781716,0.1,0.02,0.02,2.0,0.4,0.06,0.0,40,13
6.303822013102214,-0.30885998357152805,0.015492000038277378,18.623169433390952,42.55740229902845,-47.6736487229339,27.71623611310189,0.36663377484780507,2.823961351242846,0.9932228332460107,-0.8634827235417049,False,13.576450198781716,0.1,0.02,0.02,2.0,0.4,0.06,0.0,40,14
6.29724063118046,-0.31719220381358554,0.018916606115096945,21.505808705667736,-25.610097076601647,-26.0761904500091,18.712338234574812,-0.5705580184481601,3.937644675136095,1.9286271168231788,-1.2822298557089766,False,13.576450198781716,0.1,0.02,0.02,2.0,0.4,0.06,0.0,40,15
6.272553324414794,-0.30870574686058017,0.018516960650548964,21.79088597182827,20.212422227928016,-36.04990679205915,20.744052445331555,1.10876942363667,4.267758837537312,-2.492760076144116,-1.252923971339988,False,13.576450198781716,0.1,0.02,0.02,2.0,0.4,0.06,0.0,40,16
6.31798191462025,-0.31167529635948493,0.016463315783672546,21.800820088284148,44.63976338924124,-35.53092187316123,15.464893920523469,-0.3110328936435878,2.0276871038456843,-1.8393307185356875,-0.9802047941701075,False,13.576450198781716,0.1,0.02,0.02,2.0,0.4,0.06,0.0,40,17
6.305423229268726,-0.3115016335457422,0.015779051477790577,20.359670598969945,11.883644877681164,-29.17531215694089,10.001241975544533,0.07199934940117053,-1.357320835609747,-0.16584516435708,-0.8937892748912895,False,13.576450198781716,0.1,0.02,0.02,2.0,0.4,0.06,0.0,40,18
6.306942879544778,-0.31638133319540857,0.018993364506035927,22.124493617888355,-6.988585461509456,-25.388635729307055,24.01437259311668,-0.07220549392734542,3.6891143646632862,-1.1823748129017124,-1.293418884330932,False,13.576450198781716,0.1,0.02,0.02,2.0,0.4,0.06,0.0,40,19
6.301375526422031,-0.30814974328778116,0.01940940103948032,18.702210835131854,18.47602895961292,-39.81713652957038,25.00849272549058,-0.2628426095929448,3.2495969423975724,-1.7810524032682493,-1.366761417577485,False,13.576450198781716,0.1,0.02,0.02,2.0,0.4,0.06,0.0,40,20
6.347985164929185,-0.2988465789877934,0.01387486362166449,20.861579369434125,-61.31023047857671,-35.04509721847719,31.99023020433475,-0.8208989655179436,1.4573546429109039,-0.6356052481610251,-0.6778716441066,False,13.576450198781716,0.1,0.02,0.02,2.0,0.4,0.06,0.0,40,21
6.3002975492562,-0.30169986873958426,0.017312682748351536,20.49020674263431,51.785554610172596,-39.31629528719573,22.6362437182175,0.3326170162026077,-1.3392697625332128,-3.0813917483326914,-1.113925853858623,False,13.576450198781716,0.1,0.02,0.02,2.0,0.4,0.06,0.0,40,22
6.370781660516696,-0.31075427016281526,0.014932817601605001,21.656269858820163,-11.691118593552227,-34.31204437507873,33.509297941350724,0.01569478478735861,2.7801668243487314,-0.12740309120459947,-0.7833435049836823,False,13.576450198781716,0.1,0.02,0.02,2.0,0.4,0.06,0.0,40,23
6.330522638328643,-0.3078897024109195,0.01652092667503141,20.507633696003225,-30.701120198534223,-31.201658242016514,28.208277162000623,0.08589874114109569,1.822076598489977,1.5489219196643897,-0.9959119703180956,False,13.576450198781716,0.1,0.02,0.02,2.0,0.4,0.06,0.0,40,24
6.317146872267128,-0.30185672702660127,0.02267896819610794,19.17466524371012,-2.6613687406035913,-26.676226167043747,27.428471778432577,-0.11607257726801543,2.9112918596537756,-0.09292546621203036,-1.7994229719019461,False,13.576450198781716,0.1,0.02,0.02,2.0,0.4,0.06,0.0,40,25
6.301009765055274,-0.30787831515149916,0.019400875004939085,21.1322538245068,0.03102367565172303,-39.18232364730501,5.648834190642115,-0.13229103845424292,0.005464886229562046,-1.2602944039595003,-1.366343458365289,False,13.576450198781716,0.1,0.02,0.02,2.0,0.4,0.06,0.0,40,26
6.363354171695087,-0.3065164904811071,0.01404120225290073,18.30317515436086,-16.780234113767115,-39.93429679129186,16.422463570512416,0.4580488554582532,3.8800051007022014,-3.625206458999253,-0.6798330609149317,False,13.576450198781716,0.1,0.02,0.02,2.0,0.4,0.06,0.0,40,27
6.338871553546082,-0.3055947966623694,0.01513218839083629,18.0918285152139,38.31465510582263,-27.032074217194275,25.00451976183469,-0.3536018060695815,3.676016031795898,1.4530106883377645,-0.8231603088245942,False,13.576450198781716,0.1,0.02,0.02,2.0,0.4,0.06,0.0,40,28
6.297833964787799,-0.29006484170521757,0.01679130260416594,19.591542153066168,-2.2387151363029916,-35.544324812779244,11.948090356839185,-0.8085041371247855,1.3680748963439762,-3.1298870216485626,-1.0752610753534508,False,13.576450198781716,0.1,0.02,0.02,2.0,0.4,0.06,0.0,40,29
6.312973075332326,-0.3067132120510303,0.01642460900059899,20.731579190754005,16.774675039491743,-45.251033735188976,23.324594502618847,-0.552190205631965,-1.0184899341737346,-1.0128373954628218,-0.9874598586342589,False,13.576450198781716,0.1,0.02,0.02,2.0,0.4,0.06,0.0,40,30
6.349007996213714,-0.3115343362039707,0.013758698233646158,19.86317827704715,33.6290348534603,-38.846857062010365,30.985321097294417,0.12737826122556456,2.882344736508236,2.429534045633223,-0.6324904872443562,False,13.576450198781716,0.1,0.02,0.02,2.0,0.4,0.06,0.0,40,31
6.281947872591715,-0.30587612870064534,0.019637910243238858,18.65104801482479,44.31541807031262,-39.60026544171259,20.289696449678225,0.5622333764969883,1.6967190426848888,1.18820408496015,-1.4026329298975226,False,13.576450198781716,0.1,0.02,0.02,2.0,0.4,0.06,0.0,40,32
6.3516504487160885,-0.30592713110178443,0.010852352698109607,22.68048474992209,-42.63436351730526,-48.79220385524998,30.72966948985962,0.5911912176681828,0.41052007108182476,-2.5854338390526475,-0.27377700379078207,False,13.576450198781716,0.1,0.02,0.02,2.0,0.4,0.06,0.0,40,33
6.337628767523241,-0.31011873997871914,0.012195158399313254,19.879646845490353,27.356042510347574,-43.49232076684126,29.9802368167792,0.43732126048317044,-0.17300360219064456,-0.17503561898408224,-0.43643757311177644,False,13.576450198781716,0.1,0.02,0.02,2.0,0.4,0.06,0.0,40,34
6.317376835690008,-0.302291289174531,0.014968318672460857,20.170128467729125,-34.007771729089896,-26.140134241312804,16.50373676173019,0.7819509489451746,-3.953720596522654,0.48993558833030615,-0.8114030859147152,False,13.576450198781716,0.1,0.02,0.02,2.0,0.4,0.06,0.0,40,35
6.315758131623539,-0.30309496043116657,0.01338092101008767,20.991305219832345,8.839453428763154,-43.73749315334788,22.79377305521493,0.3899919952686203,1.437386285531366,1.1604556304755032,-0.6063844963590102,False,13.576450198781716,0.1,0.02,0.02,2.0,0.4,0.06,0.0,40,36
6.339833628003322,-0.2860020345539338,0.018077382644163118,20.689006675598375,-1.893833747101334,-44.95319177776324,29.350719411163553,0.519868577700499,-0.95399313569378,-1.1195040631620938,-1.2471100778432391,False,13.576450198781716,0.1,0.02,0.02,2.0,0.4,0.06,0.0,40,37
6.373960224133838,-0.2994921344717702,0.007365478332552596,20.61861687299103,-29.96320118964147,-37.4134057993801,17.336713788223452,0.38134372579818193,1.7860049919576706,-1.0123198071236894,0.1584375096135463,False,13.576450198781716,0.1,0.02,0.02,2.0,0.4,0.06,0.0,40,38
6.386378354115653,-0.30167397566796617,0.014231153266778908,20.27235836939149,-39.0706156573477,-39.09853845535752,26.13530426800487,0.38787818389251555,-0.24548755764308824,-1.032395776416445,-0.7143873752976426,False,13.576450198781716,0.1,0.02,0.02,2.0,0.4,0.06,0.0,40,39
6.334235272552843,-0.31451854639317145,0.013776555984582627,22.85079575718506,14.641855138350184,-32.899197421202416,25.771218594246946,-0.2804868713726797,1.0283653424845112,-0.7084913886541242,-0.6285005383297948,False,13.576450198781716,0.1,0.02,0.02,2.0,0.4,0.06,0.0,40,40
6.350363775445142,-0.3110890566158521,0.011617679097092761,19.51993117251054,-25.45930994217383,-34.272238350077714,41.33632715724541,-0.07972963148614963,4.166165710800535,3.3303214574735525,-0.3594273620231201,False,13.576450198781716,0.1,0.02,0.02,2.0,0.4,0.06,0.0,40,41
6.346764282300332,-0.31024816145932227,0.015113588731246753,21.523837749540636,10.23223323676333,-27.44569616320554,18.7283690993194,-0.9280577858107043,5.114590114459018,2.104983216044709,-0.8091379131591916,False,13.576450198781716,0.1,0.02,0.02,2.0,0.4,0.06,0.0,40,42
6.327626578337441,-0.3058104897814089,0.014328150900246736,19.26383719361052,-71.18745683664446,-31.524711111668598,11.807016673580273,0.2086667149210204,1.8044581828278434,-0.6816901883703977,-0.720400545055955,False,13.576450198781716,0.1,0.02,0.02,2.0,0.4,0.06,0.0,40,43
6.321291296978249,-0.29953996685910333,0.01441672524995242,19.37198322408672,6.246911943664535,-29.474594685604288,21.28803569025525,-0.2474998174889567,3.6981808114344967,-0.5320885500120245,-0.7471674337133674,False,13.576450198781716,0.1,0.02,0.02,2.0,0.4,0.06,0.0,40,44
6.3325768360838905,-0.2988883861802733,0.021395403663115303,21.402357048993117,-4.939440793626615,-43.57564347562978,38.428416577767734,0.21896851378195822,1.7055736537324524,-2.0174160322813326,-1.6413249318810699,False,13.576450198781716,0.1,0.02,0.02,2.0,0.4,0.06,0.0,40,45
6.371450767602782,-0.30749937852827564,0.014486424420188026,22.10230140818726,-37.299917113422644,-45.956135629228825,33.170395160552985,0.1418211567028107,0.13913922455668964,-3.9584598016962222,-0.7339767712600394,False,13.576450198781716,0.1,0.02,0.02,2.0,0.4,0.06,0.0,40,46
6.333178522217821,-0.30735133198977677,0.01460147755185589,16.892287776690416,-25.708643388756844,-23.425648913155143,27.64748911310192,0.04696758666300424,1.2591318973808694,0.9734948316261031,-0.7513552185290211,False,13.576450198781716,0.1,0.02,0.02,2.0,0.4,0.06,0.0,40,47
6.2856197011266595,-0.31130824876196517,0.020129762750366664,16.873957132665005,49.07303130698458,-28.851026604374265,21.553585009265557,0.12378357838143018,3.845267900939658,1.3203008189247234,-1.4523326529506175,False,13.576450198781716,0.1,0.02,0.02,2.0,0.4,0.06,0.0,40,48
6.337726696456976,-0.32145887739809104,0.010992097450537168,22.66680456633461,-33.8863508356258,-32.31899308890488,24.924204165519537,-0.1302325644130267,-0.4675057728652036,-3.8568676991440145,-0.2552235661259208,False,13.576450198781716,0.1,0.02,0.02,2.0,0.4,0.06,0.0,40,49
6.2973744936457265,-0.2996290858078014,0.02425869684583312,18.491257312687605,-13.980756257123504,-37.205452837760866,16.673982607322735,0.04778071242958951,0.8717755731820179,-2.1236006305992645,-2.008160920709173,False,13.576450198781716,0.1,0.02,0.02,2.0,0.4,0.06,0.0,40,50
6.331391624187943,-0.3104617046474898,0.017323192999231494,19.760423112198975,-35.108686392945785,-27.364421376428236,25.07091632193744,0.1627982817192783,-1.9139995703186439,-1.433914355508543,-1.0923771152963795,False,13.576450198781716,0.1,0.02,0.02,2.0,0.4,0.06,0.0,40,51
6.325614000950206,-0.30840814954122237,0.017784555479582135,21.564539146023073,55.75604249670273,-36.167646306418675,28.879578844046883,-0.4604057383659965,-0.31334611538372203,-0.5164722518572027,-1.1567067024305677,False,13.576450198781716,0.1,0.02,0.02,2.0,0.4,0.06,0.0,40,52
6.334958413911139,-0.3176492110116533,0.014409746046177374,23.5019074045992,-0.4758777484436004,-47.32730373111257,11.486518917709878,-0.5421434505152749,1.2151831183075739,-3.1143070190120747,-0.7019918826480682,False,13.576450198781716,0.1,0.02,0.02,2.0,0.4,0.06,0.0,40,53
6.286851686767593,-0.32741528816200643,0.02402594637947754,19.278679163559616,36.08865917989231,-32.79713704902998,18.953761125198373,-0.48735434265707006,-3.400753124294967,2.436785080871849,-1.912313343778255,False,13.576450198781716,0.1,0.02,0.02,2.0,0.4,0.06,0.0,40,54
6.383571224820588,-0.31578075133333133,0.009088571587036038,18.108119222997143,25.428622089468785,-28.571874805959464,20.256594832439234,-0.8212596928911321,-0.7619244177801409,-2.5072257956551973,-0.02244908645138266,False,13.576450198781716,0.1,0.02,0.02,2.0,0.4,0.06,0.0,40,55
6.355103232662529,-0.3137613264951428,0.016491469025239083,20.76913541915422,-23.18702920309102,-27.734913461717692,34.27507916407239,-0.24792185454642418,-2.3696257243360006,-2.3676791573362723,-0.9765746576825087,False,13.576450198781716,0.1,0.02,0.02,2.0,0.4,0.06,0.0,40,56
6.322147285253533,-0.30863130225462726,0.010854987916406456,21.24690583970331,36.73254478702511,-25.32003640003056,10.200995542069222,-0.11594579366964393,0.1328881075870877,-0.12815433605734775,-0.26939449077370914,False,13.576450198781716,0.1,0.02,0.02,2.0,0.4,0.06,0.0,40,57
6.340137097724466,-0.31604256274337145,0.012045573440180405,19.034452960371134,-31.008017581453608,-40.972966218898655,14.195894007346435,0.7801624144925464,2.839088884318997,-4.338205529362484,-0.4029230238955328,False,13.576450198781716,0.1,0.02,0.02,2.0,0.4,0.06,0.0,40,58
6.299276832567396,-0.30531092338845417,0.016878102639722236,16.549151993673174,-7.5305921417742745,-29.556511739053995,24.44326921720768,-0.06747386508971591,1.4410331838901476,-2.2265645037728556,-1.0496943117981128,False,13.576450198781716,0.1,0.02,0.02,2.0,0.4,0.06,0.0,40,59
6.295196899182472,-0.306423773120453,0.018144687828248348,20.999083582224564,33.761415080264044,-41.937412717688055,29.826124084380886,0.11958716813098265,0.07008589220217422,-1.3526867392683417,-1.2093911725757533,False,13.576450198781716,0.1,0.02,0.02,2.0,0.4,0.06,0.0,40,60
6.356783271887029,-0.2998582074919611,0.012699367457007657,22.569486547221402,39.521458156927466,-34.4021627705847,27.929949903643173,-0.18498931047236544,2.2287177663182374,2.8832020136285843,-0.5244523402030521,False,13.576450198781716,0.1,0.02,0.02,2.0,0.4,0.06,0.0,40,61
6.282537487902414,-0.3117058148091265,0.02273836101751295,19.2072199892171,-23.30608619429428,-38.34563235900037,17.878006201532177,-0.5084281720180273,2.0831864816251238,1.466602407043006,-1.78546400542561,False,13.576450198781716,0.1,0.02,0.02,2.0,0.4,0.06,0.0,40,62
6.346805285432737,-0.3247151951340684,0.016062908968827505,21.155427369758705,-7.776550858749918,-34.68942993821438,29.080704218740134,0.19118948076690842,2.677384747728812,-1.239607056636367,-0.8959275625621927,False,13.576450198781716,0.1,0.02,0.02,2.0,0.4,0.06,0.0,40,63
6.326187539072893,-0.3181605585126022,0.012807321389818572,19.079640840288793,4.265761595997548,-36.48328015274665,22.52122160230616,-0.2097414533224258,0.8552682490398378,-2.5624785475083156,-0.4961805451221588,False,13.576450198781716,0.1,0.02,0.02,2.0,0.4,0.06,0.0,40,64
6.29856068772057,-0.31689019964488757,0.022997427647517842,20.65247504543213,-17.071501151224105,-37.23981591758112,25.83673900789213,-0.6572640312076794,-0.040211595346350826,1.219367595477843,-1.8052206184713198,False,13.576450198781716,0.1,0.02,0.02,2.0,0.4,0.06,0.0,40,65
6.35830595647398,-0.31583572640028335,0.010566751428577839,21.40612614411809,49.17304179185899,-36.30610381962211,18.602083857530907,0.10360765555442931,-1.7921502111770033,1.1146772606514324,-0.21304008210884473,False,13.576450198781716,0.1,0.02,0.02,2.0,0.4,0.06,0.0,40,66
6.336627650575584,-0.3212549057542393,0.01468467910965184,21.30569137050778,-38.214915707375816,-44.18102880488124,23.76780583007214,-0.09796779435715941,-2.306089634470061,-4.876039102249434,-0.7284294931907267,False,13.576450198781716,0.1,0.02,0.02,2.0,0.4,0.06,0.0,40,67
6.30736247577925,-0.30734127783494314,0.018328245300164425,21.66083769998418,10.095027914315125,-47.102605490628,29.923779662567725,-0.12556313108426112,0.6154488873183876,-0.983389768954861,-1.2299545830704284,False,13.576450198781716,0.1,0.02,0.02,2.0,0.4,0.06,0.0,40,68
6.290396015403199,-0.30335330464618837,0.014414683404239978,15.759063424060338,-9.336039580696019,-29.766577461794395,13.415063808408485,-0.51200560447671,1.1610256669452876,-2.194392578449495,-0.7396077836676735,False,13.576450198781716,0.1,0.02,0.02,2.0,0.4,0.06,0.0,40,69
6.338841681385028,-0.2998262489949773,0.011973232969315838,20.940919990861925,95.89782877814093,-40.33107838237719,28.449958358467534,-0.24450303361175496,3.3020940764833275,0.7238364232312036,-0.4326603216013807,False,13.576450198781716,0.1,0.02,0.02,2.0,0.4,0.06,0.0,40,70
6.359698146232957,-0.29559571271318413,0.016247903841894628,21.211353314414637,-12.59201782876304,-39.26248260478471,27.895887292280605,1.6151521611744173,-2.249773413752547,-4.463333182550208,-0.9887200924768935,False,13.576450198781716,0.1,0.02,0.02,2.0,0.4,0.06,0.0,40,71
6.365086501162221,-0.3085729187177401,0.014048578127321477,20.053173651726468,3.9543154020279476,-38.17156194561052,30.121693210854236,0.3312008117371711,0.0780949848119895,0.15480771200418678,-0.6757378053048402,False,13.576450198781716,0.1,0.02,0.02,2.0,0.4,0.06,0.0,40,72
6.3325968079914015,-0.30703705366991946,0.01941376104632059,19.121018441256336,-51.65173919674739,-34.57368942212813,22.762948544197734,0.30647924311727953,-1.5830480535514935,-1.083264877994192,-1.3681166766417454,False,13.576450198781716,0.1,0.02,0.02,2.0,0.4,0.06,0.0,40,73
6.314904212246802,-0.3199606530515273,0.01073742802278238,19.46024053236057,-24.825162761449107,-46.15410341559493,29.65032635649112,0.7469215358450622,-1.0558888017424362,-2.964881962759159,-0.22759096685767122,False,13.576450198781716,0.1,0.02,0.02,2.0,0.4,0.06,0.0,40,74
6.324714147724367,-0.3077273053013517,0.015102957772127308,21.820839426183763,24.86391082200931,-31.52248448106601,31.47138103769951,-0.24602896935111415,-1.4079768390580862,1.528956054489197,-0.8151502132455899,False,13.576450198781716,0.1,0.02,0.02,2.0,0.4,0.06,0.0,40,75
6.289833831635254,-0.30125902033040197,0.016336177880121636,21.043844500050028,15.975175263998034,-35.131361903435696,23.472562351013583,-0.2320063987523394,3.611986751015595,-2.380977501091647,-0.9906190899644898,False,13.576450198781716,0.1,0.02,0.02,2.0,0.4,0.06,0.0,40,76
6.31647700784474,-0.31971377859774147,0.01326245528795184,17.883195009214482,49.39513200851355,-36.601319135512504,32.81647061240725,0.45405953139633987,0.6776268686436474,-2.56130555100847,-0.5512925877525723,False,13.576450198781716,0.1,0.02,0.02,2.0,0.4,0.06,0.0,40,77
6.307698244554712,-0.29768431007912466,0.02166510946694285,20.87037284083735,38.76176072909925,-24.54128214338774,26.571983425632386,0.16185528747649422,1.2171297791105047,-0.7720453428330389,-1.6802297729055036,False,13.576450198781716,0.1,0.02,0.02,2.0,0.4,0.06,0.0,40,78
6.309723267301592,-0.31385807482390016,0.022522148178332924,20.418039571638495,-22.773004720329258,-47.10346106594176,30.181044261616577,-0.37394831738608253,-0.9975938648988398,2.463994520282673,-1.7509921912111588,False,13.576450198781716,0.1,0.02,0.02,2.0,0.4,0.06,0.0,40,79
6.341745436783312,-0.3176686006515286,0.015344454148325791,20.679068434489853,-26.439552291900263,-24.35806124861455,3.8301896210385227,-0.18681502883582854,2.9408941526489487,-2.028919548630341,-0.8211807632150345,False,13.576450198781716,0.1,0.02,0.02,2.0,0.4,0.06,0.0,40,80
6.336113397782576,-0.3089773010264973,0.012975709567552578,22.823716628836763,-16.47134120681069,-35.58757202977107,17.074101257235704,-0.4278629380452876,-0.68808824846226,-0.5364506071366026,-0.5391784983161825,False,13.576450198781716,0.1,0.02,0.02,2.0,0.4,0.06,0.0,40,81
6.306722053941932,-0.3036019804774958,0.01702275452865595,19.771627203681838,-62.400535248191986,-35.93643230919496,29.658757466355905,0.6791933467200655,4.089784760701714,4.782598466888604,-1.0718645032854561,False,13.576450198781716,0.1,0.02,0.02,2.0,0.4,0.06,0.0,40,82
6.339683639087808,-0.3056456950336048,0.019840030119774584,19.56097481077679,22.153249641795778,-54.742284411154195,27.503440807581118,0.03888697526638804,5.290211282702715,-2.3715374217719876,-1.4255931689052272,False,13.576450198781716,0.1,0.02,0.02,2.0,0.4,0.06,0.0,40,83
6.33486055261346,-0.3078495635133183,0.01624849323878111,18.321026379298626,3.279643757861562,-53.759353349885004,19.464473041132567,-0.20520973574483456,0.28379203144111587,0.5230681115542308,-0.9608765489752109,False,13.576450198781716,0.1,0.02,0.02,2.0,0.4,0.06,0.0,40,84
6.366500150675609,-0.3175218302936286,0.010230700257178343,20.633474288796315,-28.152628527181527,-39.64899845955679,11.96638816806439,0.31706108402241795,1.9269623280277284,-0.92828019686286,-0.16548723117358288,False,13.576450198781716,0.1,0.02,0.02,2.0,0.4,0.06,0.0,40,85
6.298229347491341,-0.31487881137433366,0.017947458257928223,17.6739078365358,-12.898704268801474,-43.64161351892823,25.762155964505556,0.3119504186083251,1.3094414928781155,0.4731135421490021,-1.163671748866932,False,13.576450198781716,0.1,0.02,0.02,2.0,0.4,0.06,0.0,40,86
6.321977806316706,-0.31591263108532325,0.01307998047116919,19.699003219886208,38.50699451537087,-45.71348085824847,36.06833545253236,-0.5858983521255992,3.2840255200974364,-2.4996905100893345,-0.5367285173258787,False,13.576450198781716,0.1,0.02,0.02,2.0,0.4,0.06,0.0,40,87
6.293198031085832,-0.296817047060216,0.014874205118480683,19.164567606073405,-9.66604325315897,-32.871558161153146,23.233643063074048,0.22813690970751496,-1.137072493742257,-1.564688795145957,-0.8139454603558596,False,13.576450198781716,0.1,0.02,0.02,2.0,0.4,0.06,0.0,40,88
6.274561128022455,-0.30742212975526284,0.02032445344085362,19.164130082087084,-46.699575259518284,-37.238238477921165,29.052191558788287,0.7842600618027638,-5.138980018777352,-6.55958559562251,-1.4872432613352857,False,13.576450198781716,0.1,0.02,0.02,2.0,0.4,0.06,0.0,40,89
6.335876900440881,-0.3215495773806853,0.012109809040850605,21.362396437295818,-34.34083349263854,-52.913924601370844,17.94323077614459,0.14478153895842852,-2.648941836052571,-0.27198924728764934,-0.39818395748878044,False,13.576450198781716,0.1,0.02,0.02,2.0,0.4,0.06,0.0,40,90
6.37974745767819,-0.3165874867393694,0.011045541765011373,21.76719720246254,-42.293610087387236,-41.14811300181742,19.946696775803982,0.8691217562974988,-1.32028814172058,1.7494925472613356,-0.2712345302862782,False,13.576450198781716,0.1,0.02,0.02,2.0,0.4,0.06,0.0,40,91
6.327063050878885,-0.30549113459668714,0.021239927830185006,18.2965466775546,12.830223839892945,-12.99671812229165,21.746753367724452,-0.2709416238938602,-1.4297284408874782,0.25488858902354083,-1.605908256178899,False,13.576450198781716,0.1,0.02,0.02,2.0,0.4,0.06,0.0,40,92
6.385800862556692,-0.30405255429331207,0.008700667087849197,23.142188265338536,-6.7251885237010125,-28.320259206042184,34.52332330435469,-0.3267776412735326,2.619240131774153,0.6116543634871192,-0.0008112051873470083,False,13.576450198781716,0.1,0.02,0.02,2.0,0.4,0.06,0.0,40,93
6.318802882991016,-0.30791148386053174,0.01958861162402105,21.17505503858252,36.2411600443315,-38.62869890887852,28.24457714851974,0.2709954640503244,-1.699782134294103,4.041514283709812,-1.3892265536299575,False,13.576450198781716,0.1,0.02,0.02,2.0,0.4,0.06,0.0,40,94
6.310079624278443,-0.31740478947818973,0.015847838607261962,21.006265580519464,2.423193951285605,-40.323978168086015,29.03732862651367,-0.09706973271600652,4.8679689335468,-1.2970415770073005,-0.8881470695251696,False,13.576450198781716,0.1,0.02,0.02,2.0,0.4,0.06,0.0,40,95
6.334391415251382,-0.30881559232010924,0.01642378945689357,19.997071621902233,25.331396115463722,-45.734415874363606,24.910534734891186,0.640748795126633,4.007550426411803,-0.36182817793359295,-0.9810241439990324,False,13.576450198781716,0.1,0.02,0.02,2.0,0.4,0.06,0.0,40,96
6.365543081721396,-0.31214117827922355,0.01168962286955471,17.249937486958466,39.25512334334512,-34.11493035315522,20.67072152199765,0.27659990250667343,4.287341080369539,-0.651167320113238,-0.3652003145295828,False,13.576450198781716,0.1,0.02,0.02,2.0,0.4,0.06,0.0,40,97
6.332158314284032,-0.3193830266834231,0.012035239704008306,19.500237066505164,-2.032437819914385,-41.487575836135775,32.13185537738926,-0.7348551354238009,-0.6150652967414451,-0.3979976431687242,-0.39406191921580636,False,13.576450198781716,0.1,0.02,0.02,2.0,0.4,0.06,0.0,40,98
6.325928842283496,-0.30822419124310635,0.013717933294417206,19.8813907363599,-55.39012579612023,-41.9695839320008,12.472330224668845,-0.21212167176974311,4.292702557437938,-3.388025859044356,-0.6366016721649379,False,13.576450198781716,0.1,0.02,0.02,2.0,0.4,0.06,0.0,40,99
0.6211356065236263,-0.3220683593736857,0.1425045909049575,10.440190578161642,-176.01268416140724,-5.010814273487043,6.726709441752899,-0.41799495323379166,3.662839976024262,-3.059059059864416,-0.32980452835139706,False,1.6970562748477145,0.025,0.02,0.02,0.5,0.1,0.06,0.0,40,0
0.6190742116174519,-0.32460068955102833,0.1393818256255541,10.94346135430703,46.12340166930285,-6.105214956839853,6.896166545586465,-1.1877081332138777,1.634762324749668,-1.9997223360719594,-0.29886849738491783,False,1.6970562748477145,0.025,0.02,0.02,0.5,0.1,0.06,0.0,40,1
0.6275653914086389,-0.3306206561901205,0.1099628554451475,10.875140551097052,-57.754847392010284,-6.913903843625365,7.243377606648809,-1.601587762739064,5.788056374907461,-2.9106093645821334,-0.04855934522037275,False,1.6970562748477145,0.025,0.02,0.02,0.5,0.1,0.06,0.0,40,2
0.6170350429615248,-0.30871625659147744,0.14128690804342223,9.906516280984267,6.969964467445913,-7.436128765522153,6.022847986234401,-0.9281011065330859,4.06872181085408,-2.180180593893046,-0.3523541459501407,False,1.6970562748477145,0.025,0.02,0.02,0.5,0.1,0.06,0.0,40,3
0.6157821020671892,-0.32381474709134234,0.1417930658340868,10.001422862443256,-77.59109874698963,-6.236175465969479,7.779527557445988,0.7752535267195793,0.4443492828098138,-3.647867746445,-0.32024220752944166,False,1.6970562748477145,0.025,0.02,0.02,0.5,0.1,0.06,0.0,40,4
0.6155709559390721,-0.3153734899512748,0.12881006605904452,10.557794512006458,77.08751853470365,-5.263263918270826,8.95969525584345,-0.5986839952258107,0.016462866522810052,-1.9425978641570651,-0.23664989523295255,False,1.6970562748477145,0.025,0.02,0.02,0.5,0.1,0.06,0.0,40,5
0.6131046761819554,-0.31486886621553745,0.1260184647225163,9.90822034765334,43.49665607063935,-7.030586840878942,6.444964758349451,-2.3792836950393985,0.5814869799119746,-1.152768323983443,-0.21567615829192333,False,1.6970562748477145,0.025,0.02,0.02,0.5,0.1,0.06,0.0,40,6
0.6176583579793334,-0.3276090419230062,0.15656829682466075,10.157188599486197,52.558668823299065,-8.226772971682433,5.953889274465942,-2.417179984361231,3.5795145146711973,-2.914304318262253,-0.42922517250331127,False,1.6970562748477145,0.025,0.02,0.02,0.5,0.1,0.06,0.0,40,7
0.622843547984795,-0.32327469757187105,0.12571876377186722,9.998360215971234,12.426076227869396,-5.6881102368968595,4.4787588085413015,-1.4067038920125061,4.665588174886386,-2.0588260104382985,-0.1925202231233598,False,1.6970562748477145,0.025,0.02,0.02,0.5,0.1,0.06,0.0,40,8
0.6185161474761364,-0.31605007317609957,0.11404020959944673,9.070919435045933,136.861662881497,-6.717381734924161,6.288153115703941,-1.0044878523492773,1.1742752584911376,-3.495989588811846,-0.11669053232436688,False,1.6970562748477145,0.025,0.02,0.02,0.5,0.1,0.06,0.0,40,9
0.6233573088520651,-0.32696415572206156,0.1129018764653244,11.880688117271582,-49.317807873586034,-6.77812247515434,7.249288197755937,-3.1599905652480187,1.8706912572133054,-4.527493012930605,-0.08109959945852385,False,1.6970562748477145,0.025,0.02,0.02,0.5,0.1,0.06,0.0,40,10
0.6217349714827215,-0.317314590634538,0.1324126695100896,10.75462539552026,-17.380360065884012,-6.94941626456298,7.128931660467213,-0.4274554161044126,2.3837690442095214,-2.5897573888646988,-0.26044224026886253,False,1.6970562748477145,0.025,0.02,0.02,0.5,0.1,0.06,0.0,40,11
0.6217959357182724,-0.3192061759328229,0.12501170442643283,11.06715153481346,-97.26409424150148,-5.642171034541441,5.709336089839304,-3.5024819622900702,2.085806876352312,-3.713848542375387,-0.19669105702959155,False,1.6970562748477145,0.025,0.02,0.02,0.5,0.1,0.06,0.0,40,12
0.6241122330958241,-0.32730807285546304,0.11530151897735381,10.586706248083518,-15.893784222900734,-6.300875489457444,5.823911151565019,-0.9981614350835236,2.591527448013317,-3.0168493710627073,-0.09942604297996993,False,1.6970562748477145,0.025,0.02,0.02,0.5,0.1,0.06,0.0,40,13
0.6151073597015787,-0.3210976312717148,0.1392649903709949,10.597132804761804,-32.00448019809093,-8.143092063174741,4.682741304414225,-3.5879870092724344,2.849070971360836,0.7144510002798112,-0.30657916633374915,False,1.6970562748477145,0.025,0.02,0.02,0.5,0.1,0.06,0.0,40,14
0.615038956837731,-0.3261771095425728,0.12933507216413342,10.308177302703093,-25.723387323357954,-6.194190915229392,6.175122978465639,-2.508265775822063,2.3706073009924813,-0.31310398659858996,-0.2149531770006291,False,1.6970562748477145,0.025,0.02,0.02,0.5,0.1,0.06,0.0,40,15
0.6150295725184177,-0.32785831484530514,0.12609811601398077,10.023072815622921,111.74359418531361,-7.900194947603567,6.259494432422101,-2.8936329966710868,2.365093519621943,-3.088775978208117,-0.18502319813200896,False,1.6970562748477145,0.025,0.02,0.02,0.5,0.1,0.06,0.0,40,16
0.6209394557775202,-0.3214473075472373,0.11552361243058434,10.4773566649834,-13.299533506522986,-7.351114266274396,4.0417719833684265,-1.2011549631074208,1.4580024306672856,-0.7956868480248064,-0.1154589939846542,False,1.6970562748477145,0.025,0.02,0.02,0.5,0.1,0.06,0.0,40,17
0.6163667129794473,-0.31901416501186824,0.0978714433843378,9.59425962723913,55.502290017031356,-6.100082970467655,5.242056529717375,0.25612673120357776,2.8187074281081994,-0.9116053984461506,0.01964445173254803,False,1.6970562748477145,0.025,0.02,0.02,0.5,0.1,0.06,0.0,40,18
0.6216328892916027,-0.31831030171761987,0.11112902937763429,10.077461353011753,-25.13621446129161,-6.739508460971547,5.426303922113273,-4.215514126194942,3.178554178884836,-1.427006678809111,-0.08778953754129071,False,1.6970562748477145,0.025,0.02,0.02,0.5,0.1,0.06,0.0,40,19
0.6220230621500376,-0.32578083306102246,0.11033538666220628,10.481637644096791,57.46760316707772,-5.416877544586448,6.40437161838232,-1.9584406307690878,4.186284718055527,-3.6629588410501595,-0.06348771022219435,False,1.6970562748477145,0.025,0.02,0.02,0.5,0.1,0.06,0.0,40,20
0.6173553907678978,-0.319765448296031,0.10673547377453807,11.504966523750232,10.48415397264987,-6.625176770830815,6.440341217363972,-2.4280510106952065,0.8138262637938759,-0.10072407926289381,-0.04940539083975648,False,1.6970562748477145,0.025,0.02,0.02,0.5,0.1,0.06,0.0,40,21
0.617907001971791,-0.3146223375419385,0.12048780668011307,11.176343709879916,-22.20090037979164,-8.626437460366839,7.8037061444852895,-2.163636521002792,2.5769663581282325,-5.080548780368969,-0.17173442322194488,False,1.6970562748477145,0.025,0.02,0.02,0.5,0.1,0.06,0.0,40,22
0.6244454427258271,-0.3349026051924587,0.10542325144024813,10.466063995361866,-7.0138736599310745,-7.278593826075691,5.80063293781408,-0.4258595546755176,1.0719696341816578,0.3355810859570691,-0.002153032496534757,False,1.6970562748477145,0.025,0.02,0.02,0.5,0.1,0.06,0.0,40,23
0.6224903029199654,-0.3275157111414106,0.10712291396507671,10.6469919065718,-12.54046088951765,-6.351637571926983,7.716846604719665,-2.7679586645949543,2.993395904943106,-2.368114722118127,-0.033596186806030603,False,1.6970562748477145,0.025,0.02,0.02,0.5,0.1,0.06,0.0,40,24
0.6177582079889216,-0.3244147075591204,0.11633533344214747,9.812680601444557,73.04180930812524,-7.437770816761114,6.6046920290813125,-2.261225108013072,2.8211041053860417,-4.411779675549935,-0.11502187691595578,False,1.6970562748477145,0.025,0.02,0.02,0.5,0.1,0.06,0.0,40,25
0.6202812923231122,-0.32731522380721506,0.1161278042133287,10.045219994292498,-72.13749903660394,-7.079478885904671,5.929126442460865,-1.9141333830551692,2.3034209666873084,-0.012149319544825357,-0.106249019029927,False,1.6970562748477145,0.025,0.02,0.02,0.5,0.1,0.06,0.0,40,26
0.6144279069929476,-0.3239798104010407,0.1436135482337099,10.464616694878334,-43.15372116719496,-5.641303704720008,7.420608850833702,-1.0859836139671055,2.98384259584994,-3.0895476230361374,-0.3344911664876049,False,1.6970562748477145,0.025,0.02,0.02,0.5,0.1,0.06,0.0,40,27
0.6211166654818181,-0.3171340524364246,0.11451104081153578,9.673045487450203,8.265628539641021,-7.223617127044796,4.812686295088473,-2.6275496858829825,3.3879869461827403,-3.2874958535768557,-0.1176996007159582,False,1.6970562748477145,0.025,0.02,0.02,0.5,0.1,0.06,0.0,40,28
0.6153331584859029,-0.3239652840577783,0.13066232712725015,8.726567647990372,58.215820553035286,-7.071839817145976,6.416354733335751,-0.2851128841272569,2.3229558239980936,-2.2781413803801174,-0.23086194577017927,False,1.6970562748477145,0.025,0.02,0.02,0.5,0.1,0.06,0.0,40,29
0.6161099669730751,-0.32909128944262545,0.1331397573458937,10.055305635504297,68.66340285896528,-8.519114256190875,5.083468814967299,-2.8420516726453737,6.278299764429312,-2.259615297899885,-0.23833236608646424,False,1.6970562748477145,0.025,0.02,0.02,0.5,0.1,0.06,0.0,40,30
0.6232023733446149,-0.32869640236826075,0.11685664048134929,8.769864805972789,-34.5945913677257,-6.776804174864562,5.201243464576014,1.0940580317443436,2.1436791971437477,-2.29547738859711,-0.10858961576629189,False,1.6970562748477145,0.025,0.02,0.02,0.5,0.1,0.06,0.0,40,31
0.6176657433516425,-0.3263614221125308,0.12769565641548028,8.862978743412755,-60.692814278386926,-6.772087067382644,6.519609256754072,-2.180505692121021,1.0597918026551445,-0.9135029201702364,-0.20123789365267009,False,1.6970562748477145,0.025,0.02,0.02,0.5,0.1,0.06,0.0,40,32
0.62973355975533,-0.32479294153948857,0.09848464969540179,10.343767040116434,-103.51751980799742,-7.764585693838791,8.568346964561671,-2.0220212940336078,1.7433317875518677,-1.3718066027238633,0.02940987571687781,False,1.6970562748477145,0.025,0.02,0.02,0.5,0.1,0.06,0.0,40,33
0.6181690641430624,-0.3188799056979326,0.11745730453312447,9.848508167354252,26.84594335751658,-7.144512769040697,7.73263436113754,-2.104796463444383,1.0107538512571959,-2.3688839361842224,-0.137256518741374,False,1.6970562748477145,0.025,0.02,0.02,0.5,0.1,0.06,0.0,40,34
0.6188974992630153,-0.3225379249548283,0.119298638735169,9.17069289846244,92.4255906548332,-7.534768620141597,8.684113420467659,-0.8321130620211755,3.0527466237256173,-0.653483436193685,-0.14316424003398331,False,1.6970562748477145,0.025,0.02,0.02,0.5,0.1,0.06,0.0,40,35
0.6187239293091786,-0.314346594799231,0.1188407413954435,12.705078458296208,-5.8843392285740475,-6.564815879325435,5.294578109955821,-3.4716646344672566,1.3980736533883216,-0.6225363833867362,-0.1591706678868431,False,1.6970562748477145,0.025,0.02,0.02,0.5,0.1,0.06,0.0,40,36
0.6174391792333718,-0.32498173364029476,0.1432736694897777,9.145801042430175,-5.3256498043216105,-7.831406346800201,7.386814384656516,-1.2485759512214305,3.037900330704737,-1.3387874498225114,-0.3291868444275122,False,1.6970562748477145,0.025,0.02,0.02,0.5,0.1,0.06,0.0,40,37
0.6187435509151374,-0.3197174123991953,0.08815434745572115,10.139802092411104,79.3729523098983,-7.8568257844297165,7.549453263598484,-2.5337891486333946,0.34981742949541356,-4.303176842005012,0.09921162316720766,False,1.6970562748477145,0.025,0.02,0.02,0.5,0.1,0.06,0.0,40,38
0.6184403705505218,-0.3283150870865674,0.1292981962413994,10.617201788424287,35.78112424100466,-6.1591091922037835,7.14667020074922,-1.435080910291513,3.3264920670697107,-3.1760188212174523,-0.20932293869040242,False,1.6970562748477145,0.025,0.02,0.02,0.5,0.1,0.06,0.0,40,39
0.6164287916846984,-0.32122906434385007,0.13111579355180739,10.151981321946213,43.27325603508354,-7.591974521638324,5.185849181866034,-2.4261582481285973,2.2719279436489983,-0.4097990825731797,-0.24099086648813728,False,1.6970562748477145,0.025,0.02,0.02,0.5,0.1,0.06,0.0,40,40
0.6207319531272432,-0.31895347127172063,0.14217691498186594,10.993699471935047,-45.72021641860442,-4.897246704526474,6.000351488823274,-1.2152771349251907,2.1574202463903993,-0.13537385182726586,-0.33468307161516364,False,1.6970562748477145,0.025,0.02,0.02,0.5,0.1,0.06,0.0,40,41
0.6154130094965521,-0.3207201452939766,0.13985094418353108,10.727400027181234,88.751642834522,-6.083090374200964,5.995669652923969,-0.3061081295562686,1.1067252062675894,-1.2259043110713135,-0.31215442419291206,False,1.6970562748477145,0.025,0.02,0.02,0.5,0.1,0.06,0.0,40,42
0.6165400499611474,-0.328710654909437,0.15491417779066566,11.131075728481493,-9.86209137646719,-7.342154656345255,6.934843533939786,-1.402250268656383,3.436892665526515,-2.3304122100052442,-0.4134154475450078,False,1.6970562748477145,0.025,0.02,0.02,0.5,0.1,0.06,0.0,40,43
0.62115872341517,-0.33239696166279004,0.1274765047013639,10.879030725086075,-168.84140037918857,-6.944974156342347,7.0478368994908225,-1.4617566714790797,4.873783475309221,-2.3169907608568465,-0.18478980621530516,False,1.6970562748477145,0.025,0.02,0.02,0.5,0.1,0.06,0.0,40,44
0.6170067172037603,-0.32698464697631763,0.13786700064747123,9.721070354131601,41.13513550177691,-6.241824282587196,7.781712979366331,-0.9683965410463748,2.5078830598297945,-0.380194703421372,-0.2811524494043821,False,1.6970562748477145,0.025,0.02,0.02,0.5,0.1,0.06,0.0,40,45
0.6166081325630343,-0.3241510872957287,0.11519934398254583,7.966954201784113,42.81198105015958,-4.616818026682934,5.232560543159396,-1.7762574762340755,1.2700413549053562,-2.4280893864448947,-0.10663565439683587,False,1.6970562748477145,0.025,0.02,0.02,0.5,0.1,0.06,0.0,40,46
0.6191539878624898,-0.32576867673402493,0.11258621230247395,12.174821477531212,30.109771669823452,-6.9753678786484965,6.986271609826464,-0.7948696725689783,-0.019761442084325044,-4.032045315799019,-0.08169563498638266,False,1.6970562748477145,0.025,0.02,0.02,0.5,0.1,0.06,0.0,40,47
0.6225812936669849,-0.33031109799336583,0.14330035064910565,10.26862073224854,7.403768231955543,-6.331213136823171,5.0577384621006205,-2.251737021223727,4.428563620015959,-0.19478594574451757,-0.3163012923887484,False,1.6970562748477145,0.025,0.02,0.02,0.5,0.1,0.06,0.0,40,48
0.6200281489231774,-0.3310048693214788,0.1465152381755036,10.016236268588692,131.18265138347,-5.660657737062091,5.65820946799768,-1.3347598491872577,2.07575229177732,-1.5085743506638296,-0.34050853009708926,False,1.6970562748477145,0.025,0.02,0.02,0.5,0.1,0.06,0.0,40,49
0.6224288597376766,-0.32025027761719443,0.13473980363996174,10.16257284414496,-17.964084120693965,-6.310258232688604,6.401473963693752,-1.8701517831968266,3.240332869449538,-5.426582945462307,-0.2719720312541669,False,1.6970562748477145,0.025,0.02,0.02,0.5,0.1,0.06,0.0,40,50
0.6204874845200798,-0.32902620296739404,0.09672163234933508,8.613015413384101,-10.308107508775054,-6.957810961813701,6.820942513392619,-0.7006002400846268,3.515967989053072,-4.213138737674161,0.05311907739826971,False,1.6970562748477145,0.025,0.02,0.02,0.5,0.1,0.06,0.0,40,51
0.6180287644049273,-0.33099813377000525,0.14539194668436559,10.213462115067948,40.12513251462469,-7.235329348915953,7.7310037379338095,-2.2467950961799965,2.884063398548182,-0.14264831579322876,-0.33165832656261673,False,1.6970562748477145,0.025,0.02,0.02,0.5,0.1,0.06,0.0,40,52
0.6165294871855056,-0.3182302115422922,0.11649804854839148,10.016351385221938,-27.287321710887774,-8.239981934916473,5.92567803732405,-1.202920752363431,4.219082843090084,-1.5072005457084134,-0.13124011145450043,False,1.6970562748477145,0.025,0.02,0.02,0.5,0.1,0.06,0.0,40,53
0.6215184862825435,-0.3211858465466817,0.11881833941500558,12.25799492121656,46.28563164797141,-8.859819498988111,6.665019116352384,-1.1191319050875157,2.6294975711542437,-0.10297556853154573,-0.14240957443105628,False,1.6970562748477145,0.025,0.02,0.02,0.5,0.1,0.06,0.0,40,54
0.6199094574710252,-0.3233875409489278,0.1177107303395117,9.998272193605152,7.184035432910189,-7.23640423030018,4.473152811183273,-3.0260934113918863,2.222987864996173,-2.5486760681250984,-0.1283611769904055,False,1.6970562748477145,0.025,0.02,0.02,0.5,0.1,0.06,0.0,40,55
0.6069538422298771,-0.31658261389450887,0.12742734023250862,8.919422997925013,90.22035097450527,-8.709188817533317,8.004592836947051,-2.926470493087353,3.969329961936353,-0.7308317040827711,-0.2232032179794553,False,1.6970562748477145,0.025,0.02,0.02,0.5,0.1,0.06,0.0,40,56
0.6190124793979445,-0.33542898369816826,0.1193137717441,10.801288248183067,1.014175312144054,-7.055362966876078,5.5590110508971975,-1.6617839317733216,3.501622630794805,-4.1423330737337,-0.11233986431331977,False,1.6970562748477145,0.025,0.02,0.02,0.5,0.1,0.06,0.0,40,57
0.6190164943223818,-0.3214390425219911,0.11941077483791296,9.588301481745157,32.02502623405521,-6.173821684947847,7.95022557089125,-2.6310335177291817,2.988067029078698,-1.212312337056325,-0.14669150699118239,False,1.6970562748477145,0.025,0.02,0.02,0.5,0.1,0.06,0.0,40,58
0.6190219005805648,-0.3190204227791202,0.12930920630756534,9.94818050006259,-38.9181779555121,-8.119619371182148,5.851831793907401,-2.3391260739796813,1.05954838954089,-0.9830968538002254,-0.23168332175580064,False,1.6970562748477145,0.025,0.02,0.02,0.5,0.1,0.06,0.0,40,59
0.6164185830223029,-0.32708352966488113,0.13440108564863038,10.967847217629282,33.042182974016725,-9.072995482123739,6.82409938731378,-3.182273515567645,5.345711250443961,0.047891152588522674,-0.25322309901199036,False,1.6970562748477145,0.025,0.02,0.02,0.5,0.1,0.06,0.0,40,60
0.6176677257596475,-0.32610134715490063,0.1550954754602023,10.503465068355588,28.567445309420417,-7.362627740454555,6.6933005227647,0.7372868110842117,0.5996485951065659,-4.2211347729275905,-0.4210605069642782,False,1.6970562748477145,0.025,0.02,0.02,0.5,0.1,0.06,0.0,40,61
0.6150075487479633,-0.3180985310870792,0.13860797237720582,8.84172848916889,-23.597001118527487,-5.7505835027260614,8.167158931206174,-1.2458490612945248,1.716686929476798,-2.293966350251213,-0.308526851483779,False,1.6970562748477145,0.025,0.02,0.02,0.5,0.1,0.06,0.0,40,62
0.6177939862830274,-0.3282120395552631,0.11699628107720682,8.240366819470358,49.84510061002663,-8.32698590498779,8.155743708992805,-0.6987734577615221,1.5370040253140602,-2.810656349381201,-0.11119371450804161,False,1.6970562748477145,0.025,0.02,0.02,0.5,0.1,0.06,0.0,40,63
0.6141397275478944,-0.32748281146522173,0.1281831316249976,10.048159196672064,72.94616002833811,-5.502656024652525,6.64467476806178,-0.8151238888063075,-0.9960741408589527,-3.7107731862430753,-0.20265792183057507,False,1.6970562748477145,0.025,0.02,0.02,0.5,0.1,0.06,0.0,40,64
0.619930594799396,-0.3232521059052504,0.13510593177457086,11.595841024605177,-15.761028451555683,-5.941109875507008,5.656797781972352,-1.4907550771525455,2.3137322320265854,-3.07655568760625,-0.2678465643360024,False,1.6970562748477145,0.025,0.02,0.02,0.5,0.1,0.06,0.0,40,65
0.6219993839404996,-0.32125081369318353,0.13788660891564955,11.318818413327783,-38.26691139238609,-5.764212231656269,6.881756530561212,-3.265174839555428,1.6325479154894553,-1.4409920596239427,-0.2947709554251262,False,1.6970562748477145,0.025,0.02,0.02,0.5,0.1,0.06,0.0,40,66
0.6242713778244579,-0.3154855311879617,0.11171782087814448,9.996535379665149,24.83449601593131,-5.314857671519213,7.902117767692508,-1.3474345299975239,0.5749840769932615,-0.5211348440329043,-0.09912100950458058,False,1.6970562748477145,0.025,0.02,0.02,0.5,0.1,0.06,0.0,40,67
0.6187164459101915,-0.3196602781937446,0.1430723630161335,11.251978717087422,-21.857527103835633,-6.634725053608895,6.512720556844359,-1.9200952147839996,2.8543483567243584,-2.567952735356453,-0.34027124970946965,False,1.6970562748477145,0.025,0.02,0.02,0.5,0.1,0.06,0.0,40,68
0.6174194228045525,-0.31999904889064323,0.1331893095662383,9.435810416816803,-9.07737088370406,-5.139941470363007,5.58325887700473,-2.317426230258047,1.8420212280300383,-2.3492260380535788,-0.2604715938240898,False,1.6970562748477145,0.025,0.02,0.02,0.5,0.1,0.06,0.0,40,69
0.6212424004121804,-0.33437237273156306,0.11867035159320782,11.499838649042788,-28.71146854626137,-8.572638603390532,6.158159625253915,-0.4463567641078503,2.582327766662607,0.32973014127085704,-0.10959457416518059,False,1.6970562748477145,0.025,0.02,0.02,0.5,0.1,0.06,0.0,40,70
0.6133137286219378,-0.3197933151415986,0.12756952052929113,9.770476871875537,15.740657578846136,-5.603128821307362,6.223576388080579,-1.4970957210278848,3.6601296034272743,-2.0243920673948543,-0.21625338417717643,False,1.6970562748477145,0.025,0.02,0.02,0.5,0.1,0.06,0.0,40,71
0.6208187462359549,-0.33634927960956373,0.14435485728264577,9.383782328070836,19.496077462797217,-6.242596262871662,5.614200031716299,-1.3442215074669075,2.752828889182689,-4.477736932599978,-0.3103514624240561,False,1.6970562748477145,0.025,0.02,0.02,0.5,0.1,0.06,0.0,40,72
0.6214270380302703,-0.32465443522508014,0.1399295351173947,9.688955241547637,-0.0041130164449994485,-6.229387491446059,4.738850543568768,-0.9505274447901649,2.206324514348535,-0.5454363906762174,-0.30298001411714925,False,1.6970562748477145,0.025,0.02,0.02,0.5,0.1,0.06,0.0,40,73
0.6158701797261035,-0.31022808244005634,0.11976769060519178,10.737639666556356,-58.57053233142936,-7.943305442258755,7.5094288583687865,-1.71353052152953,2.7397436512759548,-5.1804663895819685,-0.176641916201833,False,1.6970562748477145,0.025,0.02,0.02,0.5,0.1,0.06,0.0,40,74
0.6152166124717414,-0.3138848236468244,0.09957759003827,11.477363118371846,118.71564426411705,-5.493749737893847,6.87095534342486,-2.319691032455611,0.05402214589245739,-0.6710753648966469,-0.006384146805477164,False,1.6970562748477145,0.025,0.02,0.02,0.5,0.1,0.06,0.0,40,75
0.6216326641941793,-0.3241840996451287,0.13325734747775195,11.537366708241713,93.85449480200612,-8.222977171931094,5.673117731503348,-1.7874588068609285,0.6612611146108723,-1.9260180302744183,-0.25071898082205624,False,1.6970562748477145,0.025,0.02,0.02,0.5,0.1,0.06,0.0,40,76
0.6167944083436202,-0.32919161333916214,0.14109874642204093,10.049998240371755,26.940331646748145,-7.827344273238387,5.36020109633429,-2.1981007638398173,3.792513343639439,0.29870745633711554,-0.30172243486172134,False,1.6970562748477145,0.025,0.02,0.02,0.5,0.1,0.06,0.0,40,77
0.6228920030267626,-0.3356508961695095,0.13599925546828207,10.283430985520788,77.596096398606,-5.541906107877829,8.748305000892334,-1.707666180269141,3.911900200372368,-3.3682485445808377,-0.24505837275782816,False,1.6970562748477145,0.025,0.02,0.02,0.5,0.1,0.06,0.0,40,78
0.6193937956464683,-0.32179628713906894,0.10401953843115146,8.218288519404318,-105.36474341657227,-7.724127499165603,8.109127020279237,-2.071862738611275,2.5791808446835267,-2.1325438332645525,-0.022681590576658306,False,1.6970562748477145,0.025,0.02,0.02,0.5,0.1,0.06,0.0,40,79
0.6147405815122704,-0.3265426149337174,0.12822504649652658,9.727077893319205,-20.751198800205955,-8.446211612405742,7.187228611822757,-1.8742774743782045,2.6992170391657533,-2.9451359295088526,-0.20521366124055496,False,1.6970562748477145,0.025,0.02,0.02,0.5,0.1,0.06,0.0,40,80
0.6152364857583219,-0.3095208457133713,0.10505884448818546,10.193821612317237,-38.53049360770853,-3.968197678787188,6.105245547540492,-1.6921419815610788,2.0418351123575884,-2.8524786076721207,-0.06070653704789353,False,1.6970562748477145,0.025,0.02,0.02,0.5,0.1,0.06,0.0,40,81
0.6149748873989624,-0.325275616196582,0.11626621724029869,10.038475297601611,52.2304058616665,-6.277621653100007,6.289056981557738,-0.6190604210399533,3.6423562907064735,-5.294044739211524,-0.11256976580665512,False,1.6970562748477145,0.025,0.02,0.02,0.5,0.1,0.06,0.0,40,82
0.6249875966032559,-0.3254093304202273,0.10001435735441762,10.356232895381666,-107.87117805379718,-6.886444313092167,6.06273617440355,-4.14003038654422,2.637774946300071,-3.5367666235842523,0.018366789969399666,False,1.6970562748477145,0.025,0.02,0.02,0.5,0.1,0.06,0.0,40,83
0.6156293539056943,-0.3152509349736709,0.1223838397434512,9.096577515685183,108.20503402458883,-8.917560918677276,6.518457667052357,-2.058070228567888,1.027650314721726,-1.4594891564801866,-0.18553071277645794,False,1.6970562748477145,0.025,0.02,0.02,0.5,0.1,0.06,0.0,40,84
0.6166560502693533,-0.31790492413933813,0.16537234880230142,10.259426676464255,63.27614836739188,-6.596216944761274,6.631512788140459,-2.261709673831554,2.4213329825501932,-2.499244795503895,-0.5230076094678389,False,1.6970562748477145,0.025,0.02,0.02,0.5,0.1,0.06,0.0,40,85
0.6240715666026939,-0.3300059749074231,0.12791387036636223,8.200604008493022,-78.20970300625166,-6.203611386349001,6.797826165942828,-0.2789573762950784,3.7246456132769064,-1.6247132795888861,-0.19385232915692097,False,1.6970562748477145,0.025,0.02,0.02,0.5,0.1,0.06,0.0,40,86
0.6180558139017214,-0.3231175296414557,0.12254927804279929,10.81336540842702,130.87869140553565,-7.111330457569184,6.721570263660228,0.19386701126730477,3.2575370692609606,-2.7000457710539303,-0.16782880436879766,False,1.6970562748477145,0.025,0.02,0.02,0.5,0.1,0.06,0.0,40,87
0.6182527770307386,-0.32209801740280986,0.13522998570773254,10.00034479494859,34.2455120947836,-5.1433064915897075,7.6413799983191515,-2.0433556478632124,2.0313064752938415,-2.574711054064962,-0.27170947727327255,False,1.6970562748477145,0.025,0.02,0.02,0.5,0.1,0.06,0.0,40,88
0.6236693918597326,-0.333140881732676,0.13068253130178276,10.167044482455475,-47.68311721379631,-6.433913850859437,5.521316469372315,-0.6892444036650979,1.388882820737399,-1.015311833164218,-0.20850197074425603,False,1.6970562748477145,0.025,0.02,0.02,0.5,0.1,0.06,0.0,40,89
0.6231062378829133,-0.33196165215990997,0.11857746135394844,9.359280111829587,44.49148840314141,-6.272975095857607,5.190081477511929,0.8638882593820045,3.708727340430043,-4.122020323853752,-0.114525351374829,False,1.6970562748477145,0.025,0.02,0.02,0.5,0.1,0.06,0.0,40,90
0.6171512235335518,-0.3122773917357091,0.12242118101149731,10.916860193162846,19.733314030551078,-6.592159953314039,7.206901374089253,-1.9992942771630975,1.7683077810895276,-2.267073326802309,-0.19287463451426368,False,1.6970562748477145,0.025,0.02,0.02,0.5,0.1,0.06,0.0,40,91
0.6200762179412184,-0.3180470794037665,0.12398479489416576,10.460211321734386,-98.04397403583513,-7.2613002003897185,5.092561106734088,-2.519080292650891,1.6359315825269667,-3.4712339719323855,-0.1913607955078137,False,1.6970562748477145,0.025,0.02,0.02,0.5,0.1,0.06,0.0,40,92
0.6162984756645782,-0.31325307689059684,0.10992002577478212,8.392741662746094,109.9204274437892,-7.458182723469494,7.850319659121938,0.06852298917347283,4.936351148111612,-0.3328031142715582,-0.09057491312095012,False,1.6970562748477145,0.025,0.02,0.02,0.5,0.1,0.06,0.0,40,93
0.6240135336600375,-0.3335910712749004,0.0937068172353585,10.67787031601475,54.07035342687738,-6.364061272561026,5.639817086032167,-2.4774511980160985,3.0623800396155003,-1.1595610557632057,0.08840484519649516,False,1.6970562748477145,0.025,0.02,0.02,0.5,0.1,0.06,0.0,40,94
0.6266180352701674,-0.3251395622134173,0.13347667447828412,10.981997980489027,-147.6651662630638,-7.179053447718897,6.061569000988323,-1.3451862981286629,3.722847594288743,-2.5595468154877112,-0.24988136439786168,False,1.6970562748477145,0.025,0.02,0.02,0.5,0.1,0.06,0.0,40,95
0.6189560425502248,-0.32419928911815704,0.14487530142931282,10.069558850127146,-19.445622810493756,-6.429673091977468,8.314132606200937,-2.6969276849882027,1.1233720708336459,-1.3387928331317993,-0.34378675499791245,False,1.6970562748477145,0.025,0.02,0.02,0.5,0.1,0.06,0.0,40,96
0.6207449467694554,-0.3370983291969058,0.10756758744733934,9.93467255319656,63.49527562178851,-8.251333818123598,6.802368556455436,-2.0011328843548095,2.7457402494696828,-1.1208647738665414,-0.01426001269997379,False,1.6970562748477145,0.025,0.02,0.02,0.5,0.1,0.06,0.0,40,97
0.6205139708737163,-0.3299248843584199,0.1440132069109998,11.231156815569387,-20.407421153598968,-7.57961606401626,4.856907337987184,-1.365635076803697,2.304251240950083,-1.6938104169026682,-0.32305509457536796,False,1.6970562748477145,0.025,0.02,0.02,0.5,0.1,0.06,0.0,40,98
0.622455601369489,-0.32086465382012325,0.09046047298737862,10.08155667362688,-3.5656272953867054,-5.935183065725102,7.100743353646305,-2.960541688853479,3.437077729843986,-3.6561277799460545,0.08373872135143601,False,1.6970562748477145,0.025,0.02,0.02,0.5,0.1,0.06,0.0,40,99
5.338412437012356,-0.39999280013955746,0.015463671656479447,17.480454444435246,5.581712597608874,-44.88963001243316,19.573963882869194,-0.5394060421207402,3.0362146320738574,-0.6186738073231619,-0.7932348661003266,False,8.81816307401944,0.075,0.02,0.02,1.5,0.3,0.03,0.02,40,0
5.337044829271314,-0.406563358384224,0.029018422122146975,17.862365030894903,-30.967890625263514,-26.608230593155714,10.917711883388714,0.5663917379369794,3.423825608626385,1.1645718655354727,-1.7665897045627534,False,8.81816307401944,0.075,0.02,0.02,1.5,0.3,0.03,0.02,40,1
5.339001499429685,-0.39975263841833913,0.0194687504942179,19.81386179755724,-44.0218340332182,-32.664272850250285,26.934775655785167,1.3301832396111315,3.5126354020986903,-1.390238438053735,-1.0816789352334626,False,8.81816307401944,0.075,0.02,0.02,1.5,0.3,0.03,0.02,40,2
5.306779946290757,-0.40158620761060554,0.031580350366709475,22.5952309810854,37.958045173981176,-32.677080387139675,24.03899465418517,0.49795464946696055,1.3997476479134643,0.6817311798148769,-1.9539473449701172,False,8.81816307401944,0.075,0.02,0.02,1.5,0.3,0.03,0.02,40,3
5.342065663049497,-0.3935188289501097,0.018385527560090726,19.27957350497527,0.9866609392550288,-27.205095009542113,26.147987650138855,-0.9207222158905126,-0.2770467809930496,-1.642404498285652,-1.0060884828550036,False,8.81816307401944,0.075,0.02,0.02,1.5,0.3,0.03,0.02,40,4
5.30331457507518,-0.39719200731572535,0.032680805081124066,22.10610206796528,-24.672164106913094,-21.666742094300087,19.813837534578436,0.6516737872381296,1.4449998539695315,-0.3328629093841019,-2.0350417256623876,False,8.81816307401944,0.075,0.02,0.02,1.5,0.3,0.03,0.02,40,5
5.3114033377530525,-0.4027482022096153,0.027846477336693876,17.51701583745448,17.55254430981858,-17.385173235564995,31.98892633779545,-0.6207688914971479,-3.6862000321598045,0.7014812881387766,-1.6845049872255213,False,8.81816307401944,0.075,0.02,0.02,1.5,0.3,0.03,0.02,40,6
5.324589971390767,-0.4113413909307142,0.02039695612098665,16.383128459621407,-50.81886754565135,-23.468102200748202,21.439215469255295,0.44829718769697463,0.031173093308756086,-1.123734983386229,-1.1443065851970302,False,8.81816307401944,0.075,0.02,0.02,1.5,0.3,0.03,0.02,40,7
5.294296843106253,-0.39810001147477125,0.04021017543302083,20.136292800760874,-26.81637130963837,-28.37476882021717,20.905233884005145,-0.22181406766873696,1.669770194579846,0.7756554423975982,-2.5770637212944036,False,8.81816307401944,0.075,0.02,0.02,1.5,0.3,0.03,0.02,40,8
5.302141952868417,-0.3896518893418133,0.026884199211622346,18.830483080907097,11.699987978342376,-37.5270537504555,26.278618313339415,0.8817474096328418,3.268591995911455,-2.4838057029658587,-1.6207373289140312,False,8.81816307401944,0.075,0.02,0.02,1.5,0.3,0.03,0.02,40,9
5.358733468169056,-0.3937189176179205,0.017716822482467934,18.608132268716226,-59.055367297655735,-30.913739946869594,25.927968092026465,0.6074081511877091,5.747775426028376,-2.085301531000198,-0.9573616476454513,False,8.81816307401944,0.075,0.02,0.02,1.5,0.3,0.03,0.02,40,10
5.358473481516854,-0.40223905771000057,0.026392814562899273,15.276689749855416,-14.470350788922534,-29.370890086295027,22.62585243756087,-0.6006555603325558,1.9281582390540821,-0.21373958473449287,-1.5786328209992417,False,8.81816307401944,0.075,0.02,0.02,1.5,0.3,0.03,0.02,40,11
5.336671181237822,-0.4088128287376667,0.03467717899832315,19.42616153501593,-46.09823666660307,-41.385139930101154,19.05314333715974,-0.2071917160365522,-0.8962377696926298,-4.918144210890798,-2.173131620947065,False,8.81816307401944,0.075,0.02,0.02,1.5,0.3,0.03,0.02,40,12
5.358137686008707,-0.3917691784678406,0.0317996595121267,21.87102136100786,-7.60262942807157,-45.0530516416894,25.016616881681585,0.03912218195430131,-0.36724629352480104,0.34240663854421427,-1.9721236829057252,False,8.81816307401944,0.075,0.02,0.02,1.5,0.3,0.03,0.02,40,13
5.378166554194116,-0.40647240743183294,0.023475495214015724,18.653907744313663,40.95503940433544,-21.66732025934236,17.36802742848248,-0.11339448167373703,2.4612238030906264,-7.005708711413185,-1.3663016958105756,False,8.81816307401944,0.075,0.02,0.02,1.5,0.3,0.03,0.02,40,14
5.314358941032879,-0.4022779023016554,0.0332553128291895,21.17639918569045,49.25097567482181,-38.961822867043146,21.45538448619764,0.559544964419993,-1.7201316818170478,-2.163125688725145,-2.074040594549995,False,8.81816307401944,0.075,0.02,0.02,1.5,0.3,0.03,0.02,40,15
5.297731999086847,-0.40715965276193916,0.03540683458850497,18.848632116681177,117.32195743137446,-31.66142214482833,21.796509949808993,-1.1326860701176509,2.1633777701349315,-4.171542844384745,-2.227496269294977,False,8.81816307401944,0.075,0.02,0.02,1.5,0.3,0.03,0.02,40,16
5.290489027879751,-0.41086792309674186,0.036859603450857155,18.186137435292135,21.643231483787844,-29.826104028958106,34.215296170104054,0.9439890614162544,5.48201555354216,-2.8746996956737094,-2.330829608386626,False,8.81816307401944,0.075,0.02,0.02,1.5,0.3,0.03,0.02,40,17
5.318948668877599,-0.39954229714656336,0.03478864997731678,16.9454535975595,4.024023757263759,-47.18539322444643,18.65111791198974,1.0948419399922822,0.4959513069732486,2.910507755554405,-2.185397419441855,False,8.81816307401944,0.075,0.02,0.02,1.5,0.3,0.03,0.02,40,18
5.361691117781279,-0.4031130574793022,0.017028817373539003,17.455265479413033,-3.8668518918907,-34.53449536564294,22.677723946731106,-0.11157224306582703,-1.7613137175006053,1.5619170226187096,-0.9039788943696491,False,8.81816307401944,0.075,0.02,0.02,1.5,0.3,0.03,0.02,40,19
5.342714505916139,-0.4153608901684677,0.016546788290189376,19.743126008386124,49.45329879372966,-29.347629852999592,14.727111053633722,-0.7734359426860555,8.33974079248197,-3.0108732623288263,-0.8649429656487638,False,8.81816307401944,0.075,0.02,0.02,1.5,0.3,0.03,0.02,40,20
5.30327705691694,-0.3980764930891781,0.024914660432083385,19.962339248938743,-26.974100584902125,-23.696871888616,25.412672535895055,-0.5697141225803369,3.1594035080860463,0.7481449581267398,-1.4755266421668243,False,8.81816307401944,0.075,0.02,0.02,1.5,0.3,0.03,0.02,40,21
5.3324212907689,-0.3885814011150898,0.02358594929987266,17.218558834359534,-8.552066370645596,-40.01079129573369,28.607248761921618,-0.7121929402692259,2.2118515391673266,-3.6291525415345545,-1.3827831504217285,False,8.81816307401944,0.075,0.02,0.02,1.5,0.3,0.03,0.02,40,22
5.308859807273728,-0.39286147544377964,0.03132574583584753,19.38326397900908,-31.14454873244558,-25.40367620050714,22.454457194040565,1.2107577205083493,0.3172700171384407,-0.06773097575659427,-1.9390433157852986,False,8.81816307401944,0.075,0.02,0.02,1.5,0.3,0.03,0.02,40,23
5.354387844228442,-0.40178151636539045,0.02270933092368062,18.080709654903803,19.285069730509935,-36.92198443232328,28.549496896591844,0.10792473373169931,1.346207825961734,1.0125753403461089,-1.3137275846319953,False,8.81816307401944,0.075,0.02,0.02,1.5,0.3,0.03,0.02,40,24
5.329722145121734,-0.40342169776366904,0.025344809428003715,18.882025710419402,-9.455147150932703,-47.51162560772959,21.70011260323172,-0.22204924780300128,2.0582353479170155,-1.4146483428287293,-1.5035659353571478,False,8.81816307401944,0.075,0.02,0.02,1.5,0.3,0.03,0.02,40,25
5.343291225901948,-0.4053175815158556,0.01688996511174214,20.076314428218122,-31.85962505874565,-34.78798856868115,23.141912098025692,-0.2967696629442083,2.11452199533565,-2.022149098342993,-0.8936517186620335,False,8.81816307401944,0.075,0.02,0.02,1.5,0.3,0.03,0.02,40,26
5.315574912161692,-0.41492779905315685,0.03027603505571158,17.412877672243006,53.761353514848494,-24.794094374717716,30.686689819111592,-0.5044967834317335,1.446389496603691,1.034932227548134,-1.8544361570251204,False,8.81816307401944,0.075,0.02,0.02,1.5,0.3,0.03,0.02,40,27
5.3196113192135766,-0.399892339472483,0.033820278343877054,18.66926661710916,-5.571943709307926,-33.78927509902705,10.618825192147007,0.8892338374647925,5.427755703115958,3.0544900301511997,-2.1155147653937476,False,8.81816307401944,0.075,0.02,0.02,1.5,0.3,0.03,0.02,40,28
5.361996711675541,-0.3899934645053347,0.029563741088941716,20.533196493950186,-2.996275201225923,-32.90476368883826,27.54100801082384,0.8202101607742445,-1.0425728218788912,-1.3519490999738626,-1.8117320712514033,False,8.81816307401944,0.075,0.02,0.02,1.5,0.3,0.03,0.02,40,29
5.336931128744055,-0.3985060052328948,0.02462095745800626,14.424340960915703,-0.17507234561530655,-26.876451486986404,32.46984717871506,-0.7362310200518288,5.564059369545937,2.2092931224057937,-1.4531986010209712,False,8.81816307401944,0.075,0.02,0.02,1.5,0.3,0.03,0.02,40,30
5.327582262012185,-0.4055567822737481,0.028286013037245695,19.03822731385979,-31.9337287273273,-31.463317396763014,22.982361854382525,-0.1811317425164009,-1.5831542357579196,-1.4543390602980315,-1.714542757911825,False,8.81816307401944,0.075,0.02,0.02,1.5,0.3,0.03,0.02,40,31
5.357399401023515,-0.39958501603212127,0.02460283718318887,16.269595065856535,7.235874937323723,-40.046806685401826,18.12121851488804,-0.39810975619971795,2.2061211887221077,-4.084705516231965,-1.4508482887460445,False,8.81816307401944,0.075,0.02,0.02,1.5,0.3,0.03,0.02,40,32
5.345213145969768,-0.39340853544146975,0.019682570807174615,20.21870347639383,52.60719070894643,-42.04386114055494,24.748638148986952,-0.7606077681210104,3.287959013920377,-0.6916217886811439,-1.0994252895608914,False,8.81816307401944,0.075,0.02,0.02,1.5,0.3,0.03,0.02,40,33
5.350033751354997,-0.3859582773834276,0.021243032277198242,20.50013100240996,-71.77130853635184,-29.236212398296967,14.480503213862168,-0.8863402693502659,4.547803961730098,-0.006483326653210786,-1.2146140004642525,False,8.81816307401944,0.075,0.02,0.02,1.5,0.3,0.03,0.02,40,34
5.333107887644917,-0.40103162158165634,0.01694085347682322,19.244748888355968,3.8395072470823632,-20.710151281821105,22.811144948262648,0.944624041801139,2.5865771688957726,-2.851697416218494,-0.8993355650692618,False,8.81816307401944,0.075,0.02,0.02,1.5,0.3,0.03,0.02,40,35
5.313469961532533,-0.39695424281839503,0.03202307396011548,18.623437799195955,96.45318673857406,-28.636250289777657,16.776012334279002,0.16394925969419136,4.577457389825576,-2.5048485189542524,-1.9874755291549806,False,8.81816307401944,0.075,0.02,0.02,1.5,0.3,0.03,0.02,40,36
5.330721693984784,-0.3967607028450268,0.025370824527277094,16.923776197017148,1.672938559160977,-33.30727981283104,23.21065080869087,1.3030509346079264,1.4185133075135736,-3.017200490596816,-1.5080734340063966,False,8.81816307401944,0.075,0.02,0.02,1.5,0.3,0.03,0.02,40,37
5.341260344169861,-0.407601833226934,0.031238894952110723,18.847241894855667,16.276384496820732,-41.942398873729466,24.121692786147154,0.28269107914517305,2.2544312186658932,-3.573416367687625,-1.9259218929361026,False,8.81816307401944,0.075,0.02,0.02,1.5,0.3,0.03,0.02,40,38
5.354697698724777,-0.39229597217166307,0.021995026350148106,19.40800088481426,-18.205348654071972,-21.381548365431332,32.89262902857095,0.16685158229505384,6.512376927819704,0.3447852509764672,-1.266082577380255,False,8.81816307401944,0.075,0.02,0.02,1.5,0.3,0.03,0.02,40,39
5.388862596842874,-0.3976885828201271,0.0165563540117048,20.745867575353007,-50.31463538797038,-28.894725995627226,32.7166286199276,0.6348948043516741,1.6627179875437366,2.5044295115783597,-0.8713161778094085,False,8.81816307401944,0.075,0.02,0.02,1.5,0.3,0.03,0.02,40,40
5.300646860317477,-0.4047435314847078,0.03893877307810808,16.951264618726906,3.5250542650102754,-28.876702493669676,10.011232760209788,0.340548680909403,0.12805660191119952,-1.2087516274649595,-2.4826748432203742,False,8.81816307401944,0.075,0.02,0.02,1.5,0.3,0.03,0.02,40,41
5.339073683803815,-0.38849553895167377,0.022719629148056766,20.257131745582818,-41.91726872699254,-38.30788841098477,24.4954388578154,-0.9866468935878351,2.3047472060762755,2.1405228888570615,-1.320242872565303,False,8.81816307401944,0.075,0.02,0.02,1.5,0.3,0.03,0.02,40,42
5.313439560369428,-0.40094303947064375,0.03414167715512075,19.557685059458837,4.710882434882018,-22.949090816594325,21.874892759293914,0.8603105338898086,0.7026449048044426,-1.8577739186782232,-2.1384203525693537,False,8.81816307401944,0.075,0.02,0.02,1.5,0.3,0.03,0.02,40,43
5.333650482221688,-0.4079343546313959,0.02928514433680872,17.756323512558634,7.738213007862142,-23.45687650826736,17.625551347982775,0.19452545311611708,1.2936537581703083,-1.350980536326914,-1.785347135931019,False,8.81816307401944,0.075,0.02,0.02,1.5,0.3,0.03,0.02,40,44
5.315616761574296,-0.4023174123127851,0.024695957549196762,15.661604379538952,-5.116127330077627,-33.57706863930639,19.761250561116118,-0.27871589078880876,-5.441195005698157,2.0569323753911983,-1.457713475769824,False,8.81816307401944,0.075,0.02,0.02,1.5,0.3,0.03,0.02,40,45
5.330876423183089,-0.39760843869758683,0.019594601925520375,15.628304295569443,55.75653623740664,-17.458600403596417,17.049211059353034,0.984760451121646,6.1737001550349895,4.136608444007603,-1.0918416704629397,False,8.81816307401944,0.075,0.02,0.02,1.5,0.3,0.03,0.02,40,46
5.303372919293623,-0.3881877328015295,0.03409531439825611,18.9125414421965,42.84474976349734,-40.05356670324274,20.90253938697318,0.183153100049628,1.7223598753381004,1.8036171263717513,-2.1404863559750194,False,8.81816307401944,0.075,0.02,0.02,1.5,0.3,0.03,0.02,40,47
5.291920904887352,-0.39610257667196197,0.03152517360499665,16.582733553199017,-5.047144638377358,-19.080379580217233,34.99536496511087,0.24749033538186957,1.1004931250831247,-2.1457845692974047,-1.952613841744353,False,8.81816307401944,0.075,0.02,0.02,1.5,0.3,0.03,0.02,40,48
5.319727095872065,-0.39517985969984853,0.03026123974374419,20.088888710238503,-32.71322161150451,-22.656481227350152,25.525248073870422,0.25068013634974884,0.19948692969387183,-3.543730147767368,-1.8611455047934804,False,8.81816307401944,0.075,0.02,0.02,1.5,0.3,0.03,0.02,40,49
5.328553631713244,-0.381451091529353,0.029678634501462253,21.72428343673197,14.0426993956039,-28.658695741514748,16.1210520288524,0.1800543983482355,1.3224543547322745,-1.2859302315540808,-1.8244246385421439,False,8.81816307401944,0.075,0.02,0.02,1.5,0.3,0.03,0.02,40,50
5.321933473607035,-0.3937044249779374,0.030570566672574805,18.332883369607206,-28.966563715957335,-35.4588774266438,18.873267275152617,-0.08683986990936203,-2.169283275981972,1.0834531970171382,-1.8839410262260001,False,8.81816307401944,0.075,0.02,0.02,1.5,0.3,0.03,0.02,40,51
5.295359743211017,-0.402156687337523,0.028256147855840612,19.76092901149277,-22.611260279097998,-24.51106008588362,26.824706078354538,0.8011286030728092,-0.983223957876578,-3.383789558936425,-1.7147191783891844,False,8.81816307401944,0.075,0.02,0.02,1.5,0.3,0.03,0.02,40,52
5.30160259584714,-0.4059724038332486,0.03102926032737564,19.452566728443834,67.5892859024177,-40.22045711823633,33.067879081966154,0.3376458360753294,7.340436177681072,3.075534056103145,-1.9126697041623326,False,8.81816307401944,0.075,0.02,0.02,1.5,0.3,0.03,0.02,40,53
5.342954590973695,-0.3976525919578666,0.01787623824813393,18.053017219895423,72.79641695006605,-31.598379647683938,31.907562388699983,0.32737094498990893,0.612300230359456,-2.0191978564584883,-0.9677394793532854,False,8.81816307401944,0.075,0.02,0.02,1.5,0.3,0.03,0.02,40,54
5.316090251108711,-0.40488203367713466,0.021521259981650553,18.55244650845604,54.63026373832559,-26.75320372016461,29.38943833793798,-0.2562766120577794,1.7942119012363782,-0.4620874625223575,-1.2280951976747247,False,8.81816307401944,0.075,0.02,0.02,1.5,0.3,0.03,0.02,40,55
5.329832559099583,-0.4082328929459497,0.028954523833622892,16.787361148292927,-30.938085551567262,-38.803300545981706,19.02950235176701,0.288347305153965,6.265295914659248,2.5892358154227013,-1.7615375820694807,False,8.81816307401944,0.075,0.02,0.02,1.5,0.3,0.03,0.02,40,56
5.366289396384208,-0.39993987348283505,0.013722258433027849,17.58381210340378,-36.7485908899558,-33.22582131893831,35.959165775136384,-1.1057594897439347,-2.3062309289403404,2.073199198609602,-0.6670379758933449,False,8.81816307401944,0.075,0.02,0.02,1.5,0.3,0.03,0.02,40,57
5.3162636611634015,-0.40201763693099046,0.02970731106923767,18.217966601573927,-5.911387152241259,-21.72521318405627,24.780771302472825,0.6195354687365642,1.7666575523412378,0.4118405985618485,-1.8186314323778143,False,8.81816307401944,0.075,0.02,0.02,1.5,0.3,0.03,0.02,40,58
5.332096028496224,-0.3921354014003955,0.02723697747703503,18.566651587112307,-98.68860472307519,-37.03179934540189,15.2759767766849,0.48577112099928166,0.9678577326139751,2.694122356454811,-1.6442453369314771,False,8.81816307401944,0.075,0.02,0.02,1.5,0.3,0.03,0.02,40,59
5.338791551815919,-0.3967730307752453,0.02337072523932553,16.519287424297154,-36.8201803535229,-30.749134097788488,5.8179841065910844,0.27873380117305463,-2.2319388331453545,-3.3351179756274973,-1.3638192583668625,False,8.81816307401944,0.075,0.02,0.02,1.5,0.3,0.03,0.02,40,60
5.359551109770625,-0.39131848303948485,0.01895225647921696,15.806315031838858,-1.2587760280997384,-31.83456467970071,28.310666622748148,-0.3680370182351657,2.062168338233058,0.42860425989877715,-1.0472485399947082,False,8.81816307401944,0.075,0.02,0.02,1.5,0.3,0.03,0.02,40,61
5.331127984925062,-0.4084604169268797,0.03011356528837913,18.922924284914558,43.04874102576434,-30.644778239407458,28.342923653948226,1.0480654063709192,0.9543878774987379,3.618534707698728,-1.8448586944447938,False,8.81816307401944,0.075,0.02,0.02,1.5,0.3,0.03,0.02,40,62
5.342493394772536,-0.3882278052526564,0.026627308456699025,19.142492104467383,8.453419477674512,-35.0500443176828,14.65440039310374,-0.6075338939244914,4.181809506965929,-0.18378741901388906,-1.6016002849380913,False,8.81816307401944,0.075,0.02,0.02,1.5,0.3,0.03,0.02,40,63
5.342905412809716,-0.4077274944997942,0.026762899338996515,18.121019917939165,4.703963152742809,-35.39927678457061,38.783931608402646,-0.31777184231428124,2.395057456384019,-4.19627096077095,-1.6035505922235398,False,8.81816307401944,0.075,0.02,0.02,1.5,0.3,0.03,0.02,40,64
5.326417544881042,-0.3955920211316491,0.030091272552949938,21.123285386842802,-39.02952561963458,-35.7125108996875,26.55571807977865,-0.23516159753044838,4.119069620122879,1.6009676941425874,-1.848542289013305,False,8.81816307401944,0.075,0.02,0.02,1.5,0.3,0.03,0.02,40,65
5.347227253588646,-0.3999191669691353,0.022177705470449633,17.792092791958563,-21.97486027002069,-36.44911074192672,11.401265857261624,-0.07579540458176195,0.9996386496403604,0.07237511951685575,-1.2764103094770602,False,8.81816307401944,0.075,0.02,0.02,1.5,0.3,0.03,0.02,40,66
5.363389246554017,-0.40448975078906185,0.02670938039508571,20.83066587502294,66.95843249876766,-31.876255389382543,22.508928213994622,0.4321054469664085,2.2842351200648743,-1.8211119179708233,-1.600377810733926,False,8.81816307401944,0.075,0.02,0.02,1.5,0.3,0.03,0.02,40,67
5.298385968662103,-0.39912857268847973,0.026425615074734888,19.225712474462252,61.24867996121856,-23.617281415039947,14.173951612069501,-0.5245828935032235,0.8952588998467669,-4.285144988350781,-1.5840412772456571,False,8.81816307401944,0.075,0.02,0.02,1.5,0.3,0.03,0.02,40,68
5.302254423579087,-0.4041629309937904,0.029082532685769682,16.1864265881074,82.8135152697382,-33.07780131388714,25.93264042340872,-0.5529142377576289,-0.5490170664712903,-2.1177272213975273,-1.7732095482705283,False,8.81816307401944,0.075,0.02,0.02,1.5,0.3,0.03,0.02,40,69
5.35960723375793,-0.40168780105039525,0.01844012258339293,20.89029127329302,25.281715376196274,-24.489779693886803,29.015955199010772,0.6931925547707815,2.467761398242323,2.6939471002699524,-1.006225488571395,False,8.81816307401944,0.075,0.02,0.02,1.5,0.3,0.03,0.02,40,70
5.276881815933763,-0.39822051831583166,0.025694543851406283,16.63041839077564,97.14375564608605,-25.17512421849735,15.713688527551108,-0.16059718823116925,7.868306397565215,-3.2552709795604557,-1.532412495496907,False,8.81816307401944,0.075,0.02,0.02,1.5,0.3,0.03,0.02,40,71
5.323346689009989,-0.39734273047641006,0.02569652379477247,18.263645847521,14.019047181138152,-39.24524857221805,18.41418200301628,0.7677077751575303,-0.2613606955779632,-2.417678733250019,-1.531512220362754,False,8.81816307401944,0.075,0.02,0.02,1.5,0.3,0.03,0.02,40,72
5.287837170861821,-0.3974944403950576,0.030908856295578473,20.08492131557059,1.2508491870967373,-36.108137846339915,15.501786541282014,0.7135485852807134,2.954635340303326,-4.071996874039938,-1.9078047619977725,False,8.81816307401944,0.075,0.02,0.02,1.5,0.3,0.03,0.02,40,73
5.3622560367036405,-0.3870932917337189,0.008636203780132606,19.323097965941237,-20.357672556724687,-28.718652407503942,30.594741123342487,-1.3275761827681034,2.227727089550329,-4.104157132143541,-0.3061016743749509,False,8.81816307401944,0.075,0.02,0.02,1.5,0.3,0.03,0.02,40,74
5.371148445219741,-0.4036674342169205,0.017407723213856623,19.147504182944097,-78.23886875985116,-38.09922868343654,37.37571332027282,-0.6798632591191651,1.3257916563123544,-3.2192043118202878,-0.9307546443543164,False,8.81816307401944,0.075,0.02,0.02,1.5,0.3,0.03,0.02,40,75
5.325008441631415,-0.38824489257391437,0.02445680101969869,19.365176182842045,-10.703176832707614,-31.689886432686958,19.012558082007164,0.5153521165978483,5.613442545709865,-1.5189056057382009,-1.4458414631397976,False,8.81816307401944,0.075,0.02,0.02,1.5,0.3,0.03,0.02,40,76
5.358002911697767,-0.40617635574283134,0.020031510818566557,16.814622271294606,18.66640661347245,-30.882820576269268,32.15152620599557,-0.1446958038543237,1.0099727909219451,1.045865879999401,-1.1190581492887266,False,8.81816307401944,0.075,0.02,0.02,1.5,0.3,0.03,0.02,40,77
5.339254279753202,-0.4094623296181498,0.02270557750591887,16.371520414641694,58.39638505193638,-40.89841522578032,19.027954972102417,-0.10517449981499882,1.6178974601100944,0.8766295302239329,-1.3108390201863027,False,8.81816307401944,0.075,0.02,0.02,1.5,0.3,0.03,0.02,40,78
5.3306051803057874,-0.3904417114197211,0.032039520671495375,22.981223535424117,-81.97691998403751,-19.1700669203707,18.007180312401786,0.8193446725156674,-1.935106712451011,-0.042787699763326276,-1.9907506483706052,False,8.81816307401944,0.075,0.02,0.02,1.5,0.3,0.03,0.02,40,79
5.309352734904614,-0.41228979147178607,0.023286150774727548,15.791469256632782,27.591079599633968,-29.17898513001401,12.617419343240725,0.16692418977871135,-1.7006241295672395,0.07335759818929942,-1.3524063571445306,False,8.81816307401944,0.075,0.02,0.02,1.5,0.3,0.03,0.02,40,80
5.377702356495052,-0.4065963375044144,0.018270136303167,18.76624500851679,-15.205040443709656,-49.04730328677154,14.514232034478932,0.28465281343481247,3.149110136388892,1.0043916104086001,-0.9914802081314069,False,8.81816307401944,0.075,0.02,0.02,1.5,0.3,0.03,0.02,40,81
5.344260737416172,-0.39073187379134716,0.01928596747963585,17.93542255046307,-52.51643144478425,-14.124582576780687,12.652326904063901,-0.4972891605453332,2.3406643424108085,-2.1511512555864636,-1.0719690868947571,False,8.81816307401944,0.075,0.02,0.02,1.5,0.3,0.03,0.02,40,82
5.315776513160003,-0.40589899415742253,0.033210085683310346,16.28708854159174,43.80873387804735,-38.215464525972116,26.13968448729958,0.480304341139392,3.3526080312381485,0.07573049648821734,-2.069293276140576,False,8.81816307401944,0.075,0.02,0.02,1.5,0.3,0.03,0.02,40,83
5.38394778462763,-0.38680118452051837,0.02001232188680532,19.109639225468637,-159.35720476344864,-31.836456692759143,28.34737538998964,-0.22639172965195636,-0.21920161069929567,1.851449683494193,-1.1246482685029469,False,8.81816307401944,0.075,0.02,0.02,1.5,0.3,0.03,0.02,40,84
5.354067932394245,-0.3911128719362016,0.019805522642434025,17.71475298875993,-16.118718311113888,-26.45063155708317,30.387493841386014,-0.15302126799716997,5.481891721425889,-4.837164958348177,-1.1089304435089418,False,8.81816307401944,0.075,0.02,0.02,1.5,0.3,0.03,0.02,40,85
5.320758066621491,-0.4024264947075776,0.02144310737488332,18.81323890961393,-41.019449761955826,-32.95623505554834,23.162536791867577,0.14275589223368568,4.037882541458487,-2.6398161334821184,-1.2233103911099232,False,8.81816307401944,0.075,0.02,0.02,1.5,0.3,0.03,0.02,40,86
5.3451756411119655,-0.4181240128077537,0.018762491298827153,19.41451410288847,29.500000808881907,-31.845354317394804,32.48774703476133,-0.7818193188751212,4.544057036948659,-0.2644723240185083,-1.0232944991590947,False,8.81816307401944,0.075,0.02,0.02,1.5,0.3,0.03,0.02,40,87
5.335082242473615,-0.4106433871010747,0.02878871381864902,18.159123781324713,-0.6687209159536192,-29.19778416371786,26.35840311656082,0.30594179259914617,4.337515085405733,-3.55046967631294,-1.7484775728280912,False,8.81816307401944,0.075,0.02,0.02,1.5,0.3,0.03,0.02,40,88
5.291701833784015,-0.4023950345295251,0.03612245979402659,18.62995450728469,67.08013706544267,-38.12311729150539,26.479606418139856,0.5216299764421022,0.16500195302401166,2.4351401568813893,-2.2811080363445844,False,8.81816307401944,0.075,0.02,0.02,1.5,0.3,0.03,0.02,40,89
5.3444384570570875,-0.4105421022531231,0.029656696576326875,21.059732385375128,-46.25838499573705,-40.12250652855944,20.094885507713016,0.0535742357132267,2.238016973902854,-0.8034346360296262,-1.8107321588825733,False,8.81816307401944,0.075,0.02,0.02,1.5,0.3,0.03,0.02,40,90
5.363656446780271,-0.390596709394865,0.021820219399063676,17.939905657104692,6.23050223747396,-38.695045732259715,17.26815592231855,0.6444049556047015,1.2024996153335026,-1.4003077137508102,-1.2539074195712305,False,8.81816307401944,0.075,0.02,0.02,1.5,0.3,0.03,0.02,40,91
5.328388496827212,-0.4047819349677804,0.034833724685270635,18.336947770487853,-55.075159825056744,-43.58105489752641,24.2483995010144,0.6108269857376719,0.9284535944071092,3.256032123528839,-2.186263748447557,False,8.81816307401944,0.075,0.02,0.02,1.5,0.3,0.03,0.02,40,92
5.333060610998227,-0.3979829810061508,0.020427022228363324,17.049939745685645,-92.89554981602542,-34.44414227292423,16.89266881733695,0.2921099875064323,2.9515913901742685,-2.7621801166784743,-1.151560589709752,False,8.81816307401944,0.075,0.02,0.02,1.5,0.3,0.03,0.02,40,93
5.323098212935669,-0.40563729299556545,0.02698624126508174,17.40144552121369,19.774002037931677,-40.45825032676333,15.488128127570699,-0.5604104575045713,4.56561357770743,-3.400149491226328,-1.6210615074995889,False,8.81816307401944,0.075,0.02,0.02,1.5,0.3,0.03,0.02,40,94
5.32374524915113,-0.4024716367843874,0.030503964974087416,18.280817927633997,45.77874894666985,-45.6349407143206,23.533585469212216,-0.38981848287085724,2.383023516536143,-0.30656304398086504,-1.8755844659460053,False,8.81816307401944,0.075,0.02,0.02,1.5,0.3,0.03,0.02,40,95
5.358030485260957,-0.3966352064769745,0.023719930578545875,16.618488254344783,-6.526027990958213,-32.50009742713223,11.518630898525272,1.1585740137715879,4.216372606178995,-1.2235408214586891,-1.3884400045066845,False,8.81816307401944,0.075,0.02,0.02,1.5,0.3,0.03,0.02,40,96
5.32291547783084,-0.4110116976053499,0.02404644159076315,17.389108082332754,19.553991974922077,-33.200406495641246,35.06551042160551,0.14890318658848437,-2.946419135805332,-1.131667381597775,-1.4072516511578814,False,8.81816307401944,0.075,0.02,0.02,1.5,0.3,0.03,0.02,40,97
5.357764796624036,-0.39745772882801367,0.02576327448167741,19.022558643053863,16.34910933633036,-28.75604158040044,24.11701029947092,0.054836044649277896,-3.0185219066650086,-0.5449339514616265,-1.5352397272508471,False,8.81816307401944,0.075,0.02,0.02,1.5,0.3,0.03,0.02,40,98
5.314803004690066,-0.41020009588377976,0.029790110966858647,18.242696301131225,18.978527716294362,-30.728083119765977,31.445722979319854,0.9557551691184557,1.6304981171182376,-2.8714023434150535,-1.8213638611196088,False,8.81816307401944,0.075,0.02,0.02,1.5,0.3,0.03,0.02,40,99
