price,delta,gamma,vega,volga,rho,rho_d,vanna,delta_r,delta_d,theta,ex_region,alpha_S,alpha_sigma,alpha_r,alpha_d,T,sigma,r,d,K,rep
0.0305690263496766,-0.0284272918525091,0.0230126897780767,1.8091728122034576,65.93840181666633,-0.5023301038461151,0.5094346709035805,-1.2358155666545911,0.4237024870676548,-0.4448004921393659,-0.1140418761976116,False,1.6970562748477145,0.025,0.02,0.02,0.5,0.1,0.06,0.0,36,0
0.0297940573660049,-0.0277393048004083,0.0238687854513091,1.6060571822477143,73.47554130908875,-0.4197127251390813,0.5767504388534058,-1.166439777119121,0.2787376894045021,-0.4287146064499046,-0.1225883086475331,False,1.6970562748477145,0.025,0.02,0.02,0.5,0.1,0.06,0.0,36,1
0.0300472096659134,-0.0281505433109713,0.0240519479692354,1.728333330235022,63.276541801758185,-0.5867990421004293,0.5989870692435102,-1.3518317072659345,0.4933735329791407,-0.5165518837561588,-0.1230514472275977,False,1.6970562748477145,0.025,0.02,0.02,0.5,0.1,0.06,0.0,36,2
0.0301008792966184,-0.0276202877667168,0.025216526018883,1.8738594022883297,69.5219455552277,-0.4998581428585555,0.5227411312052532,-1.2599621628524644,0.2618091410147941,-0.5464726281076594,-0.1336374647531472,False,1.6970562748477145,0.025,0.02,0.02,0.5,0.1,0.06,0.0,36,3
0.0304187447087418,-0.0275851779739108,0.0227168656377562,1.834569250128825,56.16269023495432,-0.2615861409815351,0.5124626381563352,-1.489094710146386,0.2264108920957651,-0.657975587963613,-0.113705373282139,False,1.6970562748477145,0.025,0.02,0.02,0.5,0.1,0.06,0.0,36,4
0.0298313102805983,-0.0264408502481359,0.0209791321397162,1.7326056343303462,79.01402227146295,-0.4981602847261551,0.2689697440173306,-1.197227646781005,0.158773057935998,-0.3580799434844203,-0.1025851379053678,False,1.6970562748477145,0.025,0.02,0.02,0.5,0.1,0.06,0.0,36,5
0.0301631097201164,-0.028175687024168,0.0238310880002585,1.7678522098293987,66.06097093639275,-0.4753837373769223,0.5458361515754818,-1.2265100688114017,0.280386528877494,-0.2609236096514549,-0.1212172685608584,False,1.6970562748477145,0.025,0.02,0.02,0.5,0.1,0.06,0.0,36,6
0.02956757152882,-0.0261854994066788,0.0237878651915783,1.69512704048724,67.13202625311806,-0.4680541854680661,0.454470990354908,-1.0366477459432084,0.3946955940596787,-0.5184579812722191,-0.1256836686648687,False,1.6970562748477145,0.025,0.02,0.02,0.5,0.1,0.06,0.0,36,7
0.0310399162432312,-0.0286493113059377,0.0207999400616442,1.9180093401143503,62.03062415343524,-0.3977742953592653,0.6539793083461931,-1.3280510933464902,0.6008291274374256,-0.512569853258157,-0.0957787783843099,False,1.6970562748477145,0.025,0.02,0.02,0.5,0.1,0.06,0.0,36,8
0.0301865901372,-0.0279429014302761,0.0225821873076449,1.777093736443203,67.24059839085848,-0.3659890850890716,0.4133741264828305,-1.388640678360798,0.3190760959305238,-0.3793941381925436,-0.1117833396202647,False,1.6970562748477145,0.025,0.02,0.02,0.5,0.1,0.06,0.0,36,9
0.0303613490262766,-0.0291666299372833,0.0241040085584642,1.6490929817701967,66.23329903884357,-0.6424879490639742,0.480346883765866,-1.2864630144801743,0.2791527287728775,-0.2644361569533686,-0.1210104756766575,False,1.6970562748477145,0.025,0.02,0.02,0.5,0.1,0.06,0.0,36,10
0.0300215565175114,-0.0277199158979417,0.0244850793153499,1.783837978147018,63.87322290785154,-0.5031752741326587,0.4850573706969079,-1.2569808139678298,0.3029870040755128,-0.3055869635278506,-0.1275515429766887,False,1.6970562748477145,0.025,0.02,0.02,0.5,0.1,0.06,0.0,36,11
0.030115867832838,-0.0277712630018228,0.0242426318676679,1.830761603742718,59.41977265248222,-0.3701829640715968,0.4319505532935564,-1.2041853978140464,0.0247615931152742,-0.3111788599498963,-0.1254830716669986,False,1.6970562748477145,0.025,0.02,0.02,0.5,0.1,0.06,0.0,36,12
0.0305406997899134,-0.028309947850813,0.0224593012490782,1.787314215665207,62.242906988559255,-0.4347160249824005,0.3416191600192123,-1.1231879605567443,0.1685862605080421,-0.5124935302151761,-0.1098980931632798,False,1.6970562748477145,0.025,0.02,0.02,0.5,0.1,0.06,0.0,36,13
0.0305369293242136,-0.028649480015295,0.0267121069789948,1.80358430488529,60.87453938625747,-0.5645059005143591,0.3580134987090317,-1.50020671260296,0.3615892403610808,0.0123541456592332,-0.1431058880357978,False,1.6970562748477145,0.025,0.02,0.02,0.5,0.1,0.06,0.0,36,14
0.0301784467237736,-0.0286319622320692,0.0253168377029183,1.7791776154270569,63.76753003821985,-0.6027927551150487,0.4339791183743141,-1.2317199170006248,0.4687576716411591,-0.3719947062771065,-0.1320072854629539,False,1.6970562748477145,0.025,0.02,0.02,0.5,0.1,0.06,0.0,36,15
0.0304115842341484,-0.0283793888768444,0.0234077239996121,1.769839186993465,72.77378887290374,-0.5339840650101995,0.5111698892291514,-1.2318537411788086,0.3086491138938968,-0.3785187840266875,-0.1173265636384217,False,1.6970562748477145,0.025,0.02,0.02,0.5,0.1,0.06,0.0,36,16
0.0306065269139307,-0.0272086718506364,0.0224154442158416,1.922137561922444,59.03587598683004,-0.4908621511852482,0.4316851425736683,-1.152843613994207,0.3545067011299401,-0.2807973889982691,-0.1121863496703701,False,1.6970562748477145,0.025,0.02,0.02,0.5,0.1,0.06,0.0,36,17
0.0303790791320855,-0.0276141305041339,0.0218441116201142,1.808155239376298,66.46216932082996,-0.4819298286563914,0.5048508311780364,-1.0634381615076165,0.1698773618213774,-0.2140921247681936,-0.1066562350030677,False,1.6970562748477145,0.025,0.02,0.02,0.5,0.1,0.06,0.0,36,18
0.0299134596779998,-0.0282480002905718,0.0247186483524758,1.6112443147627598,71.63844324410661,-0.3886542570603575,0.53955877782658,-1.3000504310137744,0.4721133115976112,-0.4085849945979469,-0.1281591785417543,False,1.6970562748477145,0.025,0.02,0.02,0.5,0.1,0.06,0.0,36,19
0.0308383663592696,-0.0291479946110896,0.0226766199920736,1.8025943077372637,57.413084322751295,-0.6345892951874637,0.4146134885260787,-1.3351055000882648,0.5894571111650987,-0.2282148355094392,-0.1096074708884181,False,1.6970562748477145,0.025,0.02,0.02,0.5,0.1,0.06,0.0,36,20
0.0301782244371485,-0.0281247191218481,0.0228810787214601,1.7645146949015529,58.68262541785232,-0.3456474646531884,0.4275363287133361,-1.3681279824688612,0.3731506004535102,-0.3801477579107191,-0.1137386104130169,False,1.6970562748477145,0.025,0.02,0.02,0.5,0.1,0.06,0.0,36,21
0.0299176086345534,-0.0276964123229466,0.0223384330442213,1.660791345858205,60.48674912499376,-0.7098828498043888,0.4661405316228146,-1.194143394044764,0.4046805194092183,-0.3681514836409396,-0.1104410182606259,False,1.6970562748477145,0.025,0.02,0.02,0.5,0.1,0.06,0.0,36,22
0.0304644575575765,-0.0295634512444295,0.0260192727589811,1.912325966094432,56.26440530508975,-0.482792856634006,0.3815867902300507,-1.5348761090976242,0.4513370671856606,-0.5943000256902337,-0.1353740316317635,False,1.6970562748477145,0.025,0.02,0.02,0.5,0.1,0.06,0.0,36,23
0.0298971722737458,-0.0282841388650698,0.0259486268143184,1.6555331338313497,62.5871006969457,-0.2137119381990151,0.4733732931201426,-1.0869928524832777,0.2335462296119912,-0.5908707693072194,-0.137913250901955,False,1.6970562748477145,0.025,0.02,0.02,0.5,0.1,0.06,0.0,36,24
0.0297650079563478,-0.0274180638468364,0.0243472150860461,1.8509116786898137,58.10594208501139,-0.3309348805512348,0.495796679362817,-1.257063767136555,0.1919311968432435,-0.4372311460369021,-0.1271884669785808,False,1.6970562748477145,0.025,0.02,0.02,0.5,0.1,0.06,0.0,36,25
0.0307709102876746,-0.02751356808957,0.021142330430874,1.875517277586955,58.74558399615228,-0.7113466616014351,0.4529143256272325,-1.165132709318083,0.4414023288903321,-0.5094787015173864,-0.1012598254147637,False,1.6970562748477145,0.025,0.02,0.02,0.5,0.1,0.06,0.0,36,26
0.0298282354112329,-0.0273415464874694,0.0206986675941915,1.7388594598417164,68.67104082102801,-0.4627737273546549,0.6214928054987159,-1.0075698045198331,0.2614368757998307,-0.5980952088863329,-0.0981799350589318,False,1.6970562748477145,0.025,0.02,0.02,0.5,0.1,0.06,0.0,36,27
0.0301882022247922,-0.0280303911418183,0.0272244026771355,1.8732783497502072,63.894928483872825,-0.4959556376847522,0.5849903625495771,-1.4087844863272303,0.3721670451783052,-0.5755886054345036,-0.1487109905432327,False,1.6970562748477145,0.025,0.02,0.02,0.5,0.1,0.06,0.0,36,28
0.0304537191592194,-0.0276454548161798,0.0225439923361879,1.7390436594052263,60.34308883295704,-0.6843768175775551,0.5268690233000558,-1.2348489344566302,0.4667621002190257,-0.311302342164765,-0.1121756239811191,False,1.6970562748477145,0.025,0.02,0.02,0.5,0.1,0.06,0.0,36,29
0.0299007384837519,-0.0270442889143577,0.0248236513110716,1.8838399079711323,61.74720343030336,-0.4323197599300207,0.4738142467327104,-1.4099330080732866,0.6526342525948328,-0.5785325914703189,-0.1318888727850895,False,1.6970562748477145,0.025,0.02,0.02,0.5,0.1,0.06,0.0,36,30
0.0297713323719296,-0.0274402255757525,0.0210046156638848,1.7038979448158291,67.22691344505924,-0.397080373248285,0.6956534776136121,-0.9888352386861456,0.1757716251749451,-0.7059122559117892,-0.1003941039869573,False,1.6970562748477145,0.025,0.02,0.02,0.5,0.1,0.06,0.0,36,31
0.0303901620580231,-0.028736232854512,0.0243376984129595,1.8453546734588704,66.2363492428677,-0.4758819202372448,0.3602274887090335,-1.3640214062813056,0.565831195918673,-0.1838151774271949,-0.1239112187293659,False,1.6970562748477145,0.025,0.02,0.02,0.5,0.1,0.06,0.0,36,32
0.0299874562756452,-0.0268370443097543,0.0240705805008013,1.780920936341708,69.42624311051682,-0.522190199525157,0.5265624695821474,-1.1119651797734218,0.6380403303663846,-0.4156434384551801,-0.1263564902864614,False,1.6970562748477145,0.025,0.02,0.02,0.5,0.1,0.06,0.0,36,33
0.0305415359200566,-0.0286415509772003,0.0226729215992935,1.7493804554648564,62.43524465987895,-0.5193534724515559,0.4013455851702945,-0.94726609896824,0.6909346833996425,-0.0718895566080408,-0.1108111582938642,False,1.6970562748477145,0.025,0.02,0.02,0.5,0.1,0.06,0.0,36,34
0.0296325506492374,-0.0269098535555143,0.0244268385222018,1.7417986282832196,64.85820898500769,-0.3504014848741956,0.622416593580438,-1.3102231407510487,0.4125295293530964,-0.3492659350737877,-0.1290531066054263,False,1.6970562748477145,0.025,0.02,0.02,0.5,0.1,0.06,0.0,36,35
0.0289993415516174,-0.0270535127629714,0.0248564312989223,1.6374121567313251,76.90052370900926,-0.3603062526734751,0.4803146996573003,-1.13129706494109,-0.0088780035207617,-0.3777628788660137,-0.1321830592671499,False,1.6970562748477145,0.025,0.02,0.02,0.5,0.1,0.06,0.0,36,36
0.0296356954848547,-0.0275271193038184,0.0228723211491055,1.8825024316861616,60.9587478437766,-0.4350226789960488,0.4918876441245174,-1.1535132593812063,0.2738682533262085,-0.3386614521657518,-0.1151353411345891,False,1.6970562748477145,0.025,0.02,0.02,0.5,0.1,0.06,0.0,36,37
0.0301208147326865,-0.0277961223187668,0.022662455306151,1.8392901415673693,60.15645194048152,-0.4278946311205209,0.5656018094462274,-1.233592085711386,0.3076571932459283,-0.5048113183309604,-0.1127817000002072,False,1.6970562748477145,0.025,0.02,0.02,0.5,0.1,0.06,0.0,36,38
0.0301071752408034,-0.0273925696294097,0.023935427289142,1.810711906242458,68.86603434388823,-0.502062889680848,0.3473706429674651,-1.2386446077124866,0.19962004658409,-0.2658359066614889,-0.1239348206881046,False,1.6970562748477145,0.025,0.02,0.02,0.5,0.1,0.06,0.0,36,39
0.0302012204474432,-0.0277163708831493,0.0246400401976073,1.844152036966022,68.12413462666116,-0.5177966657161862,0.5084811467768146,-1.0117864555626004,0.6149784376055971,-0.5005850600657371,-0.1287889582344534,False,1.6970562748477145,0.025,0.02,0.02,0.5,0.1,0.06,0.0,36,40
0.0296762855838067,-0.027130978039108,0.0235379132783182,1.804720334395206,64.98063631808303,-0.5965161244602152,0.5668738613091744,-1.1382218458065982,0.3398735832864307,-0.3251787184049807,-0.1214083817976586,False,1.6970562748477145,0.025,0.02,0.02,0.5,0.1,0.06,0.0,36,41
0.0299181895411486,-0.0264998353078233,0.0232477054550493,1.7610557015243833,65.77047807716414,-0.6113760797014376,0.4314396217279919,-1.1489519886874848,0.6055013242574243,-0.1088325928025839,-0.1205869475291494,False,1.6970562748477145,0.025,0.02,0.02,0.5,0.1,0.06,0.0,36,42
0.0300858825319341,-0.0280054832004044,0.0222016515602426,1.8144654852447637,70.07792368846289,-0.7087742368975328,0.5679483935859722,-1.2017891215836185,0.4665949285243218,-0.6285452624749996,-0.1085948998490543,False,1.6970562748477145,0.025,0.02,0.02,0.5,0.1,0.06,0.0,36,43
0.0296401185522703,-0.0267711018642409,0.0228098837832396,1.7830499975879468,77.72041295562927,-0.5377926418237613,0.506686704173457,-1.1639174845132818,0.5670600694311433,-0.5272129979005779,-0.1164500186786029,False,1.6970562748477145,0.025,0.02,0.02,0.5,0.1,0.06,0.0,36,44
0.0301925453157717,-0.0278242455847632,0.0239293230538149,1.7495826439436537,68.70406331697619,-0.3261276515145179,0.5268120676124316,-1.2266005314923845,0.2052741619680215,-0.4161115824670596,-0.1228448423081414,False,1.6970562748477145,0.025,0.02,0.02,0.5,0.1,0.06,0.0,36,45
0.0297423771213582,-0.026617688011564,0.0237444996792768,1.7302820651019055,66.86731479474763,-0.5720730077824476,0.6634319645174079,-1.0979715947263684,0.5462910824619254,-0.4412527837200531,-0.1242890035791799,False,1.6970562748477145,0.025,0.02,0.02,0.5,0.1,0.06,0.0,36,46
0.0297871004104234,-0.0277072613803233,0.0243515905588953,1.7886935368164525,66.35617396394595,-0.5220497214745206,0.4061714049916,-1.2256993786790154,0.3828944066934966,-0.4103946770712579,-0.1265280711337616,False,1.6970562748477145,0.025,0.02,0.02,0.5,0.1,0.06,0.0,36,47
0.0306998724342876,-0.0272907742613316,0.0212903324799475,1.9691644445601195,52.313401211595504,-0.5387810510797619,0.4624738016248635,-1.0775178880908267,0.3765336252495287,-0.4949012593915572,-0.1029828092663273,False,1.6970562748477145,0.025,0.02,0.02,0.5,0.1,0.06,0.0,36,48
0.0303814095364509,-0.0271686108419906,0.0208161641829385,1.78347013096803,60.940982384912814,-0.6639486394872726,0.2687778581823639,-1.1573324146150117,0.4899286796678451,-0.1943084365456556,-0.0995017628705441,False,1.6970562748477145,0.025,0.02,0.02,0.5,0.1,0.06,0.0,36,49
0.0306930553662559,-0.0281459814370697,0.0229235401040404,1.703958621524417,54.80068351313405,-0.620127395037636,0.4519821196275714,-1.3116112590497724,0.3799438848205492,-0.4184645957555006,-0.1139963820613806,False,1.6970562748477145,0.025,0.02,0.02,0.5,0.1,0.06,0.0,36,50
0.0293305605883299,-0.0269759839274722,0.0244449409938597,1.818837696970358,73.2997927444723,-0.5758651636402409,0.427773914588962,-1.249588411817378,0.4561390113558568,-0.1737192831496795,-0.1290573328896451,False,1.6970562748477145,0.025,0.02,0.02,0.5,0.1,0.06,0.0,36,51
0.0307506872464563,-0.0280852830906312,0.0235411953776547,1.952634083604714,63.934877015552246,-0.5001493799991881,0.4227517738815926,-1.0752311445173113,0.1087295787817111,-0.3133774284210593,-0.1190798423689355,False,1.6970562748477145,0.025,0.02,0.02,0.5,0.1,0.06,0.0,36,52
0.030813961465128,-0.0289532555972971,0.0202349550559456,1.8354343649598523,63.44169866989204,-0.5377535150960985,0.6400625744838616,-1.190256016938836,0.2554399748326963,-0.40125228430523,-0.0905429893261448,False,1.6970562748477145,0.025,0.02,0.02,0.5,0.1,0.06,0.0,36,53
0.030762061751242,-0.028318825281305,0.0220569243229825,1.794928285212858,62.49271162845626,-0.6218162735786956,0.4654150726698304,-1.1406837687169704,0.4492186377825775,-0.3315215549745768,-0.1066444902036542,False,1.6970562748477145,0.025,0.02,0.02,0.5,0.1,0.06,0.0,36,54
0.0299920189286271,-0.0275611264023736,0.0249216271903519,1.8242933781924164,70.30811866605569,-0.4386891112353195,0.5208442204695225,-1.318142088357814,0.0744461295641891,-0.508084279651127,-0.1314267930214014,False,1.6970562748477145,0.025,0.02,0.02,0.5,0.1,0.06,0.0,36,55
0.0306920504135886,-0.0290256883905487,0.0215098366976014,1.688210362314418,62.77105246726668,-0.3763952135416153,0.5976132602538318,-1.1164842776812656,0.3973064987403107,-0.3410823903753588,-0.1005755184186794,False,1.6970562748477145,0.025,0.02,0.02,0.5,0.1,0.06,0.0,36,56
0.0301042057281923,-0.0279859460342498,0.0230972416813673,1.8235510266419852,66.07627053282327,-0.540354021114823,0.465362587493967,-1.127458680992461,0.5782484061145967,-0.1460568180628471,-0.1158054106250474,False,1.6970562748477145,0.025,0.02,0.02,0.5,0.1,0.06,0.0,36,57
0.0303493022714517,-0.0283256162501988,0.023815906151775,1.877184445647659,60.34599813067784,-0.4200754252952542,0.3918811907566644,-1.3975570886415576,0.3564073927427003,-0.3265742039383515,-0.1207248120774358,False,1.6970562748477145,0.025,0.02,0.02,0.5,0.1,0.06,0.0,36,58
0.0304834154680177,-0.0274699686033312,0.0234245580471532,1.8413908646572168,63.49114534328914,-0.4287804922706468,0.6482784505824557,-1.3931445230120525,0.3005341375619634,-0.2537377302334892,-0.1196395348011496,False,1.6970562748477145,0.025,0.02,0.02,0.5,0.1,0.06,0.0,36,59
0.0300546111006497,-0.0275579632098628,0.0224630779961219,1.7915788528840668,74.21630496576026,-0.4245919110838961,0.5012246678895357,-1.2714417938641709,0.2652768646043017,-0.4930837673264689,-0.1117622355992662,False,1.6970562748477145,0.025,0.02,0.02,0.5,0.1,0.06,0.0,36,60
0.0307591926492771,-0.027597406408627,0.0239809740565284,1.8748320358568076,55.52500560061824,-0.5777476243376225,0.2703549691072869,-1.1970822388910043,0.5299935736756037,-0.3120872726379445,-0.1237684655125658,False,1.6970562748477145,0.025,0.02,0.02,0.5,0.1,0.06,0.0,36,61
0.0301110259129339,-0.0270205310066393,0.0203958490929933,1.724704545722949,64.68369655168375,-0.3485977868877873,0.5553913144869448,-1.094217412214364,0.3783153193384443,-0.4012305620942863,-0.0965108567732365,False,1.6970562748477145,0.025,0.02,0.02,0.5,0.1,0.06,0.0,36,62
0.0305795350534443,-0.0282703720415108,0.0227545609413256,1.9009888696557955,54.92726397426536,-0.6032575621186161,0.3216407563320214,-1.100875897895955,0.724585944013797,-0.3356846659648269,-0.1123528225277724,False,1.6970562748477145,0.025,0.02,0.02,0.5,0.1,0.06,0.0,36,63
0.0298170520075263,-0.0271096115394753,0.0234317041981263,1.612523533611564,77.72384856890592,-0.6537824580604514,0.4665109522018884,-1.0807174277934286,0.3985655882122708,-0.2234013219513113,-0.120601542769818,False,1.6970562748477145,0.025,0.02,0.02,0.5,0.1,0.06,0.0,36,64
0.0301485932632005,-0.0274782352558812,0.0206505563916644,1.8996641656881232,53.55733206567112,-0.4892282297995277,0.4622132530129768,-1.0169245591100466,0.4413353601582377,-0.2520712533363683,-0.0974477709234086,False,1.6970562748477145,0.025,0.02,0.02,0.5,0.1,0.06,0.0,36,65
0.0301520166327743,-0.0280231403777006,0.0234939123617908,1.7404676413152569,63.944037172993205,-0.4363909049292246,0.617622362639563,-1.0090620844455316,0.3981293493057254,-0.2929761454001244,-0.1188866409898783,False,1.6970562748477145,0.025,0.02,0.02,0.5,0.1,0.06,0.0,36,66
0.0295716291759,-0.0278104761873531,0.0260558198443336,1.8400946080686376,71.2994026503662,-0.4179674336200551,0.4238526598054182,-1.1346195899668126,0.4965032386702498,-0.5138717223447238,-0.1399271181544678,False,1.6970562748477145,0.025,0.02,0.02,0.5,0.1,0.06,0.0,36,67
0.029955465003812,-0.0277208039167756,0.0223513985480457,1.7043602286485078,67.33258107658925,-0.5829483985517787,0.5110816518341339,-1.1431495883699785,0.1472577276265064,-0.5948432152261703,-0.1104839310838761,False,1.6970562748477145,0.025,0.02,0.02,0.5,0.1,0.06,0.0,36,68
0.0299475155422306,-0.0291763016796604,0.0265459291445641,1.7438227969699929,58.64354764332225,-0.5001354569114448,0.5335212525807227,-1.2162000719014847,0.63782636947664,-0.4023809316147598,-0.1405474581927944,False,1.6970562748477145,0.025,0.02,0.02,0.5,0.1,0.06,0.0,36,69
0.0303416450453102,-0.0288104367987171,0.0233630028651342,1.6801662268467106,55.47505576487466,-0.5720679659451823,0.5713206529855496,-1.23643273211809,0.3940097451378627,-0.4948591819397133,-0.1159384759014344,False,1.6970562748477145,0.025,0.02,0.02,0.5,0.1,0.06,0.0,36,70
0.030245318314874,-0.0277194812098282,0.0221589462523572,1.9121982305461431,60.51551829293909,-0.5229210937144542,0.4056033054822273,-1.0533148619862904,0.2235775513397608,-0.4339728305480683,-0.108930096016378,False,1.6970562748477145,0.025,0.02,0.02,0.5,0.1,0.06,0.0,36,71
0.0304442881184465,-0.0264565221438175,0.0220546763505001,1.5882679115229803,60.30196744235318,-0.537667408957414,0.7981320975486367,-0.9876242287320628,0.6162408855874266,-0.7241176625042878,-0.1111151003717327,False,1.6970562748477145,0.025,0.02,0.02,0.5,0.1,0.06,0.0,36,72
0.0298555598842885,-0.0272188339098426,0.0247185554431616,1.8792409733885291,70.69306723248688,-0.3496952264997936,0.5339653223284547,-1.3060957408008829,0.2367929469978741,-0.3426645316621738,-0.1306319085686136,False,1.6970562748477145,0.025,0.02,0.02,0.5,0.1,0.06,0.0,36,73
0.0308072311244585,-0.0276972328307178,0.0211410253566161,1.8460024990076096,61.05466945423051,-0.5340434798802945,0.5810151740069184,-1.2823926759113105,0.6694395243419942,-0.7926995453892509,-0.1008064101917385,False,1.6970562748477145,0.025,0.02,0.02,0.5,0.1,0.06,0.0,36,74
0.0304583113365147,-0.0283345892598031,0.0239015314098416,1.829669248894958,65.27144193307186,-0.5741051140676495,0.4302294426111062,-1.2382522630519133,0.4641658127991714,-0.4434901178646036,-0.1213817383750148,False,1.6970562748477145,0.025,0.02,0.02,0.5,0.1,0.06,0.0,36,75
0.0303433649645819,-0.0267772513047089,0.0211902120779218,1.8544039461141528,71.10599574275842,-0.5248385066048107,0.5474080109745459,-1.1190701252749808,0.2874942689408414,-0.3803795839637761,-0.1034356915941981,False,1.6970562748477145,0.025,0.02,0.02,0.5,0.1,0.06,0.0,36,76
0.0300809875461259,-0.0275440219339641,0.0244011837079471,1.751476987428877,62.49220214668876,-0.4652468243982528,0.4059485546343682,-1.1311686307576398,0.5003118621402212,-0.5223029257787816,-0.1272989577692955,False,1.6970562748477145,0.025,0.02,0.02,0.5,0.1,0.06,0.0,36,77
0.029767577001111,-0.0271835457465182,0.0232580820289302,1.7123200048876832,65.56708576685661,-0.5041681435868725,0.4561226175480581,-1.319705241110961,0.246236190493056,-0.3316561320590396,-0.1190380918197318,False,1.6970562748477145,0.025,0.02,0.02,0.5,0.1,0.06,0.0,36,78
0.0303093038608911,-0.0285093212440851,0.0244290740836819,1.7852181968051877,69.99044376035812,-0.5106455009560489,0.4328070009321956,-1.3638536299341222,0.3585628950558415,-0.4256420107449206,-0.1251916634519977,False,1.6970562748477145,0.025,0.02,0.02,0.5,0.1,0.06,0.0,36,79
0.0308168816179359,-0.0279025236126469,0.0196165992901378,2.018163627066402,68.20932581488123,-0.5185721054963414,0.541876238628622,-1.0583511064071194,0.2328660904666682,-0.4518992664319391,-0.088117724753674,False,1.6970562748477145,0.025,0.02,0.02,0.5,0.1,0.06,0.0,36,80
0.0301419571463654,-0.0289820626652914,0.023503545191965,1.7971960560964455,64.76868988499062,-0.544181841333467,0.5817920457513592,-1.2362017760663755,0.3968130595676465,-0.5221129407790984,-0.1166628937102392,False,1.6970562748477145,0.025,0.02,0.02,0.5,0.1,0.06,0.0,36,81
0.0302135361097969,-0.0281905287081384,0.0228312458978818,1.8491543540930275,55.09397969029983,-0.583181653750804,0.5361248587485727,-1.219989171326083,0.0008131823919441,-0.5926384323208123,-0.1131798861169348,False,1.6970562748477145,0.025,0.02,0.02,0.5,0.1,0.06,0.0,36,82
0.0298391598648031,-0.0271209973486213,0.0234567263934402,1.761209967380737,72.67043343579833,-0.5264510899259718,0.5651134369672743,-1.1552587150511875,0.6115950473577975,-0.3317698104670957,-0.1207730679189428,False,1.6970562748477145,0.025,0.02,0.02,0.5,0.1,0.06,0.0,36,83
0.0302189307157637,-0.027669747199355,0.0238477589144126,1.804734674193469,68.33820800129381,-0.4580449219382202,0.5518604178537057,-1.1420548009955709,0.1894659846695973,-0.5177292779053613,-0.1225615421939037,False,1.6970562748477145,0.025,0.02,0.02,0.5,0.1,0.06,0.0,36,84
0.0300300252953333,-0.0271233143228605,0.0256337267533782,1.5587030066059473,60.67689616853422,-0.4736554322147873,0.5067824996354399,-0.981604846296902,0.2482943563791239,-0.3510565344627889,-0.1381720581344403,False,1.6970562748477145,0.025,0.02,0.02,0.5,0.1,0.06,0.0,36,85
0.030256303866729,-0.027132765650819,0.022179259204333,1.848297600176236,64.96155533876403,-0.5831718047854472,0.5734391624951546,-1.3464679483709423,0.3877112901821882,-0.4585717530794873,-0.1105000578406947,False,1.6970562748477145,0.025,0.02,0.02,0.5,0.1,0.06,0.0,36,86
0.0299735842781798,-0.02730007128633,0.0233899250011078,1.8532804919138703,71.34532427718507,-0.554395177387794,0.4498987009297263,-1.3279824839877177,0.2766232665263948,-0.3546289043445584,-0.1198008138649795,False,1.6970562748477145,0.025,0.02,0.02,0.5,0.1,0.06,0.0,36,87
0.0302198381095363,-0.0282294783953623,0.0240993862194261,1.754944280392145,55.08534796400015,-0.5850680105870846,0.4581862037676725,-1.1871242196302556,0.4238644745589151,-0.2243631097487116,-0.1232311513199677,False,1.6970562748477145,0.025,0.02,0.02,0.5,0.1,0.06,0.0,36,88
0.0305451715522598,-0.0284949771148926,0.0255087129069475,1.8348121997287643,63.68223989593427,-0.4044512009144489,0.4498294899640522,-1.5672764443738538,0.5996297011690839,-0.0298039214825532,-0.1338490478867022,False,1.6970562748477145,0.025,0.02,0.02,0.5,0.1,0.06,0.0,36,89
0.0296015643455512,-0.0269590450431288,0.0229655679203739,1.7156992906402186,65.73913514961724,-0.5599204599251926,0.4943631151311673,-1.120695058385889,0.1200652060869287,-0.496715262337018,-0.1172467413987493,False,1.6970562748477145,0.025,0.02,0.02,0.5,0.1,0.06,0.0,36,90
0.0298306335922264,-0.028122965638551,0.0232023306281355,1.69817329894854,72.1449291861329,-0.4797911717897313,0.503321535425828,-0.8920683851346819,0.5885879718286238,-0.3648475267672426,-0.1163336894770286,False,1.6970562748477145,0.025,0.02,0.02,0.5,0.1,0.06,0.0,36,91
0.0294925767750906,-0.0274450348933955,0.0243430709684201,1.7924426257633552,69.80106619374313,-0.6341179525352776,0.3250776286637127,-1.138866087302904,0.7990905974837846,-0.3489602404546094,-0.1271069293967065,False,1.6970562748477145,0.025,0.02,0.02,0.5,0.1,0.06,0.0,36,92
0.0299258606552218,-0.0280902161406084,0.0251629038963903,1.8030625879305069,65.47986937943271,-0.3298955865496903,0.3803806529682171,-1.1754005891744137,0.130024342457348,-0.3958106917309996,-0.1320911607943491,False,1.6970562748477145,0.025,0.02,0.02,0.5,0.1,0.06,0.0,36,93
0.030699688968605,-0.0279126701157783,0.0238302699386008,1.7977182150482065,53.07034879414109,-0.544121616506613,0.3453187589615147,-1.1512158432844133,0.5223841930905827,-0.1855295202631989,-0.1218097698928223,False,1.6970562748477145,0.025,0.02,0.02,0.5,0.1,0.06,0.0,36,94
0.0295334033511907,-0.0276424715262657,0.0226146798800526,1.7487259156786177,58.30458597839073,-0.4590218865504478,0.6426799074897805,-1.408790223365418,0.4219215433402218,-0.4659408453322081,-0.1128035031763122,False,1.6970562748477145,0.025,0.02,0.02,0.5,0.1,0.06,0.0,36,95
0.0304164632306055,-0.0288991434244126,0.0246981523208927,1.7367059176589714,61.17071492912012,-0.6385684046728252,0.5105304050290931,-1.1807011069666722,0.4224030548932448,-0.446833521874166,-0.1264022865547157,False,1.6970562748477145,0.025,0.02,0.02,0.5,0.1,0.06,0.0,36,96
0.0298413592846417,-0.0284905214653103,0.0244484633768414,1.7319258544680944,65.97199535489378,-0.5023985543808664,0.6641384051158259,-1.178614728788949,0.4538303292299728,-0.6725367313836333,-0.1254199739409081,False,1.6970562748477145,0.025,0.02,0.02,0.5,0.1,0.06,0.0,36,97
0.0300832926443647,-0.027485640773589,0.023514428364314,1.698067844116754,66.54580512752854,-0.6055077595610259,0.5239546788445284,-1.2589937033113274,0.3575713062967055,-0.4067411898629794,-0.1203448914992367,False,1.6970562748477145,0.025,0.02,0.02,0.5,0.1,0.06,0.0,36,98
0.0299853961048429,-0.0277402722620577,0.0247066852477654,1.595473341242474,72.8706393858207,-0.3600500499788383,0.5654678138306779,-1.11214863973156,0.4480590682514048,-0.597990819289255,-0.1292777047868942,False,1.6970562748477145,0.025,0.02,0.02,0.5,0.1,0.06,0.0,36,99
0.733612609724454,-0.4060108082081475,0.1936423976933157,9.272736130585336,-12.010565025076604,-4.001562194673534,4.803697111429703,0.1806375530990669,-0.5337047369786987,-2.363703349390573,-0.5306964852635052,False,1.6970562748477145,0.025,0.02,0.02,0.5,0.1,0.06,0.0,40,0
0.7355172099011266,-0.4093775941387282,0.1902782327066224,9.712681969547251,-15.402880666412528,-4.709296973048259,3.849171979170261,0.2970730156089145,1.29002017404252,1.045486639302816,-0.4955886031259642,False,1.6970562748477145,0.025,0.02,0.02,0.5,0.1,0.06,0.0,40,1
0.7281240938819115,-0.4102783900733361,0.189469838277506,9.467499018551004,122.33901852519604,-5.491494933478851,4.621693988800593,0.5843926791615686,2.7950110834164645,1.327357449329825,-0.4874031244111274,False,1.6970562748477145,0.025,0.02,0.02,0.5,0.1,0.06,0.0,40,2
0.7330604579106108,-0.4087826033052014,0.16617337854236,10.309564278073942,2.375502873772758,-4.128875257948543,6.3296312321450845,-0.5151850626803606,0.5626240934088775,-1.3246839708632754,-0.3043251529317605,False,1.6970562748477145,0.025,0.02,0.02,0.5,0.1,0.06,0.0,40,3
0.7330727129730489,-0.4037750329751809,0.1683187516566939,10.386746251204348,57.44867736254464,-4.8898143620493695,5.256410238506547,-0.4510721675640012,0.8658275939620075,-0.034750513727201,-0.3335055713347348,False,1.6970562748477145,0.025,0.02,0.02,0.5,0.1,0.06,0.0,40,4
0.7284098396728865,-0.4016588627223935,0.1940174441005648,9.309090804794296,19.33295066327793,-6.115080013567399,4.832085366270521,-1.0720357776215046,2.4749007669651277,-0.8015562729083037,-0.544453691890401,False,1.6970562748477145,0.025,0.02,0.02,0.5,0.1,0.06,0.0,40,5
0.737528865078415,-0.4116194270987722,0.182472231210305,10.676181732957565,1.7875080505432663,-5.009022037831519,4.21434896659234,-0.5939812639274,-0.2617637806015249,0.686334215171545,-0.4276394927406823,False,1.6970562748477145,0.025,0.02,0.02,0.5,0.1,0.06,0.0,40,6
0.7399769283027848,-0.4087648904797715,0.1705328994803687,10.114198177564322,-2.780373937023466,-4.854878521342142,4.44795112093005,-0.4963556740034185,1.284654220149061,-0.4888827293109381,-0.3388288429933315,False,1.6970562748477145,0.025,0.02,0.02,0.5,0.1,0.06,0.0,40,7
0.7279146864947709,-0.408580193354973,0.1877338699308111,9.132279420428446,56.40383608105744,-6.825313792163367,3.7071954630717223,1.7260566594969144,1.4131017702243585,0.7362152279206047,-0.4776036142048676,False,1.6970562748477145,0.025,0.02,0.02,0.5,0.1,0.06,0.0,40,8
0.737009639228264,-0.4131052022631032,0.1787751896009233,9.94967872814563,-14.505328156383648,-4.428047136021259,5.134392159593565,-0.2225855788755233,2.085382517391241,-0.2286316784429991,-0.3945284530222432,False,1.6970562748477145,0.025,0.02,0.02,0.5,0.1,0.06,0.0,40,9
0.735082766783712,-0.4098120499362805,0.1705778622610782,10.877312232506169,-12.107647256692276,-5.12314701341146,5.548065304545097,-0.6172830580985817,1.3457189480284983,-2.0670146125413917,-0.3369690122345299,False,1.6970562748477145,0.025,0.02,0.02,0.5,0.1,0.06,0.0,40,10
0.7350619889797881,-0.4133867575221024,0.1847374807886201,10.06025187262888,60.64588969288008,-4.098025187219585,5.4814081614574,-0.3010660923182524,-0.1486762379659043,-1.0874408467832557,-0.4416679089171278,False,1.6970562748477145,0.025,0.02,0.02,0.5,0.1,0.06,0.0,40,11
0.7302309287577353,-0.4077917566085055,0.1834434357020799,9.891467951367776,67.50607112585237,-5.129789185219488,4.930176676843675,-0.5827946535434912,-1.804660275781024,-0.9852272851765524,-0.4450334140307623,False,1.6970562748477145,0.025,0.02,0.02,0.5,0.1,0.06,0.0,40,12
0.7313977874661918,-0.4042223087336211,0.1894536497849931,10.090652415763891,37.2848991815542,-3.6081442902732217,4.909360487387479,-0.7048769207983338,2.9802861034228743,-0.2759107298633307,-0.5016117900712831,False,1.6970562748477145,0.025,0.02,0.02,0.5,0.1,0.06,0.0,40,13
0.7282507576510143,-0.407508931753556,0.1962719404790635,10.46565422114168,48.65568289662218,-4.593236258901765,4.38092215856528,-0.1379314235323627,1.259337276273022,-0.543089193999464,-0.5484590421649138,False,1.6970562748477145,0.025,0.02,0.02,0.5,0.1,0.06,0.0,40,14
0.7357068374777714,-0.4146236757586475,0.1957260181268944,10.569911000894892,-26.970612668973708,-5.173156865452076,4.903381679178463,0.0611595136819242,1.9711616525609097,-1.8023777100736031,-0.5265689129457354,False,1.6970562748477145,0.025,0.02,0.02,0.5,0.1,0.06,0.0,40,15
0.7355314637856085,-0.4159306927508302,0.1871474713248448,9.498681252103182,-18.802255122351774,-4.823103852939669,4.311137839040104,-0.6515231990875028,0.6074611651940718,0.9228113608262531,-0.4548142201696299,False,1.6970562748477145,0.025,0.02,0.02,0.5,0.1,0.06,0.0,40,16
0.7351131190047243,-0.4123060402033291,0.1965418640883676,9.176436923272783,-3.8261977711869655,-5.199112137697975,5.190071733917533,-0.4349363518382146,1.4349808079445288,-1.6174161417047113,-0.5386936290786681,False,1.6970562748477145,0.025,0.02,0.02,0.5,0.1,0.06,0.0,40,17
0.7351368071393957,-0.4049921161504868,0.1879807748806322,9.708463456015938,30.791094272081956,-3.3778575889485114,5.26990583445561,0.2618773720493699,0.4243034071395239,0.4979029291790997,-0.487756911855526,False,1.6970562748477145,0.025,0.02,0.02,0.5,0.1,0.06,0.0,40,18
0.7398864125528032,-0.4161303999727191,0.1844114043619263,8.629834077302853,36.61908782388646,-6.797094694835942,4.743579905175197,0.0277031121683901,2.8441325552289376,-0.4759588650394075,-0.4321850902077171,False,1.6970562748477145,0.025,0.02,0.02,0.5,0.1,0.06,0.0,40,19
0.735880420865456,-0.4098653815111598,0.1788194702741543,10.45581800965541,-60.72821573725131,-4.947166154501852,4.557346242937223,-0.9036036276862502,1.0191512685443014,-1.6986224468819042,-0.4027260213145243,False,1.6970562748477145,0.025,0.02,0.02,0.5,0.1,0.06,0.0,40,20
0.7326485529048719,-0.4124591515473467,0.1977841799619119,9.6278254096597,-20.715693080809267,-3.81848942325574,3.939023115422874,0.281988659184526,0.0093094720832755,-0.4289983257185652,-0.5484125628073713,False,1.6970562748477145,0.025,0.02,0.02,0.5,0.1,0.06,0.0,40,21
0.7304325727203261,-0.4047548356874229,0.19578580820774,10.423392794269622,32.67907877745587,-3.960027042323098,3.720926174663765,-1.280914142743787,-0.7676494316080977,-1.293437978807291,-0.5510489056488863,False,1.6970562748477145,0.025,0.02,0.02,0.5,0.1,0.06,0.0,40,22
0.7362516467580096,-0.4086686398663589,0.1711824084175109,10.375388213926785,18.613862286747292,-5.72005665407498,5.209183382527108,-0.065060641241512,2.516533466888173,-1.2362308815976506,-0.3444794328553455,False,1.6970562748477145,0.025,0.02,0.02,0.5,0.1,0.06,0.0,40,23
0.7341584451789102,-0.40115271370439,0.1856521431825918,11.47629984424396,29.13545207541329,-4.529876035591633,3.923042074181528,-1.1629908733098089,-0.2086373743999492,-0.9293191200128944,-0.4784011258594642,False,1.6970562748477145,0.025,0.02,0.02,0.5,0.1,0.06,0.0,40,24
0.737053531122332,-0.3982275671179034,0.1691736198465949,9.756516528667218,6.950222954779852,-3.015228803544661,3.4372648534675947,-0.8138927457287148,-0.7938094800941715,0.881292147280039,-0.3534195858224518,False,1.6970562748477145,0.025,0.02,0.02,0.5,0.1,0.06,0.0,40,25
0.7348795241383854,-0.4145975848920946,0.2037449807865506,10.54720902110568,65.47905970527759,-4.1779714320367525,5.270303518854673,-0.9253404135969128,-0.0031417024982607,-1.3637216163836368,-0.5908328711030753,False,1.6970562748477145,0.025,0.02,0.02,0.5,0.1,0.06,0.0,40,26
0.735945105002286,-0.4064940764776605,0.170246968061683,10.54986816925424,12.443051482926704,-4.0873138366358575,4.956720755913052,-1.6588037910808016,-0.0812721278260624,-1.1340824372900171,-0.342233254646942,False,1.6970562748477145,0.025,0.02,0.02,0.5,0.1,0.06,0.0,40,27
0.7364340018947373,-0.4065825902360413,0.1959044178812218,9.07229895856862,28.725075103232705,-3.669548226916453,4.675920888013723,0.1696604748153141,0.1085830778712537,-0.1768216343971991,-0.5472510863695916,False,1.6970562748477145,0.025,0.02,0.02,0.5,0.1,0.06,0.0,40,28
0.7407691602804395,-0.4137908616388898,0.1732894008589997,9.725667619259983,-28.097439266069863,-4.74185372871605,4.401724903224997,0.4867313728090485,1.343044852486962,-3.038750242079593,-0.3487709893218365,False,1.6970562748477145,0.025,0.02,0.02,0.5,0.1,0.06,0.0,40,29
0.7324744168369105,-0.408355856246147,0.2071063936409179,10.039120610790306,42.676949588736775,-5.298222977809125,4.27283419740008,-1.533714450547776,0.5369695919222899,-0.3054261410472572,-0.6328486291263762,False,1.6970562748477145,0.025,0.02,0.02,0.5,0.1,0.06,0.0,40,30
0.7348483746610966,-0.4028108649487499,0.1741790448565747,9.775914010598388,60.41790865599157,-5.661252743525383,4.644851244898273,0.2058172515058993,2.796739218272294,-1.9688230935747355,-0.3825953804959328,False,1.6970562748477145,0.025,0.02,0.02,0.5,0.1,0.06,0.0,40,31
0.7284974003575404,-0.4029871713020738,0.1921210953497758,9.578542916611278,71.91325256572262,-5.303300477593915,5.877843001352186,0.3226233218988426,0.4993806435795465,-1.140110444101022,-0.5260897076517776,False,1.6970562748477145,0.025,0.02,0.02,0.5,0.1,0.06,0.0,40,32
0.7341747526361089,-0.4098306314396618,0.18401100980341,9.645963937246012,-47.46236827598074,-3.9098664505263705,5.093390816631564,0.4774941344355798,0.7652284717947264,-1.5933338729083486,-0.4444440778139256,False,1.6970562748477145,0.025,0.02,0.02,0.5,0.1,0.06,0.0,40,33
0.7380078944105141,-0.4115763346685606,0.191142435668896,9.233077437173334,18.78963071690796,-4.722770780583511,4.7892690186565705,0.5604596321046849,0.2990630178889648,-2.053813668345177,-0.4970758084819922,False,1.6970562748477145,0.025,0.02,0.02,0.5,0.1,0.06,0.0,40,34
0.7358036318249602,-0.4060639795555265,0.1851213630207604,11.0703047487876,-24.075514505799887,-4.758200205700991,4.192421264167538,-0.1404342435716739,0.5278934800776289,1.030441634073338,-0.4622691353233223,False,1.6970562748477145,0.025,0.02,0.02,0.5,0.1,0.06,0.0,40,35
0.739939204830509,-0.4097049465644384,0.162925331975873,10.23655439559911,-64.58683638976214,-5.201091795676162,5.94729598678376,-0.2758550604676384,-0.2938535021957813,-0.2674482242764129,-0.2757144317625017,False,1.6970562748477145,0.025,0.02,0.02,0.5,0.1,0.06,0.0,40,36
0.7321011065401293,-0.4082864991215391,0.1897631322308404,10.491463185371588,67.26948525996357,-4.394412559771586,4.578892625587187,-1.146471700481753,-0.901323217971754,0.5863713807612507,-0.4942913935626223,False,1.6970562748477145,0.025,0.02,0.02,0.5,0.1,0.06,0.0,40,37
0.7358894981379823,-0.4099628831927588,0.1990242592910651,10.330248939327898,23.88394828389588,-5.5592628719241794,6.139185045710677,0.0814216019674425,1.932505016743589,-0.1323389773417056,-0.5641297847776219,False,1.6970562748477145,0.025,0.02,0.02,0.5,0.1,0.06,0.0,40,38
0.7318627041060787,-0.4053918852299807,0.1790553624667971,10.485466731508868,-52.8704722673368,-4.823423156920401,4.249174820999114,-1.1254215147631357,1.2977071452055602,-0.5059290472095093,-0.4155906129360593,False,1.6970562748477145,0.025,0.02,0.02,0.5,0.1,0.06,0.0,40,39
0.7318620487928035,-0.4134451807354591,0.2056275100209672,9.586546352222856,7.059068481200644,-5.877852265001696,5.572525668162368,1.7448722604065063,1.150480283858599,0.0741585172202357,-0.6088399234750679,False,1.6970562748477145,0.025,0.02,0.02,0.5,0.1,0.06,0.0,40,40
0.7365296130203286,-0.4048360839540151,0.1839821364284535,11.014910567251407,-8.691109563444215,-4.993611241075842,3.949848820750789,-0.1388844843515937,1.438668706443975,0.3705551697247427,-0.4560587131567724,False,1.6970562748477145,0.025,0.02,0.02,0.5,0.1,0.06,0.0,40,41
0.7323100715808036,-0.4086451043122214,0.193308233883789,10.068458808671185,9.474652022316778,-3.877636206557932,4.276044051652752,1.1482597780882748,1.8297649901396436,-0.4917884097824541,-0.5217790164261331,False,1.6970562748477145,0.025,0.02,0.02,0.5,0.1,0.06,0.0,40,42
0.7372805375550455,-0.4074523733726743,0.1735093520908634,10.626285378459029,-36.72617881997982,-6.029923522968515,5.093321979354123,1.3313836779851458,3.4870597090929194,-0.5891163005993398,-0.3659522883791868,False,1.6970562748477145,0.025,0.02,0.02,0.5,0.1,0.06,0.0,40,43
0.7362829699296367,-0.4092015508624234,0.1850469821031488,9.681743581267767,50.14966329629638,-4.813428597048346,4.631902947943105,-0.0061598163994647,0.8073768291929182,-0.9291708914804968,-0.4541151565595969,False,1.6970562748477145,0.025,0.02,0.02,0.5,0.1,0.06,0.0,40,44
0.7358277003557427,-0.4060145596401912,0.1787781419935704,9.210227873817026,8.07087818050246,-6.11573818543902,3.8065832094078913,-0.7419490519342737,2.1640824384350523,-0.2451682929470129,-0.4116405307907604,False,1.6970562748477145,0.025,0.02,0.02,0.5,0.1,0.06,0.0,40,45
0.7399503910259538,-0.4166929763634105,0.1892363853283104,11.06917204562129,-4.649304912594783,-3.951218524765173,5.075436974025523,-1.344690775771643,1.177631305677416,-1.648215408589282,-0.4694309158927416,False,1.6970562748477145,0.025,0.02,0.02,0.5,0.1,0.06,0.0,40,46
0.7367537602599702,-0.4111172187313095,0.1801928385145942,10.229572025050151,-27.675501842347472,-4.933317933428426,3.1939944944105862,-0.480956641242837,1.1244626551484906,-1.2023669134490202,-0.4106561575460128,False,1.6970562748477145,0.025,0.02,0.02,0.5,0.1,0.06,0.0,40,47
0.7368926661819,-0.4098591472081546,0.1957917776315127,9.587465335124822,32.37666026780859,-4.971897652311996,6.257229813744148,-1.3462111297813255,-0.075491931154735,-0.5417407355567452,-0.5384587077816172,False,1.6970562748477145,0.025,0.02,0.02,0.5,0.1,0.06,0.0,40,48
0.7355592305893831,-0.4107861546732068,0.1751795313041203,10.125644911509768,-11.195944014927704,-5.357364400774351,3.8657394137679546,-1.373771287863902,1.086395825011944,0.4689756016570139,-0.3714159253819034,False,1.6970562748477145,0.025,0.02,0.02,0.5,0.1,0.06,0.0,40,49
0.7326362560827038,-0.4082078374311755,0.2052926196198275,10.622386105694329,-35.615494091278585,-5.923553818064565,3.562683037448065,0.7147389111347111,1.247615040596389,-0.8624217219251658,-0.618683971758837,False,1.6970562748477145,0.025,0.02,0.02,0.5,0.1,0.06,0.0,40,50
0.7301076484934931,-0.4022916059390497,0.179166784016338,9.25902098283458,22.9136010420253,-5.1735908071458985,3.494920010447207,1.02440759478968,1.4861611139978244,1.5238287517421445,-0.4240279589673754,False,1.6970562748477145,0.025,0.02,0.02,0.5,0.1,0.06,0.0,40,51
0.7298573645460681,-0.40866373942196,0.192936052173272,9.793526120396129,27.84737534712196,-5.568511656534185,4.9849740964150975,-1.486193448295822,1.5231651037720977,-0.7255234737368235,-0.5189040009007082,False,1.6970562748477145,0.025,0.02,0.02,0.5,0.1,0.06,0.0,40,52
0.7335319007521304,-0.4055295838868728,0.1599190497559705,10.154920135521351,31.450237042751887,-4.331186347489163,5.801368695360671,-0.2625590863603404,0.9367008368968252,-1.0911011489037084,-0.2620694826741419,False,1.6970562748477145,0.025,0.02,0.02,0.5,0.1,0.06,0.0,40,53
0.735876473115458,-0.4049095935870875,0.1749598336559192,10.895165185325345,-45.510835855166334,-5.804649526734394,4.968012798139228,-0.1298567976951801,1.9351842016545104,-0.2296445712519284,-0.3837430562514163,False,1.6970562748477145,0.025,0.02,0.02,0.5,0.1,0.06,0.0,40,54
0.7344522868965924,-0.4110691478371494,0.1796060017385969,10.624478558882084,-8.224118029254111,-3.68592006828456,3.892024243532797,-0.5642377443686033,0.9398475234682448,-2.162544569342141,-0.406214921885822,False,1.6970562748477145,0.025,0.02,0.02,0.5,0.1,0.06,0.0,40,55
0.737252864048524,-0.4112067342917009,0.1866509124593036,10.587709817564686,1.259011250779988,-4.363409852342158,4.521880022302484,-0.6150560425920204,0.7525668536942951,-0.0567638302458339,-0.4620759655314357,False,1.6970562748477145,0.025,0.02,0.02,0.5,0.1,0.06,0.0,40,56
0.7339431118281148,-0.4105695253629149,0.1781811856869876,11.542359007288448,30.67845213931184,-4.380890787638844,3.743861093870685,-1.5064388398063306,0.6746991105497473,-0.4517815539617418,-0.3960460379152184,False,1.6970562748477145,0.025,0.02,0.02,0.5,0.1,0.06,0.0,40,57
0.7336212126489746,-0.407324955078014,0.1848987565541293,9.398855775586105,8.03246425263509,-5.14745304590335,5.800838042756299,1.2209907728389264,0.4182063349005154,-3.5553279990957947,-0.4575928874868629,False,1.6970562748477145,0.025,0.02,0.02,0.5,0.1,0.06,0.0,40,58
0.7315083659315542,-0.4104677335154845,0.1740742934215822,10.21233500345268,74.75858346071372,-5.894667796587036,4.370429275921081,-0.1928319666176501,2.212231340939471,-1.0305165962867704,-0.363581284979602,False,1.6970562748477145,0.025,0.02,0.02,0.5,0.1,0.06,0.0,40,59
0.7314259218116154,-0.4105349765793408,0.1818595329493737,10.004492733408606,61.3698436203512,-4.806766723935807,3.901513879735396,0.0342482028212991,2.5823474864401867,-0.547037208960472,-0.4257067644958754,False,1.6970562748477145,0.025,0.02,0.02,0.5,0.1,0.06,0.0,40,60
0.7271244308695645,-0.3958742094874167,0.1759187715232737,9.126792683277865,47.16451879063093,-4.770970523063544,4.49969755557708,1.8411479649026392,2.458845024255788,0.5896580619223348,-0.4136246035642164,False,1.6970562748477145,0.025,0.02,0.02,0.5,0.1,0.06,0.0,40,61
0.7369719019801573,-0.4060792544677611,0.1731976924641468,9.880124169794836,-38.2513499160978,-4.313554995731533,4.236573141566934,-0.4761397547014463,1.8805715828352256,-0.8081583544648907,-0.3667730148717387,False,1.6970562748477145,0.025,0.02,0.02,0.5,0.1,0.06,0.0,40,62
0.7371115836766428,-0.4144160332945492,0.18145330595128,10.05937897945054,-1.018621808825927,-4.193300375812077,4.935191454856316,0.2661175437853351,1.9393039364735616,-1.3745694510905977,-0.4128012726827239,False,1.6970562748477145,0.025,0.02,0.02,0.5,0.1,0.06,0.0,40,63
0.7376676080908507,-0.4047929174108578,0.1832375818244113,10.688539435296343,-24.604829637256543,-5.290163878725799,4.34700624767945,-0.3195829636767859,1.8960057219564947,-2.507575823260584,-0.4501375963237815,False,1.6970562748477145,0.025,0.02,0.02,0.5,0.1,0.06,0.0,40,64
0.7408225641430105,-0.4142754988626815,0.169504410809711,10.824041616525395,-7.445698291253507,-3.415260751355884,4.503914529712676,-0.8506623248709121,0.9336425567602586,-0.8652148693924469,-0.3173247353586719,False,1.6970562748477145,0.025,0.02,0.02,0.5,0.1,0.06,0.0,40,65
0.7333131640156992,-0.4081045618225413,0.1717728468246307,10.922942321764582,77.21886386476262,-5.584361739567724,4.2099321670195256,-0.8896264522857138,-0.2741772718764932,0.2290725546409291,-0.3507330363820051,False,1.6970562748477145,0.025,0.02,0.02,0.5,0.1,0.06,0.0,40,66
0.7378184253368206,-0.4039527892008306,0.1646314203238119,10.820234759638211,73.5480384237274,-4.750126822307336,3.736915281755827,-1.1678879676976703,0.6935331301747769,-0.0111034586746461,-0.3032955629882934,False,1.6970562748477145,0.025,0.02,0.02,0.5,0.1,0.06,0.0,40,67
0.7333390580379175,-0.4045609784284814,0.189928502253871,9.788205620274304,1.4522832450836631,-6.0536349865787615,3.873662471860863,0.8866089907798085,1.4569887595112083,-0.0873556126118098,-0.504481326320338,False,1.6970562748477145,0.025,0.02,0.02,0.5,0.1,0.06,0.0,40,68
0.7338103576774521,-0.4057778363510497,0.1885406459259551,9.856459928064496,18.12569684038533,-3.5023822817921526,3.144204776480259,0.630630572028773,0.1225606302928983,-1.4190598756181494,-0.4904297387044749,False,1.6970562748477145,0.025,0.02,0.02,0.5,0.1,0.06,0.0,40,69
0.7337231279325162,-0.4107292548989825,0.1863012316923304,9.616956534973928,49.67116297421955,-4.329999334579382,4.509509805253483,-0.3654243494141411,2.378581916529637,-0.7039226147740101,-0.4606362541051343,False,1.6970562748477145,0.025,0.02,0.02,0.5,0.1,0.06,0.0,40,70
0.733987009568212,-0.4048596838750368,0.1882627898362228,9.60915579328197,-5.750382735276272,-3.6288747300731625,4.868868695758367,-0.8136506802983207,-0.5702365271152363,-0.3120425183145974,-0.4903998568156016,False,1.6970562748477145,0.025,0.02,0.02,0.5,0.1,0.06,0.0,40,71
0.7364111430590166,-0.3986027998746611,0.1836281008111465,11.385324881218011,33.593655976757645,-6.297251654801146,4.201495989774211,-1.1507682922711828,0.2587489395104989,0.8982737794999274,-0.4681934182064449,False,1.6970562748477145,0.025,0.02,0.02,0.5,0.1,0.06,0.0,40,72
0.7344590516035171,-0.404686904072643,0.1688047849727896,9.779300469493638,21.3382010491928,-4.501022774868382,5.71127085205011,-0.0211547573697912,1.4670747017374102,0.0381119081282315,-0.3351221669117632,False,1.6970562748477145,0.025,0.02,0.02,0.5,0.1,0.06,0.0,40,73
0.7333044344207355,-0.4065039192814436,0.1956712834382513,10.238546144908044,32.228671270544226,-5.152117093112554,5.156405389488425,-0.7508313135855654,2.0788258622908606,-0.8994057554409489,-0.5457625951653027,False,1.6970562748477145,0.025,0.02,0.02,0.5,0.1,0.06,0.0,40,74
0.7303781242687634,-0.4041619354821359,0.1811227348981209,10.423631448304066,24.643856976753987,-4.696571597222759,4.878302009374705,-0.3581537269278074,-0.186282676605515,-0.4776351987963403,-0.4351705465717159,False,1.6970562748477145,0.025,0.02,0.02,0.5,0.1,0.06,0.0,40,75
0.7385685871610104,-0.4090746224777197,0.1649111157063744,10.921893184890449,-31.877472873995217,-5.006834775587473,4.222079370211802,-0.3385540661517889,0.4167987453526827,0.6327951632537894,-0.293195716474808,False,1.6970562748477145,0.025,0.02,0.02,0.5,0.1,0.06,0.0,40,76
0.7367672177569221,-0.4141040395241258,0.184282849557839,9.816759435932072,91.46472038758122,-3.9591146154479206,4.64190544975716,-0.5390145851235372,2.1867994303621483,-0.5145169208305151,-0.436207068539395,False,1.6970562748477145,0.025,0.02,0.02,0.5,0.1,0.06,0.0,40,77
0.7343188285331225,-0.4070170664967123,0.1883529529406788,10.438139557756449,24.984896647676184,-4.170462813746807,3.975559696835059,-0.2296144376358309,-0.8270264551598059,-1.436936832062929,-0.4859235342213346,False,1.6970562748477145,0.025,0.02,0.02,0.5,0.1,0.06,0.0,40,78
0.7287682057092915,-0.407861536069637,0.1853182694736137,10.82330791983333,63.55831182283709,-5.186442394503802,4.337786876597642,-0.4972940799608597,1.953933085589778,-0.5175925408641977,-0.4599523768792239,False,1.6970562748477145,0.025,0.02,0.02,0.5,0.1,0.06,0.0,40,79
0.7343045823274258,-0.4045792580680039,0.1724677440216534,11.05039165630995,-31.117032867056658,-4.330004278667047,4.938391415964478,0.2858793770967709,0.9028659979101772,-0.2840592632245338,-0.3646934578703724,False,1.6970562748477145,0.025,0.02,0.02,0.5,0.1,0.06,0.0,40,80
0.7346840080428675,-0.4053083053861294,0.1842537172414663,9.227136555518424,2.923479682193076,-4.673644591776417,4.615999074126395,0.6419672010580968,1.374507966650928,0.0818872634164962,-0.4572087645224481,False,1.6970562748477145,0.025,0.02,0.02,0.5,0.1,0.06,0.0,40,81
0.7320576225834702,-0.4066322863498199,0.1964217926116945,10.011854994005564,16.213855263956166,-4.456656397888135,3.525600989784441,-0.7628210964376358,2.0572576425581937,-2.257526637619764,-0.551533396298981,False,1.6970562748477145,0.025,0.02,0.02,0.5,0.1,0.06,0.0,40,82
0.7347668193672497,-0.4065199745745509,0.1901550363386997,10.448122475009434,60.40939067244241,-5.004983811415373,4.862582146540358,-0.3828539197597036,0.0980003882806275,0.640937767002995,-0.5015063425686412,False,1.6970562748477145,0.025,0.02,0.02,0.5,0.1,0.06,0.0,40,83
0.7366641579987853,-0.4159281922919424,0.1954351711487952,10.291219191453166,-9.139203702173312,-4.221928923417234,4.860969999712226,-0.4367731290352913,-0.0507338629603721,-0.4539892708333217,-0.5210538582097735,False,1.6970562748477145,0.025,0.02,0.02,0.5,0.1,0.06,0.0,40,84
0.7338716062058118,-0.4123380189131018,0.193004653738051,10.319195028648853,26.04244392780069,-6.014247853893092,5.203828855627778,-0.5740889026900604,3.091732775569258,-1.3067588941016997,-0.5103936881406159,False,1.6970562748477145,0.025,0.02,0.02,0.5,0.1,0.06,0.0,40,85
0.7294890774513728,-0.4148665416658996,0.1919202359240256,8.697269633551358,59.23335089151525,-4.675878401956559,4.061627818956128,-0.340694758945913,0.7176813402536366,-1.3092448706401885,-0.4959128427469643,False,1.6970562748477145,0.025,0.02,0.02,0.5,0.1,0.06,0.0,40,86
0.7313466693652323,-0.4047377682760249,0.1877811402690831,10.043953760408224,16.979943983525818,-3.386750848586677,4.249464077306355,-1.2114389859714505,-0.4596548121538069,-0.8952347734165289,-0.4869976781282916,False,1.6970562748477145,0.025,0.02,0.02,0.5,0.1,0.06,0.0,40,87
0.7366167795293396,-0.4104971177576713,0.1911570244035777,10.164846542701266,-3.161718570599969,-4.953759963049282,5.258180358026866,1.463450274197566,3.744416507085721,-1.4579243313326198,-0.499866105838451,False,1.6970562748477145,0.025,0.02,0.02,0.5,0.1,0.06,0.0,40,88
0.7363104786920626,-0.4058680188774222,0.1649747015120825,9.452713456047915,35.46076881838482,-5.049278169231443,5.4713950064768,-1.2196440708074965,1.3881530785586775,-2.069928768329476,-0.3015357380693233,False,1.6970562748477145,0.025,0.02,0.02,0.5,0.1,0.06,0.0,40,89
0.7325480209483487,-0.404191062394479,0.1709417822410654,10.097410600957884,66.67712362524853,-5.262722150134457,4.844802214412425,-1.2096086023143011,-0.8794027675977629,0.168259649089129,-0.3535228269248729,False,1.6970562748477145,0.025,0.02,0.02,0.5,0.1,0.06,0.0,40,90
0.7373322918481916,-0.4102059864410727,0.17747974293245,9.937315942394752,-17.840256736236917,-5.931956279179087,4.527522913817425,-0.2943922232737477,1.814510237040161,-1.8923293562093464,-0.3911036384901347,False,1.6970562748477145,0.025,0.02,0.02,0.5,0.1,0.06,0.0,40,91
0.7321298925795551,-0.4059140666759926,0.1837753706419156,9.20073109796122,12.036809225493812,-3.979640561739332,4.838012069755258,0.5097421963345918,0.1143239582100332,-0.8772828789460614,-0.4520814115581693,False,1.6970562748477145,0.025,0.02,0.02,0.5,0.1,0.06,0.0,40,92
0.7399331990763756,-0.4057022870072178,0.1730658980242733,10.186023877864605,38.11306304629879,-6.103359462679647,4.013722589126539,-0.2080385900286954,0.2762522181740743,-0.2157977147694918,-0.3664457034322816,False,1.6970562748477145,0.025,0.02,0.02,0.5,0.1,0.06,0.0,40,93
0.7348033174251213,-0.4076976790063668,0.1887167753459522,10.496523609352463,-12.063807655310974,-4.880353518893091,4.163099897439561,-1.0609257590833974,0.6446266111767958,-2.901238867647661,-0.4871715741068305,False,1.6970562748477145,0.025,0.02,0.02,0.5,0.1,0.06,0.0,40,94
0.7403752269018594,-0.413395360397687,0.1843092814399472,9.619141167094927,3.1070077056897105,-4.369359483199323,4.685021133141804,0.5136814493289545,-1.0283784856881102,0.2098983497715916,-0.4379028729510175,False,1.6970562748477145,0.025,0.02,0.02,0.5,0.1,0.06,0.0,40,95
0.7299243938024258,-0.4026114928527406,0.1964056999166069,10.338270218850946,44.49908165388762,-4.1091698609629805,5.113709934801005,1.0900342406857166,-1.0930896811809556,-0.8651642419031302,-0.5611825528581329,False,1.6970562748477145,0.025,0.02,0.02,0.5,0.1,0.06,0.0,40,96
0.729998612831321,-0.4049215089479903,0.192033357157544,10.387138615282382,41.342854586874,-5.970550915193332,3.5743358944838888,-1.765673083972722,2.5333668167210543,-0.5978915546316785,-0.5206553190152965,False,1.6970562748477145,0.025,0.02,0.02,0.5,0.1,0.06,0.0,40,97
0.7332974374569599,-0.4105825404481649,0.1878462528854774,10.728422157861123,18.514308491231635,-3.762444355004542,5.010489123214061,-0.4396373916991793,-0.366057257821788,-2.1032192309062845,-0.4733740797608063,False,1.6970562748477145,0.025,0.02,0.02,0.5,0.1,0.06,0.0,40,98
0.7281350697761892,-0.4054037182307162,0.1950412260226231,10.57951035339114,37.86939702093845,-5.359688456342616,4.274478416235438,-1.9270626608624908,1.635463305585256,-1.6595578543641691,-0.5436727802406951,False,1.6970562748477145,0.025,0.02,0.02,0.5,0.1,0.06,0.0,40,99
3.9475675673582606,-1.0050801210876203,-0.0192787448968882,-0.1723962131049887,11.620350919483371,-0.5284690585531351,0.8219121916573524,-0.1104829988115332,-0.13115421610976,0.4679100652031469,0.0,True,1.6970562748477145,0.025,0.02,0.02,0.5,0.1,0.06,0.0,44,0
3.94712392938706,-1.000931131974636,-0.0018763118924496,0.015284500844765,19.524600254899795,-0.7385751229429047,0.4683560159975037,-0.1536921036469469,0.2259810779144686,-0.5043175572723241,0.0,True,1.6970562748477145,0.025,0.02,0.02,0.5,0.1,0.06,0.0,44,1
3.946831343590027,-0.9970811051171624,0.0085279088096306,-0.1763666813666882,28.350969675309123,-0.9552485804293448,1.1237555550067049,0.176107993396295,0.2610747033507476,0.0072607933552231,0.0,True,1.6970562748477145,0.025,0.02,0.02,0.5,0.1,0.06,0.0,44,2
3.946896945100141,-0.9976418406655304,-0.0012414140640188,-0.1931088177710593,26.784965376552805,-0.850058788647285,0.5755389628429359,0.2616806625315147,-0.1951971621000587,0.7413912399298579,0.0,True,1.6970562748477145,0.025,0.02,0.02,0.5,0.1,0.06,0.0,44,3
3.9479051743949554,-0.9963738141529084,-0.0021910908888717,-0.0523726057958793,-8.907988456096618,-1.052566023219903,0.7414190031823455,-0.1017236851486829,0.1397055385554599,0.4107090159508639,0.0,True,1.6970562748477145,0.025,0.02,0.02,0.5,0.1,0.06,0.0,44,4
3.9476426493721055,-0.996549837378844,-0.0036711619860293,0.0274760732652907,11.464351016685882,-1.0529544140672122,0.8246160073907767,0.3386157960874989,0.0444709803995464,-0.520423681919331,0.0,True,1.6970562748477145,0.025,0.02,0.02,0.5,0.1,0.06,0.0,44,5
3.9473063526076655,-0.9965980386280542,0.0001052515202278,0.043233477249128,-1.1139103816717864,-0.6819420887579959,0.7877394539808709,0.4516182313394012,-0.9096672510265325,0.3349561810577428,0.0,True,1.6970562748477145,0.025,0.02,0.02,0.5,0.1,0.06,0.0,44,6
3.948038096484616,-0.9964133368431892,-0.0044758008034458,0.1985557770901698,-3.767491064882421,-0.8665467000969613,0.5370456723106862,-0.0679474889257907,-0.3392005437814258,-0.0946320775145417,0.0,True,1.6970562748477145,0.025,0.02,0.02,0.5,0.1,0.06,0.0,44,7
3.9465082919367274,-0.9998085686788803,-0.0048570421708382,-0.1599113882567016,36.9783184080305,-0.990535319629025,0.7241142138463612,0.0585270925648013,-0.4092099462721081,-0.3874886609731309,0.0,True,1.6970562748477145,0.025,0.02,0.02,0.5,0.1,0.06,0.0,44,8
3.948152908433904,-1.006433215071174,-0.0115161818268676,-0.2062471366163265,12.452875562999012,-0.7999055685936938,0.7916204660147024,-0.5458969916343772,-0.0151536959439597,0.088960553841132,0.0,True,1.6970562748477145,0.025,0.02,0.02,0.5,0.1,0.06,0.0,44,9
3.94572910159382,-1.0036449674935417,0.0189224726617781,-0.0459400057475258,37.79423581226583,-0.8935291889158314,0.6849372249090706,0.3688205303334539,-0.1836829162055673,-0.42588402840117,0.0,True,1.6970562748477145,0.025,0.02,0.02,0.5,0.1,0.06,0.0,44,10
3.946564561646925,-1.0025071083954729,-0.000965949204481,-0.1089176260950388,37.1033284940969,-0.9818301223399146,0.8982876622052895,0.8021688110197809,-1.2361748852505412,0.0194565072663239,0.0,True,1.6970562748477145,0.025,0.02,0.02,0.5,0.1,0.06,0.0,44,11
3.948133744909045,-1.000316977081012,-0.0029617327689005,0.4042156164739214,22.29846045231912,-0.9782335551831132,0.8059134164515598,0.095381208261807,0.7150349991329188,0.243342099360305,0.0,True,1.6970562748477145,0.025,0.02,0.02,0.5,0.1,0.06,0.0,44,12
3.947526859947253,-1.0011928781121875,-0.0093686558921994,0.0230280567499718,8.397328210555685,-0.7541198078593752,0.3295444033265351,0.0660936151143949,0.3031293798982395,0.7933317410559853,0.0,True,1.6970562748477145,0.025,0.02,0.02,0.5,0.1,0.06,0.0,44,13
3.947078424128327,-0.9990491069028558,0.0100054912157003,0.1705875657768309,6.184764792374253,-0.8606277863588367,0.6230468365657131,0.0701483870557839,-0.202269650971419,0.0552492633741363,0.0,True,1.6970562748477145,0.025,0.02,0.02,0.5,0.1,0.06,0.0,44,14
3.9476570402538735,-0.9973663638782124,0.0030951347815835,-0.0976950790042847,24.993118618284164,-0.9040693819511318,1.0565171788381846,-0.3083623311610513,-0.2446504616390721,0.1332981744369994,0.0,True,1.6970562748477145,0.025,0.02,0.02,0.5,0.1,0.06,0.0,44,15
3.9475055146005023,-0.9980805091884632,-0.0059294689081779,-0.0851961548808155,10.710080544912069,-0.5951724250288137,0.7460766926322862,-0.1068453015566754,-0.6075982929146717,-0.3207647352011826,0.0,True,1.6970562748477145,0.025,0.02,0.02,0.5,0.1,0.06,0.0,44,16
3.9476714223063234,-1.000013620879233,0.001851310969969,-0.0677149391032392,19.334383538594714,-0.9552504932999212,0.7724798664838417,-0.0656689999434263,-0.5927135959697443,-0.1311325265488467,0.0,True,1.6970562748477145,0.025,0.02,0.02,0.5,0.1,0.06,0.0,44,17
3.946892157881876,-0.9991154503147628,0.0043918784938779,-0.030189811370314,2.1726966728586774,-0.6775634715901511,0.8414412914119342,0.0818551930005786,0.2714584894940446,0.0404584929199487,0.0,True,1.6970562748477145,0.025,0.02,0.02,0.5,0.1,0.06,0.0,44,18
3.946638561892977,-0.99723942531373,0.001415396213126,-0.1320598960409524,22.40265284887585,-0.9962686480824274,0.6083809787100964,-0.763493138821838,0.137730121760466,0.1253836279223297,0.0,True,1.6970562748477145,0.025,0.02,0.02,0.5,0.1,0.06,0.0,44,19
3.9469606162677047,-1.0044388169013525,0.0031565692007182,-0.1661875863560737,52.881794423606,-0.839362190441868,0.6938680170218756,-0.0925470700877335,-0.6069434748062565,0.1139947826598157,0.0,True,1.6970562748477145,0.025,0.02,0.02,0.5,0.1,0.06,0.0,44,20
3.9472130647515,-0.992710279201036,0.0051060161669448,-0.109444057796618,31.103434887072147,-0.7832611561535074,0.8866821322990113,0.1856152702225468,-0.0056768721237632,0.26421495529516,0.0,True,1.6970562748477145,0.025,0.02,0.02,0.5,0.1,0.06,0.0,44,21
3.947766293133835,-0.9991293405327928,-0.0079041408011507,-0.0407613049970292,33.8548106650235,-1.0749518418646318,0.7583278714787269,-1.068742159700106,0.6983916838030757,-0.3193926316566171,0.0,True,1.6970562748477145,0.025,0.02,0.02,0.5,0.1,0.06,0.0,44,22
3.947002035497057,-0.994612986013646,0.0026571634291013,-0.0769579135542413,9.354101901756344,-0.7428550892610701,0.6935289289861419,0.5371532288827958,0.2835137477764782,0.1117181764870363,0.0,True,1.6970562748477145,0.025,0.02,0.02,0.5,0.1,0.06,0.0,44,23
3.945859243896445,-0.9972336506303008,0.006983062037358,0.1182800750476511,27.380377624541783,-0.6123417404047373,0.7800042977894535,-0.3450560236563662,-0.4105353707170593,1.5879068573292154,0.0,True,1.6970562748477145,0.025,0.02,0.02,0.5,0.1,0.06,0.0,44,24
3.947048114861822,-0.9991109280937542,0.0136921919908749,0.0188567935523815,6.49112798586404,-0.8513473027790468,0.9407427292345272,0.2648837954388616,0.116146718860612,-0.573415089705879,0.0,True,1.6970562748477145,0.025,0.02,0.02,0.5,0.1,0.06,0.0,44,25
3.947308667287299,-1.0015616296353382,-0.0105435753729473,-0.1789334034736516,27.56127840570042,-0.9829278162257892,1.004307034914092,-0.6102310865421856,0.4523075956098519,-0.1146445519770842,0.0,True,1.6970562748477145,0.025,0.02,0.02,0.5,0.1,0.06,0.0,44,26
3.947704467854756,-1.000061136114141,0.0044153533081665,0.1676674449804887,3.545447597670908,-0.8547394319737336,0.779695691435613,-0.227746601850729,0.4061264939230229,-0.1832995607962402,0.0,True,1.6970562748477145,0.025,0.02,0.02,0.5,0.1,0.06,0.0,44,27
3.947745121435097,-0.998764037140921,-0.0085958874837527,-0.0936822635228118,11.247204261605257,-1.0234284564570473,0.8205822722473624,0.0219607480517161,-0.0207743664254889,0.623867307902608,0.0,True,1.6970562748477145,0.025,0.02,0.02,0.5,0.1,0.06,0.0,44,28
3.947283254338798,-0.9957227457540492,-0.0027134852914447,0.0642668873921676,-1.904622927064537,-0.9949835683954228,0.9650364980025312,0.1678539166557588,-0.170480561419698,0.4398877141950397,0.0,True,1.6970562748477145,0.025,0.02,0.02,0.5,0.1,0.06,0.0,44,29
3.946069638678278,-0.9999442820523295,0.0172345862319329,-0.1709191653973025,30.291800354869707,-0.6731769262203215,0.7074375625357607,-0.6681494541148414,-0.3040208866215466,-0.091094724410059,0.0,True,1.6970562748477145,0.025,0.02,0.02,0.5,0.1,0.06,0.0,44,30
3.946245329317699,-1.0018144979619117,-0.0002324300797998,-0.0826326831843404,32.7698064483613,-0.8174447278901731,0.6557162928486857,0.0332067517122891,-0.2555348444952445,-0.0864210349470258,0.0,True,1.6970562748477145,0.025,0.02,0.02,0.5,0.1,0.06,0.0,44,31
3.946975738827023,-1.0021726777409037,-0.0059879027731584,0.0227885075501657,52.5913751173067,-0.9202376470927368,0.5712104329844792,-0.4745314265443867,-0.1401280119231052,-0.0185511301518848,0.0,True,1.6970562748477145,0.025,0.02,0.02,0.5,0.1,0.06,0.0,44,32
3.94725523072408,-0.9992539901661008,-0.0015039170583229,0.1377109411420534,-0.3571814987127482,-0.8091862280864568,0.881744704756807,0.9937338035245162,0.5877603768436421,-0.46442882303612,0.0,True,1.6970562748477145,0.025,0.02,0.02,0.5,0.1,0.06,0.0,44,33
3.946753510074593,-1.001899626293441,-0.0044576534171409,-0.0692684840649286,-3.4847222943205054,-0.9413885394220608,0.1616676325237307,-0.0213682342213719,0.5454603739331494,0.0059143480494716,0.0,True,1.6970562748477145,0.025,0.02,0.02,0.5,0.1,0.06,0.0,44,34
3.947682529439358,-1.0004925720389657,0.0033102435559145,0.3052196404027905,-10.068265306612702,-0.9991424649525308,0.5524859997158149,0.3673686724719709,0.1332946603454947,-0.4138838258075192,0.0,True,1.6970562748477145,0.025,0.02,0.02,0.5,0.1,0.06,0.0,44,35
3.945895250238081,-1.0015910475756853,0.0240289267876147,0.1717951649368121,12.283748965893082,-0.8466813381271194,0.9576085610894882,0.3607536760298764,0.1526049243792719,-0.0765056793892748,0.0,True,1.6970562748477145,0.025,0.02,0.02,0.5,0.1,0.06,0.0,44,36
3.9464320537054,-0.9972508884355912,0.0003280249037691,-0.3613630428807175,57.82951413863203,-0.9615475760905596,0.8222447861623223,-0.2065326960681659,0.8117576229596888,-0.1340803785545763,0.0,True,1.6970562748477145,0.025,0.02,0.02,0.5,0.1,0.06,0.0,44,37
3.9471909295271,-0.9982104697380688,-0.0007201110831179,0.1275313957305952,4.792437862465206,-1.0399316808938508,0.8907350835499077,0.0736182043681168,-0.2964318732285849,0.0992085590173095,0.0,True,1.6970562748477145,0.025,0.02,0.02,0.5,0.1,0.06,0.0,44,38
3.9470978009929887,-1.0049666707870102,0.0033405776953799,0.1487719062571226,4.5463902822218,-0.6077328892986174,1.117524805677654,0.1968092459401784,0.3374790285844509,-0.0100700009255441,0.0,True,1.6970562748477145,0.025,0.02,0.02,0.5,0.1,0.06,0.0,44,39
3.946747637233948,-1.0000882846389498,-0.0030381492707769,-0.1645634476503259,8.9993706363963,-1.07777676306614,0.6671335636669582,-0.1922825715975653,0.166186195041097,0.2105963322727204,0.0,True,1.6970562748477145,0.025,0.02,0.02,0.5,0.1,0.06,0.0,44,40
3.947469580757845,-0.999956502061823,-0.0006543737399519,0.0784446027845922,-7.889219131391599,-0.6349136936647888,0.7045276084146579,0.4225661001515437,0.1281526280073059,0.6329689995895529,0.0,True,1.6970562748477145,0.025,0.02,0.02,0.5,0.1,0.06,0.0,44,41
3.948190423299147,-0.996899769679502,-0.0081075732505813,0.072116791524067,0.1742038434531565,-0.6944937405581513,0.8827840615297511,0.3667456833970264,-0.1187493922762843,0.3257181581273711,0.0,True,1.6970562748477145,0.025,0.02,0.02,0.5,0.1,0.06,0.0,44,42
3.946516817942731,-0.9979463133298128,0.0048117806235805,0.0798612896765877,-3.706792265216663,-0.719687764933596,0.6674371884832127,-0.1256826509410573,0.4003365102003375,0.2833082487887839,0.0,True,1.6970562748477145,0.025,0.02,0.02,0.5,0.1,0.06,0.0,44,43
3.946976228636149,-1.0037653314673214,0.003077700117147,-0.0135551777646103,10.911729705274771,-0.910182506567331,0.8212019094758443,0.5332670644742095,0.1597695693744607,0.1872673314170951,0.0,True,1.6970562748477145,0.025,0.02,0.02,0.5,0.1,0.06,0.0,44,44
3.946633020747516,-0.9986167863568554,0.0092195054366254,-0.0288208784929002,14.179566672284714,-1.146243688197309,0.6133474515194877,-0.1858123178961381,-0.7124516812404409,0.607312310390911,0.0,True,1.6970562748477145,0.025,0.02,0.02,0.5,0.1,0.06,0.0,44,45
3.947780385316493,-0.9991396498220958,-0.0024138188846718,-0.2283800304631782,18.8754788035944,-1.0505922104884853,1.0943150857134754,0.0142553309591377,0.6647069846971616,0.9950005031575468,0.0,True,1.6970562748477145,0.025,0.02,0.02,0.5,0.1,0.06,0.0,44,46
3.9472030353500993,-0.9973422481384978,-0.0008950072371832,0.0738802996713952,15.666067056519973,-0.448030227002107,0.7059094926577956,0.6807515597939986,-0.3709011417350092,-0.0717795958668523,0.0,True,1.6970562748477145,0.025,0.02,0.02,0.5,0.1,0.06,0.0,44,47
3.94730781451017,-0.9999607964000584,0.0075807759528357,0.1923409212959344,9.270718765431234,-0.8244294586218537,1.0524455230655487,-0.3789816246017672,0.0745516753982371,0.4677291334306286,0.0,True,1.6970562748477145,0.025,0.02,0.02,0.5,0.1,0.06,0.0,44,48
3.94621012863435,-0.9987007553301718,0.0073171337360479,-0.1234364296354124,41.16580002812141,-0.7972298788211383,0.6068158998449782,0.2836303676024343,0.2219634846160105,-0.0017999659315219,0.0,True,1.6970562748477145,0.025,0.02,0.02,0.5,0.1,0.06,0.0,44,49
3.94711468693726,-0.9994341819707584,-0.0041283148927398,-0.2245076443558602,21.30070526248548,-0.8777606650366465,0.4518565159609053,1.0139408800023877,0.026609220483249,0.6464724109467963,0.0,True,1.6970562748477145,0.025,0.02,0.02,0.5,0.1,0.06,0.0,44,50
3.947486919306864,-1.0016659210579557,-0.0037629939926899,0.1382507793544043,-1.7364221496137304,-1.0222507884397771,0.7486717621374854,0.1918929599135799,-0.461650007647868,0.0759570584106492,0.0,True,1.6970562748477145,0.025,0.02,0.02,0.5,0.1,0.06,0.0,44,51
3.9471542838339686,-1.0004375297645904,0.0083850728944556,0.0009207747575201,30.047699118074966,-1.0659357078107448,1.0073369808970227,0.4334011545441609,0.1073861768313833,-0.1279103418085165,0.0,True,1.6970562748477145,0.025,0.02,0.02,0.5,0.1,0.06,0.0,44,52
3.947386749743623,-0.9960281119755328,-0.007386302021409,-0.1921355010962315,22.72686812882025,-0.9011568429568122,0.7321622136631998,-0.0373349413187154,0.3703316336152213,0.3807856993071732,0.0,True,1.6970562748477145,0.025,0.02,0.02,0.5,0.1,0.06,0.0,44,53
3.947250112905653,-0.9991016242077416,-0.0141889295948421,-0.2630708959309196,20.8766938522239,-0.7694226822291164,0.5372971240241,-0.0483505738763017,-0.3374588747415006,-0.3771209129373285,0.0,True,1.6970562748477145,0.025,0.02,0.02,0.5,0.1,0.06,0.0,44,54
3.94572844408596,-1.0006897989267869,0.0156509203075043,-0.1037644679556333,16.227578705327076,-0.9673074113084504,0.9664879289513416,-0.3848590834465213,0.1748276069668022,0.5707171406910025,0.0,True,1.6970562748477145,0.025,0.02,0.02,0.5,0.1,0.06,0.0,44,55
3.9468273799347258,-1.0025832780951045,-0.0132304656218257,0.0821037836551221,3.9461548253329113,-0.9981991846925132,0.3573102926235378,0.3206931398262171,0.047540737938718,0.2716241898286482,0.0,True,1.6970562748477145,0.025,0.02,0.02,0.5,0.1,0.06,0.0,44,56
3.9468959945294046,-1.0005978954159638,0.008938113680102,0.0338276772847017,16.91951731699526,-0.8684532531888536,0.8953446982556326,-0.1856280588838252,0.0412740351621441,0.8529050865045966,0.0,True,1.6970562748477145,0.025,0.02,0.02,0.5,0.1,0.06,0.0,44,57
3.947510623567212,-0.997867219276936,0.002195944749193,0.2388584749839362,1.5178788762921511,-0.8019486310845991,0.8404615593947131,-0.5256259729511443,-0.3294789621709799,-0.1368453596396968,0.0,True,1.6970562748477145,0.025,0.02,0.02,0.5,0.1,0.06,0.0,44,58
3.947500527677139,-0.9994858252666394,0.004456871905709,0.0150863611998337,-8.971070127386696,-0.6381066447183805,0.7607145877697903,0.1957327904246857,-0.5968114419155446,-0.0645006881544105,0.0,True,1.6970562748477145,0.025,0.02,0.02,0.5,0.1,0.06,0.0,44,59
3.947454207534348,-0.9987478659978238,-0.0071264726906907,0.1168280327061221,3.118373997947934,-0.7911485390231583,0.7398558554643024,0.4328555022320812,-0.4013212336997072,-0.4690575176035825,0.0,True,1.6970562748477145,0.025,0.02,0.02,0.5,0.1,0.06,0.0,44,60
3.946740481740026,-0.994088757831466,0.0049383624333027,0.1888212235539592,10.243103078215803,-0.8730557593273609,0.7225515001024032,0.2582445211008011,-0.0627032324998455,-0.0947985800679696,0.0,True,1.6970562748477145,0.025,0.02,0.02,0.5,0.1,0.06,0.0,44,61
3.9478138301989296,-0.9988978650413736,-0.0031183910774668,0.0043079174191174,12.472446021657753,-0.819032420141518,0.9218326215587068,0.1118032784098841,0.1176624346202661,-0.0556601464570385,0.0,True,1.6970562748477145,0.025,0.02,0.02,0.5,0.1,0.06,0.0,44,62
3.9474165555456513,-0.994960025938345,0.0060289903218957,-0.1092814331746545,-2.3092374069290287,-0.5990205872209167,0.9142952754666958,0.9091647141994096,0.4070855324803821,1.3189216182149233,0.0,True,1.6970562748477145,0.025,0.02,0.02,0.5,0.1,0.06,0.0,44,63
3.9478076123894983,-0.9961126173273464,0.0018757468736451,0.2070242674138525,1.2815999583185371,-0.9246292948092822,0.8529219175861389,0.8576299566899208,0.6121600306409656,0.4131680745064439,0.0,True,1.6970562748477145,0.025,0.02,0.02,0.5,0.1,0.06,0.0,44,64
3.946734541064353,-1.002386027732206,0.0158518235914827,-0.2359023572533383,-1.300454177686575,-0.7687100562511233,0.787542824466021,0.0306263870740779,0.3988225296346708,-0.909807971710813,0.0,True,1.6970562748477145,0.025,0.02,0.02,0.5,0.1,0.06,0.0,44,65
3.9465103213367576,-1.0038452218266418,0.0172071782692896,0.0468441034996143,3.983839527782287,-0.9681680923461258,0.6296270601739753,-0.021581534064702,0.4084350137356327,0.0175496872806346,0.0,True,1.6970562748477145,0.025,0.02,0.02,0.5,0.1,0.06,0.0,44,66
3.9456966978564094,-0.9994230090969946,0.0081079183914817,-0.4143148108579408,70.11699343185772,-0.6608757302027755,0.6098920066622213,0.1626585824756508,0.4402605149643428,0.3033082247757617,0.0,True,1.6970562748477145,0.025,0.02,0.02,0.5,0.1,0.06,0.0,44,67
3.946836520885171,-0.9994451819516996,-0.0210187964990915,-0.0307471629623146,16.002237934137177,-0.9675244886712342,0.7086607368600184,-0.2323299610116613,0.6026757268689866,-0.4635441335971255,0.0,True,1.6970562748477145,0.025,0.02,0.02,0.5,0.1,0.06,0.0,44,68
3.945880401496869,-0.9997166989857316,2.2373806279465943e-05,-0.0076923633592445,30.844441244375304,-0.799957337654007,0.4979493408692228,-0.6700321504325353,-0.2582974327809586,1.0641816283322143,0.0,True,1.6970562748477145,0.025,0.02,0.02,0.5,0.1,0.06,0.0,44,69
3.947448515583654,-0.9976687510668336,-0.000509830812072,-0.2119179115526721,20.185548378482785,-0.6813415513844383,0.8849536168825676,0.1313837313769474,0.3758181780426011,-0.4943261867299724,0.0,True,1.6970562748477145,0.025,0.02,0.02,0.5,0.1,0.06,0.0,44,70
3.948211066608921,-0.9998554826675378,0.0053201835739682,-0.1047599375921599,3.6165364115601264,-0.9865065721840196,0.693129168663356,0.0957286007847115,0.9539541597544656,0.1337518504323125,0.0,True,1.6970562748477145,0.025,0.02,0.02,0.5,0.1,0.06,0.0,44,71
3.945886618216224,-1.0040893118519116,0.0097596222037524,-0.1592328127175601,17.04778300909235,-0.9719925015074402,0.9147281426462488,-0.262391686665278,-0.5247396704096847,-0.2004901389259934,0.0,True,1.6970562748477145,0.025,0.02,0.02,0.5,0.1,0.06,0.0,44,72
3.945624552680737,-0.9979503141060464,0.0070193734931902,-0.1647687597053746,23.18902696980195,-0.9181616618294192,0.2211507190869035,0.4114780663230792,0.3109557937946769,0.5257670386792457,0.0,True,1.6970562748477145,0.025,0.02,0.02,0.5,0.1,0.06,0.0,44,73
3.945947668568764,-0.9975228473750054,0.0114553172306825,-0.1416788525292611,21.624830991240657,-0.9559056870448116,0.967420569372262,0.4146633579452645,0.2450787896605548,-0.581442065725395,0.0,True,1.6970562748477145,0.025,0.02,0.02,0.5,0.1,0.06,0.0,44,74
3.947500918571976,-0.999198262866694,-0.0008205447119986,0.0981278500944311,11.488151379684574,-1.3831990038590796,1.044300421727705,0.5795608427204908,0.4018456956673975,-0.4068129986401416,0.0,True,1.6970562748477145,0.025,0.02,0.02,0.5,0.1,0.06,0.0,44,75
3.947267022126687,-1.003788753742666,0.0048186104731838,-0.020348101870466,14.911474154602594,-0.6202745065420032,0.6223893109834933,0.5636192516369101,0.467154757377511,-0.0853950712399465,0.0,True,1.6970562748477145,0.025,0.02,0.02,0.5,0.1,0.06,0.0,44,76
3.94655083135242,-0.9991048884399356,0.0059014957149201,-0.1779532324822241,36.714072594630025,-0.7542056107283344,0.60576518059489,-0.0674852411596949,-0.3773507478333802,0.652170164223997,0.0,True,1.6970562748477145,0.025,0.02,0.02,0.5,0.1,0.06,0.0,44,77
3.945276409114022,-1.0002176844377404,0.0269623353246463,-0.0851254630863165,37.786680392297455,-0.6628648782077882,0.6649818371260086,-0.2154534802051957,-0.3956277932550771,-0.7750725437166734,0.0,True,1.6970562748477145,0.025,0.02,0.02,0.5,0.1,0.06,0.0,44,78
3.946791233751231,-1.0025060564406203,-0.0029637770179616,-0.4335740313635972,29.326593147856386,-0.9149535691294836,0.683668497751933,-0.3568510146972339,-0.4832523287640067,0.1464122784509065,0.0,True,1.6970562748477145,0.025,0.02,0.02,0.5,0.1,0.06,0.0,44,79
3.946068392882772,-0.9988414483119682,0.0072848822208623,-0.1263126784517219,39.97425643790544,-1.0210116007395555,0.6948845296322865,0.4395487663460611,-0.3611914710990775,0.2642388428507052,0.0,True,1.6970562748477145,0.025,0.02,0.02,0.5,0.1,0.06,0.0,44,80
3.947251833475052,-0.9976669941613536,0.0010665180284921,0.039057455855926,7.473642129646166,-0.9455193291308994,0.7082743351630736,-0.0155574489575571,0.1791938317936046,-0.0511770786757899,0.0,True,1.6970562748477145,0.025,0.02,0.02,0.5,0.1,0.06,0.0,44,81
3.9474145153212343,-0.999542394770731,-0.0153555714297021,-0.4323599697992657,10.814071912150446,-0.8579008272645829,0.7646726769861871,-0.0316346346525753,0.3936125055969934,-0.1434544277099527,0.0,True,1.6970562748477145,0.025,0.02,0.02,0.5,0.1,0.06,0.0,44,82
3.9473584984479047,-1.001916711492077,-0.0028752642829111,0.0077734397082664,8.459746344711498,-0.8858516041192885,0.8748534637543646,0.6087952418588582,-0.0058044267153307,0.0400114936372952,0.0,True,1.6970562748477145,0.025,0.02,0.02,0.5,0.1,0.06,0.0,44,83
3.946752620836626,-1.0016498506815878,0.0161782461114681,0.0638718131806559,18.005188889998664,-0.9055504345092552,0.8944519379530522,-0.1875730293085382,0.2360512035707545,0.0013686115823379,0.0,True,1.6970562748477145,0.025,0.02,0.02,0.5,0.1,0.06,0.0,44,84
3.946652037039686,-1.0014435364140823,0.0020041662762158,-0.1767454452344488,28.88094736125841,-0.8402372503349298,0.9559742658846436,0.3428821674832725,0.5763704294282075,-0.4171981000945901,0.0,True,1.6970562748477145,0.025,0.02,0.02,0.5,0.1,0.06,0.0,44,85
3.946176112641393,-0.9996198928217642,0.0092726066487134,-0.2672482615752933,20.067882013309976,-0.9583061472426628,0.939842001826781,0.5538542479229376,-0.4459703552267495,0.2793094390042299,0.0,True,1.6970562748477145,0.025,0.02,0.02,0.5,0.1,0.06,0.0,44,86
3.946282834650266,-0.9960809776403616,-0.0040933992528179,0.0529956025940876,57.223761200203086,-0.7925406273048949,0.3643658175193955,0.2505255471926011,-0.0305961980393376,0.0483663365008517,0.0,True,1.6970562748477145,0.025,0.02,0.02,0.5,0.1,0.06,0.0,44,87
3.946231506877104,-1.003510099357434,0.0029291833376064,-0.1986763017362509,28.16304534091183,-0.6751243716735189,1.0481667125390215,-0.4864467392819436,0.3816726659734308,-0.0119788131139504,0.0,True,1.6970562748477145,0.025,0.02,0.02,0.5,0.1,0.06,0.0,44,88
3.94657863890302,-1.0042922756016808,0.0070751572568493,0.2073236138824246,0.0556789835777351,-0.7868950096060843,0.9267597783126272,0.2437863304602334,-0.5734781536914293,0.1791581851796173,0.0,True,1.6970562748477145,0.025,0.02,0.02,0.5,0.1,0.06,0.0,44,89
3.947557828732487,-0.9988241734843788,-0.0012464566470124,0.0044729704618076,12.02741647931282,-0.6734872759683697,0.6106754777695986,-0.74487590448497,0.4300533016470955,0.7289895301354821,0.0,True,1.6970562748477145,0.025,0.02,0.02,0.5,0.1,0.06,0.0,44,90
3.946497460807597,-1.0025663726067162,0.0012260687460498,-0.069350057131615,16.66571026195585,-0.3600925042932772,0.8226337102877892,-0.0817772060647765,-0.1378364483761396,0.523817634809792,0.0,True,1.6970562748477145,0.025,0.02,0.02,0.5,0.1,0.06,0.0,44,91
3.946843802474108,-0.9977287791051516,-0.0040759343253761,0.0959106105297111,5.383637049434377,-0.3513018146333486,1.0515920580400326,0.1057755083368943,-0.2092266093760144,-0.2316586463107199,0.0,True,1.6970562748477145,0.025,0.02,0.02,0.5,0.1,0.06,0.0,44,92
3.945786212054221,-0.9982595824529577,0.0251966000170007,-0.0296202145201229,18.80390257564896,-0.7396598439171598,0.7251827846773082,0.6992968197287877,0.4468281713316473,-0.0866054721399316,0.0,True,1.6970562748477145,0.025,0.02,0.02,0.5,0.1,0.06,0.0,44,93
3.9469181408715017,-0.9976904393604342,0.0035442893607643,0.04639194397825,12.95968161702458,-0.6335505040966041,0.5911807084586318,0.2264974939352395,0.5244453598010617,-0.2072909381143444,0.0,True,1.6970562748477145,0.025,0.02,0.02,0.5,0.1,0.06,0.0,44,94
3.9471212985773514,-1.001223872252102,0.0013509109094623,0.2837290214438308,0.7763454148040978,-0.9013238458093972,0.3764996749737452,0.4872519481206163,-0.5151229240555943,-0.1200889352866725,0.0,True,1.6970562748477145,0.025,0.02,0.02,0.5,0.1,0.06,0.0,44,95
3.947042112309472,-0.9960831202677436,-0.0061569879113792,-0.1085688289854784,32.61667444380994,-0.0998674889314017,0.3990189999616991,0.4880748955637393,0.9624875643357772,-0.1677316450262507,0.0,True,1.6970562748477145,0.025,0.02,0.02,0.5,0.1,0.06,0.0,44,96
3.946788689421195,-1.0009857105683295,-0.0123571885326632,-0.094485643257741,22.2082558274183,-1.086677118480786,0.4367229514137101,0.4486798155964697,0.4631947707583024,-0.1487351156315954,0.0,True,1.6970562748477145,0.025,0.02,0.02,0.5,0.1,0.06,0.0,44,97
3.946562585853573,-0.9977920679703256,0.0057470715278689,-0.0094155669243951,7.009744534138605,-0.7856010540935898,0.6994942697294704,0.8867624915132133,-0.665140831387834,-0.4320473396256754,0.0,True,1.6970562748477145,0.025,0.02,0.02,0.5,0.1,0.06,0.0,44,98
3.946467272462461,-0.997223605862101,0.0061787592599184,0.3288719470301728,34.51933996945242,-0.577938890633078,0.5570599745139173,-0.182228602842374,0.6953745119215475,0.8460899449248562,0.0,True,1.6970562748477145,0.025,0.02,0.02,0.5,0.1,0.06,0.0,44,99
0.4957795111796214,-0.1595220522282476,0.0452098254497184,7.161176462330226,16.384886113110177,-2.6282544691562144,2.508848039537633,-1.043796819864841,0.7014191367736111,-0.7032663114461405,-1.0341147183724184,False,3.394112549695429,0.05,0.02,0.02,0.5,0.2,0.06,0.0,36,0
0.498536161215837,-0.158976888373381,0.042910277461666,6.776860389263487,26.72494480717939,-2.2290064962748697,2.0953574481864,-1.1221440407641463,-0.3491414977236547,-0.404419790307011,-0.9616721770042478,False,3.394112549695429,0.05,0.02,0.02,0.5,0.2,0.06,0.0,36,1
0.4980907998302828,-0.1595012081930359,0.0458869722359381,7.174757475042382,27.30309777702079,-2.074871866088926,2.3719330127895715,-1.2469523809560965,0.4584885810936663,-0.4595743811365976,-1.0556947638969163,False,3.394112549695429,0.05,0.02,0.02,0.5,0.2,0.06,0.0,36,2
0.4966687993203696,-0.1612669345449155,0.0453350954239427,6.95673477543228,28.44918561045212,-3.107316320331722,2.1425712203183944,-1.0378390239092876,0.6789943329658995,0.3969788433857681,-1.033882282699147,False,3.394112549695429,0.05,0.02,0.02,0.5,0.2,0.06,0.0,36,3
0.499750191614897,-0.1621560673222002,0.0432531898020367,6.890446113348851,25.424794120102742,-2.4997873137647195,3.500323337548776,-1.079904871055002,-0.2564731523071307,-1.211461506477724,-0.9649425005950024,False,3.394112549695429,0.05,0.02,0.02,0.5,0.2,0.06,0.0,36,4
0.4983550716905216,-0.1580473542789565,0.0445506227429233,6.604741515939248,24.462242041419948,-2.737532799660108,2.455845411012843,-1.1912357583412767,1.0544578877642048,-0.5692728937769039,-1.0164049732026204,False,3.394112549695429,0.05,0.02,0.02,0.5,0.2,0.06,0.0,36,5
0.4958986344399966,-0.1588094780885591,0.0448632208584241,7.076439738338004,31.18008262152056,-2.1758527229948763,2.0986316600597283,-1.0651486908944083,-0.0537279497142063,-0.4160483873462979,-1.02472640199063,False,3.394112549695429,0.05,0.02,0.02,0.5,0.2,0.06,0.0,36,6
0.4998903711656646,-0.1621730423956,0.0432218478845105,7.20608703137337,25.330339430629056,-2.768185464769353,2.546507104284617,-1.1180017694172917,0.1345238172042516,-0.6358455386819253,-0.963890408284958,False,3.394112549695429,0.05,0.02,0.02,0.5,0.2,0.06,0.0,36,7
0.4967424021920166,-0.1621946209545827,0.0439871598969287,6.7789057835896775,23.24360192441082,-2.732881545804304,2.8505845848711,-1.2386033295586405,0.7984317490002546,-1.1605712291454706,-0.9885174822791996,False,3.394112549695429,0.05,0.02,0.02,0.5,0.2,0.06,0.0,36,8
0.4942923695151877,-0.1593615580207391,0.04719362244874,6.873664079170367,23.21993795396445,-2.364021047100928,2.2492257330059755,-1.2935606878614496,0.686419590240563,-1.0727004220119611,-1.098070636938998,False,3.394112549695429,0.05,0.02,0.02,0.5,0.2,0.06,0.0,36,9
0.4981540715550523,-0.158091207677806,0.0432995073000119,6.44958871428487,26.287522432911945,-1.8091094717880665,3.010037421613534,-0.9267805782889312,0.7567509649833355,-1.2633965545652952,-0.976276090880344,False,3.394112549695429,0.05,0.02,0.02,0.5,0.2,0.06,0.0,36,10
0.4945511808223168,-0.1605582197011755,0.0446747895194563,7.023834797474802,27.47879426714941,-3.053566205473357,2.244985797413552,-1.0315449817282416,0.677194115653753,0.0135596474276191,-1.0145804664904428,False,3.394112549695429,0.05,0.02,0.02,0.5,0.2,0.06,0.0,36,11
0.4949778683954386,-0.1599898830338327,0.044653723850038,6.6120184426782345,17.483010338877783,-2.640567889221216,2.3015331525122447,-0.6203449520948214,0.6070486495032562,-0.3846203619480115,-1.0152447718162918,False,3.394112549695429,0.05,0.02,0.02,0.5,0.2,0.06,0.0,36,12
0.4976593102481159,-0.1617434198318832,0.0454414500621064,6.632099059145565,27.016691993429653,-2.633224313860066,2.924467846557154,-1.0188460906915064,0.1742634432417346,-0.3537665678534928,-1.0360826357759985,False,3.394112549695429,0.05,0.02,0.02,0.5,0.2,0.06,0.0,36,13
0.4954108645169503,-0.1600984156942326,0.0444957021480851,6.899857151402452,48.21656295717325,-4.066625739541635,3.063430341285064,-1.2303155215062014,1.3513509090969982,-0.5409738084589906,-1.0099016192015509,False,3.394112549695429,0.05,0.02,0.02,0.5,0.2,0.06,0.0,36,14
0.4961958395015169,-0.1570100526479677,0.0415766013024184,7.038876756612252,30.945712516442885,-2.957735147485489,3.35973630063007,-1.1342507428040065,0.8883832589736959,-0.4709598369222885,-0.9238553649521764,False,3.394112549695429,0.05,0.02,0.02,0.5,0.2,0.06,0.0,36,15
0.5007765454405053,-0.1606686956284066,0.0429191344889794,6.921103430098016,26.07513035101585,-4.141641226399695,3.566280301480827,-1.135733392747782,0.7820505642849537,-0.622782769370648,-0.9577608414127378,False,3.394112549695429,0.05,0.02,0.02,0.5,0.2,0.06,0.0,36,16
0.4942696629609296,-0.1592845847432478,0.0454049424214976,6.650727411505051,38.73625304632064,-3.2603549236496185,2.6867802673615664,-1.172553665544876,0.2848698558275756,-0.6130726029777186,-1.0410189743264742,False,3.394112549695429,0.05,0.02,0.02,0.5,0.2,0.06,0.0,36,17
0.4941081952389348,-0.1586258860109425,0.0437865131032949,6.864064600229652,25.73371901379246,-2.048816835811728,2.6255488837385754,-1.2156408117654414,0.1737059916382096,-0.431461452048609,-0.9908198011648396,False,3.394112549695429,0.05,0.02,0.02,0.5,0.2,0.06,0.0,36,18
0.4985870711519753,-0.1612700426121228,0.0418678522019193,6.729161822623333,30.649781660419027,-2.4844068847917065,2.2914244711120526,-0.9707805196599484,0.5368890998016828,-0.6842507256940942,-0.9228079439232068,False,3.394112549695429,0.05,0.02,0.02,0.5,0.2,0.06,0.0,36,19
0.4986503679562125,-0.1601166717907108,0.0446026966668571,6.501634551768964,34.282406693692046,-3.9325289892216686,2.687526256930997,-0.8495619540405744,0.0174687514706777,-0.6316386309565256,-1.0130872589643505,False,3.394112549695429,0.05,0.02,0.02,0.5,0.2,0.06,0.0,36,20
0.495009673067631,-0.1583589743153008,0.0447261174365437,6.850866485337425,19.560182256896404,-3.0078725656895733,2.2918684792534463,-1.490885610667126,0.3101313696096434,-1.31091569089977,-1.0214736392286217,False,3.394112549695429,0.05,0.02,0.02,0.5,0.2,0.06,0.0,36,21
0.4971699456192752,-0.1623440865049991,0.0433938958044517,6.586716573035801,25.9922617077788,-2.5988364560576818,3.676577141281182,-0.9158450560725484,0.9725956836285984,-0.4579179802460067,-0.9691486613933024,False,3.394112549695429,0.05,0.02,0.02,0.5,0.2,0.06,0.0,36,22
0.4965271074939112,-0.158366035502952,0.045906397916393,6.468155792343412,37.57200505271707,-2.905746080468681,3.0489159617051413,-1.087597544173101,0.7466731810861478,-0.7800669325873383,-1.0591346216678583,False,3.394112549695429,0.05,0.02,0.02,0.5,0.2,0.06,0.0,36,23
0.4941678548623249,-0.1613782161677341,0.0447907657956713,6.687035590819059,46.94610470273643,-2.4517983359551065,3.253820208043748,-1.2638268297371007,1.0379501251906604,-1.1790078364604748,-1.016346715367182,False,3.394112549695429,0.05,0.02,0.02,0.5,0.2,0.06,0.0,36,24
0.4967057879574199,-0.1613994610463162,0.046373859622217,6.390981799317136,34.29970424417756,-2.4541069509162234,1.408977764763547,-1.029917748781085,0.5927302309496306,0.1665369054283743,-1.0668024541223429,False,3.394112549695429,0.05,0.02,0.02,0.5,0.2,0.06,0.0,36,25
0.5007657876476066,-0.1618750686654261,0.0418344480883505,7.120977583503545,32.6978834855186,-3.1335547121678538,3.2151604136926792,-0.8880404003012754,0.5428633862882268,-1.367890546339971,-0.9201562267713382,False,3.394112549695429,0.05,0.02,0.02,0.5,0.2,0.06,0.0,36,26
0.4942930416081743,-0.1604033343598946,0.0446946036587748,7.02702765358225,33.31828869727083,-3.666784286891373,2.4919079903383627,-1.0217206807914492,0.4396561487491776,-0.7505986515761408,-1.015601732120559,False,3.394112549695429,0.05,0.02,0.02,0.5,0.2,0.06,0.0,36,27
0.4972161003454127,-0.1635758221392664,0.0456398645760129,6.480302909574541,20.343217854456853,-2.359212354270029,3.2141716419675435,-1.2210418546055308,0.5557105762745116,-0.6998547202732917,-1.038060727277451,False,3.394112549695429,0.05,0.02,0.02,0.5,0.2,0.06,0.0,36,28
0.498220446397786,-0.1632960141528187,0.0451664782977954,6.917557666325675,27.87922520117319,-3.3789812856277326,2.707920108203222,-1.022245068124254,1.2821223001055362,-0.5850183712673181,-1.0235236447788223,False,3.394112549695429,0.05,0.02,0.02,0.5,0.2,0.06,0.0,36,29
0.4938163986726172,-0.1589317497655222,0.0451035944170907,6.808901456802925,33.40480968016675,-2.4292353655794843,2.7596169377357587,-1.1833032550224682,0.5687332964695455,-0.5299562821058443,-1.0322498379892937,False,3.394112549695429,0.05,0.02,0.02,0.5,0.2,0.06,0.0,36,30
0.4921559663330219,-0.1571048370939521,0.0440671071036389,6.972022785389307,24.092654203270712,-3.1484114580276668,2.7504523499036666,-1.6064699894241947,1.7261797864868034,-0.2950537803322022,-1.0035664603109813,False,3.394112549695429,0.05,0.02,0.02,0.5,0.2,0.06,0.0,36,31
0.4999088154347487,-0.1604996401775902,0.0437252808837868,6.813035482682829,30.827478211386,-3.0318707039025345,2.097825109031483,-1.1860003445755458,1.2749048294457854,-1.055666569114475,-0.9840153229288784,False,3.394112549695429,0.05,0.02,0.02,0.5,0.2,0.06,0.0,36,32
0.4979622867561073,-0.1604366242805666,0.0444160865420774,6.633006005427485,21.49975941638616,-3.312523397811131,3.110772474309376,-1.0826604745344277,0.8832581832971134,-0.0639941110630082,-1.006389133867752,False,3.394112549695429,0.05,0.02,0.02,0.5,0.2,0.06,0.0,36,33
0.4977747657208027,-0.1602126091447656,0.0449845398127945,6.377125336833641,31.76514769804777,-2.4886837909100983,2.6882187661467336,-0.8157243669052383,0.2094020539982845,-0.6657147389430191,-1.0251285261187393,False,3.394112549695429,0.05,0.02,0.02,0.5,0.2,0.06,0.0,36,34
0.5000367766508544,-0.1580449703214495,0.0430226114036513,7.065308201763907,20.327112165786343,-3.1689432486689912,2.699033528337869,-1.2041803828940776,0.8949951884130359,-0.4798109297039035,-0.9674134295463116,False,3.394112549695429,0.05,0.02,0.02,0.5,0.2,0.06,0.0,36,35
0.4935412153983869,-0.1579219659947328,0.0443739180778033,6.804066415022998,32.607236302087536,-3.1462781810227143,1.921575593170292,-1.0539296792748332,0.6721360968886608,-0.9047736308001202,-1.0113401871784442,False,3.394112549695429,0.05,0.02,0.02,0.5,0.2,0.06,0.0,36,36
0.4995251316850227,-0.1631748080254308,0.0449922522913983,6.724772612671416,22.57339079716379,-3.611341330507387,3.3063304471043,-0.9750156722118266,1.2771532707126685,-0.2019963268622026,-1.0181610261626113,False,3.394112549695429,0.05,0.02,0.02,0.5,0.2,0.06,0.0,36,37
0.4949026909995183,-0.1618102385016898,0.0482045474133124,6.286446889416958,29.10925193793123,-2.8710390323414456,3.2072818894629385,-1.3371087263929564,0.3663645774961586,-0.258195057735236,-1.1245067833619715,False,3.394112549695429,0.05,0.02,0.02,0.5,0.2,0.06,0.0,36,38
0.493090184231954,-0.1570358105895422,0.044731187835709,6.810687587730294,35.71310715153502,-2.5267990770581576,2.5702651307701494,-1.2732197212006957,-0.3321818817743841,-1.4708525929126297,-1.02492665427387,False,3.394112549695429,0.05,0.02,0.02,0.5,0.2,0.06,0.0,36,39
0.4915458053020292,-0.1579503023890841,0.0424823368658894,6.494838174826996,28.403471096982724,-3.674223452903214,2.586979208196815,-1.1109403901741928,1.3701091823841365,-1.2373007223215855,-0.950861305656539,False,3.394112549695429,0.05,0.02,0.02,0.5,0.2,0.06,0.0,36,40
0.4967346002252237,-0.1593622572148832,0.0405193103418589,7.111199429393213,25.740563234880096,-3.237064548656496,2.937216037764852,-1.150643861127955,0.2167828764572403,-0.8614572567024139,-0.884344437610254,False,3.394112549695429,0.05,0.02,0.02,0.5,0.2,0.06,0.0,36,41
0.4961575924683237,-0.1584852439543772,0.0452035317191361,6.48693339872962,31.516993183363265,-2.7976033766191564,2.914050614221113,-1.199189807614134,0.6822329525017052,-0.1511079393012666,-1.0363789739737532,False,3.394112549695429,0.05,0.02,0.02,0.5,0.2,0.06,0.0,36,42
0.4973966577490361,-0.1607474478769458,0.0451022095823309,6.562074482680779,25.76768680540075,-2.866340205592995,1.63334875007368,-0.8700871908509857,-0.0707469428449455,0.4117157123702588,-1.027633032264977,False,3.394112549695429,0.05,0.02,0.02,0.5,0.2,0.06,0.0,36,43
0.4936867394521161,-0.1616609991180692,0.045224835631269,6.967911822247874,30.303909222448297,-2.3690529872171293,2.3082245791169576,-1.0813899414530364,0.5718187638024022,-0.7097734564843623,-1.0295871379501176,False,3.394112549695429,0.05,0.02,0.02,0.5,0.2,0.06,0.0,36,44
0.4941477776115029,-0.1588607720089684,0.0455916769568721,7.025888769889587,25.02377152802439,-1.8167711553605803,3.425051205324257,-1.233095333133235,0.5842576849908625,-0.7402018483945686,-1.048018943141694,False,3.394112549695429,0.05,0.02,0.02,0.5,0.2,0.06,0.0,36,45
0.4967505054641745,-0.1616700597860974,0.0441637498694988,7.061400245431874,37.71834526847307,-3.1751100955217364,3.607681718918181,-0.8678412677793351,0.6678984992943152,-0.8229881136744939,-0.9954268220094776,False,3.394112549695429,0.05,0.02,0.02,0.5,0.2,0.06,0.0,36,46
0.4970200237472519,-0.1616059302472348,0.0463760034702426,6.95898405484577,32.34356841559263,-2.654874421203909,2.4852301314265524,-1.2097921636551632,0.8577978492237817,-1.0073295608798043,-1.0663566770295674,False,3.394112549695429,0.05,0.02,0.02,0.5,0.2,0.06,0.0,36,47
0.4952241911533417,-0.160187182294969,0.0479803123631592,6.731745089563857,35.61849626421662,-3.4014538415238125,2.854538041167374,-1.036669671011605,0.2702234161996291,-0.6114507674878309,-1.121207306643971,False,3.394112549695429,0.05,0.02,0.02,0.5,0.2,0.06,0.0,36,48
0.5007497818627198,-0.1585602254783298,0.0419964506563973,6.54473863577074,31.79462401625765,-2.060309941961349,2.489180460358968,-0.969731619258596,0.2547479107486617,-0.6476267626378119,-0.9332968929449612,False,3.394112549695429,0.05,0.02,0.02,0.5,0.2,0.06,0.0,36,49
0.4972031428534332,-0.1607342425122354,0.0460625899684252,6.55576859609377,31.44005541424114,-2.533069440349521,3.35031487404987,-0.9064243035852508,0.7361746984061713,-0.7781357614100448,-1.058408508389037,False,3.394112549695429,0.05,0.02,0.02,0.5,0.2,0.06,0.0,36,50
0.4959720479831221,-0.1583042180694416,0.0450584791834941,6.656391200971672,36.717780746664126,-3.851119090637906,2.832356959182773,-0.8974515814038234,-0.1397618311267786,-0.9021212724097132,-1.0321828876261658,False,3.394112549695429,0.05,0.02,0.02,0.5,0.2,0.06,0.0,36,51
0.497948384042382,-0.1610565093693513,0.0481059122406985,6.645742959197666,23.48441101374879,-1.858532691120622,1.624346164987553,-0.9558260915416866,0.5345372855783375,-0.3509417870745917,-1.1229766661733689,False,3.394112549695429,0.05,0.02,0.02,0.5,0.2,0.06,0.0,36,52
0.4975506631294421,-0.1587230371066943,0.0437324084750923,7.240483005325442,26.37005320587912,-4.038614154449203,2.9482388815966787,-1.1271088381863166,0.95678561915171,-0.3503729186450897,-0.9886487423591208,False,3.394112549695429,0.05,0.02,0.02,0.5,0.2,0.06,0.0,36,53
0.4985995548554118,-0.1572913080014647,0.0414990409234423,7.046474543525379,23.451460963579336,-3.482857441705953,2.282109545947251,-0.99227175254696,0.9526655017032828,-0.3088578264335456,-0.920554197055316,False,3.394112549695429,0.05,0.02,0.02,0.5,0.2,0.06,0.0,36,54
0.4989518130984933,-0.1626210638175232,0.0422131897455675,6.909274692541765,19.445324858557377,-2.8675068754686164,3.357297321665825,-1.296596335436455,0.5455985474754796,-0.0180292541104838,-0.9305944099101948,False,3.394112549695429,0.05,0.02,0.02,0.5,0.2,0.06,0.0,36,55
0.4949872307067045,-0.1598014977825192,0.0471844797197197,7.093175452610618,35.80712272489443,-2.660744621588229,3.2714644556735157,-1.2004302081834513,1.0178151500289712,-1.1627809238201403,-1.0966805225105836,False,3.394112549695429,0.05,0.02,0.02,0.5,0.2,0.06,0.0,36,56
0.4992838769302847,-0.1574227948617389,0.0408433891849784,6.777477421607999,26.145263932215972,-3.4774347375634806,2.22058996478367,-1.17903187577169,1.080654620137833,-0.0500432095178242,-0.8992167136353193,False,3.394112549695429,0.05,0.02,0.02,0.5,0.2,0.06,0.0,36,57
0.4955173432811809,-0.1605775613315985,0.0462491379064766,6.619900687942057,36.24721155598813,-2.554005282398553,3.104882902236485,-1.2780587829837586,0.0699893889603187,-0.8984983086320009,-1.0648552252145456,False,3.394112549695429,0.05,0.02,0.02,0.5,0.2,0.06,0.0,36,58
0.4976493475610246,-0.1601119703630352,0.0392187606540115,6.794765246106194,29.75870787682351,-3.5811902847292245,2.5857137485612487,-0.8217799466315453,-0.0543696239673031,-1.1674056693275172,-0.8408726512034248,False,3.394112549695429,0.05,0.02,0.02,0.5,0.2,0.06,0.0,36,59
0.4990401607935656,-0.1615334025235549,0.0456649089291397,6.904289449084634,26.89007149964772,-4.223004052534465,2.8037565580022807,-1.1210253623909807,1.4317594729155878,-0.7651000399931733,-1.0436545100283254,False,3.394112549695429,0.05,0.02,0.02,0.5,0.2,0.06,0.0,36,60
0.4990388286353137,-0.1584961013848238,0.0414569613708486,6.988984975757319,20.50362247113784,-2.9119675844336657,2.5372692475776693,-0.9294753590697054,0.4813958497788038,-0.2006132280343583,-0.916289790825462,False,3.394112549695429,0.05,0.02,0.02,0.5,0.2,0.06,0.0,36,61
0.50023243691829,-0.1594247682226389,0.0432728094894931,6.615939814873954,34.641329982218366,-3.2877026610823434,2.706649780113416,-1.0249268538090377,0.1113591516022873,-0.7947602586035083,-0.972096513714349,False,3.394112549695429,0.05,0.02,0.02,0.5,0.2,0.06,0.0,36,62
0.4987322474405923,-0.1593551326850731,0.0444764861679801,6.914910836918461,29.401403789600657,-3.767450733896919,2.389056931755833,-1.2373466238798891,0.4556199915419483,-0.7546833028451445,-1.0108713040847528,False,3.394112549695429,0.05,0.02,0.02,0.5,0.2,0.06,0.0,36,63
0.4969017307772729,-0.1601282248402666,0.0400742481419709,6.984164930351917,21.21478053684105,-2.727343037187401,2.16841472471391,-0.9118788458154632,0.8667947321332903,-0.4794951227722656,-0.8682540970797952,False,3.394112549695429,0.05,0.02,0.02,0.5,0.2,0.06,0.0,36,64
0.4977392617538027,-0.1609792923542389,0.0441666056474775,6.914859057275242,20.08665774847642,-2.180565318753024,2.9198693922273016,-1.0895655542011324,0.6354629257250444,-0.3220725361314701,-0.9971167233638808,False,3.394112549695429,0.05,0.02,0.02,0.5,0.2,0.06,0.0,36,65
0.4992059967645488,-0.1593468150275071,0.0431881853774957,6.755616834031966,20.910871621163608,-3.3449829589067765,3.1642193538838046,-1.2662491148336512,0.2989537363624807,-1.2408183015787595,-0.9696372162079748,False,3.394112549695429,0.05,0.02,0.02,0.5,0.2,0.06,0.0,36,66
0.4954519971665942,-0.1598128148333073,0.0412252480382716,6.426186732627452,41.73466934109946,-3.0365206509126077,3.810237180239559,-0.9643850928522312,0.3122054621142215,-0.8911119421162417,-0.9059300617947604,False,3.394112549695429,0.05,0.02,0.02,0.5,0.2,0.06,0.0,36,67
0.4957645453207319,-0.1618943904719543,0.0464045076241484,6.971522739925228,23.716541874053547,-2.377846707529792,3.385517975788831,-1.0821195024574322,0.4035756669233922,-0.5127845078366835,-1.0666518341208162,False,3.394112549695429,0.05,0.02,0.02,0.5,0.2,0.06,0.0,36,68
0.4965641689380367,-0.1610639998686134,0.044797554114992,7.136030348796516,26.41639609096154,-2.6959426006150093,2.556803337640419,-1.2175539946917002,0.8808250032518868,-0.1262969704060368,-1.017174281858791,False,3.394112549695429,0.05,0.02,0.02,0.5,0.2,0.06,0.0,36,69
0.4902322720810961,-0.1591283929143596,0.0483099197288059,6.582867544417968,34.30311325123066,-2.824386505342844,2.8048048739839357,-0.9013836089343104,0.3317299097880367,-1.0968082297621558,-1.1345953520024603,False,3.394112549695429,0.05,0.02,0.02,0.5,0.2,0.06,0.0,36,70
0.4962818711135511,-0.1594328740835156,0.0448552728089097,6.679604764060594,33.80398244005769,-3.5520337353804443,4.1966908774714735,-0.902710842415946,0.5879909061022135,-0.8610886723082245,-1.0229529198178626,False,3.394112549695429,0.05,0.02,0.02,0.5,0.2,0.06,0.0,36,71
0.4974794297499352,-0.1596256956268795,0.0463899389257855,6.632133935028388,23.706009550566232,-4.1388168838731945,3.153053515456346,-1.002782219164938,0.64767459912459,-0.1511348011904274,-1.07152761033563,False,3.394112549695429,0.05,0.02,0.02,0.5,0.2,0.06,0.0,36,72
0.4989739310798911,-0.1605357988177779,0.0431321378164445,6.570664498748684,29.153989451854084,-3.2896382939255524,3.422351808437337,-0.8203067728474897,1.3133788198017495,-0.3577197239302165,-0.965004057098764,False,3.394112549695429,0.05,0.02,0.02,0.5,0.2,0.06,0.0,36,73
0.4984417891689268,-0.1597101306022165,0.0436793288949068,6.712037422514399,12.628810703072851,-1.4272268024815804,3.1076389271058145,-1.0729102003035338,0.3966576216492843,-0.5865651240791472,-0.9845277038415636,False,3.394112549695429,0.05,0.02,0.02,0.5,0.2,0.06,0.0,36,74
0.4983713625528912,-0.1594497006503718,0.044763253118252,6.636766988336378,30.93113003392235,-2.7354244547966458,2.655963662188588,-0.943511486355241,0.5219487089594947,-0.3154456750174251,-1.0198425364699988,False,3.394112549695429,0.05,0.02,0.02,0.5,0.2,0.06,0.0,36,75
0.4999469484114852,-0.161605213570661,0.0436557634488881,6.79289829384598,21.33652248603101,-3.04051437767907,2.799268204541766,-1.087930816985183,0.7431326285863284,-0.4511668088793449,-0.979135100890144,False,3.394112549695429,0.05,0.02,0.02,0.5,0.2,0.06,0.0,36,76
0.5002924162709629,-0.1605838139954543,0.0435208798221117,6.847079081142597,37.36597631840405,-1.7847664704194892,2.8875881359402453,-1.0241504277663254,0.7218760082330535,-0.9398770145713948,-0.9772494557422284,False,3.394112549695429,0.05,0.02,0.02,0.5,0.2,0.06,0.0,36,77
0.4951392069823295,-0.1584645842682098,0.043540122858931,6.63580122896332,27.908844628438864,-2.6167406893169893,1.9188592433949647,-1.0477585563071257,0.7098918819864508,-0.8927517942187225,-0.9832605768231506,False,3.394112549695429,0.05,0.02,0.02,0.5,0.2,0.06,0.0,36,78
0.4953086362638652,-0.1581750949893351,0.044816298699131,6.832220830465063,29.87903458634911,-4.177647013273328,2.845439620454121,-0.9114493560279084,0.1888877700160495,-1.1689309462667192,-1.0247828122219562,False,3.394112549695429,0.05,0.02,0.02,0.5,0.2,0.06,0.0,36,79
0.4990963311528358,-0.1600261562262406,0.0423002503310128,7.059885002573899,27.69841877746033,-2.8376332378328097,3.106094809464481,-1.395095342689142,0.4184199628270859,-0.8557793953967284,-0.9395994557802652,False,3.394112549695429,0.05,0.02,0.02,0.5,0.2,0.06,0.0,36,80
0.4990883411262946,-0.1588783821428815,0.0443654561944134,7.404573726972446,22.45034654062911,-3.368917348696904,3.6789967410250632,-1.1818362635397792,0.5425287180112661,-0.5350756397077758,-1.0084411806107385,False,3.394112549695429,0.05,0.02,0.02,0.5,0.2,0.06,0.0,36,81
0.4921684709264096,-0.1594719206079475,0.0432334942090134,6.918201571154008,41.98517105919474,-3.2904960154483005,2.974402725699566,-1.2157680648831604,0.7718814392543085,-0.9897732302435808,-0.9712090969737732,False,3.394112549695429,0.05,0.02,0.02,0.5,0.2,0.06,0.0,36,82
0.4971911472093811,-0.1577209337577062,0.0418821658208469,6.776347734129303,29.85242747051903,-2.615402430039614,2.8970212007810408,-0.9749568926568208,0.3574314437419255,-0.7101422929398982,-0.9318675964160446,False,3.394112549695429,0.05,0.02,0.02,0.5,0.2,0.06,0.0,36,83
0.4984362037916011,-0.1643147021068869,0.046453081677047,6.984913358006166,23.40855114459996,-2.3051579667810174,3.5230867578780263,-1.1949099394311489,0.078307977489024,-0.3208298138688701,-1.06223715638148,False,3.394112549695429,0.05,0.02,0.02,0.5,0.2,0.06,0.0,36,84
0.4937386160481693,-0.1598557762854365,0.045662222320947,6.463305390060533,46.88699138887316,-2.862136935139637,2.7386631417885163,-0.7877904620623666,1.2266945325267975,-0.9013314258991292,-1.0479129342223683,False,3.394112549695429,0.05,0.02,0.02,0.5,0.2,0.06,0.0,36,85
0.4963495728370246,-0.1607010208961403,0.0427638799875411,6.773123120310898,20.1360418220127,-2.892004674163601,3.0028450321487976,-1.2574609346679129,0.734789405764251,-0.5040801272691369,-0.952980735080358,False,3.394112549695429,0.05,0.02,0.02,0.5,0.2,0.06,0.0,36,86
0.4978475172042866,-0.1608896556229969,0.0431992972851679,6.898373080349256,17.850088799924226,-3.1275469965912186,2.7999498561261835,-0.9394801438799938,0.8406057829517596,-0.2237613870029654,-0.9663714885979244,False,3.394112549695429,0.05,0.02,0.02,0.5,0.2,0.06,0.0,36,87
0.4965813487451933,-0.1601691778218161,0.0454984053111758,6.957638996926211,28.714282051041295,-3.618396089811776,2.5354040203429173,-1.0262520065609615,0.6685627804622631,-0.2427639468758587,-1.0417480622605575,False,3.394112549695429,0.05,0.02,0.02,0.5,0.2,0.06,0.0,36,88
0.4957402482208812,-0.1615853298325457,0.0444853972173386,7.169319755958631,27.44413452341064,-2.438372592670546,1.5800631391730644,-1.1669711076054137,0.8159793603485858,-0.7279234427215524,-1.0059835044634733,False,3.394112549695429,0.05,0.02,0.02,0.5,0.2,0.06,0.0,36,89
0.4940660515049983,-0.159521797822818,0.0459816841727432,6.997653191210103,25.03510373105746,-2.4989644636351604,1.8811597995688656,-0.7847724779392207,0.7332382856396599,-0.7778010160624014,-1.0589176156627205,False,3.394112549695429,0.05,0.02,0.02,0.5,0.2,0.06,0.0,36,90
0.4955103735263815,-0.1604149698649687,0.0473144870062762,6.817049090103387,37.69156424174909,-2.920688498716046,2.736676799447438,-0.8995825274175318,1.1882967633544357,-0.878321252850254,-1.0993370341133335,False,3.394112549695429,0.05,0.02,0.02,0.5,0.2,0.06,0.0,36,91
0.4998436799177805,-0.1603330188307521,0.0420302509133812,6.70737541529298,34.0827235863951,-3.437823855097215,1.7772773495316252,-1.004353818510298,1.200436338642043,-0.0996461086680073,-0.9301781632393294,False,3.394112549695429,0.05,0.02,0.02,0.5,0.2,0.06,0.0,36,92
0.4944476142420289,-0.1602323513135881,0.0452305837388688,6.507924164646695,39.64104221449281,-3.2674788253778044,2.90883295155227,-1.0733635767143936,0.4877869200316202,-0.90709067889473,-1.0331541796366714,False,3.394112549695429,0.05,0.02,0.02,0.5,0.2,0.06,0.0,36,93
0.4956059145897909,-0.1594695539832772,0.0452541495525855,6.885390721122542,33.68929197748219,-2.5754189256829974,2.514647093165264,-0.7481780683960186,1.0803584917568856,-0.511086801583861,-1.035669501247484,False,3.394112549695429,0.05,0.02,0.02,0.5,0.2,0.06,0.0,36,94
0.4994564374785102,-0.1603646993628995,0.046630249555909,6.719108917706301,19.765863945904293,-2.3227934728954427,3.121077984351001,-1.2649794321074292,0.7557878239588535,-0.9374965293129623,-1.0773253210694187,False,3.394112549695429,0.05,0.02,0.02,0.5,0.2,0.06,0.0,36,95
0.4996744029257222,-0.1564897556510912,0.0403303786991939,7.1324972004059,11.653536136589668,-3.007936498933548,2.527806307076744,-1.0592622127324904,0.6569414704792944,-0.6494584674544951,-0.885016240636044,False,3.394112549695429,0.05,0.02,0.02,0.5,0.2,0.06,0.0,36,96
0.4999414452460367,-0.1619092045064377,0.0454568336006987,6.896834510845236,33.18627734064915,-3.34515704829964,2.861159318269414,-1.260477692232028,1.2079342297658933,-0.9987635613116426,-1.0360400976921462,False,3.394112549695429,0.05,0.02,0.02,0.5,0.2,0.06,0.0,36,97
0.4977055324153771,-0.1574543906733229,0.0412886978530606,6.663921322316986,37.464037191603616,-3.2504112691290667,2.830616672242789,-1.024072671114834,1.8139607285947248,-0.7414832328099983,-0.9134854617370424,False,3.394112549695429,0.05,0.02,0.02,0.5,0.2,0.06,0.0,36,98
0.4935266911939475,-0.1606307715597227,0.0460861876437523,6.8320728863798985,38.90163905892072,-2.9895304000724785,3.1426395807028644,-1.0954457145112984,0.8199455764792705,-1.1245563537193832,-1.0596325513851053,False,3.394112549695429,0.05,0.02,0.02,0.5,0.2,0.06,0.0,36,99
1.7845773731722454,-0.4215113039936579,0.0812448236405325,10.655421446492127,28.616952733467347,-6.912648202953599,5.715547530865573,0.1919532002094708,1.7599499213425722,-1.930660263080076,-1.481132584521928,False,3.394112549695429,0.05,0.02,0.02,0.5,0.2,0.06,0.0,40,0
1.7885104785029764,-0.4268775780687123,0.0682050593792117,10.874959469613824,-2.620542053653922,-5.19528951877657,5.159606148475486,-0.013622184487277,1.1782737583943526,-2.1747480023022385,-1.0507450840596873,False,3.394112549695429,0.05,0.02,0.02,0.5,0.2,0.06,0.0,40,1
1.7844705416402968,-0.4303949821457033,0.0780983489072739,10.397294199709332,23.11104649467008,-6.117948240771797,4.877054865293992,0.2055518386574141,1.106745854046035,0.6648533836568888,-1.3591309753846614,False,3.394112549695429,0.05,0.02,0.02,0.5,0.2,0.06,0.0,40,2
1.7894085428703974,-0.4261503037239295,0.0713623660484844,11.129729259184518,10.660333728055248,-5.584937096539788,7.203891628889097,0.360905224900379,0.711438599253699,-1.312148998998889,-1.1534704720418487,False,3.394112549695429,0.05,0.02,0.02,0.5,0.2,0.06,0.0,40,3
1.7877158249321348,-0.4219152973809663,0.0751914475755672,10.706869239514235,7.977941442137832,-6.075027087006093,9.366113475218343,0.3771710361175582,0.9153908868799898,-0.4992720045436934,-1.286266659207904,False,3.394112549695429,0.05,0.02,0.02,0.5,0.2,0.06,0.0,40,4
1.7897370553155705,-0.4312594776867932,0.0845678458470847,10.46935048239267,17.493438417300816,-6.364401056044512,4.718712921949868,0.4299287412407171,-0.3222011078401943,-0.424400658737128,-1.5637640973394733,False,3.394112549695429,0.05,0.02,0.02,0.5,0.2,0.06,0.0,40,5
1.7912953533141855,-0.4240318693901688,0.077990472743182,10.35278327399988,-7.425331869260663,-7.39279580898058,7.724900288924581,0.4558858424227803,1.4640534257872804,-2.115802379865842,-1.3705409200465697,False,3.394112549695429,0.05,0.02,0.02,0.5,0.2,0.06,0.0,40,6
1.7954844147763274,-0.4259797036865529,0.0796883272745191,9.994925848743849,-7.600277716315555,-7.283816063493055,6.073522031917092,0.4578648383476558,1.128633926163977,-1.102099258126128,-1.419946119050307,False,3.394112549695429,0.05,0.02,0.02,0.5,0.2,0.06,0.0,40,7
1.7909074560791176,-0.4277643087694962,0.0830727411531428,10.310730241951822,29.84351941019249,-6.892165864314586,7.585587114182018,0.5364103925339616,1.7659975988435563,0.3413913252361744,-1.524238928489032,False,3.394112549695429,0.05,0.02,0.02,0.5,0.2,0.06,0.0,40,8
1.7956232642135206,-0.4260075804623009,0.0719644268727265,10.458857052275633,-11.408440327426042,-6.951097973525976,5.336657356218564,-0.2570015860568164,-0.059025773162824,-1.3680409774643612,-1.1727060709649164,False,3.394112549695429,0.05,0.02,0.02,0.5,0.2,0.06,0.0,40,9
1.7880049877216446,-0.4292029103904257,0.0826565485314132,10.519403721693418,11.73215897152275,-7.639288828738314,5.761089927779935,-0.3072356967284277,0.6665438460171959,-0.5084107632546795,-1.5076422688049045,False,3.394112549695429,0.05,0.02,0.02,0.5,0.2,0.06,0.0,40,10
1.7971853419297708,-0.4262359562998278,0.0777285330112925,10.817501975986632,-25.234642291061757,-4.5762665140429215,6.912321349519768,-0.0496077597379834,0.5876185350520188,-1.5820984458447025,-1.356515640725989,False,3.394112549695429,0.05,0.02,0.02,0.5,0.2,0.06,0.0,40,11
1.7863356223783573,-0.4201779325927766,0.0803162402340945,10.107201371108417,-1.0287447038793194,-5.041202290286956,5.8349758295947645,0.3220355195508104,-1.4057834268653646,-1.9982029753211124,-1.4545125119256608,False,3.394112549695429,0.05,0.02,0.02,0.5,0.2,0.06,0.0,40,12
1.7857479004260135,-0.4175481946042034,0.0743164512567059,10.715736524916414,18.04819953408385,-5.283403505083891,4.988941651568146,-0.069249798383728,0.3758604373771413,0.4191359591258907,-1.2688658991389412,False,3.394112549695429,0.05,0.02,0.02,0.5,0.2,0.06,0.0,40,13
1.7959434071426996,-0.4334630035153127,0.0846332678549827,10.091738467206143,-10.577651175639662,-3.3078709373038526,6.061218435364553,0.0971107213032231,0.464456413817599,-1.7977410797285511,-1.560196758494136,False,3.394112549695429,0.05,0.02,0.02,0.5,0.2,0.06,0.0,40,14
1.7915973792344342,-0.4254390602658502,0.0795295004246326,10.877501501288,12.668958585123644,-8.387701363141712,8.289903250144855,-0.1152545797435373,0.379377639168426,-0.1610670144816551,-1.4163944261961392,False,3.394112549695429,0.05,0.02,0.02,0.5,0.2,0.06,0.0,40,15
1.7913715652744555,-0.4259638626828916,0.0774363138728571,10.295894884251956,-20.72323137380192,-5.693277297087453,4.369331519960863,-0.1975894671054254,-0.5833053448536436,-1.1678337924170503,-1.3481664795760209,False,3.394112549695429,0.05,0.02,0.02,0.5,0.2,0.06,0.0,40,16
1.7864243421198605,-0.4199800728819201,0.0797202043418673,11.24283845519244,-17.893514987285837,-8.718777690519458,5.011324644991364,-0.4578544028279301,-0.3817058052191522,0.4344884214026661,-1.4359089034959556,False,3.394112549695429,0.05,0.02,0.02,0.5,0.2,0.06,0.0,40,17
1.7881019912330738,-0.42358942978781,0.0841762955243564,11.430650623624391,3.9488860612309,-7.207409174476511,5.0400937337019,0.268486105926447,1.0551977305947542,0.1569036488151838,-1.5697407058146786,False,3.394112549695429,0.05,0.02,0.02,0.5,0.2,0.06,0.0,40,18
1.794183419608277,-0.4287010762725177,0.0786520387650362,10.873865922488624,-35.96324814487128,-8.31309351818695,6.092624682571945,-0.5675113571507335,1.4661741272764517,0.003369728005429,-1.380331652250621,False,3.394112549695429,0.05,0.02,0.02,0.5,0.2,0.06,0.0,40,19
1.788714204397165,-0.4246366632560807,0.0838548764041904,9.97156649038904,-9.080793211892376,-7.321637863978639,2.365168210047486,-0.2448153210108375,-1.023500091285073,-2.484520221607789,-1.556905200855671,False,3.394112549695429,0.05,0.02,0.02,0.5,0.2,0.06,0.0,40,20
1.791126868143844,-0.4351672210151083,0.0810076435927507,10.713411118514532,23.91421118781228,-5.62792670220704,4.827898594959859,0.1891656599091091,-0.0008820335333321,-0.1800028558155317,-1.4403756524431324,False,3.394112549695429,0.05,0.02,0.02,0.5,0.2,0.06,0.0,40,21
1.7888308263026278,-0.4198055129536481,0.0779944960840661,10.042363797306946,21.813510541398163,-6.419618417280351,7.411170303294494,0.4090575342125262,1.568318970008588,-0.7304220293688006,-1.3809607940232025,False,3.394112549695429,0.05,0.02,0.02,0.5,0.2,0.06,0.0,40,22
1.7931601647170805,-0.4248993172699371,0.07891694941403,10.73403171987202,-16.597890444164918,-7.610206980845093,5.97387206398261,-0.112324232265448,1.346271428176789,-1.148177836959401,-1.397994409918088,False,3.394112549695429,0.05,0.02,0.02,0.5,0.2,0.06,0.0,40,23
1.7908351521738457,-0.4206613673622786,0.0748816165570194,10.130786273580554,-10.281135984197457,-5.653248347455314,5.5230386004686505,0.4759976608762487,0.1338563013497917,-0.987380820598296,-1.2791743390247232,False,3.394112549695429,0.05,0.02,0.02,0.5,0.2,0.06,0.0,40,24
1.7837481644208928,-0.4186923046134765,0.0755730426354706,10.963050461508532,4.937628126989541,-4.649442987822887,6.2833366491100655,-0.0790981583895886,-0.8571152978468006,-1.0613737464001842,-1.306450943397463,False,3.394112549695429,0.05,0.02,0.02,0.5,0.2,0.06,0.0,40,25
1.7944419600459725,-0.4305958527237054,0.0767094868515162,10.637385086134222,-3.214148095355539,-5.939183427282572,7.90393160488304,0.2850021568349439,0.3351017887575265,-0.5865773673008831,-1.31360701510887,False,3.394112549695429,0.05,0.02,0.02,0.5,0.2,0.06,0.0,40,26
1.7791088593647968,-0.4220950857089687,0.0817092688485735,10.885196677766505,-2.4731084947144795,-6.679274022577216,7.019594400942425,-0.2372356908677084,0.8619368289496454,-0.0533561300172946,-1.4949218658909411,False,3.394112549695429,0.05,0.02,0.02,0.5,0.2,0.06,0.0,40,27
1.7899694053837578,-0.4222312392682579,0.0863009776506307,10.69656447244924,-10.862304896581191,-4.012379211944329,5.424844587584705,-0.2082101558776944,0.0254088588339005,0.058431750691011,-1.6408781462533384,False,3.394112549695429,0.05,0.02,0.02,0.5,0.2,0.06,0.0,40,28
1.7798229944051511,-0.4212882950582901,0.0779840627510328,10.296044031657363,15.314169703839225,-8.142209771570307,5.097461983262614,0.5510229255726685,1.3778782508245295,-1.191706555934077,-1.3776087202288467,False,3.394112549695429,0.05,0.02,0.02,0.5,0.2,0.06,0.0,40,29
1.785437843436897,-0.4206360203884973,0.0719581092258997,11.425569275279248,18.265829996758665,-6.268370788308388,4.095833661639618,0.0335879102022105,1.4090883483317929,-1.478472308687822,-1.1860067756901862,False,3.394112549695429,0.05,0.02,0.02,0.5,0.2,0.06,0.0,40,30
1.7990411396879322,-0.4223382801348174,0.0740008647367871,10.864664539113232,-3.5492314774534006,-6.857475008813651,6.654298224511653,-0.8289930594039824,0.5671075132356022,-0.728009336851063,-1.2464733308723517,False,3.394112549695429,0.05,0.02,0.02,0.5,0.2,0.06,0.0,40,31
1.7803146289821268,-0.4250814669953313,0.0878308816319394,10.474428594577027,39.50566966314389,-6.270912019187012,6.608085121418885,-0.2501257754496561,0.946189290619071,-0.3658178657437962,-1.6835738136943403,False,3.394112549695429,0.05,0.02,0.02,0.5,0.2,0.06,0.0,40,32
1.7898751419474308,-0.4226731255671963,0.0809701180070411,10.556094769152262,-2.9595106145100183,-7.177058906164822,4.4600129737127645,0.102668970447842,1.2069186272056731,-2.072577087349172,-1.4692357663472,False,3.394112549695429,0.05,0.02,0.02,0.5,0.2,0.06,0.0,40,33
1.793175381392712,-0.428689189649565,0.0793520411207593,10.56668010558191,-8.328007356669357,-7.354770683791524,6.98768381503243,0.1535425725023069,1.1609568413095137,-1.162787996455442,-1.402820737821782,False,3.394112549695429,0.05,0.02,0.02,0.5,0.2,0.06,0.0,40,34
1.7909617761143988,-0.4285938169218538,0.0755406592436861,10.12958489865608,-26.53813183926679,-2.7686976748888448,7.850844441185181,0.4359733937815564,0.1486542925828362,-3.054975986747609,-1.2812182286186458,False,3.394112549695429,0.05,0.02,0.02,0.5,0.2,0.06,0.0,40,35
1.7904474928994814,-0.4326799310275545,0.0795944541060173,10.104362765607924,28.993086465521664,-7.895964365104176,3.568672008227436,-0.2393246396214699,0.2858389213231356,-0.0816048984695398,-1.4011638473524552,False,3.394112549695429,0.05,0.02,0.02,0.5,0.2,0.06,0.0,40,36
1.792158721750159,-0.4249751220788749,0.0760859564509199,10.712494038415088,1.7979370756530386,-6.317516687358695,6.830878292226249,-0.5471581237862531,0.7764800225885047,-0.9050348852030268,-1.3072807901351304,False,3.394112549695429,0.05,0.02,0.02,0.5,0.2,0.06,0.0,40,37
1.7874761742226848,-0.4236872413642296,0.0818755308895365,10.406402978867703,-8.558231450000225,-5.952828096956843,6.765155186845695,-0.1855401601948397,1.137459797992426,-0.4415332928126491,-1.4959190387376584,False,3.394112549695429,0.05,0.02,0.02,0.5,0.2,0.06,0.0,40,38
1.79098225431598,-0.4217545474764222,0.083115777217612,10.5531226112031,-25.10807363095515,-5.839538711804689,5.367389492762426,0.0259791380389485,0.14754990235886,-0.6732627558591835,-1.5400350217612124,False,3.394112549695429,0.05,0.02,0.02,0.5,0.2,0.06,0.0,40,39
1.796609777756342,-0.4229434660701939,0.0708549029056672,10.627625012439893,3.862016101709987,-5.698705854793259,4.186863264151259,-0.5616241320342662,1.4183650521293512,1.0331399702478277,-1.1444959877475065,False,3.394112549695429,0.05,0.02,0.02,0.5,0.2,0.06,0.0,40,40
1.7880792035625088,-0.4232018761701501,0.0772231959551728,10.367840238013509,6.154066657758014,-5.750325432638835,6.24843289867679,-0.1263358972026828,0.3797922559486211,0.3229946269207562,-1.3481730155434195,False,3.394112549695429,0.05,0.02,0.02,0.5,0.2,0.06,0.0,40,41
1.7889437179880872,-0.4274453630764492,0.0762974471092457,10.775190618933946,4.255172356728335,-6.317430491597927,3.169764731876353,0.6429165650656247,1.1445112591888078,0.4556146524432871,-1.3083128130331012,False,3.394112549695429,0.05,0.02,0.02,0.5,0.2,0.06,0.0,40,42
1.796998218707131,-0.4264020964397524,0.0780673107319212,11.51167774859699,-7.872700424314077,-4.799014559261571,5.760251108435586,-0.7809810800385958,-0.0848259461272242,-0.851021577611219,-1.3669690188436463,False,3.394112549695429,0.05,0.02,0.02,0.5,0.2,0.06,0.0,40,43
1.7868277623860551,-0.4248471287896757,0.0793941100231353,10.557690392747904,8.702013549827067,-7.044621533332276,5.698555010847857,-0.5466225784978265,1.3657173826691813,-0.9230225208720084,-1.413768745901945,False,3.394112549695429,0.05,0.02,0.02,0.5,0.2,0.06,0.0,40,44
1.7844231713244152,-0.4273296403424489,0.0883815599265479,10.793085631996108,-3.657998281962622,-6.995037499190612,4.673626182148749,-0.3483834318474298,-0.5255972474180781,-0.4481184521243798,-1.6955533905481923,False,3.394112549695429,0.05,0.02,0.02,0.5,0.2,0.06,0.0,40,45
1.7950071742103664,-0.4241424888574966,0.0802383312746618,11.389616027066598,-0.9846012524237612,-5.370063711585834,5.688916887433907,0.1933835669210177,-0.4535013452665744,0.2544032608181954,-1.441984197078567,False,3.394112549695429,0.05,0.02,0.02,0.5,0.2,0.06,0.0,40,46
1.7841295938555406,-0.4236386965538037,0.0813313490335015,10.819621952445443,-4.21998308373643,-5.999255332357026,5.054235678855759,0.3049842251720608,0.6548560728687107,-0.2102097442214242,-1.4788225217115885,False,3.394112549695429,0.05,0.02,0.02,0.5,0.2,0.06,0.0,40,47
1.8005016829425238,-0.424570134993443,0.0788124684244013,10.678965107784585,-12.62078432443147,-7.322318330014824,4.972548974654359,0.2963568185402415,1.0103708106808125,0.2632617147886209,-1.3950005646200292,False,3.394112549695429,0.05,0.02,0.02,0.5,0.2,0.06,0.0,40,48
1.7974063172412371,-0.4328070483084574,0.0748593891079127,10.522010226486968,5.753956272721863,-8.208060588842336,7.223756530879543,0.5275665917543327,0.9762003417424284,-1.0107243892444675,-1.2489191564784348,False,3.394112549695429,0.05,0.02,0.02,0.5,0.2,0.06,0.0,40,49
1.7857339020341538,-0.4234153345372668,0.0788062733293775,11.747835186026448,-11.82179897276024,-5.579847369290805,7.672983151256488,-0.031452480115843,0.242230057786182,-0.5196871313881277,-1.3984599095285914,False,3.394112549695429,0.05,0.02,0.02,0.5,0.2,0.06,0.0,40,50
1.7870556702187563,-0.422373179308502,0.0733844625586054,10.943509633980842,-16.25787015191248,-6.012337215348508,5.025405094436727,-0.1446247172211906,1.7970300302472226,-0.790296050248257,-1.227383831321843,False,3.394112549695429,0.05,0.02,0.02,0.5,0.2,0.06,0.0,40,51
1.7885336241653018,-0.4206842605473751,0.0770657006791898,10.432543200954669,-7.738061443476598,-4.778030340051322,3.9572617118922007,-0.0558052638604098,1.965374841210311,-1.91972561630489,-1.349148178970458,False,3.394112549695429,0.05,0.02,0.02,0.5,0.2,0.06,0.0,40,52
1.7908446979651949,-0.4236165289894289,0.0802831185013866,11.736239249496377,-16.989022627967508,-6.6990795606329065,4.108488083212126,-0.4416388463634676,0.9403408782306886,0.907749871107158,-1.4449294405918305,False,3.394112549695429,0.05,0.02,0.02,0.5,0.2,0.06,0.0,40,53
1.783041138313843,-0.4226508816848559,0.0757165911552338,11.431606303129136,11.226373480675177,-6.257436396157546,4.636978729849201,-0.0683942588623902,0.5521627726327194,-0.949195579158401,-1.301586332624998,False,3.394112549695429,0.05,0.02,0.02,0.5,0.2,0.06,0.0,40,54
1.7997137464468456,-0.4281043679155408,0.0770445922903651,9.984973248984083,-7.937140285372509,-9.74731238814235,5.110084701556369,-0.4203365668546874,-0.7687492620641623,-0.3640620656696288,-1.3299936455075778,False,3.394112549695429,0.05,0.02,0.02,0.5,0.2,0.06,0.0,40,55
1.7895920051133931,-0.4266952240389929,0.0768020589928888,10.260275382999538,10.780433710165724,-7.16989394236658,7.64131354227274,-0.159876174165512,1.0019827492065356,-0.5475575802886233,-1.3262218297720578,False,3.394112549695429,0.05,0.02,0.02,0.5,0.2,0.06,0.0,40,56
1.788155063124887,-0.4154923022797746,0.0712964116805252,10.115514461631818,34.0889618611039,-7.055343249545578,6.849038646989225,0.2040947666952658,2.1002271064932083,-1.2029273439470372,-1.1770143445178565,False,3.394112549695429,0.05,0.02,0.02,0.5,0.2,0.06,0.0,40,57
1.7864146311456068,-0.4278370090707159,0.0867431893604974,10.987120316072469,5.533940036223851,-5.134587504885028,4.724376185466054,-0.1365697010676045,0.5867371011666491,0.3680094259617832,-1.6417883598974652,False,3.394112549695429,0.05,0.02,0.02,0.5,0.2,0.06,0.0,40,58
1.7869554770777691,-0.423291332724854,0.0797246825374531,10.943462725700474,-6.938797337085669,-6.421094684842479,7.234082256338786,-0.2199800006370463,0.7594441394543561,-1.2500141609327913,-1.4280733140341868,False,3.394112549695429,0.05,0.02,0.02,0.5,0.2,0.06,0.0,40,59
1.7922231328873792,-0.4279934068909301,0.0807726601827013,11.104295308779196,-15.42074967345058,-5.439884258953638,6.590285481598869,0.5602872321864251,0.1794310773410146,-0.2791619285080544,-1.450007561334967,False,3.394112549695429,0.05,0.02,0.02,0.5,0.2,0.06,0.0,40,60
1.7930023564464377,-0.4233548859861968,0.0811577685835602,10.709893223915392,-9.263627015990618,-5.451461890547293,7.190484043461334,0.3901788468495443,0.5175690622991744,-1.1012631654457803,-1.4734167269202711,False,3.394112549695429,0.05,0.02,0.02,0.5,0.2,0.06,0.0,40,61
1.7866853352972658,-0.4253707733616902,0.0804260875847437,10.17973289613518,12.18917143380098,-5.6403174288518265,8.030906973242281,-0.054924421119319,-0.6669343878788643,-1.79547807767306,-1.4455438265259084,False,3.394112549695429,0.05,0.02,0.02,0.5,0.2,0.06,0.0,40,62
1.799651635645925,-0.4317679865642457,0.0795881660762795,11.480631819871563,24.066986752713355,-3.772048160047264,7.469457251003456,0.1102431959748596,-2.152854931243664,0.1193168973178198,-1.402599048548001,False,3.394112549695429,0.05,0.02,0.02,0.5,0.2,0.06,0.0,40,63
1.7911262456362491,-0.4202788916683026,0.0740594887197105,9.890719571671127,-9.0767922318783,-4.134822281440448,7.035799761987409,-0.5801657443853312,-0.2148004967239796,-0.6370434622802859,-1.2537667242886363,False,3.394112549695429,0.05,0.02,0.02,0.5,0.2,0.06,0.0,40,64
1.7916034038526876,-0.4275380327503175,0.0808255174311091,10.825654187151772,-22.17526520664013,-7.523487473635685,5.027918568908083,0.0883753137508187,0.3065900323784956,-1.184194687005544,-1.4528290749635708,False,3.394112549695429,0.05,0.02,0.02,0.5,0.2,0.06,0.0,40,65
1.7850002845270296,-0.4212191415472811,0.0765809928285305,11.871821100563624,-5.3600630021785065,-9.632463686119266,4.992532496309023,-0.9853259044371848,0.9609036194036216,1.270555348144086,-1.3325658137278822,False,3.394112549695429,0.05,0.02,0.02,0.5,0.2,0.06,0.0,40,66
1.775002441507597,-0.4191377136909391,0.0829831742398591,10.385192402534749,45.43559308102033,-7.863886656863563,6.2330588833221485,0.4018003461701196,2.019499825307044,-1.2026706706641053,-1.543030916326784,False,3.394112549695429,0.05,0.02,0.02,0.5,0.2,0.06,0.0,40,67
1.797392569519194,-0.4245338703697299,0.0792366827054241,11.57478504062234,-0.0861923717854828,-6.795074973067086,6.363113559539894,0.2149147382707907,0.5645291972885828,-0.6281595266914515,-1.408849003515071,False,3.394112549695429,0.05,0.02,0.02,0.5,0.2,0.06,0.0,40,68
1.797285044802717,-0.4256786610864991,0.0757499705601938,11.350945090264725,16.705568369011697,-4.522236089606593,7.593087060347239,0.2181943692514591,-0.5870523399442034,0.1631540580566981,-1.2945331686304429,False,3.394112549695429,0.05,0.02,0.02,0.5,0.2,0.06,0.0,40,69
1.8002471742083952,-0.4272235298412726,0.0705406883742158,11.248442580499797,-8.442709745629267,-4.397046434971111,3.798744943887785,-0.5852596310682066,1.6608301978782498,-1.4192629581092933,-1.1239507259033494,False,3.394112549695429,0.05,0.02,0.02,0.5,0.2,0.06,0.0,40,70
1.7830026560052044,-0.4175498497002394,0.0799292642857412,9.539042917228404,21.949261194192616,-6.697197238862748,4.376167440837923,-0.1580564782248866,0.3287416737630428,-0.42614399061149,-1.4486366585028347,False,3.394112549695429,0.05,0.02,0.02,0.5,0.2,0.06,0.0,40,71
1.797119218017886,-0.4206310531321485,0.0733555415878307,11.360429263659782,-20.20087152117597,-8.204868025286107,5.192431513594882,0.2950987195940801,1.220060407150661,1.2074834647126735,-1.230035650212355,False,3.394112549695429,0.05,0.02,0.02,0.5,0.2,0.06,0.0,40,72
1.7838483062398716,-0.4299144360343409,0.0762992759076356,11.228374422719543,29.215056634029963,-8.4016998609703,4.414846813277148,0.0481541182262647,2.7456923114303136,-1.3330481717097151,-1.3027512841875302,False,3.394112549695429,0.05,0.02,0.02,0.5,0.2,0.06,0.0,40,73
1.7893894050843484,-0.4237760204753997,0.0771633734469018,10.858706301161472,-3.2488998846069834,-6.672504042724087,6.3481740730999325,-0.1682746558190646,-0.1784728559046817,-0.3517078731533796,-1.3448021368548384,False,3.394112549695429,0.05,0.02,0.02,0.5,0.2,0.06,0.0,40,74
1.7899767627770462,-0.4261307756304522,0.0794214628888615,11.446052697986577,-18.69210153827457,-6.525713147345567,5.536709883589822,-0.1740631877226209,0.1003236972037373,-0.2278427426325711,-1.4113743451638607,False,3.394112549695429,0.05,0.02,0.02,0.5,0.2,0.06,0.0,40,75
1.7820208989128068,-0.422709433289961,0.0839529008418064,11.423401232930743,12.79146852763568,-6.001062782501604,4.002648023434205,0.0314839010517773,1.58433932175006,-0.5139392523356523,-1.565068933107132,False,3.394112549695429,0.05,0.02,0.02,0.5,0.2,0.06,0.0,40,76
1.788731324909378,-0.4288166914560707,0.0793763608799688,10.556255777724624,-6.18547737626842,-6.435347169494952,6.444258572639389,0.4527996113314495,2.426209342779805,0.1258612346537859,-1.403559609169872,False,3.394112549695429,0.05,0.02,0.02,0.5,0.2,0.06,0.0,40,77
1.7901162177136154,-0.4243079251070507,0.0715863354449945,10.024572637114742,12.074983640796365,-5.86408350821551,5.78568701724611,-0.0734573756298405,0.5779442133047062,-1.1268466725474655,-1.1650167409200876,False,3.394112549695429,0.05,0.02,0.02,0.5,0.2,0.06,0.0,40,78
1.7869842358060752,-0.4143280454299585,0.0824391418233182,11.718346997942469,19.240917727035804,-8.282306211877422,6.231366959070208,-0.4959904513895911,1.0464710363893666,0.2253591487263977,-1.5364461751659193,False,3.394112549695429,0.05,0.02,0.02,0.5,0.2,0.06,0.0,40,79
1.782924761178245,-0.4243544295622714,0.082663479787959,11.150884337626106,-14.370613567364302,-8.42613003209484,5.23027866176336,-0.09851989168962,0.8412452449067113,-0.3546890385581792,-1.5198052365945445,False,3.394112549695429,0.05,0.02,0.02,0.5,0.2,0.06,0.0,40,80
1.7919394663317696,-0.4202441628502245,0.0759005164654322,10.5514750325321,3.160196517083642,-4.960760096471612,5.997345295883068,-0.2295829282817331,-0.297428926137274,-0.7152601343425715,-1.3127141680733865,False,3.394112549695429,0.05,0.02,0.02,0.5,0.2,0.06,0.0,40,81
1.787391871935787,-0.4236018479068935,0.0856539737794172,11.455294137084236,12.24646020486604,-8.319315810046524,5.600517122988152,-0.3860478780859261,0.9731313293408782,0.4182480848482384,-1.617039213648659,False,3.394112549695429,0.05,0.02,0.02,0.5,0.2,0.06,0.0,40,82
1.78605969683752,-0.42624335698242,0.0781261896478636,10.600380431437218,15.472878730048242,-5.717502303629956,7.355498994343611,-0.5718968471262083,-0.4378276898982409,-0.75332019517315,-1.3698904301635784,False,3.394112549695429,0.05,0.02,0.02,0.5,0.2,0.06,0.0,40,83
1.7815081996015334,-0.4207273425286542,0.0806688112128924,11.332937044204453,10.172406437685725,-6.864216945278718,6.260685620427843,-0.0516776436023458,-0.5982991130410158,-0.8870051485479291,-1.4647658447676977,False,3.394112549695429,0.05,0.02,0.02,0.5,0.2,0.06,0.0,40,84
1.7873989929245564,-0.4199510573511176,0.0837456511407646,11.578160777577931,10.851259897186464,-6.448339548791845,5.205429638707819,-0.2173797175840863,1.0014828356192378,-1.006079185201491,-1.5647343592863123,False,3.394112549695429,0.05,0.02,0.02,0.5,0.2,0.06,0.0,40,85
1.7935425645315488,-0.4258685779426985,0.0756748089597413,10.77431460811462,-1.0145263780249127,-6.300441085690778,4.73528456870665,0.6613651694251643,0.8968296752717086,-1.8776466629269013,-1.291896745777354,False,3.394112549695429,0.05,0.02,0.02,0.5,0.2,0.06,0.0,40,86
1.786641010051549,-0.4242241739807654,0.0756578979242969,10.676237913770082,28.36214101699141,-6.355740760999027,6.686409935961321,-0.0093370246370908,-0.1137564598068932,0.0569123310817396,-1.2957162554205737,False,3.394112549695429,0.05,0.02,0.02,0.5,0.2,0.06,0.0,40,87
1.794032025034497,-0.4330320653206758,0.0855018400422503,10.458010747655065,-4.427403494781176,-8.566318995337426,7.808873834638429,0.7469857588145868,1.0932025614337113,-0.3269759879565576,-1.58914000308032,False,3.394112549695429,0.05,0.02,0.02,0.5,0.2,0.06,0.0,40,88
1.795382704542786,-0.4267930793675056,0.0802469855617742,10.819800739249343,-5.3667171015067225,-4.776466592701468,6.269456335458443,0.5845519933286542,0.4761381217026539,-0.1825726597582423,-1.4358771852221957,False,3.394112549695429,0.05,0.02,0.02,0.5,0.2,0.06,0.0,40,89
1.78139543255229,-0.4273989297356255,0.0825536803310238,9.33773357739634,21.20579820288743,-4.457075901801511,7.358538999631948,0.6378800623971415,0.8779226032601608,-0.1442844988193568,-1.5090766132741236,False,3.394112549695429,0.05,0.02,0.02,0.5,0.2,0.06,0.0,40,90
1.791645987950057,-0.4190244021561245,0.0758439378843668,11.252792919702385,-18.436652723837465,-5.445328335035367,5.10682234846302,-0.3879759109225456,0.3457784137855153,0.2549100769085952,-1.313848687848037,False,3.394112549695429,0.05,0.02,0.02,0.5,0.2,0.06,0.0,40,91
1.792057488473744,-0.4255576860876577,0.0750216034293663,11.354378929611936,13.413149527308548,-6.204648543936404,7.80466686967997,-0.0776534977250564,-0.0049977609648088,-0.6378348636514466,-1.2718294138209203,False,3.394112549695429,0.05,0.02,0.02,0.5,0.2,0.06,0.0,40,92
1.787419153626007,-0.4254953609069374,0.0729023363912423,10.039574067337483,17.535404782882,-6.374815777543178,1.1644290432377051,0.3952382808423184,0.1435526580363035,0.7779548203153261,-1.2044407491255444,False,3.394112549695429,0.05,0.02,0.02,0.5,0.2,0.06,0.0,40,93
1.7974854992803837,-0.4261310569511591,0.0778937320720325,11.982875550568323,-12.78016657575887,-8.016434110380974,6.604106128078324,-0.2118629026590653,0.5731800655662453,-1.4099634883331649,-1.3620357596654369,False,3.394112549695429,0.05,0.02,0.02,0.5,0.2,0.06,0.0,40,94
1.7963640943554704,-0.4287955495342714,0.0729298993415818,11.19169269558027,-0.3519821517523129,-7.108671049213313,6.471633855110279,0.2726212266907771,-0.99376869386431,-0.5204920329135786,-1.1968656143870404,False,3.394112549695429,0.05,0.02,0.02,0.5,0.2,0.06,0.0,40,95
1.7932080814884002,-0.4255793791347626,0.0840742979471377,10.961199346038258,-25.974779811452464,-5.684114276810622,8.167780761042634,0.4566580516907366,0.7598141792285198,-2.3055616042390925,-1.5613945394956756,False,3.394112549695429,0.05,0.02,0.02,0.5,0.2,0.06,0.0,40,96
1.7888104647729326,-0.4209650508828386,0.0795488919859715,10.919589958740373,-7.973078847632234,-3.812926212248216,5.441061532399485,-0.3427035379658983,1.3496650539331727,0.0999828192839296,-1.4279197935458998,False,3.394112549695429,0.05,0.02,0.02,0.5,0.2,0.06,0.0,40,97
1.7973632806647235,-0.4274601561469155,0.0817672896867444,11.140652217676864,2.501536662000152,-8.896193580142013,6.816722411029176,0.0049110496104082,0.9952689732381906,0.750189341679038,-1.482807098383341,False,3.394112549695429,0.05,0.02,0.02,0.5,0.2,0.06,0.0,40,98
1.7887473121491546,-0.4252628266534125,0.0781815973987131,10.05908437700358,-14.99276585455094,-7.190336781860631,5.584395554547564,0.0067879609891094,1.1656204904263667,1.0811728829690035,-1.373855494061683,False,3.394112549695429,0.05,0.02,0.02,0.5,0.2,0.06,0.0,40,99
4.310740416826634,-0.7738180630692958,0.0872016592278591,8.478579533815573,63.82311806607264,-5.770934341785905,4.250347743816052,2.045742088802733,0.6505762988520629,-0.9973347647050976,-0.6746453189155837,False,3.394112549695429,0.05,0.02,0.02,0.5,0.2,0.06,0.0,44,0
4.325284547056299,-0.7474162302471604,0.0854943886071773,7.154900330984574,15.572612367411017,-9.454980984577492,2.960566349022491,2.1471503669119705,-2.013016297786764,2.074645915982637,-0.682504410013113,False,3.394112549695429,0.05,0.02,0.02,0.5,0.2,0.06,0.0,44,1
4.306360088536237,-0.7643524322314216,0.0861339795284436,8.017115880759837,30.77384407513923,-5.352520515188461,4.83978905557368,1.4651323283149122,-2.0713141105638666,3.613999004670683,-0.6634599022426095,False,3.394112549695429,0.05,0.02,0.02,0.5,0.2,0.06,0.0,44,2
4.318769947242921,-0.752920196584542,0.0887448947094917,7.795997600912146,11.93830378697424,-1.432806077596883,6.844272919561804,2.4115331369867024,-0.2501032293223493,2.1832464372502063,-0.7737019620662595,False,3.394112549695429,0.05,0.02,0.02,0.5,0.2,0.06,0.0,44,3
4.31509811962933,-0.7673704291606821,0.0925500121615395,8.07805526188713,58.91297279594278,-7.614401813804246,6.438800145916534,2.205575121547461,-1.0333820518465524,1.293722374393504,-0.8610054720058682,False,3.394112549695429,0.05,0.02,0.02,0.5,0.2,0.06,0.0,44,4
4.297496826363425,-0.7554218040657156,0.105452899903951,7.387195689523043,51.75993736383924,-7.414990458897071,2.437730292241371,0.8923954350728229,0.5625312228315954,1.9660841415296135,-1.303630657586912,False,3.394112549695429,0.05,0.02,0.02,0.5,0.2,0.06,0.0,44,5
4.30284643560598,-0.7631060956892629,0.0902364793912335,8.45313195381173,63.12131191494681,-6.253730154870418,6.536515959173939,2.037406965320553,-0.6202201342611364,1.2581957379567648,-0.7979419247288839,False,3.394112549695429,0.05,0.02,0.02,0.5,0.2,0.06,0.0,44,6
4.313576096798566,-0.7529400563070973,0.0868350936330237,8.657356876010859,64.74862712833654,-6.7422233604022495,7.240485248127278,3.5341001711618723,-1.3709979217055528,0.4638851579498746,-0.7128522953118126,False,3.394112549695429,0.05,0.02,0.02,0.5,0.2,0.06,0.0,44,7
4.306071746272715,-0.7671002921175029,0.0981798433485363,6.56229958654836,94.11470814600642,-3.9715146785842457,2.082449764407656,1.0626928756455394,-2.3165728773394347,1.0278253704436957,-1.042349981294794,False,3.394112549695429,0.05,0.02,0.02,0.5,0.2,0.06,0.0,44,8
4.304986668741641,-0.7719944454153969,0.0914940751453168,8.482722310787064,85.82638014802295,-4.9160431568862375,5.110228590656921,2.6525817035890458,-1.723963320777321,2.909574905099426,-0.8167245355286892,False,3.394112549695429,0.05,0.02,0.02,0.5,0.2,0.06,0.0,44,9
4.309336544943226,-0.7777273352974289,0.1006997453126657,9.236432416271848,52.68578579458797,-7.73312462153138,6.238343577634682,2.1489628597608896,-0.6520426826981816,1.128827906486074,-1.0972860525948835,False,3.394112549695429,0.05,0.02,0.02,0.5,0.2,0.06,0.0,44,10
4.301620924624015,-0.7546503562443864,0.0964230767129471,7.008940072410788,111.79652195081212,-6.080233833984551,-2.276012064870404,2.188127678703496,-3.529426479709099,2.1322734451178125,-1.0162803443503423,False,3.394112549695429,0.05,0.02,0.02,0.5,0.2,0.06,0.0,44,11
4.297063825074115,-0.7738401706630746,0.0948439973187937,9.60777215972102,69.5918160322789,-8.503946895704702,4.76069478813525,2.4745525178793786,-2.51372028416757,1.3920901225333333,-0.919967675105576,False,3.394112549695429,0.05,0.02,0.02,0.5,0.2,0.06,0.0,44,12
4.2880588158490855,-0.7526953290303527,0.1000138403660776,8.243247835161535,69.50288639742875,-3.834981967926744,3.312099495802432,1.5969844762314267,-0.5801945779423827,2.397853815776706,-1.136690573090695,False,3.394112549695429,0.05,0.02,0.02,0.5,0.2,0.06,0.0,44,13
4.313148660164727,-0.7671979035511945,0.0902393583705929,8.3104884170201,-7.78481411802437,-3.3011941905188387,4.595960613691529,1.84461340182354,-3.254806144770977,0.9679711112659342,-0.787595579726224,False,3.394112549695429,0.05,0.02,0.02,0.5,0.2,0.06,0.0,44,14
4.31745338340906,-0.766671573154972,0.0921927184760048,8.078813173587495,94.97676340952316,-1.7240501619356523,9.28468976119294,1.7132126487874904,-0.6057863659425808,3.075081777384272,-0.8511080126556783,False,3.394112549695429,0.05,0.02,0.02,0.5,0.2,0.06,0.0,44,15
4.30119748364209,-0.7491292840085667,0.0941640467263677,7.404171216578909,19.085057533194902,-10.361819001389875,8.048582402133185,2.857115979474946,-2.9642961545530584,2.741949684276379,-0.9572673646046836,False,3.394112549695429,0.05,0.02,0.02,0.5,0.2,0.06,0.0,44,16
4.309399129183725,-0.7555763479857552,0.0895802814444754,7.913115755307625,67.17317358901066,-7.397378227819058,7.608748028840955,2.2100724248478687,-2.681648157925292,1.197616860189263,-0.7946218233063784,False,3.394112549695429,0.05,0.02,0.02,0.5,0.2,0.06,0.0,44,17
4.311375502285027,-0.7559249924325576,0.0996531272337681,7.77011312667482,92.51939626561538,-10.458732149859554,6.773851822180836,1.7520678773578695,0.3924519896377929,2.9796386974128914,-1.1159975595053422,False,3.394112549695429,0.05,0.02,0.02,0.5,0.2,0.06,0.0,44,18
4.299928900675328,-0.7565241497345022,0.1057707445600592,9.282508133553009,34.24688807449866,-6.168142864998599,2.81359914378346,1.890375861221344,-1.199961798259213,0.5007378597116865,-1.311010132518572,False,3.394112549695429,0.05,0.02,0.02,0.5,0.2,0.06,0.0,44,19
4.3135108028372,-0.7699649203099881,0.0901469305568014,7.697908464774423,77.52462497913069,-7.178688793543397,5.822581466146075,1.8332741400314472,-0.6791232841056816,2.9397626833522152,-0.7779753209034435,False,3.394112549695429,0.05,0.02,0.02,0.5,0.2,0.06,0.0,44,20
4.300201479923449,-0.7645116749176296,0.0881070452928735,5.997990734457934,53.16319206847368,-9.707627458752182,4.825815147147592,2.9540044399125414,-2.74217449298754,1.0630613805698723,-0.7265853407742364,False,3.394112549695429,0.05,0.02,0.02,0.5,0.2,0.06,0.0,44,21
4.328131342327274,-0.7527079874006756,0.0874046400541407,8.859395765347555,33.00627742709438,-9.583084565804068,6.477696186513251,2.9995023363608437,-0.55261548612286,-1.842527972047916,-0.7307614314312465,False,3.394112549695429,0.05,0.02,0.02,0.5,0.2,0.06,0.0,44,22
4.30320900072039,-0.7515623836667316,0.0988351630008222,8.026532003895126,59.383652516548565,-4.289424823208291,7.215294193981464,1.7961599185167527,-1.3714313716713835,1.60857451859514,-1.1007829551829351,False,3.394112549695429,0.05,0.02,0.02,0.5,0.2,0.06,0.0,44,23
4.296307801859256,-0.7569311623102865,0.0897846951385162,8.160086339544334,71.52238044438997,-5.319758924409696,6.990801315416449,2.773362694021737,-0.8983000516929796,3.919410094533744,-0.7986969867762772,False,3.394112549695429,0.05,0.02,0.02,0.5,0.2,0.06,0.0,44,24
4.315670684366183,-0.7672400533114251,0.0898119273746444,7.28075346750993,43.58967042644596,-7.606240244329472,3.68093581776758,2.3224423489634467,1.4670356116262244,1.6069143676922395,-0.7736653069792299,False,3.394112549695429,0.05,0.02,0.02,0.5,0.2,0.06,0.0,44,25
4.304967400553311,-0.7547332366121092,0.1009749446874201,9.17576833743165,98.66308892558509,-4.518823165799175,4.185443247770246,2.020837533215285,2.0741108350017656,1.3691742005576168,-1.1615404180951847,False,3.394112549695429,0.05,0.02,0.02,0.5,0.2,0.06,0.0,44,26
4.32038627490746,-0.7673406099968076,0.0912861110019286,7.978482040470907,5.048185066695039,-9.430217969555828,3.646727923580654,1.8569570328549907,-0.036566337798694,1.873014379870873,-0.8203149115749322,False,3.394112549695429,0.05,0.02,0.02,0.5,0.2,0.06,0.0,44,27
4.318107981733259,-0.7665886283582816,0.0989844054086574,9.51933609417292,68.78703469475509,-6.009949862541163,6.9181524070432525,2.159501159521004,0.3904953912196157,-0.4646814285325181,-1.068601786113168,False,3.394112549695429,0.05,0.02,0.02,0.5,0.2,0.06,0.0,44,28
4.327078373164987,-0.75125109024938,0.0916566130277269,7.029983173383429,25.73482787042405,-5.7243393782921,9.893655942922242,2.929961044703682,-2.5128847438427697,-0.1471784122603637,-0.8703842978988519,False,3.394112549695429,0.05,0.02,0.02,0.5,0.2,0.06,0.0,44,29
4.301074077254088,-0.7583140249374578,0.0958686860252408,8.486852351859316,81.87800463334894,-8.180822901013945,4.2801331109705725,2.2820206786536423,-1.7049901961559524,1.376068607423874,-0.9897798483225636,False,3.394112549695429,0.05,0.02,0.02,0.5,0.2,0.06,0.0,44,30
4.317518866599159,-0.758001975093516,0.0874103571852694,8.361596867699415,97.88301606262652,-4.563973710310059,7.201310370902738,2.0781096701357,-1.1875232528260518,1.6105516197078078,-0.7188755577082349,False,3.394112549695429,0.05,0.02,0.02,0.5,0.2,0.06,0.0,44,31
4.304683060202176,-0.7489568167714804,0.093319785208551,8.709316189711217,21.431822359652926,-5.8581651294760295,10.63912845051916,2.2387760133804533,-1.3439237084386204,2.074849027515751,-0.9304557828099504,False,3.394112549695429,0.05,0.02,0.02,0.5,0.2,0.06,0.0,44,32
4.30565757230986,-0.7515209631192984,0.0951534305297962,9.303826886164996,26.572903660913617,-8.106310316117908,0.5868520360682723,1.5844732398483663,-1.9216843425195165,1.765018950354753,-0.9829200111285736,False,3.394112549695429,0.05,0.02,0.02,0.5,0.2,0.06,0.0,44,33
4.305811764788188,-0.7557673975550312,0.0999137872136028,8.464291425243296,112.3787494193969,-7.002431357320241,8.570594256046006,1.657444118281937,-1.760090916464916,2.76167612046314,-1.1250507308159272,False,3.394112549695429,0.05,0.02,0.02,0.5,0.2,0.06,0.0,44,34
4.313301845385101,-0.7540151659424851,0.0901497864552546,7.215173435996708,4.55517878583437,-4.013021419038125,4.296986371493945,2.825159625127895,-1.3433752605443343,1.6480468278485656,-0.8163586575830779,False,3.394112549695429,0.05,0.02,0.02,0.5,0.2,0.06,0.0,44,35
4.300267880651421,-0.7525768897391322,0.1017535099468952,8.997577932661851,45.29661400135611,-5.411568869967301,3.727601433221249,2.4200667807685425,-1.2358894011924866,2.9092872536704064,-1.1919117100876448,False,3.394112549695429,0.05,0.02,0.02,0.5,0.2,0.06,0.0,44,36
4.333868227877607,-0.7568843973858269,0.0795344281003064,8.140229458096595,45.84071703442731,-5.396626164134105,6.566683813605375,2.5792236568990767,-2.829829461551295,1.3761699867817776,-0.468547051811166,False,3.394112549695429,0.05,0.02,0.02,0.5,0.2,0.06,0.0,44,37
4.316090271442325,-0.7537423580925481,0.0915358229976686,7.239553198835416,51.3435750195815,-12.601789743182485,4.993284479793436,1.796391502085176,-2.944552431558193,-0.5444130236004798,-0.8611992602167429,False,3.394112549695429,0.05,0.02,0.02,0.5,0.2,0.06,0.0,44,38
4.304352018887897,-0.7607661938014335,0.0911001692502418,7.968890371733252,72.48177259645452,-6.908601609508338,2.6737743936844165,2.519573994567279,-2.106035370111816,-0.1381296563114067,-0.8311054297510263,False,3.394112549695429,0.05,0.02,0.02,0.5,0.2,0.06,0.0,44,39
4.303544420769629,-0.7599579243180555,0.0934737587186886,7.971380889676627,52.12909632986951,-5.026399842670424,8.379313089404903,2.584470058507353,-4.630690121693901,0.7416102972681524,-0.9090485953885272,False,3.394112549695429,0.05,0.02,0.02,0.5,0.2,0.06,0.0,44,40
4.311357859066384,-0.7548303249257488,0.0898510847663059,7.042870814824905,83.40051954051283,-6.998538455652199,3.6597583364823434,2.995992891138733,-0.6676128353958928,3.717149196801911,-0.8049604611560119,False,3.394112549695429,0.05,0.02,0.02,0.5,0.2,0.06,0.0,44,41
4.29481409637043,-0.7605420290129014,0.091570027529828,7.4798566605874,37.25989148271261,-7.262608148994096,4.928338332384017,1.812961816032765,-2.673145101705285,0.4772244275235118,-0.84725116554131,False,3.394112549695429,0.05,0.02,0.02,0.5,0.2,0.06,0.0,44,42
4.2959837117834985,-0.7554328321252024,0.094920835085191,8.639194853954464,94.5242911289404,-7.717254933405411,3.321668524330013,3.613863248679816,-1.8829259904459628,-0.0752465099389829,-0.9666689029186176,False,3.394112549695429,0.05,0.02,0.02,0.5,0.2,0.06,0.0,44,43
4.302165207472495,-0.755787991277455,0.0889416853773333,8.59367833907463,111.6435750096938,-3.418904179737755,7.0251910291261455,2.539764042343163,0.230687193945779,2.7388682413249,-0.7741128405604258,False,3.394112549695429,0.05,0.02,0.02,0.5,0.2,0.06,0.0,44,44
4.304833974057313,-0.7450795694377015,0.0952180358119319,8.472636330457542,11.65041578338652,-2.9593709140882467,8.50794713759451,2.1626730163061403,-1.464798950587125,2.44828117910014,-1.0004961408879,False,3.394112549695429,0.05,0.02,0.02,0.5,0.2,0.06,0.0,44,45
4.295806736295472,-0.7657302628449664,0.0960188788781975,9.276117104734748,35.383266055164526,-5.096209029809053,11.365278997530044,1.9961349633287095,-1.1364495911999115,-0.2139573553041504,-0.977103089096675,False,3.394112549695429,0.05,0.02,0.02,0.5,0.2,0.06,0.0,44,46
4.314753131250136,-0.7545033251892311,0.0850671870668417,9.084632292694476,16.591987826345914,-5.501972364569481,9.62759931676848,1.8738785741454145,-2.2200114442577124,0.7859453341584444,-0.6524568178097732,False,3.394112549695429,0.05,0.02,0.02,0.5,0.2,0.06,0.0,44,47
4.3111416737452535,-0.7510922414414759,0.0928580860739484,7.228612282894623,34.33297344479356,-10.894964740173489,4.977016582649908,1.4318705539903736,-1.332202136470185,0.9728358688720042,-0.9101688744820936,False,3.394112549695429,0.05,0.02,0.02,0.5,0.2,0.06,0.0,44,48
4.313394713088861,-0.7637522902770956,0.0979254478642925,8.081195410681111,33.12190920148198,-5.024949452439303,2.4279670828319926,2.464543725195307,-3.040658147349646,1.3816217143824998,-1.0418051522070026,False,3.394112549695429,0.05,0.02,0.02,0.5,0.2,0.06,0.0,44,49
4.298393093566779,-0.7521094312389444,0.0899730617086943,7.64059378720045,41.02847206094517,-4.99664324656287,9.6678320514234,2.46929210326787,-0.908196087528133,1.6560570443233065,-0.8161717540907452,False,3.394112549695429,0.05,0.02,0.02,0.5,0.2,0.06,0.0,44,50
4.300743577451026,-0.762867670805067,0.0999984704414346,8.797265642245453,70.68533360175671,-8.631482095323033,2.063105516276696,2.283651862188838,0.4021459009481626,1.616973770028899,-1.1110240295466889,False,3.394112549695429,0.05,0.02,0.02,0.5,0.2,0.06,0.0,44,51
4.292691016885899,-0.74903623303193,0.0982239559281189,8.536950982188417,62.47703674063947,-6.362932849718103,5.6137017427903215,2.320133942169367,0.0225522674673337,2.690022525768525,-1.0879181694100226,False,3.394112549695429,0.05,0.02,0.02,0.5,0.2,0.06,0.0,44,52
4.303889819851243,-0.7531484947321135,0.0948072983171184,8.36417602963939,82.67250238945293,-5.72720227817314,7.372976443673699,1.2358548209993314,-2.7753834244051667,0.8952134577085524,-0.9680437695996452,False,3.394112549695429,0.05,0.02,0.02,0.5,0.2,0.06,0.0,44,53
4.299511615934736,-0.7585352690435165,0.0974963554881283,8.704961500261156,114.26411173379228,-3.7024103642600794,6.620077173239834,1.7210905516717734,-1.0856194481296568,0.4205544007505566,-1.0414280329595835,False,3.394112549695429,0.05,0.02,0.02,0.5,0.2,0.06,0.0,44,54
4.305233185106702,-0.7475700239410319,0.0898593384335271,8.244503520653959,88.26774079049414,-2.860248318740414,2.7532626058061123,2.5595122705683253,-1.905205107860087,3.202931398547001,-0.8230167813079907,False,3.394112549695429,0.05,0.02,0.02,0.5,0.2,0.06,0.0,44,55
4.318300951041688,-0.7663784146528618,0.0876041284194929,7.994595336366278,50.87430339232836,-7.874924778164984,7.953597212710846,1.8252048957078717,-0.2911354464662798,3.668459123713414,-0.7049258571944064,False,3.394112549695429,0.05,0.02,0.02,0.5,0.2,0.06,0.0,44,56
4.314519408744792,-0.7585341534647395,0.0883464243029474,6.288757763282976,49.18606665811699,-8.181327849366431,5.1354245925022735,2.405990415885088,-1.6064776349648429,0.5076447959138517,-0.7477324448542562,False,3.394112549695429,0.05,0.02,0.02,0.5,0.2,0.06,0.0,44,57
4.29305233644408,-0.7582027713063374,0.092394824730905,6.250269074821352,52.64190991485564,-4.116221546021071,2.6655556584260798,1.8609239158053723,-4.640385579392154,-0.6928814136179595,-0.8793646000671069,False,3.394112549695429,0.05,0.02,0.02,0.5,0.2,0.06,0.0,44,58
4.303807929151348,-0.7571282280038304,0.0894919911168307,7.968735094588498,42.35890612080548,-7.007544676034208,8.851660074764412,1.6349970020819606,-1.0601331468983872,0.8065944366903381,-0.7884074927803106,False,3.394112549695429,0.05,0.02,0.02,0.5,0.2,0.06,0.0,44,59
4.308387862166863,-0.7496274534747456,0.0832357020809597,7.345005145105702,51.857012176258095,-3.723703586609631,3.937144214437305,2.7548396433921924,0.5599801926711953,0.0953620002889981,-0.60593330652131,False,3.394112549695429,0.05,0.02,0.02,0.5,0.2,0.06,0.0,44,60
4.307456790362667,-0.758362561000364,0.0870460535260308,7.342259794526507,30.61472490374596,-8.342973852989203,6.811760314392509,2.055297233614819,-1.895069887280851,2.2274758355937,-0.7069561590103532,False,3.394112549695429,0.05,0.02,0.02,0.5,0.2,0.06,0.0,44,61
4.288574200642773,-0.7560520906202286,0.1059835528717314,7.412392903463539,67.18555431185912,-7.416564675288211,12.988280489427623,2.828104123829964,1.3142267432259134,2.406168353536545,-1.3196342223682938,False,3.394112549695429,0.05,0.02,0.02,0.5,0.2,0.06,0.0,44,62
4.3044407277977,-0.754852549208385,0.0979268348206365,8.359815409581064,87.46167387526275,-5.542922028846032,15.137109163113411,2.796549865618477,-2.38159517463042,0.0816508430887807,-1.063746152492384,False,3.394112549695429,0.05,0.02,0.02,0.5,0.2,0.06,0.0,44,63
4.295948130748298,-0.754253224419844,0.1016006456925756,7.467039712503273,94.94035798456228,-3.824007011487277,4.455665114636517,2.406397218315975,-0.7239744871064726,1.0622986414511062,-1.183256035709897,False,3.394112549695429,0.05,0.02,0.02,0.5,0.2,0.06,0.0,44,64
4.319367089189899,-0.7592176753899534,0.0892410140251221,9.180983148691514,96.8971460127913,-5.897769569040138,7.200212106164598,2.101022955339172,-2.6630675900564444,-1.181456338850338,-0.7744280025166264,False,3.394112549695429,0.05,0.02,0.02,0.5,0.2,0.06,0.0,44,65
4.320430633080483,-0.7574913699234737,0.087706108962454,6.797636315587145,20.159594438652867,-5.8926707396235685,9.934536702505428,2.6391214551636355,-2.063473455646933,3.8509383633738015,-0.7293903609973631,False,3.394112549695429,0.05,0.02,0.02,0.5,0.2,0.06,0.0,44,66
4.303332901795638,-0.7574618350734674,0.0939407627040303,8.418101742836104,105.37643380569266,-9.502590901007096,2.808648527044204,2.228868261607122,0.4612374061849057,-0.7740342449534923,-0.9299960282449112,False,3.394112549695429,0.05,0.02,0.02,0.5,0.2,0.06,0.0,44,67
4.304751516817446,-0.7595659252261768,0.0903912521717359,7.445847313376223,56.4927793585101,-6.620879271443686,4.837972869363394,2.433311828387424,-0.3199227338197328,0.8020346521551913,-0.8112767579436793,False,3.394112549695429,0.05,0.02,0.02,0.5,0.2,0.06,0.0,44,68
4.306402800663363,-0.747773079402613,0.0948045940070133,8.152411990992904,60.25816523482708,-2.8300527824901742,4.00803206705959,2.7265317581714745,-0.6079381298897772,0.921828030386524,-0.9807074496183557,False,3.394112549695429,0.05,0.02,0.02,0.5,0.2,0.06,0.0,44,69
4.313734277831402,-0.7510873246870204,0.0918007950317441,8.706533810600451,24.61806656713064,-5.545433005892718,4.563520062028072,2.5036171131405025,-0.2554457807034977,0.8017535447772122,-0.8761918050970805,False,3.394112549695429,0.05,0.02,0.02,0.5,0.2,0.06,0.0,44,70
4.301304743169175,-0.753181240441231,0.1017972664981832,8.233982467554053,38.25102603825263,-3.554514430463668,3.8346506382529455,2.8646778754643982,2.195716494184559,3.9593810620733656,-1.1917992662927603,False,3.394112549695429,0.05,0.02,0.02,0.5,0.2,0.06,0.0,44,71
4.305263418723396,-0.7511111430248638,0.0930876334421748,7.406210186064982,19.342435278004395,-3.715143133421032,5.508747673084992,2.0940031440569293,0.2719739508059478,2.631576138079021,-0.9178217217665176,False,3.394112549695429,0.05,0.02,0.02,0.5,0.2,0.06,0.0,44,72
4.30715002138503,-0.7569444101851434,0.0941213192973595,7.319051068263745,51.76477611675335,-8.552569712996206,4.584105968200854,2.4445750835673747,-2.0723226257629825,1.065978711608814,-0.9367866317880588,False,3.394112549695429,0.05,0.02,0.02,0.5,0.2,0.06,0.0,44,73
4.308170360857106,-0.7635589242065888,0.1023636653093333,7.856849554068193,45.51666347465829,-6.545026556115575,0.5501535885681506,2.598754643885712,-1.5938751965448188,-0.1530560916689437,-1.1846056501514282,False,3.394112549695429,0.05,0.02,0.02,0.5,0.2,0.06,0.0,44,74
4.309333051505779,-0.760464542670011,0.0901931864677785,8.460102609590846,47.24031076018397,-7.132417215944766,3.9904855533771126,2.4781527175512905,-1.1219683502308988,0.0378054661225237,-0.8025070814705413,False,3.394112549695429,0.05,0.02,0.02,0.5,0.2,0.06,0.0,44,75
4.3226120908758405,-0.7526459366396382,0.0874672085056384,8.204109858426001,6.518700107585784,-8.387001263178309,3.414829941203344,1.9013342445526584,-1.8959621022304467,0.7622570778943389,-0.7332436987927489,False,3.394112549695429,0.05,0.02,0.02,0.5,0.2,0.06,0.0,44,76
4.31619538815336,-0.7576272726842473,0.0856508110871815,7.651336518562411,45.58954622003883,-8.863875120574807,5.74252691121022,2.319310466749744,-1.1444292730710497,1.8247520198400369,-0.6635487770584141,False,3.394112549695429,0.05,0.02,0.02,0.5,0.2,0.06,0.0,44,77
4.3113887867319365,-0.7684215710853805,0.094029503102032,9.342896221054156,67.25387923418106,-9.213472796753734,5.157284730613631,1.251802556196918,-1.8450874906634267,1.9651763848678476,-0.9060490014561982,False,3.394112549695429,0.05,0.02,0.02,0.5,0.2,0.06,0.0,44,78
4.2959300960250815,-0.7567804833483934,0.1076077985825506,6.961468059357804,82.38458333396132,-6.94569085172221,6.670172891816128,2.0321770386739275,-1.6073855682539544,3.742634948890159,-1.3694205888439712,False,3.394112549695429,0.05,0.02,0.02,0.5,0.2,0.06,0.0,44,79
4.31569784468476,-0.7581509510702747,0.0946701153974634,6.826052127719202,61.6611319907452,-6.070538259351567,5.047470741837436,2.7235592705196505,2.2863918667116203,-0.3685446351391689,-0.9509395394690868,False,3.394112549695429,0.05,0.02,0.02,0.5,0.2,0.06,0.0,44,80
4.324906981486968,-0.7529674553108082,0.0909058717560773,8.384232001365675,28.74332751009989,-9.886120771432704,7.312813304594608,2.604221443781765,-0.005200490824899,1.7732808326334846,-0.8423715845593192,False,3.394112549695429,0.05,0.02,0.02,0.5,0.2,0.06,0.0,44,81
4.316421834143132,-0.759317476510097,0.081227021241438,7.657125644589773,18.467260258900744,-7.795607130155981,3.10031579985605,2.737399607804741,-0.92251297223606,1.6430490325648726,-0.5179174260531987,False,3.394112549695429,0.05,0.02,0.02,0.5,0.2,0.06,0.0,44,82
4.3028569444145175,-0.7530844858070164,0.1063307053820565,7.933548605591171,109.91768282339868,-8.856042180789,4.6864043008653375,1.3739046491442422,-1.0996826735035028,1.469938131766107,-1.3370083896240987,False,3.394112549695429,0.05,0.02,0.02,0.5,0.2,0.06,0.0,44,83
4.3011647265394926,-0.7529465744691652,0.0942409758197956,8.676055934232032,78.0928787644904,-11.056450527728323,7.783283018977072,1.4826536104768169,-0.6905601244387309,1.3914798231643792,-0.9505695639150952,False,3.394112549695429,0.05,0.02,0.02,0.5,0.2,0.06,0.0,44,84
4.277957983229345,-0.7628267674947744,0.1045565358815951,6.978147542297457,92.2751544310322,-1.1275934054606849,8.432271052515208,2.46742310273964,-3.296285608220219,1.0394671689881658,-1.2583474272298276,False,3.394112549695429,0.05,0.02,0.02,0.5,0.2,0.06,0.0,44,85
4.303703547819901,-0.7529209994916544,0.0968542477328804,8.55831057404992,92.5931816440838,-3.4203946262574227,4.722287348640927,2.397548425315765,-0.2376538926820537,-0.7976868787508666,-1.0341033158030113,False,3.394112549695429,0.05,0.02,0.02,0.5,0.2,0.06,0.0,44,86
4.308221595582091,-0.7555570673290143,0.0896250731568004,6.925622331536729,32.59967481090165,-9.412605404893403,4.949229639305948,2.1656134250247323,-2.642391134479601,-0.6054906367772732,-0.7961720836930555,False,3.394112549695429,0.05,0.02,0.02,0.5,0.2,0.06,0.0,44,87
4.308496120457996,-0.7654084931785855,0.0911832827653326,6.916940088969204,69.94608264714556,-5.68535230636544,5.837652740122128,2.0809155553188625,-1.2667357333237017,3.570717244294844,-0.8223748976345613,False,3.394112549695429,0.05,0.02,0.02,0.5,0.2,0.06,0.0,44,88
4.289749648236093,-0.7654401870272071,0.0983962318403442,8.452396431737354,114.2391649308142,-8.470407030360693,5.8693099747084805,1.8719278027564576,1.6111623793717331,0.2806587285562041,-1.054237991131553,False,3.394112549695429,0.05,0.02,0.02,0.5,0.2,0.06,0.0,44,89
4.313024383226872,-0.767998399122673,0.0909762164937287,7.912533414020067,72.04997967149886,-10.884201967329078,4.813156547845214,1.6963130007618843,-1.9457742715413096,-1.7799931008203804,-0.8092613069112939,False,3.394112549695429,0.05,0.02,0.02,0.5,0.2,0.06,0.0,44,90
4.320246957232129,-0.7679393451756681,0.0864712812652572,9.311525185667074,32.91624659223246,-7.988268917760398,11.09247041789487,1.967789297700281,-0.6500112255958068,1.3469580198882485,-0.6648117546327006,False,3.394112549695429,0.05,0.02,0.02,0.5,0.2,0.06,0.0,44,91
4.299552125986175,-0.7596907065155033,0.0985955069926781,8.587032903656567,79.76890249160815,-7.285155752932776,6.6821468522438,2.554783514031114,-0.6382150597823031,0.8071138951534973,-1.0738254005693233,False,3.394112549695429,0.05,0.02,0.02,0.5,0.2,0.06,0.0,44,92
4.314369993890716,-0.756086636319148,0.0928795545133606,8.658824150442923,55.7467327120768,-8.647856718259565,4.463792465840045,1.5916574510983663,-0.9144121108314188,-0.8068252390115236,-0.8986756176281441,False,3.394112549695429,0.05,0.02,0.02,0.5,0.2,0.06,0.0,44,93
4.328417792751782,-0.754381702790803,0.0814256201541463,7.825571292532442,31.17335992723539,-0.9772663048572952,6.238002675444828,2.0834880995587413,-1.08894412747172,2.91491642408377,-0.5353986906696497,False,3.394112549695429,0.05,0.02,0.02,0.5,0.2,0.06,0.0,44,94
4.323992321288937,-0.7624110092457133,0.0906818303804207,10.084977091675167,37.73965604444663,-7.560910334929091,5.923940920189755,1.94526219162333,1.0897291257746526,3.0733416335286776,-0.8125926107064148,False,3.394112549695429,0.05,0.02,0.02,0.5,0.2,0.06,0.0,44,95
4.319738199029178,-0.7644283655915428,0.090330052359028,7.302551344427273,28.179301274240963,-4.668519045864803,1.835258399148298,1.3027574635769177,-2.657406327200353,2.263640505727712,-0.796749306127444,False,3.394112549695429,0.05,0.02,0.02,0.5,0.2,0.06,0.0,44,96
4.293750100429151,-0.7549459953035861,0.0913088925182077,9.180752571100353,86.03041052583534,-6.53795007364096,5.64471806147657,1.948873905440775,-3.404494202251485,2.787334522951987,-0.8523891658282943,False,3.394112549695429,0.05,0.02,0.02,0.5,0.2,0.06,0.0,44,97
4.310254557437231,-0.7531047545569601,0.0941051570571051,8.60658316775475,85.0787330165125,-7.654254488983954,4.567550331286391,1.2531362967077335,-1.5663800386152666,0.9748642028292498,-0.9452983414444258,False,3.394112549695429,0.05,0.02,0.02,0.5,0.2,0.06,0.0,44,98
4.307414069003106,-0.7476498882324977,0.1038599790335521,9.086354599622458,43.20206357664665,-5.272493327207901,6.70435398029556,3.318021420880319,-0.5786702812544284,2.67281030848512,-1.2707147531754894,False,3.394112549695429,0.05,0.02,0.02,0.5,0.2,0.06,0.0,44,99
2.196687256374344,-0.2769339392708316,0.0310653695457234,9.245541433322602,6.119829095775192,-7.100590412375857,5.6565669641363785,-0.0993249615919567,0.4181360826940737,-0.9455250049018246,-3.179924612220141,False,6.788225099390858,0.1,0.02,0.02,0.5,0.4,0.06,0.0,36,0
2.2011162157284416,-0.2780648417488768,0.0298487163492855,9.536152558534086,1.0158115685308378,-4.706157722263414,4.870228000126717,-0.1455227875783486,0.8901035673735843,-0.0567152116734839,-3.021213099567536,False,6.788225099390858,0.1,0.02,0.02,0.5,0.4,0.06,0.0,36,1
2.19736146833129,-0.2762957915996505,0.0306716386064474,9.771139720790153,5.964399467303304,-4.665858281547171,4.882528962198527,-0.2637999880662398,0.1902363873099766,-0.60728965108563,-3.1310181536862345,False,6.788225099390858,0.1,0.02,0.02,0.5,0.4,0.06,0.0,36,2
2.199507551032596,-0.27550058089796,0.0303176766716155,9.613453509057532,6.602239229873259,-6.82906836937498,1.8990552064391852,-0.1741540538390369,0.2036572383739831,-0.6563475530993628,-3.0874907667497373,False,6.788225099390858,0.1,0.02,0.02,0.5,0.4,0.06,0.0,36,3
2.191200180024872,-0.2724430872990258,0.0316994214797997,9.408987229156487,10.19480342243538,-6.441172477009155,5.677346591027398,-0.1959111157624194,0.9910215755260768,0.3674854294543507,-3.272190529095216,False,6.788225099390858,0.1,0.02,0.02,0.5,0.4,0.06,0.0,36,4
2.186767790131142,-0.2755490237270752,0.0313032451706768,9.844287056713984,8.328975328261638,-4.559097133524318,4.390661034712895,-0.2874017682480648,0.4589363765085187,-0.4993652387958531,-3.214291657493784,False,6.788225099390858,0.1,0.02,0.02,0.5,0.4,0.06,0.0,36,5
2.192107696964037,-0.2730057019171452,0.030737929656802,9.926881779202208,4.281874677058619,-3.9122495260584182,3.6577302921370247,-0.1799065159135055,0.9761463116356466,-0.559147449557331,-3.147714849651666,False,6.788225099390858,0.1,0.02,0.02,0.5,0.4,0.06,0.0,36,6
2.200692212214129,-0.2793526832905771,0.0308327659248038,9.428906541789798,2.7925731528671305,-6.33048416551874,2.342954893090936,-0.3356147617135931,0.9546107460883102,-0.2577235038257833,-3.144106065744663,False,6.788225099390858,0.1,0.02,0.02,0.5,0.4,0.06,0.0,36,7
2.204890761536316,-0.2795407725973484,0.031436679431806,9.60452943183095,7.307193494013755,-6.339670448934391,4.68963414903645,-0.3539977285123072,-0.7970538762920378,0.18577393104878,-3.2207036673453606,False,6.788225099390858,0.1,0.02,0.02,0.5,0.4,0.06,0.0,36,8
2.1985276281255035,-0.2765476910798885,0.0310096407173922,9.483327004889432,0.9172282913061972,-4.642503571083484,3.2901651172552264,-0.3502915853195015,-0.0773967125041792,-0.7272828314991417,-3.173607895546952,False,6.788225099390858,0.1,0.02,0.02,0.5,0.4,0.06,0.0,36,9
2.196704925411341,-0.2763499105320615,0.0314053831923573,9.241035165711072,4.499514310069877,-5.287114344679883,5.238565941890517,-0.2319705484650163,0.8155433102937963,0.3486007627531539,-3.224846967820109,False,6.788225099390858,0.1,0.02,0.02,0.5,0.4,0.06,0.0,36,10
2.19571773603008,-0.2733483443780305,0.031699710795628,9.64923295523671,4.7964343063936745,-3.8375108879845454,8.113377521219139,-0.1723018048814146,0.457239200765086,-0.97692438668319,-3.269783891171317,False,6.788225099390858,0.1,0.02,0.02,0.5,0.4,0.06,0.0,36,11
2.1970888476466413,-0.2773712943594171,0.0303882818725846,9.374536351239346,11.876026965007302,-3.645696552059907,3.690052652486487,-0.2678581489046138,0.3182114755946888,-0.2944163384334031,-3.09218364236944,False,6.788225099390858,0.1,0.02,0.02,0.5,0.4,0.06,0.0,36,12
2.2065305667634045,-0.2747714464451611,0.0298532288957604,9.30260966317499,3.985223705941476,-4.564265170274764,4.520481866097363,-0.1701142208856849,0.183933397035829,-0.3873649186202225,-3.029369993183147,False,6.788225099390858,0.1,0.02,0.02,0.5,0.4,0.06,0.0,36,13
2.2022528941162998,-0.2779214536943677,0.0313168205157274,9.004637352116243,1.6983694356808567,-5.077611609465131,6.465281211644584,-0.1608669221994022,0.4768800487263103,-0.3231451547668331,-3.209406363499656,False,6.788225099390858,0.1,0.02,0.02,0.5,0.4,0.06,0.0,36,14
2.2122559594615683,-0.2741225747527369,0.0297359109419405,9.995461146651518,-8.242001292414296,-6.871333214913308,3.883516655643874,-0.3946985243807865,0.2136576387879889,0.0430741027914263,-3.0155670635941334,False,6.788225099390858,0.1,0.02,0.02,0.5,0.4,0.06,0.0,36,15
2.2015494420209376,-0.2750526821197849,0.0298731387475131,9.140676435190333,4.072245504624676,-6.791181656990012,5.586953370017399,-0.3638334757005035,0.6880343331915958,-0.4980693228612796,-3.031542356072947,False,6.788225099390858,0.1,0.02,0.02,0.5,0.4,0.06,0.0,36,16
2.200791930469117,-0.2750381494007286,0.0304572970563529,9.797380295469708,-8.934763183115782,-4.813506973160794,3.00522055138111,-0.4265320912429674,-0.784697624811781,-0.764953832317075,-3.1063949488232763,False,6.788225099390858,0.1,0.02,0.02,0.5,0.4,0.06,0.0,36,17
2.203600267380988,-0.2754423865805646,0.0305753016746676,9.66660334705328,2.02150908596958,-6.899702657531414,4.927313074673304,-0.3461458029668106,-0.3669472041139213,-0.9509451083500926,-3.1203608705212518,False,6.788225099390858,0.1,0.02,0.02,0.5,0.4,0.06,0.0,36,18
2.206885363811913,-0.2766515723992966,0.0294316970726369,9.258956147802348,-1.213433023229055,-7.078489493595112,7.331372597674775,-0.1351973538453459,0.1442556989952376,-0.6960955151326302,-2.970880329710499,False,6.788225099390858,0.1,0.02,0.02,0.5,0.4,0.06,0.0,36,19
2.207463383536703,-0.2732037352395924,0.0286331928542678,9.38968724535281,-2.8868295912703283,-5.624929418268678,1.8713325431118308,-0.2529807067759131,0.6553043245530984,0.2080015091730687,-2.87691191775906,False,6.788225099390858,0.1,0.02,0.02,0.5,0.4,0.06,0.0,36,20
2.190335939887992,-0.2740272924212861,0.0294240313091769,9.08827097064773,5.821727792106164,-4.432764321473899,4.473555904029517,-0.3752908744958888,0.0328939524117396,0.02717534346299,-2.9771903493702845,False,6.788225099390858,0.1,0.02,0.02,0.5,0.4,0.06,0.0,36,21
2.1893755402488875,-0.2732557516635309,0.0299397543672591,9.63114146945129,11.895307276489278,-7.405398032424989,2.881459774132612,-0.2691950094111542,0.0584017391511259,-1.3249311073992969,-3.045112222601763,False,6.788225099390858,0.1,0.02,0.02,0.5,0.4,0.06,0.0,36,22
2.20109808163334,-0.2766531156313384,0.029765124804304,9.056454377457968,6.451140907642722,-7.945122069570387,4.64623516793664,-0.3266121647808023,1.3936194304838525,-0.0110019502459325,-3.01390261253771,False,6.788225099390858,0.1,0.02,0.02,0.5,0.4,0.06,0.0,36,23
2.1976859617455275,-0.2717526657669961,0.0293279608479868,9.883646883847742,0.9470997994647234,-6.056356642088479,5.672643619368672,-0.3608355715089431,0.4302658063700716,-0.5192127218451266,-2.969911432996799,False,6.788225099390858,0.1,0.02,0.02,0.5,0.4,0.06,0.0,36,24
2.1961580913851395,-0.2758305093931184,0.0306345846368118,9.368523695906504,10.028974156205091,-5.865077990268412,2.447499100125877,-0.2443873268292853,1.000284275672246,0.1493365568099411,-3.12746412548532,False,6.788225099390858,0.1,0.02,0.02,0.5,0.4,0.06,0.0,36,25
2.188206309897096,-0.2761646959666605,0.0317316704203128,9.030568652877754,7.586122486452492,-5.31014362112306,1.9229114419421636,-0.1074402725515266,0.061953571019172,0.6080877837611951,-3.267566164886235,False,6.788225099390858,0.1,0.02,0.02,0.5,0.4,0.06,0.0,36,26
2.198697535085916,-0.2754963831244723,0.0286807316780065,9.24004819977464,5.857046226756813,-5.004794803199394,3.6610293937663663,-0.3056137740345419,0.4901197882943185,-0.2402079419216289,-2.87802048318095,False,6.788225099390858,0.1,0.02,0.02,0.5,0.4,0.06,0.0,36,27
2.2016798103756687,-0.2760573864598811,0.0308075497909893,9.67716301435023,0.9943647060382852,-6.979160588684957,5.186454558607546,-0.3966004469065368,-0.5841909583141656,-0.4050093482109325,-3.148727857120384,False,6.788225099390858,0.1,0.02,0.02,0.5,0.4,0.06,0.0,36,28
2.1905442801583943,-0.2751667633996221,0.0320240643610696,9.382128468933688,0.3720680444991933,-5.8988183609735225,4.74612637941587,-0.4085630063975908,1.6640622655113646,0.4775267452037398,-3.307247349248314,False,6.788225099390858,0.1,0.02,0.02,0.5,0.4,0.06,0.0,36,29
2.2041019158569037,-0.2738131254473365,0.0273721993781678,9.2872217766652,-2.4532339707493183,-5.217524006053615,6.517753813657895,-0.4795664468798534,0.2984385679230951,-0.8176211204599039,-2.714243904380463,False,6.788225099390858,0.1,0.02,0.02,0.5,0.4,0.06,0.0,36,30
2.1978558896977183,-0.2768235139039043,0.0288927208655818,9.40356831788163,3.914576424152486,-6.470815020397206,4.715179736587124,-0.1738908433565289,0.2320592873862694,-1.288015751048598,-2.902020484043242,False,6.788225099390858,0.1,0.02,0.02,0.5,0.4,0.06,0.0,36,31
2.194268331546336,-0.2745409017283697,0.0328023088446964,9.62698262083947,9.131860267785935,-7.024476256499702,2.984909901598996,-0.2363320493051934,0.1561038007662152,-0.1325016651815512,-3.408141268080283,False,6.788225099390858,0.1,0.02,0.02,0.5,0.4,0.06,0.0,36,32
2.1968711811793717,-0.2754839883723564,0.0300547434817767,9.47165868978798,5.184749729497292,-6.057203715081477,4.023658594621017,-0.4138500961068758,0.2084435898147499,-1.2417270937531062,-3.0540333227030088,False,6.788225099390858,0.1,0.02,0.02,0.5,0.4,0.06,0.0,36,33
2.198156319824662,-0.2743082223745269,0.030574463166659,9.21422932358832,9.163942094643003,-7.2135712573595185,5.853411093285382,-0.1899233674261736,1.0655244934596786,-0.5578631897513867,-3.123302172444016,False,6.788225099390858,0.1,0.02,0.02,0.5,0.4,0.06,0.0,36,34
2.201166011567499,-0.2785320806647813,0.030659890177437,9.575967434398782,4.510090868268808,-6.461983526687678,4.818989851490027,-0.2887640079986563,-0.6309977478125901,-0.1332034010291032,-3.12391898842242,False,6.788225099390858,0.1,0.02,0.02,0.5,0.4,0.06,0.0,36,35
2.196692016160202,-0.2761733489385831,0.0291221758866838,9.61174976416998,5.502303248600359,-4.408953467429454,5.667615285234205,-0.2650769387258854,0.7698253448944548,-0.6879709177140844,-2.933020955073326,False,6.788225099390858,0.1,0.02,0.02,0.5,0.4,0.06,0.0,36,36
2.188867900655697,-0.2756255787124648,0.0308869853286659,9.735699595555252,1.695517570211056,-5.589116228066279,6.012395450007303,-0.0895760872783227,0.6507997681220672,-0.717391377818892,-3.160700659119987,False,6.788225099390858,0.1,0.02,0.02,0.5,0.4,0.06,0.0,36,37
2.194115241725495,-0.2737142533964738,0.0295706712836928,9.324302005089248,1.059031393805563,-5.38866839215363,3.499327192766038,-0.3774017252562884,-0.2483947884368863,-0.6499319531502414,-2.9964848016576218,False,6.788225099390858,0.1,0.02,0.02,0.5,0.4,0.06,0.0,36,38
2.194098755759046,-0.2737672809345706,0.0313625171136208,9.38645537721654,12.792000262321077,-8.251913206173654,6.660409533310445,-0.0317204652961837,1.333965349146069,-1.1192966288195785,-3.22571479095496,False,6.788225099390858,0.1,0.02,0.02,0.5,0.4,0.06,0.0,36,39
2.2022756025152987,-0.2757584233791589,0.0293473083049413,9.84720674476294,7.113782654428458,-5.998514770202143,4.709158311530122,-0.3002238485122475,1.112237405877566,0.7410781077944604,-2.9624987107715963,False,6.788225099390858,0.1,0.02,0.02,0.5,0.4,0.06,0.0,36,40
2.196536391290429,-0.2769746827479519,0.0309182307332602,9.216393695648527,10.319403430299928,-4.972966760370118,5.895804265135488,-0.1058275322871792,0.7074877193386062,0.1529339521842336,-3.1610021117848035,False,6.788225099390858,0.1,0.02,0.02,0.5,0.4,0.06,0.0,36,41
2.198601403695092,-0.2745018121733666,0.0313829285264259,9.393435741483051,2.211494782663884,-3.726585882466381,6.677622714678277,-0.2964212083835648,-0.0436855974154328,-0.9785014778810388,-3.2262944179447395,False,6.788225099390858,0.1,0.02,0.02,0.5,0.4,0.06,0.0,36,42
2.18961501200236,-0.2755800269410132,0.0301610878091664,9.463918993353587,4.047086022058298,-6.568347464653189,4.070367483306,-0.4363672916076879,0.0396035212097423,-0.2712681744632427,-3.067850274194736,False,6.788225099390858,0.1,0.02,0.02,0.5,0.4,0.06,0.0,36,43
2.1990216873591177,-0.2739787011037815,0.0304626664949583,9.667119691787295,7.283020843292467,-5.388957088583469,3.665375936680684,-0.2214599958769762,0.3657934772082323,-0.1360117459256922,-3.109731127464048,False,6.788225099390858,0.1,0.02,0.02,0.5,0.4,0.06,0.0,36,44
2.19145180920115,-0.2718647511788719,0.0284849277725404,9.428546992439196,8.887575277190066,-4.572450391964659,4.463757896182655,-0.3319542410495519,0.7833496764632446,-0.5008294416012493,-2.8621082435038128,False,6.788225099390858,0.1,0.02,0.02,0.5,0.4,0.06,0.0,36,45
2.197215431438291,-0.2719912328017203,0.0293187527515601,9.271371061895962,6.552033353552042,-5.823654857142986,3.4767510765755345,-0.191292873322613,0.7316265413917994,0.4949747591952359,-2.9681884675892776,False,6.788225099390858,0.1,0.02,0.02,0.5,0.4,0.06,0.0,36,46
2.201378334765383,-0.2749178455015889,0.0297583288894675,8.526582277293537,6.683788508686986,-5.248017225397497,5.776922328516132,-0.2268073296649277,0.307141394844666,0.4129220403146468,-3.017180568562113,False,6.788225099390858,0.1,0.02,0.02,0.5,0.4,0.06,0.0,36,47
2.195787562307544,-0.2750608752135516,0.0314629947140487,9.267206903610306,2.1997653134498494,-6.953236742831001,1.748430336684489,-0.3361190437108408,0.1642738299704695,0.1591469465890944,-3.2353699691472597,False,6.788225099390858,0.1,0.02,0.02,0.5,0.4,0.06,0.0,36,48
2.193353861997613,-0.2746725965944533,0.0309163411650304,9.854446300458086,0.6775774948449014,-5.562220624857837,4.249495608577057,-0.2858071972577001,0.8531886839933601,-0.3022917984119892,-3.166476205577357,False,6.788225099390858,0.1,0.02,0.02,0.5,0.4,0.06,0.0,36,49
2.192722812486384,-0.2742573142883871,0.0311614488689075,9.623319124952005,9.262536913753324,-8.070991973569633,5.7300217396865865,-0.2170126129018874,0.7224625620873583,-0.5247261231314363,-3.198884532178857,False,6.788225099390858,0.1,0.02,0.02,0.5,0.4,0.06,0.0,36,50
2.198453756790346,-0.2775563978713358,0.0321683740881638,9.497293808632698,7.469196111618629,-4.806117454090519,3.5831819468379718,-0.3720894104031432,0.6312371388582094,-0.4459800701203283,-3.3195093029863463,False,6.788225099390858,0.1,0.02,0.02,0.5,0.4,0.06,0.0,36,51
2.192593636548197,-0.2742675793286104,0.0292661534476065,9.54601702007822,1.3320478025708251,-3.6138636581271615,7.054404327831988,-0.1001797290690878,0.8130213166284126,-1.0561348064652918,-2.9562698327120884,False,6.788225099390858,0.1,0.02,0.02,0.5,0.4,0.06,0.0,36,52
2.1985433829260512,-0.2781546188980395,0.0307028193565989,8.918840726732574,0.1477489815457158,-5.6802689592148745,2.7926690428540564,-0.2269485596925834,0.6743473443692805,0.3954636408145109,-3.130477189313814,False,6.788225099390858,0.1,0.02,0.02,0.5,0.4,0.06,0.0,36,53
2.2047785204510277,-0.2747585470655954,0.0299336746639073,9.803933104539444,7.100392777313037,-7.704635104352716,4.259506949773303,-0.2819066832763096,0.3037901770097089,-0.2530485088298434,-3.0398031327956536,False,6.788225099390858,0.1,0.02,0.02,0.5,0.4,0.06,0.0,36,54
2.1889837085217057,-0.2764253367098753,0.0312304746089688,9.207481984292857,4.532172984461848,-3.952371603776376,4.85552185435296,-0.4294462704071443,0.3849386041732663,-0.7310248276529685,-3.202740919333011,False,6.788225099390858,0.1,0.02,0.02,0.5,0.4,0.06,0.0,36,55
2.206596522765519,-0.2771969959551125,0.0304381006294537,10.039097619770557,-0.8042721680624743,-4.721971247754063,5.67247024900343,-0.4118498594781105,-0.6535041088780946,-0.3600877124489559,-3.0984082989118766,False,6.788225099390858,0.1,0.02,0.02,0.5,0.4,0.06,0.0,36,56
2.197006332004731,-0.2761590136627627,0.03001360295351,9.050977909342205,1.4164035899274237,-5.7223900195283255,8.549009446244629,-0.254800927707517,0.9567562829253682,-0.7073638397765643,-3.047139165338375,False,6.788225099390858,0.1,0.02,0.02,0.5,0.4,0.06,0.0,36,57
2.198430703851327,-0.2788911623017839,0.0313761935038741,9.931131809876415,4.907810574488966,-5.581571934421799,5.901309612734606,-0.3909488347886401,-0.068785711943105,-0.6332439604459938,-3.214908136740525,False,6.788225099390858,0.1,0.02,0.02,0.5,0.4,0.06,0.0,36,58
2.19715036509545,-0.2762685684934311,0.0298673929758424,9.856604351583512,4.8385597646306815,-5.115946920221795,5.221456930529062,-0.4652149919996954,-0.4392894568897512,-0.2318937076305081,-3.02815271461787,False,6.788225099390858,0.1,0.02,0.02,0.5,0.4,0.06,0.0,36,59
2.1986965483736878,-0.2728572404952648,0.0280622281278821,9.7100334472683,-4.654370426270587,-4.19397618273495,0.9454431784689694,-0.3023495894217043,-0.3068428659174479,-0.115183554382383,-2.805186030277856,False,6.788225099390858,0.1,0.02,0.02,0.5,0.4,0.06,0.0,36,60
2.2025686410741145,-0.2762295244082502,0.0301776158914034,8.784369258345698,2.9595487908944635,-6.564681036356285,4.5725761688135655,-0.2099134187860177,0.8330294697274698,-0.1862882023716724,-3.067629857055396,False,6.788225099390858,0.1,0.02,0.02,0.5,0.4,0.06,0.0,36,61
2.1921256456581717,-0.2743631285688372,0.0299417688147949,9.531635780963922,2.2547622252966537,-4.646006057198637,2.277866790918812,-0.3273398175873767,0.526740183583002,0.643674027749517,-3.042547360989049,False,6.788225099390858,0.1,0.02,0.02,0.5,0.4,0.06,0.0,36,62
2.2066549896506173,-0.277020894720497,0.0308842598214006,9.877672822643872,4.0446886615617785,-5.975515234677986,7.196300186264538,-0.2766064298117039,0.1042917104712726,0.2306521141140146,-3.15593581043106,False,6.788225099390858,0.1,0.02,0.02,0.5,0.4,0.06,0.0,36,63
2.190109782276904,-0.2769725384473899,0.0320671327849615,9.693386082580592,13.00413701025704,-3.5255753408891923,7.010297002394541,-0.3565851490408678,-0.1497343032460185,0.0957232731157365,-3.308452317264727,False,6.788225099390858,0.1,0.02,0.02,0.5,0.4,0.06,0.0,36,64
2.1972233652618938,-0.276372266445601,0.0309260164352151,9.82415223518764,-3.635518273166376,-3.885935605345556,4.431175564843417,-0.4305824878772035,-0.0775726821680484,-0.6541666909631301,-3.163403262322381,False,6.788225099390858,0.1,0.02,0.02,0.5,0.4,0.06,0.0,36,65
2.194820950024736,-0.2733309626544389,0.0301578512457644,9.416944767120905,-0.2591730014858218,-7.445159501298519,5.403360350920199,-0.2089552729198169,0.1790921843426319,-0.2088384121257898,-3.072521392085714,False,6.788225099390858,0.1,0.02,0.02,0.5,0.4,0.06,0.0,36,66
2.2045081383970127,-0.2781931436240785,0.0307315885502992,9.10824319961491,1.2181767578307157,-5.136920879150231,5.581417649647799,-0.2380159023924266,-1.0793881527718598,-0.311545117059992,-3.133709301436695,False,6.788225099390858,0.1,0.02,0.02,0.5,0.4,0.06,0.0,36,67
2.1965301441648264,-0.2738262257721894,0.029358019336045,8.886901569511446,6.307753731361835,-4.788288736427903,3.518631658386636,-0.1907059115018524,0.0614710555625173,-0.1353611152058532,-2.9688517245106176,False,6.788225099390858,0.1,0.02,0.02,0.5,0.4,0.06,0.0,36,68
2.1913009636300464,-0.2764469094600574,0.0312025366791356,9.785168461764323,3.898957368413412,-5.838482563922444,2.472967151001916,-0.3597777664597539,1.0881681064578848,0.046694484753721,-3.198974054407417,False,6.788225099390858,0.1,0.02,0.02,0.5,0.4,0.06,0.0,36,69
2.1968598263352974,-0.2759813586135465,0.0304580128328643,9.617821808663718,5.60370171819534,-4.050605723529439,4.293701375603967,-0.241102632529099,0.4614243439995981,0.0077395234448261,-3.10445879235401,False,6.788225099390858,0.1,0.02,0.02,0.5,0.4,0.06,0.0,36,70
2.20166186389156,-0.2746866073441938,0.0301789737125911,8.98948750941717,-2.210297613113143,-3.345622372733508,6.484276411859632,-0.2568985246473527,-0.6774043641572449,0.2273938191394486,-3.0715610657521077,False,6.788225099390858,0.1,0.02,0.02,0.5,0.4,0.06,0.0,36,71
2.191938400893981,-0.2728714603627977,0.0294343935587377,8.97336882581963,6.569555331440212,-6.571004161450375,5.881766250375465,-0.2301575826697981,-0.4770141808964971,-0.7932882347201389,-2.981194566594084,False,6.788225099390858,0.1,0.02,0.02,0.5,0.4,0.06,0.0,36,72
2.204568515685054,-0.2772141303583484,0.0297763252354254,9.817627996653677,7.217925911006384,-4.0743565970120486,3.550281647369545,-0.1902046410970331,0.3239428037846009,0.3854731583478953,-3.0137816063333167,False,6.788225099390858,0.1,0.02,0.02,0.5,0.4,0.06,0.0,36,73
2.212530201862244,-0.2776788006004279,0.0285370074695891,9.554355088624478,4.6533680433921285,-4.168531982256951,4.38355068280762,-0.1610560555425339,1.064378901921612,-0.2091084860365634,-2.853556022554648,False,6.788225099390858,0.1,0.02,0.02,0.5,0.4,0.06,0.0,36,74
2.194185480845499,-0.2770654316744129,0.0326513832007765,9.17607958096012,4.027451417521431,-3.1967422824030107,6.850587489658224,-0.332901994302148,0.0522780225097241,-1.0059104099660887,-3.382768884830077,False,6.788225099390858,0.1,0.02,0.02,0.5,0.4,0.06,0.0,36,75
2.1949130452080525,-0.2763152433405978,0.0313349875346119,9.658330591247694,9.131128191964876,-2.371091605436032,3.1694968681473656,-0.2489914323535766,0.062100219566633,-0.3147985647548668,-3.2160270377004148,False,6.788225099390858,0.1,0.02,0.02,0.5,0.4,0.06,0.0,36,76
2.18931993232834,-0.27394835830462,0.0314770883925703,8.929716414934914,3.407819096084614,-7.2254839454600415,4.451880603319852,-0.2522226398044385,0.6767473622750474,-0.5822820413047578,-3.2402320583782185,False,6.788225099390858,0.1,0.02,0.02,0.5,0.4,0.06,0.0,36,77
2.206634553840628,-0.27744969171891,0.029112468588895,9.646444344124998,1.3063495751315242,-5.030741462725963,6.311549594611041,-0.3399323953879866,0.199072415777679,0.5316009175534082,-2.928118646022746,False,6.788225099390858,0.1,0.02,0.02,0.5,0.4,0.06,0.0,36,78
2.2003489739772264,-0.2761385669788455,0.0295269711177653,9.453227232344142,12.801090427904274,-7.406732498478511,4.327212432409413,-0.2960039499249202,1.5112754502020525,0.182587629738204,-2.984698803886105,False,6.788225099390858,0.1,0.02,0.02,0.5,0.4,0.06,0.0,36,79
2.211121530621873,-0.27995254725273,0.0304403272794459,9.83780468250189,-3.723926120550488,-7.883014379635448,3.9094847629530016,-0.2221549533184602,0.825490749264569,-0.6367953735163541,-3.091808486525224,False,6.788225099390858,0.1,0.02,0.02,0.5,0.4,0.06,0.0,36,80
2.194305670846786,-0.2745239575217468,0.0303943639833034,9.585408449784843,5.38478325255886,-3.6828391995467,3.6499063740366537,-0.3827583318856318,-0.2293984290185775,-0.3768685672041744,-3.099962751559848,False,6.788225099390858,0.1,0.02,0.02,0.5,0.4,0.06,0.0,36,81
2.196746150101541,-0.2759275666409027,0.0307386033070167,9.428892587708146,11.924258964302997,-3.3128209900550054,4.313148275017442,-0.2464148055365156,-0.1863645098719185,0.5765154763088374,-3.140510294353884,False,6.788225099390858,0.1,0.02,0.02,0.5,0.4,0.06,0.0,36,82
2.194755252082597,-0.275813767621878,0.0311270171232721,8.982324638749157,7.860257961180856,-6.331450051127656,4.949106228765047,-0.2710360151007228,1.0513200074960447,-0.034737296173257,-3.1906198343613674,False,6.788225099390858,0.1,0.02,0.02,0.5,0.4,0.06,0.0,36,83
2.1948640007725184,-0.2769914277047409,0.0312932198834415,9.749072798397142,5.04621959806299,-7.095890044288003,9.115135354717635,-0.0958944876740035,0.442679131374413,-0.8098874074685385,-3.2090608785427834,False,6.788225099390858,0.1,0.02,0.02,0.5,0.4,0.06,0.0,36,84
2.1960639844483225,-0.2756242920526151,0.0327085736893757,9.312328671708125,7.89957746784673,-6.200258611723112,4.537589049659474,-0.1692415177825118,0.0850567930386068,-0.5323134751167872,-3.393435292246924,False,6.788225099390858,0.1,0.02,0.02,0.5,0.4,0.06,0.0,36,85
2.194766603599272,-0.2804941636116877,0.0322169131990228,9.317428935459924,9.544293448479888,-4.142710305700218,5.206308724441977,-0.1925915712257401,-0.4510263297419294,-0.6856923473591006,-3.318892900590919,False,6.788225099390858,0.1,0.02,0.02,0.5,0.4,0.06,0.0,36,86
2.201620790349523,-0.2782277865500889,0.0310651465337746,9.86761082484036,3.289383673947147,-2.7014794700326554,5.962060417087406,-0.306832053053712,0.3806611767275329,-1.5278428720577877,-3.176494821181972,False,6.788225099390858,0.1,0.02,0.02,0.5,0.4,0.06,0.0,36,87
2.1878711618355244,-0.273641212516577,0.0311797818435567,9.214208147694585,7.797091244782252,-5.188312511360789,5.41557997848418,-0.2496246522939758,0.9291990343808484,-0.4887197672990959,-3.203000896225354,False,6.788225099390858,0.1,0.02,0.02,0.5,0.4,0.06,0.0,36,88
2.192967986623739,-0.2732297532649286,0.0311131676861725,9.39103925937216,5.79166163100578,-6.059770763143884,3.7980723211293417,-0.2227786895447716,0.3101390361116833,-0.6344701582051179,-3.1951559767968285,False,6.788225099390858,0.1,0.02,0.02,0.5,0.4,0.06,0.0,36,89
2.195447365212301,-0.2737594877954841,0.0292522306432533,9.171809741666648,-5.921361143336316,-6.11028255246407,6.294582308113628,-0.2081058070512451,0.7668651719901843,-0.1167708922019489,-2.9555359097145235,False,6.788225099390858,0.1,0.02,0.02,0.5,0.4,0.06,0.0,36,90
2.1970557386813745,-0.2736336005456963,0.0322217132344747,9.619521605261006,8.980278295293342,-6.769714450449486,5.39285900087391,-0.273134811669743,0.8476263032404938,-0.2709428050509814,-3.335835308382213,False,6.788225099390858,0.1,0.02,0.02,0.5,0.4,0.06,0.0,36,91
2.1953760102176134,-0.2746865075160428,0.0295207010806588,9.094349280656392,-0.3928745093374948,-5.797479826741824,4.0529492284517294,-0.2885058773839278,0.1027895729651077,-0.6728504660620018,-2.9876795596727765,False,6.788225099390858,0.1,0.02,0.02,0.5,0.4,0.06,0.0,36,92
2.200193751427786,-0.2766771606064767,0.0295923922226516,9.165746302107388,-2.2458467094092187,-5.894358253882439,2.9571759154625736,-0.0853159239878093,0.6345229315361709,0.7015143074891321,-2.991789393958202,False,6.788225099390858,0.1,0.02,0.02,0.5,0.4,0.06,0.0,36,93
2.189896105509822,-0.277574997738688,0.0319361794402566,9.448178006400012,-0.5122995225883287,-5.561208212059786,5.533334667600607,-0.3924456486164109,0.636960428224333,-0.4061672273897277,-3.2902572074494083,False,6.788225099390858,0.1,0.02,0.02,0.5,0.4,0.06,0.0,36,94
2.201193416333634,-0.2765624552963031,0.0298342486865388,9.445386513916237,10.916412798740716,-4.506788665702748,4.514966341755113,-0.397654171876836,0.0656758928110381,-1.247299339437779,-3.02296233418583,False,6.788225099390858,0.1,0.02,0.02,0.5,0.4,0.06,0.0,36,95
2.203407085129993,-0.2755274215424817,0.028405405256586,9.430195362104126,8.10385261215874,-3.973384818069782,6.417525909657614,-0.367392371907017,0.1255568625294442,-0.3309825831455428,-2.842421636033258,False,6.788225099390858,0.1,0.02,0.02,0.5,0.4,0.06,0.0,36,96
2.195475150453268,-0.2762625861011389,0.0295592616222216,9.227568008766664,4.520526951404091,-7.74864082894935,5.6324104761377205,-0.2074993367091273,0.3165106465872406,0.120420803570047,-2.9888267719744475,False,6.788225099390858,0.1,0.02,0.02,0.5,0.4,0.06,0.0,36,97
2.1988127276306657,-0.2792780664418457,0.0299506574806569,9.531019759885115,4.979067043531465,-4.116314210468048,5.511394373140612,-0.1742339571689313,0.420224762443913,-0.5109568746380141,-3.031488034405822,False,6.788225099390858,0.1,0.02,0.02,0.5,0.4,0.06,0.0,36,98
2.185848021660953,-0.2741562039871263,0.0319463575363316,9.77597406698703,6.84267233008906,-4.79088026181652,3.5489636672603875,-0.3125446312143972,0.6034629888149495,0.4900076013990595,-3.300007993781688,False,6.788225099390858,0.1,0.02,0.02,0.5,0.4,0.06,0.0,36,99
3.973588626233111,-0.4186269818880037,0.0382164999846648,11.329740463853302,0.241611390847232,-3.58440345252028,8.299696092561959,0.0195980206935375,0.2513459219114757,-0.7419811276688899,-3.648591923931908,False,6.788225099390858,0.1,0.02,0.02,0.5,0.4,0.06,0.0,40,0
3.9676652224070463,-0.4185401949084676,0.0374844528668778,10.545378517240875,-1.9753255885078789,-4.034804466627676,8.923864849183298,0.0608450685246291,-0.3281955673484801,-0.9352712158878388,-3.5554535858356258,False,6.788225099390858,0.1,0.02,0.02,0.5,0.4,0.06,0.0,40,1
3.968177951721728,-0.418994552299174,0.038457167820498,11.053316014453127,5.584459012337284,-6.591363989107659,4.075866181348353,0.1428131657082286,0.5342255561633458,0.1910354201451646,-3.6788398784024303,False,6.788225099390858,0.1,0.02,0.02,0.5,0.4,0.06,0.0,40,2
3.962042261554673,-0.4179377802360768,0.0368424396289914,10.453740787808195,0.270236050022434,-6.537329733664999,5.1426833236860405,0.0251127167082448,1.351371202673017,-0.9478598020136666,-3.4750590642510395,False,6.788225099390858,0.1,0.02,0.02,0.5,0.4,0.06,0.0,40,3
3.968911707829881,-0.4191624550333217,0.0361790026856837,10.99941150328605,-1.1295168618567768,-9.819274522200912,4.269174394356714,0.1826871938392328,2.4736130113317496,-0.2798486406786185,-3.386787749217759,False,6.788225099390858,0.1,0.02,0.02,0.5,0.4,0.06,0.0,40,4
3.973965221835229,-0.4189652590896906,0.0342037626908214,10.968806303072071,-3.5316519586923616,-8.724485502741572,8.2427763403138,0.2040247142444146,0.5670563312947904,0.2463193324943684,-3.134127089299769,False,6.788225099390858,0.1,0.02,0.02,0.5,0.4,0.06,0.0,40,5
3.9669214365228167,-0.4203468061551765,0.0395648318781984,10.71645759740054,4.145597941154826,-4.379665739042051,9.425914956340232,-0.0731530536843809,0.2109721059047211,-0.8192126023325197,-3.817450859445612,False,6.788225099390858,0.1,0.02,0.02,0.5,0.4,0.06,0.0,40,6
3.9542558424831697,-0.415976773980396,0.0363985126011856,11.549349961237544,8.46940353485456,-11.01162331054114,6.478031654762098,-0.161950522234741,-0.171181469489101,0.2304269053212572,-3.42341000484982,False,6.788225099390858,0.1,0.02,0.02,0.5,0.4,0.06,0.0,40,7
3.949875670240569,-0.4176168911173319,0.0391026657030264,11.01828834040399,4.858686747018255,-9.821855675676536,5.25734733360995,-0.096477841294397,0.3526181552312228,-0.9622403128398396,-3.7658681310913593,False,6.788225099390858,0.1,0.02,0.02,0.5,0.4,0.06,0.0,40,8
3.95447021978694,-0.4211871925768071,0.0377242303607352,10.97428890326428,1.7735200899171912,-3.234861801481258,3.401957537481968,0.2945609693362552,1.0337595559004968,0.3618245280567821,-3.5805840108025637,False,6.788225099390858,0.1,0.02,0.02,0.5,0.4,0.06,0.0,40,9
3.976346379319751,-0.4194571998228592,0.0353336808258822,12.002687125301492,-11.04479749245156,-8.031001305774543,4.338766998171755,-0.1519480281711495,0.3851533176593814,-0.6526428599283174,-3.277433083378884,False,6.788225099390858,0.1,0.02,0.02,0.5,0.4,0.06,0.0,40,10
3.965694538633098,-0.4223357211374618,0.0371035575539359,11.523019597273136,-9.838982776533124,-5.339854059550635,5.087842908233004,0.1612798738418469,-1.0497433629071682,-1.546339103788696,-3.497707963855908,False,6.788225099390858,0.1,0.02,0.02,0.5,0.4,0.06,0.0,40,11
3.958848207407896,-0.4142589737386868,0.0386054790466436,10.994657175999276,1.8636701719316957,-10.660533194356285,8.169023082467811,0.1534124650380764,1.3682440610596416,-0.8362199854337777,-3.7097488885530714,False,6.788225099390858,0.1,0.02,0.02,0.5,0.4,0.06,0.0,40,12
3.974755574013809,-0.4217352494184896,0.0371855834784912,11.379163225238315,-13.27754273259099,-8.391708413873847,5.312578871127848,-0.1679125002989621,0.9058796399559614,-0.6974851980470382,-3.509104752201677,False,6.788225099390858,0.1,0.02,0.02,0.5,0.4,0.06,0.0,40,13
3.978431673664024,-0.4163149285003788,0.0330621069817498,10.876569777047337,1.6598925161520386,-13.040976989489176,5.464776203807356,-0.0103718277779421,0.7749384759154546,-0.7976076387115103,-2.994087964843231,False,6.788225099390858,0.1,0.02,0.02,0.5,0.4,0.06,0.0,40,14
3.958130858264679,-0.420091050242162,0.0366391406738779,11.157082874546653,3.8129138245263294,-4.808635546680314,5.577449758970067,0.1363123728807215,-0.0094988290280544,0.4949122134972217,-3.4441036341793083,False,6.788225099390858,0.1,0.02,0.02,0.5,0.4,0.06,0.0,40,15
3.973841919718577,-0.4228064849977724,0.0361357924625147,11.090727963955183,3.0784061354523247,-11.033859363782105,6.724431497598151,0.25445087360301,-0.0151760718640245,-0.6065258789858742,-3.372215356024114,False,6.788225099390858,0.1,0.02,0.02,0.5,0.4,0.06,0.0,40,16
3.971151994266666,-0.4250327930529325,0.0371025627276338,11.039342216988054,1.8357575775771868,-13.332114532553469,2.634055723228519,0.055751745335652,1.3466473813711404,1.5450553310102229,-3.4907802061540982,False,6.788225099390858,0.1,0.02,0.02,0.5,0.4,0.06,0.0,40,17
3.958918517973153,-0.4178876409327786,0.0383119840763293,11.04068877377757,11.467915933523765,-11.102132887591823,7.640173480187444,0.3120206509327706,1.5451946818671076,0.2852399397792388,-3.663468512453102,False,6.788225099390858,0.1,0.02,0.02,0.5,0.4,0.06,0.0,40,18
3.969158162041925,-0.4142916955098607,0.0369285800048525,12.119234557716716,3.037022154373876,-7.067550405396966,2.716257899019612,-0.275770512625515,-0.4178264560018522,0.6801914940313553,-3.494408681674947,False,6.788225099390858,0.1,0.02,0.02,0.5,0.4,0.06,0.0,40,19
3.969218169139225,-0.4228442806771037,0.0388372524085013,11.256853351323436,0.792911933672159,-6.388691861517158,3.782875721043919,0.0163707623035546,-0.227635606316484,-0.3230263788380083,-3.7181889445147736,False,6.788225099390858,0.1,0.02,0.02,0.5,0.4,0.06,0.0,40,20
3.969364968563628,-0.4179325038586508,0.0372162441426605,10.95601902627002,-2.4355987929771703,-8.756799726778711,8.176244717759849,0.2823555332026106,0.0855723753652626,-0.612512057484963,-3.522479342885972,False,6.788225099390858,0.1,0.02,0.02,0.5,0.4,0.06,0.0,40,21
3.974017427557426,-0.4164980024586138,0.0349345338594761,10.132230134478595,10.573886631419022,-2.023020360020287,3.1741078400374327,-0.1654757553619457,0.1502558771952716,0.7160548747422167,-3.233584082458833,False,6.788225099390858,0.1,0.02,0.02,0.5,0.4,0.06,0.0,40,22
3.9477666637981934,-0.4154010064589754,0.0373105128814517,11.644924249180864,-6.161070286651578,-9.58361614421012,5.551348038501146,0.2155770784300234,1.110916903257213,-0.9178006884484884,-3.541917233496395,False,6.788225099390858,0.1,0.02,0.02,0.5,0.4,0.06,0.0,40,23
3.9714896221353873,-0.4222149124614058,0.0384597343872991,10.670450431702704,-6.45831518679948,-7.769238813498733,8.703956689543983,0.6629252923149396,-0.1923926851960412,-1.177450511108412,-3.671240834338799,False,6.788225099390858,0.1,0.02,0.02,0.5,0.4,0.06,0.0,40,24
3.979756451011673,-0.4157434766701657,0.0321552030588824,10.001687160620833,-1.9147172279175255,-9.0065507577611,6.3191356762678765,0.2576573125341045,-0.2067404735583246,0.0436766635195431,-2.8792962604678536,False,6.788225099390858,0.1,0.02,0.02,0.5,0.4,0.06,0.0,40,25
3.967733857782946,-0.4165954758915711,0.0374569768493559,10.955271146806906,1.3797373148308716,-4.215047634455746,6.2219629523093785,-0.016196060735054,-0.6172902310916583,-0.723992251679304,-3.556599863110816,False,6.788225099390858,0.1,0.02,0.02,0.5,0.4,0.06,0.0,40,26
3.966641214007683,-0.4225977901377251,0.0354155756519896,10.713983483971091,-8.484387420740196,-8.738783661720255,7.557359058392553,-0.1128670419093305,0.4783733023924655,1.01960564662415,-3.280960514283681,False,6.788225099390858,0.1,0.02,0.02,0.5,0.4,0.06,0.0,40,27
3.957460154665416,-0.4210931001811278,0.0359730889728094,10.132517205939669,0.2546970806584469,-5.964956803344548,6.363817304282228,0.3879285075088138,0.6987345001716704,-0.0909655361860451,-3.3564843388049823,False,6.788225099390858,0.1,0.02,0.02,0.5,0.4,0.06,0.0,40,28
3.977975889361526,-0.4172672993358541,0.0370028120536726,10.995449469462615,-7.519725610263497,-4.970194771459961,10.713772044591924,-0.1429909026534404,0.9954297980588928,-1.3982856027405166,-3.496239871102365,False,6.788225099390858,0.1,0.02,0.02,0.5,0.4,0.06,0.0,40,29
3.972641076357941,-0.4232463532353807,0.0370093214978232,10.950278183495888,-7.423572692585555,-11.616870295147788,4.401239022432336,0.233216193736194,-0.5373369110535485,-0.4239545597966827,-3.4830434393749807,False,6.788225099390858,0.1,0.02,0.02,0.5,0.4,0.06,0.0,40,30
3.967242579586245,-0.4180675647791457,0.0363118238510197,10.44729932752184,3.3723197317615003,-7.534666443080258,5.614844871674637,0.0378845435337831,-0.9708033303953058,-0.4997303639230546,-3.406516742685404,False,6.788225099390858,0.1,0.02,0.02,0.5,0.4,0.06,0.0,40,31
3.991208653801614,-0.4237035269325327,0.0361075712505048,11.334265228819326,-8.271741435644033,-9.493864128843354,5.1755594620589,0.0290756466014875,-1.0677611114687182,0.4241157574494175,-3.3654081361984503,False,6.788225099390858,0.1,0.02,0.02,0.5,0.4,0.06,0.0,40,32
3.952846478068978,-0.4153104824693404,0.0370262725885739,10.446877396406784,8.699737683427607,-8.97348380385688,8.95819067607141,0.0983301620787655,0.9849487106194252,-0.1234806826158853,-3.5054469447269043,False,6.788225099390858,0.1,0.02,0.02,0.5,0.4,0.06,0.0,40,33
3.978112916717698,-0.4132808650743604,0.0333293266785128,10.519609688854414,-9.116917994978674,-9.701978366501104,6.943589751458555,0.1793862077549835,-0.5591441615366021,-1.5027874838955229,-3.035592963668118,False,6.788225099390858,0.1,0.02,0.02,0.5,0.4,0.06,0.0,40,34
3.973454689325036,-0.4143692933238825,0.0362026211065297,11.111362988421703,-5.742451102792628,-7.462747146361154,7.242103364284717,0.1916165536681625,-0.2606157389720982,0.091194620260663,-3.401041916298993,False,6.788225099390858,0.1,0.02,0.02,0.5,0.4,0.06,0.0,40,35
3.9725091738169263,-0.4197298931692423,0.0350786735972328,11.067415915861266,6.490171481099666,-8.45641806115947,5.252685042257231,0.0067157323724861,1.2050600617286278,0.7655531969745898,-3.2443679264106065,False,6.788225099390858,0.1,0.02,0.02,0.5,0.4,0.06,0.0,40,36
3.967163388962724,-0.4168769898878914,0.0346712325327096,10.705312741636307,-4.295165258432416,-5.570317493314586,10.78599332967752,0.0728992010081612,1.6282514172527798,-1.390850920070707,-3.1993831851181325,False,6.788225099390858,0.1,0.02,0.02,0.5,0.4,0.06,0.0,40,37
3.993516937198036,-0.4207783187847707,0.0332553311705837,11.416705529045537,-10.369923122129098,-5.445732149827398,7.532271850973101,-0.0890082544127358,-0.4195044785426093,-1.7059156768919403,-3.007203408519387,False,6.788225099390858,0.1,0.02,0.02,0.5,0.4,0.06,0.0,40,38
3.979046115905674,-0.4210705160395765,0.0348505687275604,10.384549819076916,-2.2123509663740863,-9.434300892330878,9.71934372425988,-0.0274492607783842,0.6764609387565766,-1.7245187864544884,-3.2115607916784192,False,6.788225099390858,0.1,0.02,0.02,0.5,0.4,0.06,0.0,40,39
3.961011354286388,-0.414957777541972,0.0364595796157946,11.023888846341135,-0.7839632688642585,-6.379908964097416,2.626126868551175,0.2459912363232252,0.1307171706419334,0.4074790076066128,-3.4332668434637936,False,6.788225099390858,0.1,0.02,0.02,0.5,0.4,0.06,0.0,40,40
3.982545123219364,-0.421424037947345,0.0347095048752362,11.072314024462525,-0.1561546755321204,-9.608366843106566,4.249928086784015,0.0443036038341614,-0.3048326169155243,-0.1605690521359627,-3.192446225563451,False,6.788225099390858,0.1,0.02,0.02,0.5,0.4,0.06,0.0,40,41
3.977990264959542,-0.4170270776882448,0.0355442188120004,10.576772289507849,4.763177634692366,-12.202723796921742,5.274624862603989,0.1695338577119648,-0.9869135813183488,0.70886482861606,-3.310115605586694,False,6.788225099390858,0.1,0.02,0.02,0.5,0.4,0.06,0.0,40,42
3.9640700961032223,-0.4194125762329938,0.0380520812894467,11.546932322931582,5.76384832754761,-4.944182405131637,8.556998930342791,0.0400178872432832,-0.5885215851156181,-1.825179975817308,-3.626232016323801,False,6.788225099390858,0.1,0.02,0.02,0.5,0.4,0.06,0.0,40,43
3.978432064012575,-0.420098039348515,0.0364673354135353,10.20777107253588,-0.7574878596562402,-10.234849428978428,8.281198328317172,0.0140855645541283,0.0358000142860432,0.701726669801826,-3.420877714655337,False,6.788225099390858,0.1,0.02,0.02,0.5,0.4,0.06,0.0,40,44
3.9558140078808393,-0.4140204374121202,0.0394181128045618,11.410281702488575,0.7397136990697003,-6.634646975277795,8.604058038183105,0.2285630600668322,0.1484688873362469,-0.3632308513746721,-3.814520548721983,False,6.788225099390858,0.1,0.02,0.02,0.5,0.4,0.06,0.0,40,45
3.9867848790291696,-0.4194863867565968,0.0369587237938003,11.19265359642157,-13.62413830657395,-5.5284817685699,7.07744349742246,0.1251908419400759,0.2185051139948566,0.2038298273030889,-3.4847422246488606,False,6.788225099390858,0.1,0.02,0.02,0.5,0.4,0.06,0.0,40,46
3.973679288821703,-0.4164675238666275,0.0342835756562386,10.987426428045508,-10.446196067036322,-9.26064513013033,8.809086159224186,0.038438477649606,0.1062743826254815,-0.2740777095422664,-3.15035486938934,False,6.788225099390858,0.1,0.02,0.02,0.5,0.4,0.06,0.0,40,47
3.96842178082035,-0.4208075319079309,0.0362540597473533,11.071864698573018,-6.547298848293544,-7.617772388935522,4.435012422690367,0.2083060306971946,-0.4601246100012227,0.355826611619622,-3.3924762642329758,False,6.788225099390858,0.1,0.02,0.02,0.5,0.4,0.06,0.0,40,48
3.989047361866188,-0.4220408193837765,0.0371733840186848,10.207387171487111,-3.834303619748945,-5.346793184515216,6.987367049116269,0.1379651551095343,0.9336267362075928,-0.2372288619134631,-3.5059523461586317,False,6.788225099390858,0.1,0.02,0.02,0.5,0.4,0.06,0.0,40,49
3.968511421088628,-0.417962639520601,0.0365349469999137,11.326567214568282,-7.464147481290851,-6.635998479753625,9.825014409320811,0.1182964531660187,0.152032731256195,0.4059131496187954,-3.435252195874206,False,6.788225099390858,0.1,0.02,0.02,0.5,0.4,0.06,0.0,40,50
3.968064092767048,-0.4129042910902727,0.035647949104335,10.79475466525409,-1.8824375559381343,-6.15300853362044,8.521451167296135,0.2109260223030203,-0.8335353083926696,-1.616094442969655,-3.3338833411722057,False,6.788225099390858,0.1,0.02,0.02,0.5,0.4,0.06,0.0,40,51
3.97676694150038,-0.4155196474091547,0.037750716996343,11.257743032334758,5.781995796628353,-7.012186665630479,7.657250181769998,0.039922770228578,-0.5765597396617604,-0.2140986647594505,-3.5962386052599173,False,6.788225099390858,0.1,0.02,0.02,0.5,0.4,0.06,0.0,40,52
3.971122300752816,-0.4225762901067459,0.035396031012726,11.18707104097127,-2.1178326906069738,-8.35702460711762,5.680589552567076,0.0937645728092555,-0.740420410026395,-0.3614685457666217,-3.278241535327572,False,6.788225099390858,0.1,0.02,0.02,0.5,0.4,0.06,0.0,40,53
3.966353219607527,-0.4245112634251827,0.0390062394941505,10.493084476880696,1.185459913751698,-8.727935334038369,6.527162911939783,0.2301996678662299,0.4140184451049203,0.2900140179246253,-3.7359904298543816,False,6.788225099390858,0.1,0.02,0.02,0.5,0.4,0.06,0.0,40,54
3.961086518758202,-0.4144596099727729,0.0380315915687726,10.770118882707225,6.382130148689532,-7.832398134578677,4.905270540431591,-0.0060408205751227,-0.1435509805243755,-0.828581054742808,-3.635675465742757,False,6.788225099390858,0.1,0.02,0.02,0.5,0.4,0.06,0.0,40,55
3.969558010217847,-0.4114963267004343,0.0362238702869758,11.204989158191989,-0.916433721685433,-6.825579993957593,8.504596561242316,0.1842999483231339,-0.5530697400181156,-0.6727969716419172,-3.410890732038798,False,6.788225099390858,0.1,0.02,0.02,0.5,0.4,0.06,0.0,40,56
3.966560030794805,-0.4177834620475342,0.0396808827729921,10.991235254737976,-12.429692931196277,-7.16585243092034,6.777623915103823,0.0406188970893009,0.2338690557170248,-1.4987849264683537,-3.838479084181228,False,6.788225099390858,0.1,0.02,0.02,0.5,0.4,0.06,0.0,40,57
3.969216858997573,-0.4197413446887905,0.0365214490624146,11.839786100229388,-7.218711158436239,-7.408710688440998,5.08721294879178,0.063849329395722,1.0441362558727103,0.0116643138367037,-3.429213241196124,False,6.788225099390858,0.1,0.02,0.02,0.5,0.4,0.06,0.0,40,58
3.992502224649861,-0.4183883561787191,0.0334367719050831,10.759868435226872,-5.586215625001979,-7.2556785308452145,5.782328717757308,0.2171022337540018,0.4607569601624968,-1.0907712214266845,-3.0362246155427237,False,6.788225099390858,0.1,0.02,0.02,0.5,0.4,0.06,0.0,40,59
3.9751866362866792,-0.419759631032651,0.0384935206467465,10.786445880881905,-2.367311742924822,-8.10756802326354,4.343293060609776,-0.1889711141542422,1.0930708533821496,0.8831009558748454,-3.6812363301279936,False,6.788225099390858,0.1,0.02,0.02,0.5,0.4,0.06,0.0,40,60
3.968130915528541,-0.4163848713406655,0.0356170253917324,10.909152945714414,0.7673695691741366,-8.824168755593387,6.994724102336731,0.3533449967078897,-0.3479918067260307,0.1829426928440147,-3.3215677039924403,False,6.788225099390858,0.1,0.02,0.02,0.5,0.4,0.06,0.0,40,61
3.957901672200372,-0.4148359831612154,0.0356328461880559,10.723672141641018,0.9031515401169112,-10.449082099991683,8.480670117206008,-0.0071859376399947,1.537192116089863,0.8845564177909903,-3.327923852152224,False,6.788225099390858,0.1,0.02,0.02,0.5,0.4,0.06,0.0,40,62
3.9708345109278262,-0.4210283589201199,0.0376337313728625,10.895385978974211,10.497750514783505,-10.695417048023582,3.809100091358369,0.2867694041747571,0.4484320119058026,0.3748741905636578,-3.56839948366245,False,6.788225099390858,0.1,0.02,0.02,0.5,0.4,0.06,0.0,40,63
3.9489918356734623,-0.4174437246992615,0.0381549163616259,10.177544539286089,13.747499703201198,-4.639733731437329,7.489081773226339,0.344915576790354,0.8777513341472782,-0.9331818840316914,-3.6450248448694857,False,6.788225099390858,0.1,0.02,0.02,0.5,0.4,0.06,0.0,40,64
3.969012176220503,-0.4160431798203272,0.0364673636484276,11.18638546940938,2.2356158962071806,-8.287786219526826,5.468265334352028,0.0184163937639098,0.0653848677702196,-0.2784382083448624,-3.4311781848567238,False,6.788225099390858,0.1,0.02,0.02,0.5,0.4,0.06,0.0,40,65
3.969134522718478,-0.4188527317984905,0.0358456234855173,10.715636792058072,-11.153372302780513,-5.585212063204402,2.942987264997611,0.0499991230663755,2.033441996102705,1.0494277434560877,-3.344845178466734,False,6.788225099390858,0.1,0.02,0.02,0.5,0.4,0.06,0.0,40,66
3.9889554055208514,-0.4284879101772347,0.0376963757555789,10.805529903747294,-12.970934038669824,-7.81269937368605,8.674117481678326,-0.2557910217690852,0.2607241160188747,0.4861174688162101,-3.5574277879574967,False,6.788225099390858,0.1,0.02,0.02,0.5,0.4,0.06,0.0,40,67
3.9601849140865752,-0.4180516793018722,0.0362155231485159,10.612439782994135,-3.654364881335848,-11.59259884309665,8.971744841940357,-0.0779528153351622,0.2130572707417744,-0.3737685749850999,-3.394651837840352,False,6.788225099390858,0.1,0.02,0.02,0.5,0.4,0.06,0.0,40,68
3.960620077055843,-0.4157610666356932,0.0371373968026759,11.168555942940904,-3.8860036481001226,-13.852607533176224,5.969963202244127,0.2295346348617887,1.6545342594953274,0.2014847762995815,-3.5181230261935115,False,6.788225099390858,0.1,0.02,0.02,0.5,0.4,0.06,0.0,40,69
3.9705446267706974,-0.4203737850248898,0.0377586309749564,11.243247697213317,-4.911272885352073,-4.483937177634711,5.803084607870628,0.0753984938038126,0.2766272633849729,0.8157837036376724,-3.585975003128448,False,6.788225099390858,0.1,0.02,0.02,0.5,0.4,0.06,0.0,40,70
3.9705297732753393,-0.4197388889564371,0.0388561029010576,10.700587529326176,-7.087969330432256,-7.905667537533988,6.377472977115922,0.2299130932504711,-0.7409419403851017,-0.0092834000578266,-3.727976051443414,False,6.788225099390858,0.1,0.02,0.02,0.5,0.4,0.06,0.0,40,71
3.975378578008137,-0.4192847038479789,0.0378823437813596,10.368855566350664,-8.139264727151938,-5.455241803763313,9.09464357872776,-0.0511931984756061,1.5137947788208377,-0.6356907740021519,-3.6041340000984,False,6.788225099390858,0.1,0.02,0.02,0.5,0.4,0.06,0.0,40,72
3.963089639165989,-0.4192357793102078,0.0355932036770323,11.035139500855829,3.047599447377543,-7.4732455319156,9.254149689121956,-0.0480024846683355,-0.3856948938995196,1.1124686707010976,-3.3119788219656847,False,6.788225099390858,0.1,0.02,0.02,0.5,0.4,0.06,0.0,40,73
3.9668467068132247,-0.4197114919599233,0.0372556938521779,11.381912792644908,4.124840429206133,-5.561868260362569,7.072302142947259,-0.2166747132419207,0.7124857544539416,-0.9522442411620547,-3.523410429966169,False,6.788225099390858,0.1,0.02,0.02,0.5,0.4,0.06,0.0,40,74
3.965485869469299,-0.4155588481653576,0.0361073633642952,11.153866139075015,-1.133571815635778,-8.945702627306911,5.705774608397359,-0.0745090616169776,2.2045518702415463,-1.3573245075402949,-3.3864721228647783,False,6.788225099390858,0.1,0.02,0.02,0.5,0.4,0.06,0.0,40,75
3.984220851030504,-0.4193719286665905,0.0340861990178626,10.577619135285786,-2.766932044295064,-9.53753096802482,5.658547629731811,0.2995799245426424,-0.5063464811351049,-0.8907950901007422,-3.1174875944247784,False,6.788225099390858,0.1,0.02,0.02,0.5,0.4,0.06,0.0,40,76
3.963062376131452,-0.4187002928445946,0.0358196410794311,10.928545494362195,-4.207299354395486,-5.03143146203127,5.259635323228874,-0.1813796827825091,0.1497363834215881,0.7425407326213954,-3.342249612772272,False,6.788225099390858,0.1,0.02,0.02,0.5,0.4,0.06,0.0,40,77
3.976216189027465,-0.4166037174109231,0.033718092499484,10.983806994225006,-9.149697564922471,-10.66804533551492,3.6004115792894,0.0852263893559573,1.203260188732854,-0.7651307953330542,-3.0774939468061,False,6.788225099390858,0.1,0.02,0.02,0.5,0.4,0.06,0.0,40,78
3.971349128043821,-0.4221479433250962,0.0357097353023888,11.206897023128247,-4.1341283657030425,-6.2999674512177934,4.2975522269695725,0.2046206902954924,0.7204912543252653,-0.5269784901687274,-3.3194101070429136,False,6.788225099390858,0.1,0.02,0.02,0.5,0.4,0.06,0.0,40,79
3.9721929022443914,-0.4237545295960239,0.0372503901188524,11.294409227757017,2.4972958388138604,-7.737131175892392,9.29989914012188,0.0992250821121077,2.0750705688865017,-0.6778572254724833,-3.5127074900479944,False,6.788225099390858,0.1,0.02,0.02,0.5,0.4,0.06,0.0,40,80
3.967565787264548,-0.4202801276446351,0.0377273012489172,10.873043132619395,-3.4057657314326666,-7.647494950400327,3.530837955545799,0.103412153121891,-0.8250088413773383,-0.3027896095751329,-3.582368306278408,False,6.788225099390858,0.1,0.02,0.02,0.5,0.4,0.06,0.0,40,81
3.975628902401599,-0.4178045434601677,0.035112723939417,10.743290843018585,7.657665170555573,-6.542429882567845,4.813045659362516,0.1767271919390617,-0.2808136318138751,-0.4289600930398426,-3.2531600257968867,False,6.788225099390858,0.1,0.02,0.02,0.5,0.4,0.06,0.0,40,82
3.9732830711525513,-0.4235063702869131,0.0386475023506227,10.798020825559956,-9.847476242426437,-11.842523633749286,6.488934667739174,-0.2515716841333267,-0.2444507439195109,-1.0533311221789068,-3.6920680279219615,False,6.788225099390858,0.1,0.02,0.02,0.5,0.4,0.06,0.0,40,83
3.963479142310467,-0.4136209713845762,0.037200187958787,11.081221386413509,0.8524114778780715,-8.233787543334262,8.49117141465103,0.0266639897552643,-1.164586076230126,-0.065554325395093,-3.531124978863136,False,6.788225099390858,0.1,0.02,0.02,0.5,0.4,0.06,0.0,40,84
3.9701353136359754,-0.4171076331413847,0.0366539301782018,10.565799273971477,-1.6756452528465844,-12.569097735159064,8.6837668501465,0.108886297051532,0.3687022586496194,0.1056729562124442,-3.452436624452358,False,6.788225099390858,0.1,0.02,0.02,0.5,0.4,0.06,0.0,40,85
3.962394006133472,-0.4162500274661318,0.0384592986609687,10.743428702279273,5.283337589189446,-9.727808406502122,5.025241272743865,0.1613733489446788,0.4312509404388177,0.0984974322693457,-3.6860465223172767,False,6.788225099390858,0.1,0.02,0.02,0.5,0.4,0.06,0.0,40,86
3.968472111744223,-0.4187131030961968,0.0393976853011613,10.17233077220438,-6.36891462776461,-8.235107431100179,7.63085239262073,0.3056262647319256,0.0576778612142658,-1.4213007194424343,-3.799883944413132,False,6.788225099390858,0.1,0.02,0.02,0.5,0.4,0.06,0.0,40,87
3.968523348142908,-0.4214341382889972,0.0368110534518432,10.893468112672652,6.120003616137997,-8.612076977405216,11.655070721375989,-0.0092224199707529,0.769630376367529,-0.2111136964703968,-3.4622615090537723,False,6.788225099390858,0.1,0.02,0.02,0.5,0.4,0.06,0.0,40,88
3.966741953524085,-0.4158502243732522,0.0359224149600299,10.23521556731321,-4.640085573859629,-5.006829625656325,6.1105768543108265,0.3301056582843698,-0.0221415475334317,0.5069343034617239,-3.3620240591765844,False,6.788225099390858,0.1,0.02,0.02,0.5,0.4,0.06,0.0,40,89
3.9771079161504743,-0.4176144934728575,0.0356923956521559,11.233209287327004,-3.6062544615895296,-5.522855718432141,7.390913429374814,0.0959027589075778,-0.5877968637973502,1.0266754816572328,-3.32772538417207,False,6.788225099390858,0.1,0.02,0.02,0.5,0.4,0.06,0.0,40,90
3.957254275479725,-0.4168116033957118,0.0351677665805179,10.225407327994734,14.57661356892779,-7.793036340485997,8.323631394250887,0.3018551688135532,0.4307490107871529,1.0257310940322109,-3.2636910176278064,False,6.788225099390858,0.1,0.02,0.02,0.5,0.4,0.06,0.0,40,91
3.976464923223463,-0.4248128561106669,0.0376045551337265,11.022192972760823,-2.749722782577521,-7.708363125628367,5.599285551358399,-0.1148424961910999,0.6480560215148025,-0.8883011120216529,-3.5552443070579898,False,6.788225099390858,0.1,0.02,0.02,0.5,0.4,0.06,0.0,40,92
3.956121612745923,-0.4144052745675687,0.0365950261642331,11.195649234677289,7.661119284419774,-9.790734188078204,9.87939909366722,-0.0365811296279185,1.3146695328449778,-1.931728654216306,-3.452223393294921,False,6.788225099390858,0.1,0.02,0.02,0.5,0.4,0.06,0.0,40,93
3.9799378792864415,-0.4177185306358099,0.0367032345945383,11.523684241118293,-17.732413892247063,-6.604438944685205,7.005687204286805,-0.1764615393577109,0.0420581123189175,-1.2878410775788514,-3.4566932818177785,False,6.788225099390858,0.1,0.02,0.02,0.5,0.4,0.06,0.0,40,94
3.966492076317928,-0.4158518512388891,0.0340741560133339,11.367386915734114,8.848181630718825,-6.37280013471991,8.192242670060718,0.2652820154650035,0.3550891983856458,-0.3949850722768971,-3.12545800215433,False,6.788225099390858,0.1,0.02,0.02,0.5,0.4,0.06,0.0,40,95
3.954958590589939,-0.4155099253821303,0.0392978166325138,10.48659784923128,12.6310901532141,-9.622013505733086,5.027346798560906,0.202024301529521,0.2567275294974986,0.4004652755882115,-3.795599192609267,False,6.788225099390858,0.1,0.02,0.02,0.5,0.4,0.06,0.0,40,96
4.000178437402616,-0.4227702046804375,0.0343574624564008,10.689081006518007,-11.297573433820784,-7.707488021057172,6.114423349735618,-0.0054626157565348,0.0223965014623374,0.089142903952233,-3.143095996942104,False,6.788225099390858,0.1,0.02,0.02,0.5,0.4,0.06,0.0,40,97
3.9637595104268217,-0.4238580253403696,0.0356168629672816,10.363350451635537,4.388215909549737,-6.8459973803,8.819915115725598,0.1871641757710311,1.1813826001230825,0.4911348569739464,-3.303873628369553,False,6.788225099390858,0.1,0.02,0.02,0.5,0.4,0.06,0.0,40,98
3.9666403949781817,-0.4214795565069955,0.0345799020960104,9.838667254398374,-2.4833051487518283,-7.079928541895734,6.173070399067899,0.2184561666191889,0.6133090801193024,-0.051581403349514,-3.176678108973857,False,6.788225099390858,0.1,0.02,0.02,0.5,0.4,0.06,0.0,40,99
6.317358737901732,-0.5632528023846896,0.0409491772736255,11.954213813432178,0.7293563249963945,-7.614899191330353,9.7617251620804,0.3601575397029242,0.0023529260082014,-0.2173991615011612,-3.510646441026707,False,6.788225099390858,0.1,0.02,0.02,0.5,0.4,0.06,0.0,44,0
6.334140100807765,-0.5701128750577841,0.038560784754942,11.126355318980773,-14.348797578561614,-7.248411480290741,10.076920656941416,0.5932447312092392,1.0121596838533145,-0.1774138218523621,-3.187461142445437,False,6.788225099390858,0.1,0.02,0.02,0.5,0.4,0.06,0.0,44,1
6.303485525506794,-0.5633231223400786,0.0389843260947157,11.416265169324948,13.904778891308371,-6.808877432548179,10.824784195537092,0.4140582433445953,1.925717733167788,0.1416237626288669,-3.25980911497702,False,6.788225099390858,0.1,0.02,0.02,0.5,0.4,0.06,0.0,44,2
6.305010666330685,-0.5667661513967398,0.041277393017737,10.9128632358838,25.09477056598675,-5.611815232108089,4.475783808583466,0.6301338286971854,-2.0577951228206377,-0.5714072863927493,-3.544966902938321,False,6.788225099390858,0.1,0.02,0.02,0.5,0.4,0.06,0.0,44,3
6.337605165638569,-0.5624696053751573,0.0410138661736399,11.26381123443761,-1.4987785701552234,-11.088345988986498,8.03705061086071,0.5948523287728078,0.1681610571665337,-0.680400257105123,-3.5195915073872266,False,6.788225099390858,0.1,0.02,0.02,0.5,0.4,0.06,0.0,44,4
6.336645381390551,-0.556096675838651,0.0364935050499981,9.5041112764039,7.627360214313689,-8.392485518450222,9.240195554793765,0.6722880575834111,-0.5609899225685014,0.7710612761981748,-2.956337901503572,False,6.788225099390858,0.1,0.02,0.02,0.5,0.4,0.06,0.0,44,5
6.3176735682476375,-0.5604751951405634,0.0394274550327242,10.199927910483003,-18.59507700284606,-10.990216421748244,3.8766237539876514,0.5402308897266243,-0.8674286076212542,-0.8359031189496534,-3.322513361756494,False,6.788225099390858,0.1,0.02,0.02,0.5,0.4,0.06,0.0,44,6
6.300612606322087,-0.5584771477719648,0.0380571383091059,10.328575030253436,6.273843151450041,-10.768721980830556,12.899978685535384,0.6505960163989865,-0.6701739750722749,-1.8054808443007928,-3.1529317925335247,False,6.788225099390858,0.1,0.02,0.02,0.5,0.4,0.06,0.0,44,7
6.319201531914062,-0.5535373264506854,0.0370597875417252,10.19505230263558,5.518933405312051,-13.656064675653091,5.078396664616166,0.6396485031988649,1.2480522759307664,0.6640825293192945,-3.036011129944342,False,6.788225099390858,0.1,0.02,0.02,0.5,0.4,0.06,0.0,44,8
6.324923666141796,-0.5645716955560826,0.0400495627218987,10.470533349222151,9.66419728807529,-12.744466963299333,4.567598845691194,0.5239850447687272,-0.0507969774183436,0.1216919250615315,-3.391876539099931,False,6.788225099390858,0.1,0.02,0.02,0.5,0.4,0.06,0.0,44,9
6.31884802668425,-0.557276641555649,0.0393399032348689,10.283403298298929,10.811077223902927,-10.306122453415847,10.327446471081029,0.1866248072244092,-1.4776795214940734,-1.0680035602969258,-3.31891279272861,False,6.788225099390858,0.1,0.02,0.02,0.5,0.4,0.06,0.0,44,10
6.337407219421757,-0.5676582690863364,0.037428884016698,10.164542779647826,1.441519945031883,-8.765788310859595,6.495850673749554,0.7152433800091211,-0.1107931127732393,0.2328605649768113,-3.0482728751648382,False,6.788225099390858,0.1,0.02,0.02,0.5,0.4,0.06,0.0,44,11
6.324528060938377,-0.5586245616410102,0.039843602753743,11.076860536905777,10.135959805674236,-8.26726825083459,5.400975766853833,0.413156526351048,-1.060587083856657,-0.3727403351309573,-3.379810520884388,False,6.788225099390858,0.1,0.02,0.02,0.5,0.4,0.06,0.0,44,12
6.308208397849374,-0.5588767528262162,0.0416067750275749,11.393493713433935,12.51082434641921,-9.26293741573279,11.379144795113053,0.2733197051138045,1.433100676207855,0.3901048357540606,-3.6058704928757193,False,6.788225099390858,0.1,0.02,0.02,0.5,0.4,0.06,0.0,44,13
6.320333781059641,-0.5622103417639083,0.0384999197527688,9.894204543656748,-3.623281371791663,-7.384910930392234,-2.3415754489177854,0.9642372930851338,-0.25757425857037,0.4856617207506613,-3.199464881257458,False,6.788225099390858,0.1,0.02,0.02,0.5,0.4,0.06,0.0,44,14
6.319787629534164,-0.5615128978312779,0.0381421852254707,11.153168139290605,-2.06077441509738,-12.839339204050464,7.603078503272479,0.4215705477051658,0.4153408242560646,0.7213396855321075,-3.155381496293136,False,6.788225099390858,0.1,0.02,0.02,0.5,0.4,0.06,0.0,44,15
6.298708869722497,-0.5641244779878497,0.0425192285680246,11.43912074652246,-2.978213600654698,-9.490596889895675,9.063520484540833,0.4520313161105593,0.1470016896337105,-1.5550068208524472,-3.710639977352971,False,6.788225099390858,0.1,0.02,0.02,0.5,0.4,0.06,0.0,44,16
6.322310438578604,-0.5606331580609901,0.0374505119889794,11.2615028025455,0.1293389179792436,-4.950066224139388,8.30158029172098,0.6803609149883318,-0.2268991640993671,0.1464022572492104,-3.068807328928284,False,6.788225099390858,0.1,0.02,0.02,0.5,0.4,0.06,0.0,44,17
6.335675008355054,-0.5574597633285087,0.0345135849140905,11.683062639990112,1.921149870115125,-11.824510087513556,4.900031820007989,0.1164772452320886,-0.0643934901557143,0.280967467700414,-2.699694936513865,False,6.788225099390858,0.1,0.02,0.02,0.5,0.4,0.06,0.0,44,18
6.319619231805021,-0.5687403773265963,0.038767979221783,11.220224867058704,-6.909089393925222,-10.91405229736048,8.011952467400292,0.5214820563774115,-1.138067639012522,-0.7994999721259619,-3.218147280896104,False,6.788225099390858,0.1,0.02,0.02,0.5,0.4,0.06,0.0,44,19
6.348197877812459,-0.5678178724136766,0.0357780862706927,10.755563564017288,17.188872576183243,-10.367712115631464,11.883256098152554,0.6936503620252785,1.2141022767948002,2.6518682586797238,-2.8359402761871038,False,6.788225099390858,0.1,0.02,0.02,0.5,0.4,0.06,0.0,44,20
6.324538912327131,-0.5633367689124865,0.0380885896036321,11.320016771011696,17.256848246298432,-5.868643569974495,2.8145005178164606,0.2532154292798561,-1.3762921729565374,-0.0341434469072668,-3.1438588891353216,False,6.788225099390858,0.1,0.02,0.02,0.5,0.4,0.06,0.0,44,21
6.317766161757547,-0.5615554748093329,0.0416856934307876,11.672518723860057,2.735809621924498,-9.243215738881714,3.1701114235571604,0.6818345936932474,1.5906952015749156,-0.8996246968526376,-3.608969649892973,False,6.788225099390858,0.1,0.02,0.02,0.5,0.4,0.06,0.0,44,22
6.332376889855927,-0.5590387798689188,0.0393221474567253,9.743594755064938,8.215994638407702,-11.882272816782155,14.629206276223504,0.7098167108062011,-0.7871465043527653,-0.3229509751332338,-3.311599189384085,False,6.788225099390858,0.1,0.02,0.02,0.5,0.4,0.06,0.0,44,23
6.318079856438615,-0.5609480476668087,0.0402096559872414,10.321515540386242,-0.1707517939789529,-9.612587971470276,5.636174062541161,0.6050430192185307,0.1930572130238925,0.7316847968384466,-3.4214758605802515,False,6.788225099390858,0.1,0.02,0.02,0.5,0.4,0.06,0.0,44,24
6.344950153228704,-0.5643692547714331,0.0356496868532972,10.759720449308627,-11.270916498544675,-13.551636106374833,5.615751859693527,0.4126971382842294,-1.5457870555077795,1.13436610341111,-2.8279766965768927,False,6.788225099390858,0.1,0.02,0.02,0.5,0.4,0.06,0.0,44,25
6.322669418593383,-0.5681844448344894,0.0377754783214549,11.468700768553806,-1.885062424123353,-1.3410563352814542,8.271380992702735,0.3984234284620636,0.0826130380380165,1.2175133527993884,-3.0922583924278504,False,6.788225099390858,0.1,0.02,0.02,0.5,0.4,0.06,0.0,44,26
6.341880746369999,-0.5722125470559174,0.0361210396054988,11.031062660420927,0.2818362059480398,-7.362841142036271,7.776724690664866,0.269362394350637,-1.4166231717240123,-1.1216129071800456,-2.8696701117874497,False,6.788225099390858,0.1,0.02,0.02,0.5,0.4,0.06,0.0,44,27
6.313549331763968,-0.5606573758490123,0.0403144144003388,11.920732749150428,3.1313123959141365,-13.28602067505521,4.204740072835486,0.2832082719070235,0.6755420006495808,1.4288544901539113,-3.435854381299904,False,6.788225099390858,0.1,0.02,0.02,0.5,0.4,0.06,0.0,44,28
6.320270194642217,-0.563260726638437,0.042588838353595,11.94301850425137,0.1102119990888119,-11.610968755983798,8.911670839377447,0.3787034151549291,0.1432527997784963,-0.4180759555923917,-3.72032935364938,False,6.788225099390858,0.1,0.02,0.02,0.5,0.4,0.06,0.0,44,29
6.308626940097246,-0.5615627292046038,0.0393196467433285,11.969534821641805,9.214204985495064,-8.65319042003786,7.631457137156033,-0.0490235428404721,1.7267773153412564,0.4066440023065995,-3.3066466166491715,False,6.788225099390858,0.1,0.02,0.02,0.5,0.4,0.06,0.0,44,30
6.298617860517653,-0.5551896463096643,0.039913169435102,10.21000092783533,0.1048442949444469,-6.641943212965404,5.762233940437663,0.5148694753542697,-0.8023868258784567,-1.6657843756157074,-3.3985134649188127,False,6.788225099390858,0.1,0.02,0.02,0.5,0.4,0.06,0.0,44,31
6.299725392956368,-0.5577129075466581,0.0381880509592824,9.920574415765063,18.98371973429765,-5.087037796306433,14.189009286192,0.8177056855598385,-1.0085165869875192,-0.2154858886940497,-3.171576021098792,False,6.788225099390858,0.1,0.02,0.02,0.5,0.4,0.06,0.0,44,32
6.318301830340402,-0.5695230564170997,0.0402841808293869,11.020022749073366,8.45187762459248,-8.54911612604185,10.70488103796098,0.6777622562602952,0.6618489220274711,0.4793062644742546,-3.410421700940072,False,6.788225099390858,0.1,0.02,0.02,0.5,0.4,0.06,0.0,44,33
6.312011480777019,-0.5614372619433944,0.0423397236894054,10.763185082428675,16.177384402977708,-16.441910926673053,2.33335571373336,0.5140890715689419,0.8530247208898964,0.061875166980996,-3.693314514733131,False,6.788225099390858,0.1,0.02,0.02,0.5,0.4,0.06,0.0,44,34
6.30595910540436,-0.5591423550492275,0.0395271384198784,10.56651696407078,15.654984573290983,-7.073252157402962,5.639865748616868,-0.0154595617866092,0.520680619687465,-0.7249385946005953,-3.339174519302031,False,6.788225099390858,0.1,0.02,0.02,0.5,0.4,0.06,0.0,44,35
6.329111075588853,-0.5639349663745526,0.0403372401342029,10.03547859573884,2.1137585362126865,-9.855920419430172,10.006860889876052,0.4796322793385916,0.1305975825552477,-0.5906607847200999,-3.4299761533437185,False,6.788225099390858,0.1,0.02,0.02,0.5,0.4,0.06,0.0,44,36
6.287960431159902,-0.5658838159828685,0.0400190913900261,10.144499424685264,18.90219382077113,-6.915309672550836,6.515929766280578,0.4944453314247587,-0.6755300184402079,0.88655520399391,-3.387044913694875,False,6.788225099390858,0.1,0.02,0.02,0.5,0.4,0.06,0.0,44,37
6.306951190575593,-0.5624045431996706,0.0418533511373134,11.070144502290876,-2.1970581903156194,-10.762528658497844,10.944290939322382,0.2243268715449254,1.1769767079757802,0.6979055367244793,-3.629040970462377,False,6.788225099390858,0.1,0.02,0.02,0.5,0.4,0.06,0.0,44,38
6.330271143194936,-0.5701652181946648,0.0411861843911781,10.674791644189344,12.400406286865538,-7.539298780395356,6.313673685967723,0.5336341469246815,-0.276798024925467,-0.6914364907041649,-3.523618809811918,False,6.788225099390858,0.1,0.02,0.02,0.5,0.4,0.06,0.0,44,39
6.323327638790819,-0.5638689306113265,0.0394713006115433,11.264696367667066,16.436459665967817,-15.922992415507174,9.684591255454544,0.4656497506322569,1.100084107353413,-1.170450996874972,-3.3196413864829224,False,6.788225099390858,0.1,0.02,0.02,0.5,0.4,0.06,0.0,44,40
6.330606583740894,-0.5647999953224123,0.0339245769382382,10.220969669513137,-3.614830614888815,-11.804510212299745,6.2944586577534345,0.4374429578175986,1.2761967950730997,1.8107971603606567,-2.606989464296258,False,6.788225099390858,0.1,0.02,0.02,0.5,0.4,0.06,0.0,44,41
6.304385383979635,-0.5621112588000687,0.0406423097349676,9.622728718089592,7.681512022858538,-9.197312903506756,3.028588261941189,0.5117831102880106,0.4062998239098067,1.0220158705971254,-3.474885501916914,False,6.788225099390858,0.1,0.02,0.02,0.5,0.4,0.06,0.0,44,42
6.32884967293439,-0.5574851521636676,0.0359806596430678,10.367900576357114,1.0469549136423844,-10.469389776018906,7.299474083328089,0.4904551270538205,0.3120545971422025,1.4500851551419875,-2.8878290887438207,False,6.788225099390858,0.1,0.02,0.02,0.5,0.4,0.06,0.0,44,43
6.306527123184554,-0.5637550905206116,0.0403771526686581,10.32143493311482,6.440659228437531,-9.264141515826887,9.515130452184446,0.8134602032795335,-0.6138847494313201,-0.48308909408261,-3.4368716969477,False,6.788225099390858,0.1,0.02,0.02,0.5,0.4,0.06,0.0,44,44
6.327420724443775,-0.5588702494252075,0.0398900306158938,10.757859687154443,1.6795367750211383,-8.354521146839435,4.887583828416971,0.6634772947696171,0.2365341318701801,-0.139060449172143,-3.384990076747293,False,6.788225099390858,0.1,0.02,0.02,0.5,0.4,0.06,0.0,44,45
6.302062939784663,-0.5622238939542578,0.0394551211913172,10.207046679793976,9.048705416544763,-9.335996360967515,8.283378394063345,0.5410175574651964,-1.2605822341625834,1.1999057673453226,-3.322794390611315,False,6.788225099390858,0.1,0.02,0.02,0.5,0.4,0.06,0.0,44,46
6.304484582082094,-0.5635049465860003,0.0429095407811188,10.411580309074896,10.679298478342943,-15.280223303557223,5.632663814073307,0.3379734090646792,-0.0467561485404324,0.981955472821842,-3.761740273251888,False,6.788225099390858,0.1,0.02,0.02,0.5,0.4,0.06,0.0,44,47
6.333609215000165,-0.5690782032681274,0.0410967233239207,11.52867956982743,-15.445544353979349,-4.495488766520589,1.6761310527425015,0.6977005082194576,-0.8395060775572479,2.4124282471338345,-3.514576344718341,False,6.788225099390858,0.1,0.02,0.02,0.5,0.4,0.06,0.0,44,48
6.318650734249416,-0.5690876235571569,0.0422285358340388,10.247633854937195,7.697639145537676,-8.517433931548858,6.514412917556413,0.6215780845540851,1.5196008148659057,-0.2097355246607652,-3.660323246164832,False,6.788225099390858,0.1,0.02,0.02,0.5,0.4,0.06,0.0,44,49
6.321024517301214,-0.5625218377754763,0.0375889146046891,11.232890388414727,-2.179354903614689,-7.972512198939821,9.035687399750334,0.1670199941594256,-0.2878627895926046,-0.3552649055015308,-3.0820671877009915,False,6.788225099390858,0.1,0.02,0.02,0.5,0.4,0.06,0.0,44,50
6.328849757745737,-0.5554627028002233,0.0360531742466575,11.154485323059816,-9.74533862445457,-5.079494119625037,7.092415881930652,0.0623200461422242,-0.3381172840219527,-1.3928369158056777,-2.90196483138689,False,6.788225099390858,0.1,0.02,0.02,0.5,0.4,0.06,0.0,44,51
6.333473018844244,-0.5590976656037278,0.0339230482857805,11.224177840307227,1.0914072159136,-11.211664875359174,4.230346289783857,0.6736062098436594,-0.510912758777215,-0.9825740466224286,-2.620307402000307,False,6.788225099390858,0.1,0.02,0.02,0.5,0.4,0.06,0.0,44,52
6.329931761967426,-0.5615193088982156,0.0379402896005316,11.124591448863857,-0.7708773135297369,-13.135874252839969,7.450417048787965,0.3565195672192201,0.1484469548443487,0.231871889392801,-3.128914821794295,False,6.788225099390858,0.1,0.02,0.02,0.5,0.4,0.06,0.0,44,53
6.311147842952081,-0.5686567443498792,0.041786484579077,10.136253609620006,7.878716937938875,-4.120709995565466,14.786396954038384,0.7699175612020568,2.2430645064283325,-0.6667671783526251,-3.605224969105027,False,6.788225099390858,0.1,0.02,0.02,0.5,0.4,0.06,0.0,44,54
6.309860223717138,-0.5517069494329662,0.0381926822574836,11.09673746723767,-0.0685099351209208,-4.713190420140661,9.561842545513349,0.5485543527212199,0.8773559484207665,-1.7925686421965408,-3.185975036895762,False,6.788225099390858,0.1,0.02,0.02,0.5,0.4,0.06,0.0,44,55
6.317957223795447,-0.5601855668325837,0.0395195739240754,11.107187741734291,24.083946455998404,-15.196092244870991,10.948909341008928,0.4654135051140722,-1.668527968810877,-0.0527879243528412,-3.334982668455728,False,6.788225099390858,0.1,0.02,0.02,0.5,0.4,0.06,0.0,44,56
6.341771773053595,-0.5684264099880237,0.0397913822336523,11.04591240144656,-26.04590084046239,-9.985553396891392,10.599236314196778,0.0901765981024893,0.7264554770429279,1.2891378697251177,-3.3485672355530305,False,6.788225099390858,0.1,0.02,0.02,0.5,0.4,0.06,0.0,44,57
6.331194826636163,-0.5639295105745014,0.033230725236301,11.793464207513068,5.719912556858348,-9.815108072270265,10.470814820459296,0.3435384270463361,-2.528557964007914,-0.9230046653128924,-2.5202303152695658,False,6.788225099390858,0.1,0.02,0.02,0.5,0.4,0.06,0.0,44,58
6.318951774982125,-0.5702836134526991,0.0411691163662795,10.875562338824691,7.169484894003236,-8.366907347004556,8.51320450471767,0.6656510693852182,0.5587564486226699,-0.3516991450264975,-3.521829116098377,False,6.788225099390858,0.1,0.02,0.02,0.5,0.4,0.06,0.0,44,59
6.308577880719679,-0.561631808759675,0.0401547413937976,10.486041952703372,10.311907804198874,-7.690814323414547,1.6798297060459042,0.4879819762681892,-1.135883667802931,1.810193773376766,-3.4133758845397035,False,6.788225099390858,0.1,0.02,0.02,0.5,0.4,0.06,0.0,44,60
6.318911347284863,-0.5587970484366348,0.0405158214071216,11.03800430656919,-0.4010121313805272,-11.624309108497226,12.924189391606804,0.3721209025683032,1.729431004852009,-0.7823093951795359,-3.465777543026556,False,6.788225099390858,0.1,0.02,0.02,0.5,0.4,0.06,0.0,44,61
6.327653957898488,-0.5619559312136458,0.039221705667769,10.59099511581658,-13.772502215356292,-6.62830335687564,11.634614725676808,0.4364207703816657,-0.2387756894356216,-1.1091428751156087,-3.29202485308778,False,6.788225099390858,0.1,0.02,0.02,0.5,0.4,0.06,0.0,44,62
6.321133320338199,-0.5612824476715254,0.0360777482266302,11.583121472985354,23.1840103731384,-13.63085166332426,6.879228458395884,0.7565520261820895,0.6719253421480957,0.5603484796815404,-2.8916058993767253,False,6.788225099390858,0.1,0.02,0.02,0.5,0.4,0.06,0.0,44,63
6.333634293432642,-0.5703698317505262,0.0394086658305038,10.729108318024956,-1.8391610043806368,-12.295115453204833,13.49014392195051,-0.1270926900554583,0.6557963522602581,-0.2935966336607145,-3.295403572497273,False,6.788225099390858,0.1,0.02,0.02,0.5,0.4,0.06,0.0,44,64
6.332285179852988,-0.5635847827648064,0.0366555065710351,10.19076492177457,12.27652873892623,-12.023054217218087,8.27218902457085,0.350151563027355,0.8402396202059847,1.0624996687444177,-2.9593642516657805,False,6.788225099390858,0.1,0.02,0.02,0.5,0.4,0.06,0.0,44,65
6.343359667571498,-0.5634496369044526,0.034929267407584,10.84201404547442,1.0935683177545774,-12.150356765024306,10.737689389211171,0.7007246627299328,1.9341163188960795,-1.035574927484852,-2.738065519545777,False,6.788225099390858,0.1,0.02,0.02,0.5,0.4,0.06,0.0,44,66
6.332489189951235,-0.560890283980055,0.0341635485016886,10.932266909262244,8.6377843935816,-5.862102702969798,6.535267759535408,0.7532064332926189,-0.1320856754512763,-0.1934384087838033,-2.646848175266945,False,6.788225099390858,0.1,0.02,0.02,0.5,0.4,0.06,0.0,44,67
6.312472607528569,-0.5672609808760475,0.0424363494123916,11.201654155426288,15.852874787862667,-9.006933861496918,12.506223869512851,0.6472031416744151,0.9350391499435624,0.3054742620199064,-3.691678014231901,False,6.788225099390858,0.1,0.02,0.02,0.5,0.4,0.06,0.0,44,68
6.303807654086707,-0.5577680161742292,0.0381396596170862,9.991753095559064,19.342985615676387,-11.757101491871454,9.860994038536194,0.4339894490474828,-1.393025295356988,-1.3819156463786069,-3.165004732923683,False,6.788225099390858,0.1,0.02,0.02,0.5,0.4,0.06,0.0,44,69
6.3218322490966985,-0.5661556444363854,0.0376649490923603,11.66266726035089,5.820553832614906,-9.99761659534441,8.43726675372408,0.3432007455148487,-0.7945996648056662,-1.215484300557415,-3.0830300022289983,False,6.788225099390858,0.1,0.02,0.02,0.5,0.4,0.06,0.0,44,70
6.3210775685197085,-0.5624837052039356,0.0382566893922937,10.763377681433106,5.232054342842637,-12.72351952254356,6.583220225647283,0.7861815645867867,-0.0405011843897537,0.7884298489965464,-3.167630695612976,False,6.788225099390858,0.1,0.02,0.02,0.5,0.4,0.06,0.0,44,71
6.319960944439484,-0.564760017511891,0.0349063398861797,11.952125504090931,-3.1343934711199246,-5.813145601563491,8.95115924777074,0.4811975912239903,-1.5580453984752405,0.2437770511719368,-2.733389806736095,False,6.788225099390858,0.1,0.02,0.02,0.5,0.4,0.06,0.0,44,72
6.341973580422327,-0.5711483803264218,0.0358134396494211,11.727889351101703,-10.428917554427375,-11.867689347663688,10.677820949011815,0.7153180453480942,-1.14637323789177,0.6931962301780719,-2.832845747517161,False,6.788225099390858,0.1,0.02,0.02,0.5,0.4,0.06,0.0,44,73
6.327722285061777,-0.5637495368524376,0.0433309685568449,12.025808949529026,0.9741738027899696,-14.902716551227758,4.790632604927315,0.4114905545686531,-0.1237618997264663,-0.6664459574405844,-3.813701749726602,False,6.788225099390858,0.1,0.02,0.02,0.5,0.4,0.06,0.0,44,74
6.330663089409182,-0.5629469855334451,0.0377621214719749,10.391586085216115,-13.8850667103979,-10.51982329668545,8.99121914245776,0.5100761184175542,-1.7424407689523127,-1.9529856642972383,-3.102638997767977,False,6.788225099390858,0.1,0.02,0.02,0.5,0.4,0.06,0.0,44,75
6.3168423731947625,-0.5598831423460059,0.0403718273599433,10.695832276640823,1.9834447421523569,-9.237521452433947,5.611243671530218,0.776870446228893,0.3181509709628289,1.216202398028675,-3.444863818050653,False,6.788225099390858,0.1,0.02,0.02,0.5,0.4,0.06,0.0,44,76
6.322965889154555,-0.5636469059235655,0.0395244923699575,11.062119351090107,5.980976927513912,-16.16333769511572,13.789991175976558,0.4316215485093847,0.5439290020398612,0.9545687408712342,-3.3270044957887395,False,6.788225099390858,0.1,0.02,0.02,0.5,0.4,0.06,0.0,44,77
6.319634383114735,-0.5587669396105707,0.034382448776904,10.022977532852646,-5.195691571955587,-9.94858887170703,9.76132352336236,0.3784494093472598,0.3887322791600554,-2.498248732649877,-2.6807347253914693,False,6.788225099390858,0.1,0.02,0.02,0.5,0.4,0.06,0.0,44,78
6.334167064399843,-0.5605770681441614,0.0377843527799659,11.141567951484577,0.5416346594439058,-5.544516551127142,5.328763333403508,0.2549928583981712,-2.012462365990177,-0.1199985752732124,-3.1109621684256616,False,6.788225099390858,0.1,0.02,0.02,0.5,0.4,0.06,0.0,44,79
6.3286001497200255,-0.5641929156096649,0.0350511862910989,11.074247595135184,-18.333804514891074,-11.057714430003411,9.67511595946983,0.4062419581761554,1.2332732058107414,-0.0127028437658204,-2.7527728388142645,False,6.788225099390858,0.1,0.02,0.02,0.5,0.4,0.06,0.0,44,80
6.322060728791822,-0.5620046033751116,0.0350418146182353,10.851107844507288,-0.8099587579854621,-7.875500137392081,10.862728265923588,0.469165055098002,1.1376318388220212,-0.0995206618244733,-2.757217579306352,False,6.788225099390858,0.1,0.02,0.02,0.5,0.4,0.06,0.0,44,81
6.311749196414875,-0.5615104088626889,0.0392607906121389,11.647546694663232,15.132852724009927,-10.312101520239793,9.62290976525576,0.2998411184526296,-0.5467297459300337,-0.7665469272386569,-3.2990512652984423,False,6.788225099390858,0.1,0.02,0.02,0.5,0.4,0.06,0.0,44,82
6.317293119009917,-0.564138560754268,0.041225654508502,10.351833939243098,-4.7658128665252,-9.687653377617544,8.559241720597397,0.5796140216570783,0.3115104779119742,0.9086702288029184,-3.543913644137425,False,6.788225099390858,0.1,0.02,0.02,0.5,0.4,0.06,0.0,44,83
6.327233044527311,-0.564813026192701,0.0346433240838577,11.25861221955362,11.85804790014704,-7.067917724416672,6.928998446232121,0.5400207476133575,0.674342237193725,-0.8063417079607437,-2.6991602371996755,False,6.788225099390858,0.1,0.02,0.02,0.5,0.4,0.06,0.0,44,84
6.325917946214239,-0.5630090942804268,0.0378144976182016,11.03868841551206,-6.30138339244295,-9.863543124038037,5.528685277263093,0.5498019184799591,0.3009866070609524,-0.1100901757622061,-3.1094787920839355,False,6.788225099390858,0.1,0.02,0.02,0.5,0.4,0.06,0.0,44,85
6.317753323206492,-0.5619525326140627,0.0388317568041893,10.953041213659954,-4.2708510207125725,-6.224320545203374,5.975115329573743,0.0762471523754586,-0.7027219447470953,0.800380274555702,-3.2427135932701,False,6.788225099390858,0.1,0.02,0.02,0.5,0.4,0.06,0.0,44,86
6.326584873319216,-0.5666756826576339,0.038617034049139,11.222951336362232,-4.841403704281642,-5.2206676827908645,5.9994153739710185,0.0590512573450413,0.7813644457223732,1.0392878325726782,-3.2033636275123287,False,6.788225099390858,0.1,0.02,0.02,0.5,0.4,0.06,0.0,44,87
6.312426802072888,-0.5668795220402513,0.0378844912763636,10.78310471389597,-9.434542810628798,-13.035538551440949,8.252878098483452,0.3905276033257495,-0.0033160609071883,-1.7513283724602309,-3.109958422353568,False,6.788225099390858,0.1,0.02,0.02,0.5,0.4,0.06,0.0,44,88
6.3464714206507225,-0.5611784131421523,0.0340919114207402,11.252020696010986,2.173681022384125,-5.236911658995068,6.854148509454332,0.2788703960124475,0.2172564969977344,-0.3638846040585831,-2.6361481850745485,False,6.788225099390858,0.1,0.02,0.02,0.5,0.4,0.06,0.0,44,89
6.304631992806797,-0.5605555233313305,0.0412939930052155,10.954551685971404,8.378447011267186,-9.314725246724027,12.76752327062988,0.4715426223054181,1.413809080298926,-0.2060407080977191,-3.562019929103995,False,6.788225099390858,0.1,0.02,0.02,0.5,0.4,0.06,0.0,44,90
6.318012801582166,-0.5635484509158037,0.0431024891686877,11.063296810676956,1.5702701911174666,-7.793236183714699,6.811230751454138,0.4448496041805859,-0.6193673655068391,0.303653623305168,-3.785521563299176,False,6.788225099390858,0.1,0.02,0.02,0.5,0.4,0.06,0.0,44,91
6.323825313060066,-0.5602307624573649,0.0391575751408264,11.000987731047877,-4.413465088573423,-7.16437758837988,6.660447649021717,0.4273873913628135,0.3661960428868574,0.0259050407437614,-3.288186269344509,False,6.788225099390858,0.1,0.02,0.02,0.5,0.4,0.06,0.0,44,92
6.333389302781368,-0.5606931024464809,0.0390713961352276,10.715494605946445,0.1347037434568858,-10.143149926876458,11.029321917938942,0.3930960245863591,-0.966770117656755,-1.5717936235877863,-3.2754719012707083,False,6.788225099390858,0.1,0.02,0.02,0.5,0.4,0.06,0.0,44,93
6.324090606559402,-0.5669646935080602,0.0397829244461448,11.687151169404498,6.837775706602445,-12.74206949245946,11.137071689771998,0.3626889491672721,-1.134780930162227,-1.1220452520617905,-3.3520536282936355,False,6.788225099390858,0.1,0.02,0.02,0.5,0.4,0.06,0.0,44,94
6.320763734123581,-0.5573462230884018,0.0379542823536615,10.504072758397632,-8.241238154129602,-8.86797878161898,7.062782675410713,0.4776186593704881,-0.0185117417374458,-0.1340516960506929,-3.141271381809096,False,6.788225099390858,0.1,0.02,0.02,0.5,0.4,0.06,0.0,44,95
6.310035618030656,-0.5694185935880519,0.0427030068090134,10.80199368796498,21.9357352723882,-8.175788121215032,6.4694985318491325,0.1536409227162231,1.6821274727145394,1.127073484951968,-3.720778109860556,False,6.788225099390858,0.1,0.02,0.02,0.5,0.4,0.06,0.0,44,96
6.308011317132322,-0.5558219068855784,0.0414631904482297,10.052622304595353,4.3960848784071,-6.532670487834969,1.0441682050330954,0.4386781191567039,0.1790965848774849,1.6401587758638891,-3.594835121820081,False,6.788225099390858,0.1,0.02,0.02,0.5,0.4,0.06,0.0,44,97
6.333032894252287,-0.5695144118553775,0.0355338332450671,10.615343019451451,-0.5283575919252035,-10.19864395264889,12.195837501393797,0.8038402047027872,-1.7326736914057252,0.531384225422952,-2.8015140932605527,False,6.788225099390858,0.1,0.02,0.02,0.5,0.4,0.06,0.0,44,98
6.314028416724393,-0.5636037540212656,0.039464736295783,10.806836475962731,11.985197087216072,-9.399207551047636,10.5149566436463,0.2446173118684659,-0.8453884805020143,0.4591482207158663,-3.319995531205735,False,6.788225099390858,0.1,0.02,0.02,0.5,0.4,0.06,0.0,44,99
0.0865529958322661,-0.0563699603440907,0.0324727049896193,4.70344084651499,111.92988392071427,-1.798854905850418,1.753600420538187,-1.8001101135434117,0.930306548720946,-1.3962082033912229,-0.1193005553412006,False,2.4000000000000004,0.025,0.02,0.02,1.0,0.1,0.06,0.0,36,0
0.0882196344256062,-0.0556040931080251,0.0327269352445626,4.351038079625406,107.97407676987297,-1.456856029700031,1.7190823200787415,-1.6896289143467234,1.028565969004921,-0.7557824342228406,-0.1230724804317041,False,2.4000000000000004,0.025,0.02,0.02,1.0,0.1,0.06,0.0,36,1
0.0900185083818412,-0.0529410291063452,0.0299380109469968,4.217936499299965,106.42907991393945,-1.756518784979842,2.029341341758152,-1.843546673970569,1.297291956838388,-0.2469992389592555,-0.1070445072178361,False,2.4000000000000004,0.025,0.02,0.02,1.0,0.1,0.06,0.0,36,2
0.0890650226420666,-0.0517313279934462,0.0285899691682725,4.229598504790029,126.21474984080672,-1.4082886265296837,1.825688570897839,-1.3365741642051638,0.6398135919046601,-1.3984278342127028,-0.0992206648033856,False,2.4000000000000004,0.025,0.02,0.02,1.0,0.1,0.06,0.0,36,3
0.087132301563614,-0.0531158825342249,0.0321491029962867,4.632100739276277,91.60142257172352,-1.619460698878643,1.609300818921226,-1.783995109461153,0.9314258443417056,-0.5494040875224903,-0.1244867677943375,False,2.4000000000000004,0.025,0.02,0.02,1.0,0.1,0.06,0.0,36,4
0.0889926986441351,-0.0556910881088192,0.030998195133343,3.988574760100661,123.33872808771602,-2.0348590464501104,1.884158945663716,-1.8344022186892976,0.6922754907903758,-0.656586398351673,-0.1089873876869302,False,2.4000000000000004,0.025,0.02,0.02,1.0,0.1,0.06,0.0,36,5
0.0912424925131889,-0.0525798497796114,0.0294409199197778,4.2032934450031485,91.08782354328224,-1.7473084877331326,1.8031934490197936,-1.5927065384249297,0.9311862513276886,-0.7133030163679355,-0.1038611703363641,False,2.4000000000000004,0.025,0.02,0.02,1.0,0.1,0.06,0.0,36,6
0.0892516397747474,-0.0536622754692262,0.029001403878523,4.543748760585429,110.83096076356496,-2.18882404563503,2.0141969594289515,-2.169784543132,0.4015848598029821,-0.3019758558826986,-0.0978666715155568,False,2.4000000000000004,0.025,0.02,0.02,1.0,0.1,0.06,0.0,36,7
0.0880038276011377,-0.0516698145073907,0.0269883189409759,4.3390544752934925,111.50562308796997,-1.837838715842616,1.9094246599378677,-1.7962436045089902,0.9359356495621008,-1.0842373134900485,-0.0866187670540017,False,2.4000000000000004,0.025,0.02,0.02,1.0,0.1,0.06,0.0,36,8
0.0871096749012756,-0.0552355515202174,0.0316035368667229,4.064933719566094,116.27444444201676,-2.0331224475008,1.6581892852713302,-2.117193828520989,1.9882838805917944,-0.617394248922116,-0.1150363907911855,False,2.4000000000000004,0.025,0.02,0.02,1.0,0.1,0.06,0.0,36,9
0.0874593069543893,-0.0532653009789464,0.0338303148114427,4.020238760437767,114.81944916750147,-1.7167088202905247,1.7264114517697484,-1.5151636061260911,1.09341095576369,-1.486055460025736,-0.1375582377248071,False,2.4000000000000004,0.025,0.02,0.02,1.0,0.1,0.06,0.0,36,10
0.0888933956559403,-0.0524074720268831,0.0315477681313637,4.319352347165374,112.7325683502406,-1.5998847595111287,1.3145342403584197,-1.318301279390748,0.3775194240930695,-0.4532699309043315,-0.1212706084470338,False,2.4000000000000004,0.025,0.02,0.02,1.0,0.1,0.06,0.0,36,11
0.0876422371405624,-0.05588561532987,0.0331795400790101,4.353625235711756,118.31173651647168,-1.469255710103989,1.9691815242631807,-1.4878773293557066,0.2067622959491297,-0.6493851406585098,-0.1260523096119597,False,2.4000000000000004,0.025,0.02,0.02,1.0,0.1,0.06,0.0,36,12
0.0882068575156935,-0.0522707290063102,0.0324197916427377,4.176461304856214,122.25241976232648,-1.983946856233103,1.389073995172488,-1.7268605967010464,0.792951732911028,-0.6437940654752744,-0.1286161720758153,False,2.4000000000000004,0.025,0.02,0.02,1.0,0.1,0.06,0.0,36,13
0.0910118572936265,-0.054411033981045,0.0277450927213398,4.310938632589016,96.56793076327334,-1.597097238723397,1.6613822316048514,-1.6480561485546137,1.0019371040507012,-0.6610273502255464,-0.0859135487785932,False,2.4000000000000004,0.025,0.02,0.02,1.0,0.1,0.06,0.0,36,14
0.0885765623251946,-0.0560880615462973,0.0304622480634961,4.439496119887634,116.72473002983526,-2.068527272793383,1.684526836194594,-1.6816006529032188,1.1881888062687769,-0.5853246836159813,-0.1037720430573437,False,2.4000000000000004,0.025,0.02,0.02,1.0,0.1,0.06,0.0,36,15
0.0885288330627642,-0.0525842936039711,0.0306369867675675,4.402053778222904,95.91745574004888,-1.712842362802964,2.095759928643251,-1.7803207285533518,0.4646334443553718,-1.1846754508262811,-0.1135818595072438,False,2.4000000000000004,0.025,0.02,0.02,1.0,0.1,0.06,0.0,36,16
0.0883565654729634,-0.0543228601512851,0.0323036064401911,4.238248687156239,101.22287602884526,-1.6175637712916742,1.9644303705113744,-1.5807183126533553,0.971651840253933,-1.2661404022548106,-0.1227525932300673,False,2.4000000000000004,0.025,0.02,0.02,1.0,0.1,0.06,0.0,36,17
0.0897293931801483,-0.0536151764009974,0.0253560768816248,4.36401713299791,115.34694786887412,-1.7956050298736368,2.171753736071133,-1.451742874451523,1.008818999286589,-1.4055233605430295,-0.0687884280997959,False,2.4000000000000004,0.025,0.02,0.02,1.0,0.1,0.06,0.0,36,18
0.0891503832409271,-0.0534301584392105,0.0305250173848126,4.228418909574813,111.79708002957312,-2.177055721571006,1.6846110784914046,-1.6895540967129845,1.4809613984784178,-0.7835752453844368,-0.1106187358299407,False,2.4000000000000004,0.025,0.02,0.02,1.0,0.1,0.06,0.0,36,19
0.0875878815719374,-0.0539686736602029,0.0288999343095875,4.543314066374856,128.76918905671076,-1.978621181702485,1.5968728342845109,-1.497855176227228,1.0093329585240702,-1.1034762647223657,-0.0964193847978967,False,2.4000000000000004,0.025,0.02,0.02,1.0,0.1,0.06,0.0,36,20
0.0877540728287652,-0.0513903286627116,0.0282834964303288,3.959021442873876,107.6062784494697,-1.7454929453721209,1.3981203714562414,-1.5166143435161537,0.5944590111625598,-0.2155399777173839,-0.0976659382823968,False,2.4000000000000004,0.025,0.02,0.02,1.0,0.1,0.06,0.0,36,21
0.0876942934192892,-0.0550917795134676,0.033668425265852,3.901531558177652,112.23637455858125,-1.9120005649097271,1.81459277161524,-1.4743978006027183,1.3603685461564372,-0.688350002080342,-0.1318654736893366,False,2.4000000000000004,0.025,0.02,0.02,1.0,0.1,0.06,0.0,36,22
0.0887648536408825,-0.053319410157193,0.0306350525910549,4.383845227419817,104.12963242792765,-1.6305075771205693,1.594711491207052,-1.958889863943264,0.4930139900346372,-0.7361219075416097,-0.1117879451327233,False,2.4000000000000004,0.025,0.02,0.02,1.0,0.1,0.06,0.0,36,23
0.0914747133501686,-0.0563850539340775,0.0288230964908919,4.586695612169294,110.4733680237858,-1.5361864224448123,1.628334662095681,-1.980134424720406,0.4994606986717461,-1.3785850009604297,-0.0897721596843397,False,2.4000000000000004,0.025,0.02,0.02,1.0,0.1,0.06,0.0,36,24
0.0881444884301239,-0.0560282820223946,0.0360353289478718,4.443392024274104,110.01658236794488,-1.2037427379413916,1.7773875660502767,-1.878846717339956,0.4800750259292095,-1.1424113652150103,-0.1485260854234198,False,2.4000000000000004,0.025,0.02,0.02,1.0,0.1,0.06,0.0,36,25
0.0885834468042036,-0.051509602707272,0.0311610308897888,4.082563180745768,105.041923620395,-1.6508182473802455,2.056805494210549,-2.298926441522055,0.6778520621364754,-1.184464498869111,-0.1203501938126055,False,2.4000000000000004,0.025,0.02,0.02,1.0,0.1,0.06,0.0,36,26
0.0900695845050188,-0.0551030089731564,0.0302971612713089,4.3134499388322265,90.55436904849424,-1.9452934813513332,1.1013733946712692,-2.0427837137589284,0.7810249875798512,-0.7056796987574055,-0.1047258935645948,False,2.4000000000000004,0.025,0.02,0.02,1.0,0.1,0.06,0.0,36,27
0.0874277306417711,-0.0524895404165655,0.030385804224454,4.209784011583085,119.01166635074664,-2.1980930848362785,1.460384193038092,-1.618282049229143,0.4663259779547605,-1.1181229190760444,-0.1118658729573685,False,2.4000000000000004,0.025,0.02,0.02,1.0,0.1,0.06,0.0,36,28
0.0900817293936562,-0.053280878799727,0.0241351451010748,4.412938408859877,104.4654740121742,-1.5170845990456066,1.730518283163062,-2.0435842003826004,0.6983243504934935,-0.2358215368350537,-0.0598021479256345,False,2.4000000000000004,0.025,0.02,0.02,1.0,0.1,0.06,0.0,36,29
0.0892873024516918,-0.053061650730264,0.0256827169471287,4.084705307986179,107.17341925420088,-2.0909575211471925,1.488320932847499,-1.5501391110632663,1.103460966838336,-1.228202984423644,-0.0727565356772952,False,2.4000000000000004,0.025,0.02,0.02,1.0,0.1,0.06,0.0,36,30
0.0894541976533465,-0.0552516573823186,0.0349513832891061,4.083028594909912,119.21672546169364,-2.016355893160092,1.7938252131737065,-1.8661645316633853,1.1116855509614516,-1.1030403022519253,-0.1416398367360833,False,2.4000000000000004,0.025,0.02,0.02,1.0,0.1,0.06,0.0,36,31
0.0881551146488348,-0.0545919739049073,0.0368663051111703,4.5673832272987,115.49174107007768,-1.9325070189788909,1.701481618257738,-1.9279234141085375,0.6043264541828968,-0.5099740316914354,-0.1586203966386549,False,2.4000000000000004,0.025,0.02,0.02,1.0,0.1,0.06,0.0,36,32
0.0887178490518891,-0.0555388018085896,0.0341025837383197,3.977607814936225,106.51732173939357,-1.3419453769341134,1.962916225462899,-2.043056212525729,0.5921934469958577,-0.9663456650313904,-0.1342044746228299,False,2.4000000000000004,0.025,0.02,0.02,1.0,0.1,0.06,0.0,36,33
0.0884841509862848,-0.0538452736426947,0.0279198215443878,4.413142101881706,100.89145646559068,-1.6002554459763156,2.119296522021258,-1.9751732616219992,0.2822244343457581,-0.7396862632927108,-0.0888208665534587,False,2.4000000000000004,0.025,0.02,0.02,1.0,0.1,0.06,0.0,36,34
0.0898222257664391,-0.0523687430630257,0.0306970726564111,4.269353782919477,80.64868228884842,-1.2245545151047632,1.4961864990912217,-2.3621774779524563,0.996432833694907,-0.5571723788970593,-0.1145022643540414,False,2.4000000000000004,0.025,0.02,0.02,1.0,0.1,0.06,0.0,36,35
0.0880232437406142,-0.0541758620438183,0.0328524765959938,4.333950647666368,106.20453030866884,-1.4036387079945951,1.420759414187276,-1.8739630206970084,0.4674433895300621,-0.3260771040924899,-0.1275163492383498,False,2.4000000000000004,0.025,0.02,0.02,1.0,0.1,0.06,0.0,36,36
0.0889317368271167,-0.0541858235796355,0.0302067197845524,4.331321942722103,129.74550839047814,-1.98760381836352,2.161898016982592,-1.5468656859304557,1.200451655236112,-0.7126916563193918,-0.1062718774756674,False,2.4000000000000004,0.025,0.02,0.02,1.0,0.1,0.06,0.0,36,37
0.0905819798340387,-0.0553621558022961,0.027031545915297,4.503978419396242,110.23710059789646,-1.6153715961981077,1.7798387992915563,-1.678874704437458,1.3942159415384512,-0.9966621703421848,-0.0779482746068229,False,2.4000000000000004,0.025,0.02,0.02,1.0,0.1,0.06,0.0,36,38
0.0878325875389999,-0.0542977261841774,0.0331669821787063,3.753057877161262,130.4603434220726,-2.0453235122406936,1.7537649900671228,-1.531236833380804,1.0345646036937906,-0.5788637360329347,-0.1297513593352848,False,2.4000000000000004,0.025,0.02,0.02,1.0,0.1,0.06,0.0,36,39
0.0889731472519514,-0.0545798633401705,0.0318973908140299,4.323405310839404,87.491701406332,-2.067804288047625,1.838513163542214,-1.8767694929829248,1.4017193835310922,-1.1076756987144534,-0.1188490656607129,False,2.4000000000000004,0.025,0.02,0.02,1.0,0.1,0.06,0.0,36,40
0.0888380486040831,-0.0526834974805256,0.0341324086507839,4.572458920362169,120.6187235498034,-1.8578657151050664,1.5816591335511134,-1.5753243497533531,0.8680151321793921,-0.9768653166041252,-0.1412885923367649,False,2.4000000000000004,0.025,0.02,0.02,1.0,0.1,0.06,0.0,36,41
0.0911002044705519,-0.0538223402321347,0.0283443930822115,3.905879850738109,87.83912415799068,-1.7426858724784249,1.7368395148680265,-1.7878246698336553,0.3241479919014423,-0.9501801752708432,-0.0921155158323361,False,2.4000000000000004,0.025,0.02,0.02,1.0,0.1,0.06,0.0,36,42
0.0890754358993259,-0.0541008797022907,0.0298784218509533,4.126873918269848,112.2578424434742,-1.92528513290603,1.4318363071107325,-1.878370523192272,1.054723586389481,-0.3322002195192568,-0.103840737368169,False,2.4000000000000004,0.025,0.02,0.02,1.0,0.1,0.06,0.0,36,43
0.0889626983821727,-0.0517354403638173,0.0330960858491744,4.3166356393101815,90.20377030208262,-2.4724085136924074,1.4415187615545428,-1.1179758449975492,0.8987727515563579,-0.8063423453248982,-0.1352658680173039,False,2.4000000000000004,0.025,0.02,0.02,1.0,0.1,0.06,0.0,36,44
0.0888040581692398,-0.0543754876578415,0.0275124613159358,3.908493554231905,117.69147613957809,-1.892552131758276,2.0011456609370595,-2.135078627669221,0.1409663812810798,-0.5676448363694194,-0.0842702766585125,False,2.4000000000000004,0.025,0.02,0.02,1.0,0.1,0.06,0.0,36,45
0.0893818243789537,-0.0539940658262627,0.0309693017417869,3.907960348201863,115.50036571432533,-1.5011342041849196,1.8396955319349504,-1.3602217598174602,0.6990314410679468,-0.628514668796211,-0.1128057464885275,False,2.4000000000000004,0.025,0.02,0.02,1.0,0.1,0.06,0.0,36,46
0.0907432107609855,-0.0535408580508397,0.0267491804766268,4.190761963476715,125.75123202826045,-1.9990375789364871,1.510008222135674,-1.5109202395899408,0.9563220382696748,-0.8458050922923039,-0.0800507918453401,False,2.4000000000000004,0.025,0.02,0.02,1.0,0.1,0.06,0.0,36,47
0.0885411870784041,-0.0541782738630654,0.0348155557946357,4.53526006751843,93.04729264219266,-1.8849701773070564,1.6362324983514247,-2.0940089670637554,0.6786740855033077,-0.7410106209182626,-0.1431841178610244,False,2.4000000000000004,0.025,0.02,0.02,1.0,0.1,0.06,0.0,36,48
0.0894244480381112,-0.054669115153011,0.0336092230467299,4.040973848660653,95.11172776465638,-1.4148207644640574,1.5558482861241008,-1.7713566594338537,0.4108169688287076,-0.8561996498542942,-0.1323024411243263,False,2.4000000000000004,0.025,0.02,0.02,1.0,0.1,0.06,0.0,36,49
0.0877310301990027,-0.0540322634571279,0.0320155834131874,3.8618711036498543,121.98101926520371,-1.808620952702904,1.8863612638128693,-1.86712905395164,1.033505898520422,-0.302543406374917,-0.1211833731964525,False,2.4000000000000004,0.025,0.02,0.02,1.0,0.1,0.06,0.0,36,50
0.0897038107644376,-0.0543391762839102,0.0265026108675983,4.167281737361494,100.01769361034728,-1.432288404622724,1.5654202359379394,-1.6825113167159644,0.7798040356129562,-0.9619831821543884,-0.0762246352135361,False,2.4000000000000004,0.025,0.02,0.02,1.0,0.1,0.06,0.0,36,51
0.0889166662723036,-0.0542110082882265,0.0277071340760726,4.316704786332809,119.67100026848412,-1.5325733509474442,1.8611223853406715,-1.6603410444512026,0.9225631674587051,-0.5430567788314409,-0.0862156527404989,False,2.4000000000000004,0.025,0.02,0.02,1.0,0.1,0.06,0.0,36,52
0.0893149605232368,-0.0544361405258624,0.0269788325313051,4.150371486720173,106.49358791956642,-2.0235140099109072,1.5232809240420084,-1.4857501485828373,0.8201478029639375,-1.094462396679337,-0.0798250253569774,False,2.4000000000000004,0.025,0.02,0.02,1.0,0.1,0.06,0.0,36,53
0.0898838248093211,-0.0527691825539438,0.0312406719758654,4.381528262192545,98.49491193629936,-1.817324790301972,2.0659205382779047,-1.850763342948212,1.2344522003232885,-1.434255392814614,-0.1178863081888989,False,2.4000000000000004,0.025,0.02,0.02,1.0,0.1,0.06,0.0,36,54
0.0891472446257141,-0.0545144793714508,0.0310724622154487,4.344310320396981,114.7754813047882,-1.9098448619398367,1.802392377627794,-1.8253682753426224,1.2673649221436751,-1.6367453571423884,-0.1123961125545649,False,2.4000000000000004,0.025,0.02,0.02,1.0,0.1,0.06,0.0,36,55
0.0867643964572709,-0.0533025607809922,0.0277421695455269,4.069456680994718,124.01729521570772,-1.8685856034667996,1.428959343208242,-1.3709326825584744,0.4167120263934312,-0.7345725600031731,-0.088805346702398,False,2.4000000000000004,0.025,0.02,0.02,1.0,0.1,0.06,0.0,36,56
0.0889679670676346,-0.0556626909224704,0.0295556383545341,4.475970949091101,110.70892189802578,-1.6163738558817276,1.6612428723061743,-1.594151453144446,0.0745005431418864,-0.5577947436177302,-0.0975165705982863,False,2.4000000000000004,0.025,0.02,0.02,1.0,0.1,0.06,0.0,36,57
0.087725463331887,-0.0539645879137733,0.0377696851746511,4.508970003018972,107.03179708088774,-1.5224861227218929,1.658373349956196,-1.706770874328147,1.4570638747760605,-0.2067917305300972,-0.1673789426042401,False,2.4000000000000004,0.025,0.02,0.02,1.0,0.1,0.06,0.0,36,58
0.0889776429234981,-0.054443229008777,0.0329034970466967,4.405341256859551,125.7145074204063,-1.6984265904313869,1.3754256755271583,-2.045668415787482,1.22710796369272,-0.4839292696942864,-0.1272255681770994,False,2.4000000000000004,0.025,0.02,0.02,1.0,0.1,0.06,0.0,36,59
0.0884200387972334,-0.0530832801068256,0.0338273318815488,4.143028061001737,141.1235418423113,-1.561804616724532,1.993707143841737,-1.600058006499609,0.4671771162407954,-0.9279424132886658,-0.1379135804681756,False,2.4000000000000004,0.025,0.02,0.02,1.0,0.1,0.06,0.0,36,60
0.0887872233608759,-0.0552623606856399,0.0297294031141749,4.341178724228546,106.78590734176171,-1.493166324038309,1.8399071007620733,-1.3875770413846642,0.3301701833169085,-0.6477195260657738,-0.0998783258662113,False,2.4000000000000004,0.025,0.02,0.02,1.0,0.1,0.06,0.0,36,61
0.0892396467539626,-0.0532167361964616,0.0308175485605819,4.7539121473914525,82.18140899943812,-1.882431832935631,2.014264507035782,-1.8256310847064008,0.6077670903268788,-1.1427088552971851,-0.1134658428079103,False,2.4000000000000004,0.025,0.02,0.02,1.0,0.1,0.06,0.0,36,62
0.0889492987263053,-0.0557981568369182,0.0350128878334769,4.214855261985314,131.77893093063707,-1.7948970486148264,1.4323566087304804,-1.8564941287183576,1.6381976773445268,-0.994785683863612,-0.1408505683356336,False,2.4000000000000004,0.025,0.02,0.02,1.0,0.1,0.06,0.0,36,63
0.0889133287861498,-0.0559082284941387,0.0307191209815443,4.136294212854722,103.13674510707924,-1.6747576562608024,1.5139228838587158,-1.960792768499284,0.8068536890392133,-0.3882695674711703,-0.1062384197392528,False,2.4000000000000004,0.025,0.02,0.02,1.0,0.1,0.06,0.0,36,64
0.0900833206880179,-0.0561220453897259,0.025089060934902,4.525433793172933,107.02049499408244,-1.908275345772497,2.0521421199158434,-1.7151343506063408,1.2796002826002866,-0.2337327412203891,-0.0606145793025933,False,2.4000000000000004,0.025,0.02,0.02,1.0,0.1,0.06,0.0,36,65
0.0895208891516321,-0.0536646775427359,0.0273331193897825,4.415138219166434,116.52911803579684,-1.9942720527295648,1.5824591842899816,-1.1712432391803724,0.2754542410045555,-0.8534049272604791,-0.0844984756665959,False,2.4000000000000004,0.025,0.02,0.02,1.0,0.1,0.06,0.0,36,66
0.0879569270164887,-0.0518183042045154,0.0317803631474732,4.445917572330702,104.66751825379244,-1.691426258040452,1.8286824887410016,-2.140629114549067,0.6240161221068496,-0.7884051326076051,-0.1246015594679599,False,2.4000000000000004,0.025,0.02,0.02,1.0,0.1,0.06,0.0,36,67
0.0879330620928417,-0.0553114880364506,0.0291324040995896,3.7808686375549607,111.73224887626851,-2.2756634258228075,1.6460176141141192,-1.7643837404106626,0.5162876927999124,-0.8363930555186639,-0.0950356777836647,False,2.4000000000000004,0.025,0.02,0.02,1.0,0.1,0.06,0.0,36,68
0.0892490918928328,-0.053016008304964,0.0291648045463016,4.004527583197202,131.23893568504985,-1.8198384509563543,1.5875897108326549,-1.7589256213322284,0.4938866034165226,-0.3764481267618503,-0.1007250709249295,False,2.4000000000000004,0.025,0.02,0.02,1.0,0.1,0.06,0.0,36,69
0.0911729299699915,-0.0556063827020959,0.0284634280970356,4.641323445062438,83.61899829791736,-1.5263172043026416,1.5932455559801324,-1.6681099225837868,1.2627638728369304,-1.35678631216431,-0.0887817304930553,False,2.4000000000000004,0.025,0.02,0.02,1.0,0.1,0.06,0.0,36,70
0.088629212118457,-0.0556872711890254,0.0340361895111669,4.351352797527974,117.75283529895565,-1.8357667903747927,1.8459339654635412,-1.589603201231756,1.0254835013838393,-1.1032801552864322,-0.1333223125085674,False,2.4000000000000004,0.025,0.02,0.02,1.0,0.1,0.06,0.0,36,71
0.0892628502285625,-0.054783390525511,0.0275058771459693,4.174871244723497,113.80438613453951,-1.6874605629639507,1.5969372052064834,-1.806657079888604,0.353976475660442,-1.21760419294347,-0.0832111088928148,False,2.4000000000000004,0.025,0.02,0.02,1.0,0.1,0.06,0.0,36,72
0.0901905776873836,-0.0559527775485992,0.0264897955569874,4.025463884363973,122.53889283531086,-1.7927511308679072,1.972592670413826,-1.629289992787189,0.6508382131910322,-0.8784500318152465,-0.0722202636780183,False,2.4000000000000004,0.025,0.02,0.02,1.0,0.1,0.06,0.0,36,73
0.0895994652151695,-0.0556144450931601,0.0343673469006605,3.721264912833696,115.32363309592188,-2.67676836155508,1.969490644702395,-1.6342194908012264,0.8246403141950504,-0.7642684196424091,-0.1360881390687901,False,2.4000000000000004,0.025,0.02,0.02,1.0,0.1,0.06,0.0,36,74
0.0888821994743656,-0.0528155549853836,0.0328643039920823,3.815177513796141,123.62386371863036,-1.6277595003769965,1.5299131757632498,-1.6776480415451285,0.4887928827122438,-0.2867576465930952,-0.1308241680032761,False,2.4000000000000004,0.025,0.02,0.02,1.0,0.1,0.06,0.0,36,75
0.0887012744798843,-0.0555136820336925,0.0300441111108474,4.008433369330065,121.6484618007588,-1.83852109842586,1.4094688256247745,-1.6684302726368656,0.9620524047784066,-0.6498662686048104,-0.1017979755371241,False,2.4000000000000004,0.025,0.02,0.02,1.0,0.1,0.06,0.0,36,76
0.0888143736336584,-0.053042260310408,0.0258279310810887,4.620658514563461,114.97719671657028,-1.9620570572155975,1.410288379789317,-1.9943936189883047,0.6488301834370819,-0.5872606506042061,-0.0739931614857116,False,2.4000000000000004,0.025,0.02,0.02,1.0,0.1,0.06,0.0,36,77
0.0901963984044804,-0.0548344915782148,0.0277519408618561,4.356578026061809,79.26944871995046,-1.961013372250754,1.9732822702990904,-2.0662546750164896,0.5126579488355193,-1.2962776033786902,-0.0850009632028649,False,2.4000000000000004,0.025,0.02,0.02,1.0,0.1,0.06,0.0,36,78
0.0868929575581126,-0.0527229946256962,0.0322904921863433,4.4984142049219535,116.367639801573,-1.091505531957868,1.603688716745037,-1.84270458545071,0.5333794136615152,-0.8993579988131237,-0.1265751729355894,False,2.4000000000000004,0.025,0.02,0.02,1.0,0.1,0.06,0.0,36,79
0.0871369736358493,-0.0532557216290026,0.0330588407181788,4.16576301876658,125.8337232567983,-2.423413834605056,1.8248452687391223,-2.3157600740321564,1.034522837991711,-1.0844437257165236,-0.1314287754176736,False,2.4000000000000004,0.025,0.02,0.02,1.0,0.1,0.06,0.0,36,80
0.0884796100104279,-0.0528927422501482,0.03293894049888,4.1731343237206175,115.28824534105844,-1.8365026171189696,1.3221384276054011,-1.812096669228059,0.7689266717444746,-1.0181087677862712,-0.1312601659900585,False,2.4000000000000004,0.025,0.02,0.02,1.0,0.1,0.06,0.0,36,81
0.0898081805894496,-0.0556158853038677,0.0301073984272457,4.231249733832884,116.79846708195028,-1.5920769233181489,1.7394892995764777,-1.656877138901998,0.5984610846060379,-1.0117342866984893,-0.1019925718533164,False,2.4000000000000004,0.025,0.02,0.02,1.0,0.1,0.06,0.0,36,82
0.0861392071061328,-0.0524912985220941,0.0323917003197906,4.022855330167306,123.89895411917048,-1.356230812402917,1.555101328871154,-1.374130784493128,0.7629322732022078,-0.8332329921867424,-0.1279861336789316,False,2.4000000000000004,0.025,0.02,0.02,1.0,0.1,0.06,0.0,36,83
0.0885499460577112,-0.0534222721468701,0.0313531421435596,4.389031312702935,94.48168653721643,-1.60552685837067,1.85090061258316,-1.7015292985173571,0.4832348232935383,-0.6923004048720013,-0.117298687232526,False,2.4000000000000004,0.025,0.02,0.02,1.0,0.1,0.06,0.0,36,84
0.0891293234493939,-0.0559699417617272,0.0305979922138669,4.001195855796,125.12921339283191,-1.9160927923014248,1.711226240693439,-1.870803832432512,0.5884532508758445,-1.3608740463916675,-0.1051083180758271,False,2.4000000000000004,0.025,0.02,0.02,1.0,0.1,0.06,0.0,36,85
0.0886949709064904,-0.0521077315162724,0.0363394008801845,4.295088430252765,120.43888759587428,-1.9382949815339936,1.9056462662493696,-1.8833279307412891,0.3884070456271217,-0.8870650625415958,-0.1603349531480332,False,2.4000000000000004,0.025,0.02,0.02,1.0,0.1,0.06,0.0,36,86
0.0897208275156408,-0.0550847330847093,0.0263035409420231,4.654168057320962,103.47410645027536,-1.8513072005114748,2.039189635422922,-2.0007086230728115,1.1391149307715969,-1.2916797351754288,-0.0728417184819444,False,2.4000000000000004,0.025,0.02,0.02,1.0,0.1,0.06,0.0,36,87
0.088164494937811,-0.0546018171974951,0.031415079709653,4.644073891438511,124.42370594423625,-1.4109011991162848,1.7456451275206937,-1.4933554431200509,0.2485020858956793,-0.983868383587708,-0.1149864067069674,False,2.4000000000000004,0.025,0.02,0.02,1.0,0.1,0.06,0.0,36,88
0.0879302651024877,-0.0521821556239028,0.0329581880046058,4.551934685551759,118.26725746728076,-1.6331812924526168,1.33173872029041,-1.647700387502014,0.2401246162488618,-1.1789418748062928,-0.1331525146333304,False,2.4000000000000004,0.025,0.02,0.02,1.0,0.1,0.06,0.0,36,89
0.0893412301291466,-0.052809611891186,0.0250800908047219,4.499081162748888,100.37052082924664,-2.01307066011169,2.4097907631700526,-1.2039795491514282,0.6167009297916103,-1.1098500046381194,-0.0685371840911799,False,2.4000000000000004,0.025,0.02,0.02,1.0,0.1,0.06,0.0,36,90
0.0873678497647881,-0.0556636706481556,0.0350334084797273,3.8170442017763673,121.23976454832308,-2.1270755538141985,1.7078455951589693,-1.528180410000706,0.9323263320339692,-0.3608983250770886,-0.1414323872963579,False,2.4000000000000004,0.025,0.02,0.02,1.0,0.1,0.06,0.0,36,91
0.0908592246120834,-0.0552815657055947,0.0269374110189746,4.344385387136569,116.8023902310832,-1.7200739150316564,1.6662002157653033,-1.8162111045607363,0.1422757838881255,-1.5129399525496372,-0.0773719769816445,False,2.4000000000000004,0.025,0.02,0.02,1.0,0.1,0.06,0.0,36,92
0.0874705526843799,-0.0500757873921319,0.0278597470222101,4.422619528029299,116.33656518722768,-1.6728627980120006,2.018559594363861,-1.6064855130840128,0.8844219174863368,-0.7674082930569355,-0.0974478532755017,False,2.4000000000000004,0.025,0.02,0.02,1.0,0.1,0.06,0.0,36,93
0.0886380321457609,-0.0527745343115449,0.029466967060205,4.500740137449039,113.75194591705277,-1.83172226538786,1.8012549907058613,-2.1136504962390723,0.8360451647110296,-1.5119821841370042,-0.103758572205187,False,2.4000000000000004,0.025,0.02,0.02,1.0,0.1,0.06,0.0,36,94
0.0908957628063409,-0.0564357817368823,0.0302918877688504,4.445301690969256,87.55033616286066,-1.6624616203910254,1.8748510522518516,-1.7811174765641768,0.969668938313106,-0.5959496630558829,-0.1014354802139058,False,2.4000000000000004,0.025,0.02,0.02,1.0,0.1,0.06,0.0,36,95
0.0911996895449622,-0.0516665909829565,0.021848974901564,4.211660044818475,94.8434712167104,-1.588052500240663,1.799885936070622,-2.170099434321872,0.2166841765513485,-0.9084799730421608,-0.0453199994807192,False,2.4000000000000004,0.025,0.02,0.02,1.0,0.1,0.06,0.0,36,96
0.0873320867480175,-0.0531014773366987,0.0324071218705961,4.223285968714608,133.22840716799405,-2.0926176781700967,1.6119652100832664,-1.2950487178771477,0.8282163133299326,-0.5920472136653296,-0.1265735041518108,False,2.4000000000000004,0.025,0.02,0.02,1.0,0.1,0.06,0.0,36,97
0.0885338816524562,-0.0529022088526511,0.0291394572016522,4.754762668939603,99.18100007353507,-1.0877566047966352,1.62942003191345,-2.132811908208281,0.6747128674640006,-0.3914526967887916,-0.1008383234677079,False,2.4000000000000004,0.025,0.02,0.02,1.0,0.1,0.06,0.0,36,98
0.088808291154515,-0.0513130604814765,0.0284817837117457,4.642618523465697,92.9585464297509,-2.1379952913267286,1.885773602661411,-2.028963296090025,0.673791374150889,-0.7952556969724757,-0.0993744270691517,False,2.4000000000000004,0.025,0.02,0.02,1.0,0.1,0.06,0.0,36,99
0.8928466721804037,-0.3878284588127518,0.1372778082668787,13.388596658404149,-30.63715009012524,-9.41575025353896,7.876839207060134,-0.4121180826608379,2.7942931978318306,0.6523594651545865,-0.1138633646536019,False,2.4000000000000004,0.025,0.02,0.02,1.0,0.1,0.06,0.0,40,0
0.8921125926752717,-0.388903857968055,0.143620323606731,13.151139084455664,68.85522716853865,-8.06923553261215,7.066059709510679,-0.6164867924140061,2.1287178132863933,-0.964798275598764,-0.1620665741700001,False,2.4000000000000004,0.025,0.02,0.02,1.0,0.1,0.06,0.0,40,1
0.8871228021751687,-0.3936109833779144,0.1661348280581769,13.971695891082172,68.03360619594278,-9.409423400275964,6.811851655953246,1.0899054870155105,0.875005251772468,0.4363668403271332,-0.3311848962279106,False,2.4000000000000004,0.025,0.02,0.02,1.0,0.1,0.06,0.0,40,2
0.8921116873404985,-0.383335181499659,0.1361117179432435,13.504963006794474,-32.05797868601473,-6.353994532811437,7.490847212393009,-1.4767967290313504,3.473327583498415,-0.825992163204039,-0.1153626067063371,False,2.4000000000000004,0.025,0.02,0.02,1.0,0.1,0.06,0.0,40,3
0.8922161529604594,-0.3966304796233344,0.1374272405129339,14.099171294704092,4.197945311597238,-8.422249525104602,4.843861665680044,-1.2521679489916488,0.4112035896851651,-0.1644343530383238,-0.0939718038298411,False,2.4000000000000004,0.025,0.02,0.02,1.0,0.1,0.06,0.0,40,4
0.8813678261250496,-0.389318267894607,0.1700089423778567,13.66731103849695,5.124120561061609,-8.507946775756988,7.6523076090516415,-0.1435496795232271,-0.579663202839948,-2.1217403101639905,-0.3728256265082945,False,2.4000000000000004,0.025,0.02,0.02,1.0,0.1,0.06,0.0,40,5
0.8916678998241073,-0.3851427809217393,0.1516986054510542,11.862967685028044,-13.21771188121044,-7.078196124988713,7.607988051013175,0.2876918249147158,2.949272968140605,-1.895601158177067,-0.235746095406813,False,2.4000000000000004,0.025,0.02,0.02,1.0,0.1,0.06,0.0,40,6
0.8879719865583143,-0.3924518819747853,0.1348888783510811,14.275899750538963,83.62587797411611,-7.056220660702384,6.936065348105,-1.764303954290115,1.2595029098366877,-1.3662726058996744,-0.0839481908756657,False,2.4000000000000004,0.025,0.02,0.02,1.0,0.1,0.06,0.0,40,7
0.8907273975829756,-0.3966444579281971,0.1524513606911685,14.611607612432048,90.9095114057432,-5.568447578771882,8.355033329161518,1.257159071965186,-0.4491033694005715,-1.1841580228712631,-0.2142205426466974,False,2.4000000000000004,0.025,0.02,0.02,1.0,0.1,0.06,0.0,40,8
0.8881253688452353,-0.3872479712813136,0.1611885768321899,13.007089396609269,24.595296746674823,-7.687176814446957,8.131295691591205,0.3413623824309124,-0.0503823690662068,-2.985992255142352,-0.3068259614516528,False,2.4000000000000004,0.025,0.02,0.02,1.0,0.1,0.06,0.0,40,9
0.886199670094801,-0.3863907780370488,0.1564467590217617,14.499672912113343,45.07357159176443,-6.463634560212344,8.467868653752689,-0.4013693435183167,1.9627026329205024,-0.9584888615339257,-0.2710642246794885,False,2.4000000000000004,0.025,0.02,0.02,1.0,0.1,0.06,0.0,40,10
0.8909246474249688,-0.3863384363062838,0.1383557270367889,13.994425446310654,28.893624746809397,-7.869144107168438,6.884820332657394,-1.4528319778773655,0.3435378695405067,-0.5896151133178664,-0.1261780903137319,False,2.4000000000000004,0.025,0.02,0.02,1.0,0.1,0.06,0.0,40,11
0.8835933542045492,-0.3748389824719167,0.1549114003091756,14.116314527826772,-2.4554239894062637,-8.009969105074134,6.622503314863481,1.313661987197909,0.3712642872351308,-0.0967691642059644,-0.286662043288532,False,2.4000000000000004,0.025,0.02,0.02,1.0,0.1,0.06,0.0,40,12
0.8872540907132107,-0.3796132274310865,0.1254089206948137,13.698196899877429,88.98021707228594,-6.084114076646918,6.3384213094178445,-0.5638251591701808,-1.8636458165407477,0.2692545603033274,-0.0389643742811095,False,2.4000000000000004,0.025,0.02,0.02,1.0,0.1,0.06,0.0,40,13
0.8942784274620728,-0.3919043735059698,0.1542716898214735,13.97324496478348,0.4726037629400679,-7.025343943619206,5.630998405589151,-0.6884875301225402,2.5221653168661398,-1.619035744616343,-0.2399463165097369,False,2.4000000000000004,0.025,0.02,0.02,1.0,0.1,0.06,0.0,40,14
0.8942293580901746,-0.3897417848359073,0.146328201100628,13.706137936297376,98.5269820759374,-8.13490260596997,7.886396360116328,0.1988734825919396,-0.5230145697944373,-1.5962817124331783,-0.1815915637134368,False,2.4000000000000004,0.025,0.02,0.02,1.0,0.1,0.06,0.0,40,15
0.8965428107558648,-0.3974011602401652,0.1465062404842939,11.26364753619713,-61.701090185323984,-7.827900336864321,6.841316199604655,-1.714679955531293,2.212975363193813,0.9210996190962448,-0.1644945706526037,False,2.4000000000000004,0.025,0.02,0.02,1.0,0.1,0.06,0.0,40,16
0.8888560405417314,-0.3860348083078048,0.1501480145748931,12.687366601609012,67.42223282261398,-6.872089769369099,7.347674454340804,0.5312748598758641,-1.1045347238872831,-0.3025186657394503,-0.2213692142279097,False,2.4000000000000004,0.025,0.02,0.02,1.0,0.1,0.06,0.0,40,17
0.8906568879635913,-0.3800311147082315,0.1431516168530321,13.869996703057414,-4.77667532088212,-5.661201117495084,7.287434387817987,0.6764726761538062,-1.022598239094426,-0.0379502373390696,-0.1796988462466864,False,2.4000000000000004,0.025,0.02,0.02,1.0,0.1,0.06,0.0,40,18
0.8940787107308911,-0.3898221759381732,0.1425769387011395,15.0146089811922,-36.86463687748114,-8.247268300775492,8.585367674771916,-0.1959644603870576,2.350330904983267,-0.2919716967200352,-0.151397564713647,False,2.4000000000000004,0.025,0.02,0.02,1.0,0.1,0.06,0.0,40,19
0.894454724150164,-0.3902656944396585,0.1432456340889027,11.779510450805091,51.43229892297731,-7.10775823668207,6.34822485974882,0.3677854394028736,0.1942870033209951,-1.2315384435414332,-0.1556601226070315,False,2.4000000000000004,0.025,0.02,0.02,1.0,0.1,0.06,0.0,40,20
0.8938001092290907,-0.3871483670970492,0.1542473234474003,11.65548548685586,-31.08262871792716,-7.061303723537591,7.001047709820794,0.5840047234211636,-1.7169448946711747,1.7574275592104258,-0.2511944999925394,False,2.4000000000000004,0.025,0.02,0.02,1.0,0.1,0.06,0.0,40,21
0.8896775424482772,-0.3813618876249914,0.129502967790086,14.206645751565354,15.156132502297355,-8.645597146178309,6.771555721487825,-0.157187212664275,-0.5090139477530231,-0.8617017110281262,-0.0673745594738128,False,2.4000000000000004,0.025,0.02,0.02,1.0,0.1,0.06,0.0,40,22
0.8923793343045086,-0.392107763773757,0.1345917346849198,13.152920870371965,72.28734302295724,-8.765364331751133,7.545839337434124,0.5730766203287252,1.5464086760605988,0.3769158699633728,-0.0821324843640717,False,2.4000000000000004,0.025,0.02,0.02,1.0,0.1,0.06,0.0,40,23
0.8916932622294412,-0.3873145774601919,0.1591537522459908,12.3760043450834,-5.190684058526017,-6.988150011819615,7.7657054714847105,0.0230513955243676,-0.0083955426111486,-4.224278929229724,-0.2901734363296998,False,2.4000000000000004,0.025,0.02,0.02,1.0,0.1,0.06,0.0,40,24
0.8922257568545939,-0.3808594246962166,0.148208858158602,13.855940082761052,7.433000128522117,-7.016628222125068,5.973150417089716,-0.9878761173593382,1.4726848080166697,1.1828588145080263,-0.2180747005866206,False,2.4000000000000004,0.025,0.02,0.02,1.0,0.1,0.06,0.0,40,25
0.8882343610644551,-0.3784522706182058,0.1484767371272956,14.569098840937295,102.12561153233602,-8.409504575816001,7.398926745022573,-0.2068129813165604,1.9507573902523516,-0.6412053328836045,-0.2262343858708044,False,2.4000000000000004,0.025,0.02,0.02,1.0,0.1,0.06,0.0,40,26
0.8887903778553778,-0.3884615088467829,0.1421433500352883,13.002761037134334,40.94376057786887,-8.91693981461123,8.252663561377936,0.754888067186378,0.3932482352169755,-2.487847288175168,-0.1515117563787051,False,2.4000000000000004,0.025,0.02,0.02,1.0,0.1,0.06,0.0,40,27
0.882796347414109,-0.3783950223689801,0.1376590005741053,12.52342619104664,72.04951772127441,-6.159073594650274,6.243727727572025,0.2419170875033551,0.9174171452261516,-0.1970460246663234,-0.1401561700624438,False,2.4000000000000004,0.025,0.02,0.02,1.0,0.1,0.06,0.0,40,28
0.8938884236602201,-0.3916769780028144,0.1388309564078796,12.657213297612218,0.896387735147087,-8.754636112527715,5.721487457011571,-0.9331592855166791,-0.1290205942528439,-1.952993997301278,-0.1169895986366699,False,2.4000000000000004,0.025,0.02,0.02,1.0,0.1,0.06,0.0,40,29
0.8845470159604951,-0.3848617614067485,0.1597695126777748,13.543430925813784,77.34502952938348,-6.344521611533937,5.163294977877885,-1.1145405841006275,2.101117605397089,-0.0366531159253114,-0.3014150530883731,False,2.4000000000000004,0.025,0.02,0.02,1.0,0.1,0.06,0.0,40,30
0.8898666722407381,-0.3833146042133967,0.1507231635053837,13.83561123341058,30.562583069885903,-8.487963954357904,7.949868397273452,-2.7825541486783907,1.7433514236126657,-2.882208783769401,-0.2324382575964734,False,2.4000000000000004,0.025,0.02,0.02,1.0,0.1,0.06,0.0,40,31
0.887345394978101,-0.3970597949307815,0.1471721090953256,13.75397913164763,74.30861969806489,-7.95457958216554,8.516465002835279,0.4437809409402935,3.0948488329753614,-0.9793758387325872,-0.1711926412300435,False,2.4000000000000004,0.025,0.02,0.02,1.0,0.1,0.06,0.0,40,32
0.8867454067280386,-0.3889177973813427,0.1526416754523272,13.62600824480749,109.49559571574258,-8.020105614315774,7.837523026961147,0.0802207545293194,-0.7085014577623734,-0.8759230374790445,-0.2345259654997135,False,2.4000000000000004,0.025,0.02,0.02,1.0,0.1,0.06,0.0,40,33
0.8890062182762964,-0.385074057764533,0.1473479764161848,11.46758238331642,35.64734305270234,-5.7647617798665625,8.464008279593509,-1.90109736554452,0.3455866569256143,-2.069410299419677,-0.2012656995980216,False,2.4000000000000004,0.025,0.02,0.02,1.0,0.1,0.06,0.0,40,34
0.887018607546891,-0.3939309834978898,0.1337591466107839,14.214749617546133,43.09820246749195,-7.295151442848505,6.167711841434545,-1.4138196417028204,1.293451164018533,-1.1816662115342145,-0.0714176960385227,False,2.4000000000000004,0.025,0.02,0.02,1.0,0.1,0.06,0.0,40,35
0.8914659939680903,-0.3870582713982148,0.1293515254514877,13.205456532863789,-9.250332200450307,-9.619174226716922,5.878290705403956,-1.1309525657163813,1.627557162720273,-0.8170949218590442,-0.0523843926181012,False,2.4000000000000004,0.025,0.02,0.02,1.0,0.1,0.06,0.0,40,36
0.8953492597570101,-0.3972095257347388,0.1459821727522914,14.975197348716666,-10.415632072456724,-8.269615373470328,4.650417927025684,-2.2879185320093125,3.3438687534821647,0.2950559175507274,-0.1608335646695384,False,2.4000000000000004,0.025,0.02,0.02,1.0,0.1,0.06,0.0,40,37
0.8833085969027227,-0.4041999858752863,0.1534439725369017,12.038782141930795,40.94928631127262,-8.11190519269487,8.777609481669657,-0.077831630576429,-2.2672940459086277,-1.4744859749243255,-0.2044732983803641,False,2.4000000000000004,0.025,0.02,0.02,1.0,0.1,0.06,0.0,40,38
0.8912313212085617,-0.3972671484326986,0.1390927319374813,13.403521163803743,26.52387828174757,-8.894103845143576,7.8936075773893,-0.213776824807933,0.7513504296338396,0.1966263907671162,-0.1058268199888603,False,2.4000000000000004,0.025,0.02,0.02,1.0,0.1,0.06,0.0,40,39
0.8859011359938579,-0.3905425476744976,0.1296659049138299,15.09405153480311,12.974567207209596,-7.546250342616647,5.577809242779421,0.5145584299285946,-0.399420768468262,0.9035474686080538,-0.0468710567322139,False,2.4000000000000004,0.025,0.02,0.02,1.0,0.1,0.06,0.0,40,40
0.8813618662598234,-0.3819034089063506,0.1581091737606248,13.878828183855182,57.59480236589597,-7.150401213868314,7.633183992860701,-0.1444362163370744,1.421409145678515,0.8161235376291498,-0.2954234967341682,False,2.4000000000000004,0.025,0.02,0.02,1.0,0.1,0.06,0.0,40,41
0.8882052848387599,-0.3905518502257045,0.1343870002402082,12.767090069279597,90.60745645082623,-6.576304706714179,7.753248129892593,0.8457584038964376,1.4312858149328695,-0.424848460913128,-0.0844792442896498,False,2.4000000000000004,0.025,0.02,0.02,1.0,0.1,0.06,0.0,40,42
0.8886198918749324,-0.3841708768153815,0.1345014185027958,12.93310075466233,1.813270472414644,-9.323187071812654,7.204327722272927,-0.430160123423122,0.4238608011723932,-1.2258976012387863,-0.1006840501529549,False,2.4000000000000004,0.025,0.02,0.02,1.0,0.1,0.06,0.0,40,43
0.8903643405625709,-0.3922400641770352,0.1525115522486606,12.699642154367137,32.722385480418595,-7.492206376934091,8.614892475380573,0.3604537022690346,-0.4900666075962938,0.1242501946082939,-0.2252944035306461,False,2.4000000000000004,0.025,0.02,0.02,1.0,0.1,0.06,0.0,40,44
0.8900678732111028,-0.3837497580514575,0.1390962181831303,12.48382295916299,19.306397021764614,-6.515969493588048,7.329851070255759,-0.2399191266700402,-0.9539119793660178,-0.7710721347131808,-0.1383662537488788,False,2.4000000000000004,0.025,0.02,0.02,1.0,0.1,0.06,0.0,40,45
0.891111955688416,-0.3820736613557967,0.1379303561559719,14.167684574634595,-4.57504693183899,-6.44808982877729,8.658469923471685,-0.837956739728084,0.6008598141059074,-0.4970596775000682,-0.1329993446525587,False,2.4000000000000004,0.025,0.02,0.02,1.0,0.1,0.06,0.0,40,46
0.8903244006936083,-0.385222957714438,0.1498586942038015,13.593337711618464,25.989060499964243,-6.5556438508389405,5.964817706397076,1.38470621114831,2.362531341179188,0.2241947124859007,-0.2209149910741452,False,2.4000000000000004,0.025,0.02,0.02,1.0,0.1,0.06,0.0,40,47
0.8866738391594894,-0.3988274278661337,0.1730202558175279,13.279690041811143,84.0998048381056,-7.517462028206507,8.886745946469453,-0.3755911677408159,0.7224011953020906,-1.2140607519404172,-0.3737757893119338,False,2.4000000000000004,0.025,0.02,0.02,1.0,0.1,0.06,0.0,40,48
0.8929416081975469,-0.3927331700523834,0.1532200933388676,12.625444293180877,15.587648900499186,-7.329743679157591,7.002019968903899,-1.0819138901150311,1.4320463593179522,-0.0397416763616629,-0.2296246420933686,False,2.4000000000000004,0.025,0.02,0.02,1.0,0.1,0.06,0.0,40,49
0.8853665208414573,-0.3837329567771828,0.1373497133782918,12.852276376824456,-43.28905914739814,-7.959681208507624,7.14730220522776,-0.450964940353858,-0.1438513108254313,-1.6512763972653857,-0.1247166195106088,False,2.4000000000000004,0.025,0.02,0.02,1.0,0.1,0.06,0.0,40,50
0.8867031935663136,-0.3913031096926851,0.145773606933046,11.434692624698592,46.51942365764543,-8.916027266429836,7.441710693555444,0.9265107035028288,-1.031638055671228,-2.103947824704838,-0.1738592005879455,False,2.4000000000000004,0.025,0.02,0.02,1.0,0.1,0.06,0.0,40,51
0.8856948342539228,-0.3875841745286583,0.1258980676764239,13.303225899265993,67.39406092124356,-9.91155490991795,7.867764741161556,0.5732202514955951,3.147697438825292,0.0667475538103925,-0.0238408324873766,False,2.4000000000000004,0.025,0.02,0.02,1.0,0.1,0.06,0.0,40,52
0.8878862933373073,-0.3921821025958913,0.1299484912077127,13.01853004959124,59.26194750988945,-8.700322227140703,8.545013558631515,0.0305417454899294,1.457920320002234,-2.512672289805132,-0.0450777058313246,False,2.4000000000000004,0.025,0.02,0.02,1.0,0.1,0.06,0.0,40,53
0.8882312702815618,-0.3934560233178915,0.1391228525931704,14.055905872879196,54.14084776119646,-7.280047902200089,6.86405579085176,0.67777723382321,2.473764375881874,-2.040023704393969,-0.1153944885655308,False,2.4000000000000004,0.025,0.02,0.02,1.0,0.1,0.06,0.0,40,54
0.8933775504346199,-0.3830900378708016,0.1509192935628019,14.646580906537473,-72.73228499378507,-7.565328463138247,8.664311361065886,0.060021434601831,0.0584746381597409,0.7776878638037519,-0.2343356045864151,False,2.4000000000000004,0.025,0.02,0.02,1.0,0.1,0.06,0.0,40,55
0.8854822257991065,-0.384890239328328,0.1608572945038847,12.780999233084554,58.74157978076392,-5.745040602822164,5.716896159495724,-0.6083830983642007,0.3162416293237533,-0.3797578395129108,-0.3099928480951445,False,2.4000000000000004,0.025,0.02,0.02,1.0,0.1,0.06,0.0,40,56
0.8851537255559722,-0.398637603456944,0.1522686665542598,11.334965646476029,103.99778736251974,-8.90300456256425,8.286276612368354,-0.851008161866997,1.9280207635622089,-2.475633868486706,-0.2083098606040549,False,2.4000000000000004,0.025,0.02,0.02,1.0,0.1,0.06,0.0,40,57
0.8874042123443688,-0.3803037865319267,0.1619905760098584,12.639569666240185,101.06844429085776,-9.500282829861389,6.235281239332589,-0.3799994698988898,-1.3358391651897272,-0.6763492803019298,-0.3299512676615816,False,2.4000000000000004,0.025,0.02,0.02,1.0,0.1,0.06,0.0,40,58
0.8899878319089943,-0.392576385181612,0.1601858266386105,13.727674951749798,8.230971249564845,-8.243948155675353,7.063113608150083,0.4314063176836122,-1.098442232209638,-0.3751820917177353,-0.2859040187584762,False,2.4000000000000004,0.025,0.02,0.02,1.0,0.1,0.06,0.0,40,59
0.8924407720987025,-0.3938930291267052,0.1292518902573305,13.190645841348251,-50.31367653910901,-7.892997537515919,7.466592467166189,-1.8723385916525048,2.812872655897852,-0.1148639808828662,-0.0351254058286298,False,2.4000000000000004,0.025,0.02,0.02,1.0,0.1,0.06,0.0,40,60
0.889833375643061,-0.3867560191423733,0.1364893859284211,12.78375906710616,30.250694383550005,-9.777551394637062,5.958410280250623,0.2383656842705925,0.9160531055173712,-1.424133233314702,-0.11031063894709,False,2.4000000000000004,0.025,0.02,0.02,1.0,0.1,0.06,0.0,40,61
0.8931304598434694,-0.3964697037152254,0.1541713607937703,14.219136474813237,-47.80035179745547,-7.335139321239428,7.8130782925390525,-1.6215110086393938,2.06848601231861,-1.049355702771304,-0.2282557698430136,False,2.4000000000000004,0.025,0.02,0.02,1.0,0.1,0.06,0.0,40,62
0.8861797818314505,-0.3895970665390284,0.1625705524659339,14.417159535526446,51.286073060611926,-7.284228311381803,7.650363490480419,-0.9536044587622516,1.1142131914252196,-2.6093070859158205,-0.3123606731239167,False,2.4000000000000004,0.025,0.02,0.02,1.0,0.1,0.06,0.0,40,63
0.8914047903113508,-0.3847720631344222,0.1432208917674131,14.486468906285722,-52.08138918280631,-7.877616606919853,7.548818941789756,0.3680191894079763,0.0408112952122183,-1.0976992844739957,-0.1688298951980109,False,2.4000000000000004,0.025,0.02,0.02,1.0,0.1,0.06,0.0,40,64
0.8948884402667195,-0.3944844695189718,0.1497962131960441,13.38820296159444,-45.31234068046314,-7.846037331964631,7.355489044578137,-0.1731261125413723,-0.5216343324986052,-2.0954207746240603,-0.197913672306818,False,2.4000000000000004,0.025,0.02,0.02,1.0,0.1,0.06,0.0,40,65
0.8995842633403278,-0.3926460764044168,0.120842919054374,12.279410771188976,-20.91977848317267,-9.1328029933765,7.557332692616548,1.462812193473482,0.0354609295583783,-1.318694359994036,0.0295822867360273,False,2.4000000000000004,0.025,0.02,0.02,1.0,0.1,0.06,0.0,40,66
0.8888685384435151,-0.3805104904973984,0.1230642459262192,13.390138821521337,4.444943024857139,-8.13583639496936,8.434307350968918,-1.3913294568700845,0.658242600645865,0.3865795745505744,-0.0179566779093873,False,2.4000000000000004,0.025,0.02,0.02,1.0,0.1,0.06,0.0,40,67
0.8834843228261634,-0.395582396061803,0.1457090278263647,13.598328249928702,118.85189744890246,-8.438995462655793,7.789986371016325,-0.7118082632995886,2.024188534262672,0.4772368484523603,-0.1632654126930213,False,2.4000000000000004,0.025,0.02,0.02,1.0,0.1,0.06,0.0,40,68
0.885558650794417,-0.3858607165523034,0.1413415778488044,12.776470790185318,-6.906674079421151,-8.344830885318059,4.160484004577689,-0.5861344841377263,2.328693821158467,1.4557005816419628,-0.1515333840172424,False,2.4000000000000004,0.025,0.02,0.02,1.0,0.1,0.06,0.0,40,69
0.894627283684826,-0.3973867086033781,0.1487510480132553,12.161821834119058,58.425843694681305,-7.202098004166468,6.663704123182457,-2.054309628703409,-0.4077018581314728,0.532448640198425,-0.1826026464368459,False,2.4000000000000004,0.025,0.02,0.02,1.0,0.1,0.06,0.0,40,70
0.8852074319160632,-0.3813633728561267,0.1511658977554584,13.853530998120409,74.28987576001235,-7.837074050669843,8.887925839822977,-0.046455187486522,0.9794315065538756,0.5155353434361789,-0.2409426412739997,False,2.4000000000000004,0.025,0.02,0.02,1.0,0.1,0.06,0.0,40,71
0.8877766999946749,-0.3892501122363918,0.1417443268068827,14.809716671990694,2.1574273536540574,-8.771560332357424,8.11509678706688,-0.0981699163049023,1.7546942052259586,-3.112679263583504,-0.1464877430880413,False,2.4000000000000004,0.025,0.02,0.02,1.0,0.1,0.06,0.0,40,72
0.8909056120723625,-0.4041523756232338,0.1577513675591213,13.353318569645316,21.89807601637454,-6.414889432972061,6.302953635053319,-1.3997545554999684,-0.9840007552520428,-1.838333750478302,-0.2385909022528676,False,2.4000000000000004,0.025,0.02,0.02,1.0,0.1,0.06,0.0,40,73
0.8897457519853947,-0.3897252522946512,0.1339211724997267,13.517198157059209,27.62320369306215,-7.956553074269173,6.743578754970509,0.1361385667630719,0.4178762571172658,-0.6545255037142605,-0.0826440293715272,False,2.4000000000000004,0.025,0.02,0.02,1.0,0.1,0.06,0.0,40,74
0.8915262002445266,-0.3933003392189547,0.1525830177711419,13.892658902226811,16.979626115494593,-8.274924947451371,7.751678881965541,-2.097719446048364,-1.0637037420533768,0.3600299535633646,-0.2232517560289729,False,2.4000000000000004,0.025,0.02,0.02,1.0,0.1,0.06,0.0,40,75
0.8927211200510746,-0.3903111113276367,0.1433629750777023,13.537091319695376,-72.51261287201578,-6.785488756226753,7.078602693088,-2.4907161208095685,0.4877136771111776,-2.811336968857258,-0.1565938662322262,False,2.4000000000000004,0.025,0.02,0.02,1.0,0.1,0.06,0.0,40,76
0.8916889783461058,-0.3990021371345069,0.1428322391340833,12.935845899158585,-18.542376511684672,-6.9696599486407225,7.331645160579331,-0.0954454566832474,0.1703660418870556,0.830684385306633,-0.1315514452490844,False,2.4000000000000004,0.025,0.02,0.02,1.0,0.1,0.06,0.0,40,77
0.888863251292364,-0.3886531265977619,0.1342139188515276,13.28840729485716,40.24193709538734,-7.848499973460923,5.14387616363992,0.3732368160831125,2.020691117912703,0.3180397618233916,-0.0876120519000508,False,2.4000000000000004,0.025,0.02,0.02,1.0,0.1,0.06,0.0,40,78
0.8873916062671299,-0.3765445361689285,0.1719726876406354,12.877235732832233,104.828257557859,-6.614126737184567,6.941666064619506,-1.6383649276537438,-3.7558797895820617,0.310612995741331,-0.4188311179436278,False,2.4000000000000004,0.025,0.02,0.02,1.0,0.1,0.06,0.0,40,79
0.8891029063902756,-0.3960850590455231,0.1492868209866042,11.99267292111909,46.55532830725738,-6.712111714419288,7.995212470951079,0.2330954238732143,-0.482097644793849,-0.2220496000134391,-0.1903442518001621,False,2.4000000000000004,0.025,0.02,0.02,1.0,0.1,0.06,0.0,40,80
0.8925828394645065,-0.3825930427893048,0.1333909155538404,13.423089637303072,-68.24488266573644,-8.33093702151005,7.89889362661501,-0.7178083123989323,0.2453135603001572,-1.4289075340531483,-0.0953490513685215,False,2.4000000000000004,0.025,0.02,0.02,1.0,0.1,0.06,0.0,40,81
0.8824946360678437,-0.3823505676583402,0.145610436649692,12.745415790877177,-37.3407502883645,-8.512684613595724,5.60619763177646,0.3726698160492288,1.1254231197743216,0.4295320665078637,-0.194292452653449,False,2.4000000000000004,0.025,0.02,0.02,1.0,0.1,0.06,0.0,40,82
0.8852984374809653,-0.3821540158171911,0.1408508697926945,12.721107544049133,65.23851442142879,-6.463454573851857,8.29763918488403,-0.9912382312204074,0.5815968961277522,1.5298227502677242,-0.1565194141314401,False,2.4000000000000004,0.025,0.02,0.02,1.0,0.1,0.06,0.0,40,83
0.8903013986960885,-0.3875305111879487,0.1508504393068864,12.983485736983068,29.510238565890024,-7.287164246926832,7.627361720262944,-0.116712254095074,2.076522782061037,-0.2007392917285484,-0.2233122036822497,False,2.4000000000000004,0.025,0.02,0.02,1.0,0.1,0.06,0.0,40,84
0.8855056413354134,-0.3876545922497072,0.1517450905864162,14.459823855833752,68.28738677243192,-9.112312913123864,5.0975539045578815,-0.7252007366117958,2.315625281523234,-0.3136599307474492,-0.2304593648119083,False,2.4000000000000004,0.025,0.02,0.02,1.0,0.1,0.06,0.0,40,85
0.8921110019762253,-0.3845767342748556,0.1340851684267988,12.708854321945356,-22.37755072966032,-8.017614452275607,6.863198601691064,-0.1520428176423458,1.3715312296169635,-1.499950580518207,-0.0961705250361643,False,2.4000000000000004,0.025,0.02,0.02,1.0,0.1,0.06,0.0,40,86
0.8918806114992822,-0.3920270429223922,0.1493284693966211,13.808524174923278,71.90475997837902,-7.667904210268631,5.729201322410998,1.4599059752458463,-0.6444731623495681,-1.6534961292351322,-0.2002500154692714,False,2.4000000000000004,0.025,0.02,0.02,1.0,0.1,0.06,0.0,40,87
0.8906912938757996,-0.3965930890849218,0.1518280249078822,13.809816444037043,13.67232323598283,-7.362051771557295,7.780923688570722,-1.7110258739561108,0.8892200257427758,0.8927238296006146,-0.2093593078266982,False,2.4000000000000004,0.025,0.02,0.02,1.0,0.1,0.06,0.0,40,88
0.8874072824638072,-0.3967061094109967,0.1455880520062408,13.95217852311414,2.5848231585566097,-4.431974048917476,6.437501858907558,0.0669936659288334,-1.3766270234349052,-0.943562841544531,-0.1593653165157063,False,2.4000000000000004,0.025,0.02,0.02,1.0,0.1,0.06,0.0,40,89
0.8871185442965316,-0.3905046712981158,0.1767608734222601,13.599530129819309,10.481211076302364,-9.141322308081657,8.609348184968054,-1.7813947956378295,0.9074878173124756,0.1809173510020265,-0.4236486636048113,False,2.4000000000000004,0.025,0.02,0.02,1.0,0.1,0.06,0.0,40,90
0.8861281284714058,-0.3938364501466589,0.1525116430954804,12.636842403748714,44.81147460239661,-8.265782111871365,6.200278599548918,-0.2832535037728019,0.750626665940366,1.6694940915044412,-0.2217179767035777,False,2.4000000000000004,0.025,0.02,0.02,1.0,0.1,0.06,0.0,40,91
0.8889516500527757,-0.3808135566359746,0.1635156131558726,12.853050257810471,11.482768825116288,-6.008606258994576,8.483003415021871,2.143128608347136,-0.4331157251134208,-1.6441767416626945,-0.3408352703174757,False,2.4000000000000004,0.025,0.02,0.02,1.0,0.1,0.06,0.0,40,92
0.8878648161384178,-0.3890529527606522,0.1372551255035796,13.406397540139393,95.63949435577088,-8.570668270890344,7.076428325907832,-1.4554586779137229,-0.2887042486330506,0.112032296898259,-0.1110420284347672,False,2.4000000000000004,0.025,0.02,0.02,1.0,0.1,0.06,0.0,40,93
0.8799045011849062,-0.3788181972462485,0.1591773932842163,11.91210658537106,37.97797185988552,-6.669957380145609,8.414263617324712,0.0311297875946103,-1.543635108138099,-0.5124147989242549,-0.3114612028116401,False,2.4000000000000004,0.025,0.02,0.02,1.0,0.1,0.06,0.0,40,94
0.8964334866710796,-0.3908999349466557,0.1369783936494633,13.62223981183408,-41.213401900039706,-9.970322318610766,7.114682890012527,0.1520929462096354,1.3781638605710698,-0.9324762770614016,-0.1038812961234686,False,2.4000000000000004,0.025,0.02,0.02,1.0,0.1,0.06,0.0,40,95
0.8873811290441574,-0.3894532668011863,0.1486238566865157,14.040315676465609,23.688999840399237,-9.995766040159667,6.100647051679987,-1.2116829890630567,1.3640462276198688,-0.5058544606654367,-0.2010601454266294,False,2.4000000000000004,0.025,0.02,0.02,1.0,0.1,0.06,0.0,40,96
0.894457526072959,-0.3940500602238134,0.1374233021445088,12.371798944654868,56.857953208944274,-7.824565862047958,5.994478469452525,0.5024200239012355,-0.7837274587524923,1.7863124411808653,-0.0999988210545407,False,2.4000000000000004,0.025,0.02,0.02,1.0,0.1,0.06,0.0,40,97
0.8901307576845,-0.3933123275912131,0.1494475002418009,14.735255068494697,101.73617689540472,-6.372896111438456,8.032109814939819,-2.0557165590550053,-0.5377958346913378,-1.6958533471776052,-0.1982225702544258,False,2.4000000000000004,0.025,0.02,0.02,1.0,0.1,0.06,0.0,40,98
0.8833370596793544,-0.3879769170377458,0.1626502851494104,12.80344648962623,48.57182330472172,-8.847998510351456,8.36422963480767,-0.9484492217632028,-1.4202082471961517,-2.0376565065080934,-0.3170574567239324,False,2.4000000000000004,0.025,0.02,0.02,1.0,0.1,0.06,0.0,40,99
3.945245859411323,-1.0012981611760856,0.008513684609784,-0.664221309957755,85.20632261388285,-1.0048219700299974,0.577008423041729,-0.3871939481609199,0.2313125222626406,-0.2725634233592746,0.0,True,2.4000000000000004,0.025,0.02,0.02,1.0,0.1,0.06,0.0,44,0
3.9479882533249855,-0.9910849232517648,0.0140970913746469,-0.0524786423304064,39.02304404241012,-0.6779066649885088,0.6906177610477613,0.8393618850755724,-0.9345850104737936,0.4920404680846926,0.0,True,2.4000000000000004,0.025,0.02,0.02,1.0,0.1,0.06,0.0,44,1
3.947967535753074,-0.9935314307952816,0.0085232883865112,0.0212390455646023,29.98537280778608,-1.2635374876723129,0.7554336747890353,1.1299658399080283,-1.9105770723609727,-0.9166545608697144,0.0,True,2.4000000000000004,0.025,0.02,0.02,1.0,0.1,0.06,0.0,44,2
3.946796200760606,-0.9967659086996452,0.0066211429261341,0.0460283007441475,41.58048990281749,-0.909208042644682,1.1058247842318636,-0.5487811920462875,-0.1762972172458199,1.093253285807871,0.0,True,2.4000000000000004,0.025,0.02,0.02,1.0,0.1,0.06,0.0,44,3
3.946698914340871,-0.9986187601757642,0.0116090434569686,0.0676545598063498,0.2710409947495762,-0.8983779113920143,1.1589004542769883,0.4277420117176784,-0.6788251850296074,0.056041893725415,0.0,True,2.4000000000000004,0.025,0.02,0.02,1.0,0.1,0.06,0.0,44,4
3.9487406958155375,-0.9975076395286764,0.0056952601930473,0.529235360934937,13.527393462857807,-1.0468160833040017,0.5311322765117943,1.5064556864808225,0.0468969657147737,-0.2564720464661336,0.0,True,2.4000000000000004,0.025,0.02,0.02,1.0,0.1,0.06,0.0,44,5
3.94516047537074,-1.004445925601969,0.0147882713407076,0.0163632233761532,36.2967129869659,-1.3531534380659949,0.7446114212759944,0.4649716049216736,-0.1688721923407787,0.4679539348788077,0.0,True,2.4000000000000004,0.025,0.02,0.02,1.0,0.1,0.06,0.0,44,6
3.946595326735929,-0.9989902499665,0.0067865052631419,-0.0548405500353936,12.244767240166771,-0.583991019914528,1.6189200230848684,0.7256396800266741,0.8690736626454516,0.8175593153893721,0.0,True,2.4000000000000004,0.025,0.02,0.02,1.0,0.1,0.06,0.0,44,7
3.947960219088636,-0.9967141820338244,-0.0082372530290573,0.5256858407173812,41.62772038324376,-1.6885345571185295,0.6743039262673243,-0.0031009886638615,-1.2775567530226368,-0.2356224862233573,0.0,True,2.4000000000000004,0.025,0.02,0.02,1.0,0.1,0.06,0.0,44,8
3.9487637783698912,-0.9965640284755924,0.0016220501177966,0.1934762664735867,23.000494074787703,-0.9536431978593214,0.8655767036325948,1.2331822237817034,-0.1151039724338383,0.1398668545094943,0.0,True,2.4000000000000004,0.025,0.02,0.02,1.0,0.1,0.06,0.0,44,9
3.9480128830247945,-0.9972332292821072,0.0141398119060077,0.0455029852018142,3.884448687778484,-0.8128913115905405,0.7724736885498196,1.6339705639818345,0.4116194960763772,0.1617420574053278,0.0,True,2.4000000000000004,0.025,0.02,0.02,1.0,0.1,0.06,0.0,44,10
3.946065034640512,-1.0007002089982928,0.0071580452262601,-0.5327675332568944,136.2070151322989,-1.6140299957166562,0.364747022351203,0.6385413071153307,1.32975060434234,0.5983909349611771,0.0,True,2.4000000000000004,0.025,0.02,0.02,1.0,0.1,0.06,0.0,44,11
3.946555422942195,-0.9960531693858808,0.0061937946190852,-0.7513028796558352,57.82279997228064,-0.648602162711633,0.3785496075013093,0.4539808826126954,0.0239464327608627,0.0204252172658305,0.0,True,2.4000000000000004,0.025,0.02,0.02,1.0,0.1,0.06,0.0,44,12
3.9472124329848377,-0.9963930438280196,-0.0016022645697113,0.2962730880202215,35.647284929662234,-0.5117770526214827,1.273428853455421,0.4790007896771879,-0.1759253227909916,-0.4386020256216345,0.0,True,2.4000000000000004,0.025,0.02,0.02,1.0,0.1,0.06,0.0,44,13
3.9475465918009314,-0.9996386661347682,0.001128570715352,0.0075544425010569,37.8500806791854,-0.5983278772282645,1.3121860268170344,0.4256927393025389,0.613153760900873,0.0120862110872073,0.0,True,2.4000000000000004,0.025,0.02,0.02,1.0,0.1,0.06,0.0,44,14
3.9452173009991913,-1.0017269652683904,0.0200457627442954,-0.1512533782514058,104.48330211332603,0.0670485067903072,0.804552787256263,-0.0959934140857359,-2.070669391163848,0.9252235483747504,0.0,True,2.4000000000000004,0.025,0.02,0.02,1.0,0.1,0.06,0.0,44,15
3.9474923452904345,-0.9954089135929394,-0.001150533995391,-0.0023475392051288,16.406396837608657,-0.5497874364482875,0.2511582808910795,0.6291900138462002,-1.5906072240696876,0.4815269748722537,0.0,True,2.4000000000000004,0.025,0.02,0.02,1.0,0.1,0.06,0.0,44,16
3.9449283360923726,-0.9981210233310556,0.0134094506890928,-0.1217963644284605,95.36438220520358,-0.5961914464440383,0.5985087357443355,-0.8643158750917792,0.4426859946158616,0.3205978712791557,0.0,True,2.4000000000000004,0.025,0.02,0.02,1.0,0.1,0.06,0.0,44,17
3.945271339838736,-1.0008630591854282,0.0180356016946247,-0.1759952461876608,44.42571262336798,-0.9026120912764952,1.0914002404756005,0.3783937607373504,0.4010611735196963,0.2752021802147877,0.0,True,2.4000000000000004,0.025,0.02,0.02,1.0,0.1,0.06,0.0,44,18
3.9480185104596575,-0.998111283465394,-0.0048564055020623,-0.1879901209969023,30.037062875307328,-1.0701167057534136,0.9425882405203369,-0.0911938142441086,-0.5513944378703908,-0.0693060224358772,0.0,True,2.4000000000000004,0.025,0.02,0.02,1.0,0.1,0.06,0.0,44,19
3.945923878381617,-1.0025758585938498,0.0165338322134826,-0.5604724780433656,78.46000237603205,-0.8052499867452134,1.1085881076811894,0.2662094761456861,0.6058169220199772,0.1778742725334194,0.0,True,2.4000000000000004,0.025,0.02,0.02,1.0,0.1,0.06,0.0,44,20
3.9468109762439063,-0.9956823354299588,0.0311801248351297,0.6053548190753677,54.89641154493785,-0.9092488810672634,1.2924357821946837,0.0505777533884712,-0.8189941856717571,0.6459874355063464,0.0,True,2.4000000000000004,0.025,0.02,0.02,1.0,0.1,0.06,0.0,44,21
3.94519324068627,-0.9994621167985742,0.0099260113755905,0.3163109767968723,16.496761881900774,-1.2277776790338315,0.7088632430126118,0.3221014410344975,0.3526206060241561,-0.0107769304897988,0.0,True,2.4000000000000004,0.025,0.02,0.02,1.0,0.1,0.06,0.0,44,22
3.944722682707668,-1.005760976786579,0.008990565769165,-0.0277431402457661,101.52712684393754,-0.4236774206624076,0.900119162133528,-0.3205492891796773,1.912231893834687,0.7871654987831604,0.0,True,2.4000000000000004,0.025,0.02,0.02,1.0,0.1,0.06,0.0,44,23
3.946789911001877,-1.0059224085578615,0.0023996530146904,-0.1219280921797416,44.15026728060573,-0.9081997553580728,0.7641561788148792,-0.0982676469090688,-1.465688925485523,0.2975806321930356,0.0,True,2.4000000000000004,0.025,0.02,0.02,1.0,0.1,0.06,0.0,44,24
3.944370720722429,-0.996466723999954,0.0152713282200488,-0.2467634797728362,38.634233094365456,-0.907159206507508,0.8988414505434719,0.2552268110564089,-0.0935874005950738,0.4684540365534597,0.0,True,2.4000000000000004,0.025,0.02,0.02,1.0,0.1,0.06,0.0,44,25
3.946694472361918,-0.9985447026879624,-0.0004479300337312,0.1400332887786639,21.210864992697346,-1.0945336014987177,0.6604656091163719,-0.328280139355064,-1.3229960190001773,-0.3070495910956583,0.0,True,2.4000000000000004,0.025,0.02,0.02,1.0,0.1,0.06,0.0,44,26
3.948521446249059,-0.9979532856937764,0.0049887521542997,0.0688127664770359,18.795339220299443,-1.5972357560560475,0.4011423474775313,0.1640357975039759,-0.4687611673054173,0.0305312671889783,0.0,True,2.4000000000000004,0.025,0.02,0.02,1.0,0.1,0.06,0.0,44,27
3.9463718400068992,-0.9987457038922176,0.0144760166978739,0.0871441680796909,10.511870638627936,-0.9992864763118804,0.7370282826805798,0.0828401414346633,0.7538919024876214,0.0628503383750995,0.0,True,2.4000000000000004,0.025,0.02,0.02,1.0,0.1,0.06,0.0,44,28
3.945099838324556,-0.9979933904029592,0.0094907951485771,-0.1634739657400938,49.05422074206264,-0.6494167221599554,0.5476930033603509,-0.2272679903082326,-1.5819695899077448,0.4375037298313273,0.0,True,2.4000000000000004,0.025,0.02,0.02,1.0,0.1,0.06,0.0,44,29
3.947156817444006,-1.0022634039235263,0.0076332314752521,0.0307863821984835,17.904712564845287,-1.2827782558972023,0.5881399061019081,-0.8040792489697226,1.239998429396842,1.0457843449172235,0.0,True,2.4000000000000004,0.025,0.02,0.02,1.0,0.1,0.06,0.0,44,30
3.9483116537408423,-0.9944148146962792,0.0139246683101125,0.6600487083855402,57.52938088009692,-0.5984143288481363,1.250791150594914,1.847063589018365,-0.50483636454583,0.0422189434501611,0.0,True,2.4000000000000004,0.025,0.02,0.02,1.0,0.1,0.06,0.0,44,31
3.947094490777257,-1.0034657050583289,0.0020641186659275,0.4678739450349507,44.23614394798261,-0.8787542334676814,0.8992483930524422,0.5778881292728508,-1.1658098050706025,-0.671294381733262,0.0,True,2.4000000000000004,0.025,0.02,0.02,1.0,0.1,0.06,0.0,44,32
3.947434330464159,-0.9993155714017212,-0.0042279966520699,-0.0621811622097272,2.129651266813028,-0.479522905826574,0.7049640787799483,0.5513952017793956,0.3023018700937907,0.3491588933067673,0.0,True,2.4000000000000004,0.025,0.02,0.02,1.0,0.1,0.06,0.0,44,33
3.9484637120215456,-0.9959329451572164,0.0008446989266532,0.329229576555182,10.642447764629328,-0.5428558274911062,0.9678068894309249,-0.0264504924730575,0.354462830804465,0.0769964943487235,0.0,True,2.4000000000000004,0.025,0.02,0.02,1.0,0.1,0.06,0.0,44,34
3.946674552657626,-0.9993174306575292,0.0132077859022841,-0.2100918949054637,89.17137744089469,-1.1063140791915202,1.3031859657580576,0.7303544658444792,-0.8420021226719392,1.409705169473654,0.0,True,2.4000000000000004,0.025,0.02,0.02,1.0,0.1,0.06,0.0,44,35
3.947769859371272,-0.9968067320104564,0.0193986703104438,0.0529500674654492,59.50655131042205,-0.8690001470037885,1.0965268975655285,0.9245784330888664,0.0911101493419339,-0.0943753540692791,0.0,True,2.4000000000000004,0.025,0.02,0.02,1.0,0.1,0.06,0.0,44,36
3.947344705566656,-0.99257152058266,0.0045205724308648,-0.2258759699064327,47.86801539332862,-1.0116339776854666,1.9344438092142724,0.1886019773994254,-1.2533563717567624,0.5975558762170801,0.0,True,2.4000000000000004,0.025,0.02,0.02,1.0,0.1,0.06,0.0,44,37
3.9465904306193074,-1.0019228859719966,0.0026581155126831,0.0706610856537164,52.85173671241046,-0.6082935164196392,1.0401133912374867,-0.100249819296234,-1.4007502205788436,0.4464449326286916,0.0,True,2.4000000000000004,0.025,0.02,0.02,1.0,0.1,0.06,0.0,44,38
3.946964639604648,-0.9990212587153584,0.0027090583076613,-0.8093825733465394,41.15505718311528,-0.934985490888014,0.521564329293561,1.221100066473781,-0.359661016202935,1.7013190372790192,0.0,True,2.4000000000000004,0.025,0.02,0.02,1.0,0.1,0.06,0.0,44,39
3.951076177088948,-0.9959709554052344,-0.0012499282700588,-0.0988425756886517,0.7779821449453408,-1.2368333473816868,0.7690355795627859,-0.0412390085045386,-0.8275974293304591,-0.1522799164975725,0.0,True,2.4000000000000004,0.025,0.02,0.02,1.0,0.1,0.06,0.0,44,40
3.94837453174921,-0.999855424270289,-0.0013277576094943,-0.4371445095488635,52.33544365615239,-0.791673229974176,0.7320806712651979,0.715012835712126,-0.1200674073466729,-0.3175345209690201,0.0,True,2.4000000000000004,0.025,0.02,0.02,1.0,0.1,0.06,0.0,44,41
3.948991109093455,-0.998351268397288,-0.0013683245419005,0.0818749339737632,24.07273155582295,-1.3344384999323218,1.0085264282753954,-0.6559116546641188,0.5487464822773185,-0.1437318755448964,0.0,True,2.4000000000000004,0.025,0.02,0.02,1.0,0.1,0.06,0.0,44,42
3.9479876789790063,-0.9972351962014416,0.001062066670505,0.080423589037192,45.32789029487223,-1.0078277809629128,0.6699601203384447,0.045042239617866,-1.0142905052598516,0.4052714574029026,0.0,True,2.4000000000000004,0.025,0.02,0.02,1.0,0.1,0.06,0.0,44,43
3.944178102218634,-1.0033051454600654,0.0173723156322741,-0.3758633288836375,92.8736238961198,-1.0530356064136797,1.0689512411269,0.4622628383281617,0.7444174880806345,-0.0781739475143319,0.0,True,2.4000000000000004,0.025,0.02,0.02,1.0,0.1,0.06,0.0,44,44
3.9481965597989928,-0.9962947768667132,0.0121530280385118,0.3313001373736544,32.07544394441294,-0.6281348498051607,0.4209833713145769,1.220210433456507,-0.4150324718170664,0.3109948050740159,0.0,True,2.4000000000000004,0.025,0.02,0.02,1.0,0.1,0.06,0.0,44,45
3.948333317602663,-0.9996150686267722,-0.0002537172786699,0.4250182543861562,24.825259898281782,-0.9508747599629466,0.7628627228912421,1.5310748158955203,-0.655942867700019,1.1777917648249212,0.0,True,2.4000000000000004,0.025,0.02,0.02,1.0,0.1,0.06,0.0,44,46
3.948450198788653,-0.998870132898142,-0.0020702580006262,0.4451695621772398,70.42500850188267,-0.6612520398046868,1.6744809486459395,0.0927923531820977,-0.302451361131296,-0.2399116603601996,0.0,True,2.4000000000000004,0.025,0.02,0.02,1.0,0.1,0.06,0.0,44,47
3.947346399842452,-0.9981780119129816,0.0126757126998812,0.1322250495218231,35.54134778550342,-1.2516996065213526,0.2395123519037092,0.0093278772146623,-0.7923833582423967,0.1434533237471109,0.0,True,2.4000000000000004,0.025,0.02,0.02,1.0,0.1,0.06,0.0,44,48
3.946486952384108,-1.0013159112653114,-0.0029020244371445,0.1301551980237629,80.67942791040416,-1.0529255675855396,0.0701368942156364,0.2916558507617062,-0.4555022314511667,-0.4462274774661265,0.0,True,2.4000000000000004,0.025,0.02,0.02,1.0,0.1,0.06,0.0,44,49
3.945943113121858,-1.0023042806958546,0.0090323180018533,-0.6988162065226415,77.54043826512287,-0.7700960399479122,0.6942786658468627,-0.4994852598291335,1.1114114465270322,-0.1433645193606971,0.0,True,2.4000000000000004,0.025,0.02,0.02,1.0,0.1,0.06,0.0,44,50
3.9451334516267074,-0.9976651574699252,0.0347580933586857,0.1741280527663402,38.09098025684034,-0.99532942906027,1.120801808238415,1.0164591250364046,-0.4765713682499806,0.6116725116840556,0.0,True,2.4000000000000004,0.025,0.02,0.02,1.0,0.1,0.06,0.0,44,51
3.9447538068686097,-0.9984450080745876,0.0155200627981224,0.1411764848587147,27.197152698556643,-1.1583289484944927,1.051210732593578,0.0279592698500312,-0.3095926832194946,0.0378561489382862,0.0,True,2.4000000000000004,0.025,0.02,0.02,1.0,0.1,0.06,0.0,44,52
3.947895556723217,-0.9970108415824152,0.0009139318566057,-0.2604785856241296,58.51291062202726,-0.9752268124209672,0.7737211734092604,-0.2421535668505008,-0.2302644335986263,0.0867177605231281,0.0,True,2.4000000000000004,0.025,0.02,0.02,1.0,0.1,0.06,0.0,44,53
3.9463832192689168,-0.9990609878555204,0.0041166939762491,0.1847444490290684,83.48677166938154,-0.6128409845762413,0.8737565063912207,-0.0043775107110379,0.3614090587875207,-0.3606846180108394,0.0,True,2.4000000000000004,0.025,0.02,0.02,1.0,0.1,0.06,0.0,44,54
3.947253218609829,-0.9946974995342116,0.0159698965549506,0.3482074482476953,66.63643197660612,-0.1942599376251621,0.7029139846308219,1.434062361929893,-0.6329260626003173,0.2278503041321,0.0,True,2.4000000000000004,0.025,0.02,0.02,1.0,0.1,0.06,0.0,44,55
3.94677517269952,-0.9993166661456296,0.0059815564543413,-0.4853107701585522,61.17842207331027,-0.7493541216021455,0.1630632283045407,-0.0130501777905678,-0.5365640700384153,-0.6196537529605366,0.0,True,2.4000000000000004,0.025,0.02,0.02,1.0,0.1,0.06,0.0,44,56
3.94740305050358,-0.9897141319134182,-0.008674033064616,-0.1127652527479767,47.33023675537525,0.2026688998869659,0.1452567784542537,0.7629671569938596,-1.2516597179629685,0.3816071709183872,0.0,True,2.4000000000000004,0.025,0.02,0.02,1.0,0.1,0.06,0.0,44,57
3.9462605758972216,-1.0074751644094604,0.0228665659144061,0.2581710883991182,48.06156209497162,-0.5825689131149616,1.2855439681741494,-0.1165115816523101,0.6540835267331531,-0.0183481999883778,0.0,True,2.4000000000000004,0.025,0.02,0.02,1.0,0.1,0.06,0.0,44,58
3.948079500740149,-1.000535681035782,0.0013761055518696,0.3501212378213729,-2.259724825899766,-0.7732710010767114,-0.1792742381739849,0.1020270158979663,-0.3023338421365915,-0.05706092650433,0.0,True,2.4000000000000004,0.025,0.02,0.02,1.0,0.1,0.06,0.0,44,59
3.9487969156544014,-0.9970391753573808,-0.0100447172957567,0.0281168107794194,5.368792218152963,-0.3564681994466951,1.1431364153787094,0.3900508532012305,0.1378165591768012,0.6174745227973326,0.0,True,2.4000000000000004,0.025,0.02,0.02,1.0,0.1,0.06,0.0,44,60
3.9486296691445286,-0.9997927882703712,-0.0063348412083708,-0.3080675814367453,24.529482212072523,-0.8944134309469121,1.195895119167858,-0.1761253117847676,-0.6191491086861021,0.9833359350063168,0.0,True,2.4000000000000004,0.025,0.02,0.02,1.0,0.1,0.06,0.0,44,61
3.946293755533746,-1.000489935480083,-0.0004419459984416,-0.0998644869479363,54.40226023171114,-1.363247657683818,-0.1666846686207002,0.0901467172402743,0.2281018058778965,-0.4433635982733506,0.0,True,2.4000000000000004,0.025,0.02,0.02,1.0,0.1,0.06,0.0,44,62
3.947618080907721,-0.9998125674533108,0.0072232591010788,-0.0241091662324635,19.849851387556992,-1.027325852683628,0.5415258463000967,1.7061845354587692,0.3978592691363531,0.9111335605338318,0.0,True,2.4000000000000004,0.025,0.02,0.02,1.0,0.1,0.06,0.0,44,63
3.9453641673356334,-1.0029312242805457,0.013015662339756,-0.4649882377206555,157.46107813778886,-0.8645989548097468,1.2460707963763404,0.9594260098389082,-0.2649254430907897,1.1689691029539593,0.0,True,2.4000000000000004,0.025,0.02,0.02,1.0,0.1,0.06,0.0,44,64
3.9453120333805054,-0.9973334316449164,0.0117412445434899,-0.582361001793771,30.208864337351372,-1.0939843374689744,0.8269669484683639,0.7698690025259163,1.5432680924077538,-0.906078310852978,0.0,True,2.4000000000000004,0.025,0.02,0.02,1.0,0.1,0.06,0.0,44,65
3.947438061041456,-0.997889727286396,0.0040927135272768,0.6208383979109406,5.076658888649831,-0.1987103651767157,0.5606221151879964,1.025009297777951,-0.7665383247223527,-1.1722440526154734,0.0,True,2.4000000000000004,0.025,0.02,0.02,1.0,0.1,0.06,0.0,44,66
3.948514987319109,-0.9970206005892188,0.0161391505293197,-0.0126032007589209,58.569399348603085,-0.867981541074478,1.0403024766623297,0.815070715463901,-0.3991839533993859,1.120694760272139,0.0,True,2.4000000000000004,0.025,0.02,0.02,1.0,0.1,0.06,0.0,44,67
3.946722155238009,-0.9963685260651188,0.0110355085684042,-0.0875576981386743,35.600194717466294,-0.7001934694596805,1.489641221064158,1.115464602727291,-0.8251479828547028,-1.342112217040458,0.0,True,2.4000000000000004,0.025,0.02,0.02,1.0,0.1,0.06,0.0,44,68
3.945233745013148,-0.99218465116485,0.0147524212379309,-0.0057644323380952,49.0294178866676,-0.8358793978263641,0.5461488902389142,1.011262647661349,-0.0425113687377227,0.1754108641989868,0.0,True,2.4000000000000004,0.025,0.02,0.02,1.0,0.1,0.06,0.0,44,69
3.9472285257045208,-0.9961398791886232,0.0009583727767984,0.3154691142636583,61.63571861820023,-1.0601101345389845,0.64492133148212,0.7604385134203968,0.3128999694196688,-0.2882783105048774,0.0,True,2.4000000000000004,0.025,0.02,0.02,1.0,0.1,0.06,0.0,44,70
3.9463263337816143,-1.003286710565752,-0.0010556639330721,-0.4431114512639524,63.70587561471511,-0.6606164889849175,0.8716838990769347,1.0082403922508236,0.7348867399163654,-0.6873040380896449,0.0,True,2.4000000000000004,0.025,0.02,0.02,1.0,0.1,0.06,0.0,44,71
3.945165205764236,-0.9983048052191518,-0.0005022749745496,-0.3108845699115026,35.190714281379734,0.0026772516373831,0.5388034343330546,0.4409454555343566,-1.0204096838971468,-0.4720500941065157,0.0,True,2.4000000000000004,0.025,0.02,0.02,1.0,0.1,0.06,0.0,44,72
3.947859701550838,-0.9976550489090288,0.0062765827753428,0.1073684024154459,31.30729338850896,-1.128200277138017,0.4446758966419892,0.8753026904386896,-1.5502332842601936,-0.4203788517850939,0.0,True,2.4000000000000004,0.025,0.02,0.02,1.0,0.1,0.06,0.0,44,73
3.9477316592909433,-1.002329809448608,-0.0057731034872757,-0.9993382589087894,100.28426169973208,-1.0764614478661123,0.6555168496295174,0.0640845818897788,0.2004453985903098,0.6094499705502647,0.0,True,2.4000000000000004,0.025,0.02,0.02,1.0,0.1,0.06,0.0,44,74
3.9470695671928695,-0.999127345832368,0.0140297060273196,-0.1068294454378762,55.63472943449399,0.045828266691867,0.8980694323066878,0.0831887998525533,-0.0124223924274708,1.3435232569554991,0.0,True,2.4000000000000004,0.025,0.02,0.02,1.0,0.1,0.06,0.0,44,75
3.946854410159401,-0.9969104084920256,0.0135368823876641,-0.4469257098448871,80.31481866329976,-0.6344961929478465,1.0559302739368448,0.0585266372170609,-0.2390165921466627,0.331791657912234,0.0,True,2.4000000000000004,0.025,0.02,0.02,1.0,0.1,0.06,0.0,44,76
3.9482021580824287,-1.0014239899879158,0.012208369123792,-0.0136049030945457,38.28891864151659,-1.0841308185420573,1.039558281806805,0.686893771861683,0.2737754825531766,1.919221517163597,0.0,True,2.4000000000000004,0.025,0.02,0.02,1.0,0.1,0.06,0.0,44,77
3.944411095636909,-1.0075491581621927,0.0055834729855162,0.4179850385906025,52.681896259505535,-0.4113649808504434,0.8460623356236567,-0.0049834204623637,-0.1225109983047794,-0.0287462754883174,0.0,True,2.4000000000000004,0.025,0.02,0.02,1.0,0.1,0.06,0.0,44,78
3.9448971511297,-1.0014490695021387,0.0206363021948619,0.0564404523201176,30.49861222819341,-0.4821337914850119,0.9915668559825797,1.4138484580697,0.5121403386577303,0.3532560718501738,0.0,True,2.4000000000000004,0.025,0.02,0.02,1.0,0.1,0.06,0.0,44,79
3.9479884442462905,-0.9947126201007254,0.0029113922038275,0.3984131319898853,4.108516233345844,-0.7690343537556537,0.8744603344478037,1.2452247148340003,0.6181736795685007,0.743089304243437,0.0,True,2.4000000000000004,0.025,0.02,0.02,1.0,0.1,0.06,0.0,44,80
3.946872803006379,-0.9992248703518568,0.0056518563037558,-0.2034506182245898,42.54392668479941,-0.7560838970862562,1.295825404901187,-0.4097038684892586,-0.4773249430714514,-1.138491288658026,0.0,True,2.4000000000000004,0.025,0.02,0.02,1.0,0.1,0.06,0.0,44,81
3.946061585599976,-1.0019434130205904,0.0111672903824807,-0.6104827240840507,53.23244751546065,-0.5271464727783801,0.8461420005429616,-0.3210286000624651,-0.4060749367456759,0.5158914679891784,0.0,True,2.4000000000000004,0.025,0.02,0.02,1.0,0.1,0.06,0.0,44,82
3.947767422895536,-1.0030542252036152,0.0089814311600979,-0.721809061225196,37.86104285227846,-1.3623248800434276,0.4395104837824632,-0.6992810388995878,-0.0629537676561557,-1.0947401597766055,0.0,True,2.4000000000000004,0.025,0.02,0.02,1.0,0.1,0.06,0.0,44,83
3.946776896331896,-0.9958805815994616,0.0057634650586968,0.0578441162162004,110.45769845037196,-1.3062920397092022,0.4904688279873461,1.1754531590964177,-0.2699298310532976,0.6551411259378783,0.0,True,2.4000000000000004,0.025,0.02,0.02,1.0,0.1,0.06,0.0,44,84
3.946677128057379,-0.9992659106528254,0.0161860050657693,-0.26948612385954,21.904313110280057,-0.9726521984397714,0.9314424847801952,0.9263302358222536,-0.5190100520913399,-0.7659229854514669,0.0,True,2.4000000000000004,0.025,0.02,0.02,1.0,0.1,0.06,0.0,44,85
3.9467536846392535,-0.999059321027787,-0.0046969793579909,0.1293359677360097,40.026267919231984,-0.7314476246111283,1.2159340649435002,0.239329023646829,0.3180826321795211,-0.8920122787954541,0.0,True,2.4000000000000004,0.025,0.02,0.02,1.0,0.1,0.06,0.0,44,86
3.948083159133125,-1.0000216755417315,0.0019310637184515,-0.41771763742641,78.97302605008788,-0.940012467576004,0.4504601676491617,-0.3792752807051121,-1.360788265603044,-0.1165903348987438,0.0,True,2.4000000000000004,0.025,0.02,0.02,1.0,0.1,0.06,0.0,44,87
3.94716643405986,-0.9996014924500064,-0.0008209376793302,0.004805587189562,69.62508215225874,-1.10165942147,0.7967282392402772,0.0890379480301819,0.1335772233963803,-0.2282550904347084,0.0,True,2.4000000000000004,0.025,0.02,0.02,1.0,0.1,0.06,0.0,44,88
3.9440548741567,-0.9974561327465654,0.0245066883106649,0.2970818776517365,33.53782909963988,-0.1522407989539829,0.6878747372101017,1.44195907769559,0.805937260378685,-1.0453774382115273,0.0,True,2.4000000000000004,0.025,0.02,0.02,1.0,0.1,0.06,0.0,44,89
3.9482266266423767,-0.9947386918796832,-0.0037114385147817,-0.0111921560011953,40.08159881227759,-0.4480170874469458,0.7185091036367695,0.6628008316400883,-0.6158902928274417,0.0039884813277981,0.0,True,2.4000000000000004,0.025,0.02,0.02,1.0,0.1,0.06,0.0,44,90
3.9474425872096535,-0.9993881544949582,0.0082892567549924,0.3383637020676175,6.49577915444854,-1.8624440766198944,1.1425962865497254,1.7121405399761476,-2.0240716153230363,0.0088636659206433,0.0,True,2.4000000000000004,0.025,0.02,0.02,1.0,0.1,0.06,0.0,44,91
3.9480050933993898,-1.0025545716716449,0.0062596057013693,0.395889196559672,22.60070744211568,-0.4116946141011368,0.8011152100533216,1.6729736768133336,-0.2823802067310348,0.4611807679117916,0.0,True,2.4000000000000004,0.025,0.02,0.02,1.0,0.1,0.06,0.0,44,92
3.9470988522153454,-1.0058350473005495,0.0171487307983683,-0.0203670604454888,26.67740986622794,-1.0014201677833938,0.8655693939628755,0.6008145057394264,0.3231558666517289,-0.3430936104147268,0.0,True,2.4000000000000004,0.025,0.02,0.02,1.0,0.1,0.06,0.0,44,93
3.946954777132568,-1.003932362684261,-0.0087578532333436,-0.0153901216420582,24.476526350727102,-0.8538418921368134,1.6952657806426146,-0.2244815695942654,-0.8400369611999672,-0.5216177260001249,0.0,True,2.4000000000000004,0.025,0.02,0.02,1.0,0.1,0.06,0.0,44,94
3.947902647337861,-0.9979090108449364,-0.0018026853441132,-0.1183122794829127,64.12839497088727,-0.5754612488871231,1.0869903905270526,0.0537516695555193,0.3138787562763503,-0.0486704747895894,0.0,True,2.4000000000000004,0.025,0.02,0.02,1.0,0.1,0.06,0.0,44,95
3.946129796135377,-0.9994731899902162,0.003557597206484,0.228955279002081,47.45488902209368,-0.8038810528087161,1.1414931558848809,0.2871200057123291,0.2129240867059096,0.0288940829484194,0.0,True,2.4000000000000004,0.025,0.02,0.02,1.0,0.1,0.06,0.0,44,96
3.947083974591708,-1.002978077728389,0.0145365708595635,0.4862617414842169,23.08938793238087,-0.0965583424142657,0.7054791782839978,0.3609603779829566,0.0742829833593829,0.5242915131106107,0.0,True,2.4000000000000004,0.025,0.02,0.02,1.0,0.1,0.06,0.0,44,97
3.947665778957692,-0.9960102535872334,0.0046546301294791,0.9261253739508746,78.40775358719355,-0.0294849391620388,0.9549103048064468,-0.2227212366575199,0.1848559874656441,0.3404359443556743,0.0,True,2.4000000000000004,0.025,0.02,0.02,1.0,0.1,0.06,0.0,44,98
3.947837560183581,-0.9970546749332372,0.0067256431124001,0.1175775746055105,88.58397929644603,-0.9875098527329698,0.6628106392016946,1.2034032719618035,-0.287577342951808,1.036640229390081,0.0,True,2.4000000000000004,0.025,0.02,0.02,1.0,0.1,0.06,0.0,44,99
0.913575768415865,-0.1938241592667797,0.0394704619060102,11.193229742669631,24.909531762255,-6.62389775558297,4.8618646618337,-0.7044677509537857,1.3281962627919357,-0.3282226617636892,-0.7430622526471061,False,4.800000000000001,0.05,0.02,0.02,1.0,0.2,0.06,0.0,36,0
0.9204340243665904,-0.1962849994537398,0.0381791326975378,11.508655261515264,28.27323194734895,-6.813310001425874,5.436103318606248,-0.8587000320379351,1.0699792596182798,-1.443133250585503,-0.6954222061702403,False,4.800000000000001,0.05,0.02,0.02,1.0,0.2,0.06,0.0,36,1
0.9237876477446628,-0.1979115890236487,0.0371601590251816,11.261497346806454,15.104779782515866,-7.193280393211494,5.443369916817181,-1.039590224829858,1.1519689677130296,0.5440302515326256,-0.6587100162843755,False,4.800000000000001,0.05,0.02,0.02,1.0,0.2,0.06,0.0,36,2
0.9144853126461864,-0.1998634142126766,0.0390320052119569,10.767714413796782,39.81272177797816,-7.196187197964851,5.278985763624883,-0.9738812070903756,0.1890114576777362,-2.381587773479975,-0.714482853913428,False,4.800000000000001,0.05,0.02,0.02,1.0,0.2,0.06,0.0,36,3
0.9213937073285712,-0.1939283507659499,0.0378620055959361,11.230630011899546,23.217838225672438,-8.815508245274286,5.284238384771601,-0.9407243015190307,1.556326539864798,-0.0304759227674287,-0.6908725147919631,False,4.800000000000001,0.05,0.02,0.02,1.0,0.2,0.06,0.0,36,4
0.9256643235249612,-0.1948577309168364,0.0337172517621675,10.745834748797469,-9.21336937702609,-7.724152341632835,4.637251849474989,-0.7027961467031556,1.150124550222033,-0.5988735861600479,-0.5557536427774571,False,4.800000000000001,0.05,0.02,0.02,1.0,0.2,0.06,0.0,36,5
0.9152077581618444,-0.1946617475889952,0.0361538360098647,10.518981001367829,20.59874347591427,-5.63837754622412,3.8599894070521694,-1.01476351610389,1.683503250972553,-0.8288077712276496,-0.6348220926123725,False,4.800000000000001,0.05,0.02,0.02,1.0,0.2,0.06,0.0,36,6
0.9182942265202227,-0.1960116622790962,0.0402595240649432,10.163352984708188,39.67455959145111,-6.524851649642378,7.698930418192891,-0.8293151328074988,-0.6288896806805908,-2.390660035956902,-0.7627791270171405,False,4.800000000000001,0.05,0.02,0.02,1.0,0.2,0.06,0.0,36,7
0.9147958317683206,-0.199545402233473,0.0382270682514825,10.33472167587429,30.619103212092625,-6.1296136191895565,5.768738683416723,-1.343421312648028,0.8266890511557696,-1.0253008362964728,-0.6894694687810086,False,4.800000000000001,0.05,0.02,0.02,1.0,0.2,0.06,0.0,36,8
0.9089019280776868,-0.2001877286004931,0.036895654270469,10.680014993082434,37.99087244017687,-4.979564352441233,6.272133719008048,-1.0935682035916643,0.7963172938981612,-0.2235982576145218,-0.6456762723291635,False,4.800000000000001,0.05,0.02,0.02,1.0,0.2,0.06,0.0,36,9
0.9239086073079577,-0.1968937569533988,0.0351074963556855,11.105945707033364,21.854471714562557,-6.597663534899705,7.05388052002607,-1.4701412010155324,1.8435661522170472,-1.9117140213964972,-0.5954603502553021,False,4.800000000000001,0.05,0.02,0.02,1.0,0.2,0.06,0.0,36,10
0.9182307539704154,-0.2020367732369948,0.0356373849093592,10.621208496347167,41.83607119711091,-6.055356363632119,5.924739328770763,-1.4672789224997738,2.1512529795151805,-1.0643868435163262,-0.6004142160924821,False,4.800000000000001,0.05,0.02,0.02,1.0,0.2,0.06,0.0,36,11
0.9222577045528756,-0.2024704980110087,0.0391609465495546,11.259590181109145,17.601114016697448,-7.6615483035497745,7.274217119491699,-0.7299680129754537,1.458797645454374,-0.1608399680742073,-0.711885632086156,False,4.800000000000001,0.05,0.02,0.02,1.0,0.2,0.06,0.0,36,12
0.9177308286022402,-0.1968008334620464,0.034633667641247,10.787971319758343,3.373922790365324,-5.742287461627235,6.068224359517227,-0.5688351405454883,-0.0313245645150757,-0.9811171622052652,-0.5808915144948601,False,4.800000000000001,0.05,0.02,0.02,1.0,0.2,0.06,0.0,36,13
0.9164816543574124,-0.1990388240545725,0.0368347661247954,10.97570211733084,31.50191181706696,-7.922610677468209,6.553533268664374,-0.4170376004894812,0.6634741898959917,-2.224333340458349,-0.6460304390010364,False,4.800000000000001,0.05,0.02,0.02,1.0,0.2,0.06,0.0,36,14
0.9101225928228756,-0.1924910080656277,0.0374516433470812,10.78437071386865,33.56482150065054,-7.314596480614014,4.0851280384507085,-1.051882210914794,-0.5541258559625548,-0.7800881406958697,-0.6818668121797193,False,4.800000000000001,0.05,0.02,0.02,1.0,0.2,0.06,0.0,36,15
0.9103130677382772,-0.1976675203251251,0.0356267228773651,10.233442932614892,25.5623773920584,-7.317167883599656,7.00128817940857,-0.8873535082977506,0.8921522137581704,-1.416773588640901,-0.6110342992310884,False,4.800000000000001,0.05,0.02,0.02,1.0,0.2,0.06,0.0,36,16
0.9135611447637048,-0.1943531652810592,0.0350254913690271,10.775830037136863,30.83390155376774,-7.809246306044129,4.305320646465848,-0.3786526484731959,2.37735848173436,-0.8486548154661411,-0.5995544584485037,False,4.800000000000001,0.05,0.02,0.02,1.0,0.2,0.06,0.0,36,17
0.923852278838584,-0.1979122413491033,0.0337167249438149,11.21963927352815,19.552925287863943,-4.142436455559184,5.48220736840068,-1.024962385647454,0.9845633149577552,0.3326906433031229,-0.5485146822339163,False,4.800000000000001,0.05,0.02,0.02,1.0,0.2,0.06,0.0,36,18
0.9263038718811484,-0.2007040620015648,0.0337054594852915,11.832543318983689,12.7282174322716,-6.796613748020879,6.924447042388486,-0.9099486841512502,1.8404423970530377,-0.7417845973037216,-0.5413067224127064,False,4.800000000000001,0.05,0.02,0.02,1.0,0.2,0.06,0.0,36,19
0.9159198826485806,-0.1967356866177712,0.0388046523512507,10.185446358968033,3.3701105451526985,-4.885683147612912,4.865385387599278,-0.9668862026134836,1.4928426182377097,0.0593069594287496,-0.7146280343984592,False,4.800000000000001,0.05,0.02,0.02,1.0,0.2,0.06,0.0,36,20
0.9204322186189596,-0.2031175884180205,0.0371921267983895,11.10166310463416,25.166329427155503,-6.563488735506427,7.010269447723851,-0.81266447636059,0.3076047667202924,-1.5558245077650197,-0.6474399122280794,False,4.800000000000001,0.05,0.02,0.02,1.0,0.2,0.06,0.0,36,21
0.9167431388275636,-0.1987388682600786,0.0363727328833349,10.785884008867315,44.88102969929162,-5.765684199016238,5.68792573345691,-0.9893886860908911,0.3496042264923624,-0.5416573622478915,-0.6319495801128765,False,4.800000000000001,0.05,0.02,0.02,1.0,0.2,0.06,0.0,36,22
0.9189116439713576,-0.1961277559323127,0.0321031956571656,10.638962904549878,33.36067222964926,-5.617985567257514,5.1242979834492735,-0.8278802668738268,0.1750460432917131,-1.2908394540905954,-0.5014609481534688,False,4.800000000000001,0.05,0.02,0.02,1.0,0.2,0.06,0.0,36,23
0.908241293966792,-0.197531374142746,0.0378684355396118,11.42791803462258,45.37946980030351,-6.695974987061077,4.743507526887264,-1.1033182998125477,0.9658765996658292,-2.1583862433860217,-0.6832201616869817,False,4.800000000000001,0.05,0.02,0.02,1.0,0.2,0.06,0.0,36,24
0.9188702722702878,-0.2025570934990949,0.0385482972222015,10.608033813905418,23.319802436503245,-6.917669211323212,5.722182017863994,-0.4640873722712092,1.9485603164221703,-1.1491088916499064,-0.6922762703764062,False,4.800000000000001,0.05,0.02,0.02,1.0,0.2,0.06,0.0,36,25
0.9217066858758004,-0.1927029789958535,0.0393714570632815,11.157777051214731,48.03313796555268,-5.346929468481732,6.745585536341062,-0.9305578240755912,1.2983177117372366,-0.5617388321753021,-0.7420970752824146,False,4.800000000000001,0.05,0.02,0.02,1.0,0.2,0.06,0.0,36,26
0.9157661224384284,-0.1983621704320497,0.0386362180494512,11.114552010149136,25.62035189923729,-7.30709409158143,6.962539555892925,-1.113779476568192,1.384313111987464,-1.532972196687196,-0.7053438011992136,False,4.800000000000001,0.05,0.02,0.02,1.0,0.2,0.06,0.0,36,27
0.9162235612574122,-0.1971399639962499,0.0348560726924976,10.99958693155524,41.07018511788901,-7.098491489092886,4.880117026568099,-1.224246920128228,1.5521864811409585,-0.625058582256285,-0.5872849988934815,False,4.800000000000001,0.05,0.02,0.02,1.0,0.2,0.06,0.0,36,28
0.9149220560880011,-0.1969215439625487,0.0400128236683793,11.241481160262044,19.94521641635845,-9.056314822399433,6.367694981239691,-0.7651285473921327,1.4384447769517292,-0.6065405818972802,-0.7529033285127414,False,4.800000000000001,0.05,0.02,0.02,1.0,0.2,0.06,0.0,36,29
0.9132629007744552,-0.2009812820357547,0.0376870977701592,11.08881751933107,12.524859662762491,-6.252290371820422,5.90871350034652,-1.5642232517706425,1.416810802629077,0.8948478831212192,-0.6688362777128172,False,4.800000000000001,0.05,0.02,0.02,1.0,0.2,0.06,0.0,36,30
0.916842112182916,-0.2016833080727863,0.0379204216265269,10.948212623715014,19.12427212006563,-6.38506397299065,5.607549556041553,-0.9074867951274608,0.3711111342662703,-1.4675369355930403,-0.6744030259431997,False,4.800000000000001,0.05,0.02,0.02,1.0,0.2,0.06,0.0,36,31
0.9129010277290484,-0.1952354737440772,0.0405505926442611,11.242309741349493,51.37650559645669,-9.330411086153552,4.739891645671421,-1.349832624844312,0.3692835328317848,-0.4555484189011572,-0.7742797659668296,False,4.800000000000001,0.05,0.02,0.02,1.0,0.2,0.06,0.0,36,32
0.9069054176625552,-0.1982874663608707,0.0414577959276924,10.023205649070398,37.11312304867187,-5.696934252742787,5.421888037020525,-0.7933170382953046,1.053648270441387,-0.7538170694531359,-0.7963452253603152,False,4.800000000000001,0.05,0.02,0.02,1.0,0.2,0.06,0.0,36,33
0.9145629175768004,-0.1924137155728554,0.034549142493536,11.232168988028524,54.630331383912576,-5.267285649892422,6.032915088592746,-1.0021910863628622,0.2340506143900986,-0.7213112956753169,-0.5889058673636915,False,4.800000000000001,0.05,0.02,0.02,1.0,0.2,0.06,0.0,36,34
0.9131451131420864,-0.1969458167013869,0.0378986185594376,11.260913899948491,46.29324599418165,-4.591940861430179,4.170252876680284,-0.4796114568470118,0.9691585851879816,-0.5612129246905101,-0.685297127030152,False,4.800000000000001,0.05,0.02,0.02,1.0,0.2,0.06,0.0,36,35
0.9131249755598644,-0.1985517210122616,0.0420903389593266,11.37090261531033,36.42051243308363,-7.565018580747854,6.849933827543076,-0.9866900061007498,0.1387927449113588,-2.1922381771009185,-0.8155792177354323,False,4.800000000000001,0.05,0.02,0.02,1.0,0.2,0.06,0.0,36,36
0.9146349971874844,-0.1949045974316496,0.0411386929261291,11.647427945377952,33.58997599340962,-7.427726774763347,7.987716168004304,-1.111997557672881,1.5785196689556211,-1.029931042467996,-0.7937890399689248,False,4.800000000000001,0.05,0.02,0.02,1.0,0.2,0.06,0.0,36,37
0.9267459986502457,-0.1966464250408131,0.0356582894746646,10.379566552001084,21.29199044035149,-6.668625971356346,6.2317517510297895,-0.6930325265090547,0.0408087360314781,-1.0211538155537878,-0.6135090831723027,False,4.800000000000001,0.05,0.02,0.02,1.0,0.2,0.06,0.0,36,38
0.9200713678076604,-0.1937003236707996,0.0321801173722053,10.493919142174954,32.33953644120718,-6.378810400599462,6.832126825828109,-0.811789257712098,0.7730032731484067,-0.6049390904965115,-0.5096786970321918,False,4.800000000000001,0.05,0.02,0.02,1.0,0.2,0.06,0.0,36,39
0.9161196601776762,-0.2005115093870611,0.0331686997813385,10.263676763930402,40.11143139492849,-7.947431340106592,4.391345154414253,-0.7357568889256227,0.6654741566610617,-0.309525733230334,-0.5252035908632265,False,4.800000000000001,0.05,0.02,0.02,1.0,0.2,0.06,0.0,36,40
0.923219791428652,-0.2002469207487399,0.0338818829998911,11.193352453125977,-8.682182955393486,-5.824287756620484,5.680201277017368,-0.7717503158507331,1.219156106387357,-0.931495554276076,-0.5482344587138235,False,4.800000000000001,0.05,0.02,0.02,1.0,0.2,0.06,0.0,36,41
0.9182461026876826,-0.1973979333551984,0.0358220488484495,11.64925789338792,15.312006234480318,-6.516484927899316,7.882646948581986,-1.0801020705084143,0.9779137078869912,-1.130647857342305,-0.61745575693665,False,4.800000000000001,0.05,0.02,0.02,1.0,0.2,0.06,0.0,36,42
0.9118847984757834,-0.1987299438655206,0.0376174021446068,10.230718555787076,31.34876010387404,-6.51928050011777,5.583410821735587,-0.6214616327077322,1.150079064427942,0.8746528087774155,-0.6720919154416217,False,4.800000000000001,0.05,0.02,0.02,1.0,0.2,0.06,0.0,36,43
0.912523153342468,-0.198307889598323,0.0389973578580332,10.397360475819095,32.699896820281886,-6.339715269724051,3.3088229020675475,-1.0305697491238623,1.0303723283409894,-0.5753121022747415,-0.7172251272205414,False,4.800000000000001,0.05,0.02,0.02,1.0,0.2,0.06,0.0,36,44
0.9223527497348902,-0.2033898649243929,0.0333717823110904,10.967388033259844,11.869928293704628,-6.540541570507401,6.495211330661163,-0.4360601191492778,0.5235658473119637,-0.8590000481470221,-0.5244201931522592,False,4.800000000000001,0.05,0.02,0.02,1.0,0.2,0.06,0.0,36,45
0.9168399666639288,-0.1988284135017807,0.0417585290135374,11.526713160760709,25.59259430706755,-6.497474851758399,7.712043423592519,-0.8298231103108484,0.0782433617673199,-2.0352576729350043,-0.8040743380290899,False,4.800000000000001,0.05,0.02,0.02,1.0,0.2,0.06,0.0,36,46
0.9210883178918712,-0.19721280976017,0.0350358344888477,10.739917546380884,41.7262337802801,-5.339911861808114,6.410778317920858,-0.8023890877698177,0.9996376965761548,-0.9002665926268165,-0.5925706611452073,False,4.800000000000001,0.05,0.02,0.02,1.0,0.2,0.06,0.0,36,47
0.9087640492969596,-0.1945111723517845,0.0406507986844023,10.193109290150336,49.95699295170813,-6.990367517075288,4.709580513212764,-0.874431091292504,1.7055991826888903,-0.9918093171371284,-0.7794729012987753,False,4.800000000000001,0.05,0.02,0.02,1.0,0.2,0.06,0.0,36,48
0.9167066039224284,-0.1960134468834173,0.0379601313682962,12.216783323841655,37.32027850199739,-6.984077335808558,8.04136246024343,-0.4952284550617815,1.1667910990639938,-0.649548849247519,-0.6892895350299338,False,4.800000000000001,0.05,0.02,0.02,1.0,0.2,0.06,0.0,36,49
0.9160429976231964,-0.1992087823456548,0.0382761460632352,11.034518531329764,11.194433743847211,-6.781632546965717,5.0592862979447,-1.0272882672301362,1.0915470651998609,-0.188503887398302,-0.6917730165365652,False,4.800000000000001,0.05,0.02,0.02,1.0,0.2,0.06,0.0,36,50
0.9191503522671192,-0.1961016646963379,0.035697531046484,10.741125200478288,37.91901414511995,-7.597213124674071,5.162369261094296,-0.8940472865029705,0.5466051578767589,-1.9368686371922852,-0.6165279770802516,False,4.800000000000001,0.05,0.02,0.02,1.0,0.2,0.06,0.0,36,51
0.9130501775849114,-0.1940299071661744,0.0420300031798288,11.113013602740736,25.387928801242435,-6.588707023235432,7.783608425178179,-1.1525396803350216,0.6724332570742139,-0.6236228789541636,-0.824505313900611,False,4.800000000000001,0.05,0.02,0.02,1.0,0.2,0.06,0.0,36,52
0.9163139297038616,-0.1970972841581862,0.0382702228443434,10.60944449824554,26.16818642785061,-6.43088694329527,5.893368798396903,-0.987771008916746,0.1162056108324434,-0.7788901643323215,-0.6966348132571116,False,4.800000000000001,0.05,0.02,0.02,1.0,0.2,0.06,0.0,36,53
0.9137103485980406,-0.1922960821916594,0.0357392125422362,10.203431727550688,62.072832728237785,-7.080643182292309,5.450445411614412,-0.7808771102263277,0.8705329528093607,-1.0195829461915429,-0.6273215831756936,False,4.800000000000001,0.05,0.02,0.02,1.0,0.2,0.06,0.0,36,54
0.9188677053697129,-0.1975784691108983,0.0357235494969079,10.792820299946744,52.19005863416546,-5.868104085914608,7.14001460125748,-1.0412124906974305,0.6181023493192249,-0.8431077610657279,-0.613833195712716,False,4.800000000000001,0.05,0.02,0.02,1.0,0.2,0.06,0.0,36,55
0.9158877203306084,-0.1991432768479534,0.03883331899408,10.82439378781998,40.049932511884265,-6.317748617040155,6.749998223565627,-0.8596833703420137,0.3589999492290715,-0.5779105383068546,-0.7097690801556386,False,4.800000000000001,0.05,0.02,0.02,1.0,0.2,0.06,0.0,36,56
0.9168814596714006,-0.1965506115790321,0.0362520079884896,10.40737317621628,12.4519936924779,-5.003443150851764,6.463140477549045,-0.6698782738247697,0.1110503023983746,-1.027272039067508,-0.6333299002617074,False,4.800000000000001,0.05,0.02,0.02,1.0,0.2,0.06,0.0,36,57
0.9225473731722148,-0.1906334788824622,0.0375484682066414,11.21303899846892,2.098830779063512,-7.213523213531752,6.165942865670099,-1.0093346317774288,0.0825965270956397,0.8755242679965523,-0.6886777909042837,False,4.800000000000001,0.05,0.02,0.02,1.0,0.2,0.06,0.0,36,58
0.9208806432412556,-0.1981381253661835,0.0390442988755756,11.473183678862876,26.937559256552927,-6.5613086270268965,6.252521024546216,-1.1453756030006037,1.2995984180479585,-0.979460732184478,-0.7186332245451066,False,4.800000000000001,0.05,0.02,0.02,1.0,0.2,0.06,0.0,36,59
0.920899593731753,-0.2002766838722856,0.0357839346835365,10.740634929331964,17.218253435777235,-7.805566143228226,5.473632157114493,-0.7785970248507372,0.024138283353678,-0.6345730070988821,-0.6091678929557792,False,4.800000000000001,0.05,0.02,0.02,1.0,0.2,0.06,0.0,36,60
0.9140300554948434,-0.1984593323640157,0.0406068323140372,11.1624883840922,43.32975221738608,-7.236465048185744,6.076906107944311,-0.8967965700534505,0.9349315088814906,-0.0396224747735158,-0.7682744330458631,False,4.800000000000001,0.05,0.02,0.02,1.0,0.2,0.06,0.0,36,61
0.9187173002723444,-0.1988111663603003,0.0366680770386415,10.737616804331518,46.78457164449666,-7.40326853935549,5.060955732532426,-0.6040414370376905,0.6029564626925851,-1.5057115316394476,-0.641108627955467,False,4.800000000000001,0.05,0.02,0.02,1.0,0.2,0.06,0.0,36,62
0.9174993777277848,-0.1945358007104318,0.0369742777411851,11.132466227839434,38.03640944481346,-6.939096488556023,6.631087486745278,-0.7742473634721352,0.1641776409902129,-0.2780334438750983,-0.661241003349223,False,4.800000000000001,0.05,0.02,0.02,1.0,0.2,0.06,0.0,36,63
0.9198513542648128,-0.1993658943772213,0.0313745374857618,10.539903091696663,41.69200923684666,-6.288485815911975,7.9348744389903105,-0.8919469110744561,0.6345106400205108,-1.487511627394136,-0.4703159717831588,False,4.800000000000001,0.05,0.02,0.02,1.0,0.2,0.06,0.0,36,64
0.909116275555467,-0.1946936257252934,0.0324374755253365,11.378355390052334,40.10170330449654,-7.586150329983023,4.670226559499655,-0.7316519166830093,1.3550471602847889,-1.5926158889636572,-0.516187538536738,False,4.800000000000001,0.05,0.02,0.02,1.0,0.2,0.06,0.0,36,65
0.912230491846807,-0.1939458445540544,0.0392774480392179,11.419733071116312,36.43479794855365,-5.373489848635602,6.489094989099116,-0.9983786483235464,0.7192223087668148,-0.4084786514046926,-0.736674480814434,False,4.800000000000001,0.05,0.02,0.02,1.0,0.2,0.06,0.0,36,66
0.909437158815622,-0.1931206191585073,0.042716666730036,10.837200239732743,41.68844327342735,-5.888248323771967,7.124447265321102,-0.962021736362135,1.2859009114458269,-0.905323783223787,-0.8488776198517972,False,4.800000000000001,0.05,0.02,0.02,1.0,0.2,0.06,0.0,36,67
0.9182340948214606,-0.1923939340587549,0.0407928911775982,11.471197477718713,43.438561625218846,-7.698193195472694,5.111817183809065,-0.7070528225853365,0.3901201273601821,-0.1429048977475046,-0.788533030252846,False,4.800000000000001,0.05,0.02,0.02,1.0,0.2,0.06,0.0,36,68
0.9136368420188664,-0.1978562809045763,0.0388663901487989,11.079974240088266,18.47464953359479,-6.306651950850603,7.333269844990694,-0.9554457160027744,0.9938541100294592,-1.1707241791168408,-0.7140512000694519,False,4.800000000000001,0.05,0.02,0.02,1.0,0.2,0.06,0.0,36,69
0.916236780795796,-0.1947644669838232,0.0376675152023172,9.816460593942612,43.81297844471828,-4.447828770199334,6.045366152037477,-0.8450216962213705,0.7280125151200254,0.1262546110188109,-0.6829515588652302,False,4.800000000000001,0.05,0.02,0.02,1.0,0.2,0.06,0.0,36,70
0.911546974938629,-0.1989378027573242,0.0380772913167433,10.62591692542139,32.335574145362706,-6.272424145799297,5.110547157415306,-0.9349406499825964,1.1671310293481103,-0.888345592861064,-0.6863297770218921,False,4.800000000000001,0.05,0.02,0.02,1.0,0.2,0.06,0.0,36,71
0.9182484680915588,-0.1961784271517254,0.0371675283405915,10.494027495385382,39.21272108438813,-7.576959140346227,5.930875711226002,-0.6126898029734906,0.4469063497030114,-1.3721040280446886,-0.6634377736492955,False,4.800000000000001,0.05,0.02,0.02,1.0,0.2,0.06,0.0,36,72
0.9174308977269034,-0.1978800878274476,0.0362168268273002,11.41629806528794,15.123233726334114,-5.2784920198902725,4.5825553858635,-0.738478108295306,0.5351158573446643,-1.23297500092485,-0.6289803938241187,False,4.800000000000001,0.05,0.02,0.02,1.0,0.2,0.06,0.0,36,73
0.9157521544125156,-0.1957096867476118,0.0360942068543213,11.27676432584219,27.80776995016107,-6.47362844630672,4.918854348120869,-0.7138147945241533,2.054041654831385,-0.4392892803868802,-0.6303662418792649,False,4.800000000000001,0.05,0.02,0.02,1.0,0.2,0.06,0.0,36,74
0.9153243185998986,-0.1950255210463323,0.0376964409459609,10.804976773218351,50.67235803801552,-8.25023282397366,5.229528363983298,-0.7495379656289276,0.3237632774814514,-1.629881273413262,-0.6833054006435597,False,4.800000000000001,0.05,0.02,0.02,1.0,0.2,0.06,0.0,36,75
0.9103114298515198,-0.192675402366252,0.0354090476329184,11.016507750290408,41.85153404988765,-4.59902985881826,6.519963210735426,-0.6643319827525276,0.0752213313701974,-0.1982415592804578,-0.6160498727832955,False,4.800000000000001,0.05,0.02,0.02,1.0,0.2,0.06,0.0,36,76
0.9219280884868288,-0.1977966124645229,0.0337332029159366,11.182688151030968,29.67552957631512,-7.089156544975588,8.042991492871979,-1.0892859799682115,-0.157265645038015,-0.4453755551165655,-0.5494349380859086,False,4.800000000000001,0.05,0.02,0.02,1.0,0.2,0.06,0.0,36,77
0.9064385905443704,-0.2006412545372124,0.044908918712742,11.393291201021846,22.824385977124784,-8.088922730537254,5.679025361707855,-1.1799316592331786,0.0992464571665043,-0.6693519591880557,-0.9011600724857748,False,4.800000000000001,0.05,0.02,0.02,1.0,0.2,0.06,0.0,36,78
0.9149646869064152,-0.1957513256242564,0.0401762469235977,10.78702646443325,39.51855715711945,-6.90742780304161,4.489987575425211,-0.81388260963526,1.431977712448256,-1.2534073240485146,-0.7609388388425281,False,4.800000000000001,0.05,0.02,0.02,1.0,0.2,0.06,0.0,36,79
0.916133868356125,-0.1978169535068911,0.0348955997210113,11.120923153765045,30.552022781184423,-9.52581595486837,5.811715718950511,-1.0050456682542457,1.4166464972481423,-1.4948193699235994,-0.5869304705544555,False,4.800000000000001,0.05,0.02,0.02,1.0,0.2,0.06,0.0,36,80
0.9127521284789084,-0.1945789584810783,0.0406133712720059,10.836056817683897,15.529933768237218,-5.755718569158164,5.722484881090107,-1.0804250349050906,1.0112729612854197,0.5356946427018283,-0.7778732526408694,False,4.800000000000001,0.05,0.02,0.02,1.0,0.2,0.06,0.0,36,81
0.9258442261828216,-0.1951855584177996,0.0369843247492658,11.24524750109946,19.190177657839264,-5.750992663175986,6.423461870775472,-0.9825141013153206,-0.0021542762152744,-0.4174066240492372,-0.65950239820282,False,4.800000000000001,0.05,0.02,0.02,1.0,0.2,0.06,0.0,36,82
0.9087536062169442,-0.1963779510314081,0.0361791989260929,10.082039979425245,15.65602707805066,-8.816130819949235,5.688076722970357,-0.4849312862050909,0.0551945258397181,-0.1792891507024794,-0.6319020667865775,False,4.800000000000001,0.05,0.02,0.02,1.0,0.2,0.06,0.0,36,83
0.9107036494980392,-0.1955558610013017,0.0400514047412153,10.601324451271802,44.36890728544928,-8.103650530272276,4.865167998680535,-0.6295755360011852,0.9628720016583128,-0.8238817223921644,-0.7576686663458839,False,4.800000000000001,0.05,0.02,0.02,1.0,0.2,0.06,0.0,36,84
0.913517962450504,-0.1956860335106573,0.0409307335735167,10.561202209441934,47.59025063258485,-6.166272215444755,6.343921657271124,-0.3700730840013118,0.7507668587494236,-1.7861646892683545,-0.7853259161799298,False,4.800000000000001,0.05,0.02,0.02,1.0,0.2,0.06,0.0,36,85
0.9152314293959142,-0.2001803444060255,0.0394237802513236,10.99430064727018,31.733126184050292,-6.414512223761296,4.861006672377693,-0.6393772070767358,-0.2341813116394984,-2.0294396178847727,-0.7262142557041393,False,4.800000000000001,0.05,0.02,0.02,1.0,0.2,0.06,0.0,36,86
0.9184077120966452,-0.1992299987049543,0.0358188320375269,11.418423607675136,2.081435364152,-5.775327660214029,5.533655753070285,-0.6946969390393964,1.260421504162454,0.2049562991535889,-0.6129461655831732,False,4.800000000000001,0.05,0.02,0.02,1.0,0.2,0.06,0.0,36,87
0.9179878580471252,-0.195004522923826,0.0348411579675821,11.42996611781344,31.1629866814787,-3.5615534528558417,7.104025664767022,-0.9151503009007408,-0.0571375475000601,-1.2920808130073902,-0.5918269284626201,False,4.800000000000001,0.05,0.02,0.02,1.0,0.2,0.06,0.0,36,88
0.907486290876594,-0.1953784139093599,0.0403721821581028,11.07451186312987,60.81380386872841,-7.48849622514405,6.407705509764014,-0.7983027615124653,1.5209469497826469,-0.9652229328643824,-0.7685524582242317,False,4.800000000000001,0.05,0.02,0.02,1.0,0.2,0.06,0.0,36,89
0.9143467217775468,-0.1986885659165556,0.0372523725740642,11.351778098116794,24.223377423259222,-7.44431999108621,5.796609904961164,-1.4098520614065713,1.127308211155793,-1.4448640461551223,-0.6603625608636711,False,4.800000000000001,0.05,0.02,0.02,1.0,0.2,0.06,0.0,36,90
0.9185563560457276,-0.1992562330837615,0.040048928106238,10.430772522523515,17.496982139477964,-8.33509520297663,6.378922553714774,-0.926971694425614,1.3810797404556554,-1.0087681510596769,-0.7482373586358457,False,4.800000000000001,0.05,0.02,0.02,1.0,0.2,0.06,0.0,36,91
0.9111839712886988,-0.1964202186574349,0.0361931218784435,11.54566431447936,36.73914727678059,-9.069417686047757,5.760884216315218,-1.2290924686197222,1.3634726999604314,-0.6920508686799178,-0.6321003370550293,False,4.800000000000001,0.05,0.02,0.02,1.0,0.2,0.06,0.0,36,92
0.9075331014566518,-0.197950999936464,0.0432602159204913,10.992946449669228,47.60116491576855,-7.01554491824756,6.167484981682882,-1.0696825227034357,1.1597282401945015,-1.4031566947993148,-0.8547925235208097,False,4.800000000000001,0.05,0.02,0.02,1.0,0.2,0.06,0.0,36,93
0.915737951306264,-0.1995798514674412,0.0401193193694861,10.659612896136595,48.93520169474957,-5.03263387972857,7.142237254990383,-1.2476807093766449,0.6144198453570434,-1.0430563409597535,-0.7498822992233232,False,4.800000000000001,0.05,0.02,0.02,1.0,0.2,0.06,0.0,36,94
0.917036297772166,-0.1985423688341962,0.0352282423605741,10.788459645274784,25.16416953260188,-7.258382853075085,5.938800333911175,-1.0574475405616868,1.738629897241879,-1.496845876504557,-0.5957798924699728,False,4.800000000000001,0.05,0.02,0.02,1.0,0.2,0.06,0.0,36,95
0.9168042757225512,-0.1987459446785502,0.0392723110446245,11.226654484201005,19.31802050115576,-6.795895668368932,6.206608727373658,-1.086585248590472,1.1462592635398932,-0.7876384268903773,-0.7247154296561132,False,4.800000000000001,0.05,0.02,0.02,1.0,0.2,0.06,0.0,36,96
0.9253110804942832,-0.1951167816728374,0.0339708331180138,10.768583341136738,33.93163550855541,-5.517004300899394,6.74435513936726,-1.254244565218015,0.5898317793570567,-1.1751617255707414,-0.5632677189319764,False,4.800000000000001,0.05,0.02,0.02,1.0,0.2,0.06,0.0,36,97
0.91892952547101,-0.2008123126561094,0.0342262835857542,10.729375869624668,27.81609038557412,-8.33006251557967,5.610919433712205,-0.9149937593326052,2.7034321445479828,-0.4175401945808056,-0.5581557528412112,False,4.800000000000001,0.05,0.02,0.02,1.0,0.2,0.06,0.0,36,98
0.915874969206256,-0.1958879977154554,0.0363384479313522,11.455761300801692,17.300524736703995,-6.643320490967824,4.3772574557176345,-1.2351536075594085,1.1669897881000368,-0.8677921957013405,-0.6377466411338024,False,4.800000000000001,0.05,0.02,0.02,1.0,0.2,0.06,0.0,36,99
2.307805265459206,-0.4070962013373488,0.0692648330455381,14.41822936807602,40.66389646856494,-9.064612510496316,9.98922244226933,-0.0487057645835171,0.0959354750860623,0.3290260069150885,-1.1009754583200315,False,4.800000000000001,0.05,0.02,0.02,1.0,0.2,0.06,0.0,40,0
2.3080574058602,-0.3984670804476649,0.0642880935372024,13.7008194832422,-1.9450468255656856,-10.816298244362102,10.71431686480782,-1.0988701573020945,-1.923901207196515,-0.1125146240863079,-0.9624145557644712,False,4.800000000000001,0.05,0.02,0.02,1.0,0.2,0.06,0.0,40,1
2.308879068116965,-0.4075919152709428,0.0681263412129793,15.38737208563851,-20.2624104338676,-7.724398405704715,12.108960293807444,-0.0280105739734377,2.9362244830753967,0.6871814382409269,-1.0632895780780602,False,4.800000000000001,0.05,0.02,0.02,1.0,0.2,0.06,0.0,40,2
2.322716250204936,-0.4112219229115336,0.0482496177695998,14.594909135476676,-25.409608808711504,-10.550416537511644,12.942382072302127,0.0605792318504704,0.1973205641156208,0.1249006282802873,-0.4176921786272194,False,4.800000000000001,0.05,0.02,0.02,1.0,0.2,0.06,0.0,40,3
2.31072077006451,-0.4055329030313454,0.0541655909295974,15.670993890279766,21.101755673357328,-10.64000613910116,11.53252203879395,0.0672850963872017,-0.8470103458676599,-0.4199726401872099,-0.6213766962680178,False,4.800000000000001,0.05,0.02,0.02,1.0,0.2,0.06,0.0,40,4
2.3232971370012367,-0.3981606641183147,0.0500398726497202,14.565772679506493,1.6091737597055626,-11.12295976172572,12.329640361996448,0.3985224027878701,0.7237058486923016,-1.4827610086772525,-0.5062925026870202,False,4.800000000000001,0.05,0.02,0.02,1.0,0.2,0.06,0.0,40,5
2.3163794262953377,-0.3979248075259036,0.0524684504012683,12.787802195061971,-6.952440565499739,-9.455532773007686,4.895460649532167,-0.1366907005248958,-0.7615111387451354,-0.2955996598265606,-0.5849881092006972,False,4.800000000000001,0.05,0.02,0.02,1.0,0.2,0.06,0.0,40,6
2.3163807609333404,-0.4103357349562839,0.0561015847312426,15.453001280051309,-5.913804832370113,-14.466185398337004,8.680186356843821,-0.5680199464941926,1.8838420916886305,0.3900015289752909,-0.6714621018486844,False,4.800000000000001,0.05,0.02,0.02,1.0,0.2,0.06,0.0,40,7
2.3221805909451416,-0.4050561275517144,0.0549515874177593,14.702542399948587,-19.10630122442169,-8.8653048467303,11.706122876424352,-0.5467936498625774,1.1068883467045976,-1.786133175189658,-0.646985255787476,False,4.800000000000001,0.05,0.02,0.02,1.0,0.2,0.06,0.0,40,8
2.312479054209883,-0.4083945144067841,0.0655544993059432,15.85017897249067,42.07867913763519,-11.59069245469178,9.815031541435207,0.4193335798531974,-0.2696776077266198,-1.3978586342906054,-0.9788483999613092,False,4.800000000000001,0.05,0.02,0.02,1.0,0.2,0.06,0.0,40,9
2.321286000042584,-0.4106996427398803,0.0572385902881827,14.457388412094325,-10.327881262513658,-13.028475382170985,10.299982242578787,-0.0013901427616619,-0.8329938755371709,-1.1504914496505252,-0.7066785866435821,False,4.800000000000001,0.05,0.02,0.02,1.0,0.2,0.06,0.0,40,10
2.3089543059627364,-0.4101814057347304,0.0566233112596336,15.33761585242617,71.7823999572602,-11.964656417849715,12.534714897600372,-0.1955226245255022,0.5906520090140606,-1.8278352888930984,-0.6889733281871593,False,4.800000000000001,0.05,0.02,0.02,1.0,0.2,0.06,0.0,40,11
2.318284984760153,-0.4086077135301401,0.0623534737651343,15.166456585102722,11.261295967473869,-10.1581159080566,8.972278244798884,0.1110406284451438,-0.1865426803853784,2.894159965534015,-0.875555548926354,False,4.800000000000001,0.05,0.02,0.02,1.0,0.2,0.06,0.0,40,12
2.30676714241279,-0.4027237110492335,0.0560908971551914,14.410059242259464,42.37466688055609,-10.026866335307728,6.580884782933287,0.2286776665046248,-0.3127674056151988,-0.0286585174289197,-0.6899657739031988,False,4.800000000000001,0.05,0.02,0.02,1.0,0.2,0.06,0.0,40,13
2.3168295778731243,-0.4054057939267073,0.0576149368664722,14.666576689483025,-15.93372156195942,-11.831959344216964,10.066876130171856,1.15419663610625,2.626591352890098,1.1434653595625908,-0.731694299630627,False,4.800000000000001,0.05,0.02,0.02,1.0,0.2,0.06,0.0,40,14
2.320451628637653,-0.4065934260452073,0.0580184406669823,14.837073153038984,-14.990070127291188,-9.362924879897346,11.964291822554776,0.4830588026298804,0.6414458367047466,-1.4534226220460822,-0.7415387811166803,False,4.800000000000001,0.05,0.02,0.02,1.0,0.2,0.06,0.0,40,15
2.3130511907329154,-0.4047281915579929,0.0610633416579257,14.709502679192308,2.287568737253418,-8.352460191273401,11.517430598111156,0.309299959821856,-1.221495496252099,-0.7881801882743169,-0.8438962018704679,False,4.800000000000001,0.05,0.02,0.02,1.0,0.2,0.06,0.0,40,16
2.318342173614073,-0.4049972145655983,0.0617789362825785,15.389564567726724,22.893443576923005,-11.087088123151034,9.633316890036212,-0.988543115302952,-0.928070012097507,0.6262483009238999,-0.8658321156682331,False,4.800000000000001,0.05,0.02,0.02,1.0,0.2,0.06,0.0,40,17
2.3218296451890645,-0.4101769748276474,0.0604058680751911,14.60365864822003,24.43526998073527,-9.494563982210035,9.748947686040864,0.1835296954753498,-0.5288580531537335,-2.075807258849996,-0.8092532601084192,False,4.800000000000001,0.05,0.02,0.02,1.0,0.2,0.06,0.0,40,18
2.3102247293281875,-0.4131297759677301,0.0623358042489042,15.37859471558422,-16.239788099919465,-10.412869167311449,15.71115510089843,-0.141658507550735,1.3293932144048322,-1.5827749452359878,-0.8646207898826932,False,4.800000000000001,0.05,0.02,0.02,1.0,0.2,0.06,0.0,40,19
2.309666235375297,-0.396276638923872,0.0580697379023969,13.748706203451745,-2.0194742809376205,-11.832325711470272,10.553245581686214,-0.0698111397820658,-0.4488858851221895,-1.0805289730744083,-0.7685877053368908,False,4.800000000000001,0.05,0.02,0.02,1.0,0.2,0.06,0.0,40,20
2.311635172142616,-0.3991541782382299,0.0504866514324861,14.096799701599124,-16.297919265650357,-13.879831202872102,9.102502251747,-0.3793550288134921,-0.3050209041139853,-1.1914500706568412,-0.5189047077392486,False,4.800000000000001,0.05,0.02,0.02,1.0,0.2,0.06,0.0,40,21
2.32762241515423,-0.405005137431778,0.0515499938568425,12.81477947670211,-48.91400382198159,-13.13839475776538,9.858841827036963,-0.1331284925805369,1.5422401444771716,0.0994600732396218,-0.5379301286734404,False,4.800000000000001,0.05,0.02,0.02,1.0,0.2,0.06,0.0,40,22
2.293097482437984,-0.4078792810815989,0.0678174744176649,14.477146969586284,46.83855000286684,-12.49664727235586,9.70384475104596,-0.184382528656271,1.0893768483295638,-0.7279811504142304,-1.0536630578231627,False,4.800000000000001,0.05,0.02,0.02,1.0,0.2,0.06,0.0,40,23
2.3184379227297978,-0.4021079402961596,0.0582056257349868,13.583078588438092,-2.394566233036068,-11.190593604113989,6.612390021213784,0.0201137224486059,-0.1164907674879556,1.1172527829089045,-0.7584146914450103,False,4.800000000000001,0.05,0.02,0.02,1.0,0.2,0.06,0.0,40,24
2.311789937226901,-0.4043672299222394,0.0530674597496144,14.578623944708982,24.60351580836887,-15.590672857914672,12.60634125808867,1.0934695686288722,-0.4062715511793024,0.6474729367128256,-0.5889699639406749,False,4.800000000000001,0.05,0.02,0.02,1.0,0.2,0.06,0.0,40,25
2.311328089767688,-0.4050251462252858,0.056559532713738,14.27255435871756,29.666031777411675,-12.108651371346598,7.199701822549194,-0.0058576073075128,-0.2394313984816851,-1.6752073123353663,-0.6991650105128713,False,4.800000000000001,0.05,0.02,0.02,1.0,0.2,0.06,0.0,40,26
2.3142308716578537,-0.4080492361012962,0.0554733203291027,14.271148292515369,-56.785840342312,-15.554749964731764,8.996591407305626,0.6527108822409615,0.8974273640078896,-1.9016508327919583,-0.6569742315887048,False,4.800000000000001,0.05,0.02,0.02,1.0,0.2,0.06,0.0,40,27
2.313714904014054,-0.4037303547607786,0.0505452498061285,14.864509256775756,32.166028387084026,-9.80675075486342,9.217867712246562,0.3420808839489203,-0.251612639423207,0.292626551848562,-0.5096722481294009,False,4.800000000000001,0.05,0.02,0.02,1.0,0.2,0.06,0.0,40,28
2.304082805568392,-0.4121266544522335,0.0588085964388078,14.874217340383654,49.280863611562864,-12.345009308470097,8.737585578113894,0.0774120989137959,3.769079075589032,-0.6401612450581122,-0.7545261470223872,False,4.800000000000001,0.05,0.02,0.02,1.0,0.2,0.06,0.0,40,29
2.3054996978251734,-0.3933263325857668,0.0650637509236938,15.249097277474297,7.813396513000482,-8.500494294871299,10.660054783558882,0.1021636335586685,1.5758313191326268,-0.2193013428578631,-0.9997268494828536,False,4.800000000000001,0.05,0.02,0.02,1.0,0.2,0.06,0.0,40,30
2.3272734117546,-0.4064400822106421,0.0567078371441888,16.18255186601328,-7.718106051196299,-10.666315190095135,10.844749243170178,0.1402941846816239,1.5851607138747337,-0.5525849173571052,-0.6995581866032277,False,4.800000000000001,0.05,0.02,0.02,1.0,0.2,0.06,0.0,40,31
2.32247624413394,-0.3972477632174522,0.0595663511833581,14.799194395132648,5.11043479109533,-6.664478126607515,10.08020646953597,0.1548157784114051,3.00437159307503,-1.5588965833950363,-0.8133800314975399,False,4.800000000000001,0.05,0.02,0.02,1.0,0.2,0.06,0.0,40,32
2.317446632411583,-0.4064829266806071,0.0525230199470542,15.021892093650107,26.284728987189787,-6.908488446671072,11.034721307257191,0.6179682147344705,-0.4020726508897381,-3.2181908209497667,-0.566130816327586,False,4.800000000000001,0.05,0.02,0.02,1.0,0.2,0.06,0.0,40,33
2.3064556275408754,-0.4002878920697561,0.0543353304858433,15.974737298322406,-19.923468500830133,-10.265172140873725,9.493568154577186,0.5695702570366474,0.2017553253944055,0.1304898456540706,-0.6396522969271206,False,4.800000000000001,0.05,0.02,0.02,1.0,0.2,0.06,0.0,40,34
2.323870100991875,-0.3956400197715323,0.0606706703346297,13.99616924733403,-17.30536249336142,-13.658764253158104,11.871806046464966,0.5326754921936929,1.136551625448939,0.3443377886480598,-0.8524931971969611,False,4.800000000000001,0.05,0.02,0.02,1.0,0.2,0.06,0.0,40,35
2.3221605346422822,-0.4074940229045662,0.0515640967028796,15.425133710106392,33.25242194127995,-12.310355984868556,11.965758738695586,0.0569139320743528,2.5162837960289046,-0.1803774751728992,-0.5327358074426525,False,4.800000000000001,0.05,0.02,0.02,1.0,0.2,0.06,0.0,40,36
2.339026499673885,-0.4090081824771077,0.048595563175997,14.887073126302685,12.857814365163376,-11.200190560246249,11.888410848780705,-0.2487275841141484,-0.5849238032545676,1.6916706711633709,-0.4330967937064156,False,4.800000000000001,0.05,0.02,0.02,1.0,0.2,0.06,0.0,40,37
2.31796319589619,-0.4047814100726275,0.0559890267267025,16.204734667712774,6.20147707817554,-8.601067097257026,12.8288967598103,-0.1289347822449708,2.6655283740966254,-0.7031205834387467,-0.6810956793264038,False,4.800000000000001,0.05,0.02,0.02,1.0,0.2,0.06,0.0,40,38
2.299701419700121,-0.3966230851597156,0.0688256895663324,15.163114169643835,20.815995582844497,-7.257037705763432,8.870630376946588,0.0726931320868152,-0.0039441934695179,0.8114070945971301,-1.1125445765573136,False,4.800000000000001,0.05,0.02,0.02,1.0,0.2,0.06,0.0,40,39
2.3162244531636054,-0.4013184359194926,0.0559437730074851,15.176050884056572,-12.786947998977896,-12.28884565045924,14.090618746053002,-0.1650929168376046,-0.375358633453192,0.8266783420185204,-0.6880630228429259,False,4.800000000000001,0.05,0.02,0.02,1.0,0.2,0.06,0.0,40,40
2.32864695845073,-0.4008426207719953,0.0512430013367133,13.50680101039986,-36.98698561764916,-10.777068769979955,12.267394886341904,-0.0761633650378334,-0.7194975045843028,-0.5030549280173396,-0.5380349354149963,False,4.800000000000001,0.05,0.02,0.02,1.0,0.2,0.06,0.0,40,41
2.3038148314816778,-0.39811650366004,0.0562093145525231,16.036818567489004,44.61583650899666,-8.995030874388489,13.534222788300015,0.6826021519432361,0.4491989970386396,-2.341660956989469,-0.7049895670077444,False,4.800000000000001,0.05,0.02,0.02,1.0,0.2,0.06,0.0,40,42
2.308764285556439,-0.4012476199282354,0.0616236981251399,13.523985257668896,28.850248313972926,-12.28962632240347,9.32672237924539,0.2198399572473058,-0.0517107569577612,-2.457669577652742,-0.8704381950433271,False,4.800000000000001,0.05,0.02,0.02,1.0,0.2,0.06,0.0,40,43
2.306904782922913,-0.4040271681718508,0.0643947740339067,15.285747612752033,31.234787637743693,-9.20694249679671,9.473555294002132,0.3734738406809099,1.365601005353779,0.1363962823220315,-0.9525532784972002,False,4.800000000000001,0.05,0.02,0.02,1.0,0.2,0.06,0.0,40,44
2.312161463567636,-0.4055510752128153,0.0647822393905705,13.428419234170908,20.03161617517849,-8.30657017553813,10.84036389671265,0.8708089236841368,1.2460007273520624,-1.743427969416911,-0.9609793921734422,False,4.800000000000001,0.05,0.02,0.02,1.0,0.2,0.06,0.0,40,45
2.3050964753211978,-0.39568566816251,0.0505460335732368,14.66508756740828,-9.933498153080295,-8.343351560856808,10.623490521203692,-0.6678853461881529,-0.2342918540782568,-1.1549032490377955,-0.5295216822342825,False,4.800000000000001,0.05,0.02,0.02,1.0,0.2,0.06,0.0,40,46
2.302606087549261,-0.3982430106903758,0.067565602597457,13.581674469354349,34.58062070371963,-12.256202579736929,12.255353611348683,-0.2003578608233651,0.989891278609601,-1.299571292175815,-1.0681596922087688,False,4.800000000000001,0.05,0.02,0.02,1.0,0.2,0.06,0.0,40,47
2.313276578665046,-0.3997711283298235,0.0563261808656992,14.788357129772118,-8.60833706044413,-13.570632849254212,9.799177291265616,0.0213898679925039,2.3211891866075334,1.6209717622927893,-0.704190484990896,False,4.800000000000001,0.05,0.02,0.02,1.0,0.2,0.06,0.0,40,48
2.3067820013600997,-0.4099855348026202,0.0638265453025273,15.291489169785445,9.75941443303564,-9.314061337521933,7.749451212019982,-0.3421952851814575,0.5011529870364819,2.1626881491774634,-0.9200772460729816,False,4.800000000000001,0.05,0.02,0.02,1.0,0.2,0.06,0.0,40,49
2.3094091831339547,-0.3999358628894387,0.0551222172431005,14.60667377137376,13.842745215497285,-10.004728296405922,10.080369948085368,0.0746031715198184,0.5186240086494052,0.5580964828697557,-0.6655003298565274,False,4.800000000000001,0.05,0.02,0.02,1.0,0.2,0.06,0.0,40,50
2.313856051560893,-0.4015749904033183,0.0699149680767691,14.77342984983699,-1.1774339803584235,-10.281544069935658,11.03816860668013,-0.3070531001836747,-0.764982305663112,-0.0503425280274369,-1.1346676383949963,False,4.800000000000001,0.05,0.02,0.02,1.0,0.2,0.06,0.0,40,51
2.313000676654618,-0.3906728827440082,0.0569587570766293,14.214579546841614,-19.80795525266129,-9.089578618527032,10.013703924768274,0.3811187329004584,2.896908121933844,-0.5853161887318752,-0.7462852672672442,False,4.800000000000001,0.05,0.02,0.02,1.0,0.2,0.06,0.0,40,52
2.3119386537576947,-0.4087283283016906,0.0626977792794057,14.660839638900397,27.50221997377501,-11.361713739550463,11.819175492194669,-0.0741105092720044,2.9026673774799336,-0.3850218875280831,-0.8866646297914642,False,4.800000000000001,0.05,0.02,0.02,1.0,0.2,0.06,0.0,40,53
2.3078133470498305,-0.4038025962876141,0.0648220305938792,15.274096159335018,-10.644328819539064,-10.935644535642869,12.260134431142092,-0.0827705866795127,0.5450402168119828,1.5618339531889442,-0.9667099470908728,False,4.800000000000001,0.05,0.02,0.02,1.0,0.2,0.06,0.0,40,54
2.3021072601426966,-0.4013678825445781,0.0647920658962609,14.367598980449346,46.23584384735743,-13.480627383342568,8.65783016332422,0.0094206415873244,0.1616578692163253,1.415210590524442,-0.9719367549648026,False,4.800000000000001,0.05,0.02,0.02,1.0,0.2,0.06,0.0,40,55
2.3246032267162704,-0.4051150344229604,0.0486962614144785,14.62919576066533,-19.89209227373665,-8.754159434400155,7.87490799950063,-0.3037941756902108,0.0598345153448776,-0.2670549367849939,-0.4465280890452314,False,4.800000000000001,0.05,0.02,0.02,1.0,0.2,0.06,0.0,40,56
2.3052883386229257,-0.4061107202520658,0.0690384882230413,15.15325649758078,-7.491018476479873,-11.244494617202257,13.307918151026604,-0.4096624481775694,1.4810037456580412,-2.112665898811474,-1.096248594214989,False,4.800000000000001,0.05,0.02,0.02,1.0,0.2,0.06,0.0,40,57
2.303605952340542,-0.4029008540768735,0.0690101419209385,16.24146481967641,-20.82146065911875,-11.647666871185027,13.534805344234115,-0.0920281155020089,-0.4702549273377268,-2.024137691157997,-1.1031461345451057,False,4.800000000000001,0.05,0.02,0.02,1.0,0.2,0.06,0.0,40,58
2.299934705472288,-0.396764246502202,0.060571550142199,14.477114412121832,9.071480304268915,-11.954366683381547,8.152033446267614,0.6058262963890197,-1.825554578739863,-1.0965545751980843,-0.8480593306167492,False,4.800000000000001,0.05,0.02,0.02,1.0,0.2,0.06,0.0,40,59
2.31284869360861,-0.4035445628444066,0.056123508497374,14.631001587685596,22.608702710888004,-12.81480089058562,5.338649247502884,-0.8266558051200665,1.596983203372836,-0.0316101669946771,-0.6886743994728779,False,4.800000000000001,0.05,0.02,0.02,1.0,0.2,0.06,0.0,40,60
2.298180127931279,-0.3969460593179084,0.0620886313304269,15.560110902692845,36.55117641780354,-12.346861791276629,9.530765776173148,-0.6812004823278011,-1.2563911916109247,-1.0347137903778671,-0.8962748525348065,False,4.800000000000001,0.05,0.02,0.02,1.0,0.2,0.06,0.0,40,61
2.312650074231684,-0.4036550935789365,0.0551198257587807,13.42962021978881,1.2937454054142554,-11.509666947019452,8.197470506823926,0.4400433575689428,-2.142302627381874,0.0210139848801513,-0.6563031952376372,False,4.800000000000001,0.05,0.02,0.02,1.0,0.2,0.06,0.0,40,62
2.315444077223502,-0.4037412133073193,0.0593433439229232,14.299994249099385,15.963070542281898,-11.255378596491278,12.62284893918369,0.0530269741210871,1.7063048934703655,-0.6172729179112852,-0.7910814489625679,False,4.800000000000001,0.05,0.02,0.02,1.0,0.2,0.06,0.0,40,63
2.306505282483658,-0.3952563916350528,0.0619802265446319,15.12207886701162,-26.363522969718154,-10.082473206372947,7.390180988798725,-0.2039745214317611,-1.2758367847015415,-2.3330596604890266,-0.8963615925550779,False,4.800000000000001,0.05,0.02,0.02,1.0,0.2,0.06,0.0,40,64
2.312445865205579,-0.3999033831771458,0.0671615792521894,15.563470195460711,28.830966950860983,-9.914035335871151,12.913853050863358,0.0732830671319739,0.5286915987107945,-1.4561750719696462,-1.0506556645325773,False,4.800000000000001,0.05,0.02,0.02,1.0,0.2,0.06,0.0,40,65
2.29748072518603,-0.4095590587940927,0.0644542536800141,13.882105373163586,29.80830627840036,-11.559127617178005,9.396862871241446,0.6327484607584952,1.5405956113141004,-0.2004015447064775,-0.9417455331434674,False,4.800000000000001,0.05,0.02,0.02,1.0,0.2,0.06,0.0,40,66
2.307443542711733,-0.4102127705540543,0.0620112461173591,15.494296479165682,-2.137793950287005,-12.170040749288296,12.05817331153004,-0.5026230698496162,0.6733002200738833,0.5514213031248398,-0.8614026138630586,False,4.800000000000001,0.05,0.02,0.02,1.0,0.2,0.06,0.0,40,67
2.308363981207235,-0.4045645630968657,0.0583136682946852,13.775968080541515,12.989928323396274,-10.880585582190122,10.307609734117626,0.1245008197453452,0.1839776442268177,0.6178179624356082,-0.7565805951250153,False,4.800000000000001,0.05,0.02,0.02,1.0,0.2,0.06,0.0,40,68
2.3205223084358297,-0.4085533495221953,0.0520113332057667,14.240772452891402,3.3869305746381264,-11.463094146114477,9.527920734762176,0.6931443699300341,-0.3871854840410522,0.965636398193788,-0.5446032852251173,False,4.800000000000001,0.05,0.02,0.02,1.0,0.2,0.06,0.0,40,69
2.3216519676304324,-0.4083436592938113,0.0624637386140841,15.538504504544912,-1.5223271455189078,-9.255716225774044,7.474128973116651,0.2565672400205273,-0.5365388362224852,-2.141671464051948,-0.879515735287719,False,4.800000000000001,0.05,0.02,0.02,1.0,0.2,0.06,0.0,40,70
2.3106698676778,-0.4090623729199347,0.0586292057326327,14.041686869787984,-21.433493040298373,-12.765340749353264,9.891298508315238,1.33958819221346,1.4908031355381497,1.3889712141485702,-0.7557446963757379,False,4.800000000000001,0.05,0.02,0.02,1.0,0.2,0.06,0.0,40,71
2.308191105160929,-0.3998076512921584,0.0649991991508814,14.178620954803607,12.571286300764832,-12.163174195504316,13.660173662272824,0.2207922430498883,2.943269230200852,0.2932984599038155,-0.981944543417371,False,4.800000000000001,0.05,0.02,0.02,1.0,0.2,0.06,0.0,40,72
2.312223991178993,-0.4034772982076144,0.0592342350221284,14.490214629399093,-31.082185634285885,-5.187518833667843,9.75194417403599,0.3586890717330261,0.6882425150859293,-2.455170937400417,-0.7884165655390962,False,4.800000000000001,0.05,0.02,0.02,1.0,0.2,0.06,0.0,40,73
2.32226195433668,-0.4112508992526185,0.0542783952714644,14.582782789437394,-39.95342265294086,-14.602255855150093,10.096432607769607,0.2564451743203969,0.6301132608730022,-1.8972007670575204,-0.610570773220378,False,4.800000000000001,0.05,0.02,0.02,1.0,0.2,0.06,0.0,40,74
2.322941479519597,-0.4112739217527759,0.0511041523285709,15.444171127543692,-11.21202858051707,-13.271664083454992,12.965331589817136,0.7313212891466427,0.7928594626770216,-1.8342640193621225,-0.5088989735364335,False,4.800000000000001,0.05,0.02,0.02,1.0,0.2,0.06,0.0,40,75
2.3125789615951207,-0.4072722249384102,0.0644366115912699,15.790052620474786,2.058455499941385,-9.265209932835724,12.323571475227247,0.1452273594049385,-1.3581006878837414,-1.74963067084981,-0.945763493372746,False,4.800000000000001,0.05,0.02,0.02,1.0,0.2,0.06,0.0,40,76
2.3144594857431007,-0.4053680186523691,0.0604267821660604,13.602354451446049,-29.189663853554983,-9.85171320143399,10.18122572980658,-0.7361305713863096,-1.1447374779521289,0.7036081336278639,-0.8219062154036638,False,4.800000000000001,0.05,0.02,0.02,1.0,0.2,0.06,0.0,40,77
2.3049111155205506,-0.3990360425818391,0.056456010065589,14.11039774125194,-33.066861710334265,-7.948717429852875,10.410608260288802,-0.3312189969193754,-0.9069994630832658,-0.3283789997398465,-0.7106111529712034,False,4.800000000000001,0.05,0.02,0.02,1.0,0.2,0.06,0.0,40,78
2.323372822172175,-0.417911783795991,0.0522849741664585,14.555806657036502,19.885446443707277,-10.62865540178113,10.583532066120902,0.0783678620619386,1.2638175213438207,-1.4787316129620491,-0.5307285228859642,False,4.800000000000001,0.05,0.02,0.02,1.0,0.2,0.06,0.0,40,79
2.320348534523254,-0.4038807677942781,0.0616603770863404,15.050438315163456,-48.075866736384256,-13.886707534948568,7.529492255265903,-0.8330031563509701,0.3176859978155051,1.0170930257037782,-0.8645973119852324,False,4.800000000000001,0.05,0.02,0.02,1.0,0.2,0.06,0.0,40,80
2.3053526599935936,-0.4019257684065787,0.0675346689463818,12.06064030386269,32.0133695759144,-9.3896496567309,12.278526327259794,2.264924978764535,0.1217865922861674,0.9324283735624924,-1.0581664025088162,False,4.800000000000001,0.05,0.02,0.02,1.0,0.2,0.06,0.0,40,81
2.3133586234823693,-0.4033845476487962,0.0553605477538236,13.485285401044155,39.57542086125064,-11.253139442720713,7.852372678942894,-0.0778728395723828,1.3723298114548208,0.4124274526589502,-0.6646130963563044,False,4.800000000000001,0.05,0.02,0.02,1.0,0.2,0.06,0.0,40,82
2.3172434619230216,-0.4072649984840948,0.0644045998088917,13.596948948404378,-3.338568550042039,-13.518800871752616,11.72626970975666,0.0453174499626022,1.9521907952470647,1.5348391041353633,-0.9444765898073268,False,4.800000000000001,0.05,0.02,0.02,1.0,0.2,0.06,0.0,40,83
2.2994382597025527,-0.398548043746854,0.060406110041993,15.424311316173515,42.17430238484344,-13.510901292683638,12.434388294939517,0.0683362278075567,2.111300211177753,-1.9039049825869296,-0.8385139207691756,False,4.800000000000001,0.05,0.02,0.02,1.0,0.2,0.06,0.0,40,84
2.3210437844180136,-0.400605569695043,0.0618690814867063,14.883112435257956,2.1243108390280634,-10.744419410314146,13.17353581729184,-0.0657892167945847,-0.3259568820110639,0.0805699165817066,-0.8790946132414199,False,4.800000000000001,0.05,0.02,0.02,1.0,0.2,0.06,0.0,40,85
2.313033411714779,-0.4018527406086152,0.0648087342319293,14.568737313168551,28.045301562423617,-12.857888880961571,12.190339461392185,-0.3604690298904599,-0.4259132838436952,-3.3501765700833914,-0.9706509132581758,False,4.800000000000001,0.05,0.02,0.02,1.0,0.2,0.06,0.0,40,86
2.319053744655963,-0.4097764093741316,0.0527634760580993,14.140275405868875,-18.47120777992289,-12.119073304243695,11.46632442447485,-0.6837277146027385,2.6945076408222057,-0.266167825373345,-0.5658246266819045,False,4.800000000000001,0.05,0.02,0.02,1.0,0.2,0.06,0.0,40,87
2.3011148343134864,-0.3966888828752564,0.0602806784598344,13.378426415765276,44.42339104832095,-9.74851278413514,11.092138507587528,-0.2687767355816768,-1.3751189737726022,-0.2990483120559664,-0.8388615017552785,False,4.800000000000001,0.05,0.02,0.02,1.0,0.2,0.06,0.0,40,88
2.308392676611968,-0.3993725871369315,0.0617037430369397,14.417919056417286,-8.835251938785087,-12.877675385560842,6.086924462432733,0.1710627166155198,2.9405162425142057,0.965440668275614,-0.8775220074567172,False,4.800000000000001,0.05,0.02,0.02,1.0,0.2,0.06,0.0,40,89
2.2998665528167286,-0.4047804632271377,0.0584271547708157,14.005189742452778,16.000487235340888,-12.733680855125463,5.855105803512744,0.2344866567196317,2.8760550766218644,-0.8425028659350084,-0.7602038477519686,False,4.800000000000001,0.05,0.02,0.02,1.0,0.2,0.06,0.0,40,90
2.30496947319056,-0.3925262477099544,0.0567964269368684,15.560013103177573,38.973371967028335,-11.202908419642718,7.781428841768312,-0.8384832230371693,-1.2380585847304602,-0.7852685002013958,-0.7371244990844676,False,4.800000000000001,0.05,0.02,0.02,1.0,0.2,0.06,0.0,40,91
2.320147754096101,-0.4061390882337929,0.0587215203427714,14.142276779940548,12.904471335171408,-9.947094934518208,13.192567566922635,-0.5561946840461844,0.5112039778923516,1.4701302442166555,-0.7651459739618189,False,4.800000000000001,0.05,0.02,0.02,1.0,0.2,0.06,0.0,40,92
2.311727252591718,-0.409403026288697,0.0527901363223427,15.322272824923065,13.47279364753539,-8.05727013288428,9.699588251790503,-0.4936764063650972,1.106370127237447,-1.0640774984866297,-0.5680134640665917,False,4.800000000000001,0.05,0.02,0.02,1.0,0.2,0.06,0.0,40,93
2.3094263487507827,-0.4084965987243441,0.0593577833595443,14.703503124143577,-22.946871559580963,-13.600706497372784,11.843378019883191,0.5672829239350938,1.5364984757076865,-0.8627150238441708,-0.780491649641947,False,4.800000000000001,0.05,0.02,0.02,1.0,0.2,0.06,0.0,40,94
2.2996975828781925,-0.4046562609608458,0.0535741828348669,14.368486855144514,62.16826440880122,-11.363806850132455,13.461903489776082,0.6811015550687678,-0.2053650613781839,-1.060262241002984,-0.6052169694370213,False,4.800000000000001,0.05,0.02,0.02,1.0,0.2,0.06,0.0,40,95
2.3102143252897114,-0.4050800959176694,0.0647613165806197,13.762781322821548,29.890333504018656,-11.898463585207054,6.810238736949496,0.1938396121095257,2.3441869758835363,1.0621282402374286,-0.9615570408600423,False,4.800000000000001,0.05,0.02,0.02,1.0,0.2,0.06,0.0,40,96
2.3047625668809344,-0.4057954870182182,0.0666025329954891,16.35438198696499,28.356246254416227,-13.642839382645764,7.581324860482108,-0.1433455329756443,0.2475472190638497,-1.244667814296617,-1.019086132999073,False,4.800000000000001,0.05,0.02,0.02,1.0,0.2,0.06,0.0,40,97
2.3005020040449007,-0.393426890536412,0.0509337915820663,14.80026924705852,12.22284086441064,-7.900972146776909,9.847843244719652,-0.751695953564512,1.757809141787019,-0.5773989858143579,-0.5476266730960395,False,4.800000000000001,0.05,0.02,0.02,1.0,0.2,0.06,0.0,40,98
2.3203359158396237,-0.4031766505970415,0.050925308303251,14.973706459356524,-30.339652428667428,-9.615259847028703,8.319698564428489,0.2616872554374068,-0.2172360707956802,-0.035311804769069,-0.5227657493207585,False,4.800000000000001,0.05,0.02,0.02,1.0,0.2,0.06,0.0,40,99
4.627856589174164,-0.6787071544192944,0.0854077746806862,12.455747679149914,108.08481831419353,-9.353623033571136,14.80793654515789,0.3124468167540491,-0.2283828449289449,-0.3947255680496797,-0.8264802238252047,False,4.800000000000001,0.05,0.02,0.02,1.0,0.2,0.06,0.0,44,0
4.647028783066269,-0.6643858815214422,0.0687109098318261,13.824499602809675,93.5439925066518,-7.717569028362252,10.528337463174578,1.461260779439906,0.3003618891897111,2.845050657770156,-0.3254012719830008,False,4.800000000000001,0.05,0.02,0.02,1.0,0.2,0.06,0.0,44,1
4.637016951852908,-0.6596141337923808,0.0808701973277672,10.935546645849929,127.08375179717672,-14.399809406301369,9.4596643847504,3.128784587650644,0.6520462467533072,-1.213669103407593,-0.7265513762756624,False,4.800000000000001,0.05,0.02,0.02,1.0,0.2,0.06,0.0,44,2
4.665792658893955,-0.668371496584499,0.0793732244592288,12.464341027928954,20.244442618415487,-13.030911279270455,16.107960541703825,2.1417556433321123,1.1841162369303109,2.070413090881733,-0.655904031358888,False,4.800000000000001,0.05,0.02,0.02,1.0,0.2,0.06,0.0,44,3
4.649411661557592,-0.6651870227472249,0.0739647998430547,13.08868056839376,75.27061031359791,-8.214188747106455,14.0027035493945,3.056877900204241,-1.3631077401289595,1.0943292306666694,-0.4914600406909559,False,4.800000000000001,0.05,0.02,0.02,1.0,0.2,0.06,0.0,44,4
4.663005094858048,-0.6738130933951979,0.076230924028413,12.39607265494818,113.37993849330896,-11.364614982899669,9.971222679103096,1.8605110130056008,-2.462774691380332,2.055130625729246,-0.5424578390692603,False,4.800000000000001,0.05,0.02,0.02,1.0,0.2,0.06,0.0,44,5
4.6467607187532165,-0.6678476401973973,0.0800517593423307,13.691911331263515,21.228988363265344,-14.237857628943344,9.717888225142415,1.418186181521944,-3.90687439938874,0.8825069884589563,-0.6800163193556377,False,4.800000000000001,0.05,0.02,0.02,1.0,0.2,0.06,0.0,44,6
4.641570383648509,-0.6716531403782205,0.0810710664187608,11.01334616317208,127.50379031429809,-9.692415504844885,16.713516198238384,2.099376328587277,-3.564612632446923,3.1466467354636247,-0.7038123654737076,False,4.800000000000001,0.05,0.02,0.02,1.0,0.2,0.06,0.0,44,7
4.663667863629964,-0.6638535578966925,0.0717573558036407,13.560024440883538,38.215214832525945,-6.405746671934281,7.506245851808313,2.827341377088938,-3.532478440240057,4.382650499024913,-0.4231667749466439,False,4.800000000000001,0.05,0.02,0.02,1.0,0.2,0.06,0.0,44,8
4.649790657451088,-0.6649181337146085,0.0850293903096527,14.53943572689916,47.519767578857255,-12.234558209649151,10.725929072104252,0.5772898815248958,-0.7141570606840233,0.515431434285158,-0.8461495295467636,False,4.800000000000001,0.05,0.02,0.02,1.0,0.2,0.06,0.0,44,9
4.6526677306266935,-0.6754061097471791,0.0688048415383305,12.120660416594625,69.23269910608025,-14.649451740307644,15.280016736047369,1.8355577863340369,1.889567610919922,-0.6499245643423176,-0.3016202019957474,False,4.800000000000001,0.05,0.02,0.02,1.0,0.2,0.06,0.0,44,10
4.640597069444117,-0.6547655991857447,0.0844862553473125,12.850643213853274,51.71092071507648,-15.845021583368217,6.677168253762275,1.6228831109065291,-0.893555266460845,0.278204718759276,-0.8536869089015686,False,4.800000000000001,0.05,0.02,0.02,1.0,0.2,0.06,0.0,44,11
4.672465298005631,-0.6663301759328252,0.0653086989600025,12.338365228795109,40.95182034214311,-17.13005307020111,15.315726630827452,3.1647104625883418,0.5677744680162808,1.1136572882253493,-0.2103380266009629,False,4.800000000000001,0.05,0.02,0.02,1.0,0.2,0.06,0.0,44,12
4.6446722742178,-0.6534604257183435,0.0854519010893057,15.757365374126216,24.71062976951988,-9.841845871867683,16.93402716440182,1.826885840218301,-4.021881862211412,-1.1466866385567682,-0.8874754766806916,False,4.800000000000001,0.05,0.02,0.02,1.0,0.2,0.06,0.0,44,13
4.655836259558152,-0.6683701271930754,0.0734999823291405,11.951306168618956,69.8099044178864,-13.373902501171504,9.750944093591176,1.902512219098844,-1.8640868562642443,-1.2361076952351788,-0.468560953695629,False,4.800000000000001,0.05,0.02,0.02,1.0,0.2,0.06,0.0,44,14
4.653754032617876,-0.6588131636947309,0.0876077931135914,13.17655018601054,50.127770039639614,-11.149683143149655,11.525507611189155,1.5770093474235911,-0.8179824382519025,2.22773701467839,-0.9430725448104988,False,4.800000000000001,0.05,0.02,0.02,1.0,0.2,0.06,0.0,44,15
4.6604715249928175,-0.6568840591522472,0.0758067124256482,13.175791775394831,73.03135354191716,-13.534860720635963,11.36687449185847,1.7254899576851384,-1.855813313078372,0.0862710698066517,-0.569664764155783,False,4.800000000000001,0.05,0.02,0.02,1.0,0.2,0.06,0.0,44,16
4.65332276635509,-0.6769946826854752,0.0978827192798756,13.687105853844011,82.07823563352915,-15.52600034480721,9.465900536357909,1.8455861461828735,-1.3965099941564727,-2.283637476377196,-1.228260412529575,False,4.800000000000001,0.05,0.02,0.02,1.0,0.2,0.06,0.0,44,17
4.668131421777307,-0.6605943829285054,0.0650625810210506,12.782877503794458,39.27687385279512,-15.824654465503562,13.57933668885179,0.5989201871663317,-2.0231436163928325,0.8279651324841995,-0.2164881883385687,False,4.800000000000001,0.05,0.02,0.02,1.0,0.2,0.06,0.0,44,18
4.656155439710672,-0.662481627657664,0.0759566886418912,13.416660445275191,102.33979202721753,-12.982896037729535,4.89681269866346,1.8055260088687344,0.5104162037008111,3.8527648579914366,-0.5612888037794863,False,4.800000000000001,0.05,0.02,0.02,1.0,0.2,0.06,0.0,44,19
4.625386639195842,-0.6654257827766905,0.0825983367472223,11.495240352805991,5.450900345207659,-9.973386454322265,8.535682541283188,2.572252716111585,-0.7980419197457223,3.0305109231158847,-0.7686016988953066,False,4.800000000000001,0.05,0.02,0.02,1.0,0.2,0.06,0.0,44,20
4.655461988179618,-0.667044025129897,0.0684387607477443,11.826405059178263,86.31591077932175,-8.444423908492283,10.41807847066656,3.7507337054491647,1.2888636151227075,0.7724371642969619,-0.3098069643252903,False,4.800000000000001,0.05,0.02,0.02,1.0,0.2,0.06,0.0,44,21
4.658222136213676,-0.6674822206917654,0.0692702595868856,14.119485850838252,55.51258182958925,-12.58393795225277,5.555101216574112,1.2429579411447806,0.0541592854113159,0.1710580942811599,-0.3351976489472839,False,4.800000000000001,0.05,0.02,0.02,1.0,0.2,0.06,0.0,44,22
4.651245583941353,-0.6837383014107298,0.0704371665905173,13.454836006705392,95.72490529584138,-9.978738653874466,11.182506416267644,1.8154108021404325,-1.8763657785113763,-3.060470510875713,-0.3339426724743228,False,4.800000000000001,0.05,0.02,0.02,1.0,0.2,0.06,0.0,44,23
4.6607609810825545,-0.6509821261364483,0.070172449003478,9.623426468262444,73.4450078341544,-12.58113146959338,17.450353428949953,1.7865934437700326,1.4108855200805246,0.6147113363839449,-0.4035156065188683,False,4.800000000000001,0.05,0.02,0.02,1.0,0.2,0.06,0.0,44,24
4.653500058946601,-0.6712618981136859,0.0708598842413465,11.56573769966787,82.97178100733726,-14.360156416957278,12.402703969934343,1.3825018818971009,-1.8073917245113225,0.554760797638842,-0.3772777367134474,False,4.800000000000001,0.05,0.02,0.02,1.0,0.2,0.06,0.0,44,25
4.662824597694089,-0.6762009030126283,0.0713447958785117,15.724990176588983,10.652855059122851,-12.564290566979269,6.788102333176164,1.6761042265038135,-3.1469101152664565,2.3590692442212107,-0.3803818250204225,False,4.800000000000001,0.05,0.02,0.02,1.0,0.2,0.06,0.0,44,26
4.6524419426384,-0.6643701901260514,0.0839382316971556,13.601643062193364,100.6107735587379,-11.57177333926205,7.0939820653305645,1.4958448573742762,-0.8663875025304879,1.4246767770178377,-0.8123884414481541,False,4.800000000000001,0.05,0.02,0.02,1.0,0.2,0.06,0.0,44,27
4.64508727773159,-0.6485024051274131,0.0733318143810322,11.872685555016709,13.896720727657332,-9.461994257931238,10.793281654409157,2.2679568263560785,-4.521826374310079,2.066097138324141,-0.5115070512233455,False,4.800000000000001,0.05,0.02,0.02,1.0,0.2,0.06,0.0,44,28
4.656266681940145,-0.6674122602760301,0.0752993258671752,13.109701448742836,7.45945293556338,-11.99816523428811,8.595854438904027,2.1542023089610747,-1.9018272156633464,1.9217026547360423,-0.5284130021707263,False,4.800000000000001,0.05,0.02,0.02,1.0,0.2,0.06,0.0,44,29
4.652504869591779,-0.6792265227425182,0.0879560581698175,15.853704206475973,67.09728992081887,-14.159387032677836,8.00660743414376,1.793447016950811,-2.011368483698321,-1.0868947303697434,-0.905299914676612,False,4.800000000000001,0.05,0.02,0.02,1.0,0.2,0.06,0.0,44,30
4.646426895965074,-0.6731497490508603,0.0870726555204444,12.095689466836236,-2.224988248075232,-14.796370594497514,11.933203831537632,2.238034348568815,-2.076022438200606,-0.2839045363750265,-0.8919799651742542,False,4.800000000000001,0.05,0.02,0.02,1.0,0.2,0.06,0.0,44,31
4.6730966945430055,-0.6759891020486553,0.0690847266634412,13.134664655887732,-14.766632612612398,-14.38562717598467,7.695159230636973,0.6254565415542688,-1.7895074846501302,-0.0181778107691958,-0.3079516066407666,False,4.800000000000001,0.05,0.02,0.02,1.0,0.2,0.06,0.0,44,32
4.634803325867636,-0.6666476356728758,0.0826145340859567,12.362560170427582,115.36597101390866,-7.856592570764235,13.748906164113835,0.990484215581302,1.6335492141818286,-0.5517764359333975,-0.7656225655836555,False,4.800000000000001,0.05,0.02,0.02,1.0,0.2,0.06,0.0,44,33
4.664074172586607,-0.6712762048790125,0.0703951001711643,15.061687839275528,69.91604645470318,-13.135358605832764,15.897112493254896,2.377815918479531,-2.78685490160511,1.577521397176691,-0.3617358634124346,False,4.800000000000001,0.05,0.02,0.02,1.0,0.2,0.06,0.0,44,34
4.65354582096502,-0.6672619939085664,0.0693009489810683,11.455433736849674,80.44839296212744,-6.33945380876315,12.386421203789938,2.033180256750838,1.1851798140944934,-0.4965174903128805,-0.3369888327557264,False,4.800000000000001,0.05,0.02,0.02,1.0,0.2,0.06,0.0,44,35
4.659280582011657,-0.6654161926215215,0.0724976777320769,14.958505547899488,42.55021524080954,-11.284508075249168,16.740693626514858,1.7576095980717743,-1.4632169271041011,0.4595899340359994,-0.4433699902141106,False,4.800000000000001,0.05,0.02,0.02,1.0,0.2,0.06,0.0,44,36
4.6475453746257385,-0.6651546489664276,0.0702005998525931,14.48372479694221,26.823013084205343,-16.282694575461825,10.433468680203896,2.0719773243727784,-1.592209411068742,3.0484496906867085,-0.3711953152860103,False,4.800000000000001,0.05,0.02,0.02,1.0,0.2,0.06,0.0,44,37
4.645558366858928,-0.654573124331133,0.0781661277672659,10.921885228673048,92.14162915980978,-13.348623248927757,12.869735461880808,1.1509348727267446,-2.434706376188532,-0.0071818404472618,-0.6516070881462555,False,4.800000000000001,0.05,0.02,0.02,1.0,0.2,0.06,0.0,44,38
4.660417282973745,-0.6752722358318194,0.0778367647543754,13.256481594818805,19.559922896466237,-3.6842458007846055,7.308509533036336,2.0648960520640247,-3.24281456623573,0.7279102133945692,-0.5904980691652244,False,4.800000000000001,0.05,0.02,0.02,1.0,0.2,0.06,0.0,44,39
4.649792486757679,-0.6715725972250549,0.0693888693977371,11.44940418862829,111.08219214073384,-6.685267980811361,8.623975086278609,0.8521710455179667,1.4613986436846955,4.61966279561078,-0.3296820381819978,False,4.800000000000001,0.05,0.02,0.02,1.0,0.2,0.06,0.0,44,40
4.676131714892796,-0.6688167946190999,0.0613112193408793,13.22424479618483,45.71309235459288,-19.00382608973075,16.591636345216717,2.678412004098254,-0.077333820129303,1.4096107284659056,-0.0762308089287322,False,4.800000000000001,0.05,0.02,0.02,1.0,0.2,0.06,0.0,44,41
4.682802630340941,-0.6716541093127085,0.0671980745738125,12.095644001702212,13.308209150059715,-14.35263337664834,11.57405451127917,1.7818432655245091,0.1046456256204722,0.002214149886665,-0.2574003661910449,False,4.800000000000001,0.05,0.02,0.02,1.0,0.2,0.06,0.0,44,42
4.662095482476876,-0.6694254290416377,0.0665030549578972,11.595811984139258,98.66847990343288,-5.0947099470382895,13.928848055422554,1.2387893503072402,-4.292312363506948,1.73412868940138,-0.2417510000041696,False,4.800000000000001,0.05,0.02,0.02,1.0,0.2,0.06,0.0,44,43
4.624097225259512,-0.6615244837244925,0.0729672096816212,16.37685595156662,120.64229760813684,-15.998871991533337,9.67465543311984,3.031049587603596,0.1799536431693866,0.9060074842554312,-0.4698461153575262,False,4.800000000000001,0.05,0.02,0.02,1.0,0.2,0.06,0.0,44,44
4.655942671215812,-0.6594263840043851,0.0749056341079212,12.46167805543094,-51.393085535391215,-13.418502814271031,4.0735527193247165,2.446319169267281,-1.8928159822394872,2.168410538354697,-0.535000409570006,False,4.800000000000001,0.05,0.02,0.02,1.0,0.2,0.06,0.0,44,45
4.66291640597863,-0.6728242540123864,0.0618722184098347,9.983533853712434,72.90830222024424,-8.502699945834145,7.605885212494231,2.326062061735324,-1.2003731577198042,-1.5923395458738636,-0.0853577951262676,False,4.800000000000001,0.05,0.02,0.02,1.0,0.2,0.06,0.0,44,46
4.668796193252633,-0.6581531527607988,0.0676790006923118,11.148214533891952,32.34407587988345,-13.368338908403183,7.826107117803746,1.4968118975966802,-2.407265690098019,1.061265156389478,-0.3060326839329046,False,4.800000000000001,0.05,0.02,0.02,1.0,0.2,0.06,0.0,44,47
4.633779237404753,-0.6698980452089677,0.0850494310926696,17.259390538948598,75.56628357849684,-9.252521603514024,13.460049140501138,1.9750935195619264,-3.1684107215698085,1.429495356634218,-0.8357997322196224,False,4.800000000000001,0.05,0.02,0.02,1.0,0.2,0.06,0.0,44,48
4.643786382880129,-0.662611122019341,0.0745508732483828,13.53537873407534,80.68438816568533,-9.287344002785574,11.83467470769507,2.733127204784257,-4.62783671704301,1.558545682246495,-0.516734068129024,False,4.800000000000001,0.05,0.02,0.02,1.0,0.2,0.06,0.0,44,49
4.655643542229214,-0.6821155190242999,0.0752708006643491,14.461308222991692,47.20034118595604,-11.900608675810975,5.206216970612342,2.7566111433551184,-0.9789022925497526,1.7348482803382308,-0.4922497630671012,False,4.800000000000001,0.05,0.02,0.02,1.0,0.2,0.06,0.0,44,50
4.612147355738467,-0.66532596945042,0.0912034987580131,13.53166523303182,71.12332899981564,-12.979007010668882,9.980151530184834,1.9791190243918777,0.8525438681316442,-0.0388848758976709,-1.0450007922311064,False,4.800000000000001,0.05,0.02,0.02,1.0,0.2,0.06,0.0,44,51
4.634594724009365,-0.6685714806418627,0.093703929124917,11.517755329344126,129.74854680440382,-13.22402075403192,4.026366942523168,2.747520259357779,2.3965672023435363,-3.199693056499544,-1.115878495016315,False,4.800000000000001,0.05,0.02,0.02,1.0,0.2,0.06,0.0,44,52
4.635070396375505,-0.6507921705664346,0.0648283127335053,12.587374982281748,78.87662543258534,-17.040435567805154,7.1678268912896055,2.224554494217581,1.5733951919120177,1.6094099212960415,-0.2345005743301969,False,4.800000000000001,0.05,0.02,0.02,1.0,0.2,0.06,0.0,44,53
4.637515401006959,-0.6654268239131994,0.0879766331262064,12.779922740750695,86.77662186701085,-10.00279882345596,8.587463484461434,1.575701630752536,1.9416330142293168,3.939974196791674,-0.9399769585865116,False,4.800000000000001,0.05,0.02,0.02,1.0,0.2,0.06,0.0,44,54
4.638849884232131,-0.6605635368359564,0.0811544129644933,12.243731490293976,69.25017421842735,-12.251203533503755,15.271747578285565,2.2179721115421804,-0.9899968853070308,-1.8990588425403805,-0.7332577334035641,False,4.800000000000001,0.05,0.02,0.02,1.0,0.2,0.06,0.0,44,55
4.663907507646857,-0.673159547218086,0.075840114863944,13.590062637837653,16.309828902610974,-11.890770274701612,9.96030461981418,1.7183324416809271,-0.2493363722452151,4.89759794081002,-0.5314663118639915,False,4.800000000000001,0.05,0.02,0.02,1.0,0.2,0.06,0.0,44,56
4.65300852113314,-0.6730056988947662,0.0762117517405612,11.674881403661082,60.81814120477713,-9.345010777687282,6.020918054570593,2.594670661027314,-1.465840257343816,-1.638103944894076,-0.5443818670825316,False,4.800000000000001,0.05,0.02,0.02,1.0,0.2,0.06,0.0,44,57
4.644973533993441,-0.675501048496198,0.0768653966552216,13.010200630545995,140.96443675875304,-9.416662815466422,12.384296444123445,2.019749119615465,-0.6076051904938513,1.5114664889131486,-0.5597917645366128,False,4.800000000000001,0.05,0.02,0.02,1.0,0.2,0.06,0.0,44,58
4.663041080151522,-0.6616990954129507,0.0703255442032931,11.42990603293686,102.70975795658302,-10.194152033258751,12.02213829522572,0.8551008502980437,-1.740936861957945,1.9342865908825535,-0.3825571207052074,False,4.800000000000001,0.05,0.02,0.02,1.0,0.2,0.06,0.0,44,59
4.668424352504876,-0.6735205461363489,0.0768336686254363,12.52095161770742,15.430766543213,-4.817741931732918,17.38861689309943,2.4823787576481755,0.2453106048425948,0.3273945950901977,-0.5621226241364345,False,4.800000000000001,0.05,0.02,0.02,1.0,0.2,0.06,0.0,44,60
4.638991576407647,-0.6576400719173262,0.0734949104238746,12.726141213374344,41.83613063819848,-5.710279587443409,4.636080641927919,2.518911234449668,-2.352040928081578,3.1321681212054946,-0.495161466377946,False,4.800000000000001,0.05,0.02,0.02,1.0,0.2,0.06,0.0,44,61
4.662775910704875,-0.6718573809595186,0.0753319215845969,11.186455662845775,6.405883553797061,-13.767366876211238,9.401822420370753,1.4515916610310122,-1.1730517192609695,1.774476258258226,-0.5183972217619648,False,4.800000000000001,0.05,0.02,0.02,1.0,0.2,0.06,0.0,44,62
4.660934337068063,-0.6696027963373989,0.0727804473956576,13.588796355985751,71.49709501203043,-13.544581666009368,11.744764731404008,2.393367079999757,-1.7613316618925428,-0.4956915017150552,-0.4422715452272046,False,4.800000000000001,0.05,0.02,0.02,1.0,0.2,0.06,0.0,44,63
4.6523925935248585,-0.6673326168374488,0.0706265657784032,12.234095983566036,100.6091877953054,-12.328831953110084,11.46537225390288,2.922593988756196,-3.290924296377391,1.7302463633789549,-0.3793082688875371,False,4.800000000000001,0.05,0.02,0.02,1.0,0.2,0.06,0.0,44,64
4.652864048161113,-0.6702915738569496,0.0639610034044745,13.78876307527076,65.63379342980586,-15.492316934057769,9.246427131490655,2.564324748540358,-2.3865396416902525,-0.5650030548708355,-0.1588804887968391,False,4.800000000000001,0.05,0.02,0.02,1.0,0.2,0.06,0.0,44,65
4.653204173370559,-0.6602348315047138,0.0831768103843803,14.499168694206332,42.65894272624696,-11.54826908476906,9.626698761159478,1.1828600978119452,-0.0121438251515786,-1.8717651797614163,-0.797902086286626,False,4.800000000000001,0.05,0.02,0.02,1.0,0.2,0.06,0.0,44,66
4.636310555917256,-0.6629752974846276,0.0756650550446301,11.522160524121777,70.72553230461605,-12.56941888177404,14.233980521589991,2.402604463926633,1.3813612289239314,-0.3290282905756938,-0.5519624141100221,False,4.800000000000001,0.05,0.02,0.02,1.0,0.2,0.06,0.0,44,67
4.635341763337294,-0.6558292210859654,0.0897273232264509,13.81115837571943,59.67275010649703,-18.51182667455715,9.52983654454406,1.7757280528348316,-2.7200570224907064,1.822867706852961,-1.0191637068398756,False,4.800000000000001,0.05,0.02,0.02,1.0,0.2,0.06,0.0,44,68
4.668948171236189,-0.6750252239604128,0.0692043200821284,15.01611173154549,30.692092716186227,-18.79229884209895,8.605583449177711,1.919752376568608,1.219111008545214,2.836184659368544,-0.3143408148489492,False,4.800000000000001,0.05,0.02,0.02,1.0,0.2,0.06,0.0,44,69
4.645986843360706,-0.6600687429586096,0.0804511612965386,14.599955506695435,10.486794303085478,-13.700756006216738,11.917890869649463,3.0499662440196,-2.6286803145817568,3.616379188468682,-0.7115129677869305,False,4.800000000000001,0.05,0.02,0.02,1.0,0.2,0.06,0.0,44,70
4.646823115120525,-0.6670423660774089,0.0706089859560594,11.543937799699012,84.16050318693216,-19.014692767618943,8.88739130665318,1.6252726790089538,-1.052855538548119,2.347787436274619,-0.3797764851008889,False,4.800000000000001,0.05,0.02,0.02,1.0,0.2,0.06,0.0,44,71
4.640762480004964,-0.6772720644306777,0.0775777830003393,15.618740501525153,101.7737897339394,-13.09737002959896,9.423689602033225,3.1806822719238976,-0.4478264034317156,1.6591040756465714,-0.5785903525769351,False,4.800000000000001,0.05,0.02,0.02,1.0,0.2,0.06,0.0,44,72
4.668206281319107,-0.6735900710532059,0.075755715261173,13.80741557503168,15.05703925251757,-9.795119037821006,10.17122119893177,1.1426224580393818,-0.5507760513338016,3.970592689863005,-0.5274743409506975,False,4.800000000000001,0.05,0.02,0.02,1.0,0.2,0.06,0.0,44,73
4.638771478628043,-0.6528867592772959,0.0819968972344174,13.980610215306932,47.76966719223656,-9.936169211401705,13.251878906954474,2.2170291679048177,-5.035591479688895,0.6503130043493677,-0.7786462005181656,False,4.800000000000001,0.05,0.02,0.02,1.0,0.2,0.06,0.0,44,74
4.669453155035883,-0.6682250606820682,0.0639858236360012,12.015507014873345,66.39043625044836,-8.267542352125236,9.603387031452383,1.8755358306099383,-3.594300231727128,1.5041643016207225,-0.1636390214129237,False,4.800000000000001,0.05,0.02,0.02,1.0,0.2,0.06,0.0,44,75
4.656594101702493,-0.671567498008733,0.0759516455549728,12.410169790582575,58.65190391771531,-10.776619926644283,13.054283021382297,1.8171572819601625,-2.72695665745398,2.41238140204174,-0.5392950164360235,False,4.800000000000001,0.05,0.02,0.02,1.0,0.2,0.06,0.0,44,76
4.635406022613453,-0.6685527252178097,0.0770118391213657,11.929087682845038,74.3972157436206,-11.03209429074866,12.801652206894152,2.423845795068388,-1.526000977157926,-0.0031870115751386,-0.5817279500041534,False,4.800000000000001,0.05,0.02,0.02,1.0,0.2,0.06,0.0,44,77
4.667559876792818,-0.6641013872096142,0.070602515655586,13.141745084835607,30.347608435213893,-12.18638282013436,9.22315836048823,0.8308601559001784,-3.9644443241579688,0.7310902813702058,-0.3853835790681108,False,4.800000000000001,0.05,0.02,0.02,1.0,0.2,0.06,0.0,44,78
4.652694386701493,-0.6625071903110512,0.0747272447031942,11.684969288100888,136.5135872611882,-15.28438736440166,9.5696105007393,1.0500089971891189,-2.3264597491697434,-0.9372414587651468,-0.5220929105536052,False,4.800000000000001,0.05,0.02,0.02,1.0,0.2,0.06,0.0,44,79
4.653022235584915,-0.6662405817090685,0.0745328129800743,13.34430202629763,71.35637699202015,-13.589293165615633,8.276218191929654,1.4242411008304163,-1.8379598553218075,-0.6446150898852532,-0.5068912851255194,False,4.800000000000001,0.05,0.02,0.02,1.0,0.2,0.06,0.0,44,80
4.645949093237447,-0.6807172608335805,0.080783629435885,12.899223952070551,87.09578575563478,-9.875147972744116,3.926294725584153,1.5198742500126152,-2.442943954455574,4.036631385923307,-0.6725977703534833,False,4.800000000000001,0.05,0.02,0.02,1.0,0.2,0.06,0.0,44,81
4.660923202211865,-0.6595658373187698,0.068598279114462,11.555391126941135,64.30325175250589,-12.949735297328033,9.962552635252823,0.8238221881778383,0.4680921349610301,1.606152248914246,-0.3325315299650249,False,4.800000000000001,0.05,0.02,0.02,1.0,0.2,0.06,0.0,44,82
4.648877521095868,-0.6603724825911415,0.0896784369472381,14.473752298982472,43.28476945073659,-9.497764683805602,4.613092781233462,2.385766558110604,2.1634312188387264,2.969777534561051,-1.005883372827128,False,4.800000000000001,0.05,0.02,0.02,1.0,0.2,0.06,0.0,44,83
4.647153752821176,-0.6615230345029349,0.0700937724993896,14.481918633383966,81.53055933817032,-10.048638263709408,7.994658679749405,2.3254380478237,-1.8545131810906732,-1.1241278988129475,-0.3765162120041558,False,4.800000000000001,0.05,0.02,0.02,1.0,0.2,0.06,0.0,44,84
4.650262516613831,-0.6603728003608739,0.0664603813349611,13.202478450430563,57.13072981420188,-9.754408981540568,4.621362938500653,1.829912264091563,-1.945578350983817,-2.69529902725076,-0.2628217308558289,False,4.800000000000001,0.05,0.02,0.02,1.0,0.2,0.06,0.0,44,85
4.642350045651701,-0.6653901361138904,0.0882292670018781,12.993302446133246,77.45211063792799,-18.626439064860158,6.456596164017521,1.4893654654709092,1.639948702128598,0.760383369493951,-0.9478592146476604,False,4.800000000000001,0.05,0.02,0.02,1.0,0.2,0.06,0.0,44,86
4.653892094321686,-0.6575612462781399,0.08449301574865,12.992241681190317,30.470059107339104,-18.16450448621531,14.218147293049183,2.252503338442041,0.1710754832236736,-2.797940038115691,-0.8463959872299651,False,4.800000000000001,0.05,0.02,0.02,1.0,0.2,0.06,0.0,44,87
4.637262661605015,-0.6598719334647515,0.0833621205970986,14.204024046183203,69.24981184001209,-10.58480025195536,11.95938500207002,3.090083624739515,-2.7396883846138347,0.4628687832775808,-0.8056594590954522,False,4.800000000000001,0.05,0.02,0.02,1.0,0.2,0.06,0.0,44,88
4.667367624780323,-0.668199914608966,0.0802101198231338,14.348203638874054,42.40509599306461,-14.476881492689982,11.75406953733127,2.7763869022456618,1.1392731170918875,0.2414940409340362,-0.6830019817919468,False,4.800000000000001,0.05,0.02,0.02,1.0,0.2,0.06,0.0,44,89
4.644087963990697,-0.6651366078086497,0.0877825236933136,12.617746798739338,159.84895108687135,-11.699470411136732,5.908154182746593,1.187542032688654,-3.666823285206853,1.325303544318874,-0.9340676216058356,False,4.800000000000001,0.05,0.02,0.02,1.0,0.2,0.06,0.0,44,90
4.642516187094516,-0.6415232061993196,0.0751201564585287,14.120168640096216,66.79203957310163,-9.20341113444918,12.057805475355174,1.96978415084536,0.0535955236776235,2.680564734027413,-0.5856383405688814,False,4.800000000000001,0.05,0.02,0.02,1.0,0.2,0.06,0.0,44,91
4.6379951508612,-0.6721396434484038,0.0793413665001724,10.889250020581333,152.41845021281384,-7.685959278834201,14.136368393127425,1.3429890763695491,-0.3076195322480033,1.1746677406784296,-0.6475088746776774,False,4.800000000000001,0.05,0.02,0.02,1.0,0.2,0.06,0.0,44,92
4.6546775862500605,-0.6725970403376279,0.0797707973499194,13.344599915705706,-24.793013862825347,-11.29683888452518,10.3772156347065,1.0541776095757271,-3.34381834145214,2.413418337357668,-0.6591519632121112,False,4.800000000000001,0.05,0.02,0.02,1.0,0.2,0.06,0.0,44,93
4.659649029409686,-0.6662160090820554,0.076092091217961,14.501187405959444,37.35725948960021,-9.560045045342235,11.504932940216587,2.4350043269156845,-2.7774508947372465,-1.4589394074788908,-0.5564495554132385,False,4.800000000000001,0.05,0.02,0.02,1.0,0.2,0.06,0.0,44,94
4.645647298672418,-0.6610345240515217,0.0736185999772977,13.62760799824931,133.34247824632,-4.414767352322084,6.733668782558837,1.8173671009012664,1.4987246673214818,5.836057070793775,-0.49057350362953,False,4.800000000000001,0.05,0.02,0.02,1.0,0.2,0.06,0.0,44,95
4.653717506324878,-0.6552046661232933,0.0766862326342818,10.402902162882098,65.42804387666305,-11.229448637810686,16.04798790321833,1.7240354068954105,-3.1501272747712075,1.554567138744483,-0.6022451952216241,False,4.800000000000001,0.05,0.02,0.02,1.0,0.2,0.06,0.0,44,96
4.627633438201989,-0.6541894503989555,0.0843359431153272,10.891023849012822,102.641227314524,-13.014270205934803,12.809431147898785,2.271395237302357,-2.7905703981545327,-0.5224773020492015,-0.851037492440859,False,4.800000000000001,0.05,0.02,0.02,1.0,0.2,0.06,0.0,44,97
4.617637875434796,-0.6513870618907326,0.0831063727330057,14.829524461923112,151.40861672661504,-11.954840945647424,8.434154930519753,1.56721924777095,-2.51116077365976,0.3924348448483707,-0.8190167063923399,False,4.800000000000001,0.05,0.02,0.02,1.0,0.2,0.06,0.0,44,98
4.654185943389664,-0.6612541278871321,0.0664868595469906,12.891828524542948,44.99145451685781,-15.385867400181985,11.856271805799892,2.1829281728235026,-3.907350445353081,3.3603067611497286,-0.2613184419712056,False,4.800000000000001,0.05,0.02,0.02,1.0,0.2,0.06,0.0,44,99
3.4367289893052964,-0.2853123082156077,0.0229991599774393,13.43957465977972,9.432761130950947,-13.98873038991878,8.775146027476243,-0.0960387519564964,1.072449806197987,-0.8939096490024483,-2.052939198036458,False,9.6,0.1,0.02,0.02,1.0,0.4,0.06,0.0,36,0
3.436974933283081,-0.2885339042838614,0.0241465103439132,12.37395565090039,6.7962018125065455,-5.541528268506022,9.14703750390472,-0.0585058763726639,0.1490805934359328,-0.3975953157400778,-2.19205345774264,False,9.6,0.1,0.02,0.02,1.0,0.4,0.06,0.0,36,1
3.433836663785779,-0.2852050928065019,0.0230130460972065,12.74773575368333,-0.6940060285378333,-11.935667050552825,6.7616279919324,-0.3094306350012259,0.1043732177164786,-1.6382523012611332,-2.055147477879681,False,9.6,0.1,0.02,0.02,1.0,0.4,0.06,0.0,36,2
3.4292611456323754,-0.2791917628653533,0.0215162825945389,13.33273284629647,0.625708962257447,-11.358915317279395,7.22321417664834,0.2115019824781311,1.0518444776005458,0.6769222976117364,-1.878268272486193,False,9.6,0.1,0.02,0.02,1.0,0.4,0.06,0.0,36,3
3.4447907470309054,-0.2915819357398145,0.0216810036806556,14.086343339135109,7.145662101980498,-10.04659167574074,11.240753131373047,-0.1849075140900853,1.2691372668821392,-1.1590624530834996,-1.8686843805265143,False,9.6,0.1,0.02,0.02,1.0,0.4,0.06,0.0,36,4
3.437045684898107,-0.2867172322380614,0.0225870411297109,13.149590337927007,-5.846685029194503,-5.488530197793658,11.67632027917663,-0.1561178388267465,-0.5262904119626363,-1.7686475459084896,-1.996797166137771,False,9.6,0.1,0.02,0.02,1.0,0.4,0.06,0.0,36,5
3.447925032271748,-0.2843191123625195,0.0220521727298649,13.847876783349204,1.917400501347906,-14.408861951464614,6.429238817640899,-0.3224825080653375,0.9119206729063896,-0.1035880885014488,-1.933436737816356,False,9.6,0.1,0.02,0.02,1.0,0.4,0.06,0.0,36,6
3.4297257131495207,-0.2834332763983765,0.021302854411398,13.615655701206624,8.320685090790146,-8.315170935716925,7.613562229871331,-0.2739968304763169,0.5398625159465162,0.4780429828650578,-1.840741958513872,False,9.6,0.1,0.02,0.02,1.0,0.4,0.06,0.0,36,7
3.4280346349276165,-0.2896520234315139,0.0239166076773271,13.394920851029996,-0.2408080386801963,-13.549517719667984,7.176509158937348,-0.0709678451950226,1.7634055094725836,-0.4075970330002758,-2.160478848366589,False,9.6,0.1,0.02,0.02,1.0,0.4,0.06,0.0,36,8
3.4224330743517903,-0.2864642551203077,0.0213350210082123,13.448617041488726,4.721370583008224,-10.734060289391971,6.271436457448833,0.0483240784837165,1.587261345372805,-1.0317352463899236,-1.8380224923013315,False,9.6,0.1,0.02,0.02,1.0,0.4,0.06,0.0,36,9
3.446689720282711,-0.287112531279372,0.0229953265837401,12.883040242563318,15.86745466828372,-12.836010511247787,9.931716129930836,0.0840921413325149,-0.7606445264462697,-1.325939935288599,-2.047530344431279,False,9.6,0.1,0.02,0.02,1.0,0.4,0.06,0.0,36,10
3.453306575972732,-0.2911587802366618,0.0206280741398537,13.461690133212448,-9.322447884931858,-13.67749038398438,7.897794947319547,0.2415008223466305,-0.4840871316751162,-0.9586699683552996,-1.734414022774924,False,9.6,0.1,0.02,0.02,1.0,0.4,0.06,0.0,36,11
3.4349950615716405,-0.2876883669558052,0.0203159666037079,14.005319284584306,-4.901641482993825,-11.460869603164586,8.358076551830655,-0.1948697275402533,0.4040874328535684,-0.6204554022732663,-1.703891940886391,False,9.6,0.1,0.02,0.02,1.0,0.4,0.06,0.0,36,12
3.446120294605116,-0.2913331462937695,0.0225014836586354,12.730101082355992,7.571086652734696,-10.568061791510594,7.114525153102575,-0.0989206726681807,1.6808838523730378,-0.4907522029866895,-1.974223139523977,False,9.6,0.1,0.02,0.02,1.0,0.4,0.06,0.0,36,13
3.433792021011381,-0.2831253257685608,0.0216572612238241,13.651083063218964,2.457115270778088,-7.829632124174807,8.36308235581095,-0.1046133603963641,1.1051335670113156,-0.5456673617213921,-1.886601133544268,False,9.6,0.1,0.02,0.02,1.0,0.4,0.06,0.0,36,14
3.431118830131382,-0.2877038934324268,0.0200530847138553,13.1116427591961,4.970401333115931,-15.774425028550684,7.076547879059566,-0.1641443409963377,1.883963476073612,0.4367797489838362,-1.6704383693277824,False,9.6,0.1,0.02,0.02,1.0,0.4,0.06,0.0,36,15
3.434603790071993,-0.2880556162976608,0.0234603644617945,13.219417047844688,1.6443234910887303,-11.741169534452812,10.119261689875614,-0.1458543749299999,-0.4504655392306599,-0.3773388712070386,-2.105516944591004,False,9.6,0.1,0.02,0.02,1.0,0.4,0.06,0.0,36,16
3.4369503620958164,-0.2822218492234489,0.0228118566872192,13.158024529076505,-4.922584205361958,-14.778069606774393,12.833915833643772,0.0471376322911678,-0.0609992748833163,-1.1022104383833835,-2.036368196102032,False,9.6,0.1,0.02,0.02,1.0,0.4,0.06,0.0,36,17
3.419412220139225,-0.2823539829641965,0.0247666423253943,13.516891432395015,8.42591571407743,-12.61720426980338,7.4759718352903555,-0.0966104976357989,-0.0350784831480807,-0.5016923945622803,-2.287315925328058,False,9.6,0.1,0.02,0.02,1.0,0.4,0.06,0.0,36,18
3.439934024756424,-0.2767959269150967,0.0204956440306298,13.5109953318928,3.759657957401859,-11.796797404942517,9.50079595340633,-0.1035246762779922,-0.4716724408253648,-0.9341585862146836,-1.7527361698390092,False,9.6,0.1,0.02,0.02,1.0,0.4,0.06,0.0,36,19
3.4331694612964925,-0.2865898306831029,0.0223209817865576,13.34246938227261,3.819285580856664,-10.062655924712471,11.738553228448694,-0.0550453966131048,0.1281957931851181,-0.7505157432648584,-1.963279907362144,False,9.6,0.1,0.02,0.02,1.0,0.4,0.06,0.0,36,20
3.4388215110593947,-0.2930060347399786,0.0225342760260888,12.550368595042729,1.7331603801816715,-12.071816438917931,8.46542806095269,0.2331876093831479,0.922369401823568,-0.0163160003738718,-1.9748435572998568,False,9.6,0.1,0.02,0.02,1.0,0.4,0.06,0.0,36,21
3.459265780359633,-0.2871258754245596,0.0175812638686731,13.772879989055618,-1.7878940210064442,-10.788200074069964,14.931916499681146,-0.2543407729157573,-0.1475296746467076,-0.4955111503066292,-1.353743727349638,False,9.6,0.1,0.02,0.02,1.0,0.4,0.06,0.0,36,22
3.4420779649179063,-0.2861821898370347,0.0220527174881799,13.46336136009042,-8.180389040125359,-8.411717940896718,8.673830561070996,-0.3137895479197393,-0.2105433976730516,-0.749239294507293,-1.929385904983074,False,9.6,0.1,0.02,0.02,1.0,0.4,0.06,0.0,36,23
3.4449592658486647,-0.2932988399807668,0.0235080981865414,13.284144941339507,-4.382442969651481,-10.769458046750534,10.402883367425966,-0.1822515816820695,-0.2074987659430157,-1.333297977137544,-2.0984217959725475,False,9.6,0.1,0.02,0.02,1.0,0.4,0.06,0.0,36,24
3.443270179482021,-0.2854486423618944,0.0203051831191928,13.43168593197828,5.268444070675545,-4.902982982131356,6.998104352091149,-0.3273367251677724,-0.2516463255191102,0.1764638262313099,-1.7073904868192185,False,9.6,0.1,0.02,0.02,1.0,0.4,0.06,0.0,36,25
3.427462451485758,-0.2814103464540436,0.0216877001134964,14.767799643863103,8.60964668434349,-10.023148108084118,8.848645538024133,-0.4112704720767445,0.0438489355777729,0.8360303352374117,-1.8949930359486973,False,9.6,0.1,0.02,0.02,1.0,0.4,0.06,0.0,36,26
3.4217337790339326,-0.2889337974510257,0.0258953347335488,13.090198489514066,0.8179047638202861,-16.981398603546307,7.514807607953763,-0.0251791489142885,1.2747639955526064,-0.0150394424390554,-2.4158577052697576,False,9.6,0.1,0.02,0.02,1.0,0.4,0.06,0.0,36,27
3.428478267448972,-0.2914997791179467,0.0217746952757347,13.501454907523506,-0.2854597723187018,-8.176601041574283,6.251114133703722,-0.1534509260929898,0.4825527956750453,-0.3031446702792608,-1.8818528293640315,False,9.6,0.1,0.02,0.02,1.0,0.4,0.06,0.0,36,28
3.414904201579463,-0.2841013559098183,0.023892197108393,13.749215225094794,6.595549271317626,-10.341952556259663,9.086074126047691,-0.2235376955500818,0.4581881087162953,-0.5962470542915883,-2.1714637235959744,False,9.6,0.1,0.02,0.02,1.0,0.4,0.06,0.0,36,29
3.427153380777899,-0.2885403483491822,0.0231566377927502,13.478869526478526,14.131889546831836,-11.979247409270126,8.162917459499264,-0.3164383839812064,-0.553110864187858,-1.3945639490739814,-2.065923598587317,False,9.6,0.1,0.02,0.02,1.0,0.4,0.06,0.0,36,30
3.417929232130488,-0.2823157853989117,0.0215760368455683,14.112501554722929,7.1500032382938095,-12.829379580735267,9.276867902590968,-0.0411943344025167,-0.1110724199349763,0.878375823676985,-1.8790990773475376,False,9.6,0.1,0.02,0.02,1.0,0.4,0.06,0.0,36,31
3.4269112832317696,-0.2877744378154569,0.0251037503621599,12.835951132382814,7.69570216537502,-11.003288280542774,7.2408072484384,-0.0153847462237627,0.3760744014124625,0.9672038551585882,-2.317006718605474,False,9.6,0.1,0.02,0.02,1.0,0.4,0.06,0.0,36,32
3.429732866435194,-0.2882215051462759,0.0214877184831787,13.570638708110234,16.32398563563789,-11.4514639930498,6.534062376773006,-0.2606472884492403,-0.5222805639425717,0.2075274731652784,-1.8529123815097008,False,9.6,0.1,0.02,0.02,1.0,0.4,0.06,0.0,36,33
3.426521995911296,-0.2830520773984705,0.0244274327161683,13.6853889228773,9.19460580931746,-9.92362617851914,10.436768369420736,-0.2286946355543399,0.3527312092904062,1.4049670566156685,-2.241795082158546,False,9.6,0.1,0.02,0.02,1.0,0.4,0.06,0.0,36,34
3.43627192003046,-0.2808640347999174,0.0218899910589999,14.394349596048585,3.600503124693821,-13.268681826987493,3.892938657836076,-0.2690528819108793,0.4745172117102985,-0.7604616387838637,-1.921668856830364,False,9.6,0.1,0.02,0.02,1.0,0.4,0.06,0.0,36,35
3.4343565773708886,-0.2878485707343361,0.0224846174242527,13.89741467117684,5.937433748950375,-12.165534704084664,10.626061194625034,0.2367571869140647,0.4578924731367255,-0.2425388106828723,-1.9811330658996884,False,9.6,0.1,0.02,0.02,1.0,0.4,0.06,0.0,36,36
3.4299362188269744,-0.2832610058058975,0.0233222073727776,12.931004769458102,3.676860848719024,-16.754507697317568,8.313158336799587,-0.0718055015263925,1.168635604569183,0.1823744537886465,-2.0996199566517726,False,9.6,0.1,0.02,0.02,1.0,0.4,0.06,0.0,36,37
3.420584322978957,-0.2884397969399873,0.0243980753965946,13.24756684298896,-8.32295956930539,-12.101034628464522,7.877952126327989,-0.3317280441730569,-0.1688042793792656,-0.3140463714661131,-2.225463078729411,False,9.6,0.1,0.02,0.02,1.0,0.4,0.06,0.0,36,38
3.429895432611288,-0.2879514042946587,0.0235883423719633,13.858118653141032,9.279875729683605,-9.844738700548954,12.164050375167252,-0.3382264483932357,-0.541814853561451,0.7845655519993122,-2.122430727347456,False,9.6,0.1,0.02,0.02,1.0,0.4,0.06,0.0,36,39
3.4403813147596494,-0.2929708864225038,0.0229289671000444,13.931471114030284,7.198530510923307,-7.27619503170029,5.360206754570297,-0.2632495255607223,-0.5749515403006183,-0.1872842606547344,-2.0253547825061045,False,9.6,0.1,0.02,0.02,1.0,0.4,0.06,0.0,36,40
3.446572366707127,-0.2852868194909198,0.0215889013132605,12.973448346312036,10.30128548628695,-8.82801587870581,2.676566668214869,-0.1298773023173657,0.4548219412931346,-0.9471887062216948,-1.8718966593167143,False,9.6,0.1,0.02,0.02,1.0,0.4,0.06,0.0,36,41
3.435581911743992,-0.2842415035402214,0.0209110804008595,13.039686019421495,14.818258121337148,-11.15937972458036,9.060610979277216,-0.1930413023835902,1.4813178836723984,-0.6279211457240176,-1.7883037681088585,False,9.6,0.1,0.02,0.02,1.0,0.4,0.06,0.0,36,42
3.439546974261212,-0.2862408662709008,0.0212136942564245,13.675096365703933,3.928858503063231,-10.485073795576652,11.316157435668602,-0.4566936938395741,-0.2936987561863421,-1.0115339836299977,-1.8220019673165104,False,9.6,0.1,0.02,0.02,1.0,0.4,0.06,0.0,36,43
3.4412823565707327,-0.2876148207603919,0.0206565353707768,13.413764745963606,-6.344490078842063,-7.5645764917815645,9.352669256506106,-0.3761515136225662,-0.5886426788722853,-0.2277337612225834,-1.7472840162402503,False,9.6,0.1,0.02,0.02,1.0,0.4,0.06,0.0,36,44
3.431605074493908,-0.2876863379610026,0.0231740498542421,13.174661172382065,2.3368925557337654,-14.652061048032898,6.472598573620104,-0.272392222271868,0.5146378097767874,-0.0085756456680619,-2.06993486576695,False,9.6,0.1,0.02,0.02,1.0,0.4,0.06,0.0,36,45
3.43395759445368,-0.2835434604981542,0.0228329826802636,13.35024247943264,8.200004710932808,-9.250461599665805,9.569427222970516,-0.4081007694061469,1.8467135035621756,-0.4806087479791359,-2.036080022210953,False,9.6,0.1,0.02,0.02,1.0,0.4,0.06,0.0,36,46
3.425203465166184,-0.2853210245703806,0.0226930987460447,13.761447388974709,5.148627334240652,-10.298981212179754,11.406457910139256,-0.2671265977672574,0.0338819745871753,0.5734540888259589,-2.014433972614849,False,9.6,0.1,0.02,0.02,1.0,0.4,0.06,0.0,36,47
3.409357236188701,-0.2863869544179292,0.0266222697634858,13.07576765646622,22.829056521311507,-10.506992706946454,10.670318483054112,-0.1403885312534816,0.7839905310217865,-1.3360599542517158,-2.5157604049518314,False,9.6,0.1,0.02,0.02,1.0,0.4,0.06,0.0,36,48
3.433025274891697,-0.2886873993707734,0.023299592744935,12.819247572207074,2.276815878883704,-10.77422190213872,13.80354103538364,-0.1721124165879235,-1.1598117924698186,-1.0282042804432805,-2.0835165963683275,False,9.6,0.1,0.02,0.02,1.0,0.4,0.06,0.0,36,49
3.4333433479413977,-0.2871788538016901,0.021525176478104,13.979738687682326,14.087360356920213,-11.255281025621311,8.453217522507384,-0.2546518052679216,0.1181723963843038,-0.1510165996897625,-1.8599927391967768,False,9.6,0.1,0.02,0.02,1.0,0.4,0.06,0.0,36,50
3.428526189429636,-0.2882848896462267,0.0233753031798479,13.182032941311428,5.1787338489381245,-4.698623013428941,5.325743559018585,-0.2582510921695229,-0.3808497392365663,-0.4417668092819218,-2.094443500503816,False,9.6,0.1,0.02,0.02,1.0,0.4,0.06,0.0,36,51
3.4147826638936856,-0.2840028938414793,0.022172531307288,13.615867686129857,-0.2663848699012048,-11.78075271414707,7.560315424843427,-0.3510759318970767,0.2963494199298848,-0.5949887274327571,-1.9515901022796989,False,9.6,0.1,0.02,0.02,1.0,0.4,0.06,0.0,36,52
3.43611868433816,-0.2905397022312825,0.0228873488932043,13.238586534025393,-8.645865700378003,-16.06264565358017,13.861441087881389,-0.0395876201762341,0.1779175216364302,-0.4911503378270461,-2.026118251914788,False,9.6,0.1,0.02,0.02,1.0,0.4,0.06,0.0,36,53
3.4126757221052224,-0.2887215279719004,0.0243420745606634,13.407986421742118,10.40026345028066,-14.942822021421811,7.853637793552255,-0.1971007694538089,0.449049171835746,0.2660168278860585,-2.218093333306047,False,9.6,0.1,0.02,0.02,1.0,0.4,0.06,0.0,36,54
3.434323834887271,-0.2879083348477081,0.0227223900961876,13.7521120515189,3.362226471529964,-12.956957008922794,6.548662543299399,0.0353176079675388,0.435401964922153,-0.0833618627464499,-2.01142649858428,False,9.6,0.1,0.02,0.02,1.0,0.4,0.06,0.0,36,55
3.4231235273092024,-0.2792617817253713,0.0242146993109279,12.60889731382414,20.65310440367985,-13.827662625017428,6.166879686368684,-0.1552123003846812,1.2789640759315517,0.2336343031754183,-2.22386582401934,False,9.6,0.1,0.02,0.02,1.0,0.4,0.06,0.0,36,56
3.43515459050352,-0.2832881770474696,0.0223365058605376,13.312486148342334,7.058509069320624,-10.0810863080522,10.52136694465674,-0.1420105188366668,1.105136196267385,-0.5331978338628622,-1.973071849804675,False,9.6,0.1,0.02,0.02,1.0,0.4,0.06,0.0,36,57
3.441013663515417,-0.2870114806669638,0.0230714391379944,13.498315998645037,2.685818062527386,-12.918556368391982,8.039119872272384,0.0349693663144713,1.6274136447114065,-1.281992149413539,-2.0578558362516564,False,9.6,0.1,0.02,0.02,1.0,0.4,0.06,0.0,36,58
3.4453483423667284,-0.2855006104770287,0.0216848439118377,13.387364485710208,-11.72474524806525,-7.896891524449786,8.915513246253767,-0.2519820120323146,1.7225862057121608,1.1415018763198468,-1.8837376550283629,False,9.6,0.1,0.02,0.02,1.0,0.4,0.06,0.0,36,59
3.4290293244740706,-0.2874641936606799,0.0224511448717814,12.943269468904306,15.690841510204931,-5.441901100229671,8.080761197915635,0.1370558112963791,0.242653607284172,-0.0589688353368549,-1.9780907193339552,False,9.6,0.1,0.02,0.02,1.0,0.4,0.06,0.0,36,60
3.421776877866396,-0.2864541549238451,0.0245206083950734,13.605564418578988,10.93789026683851,-14.145518966541758,8.640594832585258,-0.2202354510640106,1.1782793225620214,-0.6532199684380877,-2.245841290080194,False,9.6,0.1,0.02,0.02,1.0,0.4,0.06,0.0,36,61
3.419292551366452,-0.2879313342369866,0.0243408152882317,13.333812188569397,4.316088959093376,-10.107156425870986,6.724840414518086,-0.2400279206163407,0.4113501152508764,0.5585648557376388,-2.219431601642916,False,9.6,0.1,0.02,0.02,1.0,0.4,0.06,0.0,36,62
3.4374290124270086,-0.2844350266438121,0.0196976635395836,12.881375280877858,8.71559538269037,-11.561880116239372,10.464105183953384,-0.0573460548566006,0.6634160891052817,-1.1380633363496613,-1.632411128375943,False,9.6,0.1,0.02,0.02,1.0,0.4,0.06,0.0,36,63
3.4378343869973502,-0.2868968044983773,0.0211387623323149,13.151691823897934,3.658629416506193,-14.746184138131028,12.455282990064669,-0.0594127068475136,-0.1668367837313198,-1.8158021452279507,-1.810939184520362,False,9.6,0.1,0.02,0.02,1.0,0.4,0.06,0.0,36,64
3.4502430467107863,-0.2869322507144672,0.0208736114468023,12.70499547653863,-11.31096915198523,-7.135290328907894,6.640701470709049,-0.1984845969127361,0.5445817943020899,0.3266212075218609,-1.776170280673329,False,9.6,0.1,0.02,0.02,1.0,0.4,0.06,0.0,36,65
3.4396891643438283,-0.2895612752070712,0.0232028990252523,13.812280763986584,3.2572843703190677,-13.287370832328552,7.609883278640004,-0.251187971001024,0.4898562650105138,0.5094833683916229,-2.0686426648747025,False,9.6,0.1,0.02,0.02,1.0,0.4,0.06,0.0,36,66
3.428850539830846,-0.2835194102056777,0.0228323882519782,13.79367323261917,6.028719700367066,-7.941790863330861,8.241737240591936,-0.2159111117273562,-1.163972526593283,0.1637845587751859,-2.0363680793697427,False,9.6,0.1,0.02,0.02,1.0,0.4,0.06,0.0,36,67
3.4388940119152416,-0.2860012269937083,0.022370889309981,13.871679381344505,10.088829737319308,-8.687058260055167,6.244026672889919,-0.180569472570394,1.6290923307679246,-0.2912793607244418,-1.9707372461777657,False,9.6,0.1,0.02,0.02,1.0,0.4,0.06,0.0,36,68
3.4237464363385506,-0.2846539962273332,0.0254314999084888,13.757488675318202,6.809282377286804,-8.904544683702252,4.607190463877342,-0.076369600184327,0.0847521994527029,-0.528556568823771,-2.36663761116066,False,9.6,0.1,0.02,0.02,1.0,0.4,0.06,0.0,36,69
3.436443092750082,-0.2865548765440846,0.0238630025130282,13.720523883087228,-5.279000631801606,-9.97301076850732,7.183788918350017,-0.2724808571639158,1.8085629979956048,1.8649785549012865,-2.1605460323968133,False,9.6,0.1,0.02,0.02,1.0,0.4,0.06,0.0,36,70
3.4476212878785817,-0.2892710635993906,0.0214304755748634,14.048535708744112,11.930328617147795,-6.036474426446928,7.33977907628058,-0.3556179095509214,-1.1459927865976862,-0.0688120191636749,-1.8419930436712757,False,9.6,0.1,0.02,0.02,1.0,0.4,0.06,0.0,36,71
3.4372448489600504,-0.2827718685427673,0.0214492355259106,13.553960950447182,4.917681214373592,-11.918985350985118,5.454530696851089,-0.0874202187921694,2.4953979867022404,-0.3560798665854487,-1.8606149718763232,False,9.6,0.1,0.02,0.02,1.0,0.4,0.06,0.0,36,72
3.43047465905296,-0.2878601671377258,0.0217536523999563,13.37761527459162,4.42920897034133,-12.230667131297771,11.017674376609884,-0.3489296728525164,0.7635357950601387,0.6083096060468092,-1.8877746265206945,False,9.6,0.1,0.02,0.02,1.0,0.4,0.06,0.0,36,73
3.4113993756796317,-0.2855465703774005,0.0245164949656767,12.3995673491917,14.424619473724103,-14.26946371048544,7.59660540745342,-0.0003908736172072,1.0228134105838025,-1.0283801511915474,-2.2481156241600893,False,9.6,0.1,0.02,0.02,1.0,0.4,0.06,0.0,36,74
3.4511872576890297,-0.2875428048123244,0.0202135774307839,13.17817283200086,-8.310530221755926,-9.295049485639211,10.11385016979386,-0.2378570764490137,0.6611983026329777,-0.1612014612876629,-1.6901639441294292,False,9.6,0.1,0.02,0.02,1.0,0.4,0.06,0.0,36,75
3.439143808117644,-0.2875132807014935,0.0228861974223686,13.451838529709956,-4.134844252880057,-11.097079425737142,12.589519835474627,-0.0347866485212139,0.6437132322952727,0.4528114964227769,-2.033052767892548,False,9.6,0.1,0.02,0.02,1.0,0.4,0.06,0.0,36,76
3.446754506660413,-0.2878003047826024,0.0215659377850479,14.22800680206258,5.1127693206235545,-13.841185188757102,8.667579548187186,-0.3200944109269363,-0.0069196178805301,-0.0873132901766232,-1.862914034608273,False,9.6,0.1,0.02,0.02,1.0,0.4,0.06,0.0,36,77
3.435745623579271,-0.2828674435465254,0.0201945216338198,12.9898160696187,15.502338544949192,-9.469020580938798,10.943594916178926,-0.1559695175203388,1.600831695413961,0.8457151777061176,-1.6998721672025248,False,9.6,0.1,0.02,0.02,1.0,0.4,0.06,0.0,36,78
3.433307706154374,-0.2898100799355987,0.0215881104886434,13.388399263162786,8.973118460476773,-9.514923490525838,10.256142967821676,-0.006977647899185,0.5826108511307284,-0.6286103821393172,-1.861735488331663,False,9.6,0.1,0.02,0.02,1.0,0.4,0.06,0.0,36,79
3.4136303923439097,-0.2850708089488223,0.0243856236958334,12.98828956124445,15.136447452316183,-10.359088876012416,8.04089337201822,-0.1993460707062322,0.9349078071018092,0.4854260062625943,-2.232372068048879,False,9.6,0.1,0.02,0.02,1.0,0.4,0.06,0.0,36,80
3.437499653956957,-0.2875228492248681,0.0227027091066392,13.446779402997167,-2.1532638961042005,-11.712246604281894,8.09601648007607,-0.0996257347601801,0.851656169350803,-0.829009566585422,-2.009641948272725,False,9.6,0.1,0.02,0.02,1.0,0.4,0.06,0.0,36,81
3.438041946320429,-0.2829983350069515,0.0229057311308697,13.89873275152075,-3.08102575354115,-17.527127827486193,6.290276909297065,-0.1419750716270086,1.8770051186879044,-0.597086698845946,-2.046455063955417,False,9.6,0.1,0.02,0.02,1.0,0.4,0.06,0.0,36,82
3.422962695786365,-0.2868957094847445,0.0227899510860983,13.761874515693515,12.340068957331855,-10.416166624258532,7.688888391804886,0.0746769358407564,0.3166019205045849,-0.9490198781402028,-2.0231862745100244,False,9.6,0.1,0.02,0.02,1.0,0.4,0.06,0.0,36,83
3.454608361651079,-0.2864887526433028,0.0221704958059638,14.494803066653278,-7.56111593359043,-8.188784205678811,7.448246064210545,-0.5829325086390373,0.1602178566421016,-0.4010058506222513,-1.9429739551203864,False,9.6,0.1,0.02,0.02,1.0,0.4,0.06,0.0,36,84
3.4458652096846354,-0.2874628172017234,0.0205096434065405,12.927386407498377,12.427287034660722,-9.750065731157026,11.315980155275245,-0.011646587740813,1.1606425161877365,-0.8101242030480882,-1.728571682171982,False,9.6,0.1,0.02,0.02,1.0,0.4,0.06,0.0,36,85
3.438708708473184,-0.2872851939265343,0.0229206990400056,13.999286691495747,-1.812059678028823,-15.106517991510495,13.245044729185285,-0.2664238742497739,-0.1648662701402637,-0.2581645310701838,-2.038042489188644,False,9.6,0.1,0.02,0.02,1.0,0.4,0.06,0.0,36,86
3.437792731491733,-0.2856724952392959,0.0213993642223179,13.366382632847714,4.849772171783365,-9.800076300956636,7.6635657194514,-0.1412309014277151,-0.8252062915477542,-0.5683803024507019,-1.8472370679928891,False,9.6,0.1,0.02,0.02,1.0,0.4,0.06,0.0,36,87
3.4441810860054347,-0.2861869859445809,0.0209609607150013,13.710947260766218,-7.0966469101705,-7.916158164309899,12.54057773642866,-0.047937165893902,0.2333661395871753,-0.7617183255737022,-1.7895033400928588,False,9.6,0.1,0.02,0.02,1.0,0.4,0.06,0.0,36,88
3.4399789615145573,-0.2869472566663463,0.0228628909877777,13.59535572338919,12.134491955061623,-14.554556895027366,6.092259000339169,-0.2099627594355976,-0.6307791507248867,0.1708777702244073,-2.031377892745445,False,9.6,0.1,0.02,0.02,1.0,0.4,0.06,0.0,36,89
3.423194950814733,-0.2856417456063805,0.0224204455652006,13.500785345304449,-0.9516548344523912,-9.939375049051396,6.515634404938464,-0.3866472409845859,0.528708043134559,0.0323774648000114,-1.978885145841483,False,9.6,0.1,0.02,0.02,1.0,0.4,0.06,0.0,36,90
3.440851829057424,-0.2888763220169356,0.020585145328234,13.077721783630327,6.74195256493598,-11.907816431281796,7.452354948550661,0.24218321515279,-0.1672634203205183,-1.1179995463440942,-1.7351443194298657,False,9.6,0.1,0.02,0.02,1.0,0.4,0.06,0.0,36,91
3.4333736738875813,-0.2871098600824464,0.0236727795428973,13.052139872532104,-14.04406671578652,-10.820228820150456,10.245385391455134,-0.3464580394618154,1.1915790886723965,0.1642534963250634,-2.135049696859741,False,9.6,0.1,0.02,0.02,1.0,0.4,0.06,0.0,36,92
3.430887534070626,-0.2810854325693901,0.024234353733796,13.006718761840714,11.922016522821073,-11.9990577779339,7.716935686106114,-0.0551074414479182,-0.1369863958724937,-0.1018801909382811,-2.2215389877151166,False,9.6,0.1,0.02,0.02,1.0,0.4,0.06,0.0,36,93
3.4455073509064973,-0.2870139805789594,0.0215973559954282,12.5978775529246,-3.646627335562762,-10.135862616123028,9.17487146838085,-0.1929781570821106,2.0903312063013995,0.1859032089151513,-1.8688975729709267,False,9.6,0.1,0.02,0.02,1.0,0.4,0.06,0.0,36,94
3.4304009707881478,-0.2797056334839356,0.0221687636712263,13.405005957874003,-1.9236606591237848,-9.111197421616916,11.30780221868578,-0.0899967822025221,-0.4957068905075029,-2.0411226963045035,-1.960484171308238,False,9.6,0.1,0.02,0.02,1.0,0.4,0.06,0.0,36,95
3.4269256175052587,-0.2825079863472922,0.0225566967258845,13.59542041853821,5.063134031991528,-10.125120270991374,8.510769337464263,-0.0715196364483234,0.1514869819454143,-1.680133987011038,-2.0036224766294057,False,9.6,0.1,0.02,0.02,1.0,0.4,0.06,0.0,36,96
3.411361435630365,-0.2857905913926181,0.0259532777679841,13.364488246790884,3.3401224823102043,-9.307575321568496,9.782729642025272,0.1573760255230081,-0.4886389227908664,0.6995398244704885,-2.4314404488218626,False,9.6,0.1,0.02,0.02,1.0,0.4,0.06,0.0,36,97
3.431719437338069,-0.2790432475122077,0.0220029669808119,12.290602829525314,-5.381244647613044,-17.251684016496366,4.633400552037893,-0.3485076586678171,1.3354893847945166,-0.4189550319360664,-1.9407728132743425,False,9.6,0.1,0.02,0.02,1.0,0.4,0.06,0.0,36,98
3.4215744258786587,-0.2845409043121247,0.0238633995986708,13.873859387065243,1.17604638675293,-10.280676705250649,7.110526106752086,-0.0717635688891849,0.0264642441526864,-0.6202915884765802,-2.166322512728049,False,9.6,0.1,0.02,0.02,1.0,0.4,0.06,0.0,36,99
5.296122183818054,-0.3832985978194124,0.0261560506234441,14.13570165272592,8.030334148426011,-17.360781794010933,10.35483513673067,-0.1963019840384177,2.057245153594484,-2.994576384029956,-2.110290514005177,False,9.6,0.1,0.02,0.02,1.0,0.4,0.06,0.0,40,0
5.29942684579204,-0.3839594847294341,0.0251216678870455,15.963251123351773,-10.751281870561948,-13.054180919106756,11.613743965299212,0.0401457604780857,0.116525871894219,-2.0635226483829,-1.97610511544367,False,9.6,0.1,0.02,0.02,1.0,0.4,0.06,0.0,40,1
5.31669966916417,-0.3927021006779958,0.0257198391937493,14.841496925255814,7.417115342482501,-21.70320104572907,14.992972287234885,0.018856685719821,1.8201022426592115,-0.1999352743150787,-2.030652395022873,False,9.6,0.1,0.02,0.02,1.0,0.4,0.06,0.0,40,2
5.299564683215874,-0.3932852786863481,0.028946135868508,14.400115945442163,9.997442310800835,-14.636714386111358,7.229182039026477,-0.3947980786660611,0.5013883426751706,0.7054245473537689,-2.4432468413288424,False,9.6,0.1,0.02,0.02,1.0,0.4,0.06,0.0,40,3
5.310366798239141,-0.3907853115755267,0.0259671106047552,14.785484321477051,-8.20590530114929,-16.57330686135844,6.800707054397699,0.1849480828260084,0.0238840726702359,-0.2127570587803177,-2.0672834017330626,False,9.6,0.1,0.02,0.02,1.0,0.4,0.06,0.0,40,4
5.291835542669877,-0.385216285882715,0.0246004227408293,15.195686709162343,-6.0098553208989385,-9.674690104128391,12.09712920630839,0.2278297521656528,0.5823572293940755,-0.2518381114059017,-1.906824892147449,False,9.6,0.1,0.02,0.02,1.0,0.4,0.06,0.0,40,5
5.305164514398993,-0.3938294543717373,0.0283749585697534,14.442561371318815,17.209377480457835,-17.555670599180498,15.07966710622684,-0.1482921433697923,0.445082590641315,1.2929565481361536,-2.368494135572327,False,9.6,0.1,0.02,0.02,1.0,0.4,0.06,0.0,40,6
5.289521935040503,-0.390464492907554,0.0251446139790509,14.290830405951835,0.9726493248338636,-14.514621365192388,13.133152355872326,-0.1461668992302528,-0.1982972567022687,1.6884003146037694,-1.9640244902379576,False,9.6,0.1,0.02,0.02,1.0,0.4,0.06,0.0,40,7
5.3032936513518,-0.3856290663618038,0.0274468922815236,15.909398312418537,10.34888873358329,-16.221919020997923,11.76069888406601,0.1313426463232272,1.186016230274053,0.6678072484346093,-2.269494833685587,False,9.6,0.1,0.02,0.02,1.0,0.4,0.06,0.0,40,8
5.311118071397259,-0.3872405499633677,0.0264086333439148,15.112538668802848,16.595846922590088,-18.882886600467724,10.220705489896508,0.0862694531232836,0.5401690239860493,-0.3144788694409718,-2.1322606638251784,False,9.6,0.1,0.02,0.02,1.0,0.4,0.06,0.0,40,9
5.306781666441382,-0.3909844763485611,0.0269465448611171,14.546936120959735,-5.408429144050169,-23.832089150440886,7.082819905058501,0.1268123068935723,-0.3292595741466384,0.5841784184335698,-2.1923880989999667,False,9.6,0.1,0.02,0.02,1.0,0.4,0.06,0.0,40,10
5.306529437722806,-0.3896331986647915,0.0272316809415233,15.51957286539998,-1.549968142260831,-23.337695373519097,10.166087769754482,0.1627315249087071,0.115515360272672,2.112557660172241,-2.2321437174561263,False,9.6,0.1,0.02,0.02,1.0,0.4,0.06,0.0,40,11
5.312871787566863,-0.3923491766094469,0.0247386826444478,14.997247077689186,-4.959844097991057,-18.26886150221518,10.522146955062338,-0.1731048655052941,0.1138191762790307,1.755757993424095,-1.9061410473726457,False,9.6,0.1,0.02,0.02,1.0,0.4,0.06,0.0,40,12
5.316749782132066,-0.3932899408327768,0.02567871666257,15.50710141587174,-26.719489165088547,-19.681007965606565,9.853250509248468,0.2136483918654347,0.8241731143285049,1.4754860574799742,-2.023974887882381,False,9.6,0.1,0.02,0.02,1.0,0.4,0.06,0.0,40,13
5.321737220677124,-0.3980770342039728,0.0260917093006312,14.617297691993723,-10.241231533107143,-10.321323214522351,7.180877198825163,0.1523987750909207,0.1182871024019197,-0.9907152925319684,-2.065049675150638,False,9.6,0.1,0.02,0.02,1.0,0.4,0.06,0.0,40,14
5.327794417996939,-0.3922531320415128,0.0254800549172457,15.258848575241675,-5.772027580018731,-11.025303677534565,12.57989824492124,0.3887780882483377,-0.4400751724338951,-0.1643648082925945,-2.000371847428012,False,9.6,0.1,0.02,0.02,1.0,0.4,0.06,0.0,40,15
5.299104927283865,-0.3871233589279513,0.0258614629760887,15.45820868854773,-6.981480730827739,-11.73404627580858,13.878999596407144,0.362055762228595,0.4073065445067414,-0.7961949448159926,-2.063224903875242,False,9.6,0.1,0.02,0.02,1.0,0.4,0.06,0.0,40,16
5.311125197023713,-0.39076864718229,0.0227165457387333,14.435908903154989,-2.308935059118403,-18.54317789075536,11.409531654193788,0.3900571100230177,0.0665822032381241,-1.6400427988924826,-1.6512055894989537,False,9.6,0.1,0.02,0.02,1.0,0.4,0.06,0.0,40,17
5.300367457171532,-0.3915719811246907,0.0267791035482439,15.00097648045105,-16.307940300947774,-13.52454076490135,13.37912581616127,0.4374508187656963,-0.0682681223321099,-0.1658473312392658,-2.1699304520456817,False,9.6,0.1,0.02,0.02,1.0,0.4,0.06,0.0,40,18
5.285463721320688,-0.3896212225584934,0.0230825417572782,14.509572976124517,10.94280039706048,-11.989892148820434,8.28720056986359,0.2345456613953081,-0.6037168112662035,1.4966786015929134,-1.7023465875119927,False,9.6,0.1,0.02,0.02,1.0,0.4,0.06,0.0,40,19
5.2960915306644205,-0.3819228051388598,0.0265979157618947,14.286165648800177,1.6167220723850084,-19.859621908742923,9.452078664826972,0.5802240427838895,0.2118871476994832,-0.3122755665750445,-2.1701529933493977,False,9.6,0.1,0.02,0.02,1.0,0.4,0.06,0.0,40,20
5.299250882506628,-0.3924074174775057,0.0306904923202407,15.615385735682388,-5.427563721218244,-18.16635888363161,9.474358951738544,-0.0476392859421455,-1.0963764671630536,0.8397724872631877,-2.668650162094405,False,9.6,0.1,0.02,0.02,1.0,0.4,0.06,0.0,40,21
5.307080240517479,-0.384357501210635,0.0256512496014687,16.048303978871722,9.233941332066848,-14.890341725478711,9.867887937766469,-0.0755886208330567,-0.240853292143732,-1.3901952114167246,-2.0424771316514234,False,9.6,0.1,0.02,0.02,1.0,0.4,0.06,0.0,40,22
5.308342450942253,-0.3826293095514518,0.0288388167001156,14.952299551632816,-8.702697563835397,-12.406918188674512,6.817415573326385,0.1063639121643223,0.0185357668227165,1.386904996035785,-2.4545576476347857,False,9.6,0.1,0.02,0.02,1.0,0.4,0.06,0.0,40,23
5.288136630784039,-0.3872467491964538,0.0275579288429015,14.460413124748806,-7.32603938428422,-14.282382801255588,6.011843072914434,0.5255927716132484,-0.4805664836501706,0.0972897099576745,-2.280734495972865,False,9.6,0.1,0.02,0.02,1.0,0.4,0.06,0.0,40,24
5.322043428167235,-0.3857758617074416,0.0223330837828704,15.09559803951822,-15.534475731663695,-16.758109929650878,11.663230442243572,0.0175998152828584,0.7403066177129096,-2.7973754399434183,-1.6134500504195275,False,9.6,0.1,0.02,0.02,1.0,0.4,0.06,0.0,40,25
5.303960774670042,-0.3951267480845189,0.027169270653811,14.487276941682827,-11.54203795744008,-21.71084004767097,10.744247174878064,0.2254960666298702,0.0855739704895618,-0.5806588216729772,-2.211124801804772,False,9.6,0.1,0.02,0.02,1.0,0.4,0.06,0.0,40,26
5.323860750476954,-0.3976156717970527,0.0266092097279316,14.937006648291066,-2.522078900719486,-16.616011756679484,9.04409675684884,-0.1430734960353978,0.1483387044224582,-0.3359047916539542,-2.1322695878337097,False,9.6,0.1,0.02,0.02,1.0,0.4,0.06,0.0,40,27
5.290059988589348,-0.3934214338752517,0.0266459926689435,15.494033017320543,28.050835428967183,-20.31976998055445,12.936295450032125,0.1845994305524897,0.6940977020785473,1.0554708664415662,-2.1490720210088066,False,9.6,0.1,0.02,0.02,1.0,0.4,0.06,0.0,40,28
5.290125264877373,-0.3922830427574621,0.0268655287307161,15.034321508814791,-3.921131696405765,-13.215057522306694,15.540530587631745,0.2982177398844915,-3.5369357453133574,-2.595223051505618,-2.1799008590211195,False,9.6,0.1,0.02,0.02,1.0,0.4,0.06,0.0,40,29
5.332259019525662,-0.3927338674249891,0.0236115949967891,14.036351959621983,-4.446844665369532,-13.849548559940724,11.857889356991276,-0.0209091233289443,0.2665888132755121,0.3693228341562783,-1.7597873365974992,False,9.6,0.1,0.02,0.02,1.0,0.4,0.06,0.0,40,30
5.291878591700006,-0.3893650399581983,0.0291697508645259,14.256095092930424,-5.909045724969316,-15.518538373534051,13.397199302129684,-0.0638376405739963,1.811082239055484,-1.9320782891193533,-2.481739299257645,False,9.6,0.1,0.02,0.02,1.0,0.4,0.06,0.0,40,31
5.329043692764674,-0.3909789695865924,0.027042116328986,15.485608827446072,-24.23238468919205,-16.174947571538645,14.332445880255245,-0.1469705958565074,-0.4782975976275527,0.9161586387621796,-2.2032987415365133,False,9.6,0.1,0.02,0.02,1.0,0.4,0.06,0.0,40,32
5.312505817556926,-0.390641081831152,0.0275670098268203,15.757392554769124,-16.605796337529764,-14.7432368618781,11.64417535033416,-0.0358178069472012,1.2268991187112916,1.0925199563009396,-2.2722883123848217,False,9.6,0.1,0.02,0.02,1.0,0.4,0.06,0.0,40,33
5.305995422612321,-0.3916303131708936,0.025873542931474,14.884848434303208,12.968144935688771,-13.048085746795335,12.302218602925324,0.2622676506603549,-1.1566064868392985,0.6987899526040747,-2.053541018261796,False,9.6,0.1,0.02,0.02,1.0,0.4,0.06,0.0,40,34
5.305266240609137,-0.3967984719013773,0.027934553839091,13.647833903845262,-4.795135045736918,-13.910579518950652,7.979898051649077,0.1597744131818797,-0.4385614112574181,-0.49476720810243,-2.304990584403803,False,9.6,0.1,0.02,0.02,1.0,0.4,0.06,0.0,40,35
5.278190815929068,-0.3928309555242042,0.0281816903064071,14.62840768925426,9.052669464052222,-16.30857464633113,9.032476131497445,0.0754084402235242,0.0178962391091188,-0.1287842650202028,-2.347770617006288,False,9.6,0.1,0.02,0.02,1.0,0.4,0.06,0.0,40,36
5.321634218532232,-0.3877161709409892,0.0250163912392601,14.71655111272749,1.7159468192360228,-17.383698335425844,17.39579822520716,-0.0353227478255402,3.3067167147786005,0.9719397913951712,-1.9522812152549909,False,9.6,0.1,0.02,0.02,1.0,0.4,0.06,0.0,40,37
5.290648425232221,-0.3856239527460193,0.0254955920862884,15.22191120279816,23.552846238503587,-16.87574875497169,9.33077430133219,0.1708310755140819,-1.5009867624871045,0.3677477612918691,-2.020499394940537,False,9.6,0.1,0.02,0.02,1.0,0.4,0.06,0.0,40,38
5.286467098130944,-0.3888881819738892,0.0291736420519827,15.46551521089864,15.355191565551554,-16.45408204304821,12.947446607835577,0.2062543740384611,0.8213434835544217,-0.9439822882448312,-2.483706520028597,False,9.6,0.1,0.02,0.02,1.0,0.4,0.06,0.0,40,39
5.302977074398888,-0.3865166306294869,0.024969059279334,14.547187742244052,-4.106591348968616,-14.191676167624372,5.647567867463266,0.0986842220678286,0.9464155301711336,0.1483946821731231,-1.9502210497800545,False,9.6,0.1,0.02,0.02,1.0,0.4,0.06,0.0,40,40
5.294884868509619,-0.3880538649084444,0.0265673387045602,15.166061312230571,21.13361986096904,-7.173174018073162,11.968456325313586,0.1100048987404869,-0.5537686848756211,-0.5819052901540243,-2.1515969862928714,False,9.6,0.1,0.02,0.02,1.0,0.4,0.06,0.0,40,41
5.319113454637019,-0.3922724572233889,0.0263766116321756,15.312865303033169,-5.085193301285266,-16.249526181172847,10.30653264265136,0.2064158732057367,0.2359193307511521,0.2305600219688491,-2.115605584304128,False,9.6,0.1,0.02,0.02,1.0,0.4,0.06,0.0,40,42
5.292255840502953,-0.3889192453120573,0.0247876046031237,15.841506037054598,9.67899997357329,-19.083891544418904,10.98100603468986,-0.177957230133237,-0.218282772730161,1.7043666301162252,-1.9218718500207312,False,9.6,0.1,0.02,0.02,1.0,0.4,0.06,0.0,40,43
5.302023239163071,-0.3858316672173027,0.0261305072523228,14.90755664087153,-3.993322917047841,-16.00611005652937,6.2666222787007335,-0.1807656260088817,0.7570484377170161,1.356456361130237,-2.100587532626018,False,9.6,0.1,0.02,0.02,1.0,0.4,0.06,0.0,40,44
5.287787056596605,-0.3858959013346903,0.0279345505344947,16.21873830501009,7.668141488632368,-11.913655824928398,8.555504294625681,0.2295694924743971,1.4205598161453186,1.189068918061725,-2.332205081816272,False,9.6,0.1,0.02,0.02,1.0,0.4,0.06,0.0,40,45
5.324464194705844,-0.3902141561780077,0.0244244065730216,15.266353965605427,-8.022113252351822,-9.24680880795431,8.111847661043083,0.0239956939636702,0.3031966125193247,-0.7144792672352134,-1.8703422148372089,False,9.6,0.1,0.02,0.02,1.0,0.4,0.06,0.0,40,46
5.291726823705834,-0.3885936653232313,0.0296678755621989,13.691942888351788,6.840825952307448,-15.398997482075806,12.718086749145586,0.3976505978983896,1.323418507268575,0.0479745248890522,-2.547359665763362,False,9.6,0.1,0.02,0.02,1.0,0.4,0.06,0.0,40,47
5.309636378009308,-0.3930657976777551,0.0288408944587809,15.362161317176945,10.814156340579585,-17.26128826905615,11.195486382496163,-0.083911989727642,0.4185511019850799,0.6035122681594615,-2.4296983936167904,False,9.6,0.1,0.02,0.02,1.0,0.4,0.06,0.0,40,48
5.286968822031822,-0.3891115859907225,0.0277748622272157,14.81732648965609,-5.845399407214243,-14.42216072609474,12.471035731416968,0.1855570055599068,0.2075755870892928,-0.3109934611091486,-2.304096429383976,False,9.6,0.1,0.02,0.02,1.0,0.4,0.06,0.0,40,49
5.332257596995452,-0.395851901459283,0.02411552552652,15.147047499215908,-10.097226431078209,-8.125789873783717,3.6956341849100633,0.3252658047789905,1.1021030136354335,1.0887298283006368,-1.816807248072559,False,9.6,0.1,0.02,0.02,1.0,0.4,0.06,0.0,40,50
5.318871024458993,-0.3782387760482601,0.0204268573701387,15.570170820297404,-7.586625836782755,-19.91155433864356,10.412111587827704,-0.1305235348450232,2.572872179098768,0.5024730828188572,-1.3877324193943923,False,9.6,0.1,0.02,0.02,1.0,0.4,0.06,0.0,40,51
5.309896303098985,-0.3873642323713056,0.0240297675800976,16.16677560461045,21.08193620565585,-14.42588520548539,10.046094199434329,-0.1131345803634525,-0.2689479065267983,-1.5258234756813909,-1.827542314375425,False,9.6,0.1,0.02,0.02,1.0,0.4,0.06,0.0,40,52
5.31133349616247,-0.38878498006254,0.0234766054826047,14.648345343194505,5.306812695725719,-17.172503873841595,16.9221847859518,0.2411649414296466,0.516816921625519,-0.0178551138554919,-1.7532415398535612,False,9.6,0.1,0.02,0.02,1.0,0.4,0.06,0.0,40,53
5.287308508980742,-0.3904200181417601,0.0246008313459481,15.254525001795251,-1.2057233382036758,-17.23460804106582,17.463886541509265,0.0820297580107106,1.8797535242845231,-0.2965609990087956,-1.8946598582022949,False,9.6,0.1,0.02,0.02,1.0,0.4,0.06,0.0,40,54
5.295405360997765,-0.3930019471927431,0.0270738130909651,14.052885212891276,10.858549452427996,-17.629132855775072,14.63143647210532,0.1124264161200542,0.7010675818265824,1.3596434805846913,-2.204519080721085,False,9.6,0.1,0.02,0.02,1.0,0.4,0.06,0.0,40,55
5.308041276472076,-0.3896881583577475,0.0273509263538806,15.52932300764188,-0.0106474329855029,-11.86222300837873,10.707051707688269,0.5892625722571541,1.227588637652841,0.562087549123539,-2.2471845166498063,False,9.6,0.1,0.02,0.02,1.0,0.4,0.06,0.0,40,56
5.308277518271114,-0.3864854428531952,0.0247640985107957,14.97019133937034,10.36822752249077,-18.24579118202093,15.83452895741298,0.2787097471349291,-0.2317744879692065,-0.1565083477214036,-1.923742895437918,False,9.6,0.1,0.02,0.02,1.0,0.4,0.06,0.0,40,57
5.295583891667042,-0.3951800441437829,0.0259299566206436,14.722195828253858,11.673671315839822,-9.425214466191814,11.262687665748036,-0.2112238097570714,0.0616602842504993,-0.296081979072669,-2.0528673079972903,False,9.6,0.1,0.02,0.02,1.0,0.4,0.06,0.0,40,58
5.32012716283805,-0.3915881991476611,0.0246038714068331,15.368492126631722,-7.089402134789684,-15.656970319006112,10.899423485249056,0.1457361999387595,0.1397730875924022,0.5584427913452564,-1.890276232349974,False,9.6,0.1,0.02,0.02,1.0,0.4,0.06,0.0,40,59
5.299012649113863,-0.3846186629959391,0.0247068173450352,15.439697373444965,7.966495226696055,-15.872061972093046,10.140566078342443,0.1997342876567991,-1.3258018704795254,-2.3164794043736245,-1.921447070027428,False,9.6,0.1,0.02,0.02,1.0,0.4,0.06,0.0,40,60
5.318920514769583,-0.3884050128187703,0.024435787391727,15.46282584466223,0.694418116285243,-19.375654346585307,9.006924913946108,-0.1567761293564147,0.0746374482246001,1.0384772835772793,-1.8764735244898347,False,9.6,0.1,0.02,0.02,1.0,0.4,0.06,0.0,40,61
5.304527345493654,-0.3862753073755185,0.0288299228035329,15.580706801622776,9.36458725563764,-15.693610002782616,21.69707745163148,0.1100110890278067,0.771081384570488,-1.3526126129261145,-2.44489774042136,False,9.6,0.1,0.02,0.02,1.0,0.4,0.06,0.0,40,62
5.313135017347816,-0.388940922723396,0.0248795706207952,15.567633029496433,1.2545031052369455,-18.65259780789669,8.987839995285377,0.2872040798721135,-0.5272718404217607,0.2297492885328187,-1.932338723884769,False,9.6,0.1,0.02,0.02,1.0,0.4,0.06,0.0,40,63
5.289849475527602,-0.3880547678362037,0.0274058007436853,15.683447953235728,8.413039612751074,-15.42541920721358,19.26382904926939,0.2302448642543375,0.7619296158878966,-0.83903491169457,-2.25922008385318,False,9.6,0.1,0.02,0.02,1.0,0.4,0.06,0.0,40,64
5.292501032290681,-0.3882090786209098,0.0272875192013687,14.631465827184106,-3.705258437582209,-20.58544118606422,12.662178274125754,-0.1513404785909874,1.9953807716502288,0.4259451232415222,-2.2435506071475757,False,9.6,0.1,0.02,0.02,1.0,0.4,0.06,0.0,40,65
5.323258058241522,-0.3885523370513857,0.0241999628959729,15.38321701778963,-5.740538758834795,-14.993258047140772,9.005844448458824,0.2517524209828602,1.2398857948339257,-0.13268075369388,-1.8456741582667264,False,9.6,0.1,0.02,0.02,1.0,0.4,0.06,0.0,40,66
5.331729071979759,-0.3893155415382269,0.0217609181418727,14.483354765442714,-15.133583971887203,-8.83052789842176,19.084551548096503,0.4155428181530263,0.365719505695277,-1.761143659576406,-1.5311364781491787,False,9.6,0.1,0.02,0.02,1.0,0.4,0.06,0.0,40,67
5.309907703468253,-0.3867916606683503,0.0261538424470343,14.872753223403294,0.1127259482078854,-12.544850864310726,15.2183976752052,0.0237138281619091,0.2393144176960079,-2.157434731221572,-2.1007973854082613,False,9.6,0.1,0.02,0.02,1.0,0.4,0.06,0.0,40,68
5.29031097236983,-0.3897837529415285,0.0270440946269293,15.061314827732028,-6.663124087391525,-15.215382511619993,10.484276349747624,-0.1772138489502328,-0.805056324738008,-1.8215479192814987,-2.2087444468450985,False,9.6,0.1,0.02,0.02,1.0,0.4,0.06,0.0,40,69
5.30934645275705,-0.3868227677628508,0.0246556986199316,15.486920736731768,-1.2531715804810395,-11.24384871165538,11.295226341497074,0.0892319202284221,-0.5862125099536981,0.8646646547293607,-1.908993993554989,False,9.6,0.1,0.02,0.02,1.0,0.4,0.06,0.0,40,70
5.322939906185974,-0.3911087152985659,0.0274597085003385,13.857805032130113,-16.435128937477902,-15.854395359549809,13.079276243304289,0.0787485799939436,-0.2519899752507448,1.6251332207614784,-2.256805376955617,False,9.6,0.1,0.02,0.02,1.0,0.4,0.06,0.0,40,71
5.311805902808904,-0.3927484482049201,0.0243359950159335,15.522169685952704,-5.486611823983718,-13.23660423581137,11.531232759815587,0.1505855897840035,1.4501409267941758,-0.8699221880401613,-1.853702732179148,False,9.6,0.1,0.02,0.02,1.0,0.4,0.06,0.0,40,72
5.310363392040265,-0.3817815753647183,0.0242669643244005,14.228027971451606,-7.43080565303399,-20.97675859025135,10.491795387028205,-0.0455929916267924,1.6953291072147023,0.329934953723446,-1.871273849125533,False,9.6,0.1,0.02,0.02,1.0,0.4,0.06,0.0,40,73
5.298981222499095,-0.3941662354243675,0.0262494609570222,14.42787884875708,-7.508995338434573,-12.891230709111,7.203662291213932,0.5386149688017245,0.3803133620849576,2.058288755481133,-2.095993164130417,False,9.6,0.1,0.02,0.02,1.0,0.4,0.06,0.0,40,74
5.287460220034688,-0.3910171346856388,0.0307935671036846,14.262946703773045,18.74913258379094,-12.514548251920214,14.336649860096236,0.007977258058734,-0.4898520951056628,-0.7959048421755919,-2.685887852824022,False,9.6,0.1,0.02,0.02,1.0,0.4,0.06,0.0,40,75
5.307021195215907,-0.3925513426133512,0.0264376062229837,14.240525828322706,7.636439119472462,-15.663373576594983,8.63387364681402,0.0460406299326309,-0.4290748769023702,0.3740025784149824,-2.1234691025569234,False,9.6,0.1,0.02,0.02,1.0,0.4,0.06,0.0,40,76
5.302752442098562,-0.3862448853464874,0.0250365958553489,15.515679707177798,7.588640937529795,-11.358107671690592,15.461035777859394,-0.1355723138763892,1.1974071841926026,-0.0444168187572157,-1.9595313981271807,False,9.6,0.1,0.02,0.02,1.0,0.4,0.06,0.0,40,77
5.299572267561426,-0.3930467416558265,0.0270701648742697,15.60285556368954,-2.2969662748042268,-21.24725622502254,15.55857015141936,0.3607173552273837,-0.1543238137572136,-1.7084247099543963,-2.203694587878859,False,9.6,0.1,0.02,0.02,1.0,0.4,0.06,0.0,40,78
5.31406600195721,-0.3901686055435503,0.024690470648005,15.004672153952132,0.3191049092497853,-11.75298816081068,13.477800954925042,0.1425214720833727,-0.7583795074160335,2.537826788939856,-1.9051316295226897,False,9.6,0.1,0.02,0.02,1.0,0.4,0.06,0.0,40,79
5.305284134577305,-0.3869322865473206,0.0245546529289552,13.39714607688057,-3.9285364582039146,-8.304027906250894,14.807616079425978,0.3387470493177971,-1.0380069541844592,-1.3758242884429497,-1.8960410391180709,False,9.6,0.1,0.02,0.02,1.0,0.4,0.06,0.0,40,80
5.327294825071115,-0.3914072075791539,0.0265286052554531,15.699298876871586,4.3220123945901685,-11.460748769078997,13.80574336427432,0.3996017049992976,0.796875979443615,-1.375885952604306,-2.1366464850037645,False,9.6,0.1,0.02,0.02,1.0,0.4,0.06,0.0,40,81
5.299443848451921,-0.3924686615112924,0.0322316325983143,15.59548759704805,6.505245886942138,-14.5916436536438,8.009560850262503,-0.042354309573935,-0.7929809153902871,1.3765073830074708,-2.86575755405002,False,9.6,0.1,0.02,0.02,1.0,0.4,0.06,0.0,40,82
5.310955670229059,-0.3884513713700426,0.022595646063238,15.670185269115551,7.317895614369675,-16.462606559045195,9.86360481887165,-0.019652426847946,0.9066770670200408,-0.255844694665214,-1.641302064592631,False,9.6,0.1,0.02,0.02,1.0,0.4,0.06,0.0,40,83
5.288622417174614,-0.3842841135584937,0.027857157912976,15.81046791541165,8.221989282050032,-15.070483247518135,10.459053754601438,-0.1216221105366887,1.564159690050995,0.4403190875598847,-2.3261169952900738,False,9.6,0.1,0.02,0.02,1.0,0.4,0.06,0.0,40,84
5.339325908856172,-0.391704894568145,0.0196737687210733,15.24012142662932,-23.16328353889151,-12.609631559702567,7.645096487971225,-0.2535441011973547,-1.9256005095344564,0.5275670243496123,-1.2577910948024713,False,9.6,0.1,0.02,0.02,1.0,0.4,0.06,0.0,40,85
5.298625365082645,-0.3892761149671239,0.0260377011982432,15.41876367522364,12.290337072809404,-11.591333269481726,13.252599839526678,0.266131526465903,0.1114866086938782,-0.0096025900855897,-2.080645555549087,False,9.6,0.1,0.02,0.02,1.0,0.4,0.06,0.0,40,86
5.311952687410511,-0.3884420481325114,0.026077149074018,15.170779589366482,-0.1914235724328515,-17.425689039819204,6.477203153681808,-0.278278918332637,0.8244573345522752,0.5006212416844557,-2.0868970047116515,False,9.6,0.1,0.02,0.02,1.0,0.4,0.06,0.0,40,87
5.318081931097076,-0.3953875234077715,0.0241792352495973,14.877057602902203,20.656555127826493,-7.860673648923855,15.275825139285384,-0.2088171220936417,-1.359606945460803,-1.2255419684165318,-1.8269271399039888,False,9.6,0.1,0.02,0.02,1.0,0.4,0.06,0.0,40,88
5.282455124133779,-0.3897823178306776,0.0282776781732656,15.573638806220378,7.098894446915446,-16.488456364525003,13.054349852413749,0.0205672772031514,1.2076250560797988,-1.2899475594314365,-2.3671179359363497,False,9.6,0.1,0.02,0.02,1.0,0.4,0.06,0.0,40,89
5.331676636206098,-0.3967694542844812,0.0242670494127321,15.090020004316523,-0.5611568083547939,-15.917318186735912,7.412836648429452,0.151436125309429,1.044769984483214,-0.5320964425568298,-1.8340350363745936,False,9.6,0.1,0.02,0.02,1.0,0.4,0.06,0.0,40,90
5.280187122339763,-0.386657097107141,0.0248830630949235,15.6285622688253,11.965955811935522,-16.103480194638756,9.729011998933434,0.16674159837165,1.7777460669503462,-0.5655336294690232,-1.9402438157526876,False,9.6,0.1,0.02,0.02,1.0,0.4,0.06,0.0,40,91
5.308290465921835,-0.3842724552371918,0.0273695459480449,15.758624901110812,1.051898670779882,-13.388839012749164,17.655255166736385,0.5849635120499436,0.5986990547258857,-3.1799256174757216,-2.262550560825181,False,9.6,0.1,0.02,0.02,1.0,0.4,0.06,0.0,40,92
5.304595573395656,-0.3853566793462561,0.0265232673456211,14.245206304567594,5.718078472051408,-12.510064162577862,10.11794212354692,-0.2114867079862098,0.4104884406894171,-1.420934959942625,-2.151846455404752,False,9.6,0.1,0.02,0.02,1.0,0.4,0.06,0.0,40,93
5.308632664699656,-0.3880939231331147,0.0247859530551845,15.754353874594528,-15.518129785273011,-16.52167248076497,7.197982267851406,0.1492033924658118,-1.020472191130101,-0.6816519123429531,-1.9226586156621723,False,9.6,0.1,0.02,0.02,1.0,0.4,0.06,0.0,40,94
5.289472384836969,-0.3865793068004478,0.0289707551346491,15.097170196671271,8.424956433220114,-17.381386594551874,13.960630667853533,0.1645379909963717,1.5787723168910968,-1.745143442283558,-2.463097977823804,False,9.6,0.1,0.02,0.02,1.0,0.4,0.06,0.0,40,95
5.26796964755351,-0.3919880750488895,0.0296968577680171,15.175783299634412,5.617567627069998,-14.18253937119652,16.02954979261195,-0.0485202235106554,0.7492287115594246,0.9226463115077806,-2.544348235335648,False,9.6,0.1,0.02,0.02,1.0,0.4,0.06,0.0,40,96
5.291702398401655,-0.3917729130509573,0.0282638674068519,14.871900829974187,-7.327328808014738,-13.864199379932163,5.0795006143245285,-0.024003545985808,-0.5571864028272835,-2.2987231015550407,-2.360017892850652,False,9.6,0.1,0.02,0.02,1.0,0.4,0.06,0.0,40,97
5.283342710793042,-0.394469545809327,0.0298768636320704,14.732433668525443,6.598568215502158,-17.151597984354446,10.353834279699928,0.1303211773350344,0.1332359959569634,0.4767464884629019,-2.5605110723150504,False,9.6,0.1,0.02,0.02,1.0,0.4,0.06,0.0,40,98
5.301505811368489,-0.3926146134297812,0.0264256578026843,14.400464397109747,-0.8458548736772888,-18.064909167471896,13.09270853950466,0.2252445453684436,2.136031280761305,-0.9898702435695736,-2.1221187778300106,False,9.6,0.1,0.02,0.02,1.0,0.4,0.06,0.0,40,99
7.625319028919431,-0.4971793761211979,0.0261781455032648,15.024797627704888,-16.223002956841924,-16.306234109602393,14.513259600711567,1.1276294426813551,0.9525455349680324,1.2527448332779008,-1.70005297999186,False,9.6,0.1,0.02,0.02,1.0,0.4,0.06,0.0,44,0
7.591703635049419,-0.4902682536035767,0.027925741519527,15.140657800212647,2.2197026627315464,-20.449345443121963,3.871010551219051,0.7489307232155542,0.6539128737239727,1.768977605648184,-1.9423488877479105,False,9.6,0.1,0.02,0.02,1.0,0.4,0.06,0.0,44,1
7.589809248325731,-0.4968803259666194,0.0314531823725684,15.033000498344878,10.62813191288976,-18.94537196149344,14.50145605650603,1.0089906511129896,-1.2165154718212274,-2.486052452687584,-2.378106006469332,False,9.6,0.1,0.02,0.02,1.0,0.4,0.06,0.0,44,2
7.6030125304841905,-0.4913010864317558,0.0310936960967211,16.056294450453617,-16.39478156197925,-16.252815604387422,9.986615110944705,0.0880116820971668,-0.3667327471968598,0.9949889801042862,-2.3446897411150447,False,9.6,0.1,0.02,0.02,1.0,0.4,0.06,0.0,44,3
7.581239975712747,-0.4960638230943688,0.0324726704005698,16.45045425621623,20.056454943907568,-20.53953727466221,14.629191733868058,0.3200507479523731,-0.6357316156259334,2.455765627479759,-2.511074237303697,False,9.6,0.1,0.02,0.02,1.0,0.4,0.06,0.0,44,4
7.621584974017522,-0.4910835724287752,0.0263144919587627,15.432676937296518,8.89530369104039,-15.014875251475868,15.665613444256357,0.6604795054283226,3.0056931844690267,1.365747697192668,-1.7323592984515188,False,9.6,0.1,0.02,0.02,1.0,0.4,0.06,0.0,44,5
7.5999042195207345,-0.4950752068442388,0.0304329645694158,15.151890500129875,-1.98312707148038,-20.72945151834692,13.666238266843171,0.4398322272129539,-0.9237894894492402,1.115892798699353,-2.2512447152878097,False,9.6,0.1,0.02,0.02,1.0,0.4,0.06,0.0,44,6
7.594086213493905,-0.4999113460874406,0.0321811266999701,16.201404384505658,8.320169850563396,-17.642925047454618,11.781802839682776,0.2177304938763613,-1.0843223926927277,-0.8023697404634755,-2.463751814176692,False,9.6,0.1,0.02,0.02,1.0,0.4,0.06,0.0,44,7
7.598547142868615,-0.5066110403443936,0.0323317868753173,14.525851758462096,-2.356051016613301,-21.16484323505227,10.359967213323367,0.8089493856312536,1.9973681889608452,1.5637962112765371,-2.466689394641953,False,9.6,0.1,0.02,0.02,1.0,0.4,0.06,0.0,44,8
7.588246393600097,-0.4897572391019771,0.0273321933128249,13.869139057143702,1.3963950884099132,-12.735679094633117,9.360316758640565,1.1049289081078153,1.648209248951629,0.5854937110336078,-1.867808586580844,False,9.6,0.1,0.02,0.02,1.0,0.4,0.06,0.0,44,9
7.61264612028141,-0.4976611869462532,0.0270456384700161,15.83683930619892,-11.965814037102326,-7.329809083230572,4.696125905579031,0.7424493191865262,-1.1564933386734677,0.0524444034397392,-1.8106961082741704,False,9.6,0.1,0.02,0.02,1.0,0.4,0.06,0.0,44,10
7.641956314127031,-0.4918747922994811,0.0279901038739634,14.601177486394722,-23.068327607191566,-18.289618009628605,12.42865600259664,0.2768509342895032,1.395562891905208,-1.550846535258902,-1.943716415500944,False,9.6,0.1,0.02,0.02,1.0,0.4,0.06,0.0,44,11
7.596109507865088,-0.5038974019415062,0.0281163157157745,16.229698201008546,26.19625078393594,-17.310517754178,16.426058365729347,0.1363471314099931,0.5941552240590459,0.2447511070593588,-1.9337680764876215,False,9.6,0.1,0.02,0.02,1.0,0.4,0.06,0.0,44,12
7.653911744498596,-0.5006163979341721,0.0275560905637261,14.934338942591234,10.089053428462249,-13.430950263870995,7.58180483400764,0.2798073501983508,-0.8984611512611063,2.105009387566521,-1.866465532445024,False,9.6,0.1,0.02,0.02,1.0,0.4,0.06,0.0,44,13
7.583114167469695,-0.499766784989385,0.0282796409908893,14.814558726109002,19.088222815604517,-18.14097949542241,15.687339037955937,0.209455562902736,-0.6689952528294905,-0.2647280790802855,-1.9653669128111264,False,9.6,0.1,0.02,0.02,1.0,0.4,0.06,0.0,44,14
7.608724852051228,-0.4866901845505231,0.027455732722056,14.740007006811318,-8.745986931823529,-21.891638923304534,13.107165350365277,0.4586323086798843,1.375617052032315,0.0440932529135329,-1.889753854378843,False,9.6,0.1,0.02,0.02,1.0,0.4,0.06,0.0,44,15
7.617609749417668,-0.4997941097453143,0.0289188914479401,16.909617699998492,33.23511774282216,-18.08848540141883,8.419741437989524,0.3698898945811379,0.1834953167982165,0.1435949139824317,-2.045055656982525,False,9.6,0.1,0.02,0.02,1.0,0.4,0.06,0.0,44,16
7.616633586129159,-0.4896296695348577,0.0247036323080255,14.780379285668689,-0.7946490740934653,-13.40107211955508,14.265967156223564,0.3190816100354977,1.1408518926183937,-0.6765502072595868,-1.529955713375864,False,9.6,0.1,0.02,0.02,1.0,0.4,0.06,0.0,44,17
7.609756190785646,-0.5016932561236512,0.0270410747250557,15.815756696263884,24.7738202082766,-17.570739237131928,10.859970890357756,0.5005602764280799,1.492873573943144,-0.3765738709807627,-1.8006083786632332,False,9.6,0.1,0.02,0.02,1.0,0.4,0.06,0.0,44,18
7.623516520975464,-0.5068831764163204,0.0286856004817681,16.16320256225232,3.5265443245220074,-13.582784215165011,16.523334625471655,0.0865371962945317,-2.7148860859639523,0.068478745293132,-1.997826247008632,False,9.6,0.1,0.02,0.02,1.0,0.4,0.06,0.0,44,19
7.605175922511777,-0.497717214422271,0.0268216575558829,16.56048171302581,-7.090205914120753,-21.497165131801093,23.110522005072607,0.1250877959550346,0.4456739384583111,-1.2447022735196795,-1.7823402971888664,False,9.6,0.1,0.02,0.02,1.0,0.4,0.06,0.0,44,20
7.600367216997881,-0.4968955399533636,0.0311958758050848,15.636627836954435,10.652569560942732,-12.661402493074885,7.3851907096285885,0.6121051371032421,-1.156549328724329,-1.0454328543503355,-2.3445007741429102,False,9.6,0.1,0.02,0.02,1.0,0.4,0.06,0.0,44,21
7.580024687342491,-0.4937830999543096,0.0363928514129027,15.642659023127967,-2.390380100193809,-21.891231720741224,16.818970522952462,0.2924709358110094,-0.3119844332300086,-0.44014047611206,-3.018404059720657,False,9.6,0.1,0.02,0.02,1.0,0.4,0.06,0.0,44,22
7.573010389209283,-0.4921264184922642,0.0302776832361092,13.775321950986193,-8.518449505364734,-19.831481747342632,19.835964127376783,0.3943240295516361,2.5967344026198456,-0.6861139869772244,-2.2400594264879907,False,9.6,0.1,0.02,0.02,1.0,0.4,0.06,0.0,44,23
7.59739255617109,-0.4871374634998249,0.0268213357835483,16.25814588987016,5.68389473055972,-15.868427386377236,11.89214840482121,0.6770277736763921,-0.6815427980634423,-2.2613044715308908,-1.808157514524349,False,9.6,0.1,0.02,0.02,1.0,0.4,0.06,0.0,44,24
7.579488372243394,-0.4905072785829759,0.0331655927913533,15.066743020713812,1.0688148496112588,-11.254007912219894,22.31898523130929,0.3594822431662314,-2.0792791870194147,-1.432959484885968,-2.6132091063594816,False,9.6,0.1,0.02,0.02,1.0,0.4,0.06,0.0,44,25
7.636961605419233,-0.4913122390371685,0.0248919212523197,16.271411678921538,0.4044595280072589,-15.18698846736053,9.836612129570025,0.2955393760850825,1.480850037800604,1.454949959525906,-1.5487988502825698,False,9.6,0.1,0.02,0.02,1.0,0.4,0.06,0.0,44,26
7.613788000110445,-0.5001724703016005,0.0303940907319931,14.946777190683257,7.143448255430583,-18.3452438842197,12.253905140346257,0.7917525073902337,1.73312070839021,-3.044376806255828,-2.2332024049646533,False,9.6,0.1,0.02,0.02,1.0,0.4,0.06,0.0,44,27
7.638443446212329,-0.5035375556879491,0.0244341771704444,14.899585059655037,-17.88176420455548,-18.42896515804709,14.281893211994078,0.2698546263588016,3.423316207496846,1.3447276996162572,-1.4607779373930714,False,9.6,0.1,0.02,0.02,1.0,0.4,0.06,0.0,44,28
7.622840778636654,-0.4954140542306982,0.0268550362105085,14.539609281065577,1.879675878381121,-22.980851080945936,7.986955589799164,-0.2116896037676923,-0.7157910641375604,-0.0108651230989359,-1.7910804580732258,False,9.6,0.1,0.02,0.02,1.0,0.4,0.06,0.0,44,29
7.6062069431235315,-0.4915480929699523,0.0288152101602288,14.182368100785125,-5.4206965214720615,-17.894905396572803,4.279069685409436,0.2226410164511593,1.616646427384594,-2.0547343688862174,-2.052259060794002,False,9.6,0.1,0.02,0.02,1.0,0.4,0.06,0.0,44,30
7.60165373151229,-0.4986754379449122,0.0302547772396528,14.37255847671442,-28.6758577949493,-20.21665618899489,12.3821107959686,0.2388432559373632,-0.4299357698392292,0.8641911846528263,-2.21969121171704,False,9.6,0.1,0.02,0.02,1.0,0.4,0.06,0.0,44,31
7.589006610172079,-0.5021256050700601,0.032360953324207,16.325566486162455,-2.2907091896483687,-6.986124147446969,11.93049528620022,-0.0394483217740562,-3.1172389256803363,-0.434271822361812,-2.4817601767200377,False,9.6,0.1,0.02,0.02,1.0,0.4,0.06,0.0,44,32
7.620311610775031,-0.4982729918058695,0.0323294625859484,14.861666014114546,-20.153921492527903,-19.21226867682932,14.924867040168373,0.1917749584328241,-1.4238020863060383,-0.8232835783456594,-2.485097334020812,False,9.6,0.1,0.02,0.02,1.0,0.4,0.06,0.0,44,33
7.585833200318407,-0.4885134987942969,0.0280231901513899,15.539441327223855,-1.925869789913599,-19.5604263897668,6.592372034788687,0.2000207656989036,-0.4034911326179791,0.3787524036305996,-1.9593859502525,False,9.6,0.1,0.02,0.02,1.0,0.4,0.06,0.0,44,34
7.560153136016936,-0.4831192741562555,0.0325685817715251,16.740772352341942,14.613918551202865,-17.772031108283972,16.502780936851245,0.1183129231171238,-0.89829833345899,0.821288041870003,-2.555683020619188,False,9.6,0.1,0.02,0.02,1.0,0.4,0.06,0.0,44,35
7.63051321637325,-0.5047256740814281,0.0248684761724777,15.702156880364548,-2.4244820560977978,-17.090154137156908,10.650052779432365,0.4889856357787371,-0.3086174997502149,2.136293590183496,-1.5139925392993363,False,9.6,0.1,0.02,0.02,1.0,0.4,0.06,0.0,44,36
7.607586250723737,-0.5019763933573588,0.0270967778855634,15.894158559182127,10.93308419853216,-23.59383983860351,17.108928165260217,0.8941589524525339,0.5687623516636449,-1.6519306427930955,-1.8071890502510408,False,9.6,0.1,0.02,0.02,1.0,0.4,0.06,0.0,44,37
7.594389341639442,-0.4970561212206774,0.0294234662316735,15.717734962990445,-0.917013677666646,-18.174700435124382,5.546884998170993,0.452760575901265,-2.0516460982386557,-0.5295108535900896,-2.1176056262262186,False,9.6,0.1,0.02,0.02,1.0,0.4,0.06,0.0,44,38
7.586666182729354,-0.5012564831490812,0.034714329418776,16.348025269496738,4.400614804831747,-13.689155332803074,6.408035874045044,0.6330471640388496,0.9427853257762756,1.3345497703860978,-2.785218635081776,False,9.6,0.1,0.02,0.02,1.0,0.4,0.06,0.0,44,39
7.601490680041137,-0.4940848783313743,0.0271334568487567,13.977396780396804,26.43410149458097,-20.79837020136953,18.414626446401364,0.5049387530093088,-0.8522820453869431,-0.0983196673019906,-1.8311893278430944,False,9.6,0.1,0.02,0.02,1.0,0.4,0.06,0.0,44,40
7.616150744876582,-0.4959726717804146,0.0293183927204884,16.022189109101507,7.826103658745046,-16.84605984936928,12.75280439506005,0.3721565770931525,1.0748848353948863,-1.144290275066273,-2.105450811256937,False,9.6,0.1,0.02,0.02,1.0,0.4,0.06,0.0,44,41
7.591465431622448,-0.497481042342655,0.0296560485380452,15.819296070712817,14.215738943922306,-15.165705267901238,13.06042872538496,0.5531057597316239,0.1620328014249953,0.8454658224425191,-2.146531785350071,False,9.6,0.1,0.02,0.02,1.0,0.4,0.06,0.0,44,42
7.571320969064111,-0.4998819774973315,0.0306663855803701,15.033825133983616,3.3081612457886007,-16.258637709154502,11.611761879558763,0.574520963376077,-1.4871936039007625,1.7127760354288708,-2.271301350149943,False,9.6,0.1,0.02,0.02,1.0,0.4,0.06,0.0,44,43
7.627194191564922,-0.4959552544064443,0.0270133013326195,15.06354535971942,-13.152464509892267,-12.70107224024078,6.677240493629553,0.6141670785180187,0.2741726782589251,4.254817567345127,-1.8097783085059465,False,9.6,0.1,0.02,0.02,1.0,0.4,0.06,0.0,44,44
7.612802386875477,-0.5007452069380308,0.0335723703256173,15.608829172637977,-6.069818080389146,-20.882538470925564,21.268519728660788,0.4368466386081133,1.4314340623795934,-0.6828873450003098,-2.638706761815217,False,9.6,0.1,0.02,0.02,1.0,0.4,0.06,0.0,44,45
7.633603017266943,-0.5004168739769616,0.0285720139323366,14.79436741087068,-6.278127713406013,-17.1296087915045,13.470388805747309,0.903015811894743,0.5501911785076845,-1.354194298392266,-1.9982011047583668,False,9.6,0.1,0.02,0.02,1.0,0.4,0.06,0.0,44,46
7.619665552355081,-0.5019329962417305,0.0273223530218772,16.0331794746099,9.067632110646036,-23.08601561781702,13.16794288646282,0.5211557301469889,1.2280930411333784,-0.8806503936124137,-1.8354420626788337,False,9.6,0.1,0.02,0.02,1.0,0.4,0.06,0.0,44,47
7.613562403405993,-0.4986701145470123,0.0313383287619303,15.159106751183884,-13.18108161727727,-14.940893477377749,14.859356537924672,0.6255776693472714,0.3954377539786603,0.4239428153424595,-2.3576840624099,False,9.6,0.1,0.02,0.02,1.0,0.4,0.06,0.0,44,48
7.616398621265096,-0.4935351504253987,0.0305320959295886,14.53948338550653,-5.688987213692004,-19.02586786906778,14.966186038046937,0.7505421189267996,-1.362407067616158,-0.1646991249261362,-2.2666400006904888,False,9.6,0.1,0.02,0.02,1.0,0.4,0.06,0.0,44,49
7.574208644625922,-0.4907286176938918,0.0304120839516569,15.888599123030684,24.583119130159584,-25.20861297852638,8.46431005988247,0.2059491295875601,0.9586362126850588,0.8795321983769182,-2.2605455446691893,False,9.6,0.1,0.02,0.02,1.0,0.4,0.06,0.0,44,50
7.573138027857836,-0.496537530564865,0.0282154431403758,15.294028921621836,20.068695520439924,-16.102944137083995,16.18141447772224,0.8168969087400949,0.2955834064298374,1.4517633148730231,-1.9654983669409691,False,9.6,0.1,0.02,0.02,1.0,0.4,0.06,0.0,44,51
7.580147340214121,-0.4934667262440634,0.0298924113935887,14.858002353730509,15.272689778942372,-24.99906671612617,14.904937345695071,0.6554310521862088,1.031020913979945,0.1213541845297169,-2.1870996749807583,False,9.6,0.1,0.02,0.02,1.0,0.4,0.06,0.0,44,52
7.5855185749734675,-0.4998911066446219,0.0322907364111534,16.289934190830397,10.277692991927044,-20.43435279354588,16.065671208659836,0.1185547833184245,-2.221195547033222,-0.2729822999777465,-2.478344490182148,False,9.6,0.1,0.02,0.02,1.0,0.4,0.06,0.0,44,53
7.593496242136152,-0.5023662533848752,0.0288461144597475,15.50044951377727,-19.90846244254366,-22.992319158485312,13.552605934127843,0.3986124673172742,-1.2245062693707631,0.800775100572918,-2.031013868195813,False,9.6,0.1,0.02,0.02,1.0,0.4,0.06,0.0,44,54
7.5985060422167905,-0.4919119819062255,0.0263645739754064,16.068532592140592,0.4965211035939616,-22.92907637049636,9.73395828413015,-0.0636084988192306,0.4339228503248127,0.8299426236030427,-1.7381663497440747,False,9.6,0.1,0.02,0.02,1.0,0.4,0.06,0.0,44,55
7.613010060462841,-0.4929335268233083,0.02723097035171,15.317617835859693,-1.053099802403325,-17.13027401094172,1.678823453683698,0.4507174469947231,-1.529247937804193,-0.7151987468067827,-1.8457431370151711,False,9.6,0.1,0.02,0.02,1.0,0.4,0.06,0.0,44,56
7.591175474881898,-0.4951098166383627,0.028374116103812,15.34086138898284,7.469239896874001,-17.412056151207693,15.746892349771194,0.6503435706816632,0.93034611684918,-1.874010042002649,-1.988152772862957,False,9.6,0.1,0.02,0.02,1.0,0.4,0.06,0.0,44,57
7.586225843149208,-0.5041815994767704,0.030703927679715,16.084467900237613,21.90192363007319,-12.953775439239791,13.71100205139052,0.9395249596662608,2.32082120855429,-0.465062004395869,-2.2648933536703284,False,9.6,0.1,0.02,0.02,1.0,0.4,0.06,0.0,44,58
7.584401303798426,-0.4924860233079702,0.0345903125308937,14.36989362673631,-3.813640406749984,-5.676390620488117,9.044372690887457,0.597640785736478,-0.8927562547726517,0.8759829890237285,-2.790529469787362,False,9.6,0.1,0.02,0.02,1.0,0.4,0.06,0.0,44,59
7.6078508863744,-0.4967936966116766,0.0265577041954803,15.837270765119092,2.111930551648828,-20.12564022348437,13.028144705571584,0.3232490902910504,-1.4715282836296633,0.5100793157879819,-1.7506102119710016,False,9.6,0.1,0.02,0.02,1.0,0.4,0.06,0.0,44,60
7.62830955022726,-0.4977272613311148,0.0288530441083122,14.481509147217904,-23.235694530313985,-12.280519062667576,14.52405348288979,1.1994172338198168,-0.5322269872369307,-3.312876189052409,-2.040945645655653,False,9.6,0.1,0.02,0.02,1.0,0.4,0.06,0.0,44,61
7.63382301183675,-0.4963038517308047,0.0296415596949317,14.86684722999576,7.714636109184362,-16.88277049856078,12.339386402687762,0.8460839365366177,-1.981524734688664,0.0224760250094783,-2.1449610160871284,False,9.6,0.1,0.02,0.02,1.0,0.4,0.06,0.0,44,62
7.620747867211965,-0.4890371896117183,0.0279574274760976,16.288486096133035,-11.314284402278751,-15.984892803688156,8.133368561852999,0.2361255726363813,0.1671268345998475,0.3103173890236701,-1.947616589839664,False,9.6,0.1,0.02,0.02,1.0,0.4,0.06,0.0,44,63
7.585453721946892,-0.4966756559736016,0.0319229527693873,15.730828172778269,12.615774952438308,-19.653262930511843,13.164855597880829,0.6632445498309447,-1.8076747607962111,0.0214448322955721,-2.438989156828129,False,9.6,0.1,0.02,0.02,1.0,0.4,0.06,0.0,44,64
7.62519876885699,-0.4917976498301242,0.0286741617958038,17.112693519482395,12.742675336878444,-13.000867044093072,9.559722562311954,0.1405058581894333,-0.8456700356639388,0.4583366632259776,-2.0324664241391748,False,9.6,0.1,0.02,0.02,1.0,0.4,0.06,0.0,44,65
7.5938521608979555,-0.4994908306142631,0.0262407322220347,16.478962330979513,-9.28695081680637,-17.232496173887448,15.693003818761763,0.5837442487287645,-0.1621610389866119,-0.9916402705214604,-1.704404601292341,False,9.6,0.1,0.02,0.02,1.0,0.4,0.06,0.0,44,66
7.610623987121609,-0.5042728212084836,0.0326473074183368,13.440676223636366,21.28502478012325,-21.24863040671756,9.422067469749535,0.5102692100576576,0.7536720860307188,-0.6025770780051827,-2.511963139419459,False,9.6,0.1,0.02,0.02,1.0,0.4,0.06,0.0,44,67
7.570089825500716,-0.4966027091395069,0.0309745351941832,15.677035517891206,18.361674857116064,-11.53998453294857,4.730886139078423,0.1383532555485147,-0.0125745039704638,0.3845982454551673,-2.318688613390602,False,9.6,0.1,0.02,0.02,1.0,0.4,0.06,0.0,44,68
7.617747046499975,-0.4953228971983468,0.0301190441291434,14.790112835810564,-0.7715740964416583,-22.31770413229157,11.8125356757253,0.4853447457826366,1.3316580068595787,-0.821535124620155,-2.2093978724643364,False,9.6,0.1,0.02,0.02,1.0,0.4,0.06,0.0,44,69
7.627907372971749,-0.5011982155252763,0.0298555825916852,17.33266973622346,21.032879183661063,-17.382457041433753,11.0913980864727,0.1663360684802265,3.028581471677139,1.1910019665789826,-2.1609644120967464,False,9.6,0.1,0.02,0.02,1.0,0.4,0.06,0.0,44,70
7.603226499952979,-0.5054681673375895,0.0351976971892009,14.784134503112693,-5.2369884372114415,-21.061049864928908,18.74553912397853,0.5061411524189132,1.3000251458576366,1.3625081164027184,-2.835988048610327,False,9.6,0.1,0.02,0.02,1.0,0.4,0.06,0.0,44,71
7.605534329567123,-0.4883690056494773,0.0263763784436688,14.646960664059382,10.278677338816928,-21.603527589908538,21.99966961519616,0.4849557985372439,5.292368920681998,0.469086797175404,-1.7477587674568464,False,9.6,0.1,0.02,0.02,1.0,0.4,0.06,0.0,44,72
7.645097424652197,-0.4933241331491081,0.0200412733429767,15.102639843362777,3.5303570260081165,-18.608940584144587,18.694389241300915,0.2240440803475589,-0.3593870348071617,-1.1350881760768825,-0.9225992228640368,False,9.6,0.1,0.02,0.02,1.0,0.4,0.06,0.0,44,73
7.608987654702617,-0.4991332417056665,0.0319079202307935,16.28419955440374,10.966641780796406,-22.788960459962546,16.749886756963765,0.3628433774576518,-0.6443543828165847,0.0319816844849399,-2.42975475016582,False,9.6,0.1,0.02,0.02,1.0,0.4,0.06,0.0,44,74
7.630997908827468,-0.5000661671452663,0.0232608254752048,15.887828778154718,2.6977083303026905,-14.100633479237224,15.780946275812616,1.0960049375122962,0.3848101701557733,1.8480835656413963,-1.319366985147932,False,9.6,0.1,0.02,0.02,1.0,0.4,0.06,0.0,44,75
7.628082860111149,-0.4972823371579061,0.0263511681711335,16.374683117676128,16.908045891878896,-12.670384618941023,12.87133329241075,0.1149630068326819,-0.2553495174232545,-1.4735682464759032,-1.721786945119448,False,9.6,0.1,0.02,0.02,1.0,0.4,0.06,0.0,44,76
7.618777928166129,-0.4816910477631165,0.0245354168979504,16.267032891528892,-15.3622533088164,-20.016549548176773,11.988075744826729,0.0387577655439099,2.1523084268737955,-1.3971465113565782,-1.527348172616216,False,9.6,0.1,0.02,0.02,1.0,0.4,0.06,0.0,44,77
7.623487051620785,-0.4965503176077497,0.0231475416118339,14.73157177490642,5.218591210355285,-25.333645309918925,18.606850016983355,0.721328553340793,-0.1881412894303467,0.4474105062978721,-1.3137553409589051,False,9.6,0.1,0.02,0.02,1.0,0.4,0.06,0.0,44,78
7.611819771544119,-0.4995199611242364,0.0303198437150849,14.748605859033178,14.577038727007764,-14.887551961921918,6.159083716242826,0.7369292222307204,0.2732961789476383,0.1279298540959994,-2.2253829025400567,False,9.6,0.1,0.02,0.02,1.0,0.4,0.06,0.0,44,79
7.571203077581708,-0.4927094072064354,0.0275662990142344,16.040008465879456,40.98754258110629,-12.466886118780636,10.255959050909864,0.0027421264148197,-0.4526163565579344,-0.4045472471188709,-1.8917115118716572,False,9.6,0.1,0.02,0.02,1.0,0.4,0.06,0.0,44,80
7.586655670317687,-0.4862820952942364,0.0248117772267647,14.83563142828798,-8.525282484843379,-15.720812545732148,6.2419088564989575,0.756613237795061,-0.6917984140057669,-0.8357361685370067,-1.5536311161006655,False,9.6,0.1,0.02,0.02,1.0,0.4,0.06,0.0,44,81
7.610752458039314,-0.5042257218741338,0.0270342348743353,16.040538465374667,27.03716236995219,-11.962508919458257,16.495631514467725,0.4714731033555296,-0.3369443487066232,-0.2510883383838967,-1.7935951839346504,False,9.6,0.1,0.02,0.02,1.0,0.4,0.06,0.0,44,82
7.592626862923055,-0.4978561229466383,0.0271105350654485,13.343169518025473,8.195482763553944,-20.50736740089736,11.22043863716651,0.54621957869816,1.581905821228046,1.3756241518489638,-1.8197361815300983,False,9.6,0.1,0.02,0.02,1.0,0.4,0.06,0.0,44,83
7.607317339510611,-0.4857778073283964,0.027101439859796,15.38176892646591,-5.474492911752865,-22.09945435484049,8.462405489939332,0.3777028683838166,-0.5524441480111695,0.7415534611821832,-1.846678524095107,False,9.6,0.1,0.02,0.02,1.0,0.4,0.06,0.0,44,84
7.592388933307236,-0.4907998892378147,0.0317883959218184,14.096869868308968,3.014568742260813,-15.182980455268163,16.566336196452077,0.1735479831707831,1.0025518681324854,0.3895546719198326,-2.435451607823574,False,9.6,0.1,0.02,0.02,1.0,0.4,0.06,0.0,44,85
7.635682114797615,-0.4987004204118399,0.0239677771189506,14.743776581297912,-17.802137461409178,-23.61570176163409,19.009555601493933,0.1853881841658929,0.8446395995733552,-1.5981343520151594,-1.412853535349413,False,9.6,0.1,0.02,0.02,1.0,0.4,0.06,0.0,44,86
7.603705630317603,-0.4909768189607474,0.0290349858753883,14.0136637123407,-8.861983794086186,-18.92155069032801,2.9798339434512204,0.4994029080997034,-0.615695449457458,0.5919400149982341,-2.081911488724858,False,9.6,0.1,0.02,0.02,1.0,0.4,0.06,0.0,44,87
7.627605826990449,-0.4930485428641205,0.0289787745171158,13.918247547421196,-18.94597640149001,-19.236310964191336,14.87684298122625,0.1247951780477782,2.0745165961745027,1.0720534182634178,-2.068310285697513,False,9.6,0.1,0.02,0.02,1.0,0.4,0.06,0.0,44,88
7.636794303484147,-0.4930237011227496,0.0276992445124444,15.971734350319965,-1.255954978572402,-12.75820357682436,17.568430535469574,0.657237006654707,-0.6330359971998294,3.184266907312146,-1.904038756689239,False,9.6,0.1,0.02,0.02,1.0,0.4,0.06,0.0,44,89
7.554008579815178,-0.4980126633789815,0.0335259616813318,16.80227529162899,6.574697082854794,-15.73605113102238,10.123532350377875,0.6697833653731993,-1.7922765564910317,0.8367598103024774,-2.6428521883120157,False,9.6,0.1,0.02,0.02,1.0,0.4,0.06,0.0,44,90
7.633190140415352,-0.4947981065155324,0.0262600911013071,15.441140374854804,-11.664247556743703,-19.16970819006012,14.54742569657661,0.8529835054320548,2.1458516537092205,0.4679604526771321,-1.715784796905123,False,9.6,0.1,0.02,0.02,1.0,0.4,0.06,0.0,44,91
7.624089799905856,-0.5037629443102812,0.025922499628252,14.894232732451645,9.50911448902221,-12.5938591770336,13.641088117892336,0.3546433175169237,1.2243640351755207,-1.3858948075091255,-1.6516034980772405,False,9.6,0.1,0.02,0.02,1.0,0.4,0.06,0.0,44,92
7.641565089122704,-0.5026754323777889,0.0271947022973737,14.819062463648551,15.29724205018766,-22.11972207843322,14.29393656053913,0.5212748972402346,1.154972670498512,1.6818136869574984,-1.816006951009779,False,9.6,0.1,0.02,0.02,1.0,0.4,0.06,0.0,44,93
7.590954575400029,-0.4939584341000458,0.0289134084927307,14.527478344415304,15.849376316330634,-18.24700560827189,15.091273368667112,0.5508903462710348,-0.6493784238391205,3.163800978406621,-2.05995877070542,False,9.6,0.1,0.02,0.02,1.0,0.4,0.06,0.0,44,94
7.599270587003457,-0.4870260761118245,0.0297522521366264,15.168507079488814,-0.1601364607835709,-22.636469826206568,11.208611447349398,0.1576015443089093,-1.2350752109209886,-0.7445018489959957,-2.1834694555995955,False,9.6,0.1,0.02,0.02,1.0,0.4,0.06,0.0,44,95
7.583151830340841,-0.4951959042176373,0.0329358758156591,14.76713606889349,0.2847342300589297,-11.855812605711016,13.145726120561012,0.463660513594625,-0.9620425117589202,-2.889398536983298,-2.572332824461593,False,9.6,0.1,0.02,0.02,1.0,0.4,0.06,0.0,44,96
7.617750814220741,-0.497720805104101,0.0274741586114337,14.703062431258449,-13.076775642940412,-15.328898612683956,19.24293777872901,0.5354791621269711,1.4070217430476468,2.348249356802978,-1.8650973211604345,False,9.6,0.1,0.02,0.02,1.0,0.4,0.06,0.0,44,97
7.598855352705018,-0.4913695679596364,0.0297126793925079,14.257379176147008,-9.25071059738332,-12.202823286970174,10.611015760761047,0.472406074091749,2.3656181135676557,1.320166612584491,-2.168004677975585,False,9.6,0.1,0.02,0.02,1.0,0.4,0.06,0.0,44,98
7.602241245864984,-0.4912368320700266,0.0285874734137749,15.742778242442258,10.933802566812972,-29.093531452360843,10.586573336988245,0.2026198007030719,0.4827539352298643,0.8966765069500711,-2.024093725243233,False,9.6,0.1,0.02,0.02,1.0,0.4,0.06,0.0,44,99
0.1680633226506053,-0.0741181270894492,0.0386342182260526,6.683890138511453,183.16076646255192,-3.827819915197692,4.567131934194249,-2.3647921813107637,1.8889211028076351,-1.7519814187068403,-0.1211064414347063,False,3.394112549695429,0.025,0.02,0.02,2.0,0.1,0.06,0.0,36,0
0.1710401127114924,-0.0722881752044806,0.0294655507442512,6.989972779075904,138.71998991367303,-4.812253157553389,2.294067343507216,-1.364474121102462,1.609078373822739,-0.3296221096404877,-0.0519703787005673,False,3.394112549695429,0.025,0.02,0.02,2.0,0.1,0.06,0.0,36,1
0.1728045345979634,-0.0757451425108172,0.0290036853406045,7.281206670189462,178.71683137469813,-3.8333311780796944,4.149846009002438,-2.844013527325353,0.793097319058457,-1.0860245679504763,-0.0398728686229972,False,3.394112549695429,0.025,0.02,0.02,2.0,0.1,0.06,0.0,36,2
0.1745964733293319,-0.074268610822969,0.0233392929617666,7.747336200291705,148.32983786346588,-3.632854974848701,4.208623025150775,-1.944090309513205,1.438148348740895,-0.7242374311356997,0.0020061106807522,False,3.394112549695429,0.025,0.02,0.02,2.0,0.1,0.06,0.0,36,3
0.1719129349109762,-0.0744370016600904,0.0279528820550339,7.221407497814352,120.92564342596596,-4.754950252073356,4.27712763894909,-2.611394808565626,0.6497744522978056,-0.8231374224504913,-0.0346594763613957,False,3.394112549695429,0.025,0.02,0.02,2.0,0.1,0.06,0.0,36,4
0.1683851305380017,-0.0760755333635247,0.0278984690389204,8.269608123808963,214.73892175256557,-4.54294596057092,3.603990569649502,-3.061555523822695,2.0069350177327623,-1.6673347972806063,-0.0305033644066245,False,3.394112549695429,0.025,0.02,0.02,2.0,0.1,0.06,0.0,36,5
0.1682182707809539,-0.0715548805503165,0.0328710269984878,6.780996901996252,203.40787129706,-4.938464455493394,3.662309096145529,-0.7328024476126672,2.2707218017680835,-1.7318179364003523,-0.0811434064202856,False,3.394112549695429,0.025,0.02,0.02,2.0,0.1,0.06,0.0,36,6
0.1745611543172419,-0.0755807628974963,0.0271176893825609,7.330379450962846,128.41896391659446,-4.284248685848203,3.853773423420625,-1.962659505137015,1.851130634870423,-1.3862461813525675,-0.025074014847462,False,3.394112549695429,0.025,0.02,0.02,2.0,0.1,0.06,0.0,36,7
0.1709318108623208,-0.0780728747916734,0.0269914746176754,7.050591950945056,174.55070860085533,-4.3883728635101455,2.689298791193023,-2.260796282643868,0.135903724413545,-0.3960225570945833,-0.0183009887896478,False,3.394112549695429,0.025,0.02,0.02,2.0,0.1,0.06,0.0,36,8
0.1738125575384943,-0.0772348316300148,0.0301459542753085,7.965720477336664,134.0058595700071,-4.2161992281152445,3.734641883173657,-1.9815362467437767,0.94466365487661,-1.489554892685599,-0.0453752848381236,False,3.394112549695429,0.025,0.02,0.02,2.0,0.1,0.06,0.0,36,9
0.171231848866679,-0.0721864583211832,0.0284716934621687,7.387328622722592,186.5365848893927,-4.753425060018336,4.091399868441855,-2.2137235873319736,1.306130235670505,-0.8302305643495882,-0.0442521367945096,False,3.394112549695429,0.025,0.02,0.02,2.0,0.1,0.06,0.0,36,10
0.1719250033532802,-0.0710857244645633,0.0231994793349318,7.126530477218159,147.21991812327738,-3.246320395088095,3.711319953766117,-1.8905424754079316,0.764053056273502,-0.5493237836265664,-0.0046745957633062,False,3.394112549695429,0.025,0.02,0.02,2.0,0.1,0.06,0.0,36,11
0.1707236114493798,-0.072044823504793,0.0258292564928309,7.398834581087756,184.19769852320167,-3.7357538264012016,3.399229928341693,-2.418852938206284,1.888328330006484,-1.678611168144187,-0.0234830588441812,False,3.394112549695429,0.025,0.02,0.02,2.0,0.1,0.06,0.0,36,12
0.1714855500574295,-0.0749756176098956,0.0316908907489952,7.264458041715895,172.4983102145073,-5.0383303867994975,4.445425232431108,-1.7803556084080645,0.8574145574939016,-0.9500958535511904,-0.0632965107247666,False,3.394112549695429,0.025,0.02,0.02,2.0,0.1,0.06,0.0,36,13
0.1678830961963706,-0.078138340800826,0.0319033917414502,6.801799367276768,147.02017628886017,-3.9043506120585434,4.127865668478973,-2.2931994666548188,2.158496794431929,-0.6513633944416459,-0.0576221302378373,False,3.394112549695429,0.025,0.02,0.02,2.0,0.1,0.06,0.0,36,14
0.1731207103060444,-0.0760877172606624,0.0280757314730758,7.532777361701591,198.3041072885039,-5.674556868977012,3.639264981317724,-2.8504225996628625,1.467092837266481,-2.303000270126363,-0.0316080877406541,False,3.394112549695429,0.025,0.02,0.02,2.0,0.1,0.06,0.0,36,15
0.1714197799275386,-0.073616971944702,0.0331511439151512,7.2604362464177505,128.68649423781974,-4.766624353700282,4.055722068148455,-1.3304828561760054,1.0938483561861183,-1.0003087748825603,-0.0782432318582723,False,3.394112549695429,0.025,0.02,0.02,2.0,0.1,0.06,0.0,36,16
0.1732397561855604,-0.0734321401276502,0.0285316861707843,7.355330321550433,184.6259682693256,-4.0670205350417605,3.373783952924575,-1.9750307344748448,0.042614363736555,-1.278213592342062,-0.0416219676887804,False,3.394112549695429,0.025,0.02,0.02,2.0,0.1,0.06,0.0,36,17
0.1736581463963236,-0.0766757357459387,0.0328940639452352,7.227567444645697,143.11397989175563,-3.072143267615981,4.2082485653818615,-1.6619509463184263,1.200045049457465,-1.1086390487028133,-0.0687112569878496,False,3.394112549695429,0.025,0.02,0.02,2.0,0.1,0.06,0.0,36,18
0.1733638392506983,-0.0754206633034886,0.0312197796201715,7.170082031981083,119.99171348580596,-4.195130497478119,4.309430764169923,-2.235224938267109,1.6683977602060989,-0.8791725450353297,-0.0583468146779581,False,3.394112549695429,0.025,0.02,0.02,2.0,0.1,0.06,0.0,36,19
0.1721745161021494,-0.0776476178766051,0.0313716388979691,7.633525616479518,133.22458344428688,-4.100223914505165,4.547432694700189,-1.803919142088897,1.5267008710233865,-3.307542945411861,-0.054288357313772,False,3.394112549695429,0.025,0.02,0.02,2.0,0.1,0.06,0.0,36,20
0.167974307081486,-0.0745441238070451,0.0293326529110598,7.111239381279312,159.46359039853004,-3.805643318248213,4.484834404898011,-2.18508340479622,1.1472854243175132,-1.4597020037596868,-0.0456768677266815,False,3.394112549695429,0.025,0.02,0.02,2.0,0.1,0.06,0.0,36,21
0.1695603846134819,-0.0746011494720917,0.0278714871924419,7.73828850263339,160.3409227275464,-3.978692307123211,4.078204955808135,-2.6769829622228496,1.5026787657591136,-0.554033352557335,-0.0337555157297063,False,3.394112549695429,0.025,0.02,0.02,2.0,0.1,0.06,0.0,36,22
0.1742004831032131,-0.0735201050243675,0.027403219078891,8.035698558109749,111.21221394316431,-4.390633226275336,4.155410476488016,-2.5764503740770515,1.3098604206632178,-1.249350758744305,-0.0323254715864533,False,3.394112549695429,0.025,0.02,0.02,2.0,0.1,0.06,0.0,36,23
0.1732071444966879,-0.073540470030932,0.0279989286989284,7.286003173169448,127.03439063828878,-3.799455778100692,3.60308215266425,-1.7878284907978337,0.8647758033918935,-1.224049977375791,-0.0371018728473898,False,3.394112549695429,0.025,0.02,0.02,2.0,0.1,0.06,0.0,36,24
0.1692077177320075,-0.0728138476029621,0.028826066034629,6.324735052831088,194.2691816713751,-4.617847760604297,3.054537074513605,-0.864752374405715,1.5328173238890843,-1.3630574102366757,-0.0457028309660025,False,3.394112549695429,0.025,0.02,0.02,2.0,0.1,0.06,0.0,36,25
0.1716829412601786,-0.0762906310357854,0.0253519267206577,7.224201154081895,167.42816647241813,-4.630823834457227,4.769688281363458,-2.907800477562718,0.7636589867484397,-1.4681612909072053,-0.0094169228037659,False,3.394112549695429,0.025,0.02,0.02,2.0,0.1,0.06,0.0,36,26
0.172559093270213,-0.0750480519493276,0.0376026841751711,7.508665016678073,157.70533626830942,-4.192092316323478,4.666568484701272,-2.0129989363520453,1.252501618523561,-0.765060641862028,-0.1103526031267697,False,3.394112549695429,0.025,0.02,0.02,2.0,0.1,0.06,0.0,36,27
0.1672967200831598,-0.0740833471938119,0.0334539892674571,8.42495202466065,144.44372843321787,-4.592741145279604,2.839413339966096,-2.4963814410120992,0.9067656473061564,-0.33170111821238,-0.0797940776695186,False,3.394112549695429,0.025,0.02,0.02,2.0,0.1,0.06,0.0,36,28
0.1726154285201055,-0.0721502118897838,0.0319414617025779,6.617462278814853,197.6575830368656,-4.037437319214047,3.369043601438243,-1.4183360331997914,2.3247924997580216,-1.7038168720720406,-0.0720142593739358,False,3.394112549695429,0.025,0.02,0.02,2.0,0.1,0.06,0.0,36,29
0.1696037777085146,-0.0764975843893664,0.043422359778819,7.482390307529912,149.48442505384295,-4.270457835493872,3.4828470505461206,-2.1394737585019907,1.0831051700266718,-0.560494498391045,-0.153608449033562,False,3.394112549695429,0.025,0.02,0.02,2.0,0.1,0.06,0.0,36,30
0.1688471085577912,-0.0727523240350747,0.0370212596201395,7.323572806561222,142.4869398452009,-3.9092622550110736,4.476276370166584,-1.0610868894768353,1.239394648510455,-1.4221233366053183,-0.1114336727634693,False,3.394112549695429,0.025,0.02,0.02,2.0,0.1,0.06,0.0,36,31
0.1707306239588351,-0.0726013469283157,0.0315161629496468,8.221643602326616,168.90248755529768,-4.172406966238983,3.748836826767552,-2.4119720460159515,1.4217642942354505,-1.7042302483072815,-0.0676422335316872,False,3.394112549695429,0.025,0.02,0.02,2.0,0.1,0.06,0.0,36,32
0.1741120646074669,-0.0743899063154223,0.0295018231875969,7.319798594243833,135.11620903281084,-4.4016022337424685,3.7069122561924006,-2.177580451861952,1.4034418998787983,-0.0674749267614462,-0.0470320864673144,False,3.394112549695429,0.025,0.02,0.02,2.0,0.1,0.06,0.0,36,33
0.1697368176903982,-0.07238850319734,0.0299826977609637,7.246189384324629,165.75543626227756,-4.423645395176434,4.6970129492731765,-1.7596410289714663,1.4729573075009368,-2.044190998022742,-0.0559449653526703,False,3.394112549695429,0.025,0.02,0.02,2.0,0.1,0.06,0.0,36,34
0.1727157851173058,-0.07568892180694,0.0320531706199567,7.661089613417531,147.55127263640836,-4.4983248956009385,4.129995501455761,-2.379800042679783,0.7890375302655692,-1.708996872406019,-0.0644090055159593,False,3.394112549695429,0.025,0.02,0.02,2.0,0.1,0.06,0.0,36,35
0.1666119579167141,-0.0702285363296485,0.0328472754342295,6.723411761515321,199.55852282266127,-3.843984510952608,4.079554399948994,-2.3596801526880973,0.8405175572951963,-1.8127221045749893,-0.0842329988076773,False,3.394112549695429,0.025,0.02,0.02,2.0,0.1,0.06,0.0,36,36
0.1706335357292365,-0.0757181850172166,0.0284531977516495,6.655355936007663,177.2917975460746,-3.463266954583682,4.235359211326565,-1.9647069998570204,1.289471758563478,-1.6193216504125565,-0.0356639258281222,False,3.394112549695429,0.025,0.02,0.02,2.0,0.1,0.06,0.0,36,37
0.1702463672830202,-0.0761593485198772,0.0360725193239203,7.834124488567638,148.32532082162425,-4.186266260611028,3.867998706707568,-1.993040983727956,1.5048163302170612,-1.290032963691884,-0.0955829361066758,False,3.394112549695429,0.025,0.02,0.02,2.0,0.1,0.06,0.0,36,38
0.1658070503308524,-0.0735543502599685,0.0394527990781995,7.324773245921492,202.90228381029704,-4.641676972800847,4.477514571056145,-1.4732902383225692,1.8665947452809368,-0.5177776482741335,-0.1291435289818204,False,3.394112549695429,0.025,0.02,0.02,2.0,0.1,0.06,0.0,36,39
0.1666557504827051,-0.0735218025533037,0.042036166019899,6.855385386884833,171.6797151375266,-3.552109075484407,4.066854162132428,-2.099050253726886,0.9278894756421978,-0.737130277118287,-0.149837657002301,False,3.394112549695429,0.025,0.02,0.02,2.0,0.1,0.06,0.0,36,40
0.1663147909324352,-0.07568160436247,0.0385315111869059,7.783446115988529,200.16738118524827,-3.285449826336761,3.634287148589525,-3.290410805622494,0.884095848280217,-0.5838705508750915,-0.1166373515693738,False,3.394112549695429,0.025,0.02,0.02,2.0,0.1,0.06,0.0,36,41
0.1758340200513327,-0.079878484518655,0.0213429241832011,7.224257969718278,132.13927284228623,-4.736285081606688,4.253246435878853,-1.6931869662727288,2.134986407273011,-1.9838599587808288,0.0315150105822426,False,3.394112549695429,0.025,0.02,0.02,2.0,0.1,0.06,0.0,36,42
0.1679467871396639,-0.0729434680452256,0.0260574243742106,7.204545013488033,205.1846790466269,-4.393671904450063,2.8709583647852237,-2.1859306264252423,1.7226934347844545,-0.8671607262035599,-0.0233182644567637,False,3.394112549695429,0.025,0.02,0.02,2.0,0.1,0.06,0.0,36,43
0.171533544974425,-0.07662896094227,0.036283072916081,7.688407577921806,166.40534036790322,-3.41104471367107,4.620638301547864,-2.4884282828465585,1.6578264587296592,-1.1241662172611646,-0.096063064368735,False,3.394112549695429,0.025,0.02,0.02,2.0,0.1,0.06,0.0,36,44
0.173722223287368,-0.0747676204869729,0.0275932258890601,7.067483687378691,117.8235686241768,-3.4228805225733523,4.198451406991787,-1.313862155883082,0.8455150266794647,-1.8172013056858864,-0.0308801845465038,False,3.394112549695429,0.025,0.02,0.02,2.0,0.1,0.06,0.0,36,45
0.1661203013209543,-0.0702923929693618,0.0474753603595064,6.566821633607675,177.94396910646893,-4.659286039626263,3.578768262975583,-2.0907835077803982,1.7879202109653225,-0.0954731281625049,-0.2011339216703259,False,3.394112549695429,0.025,0.02,0.02,2.0,0.1,0.06,0.0,36,46
0.1697414945279381,-0.0735717725919378,0.037536514011452,6.832980443843548,150.03131582794802,-3.663602501107994,3.8009896509788015,-2.2764908585063197,1.1917437750831097,-1.3517308818096565,-0.1135353681992895,False,3.394112549695429,0.025,0.02,0.02,2.0,0.1,0.06,0.0,36,47
0.1699005016366981,-0.0750165332135589,0.0321786742490158,7.703564359522152,166.49019009844943,-3.4443957449140274,4.509433566513008,-2.685125867233612,1.651671347159442,-2.060181053526833,-0.0671956841813835,False,3.394112549695429,0.025,0.02,0.02,2.0,0.1,0.06,0.0,36,48
0.1721340407308114,-0.0700484397110594,0.0247226647812519,7.858825782873515,157.93744620773063,-4.384010560884826,3.713576094840347,-2.667487616397085,2.171034441047213,-0.462235613311365,-0.0193370204996243,False,3.394112549695429,0.025,0.02,0.02,2.0,0.1,0.06,0.0,36,49
0.1730610555272179,-0.0761304962106767,0.0255275858227371,7.333904119705985,106.6610729836594,-4.400405253659317,4.2306053397614045,-2.157275394061644,1.4215868451720284,-1.8959279241909373,-0.0111238323446397,False,3.394112549695429,0.025,0.02,0.02,2.0,0.1,0.06,0.0,36,50
0.1713699977442995,-0.0702904649509007,0.0313890574478171,7.732759187963369,166.9508999937906,-4.803685088694918,3.358275636078536,-1.5694616637041514,1.0798783280684003,-1.1869788600179327,-0.0721331438357173,False,3.394112549695429,0.025,0.02,0.02,2.0,0.1,0.06,0.0,36,51
0.1722682792692855,-0.0763715486882381,0.0284558526959907,8.207816663889055,153.25928194368257,-3.527961826897571,4.696406713678302,-1.3241539529870137,0.9860012618532474,-0.7549484233904427,-0.0340190079599972,False,3.394112549695429,0.025,0.02,0.02,2.0,0.1,0.06,0.0,36,52
0.1708192675067182,-0.0726921618369868,0.0245646164877995,7.043609337969427,190.14051236587352,-4.518527065905362,3.689310902362985,-1.1336013904562108,0.8423021091924163,-1.5243695503115229,-0.0118065874432252,False,3.394112549695429,0.025,0.02,0.02,2.0,0.1,0.06,0.0,36,53
0.1706633514882201,-0.0743443749043761,0.0219447554886992,7.137747518993605,157.3243220414094,-4.4101492311106405,4.543657723703554,-1.72229880405947,0.1097820345300686,-0.3744429691964642,0.0131082569502017,False,3.394112549695429,0.025,0.02,0.02,2.0,0.1,0.06,0.0,36,54
0.1722245341012535,-0.0775283253265841,0.0314486809363195,7.642824842035702,123.4628864017516,-4.785162139979507,3.636745683440288,-1.8849091585719715,1.2476403434758452,0.6988581956637043,-0.0551879946606791,False,3.394112549695429,0.025,0.02,0.02,2.0,0.1,0.06,0.0,36,55
0.1683381915737931,-0.0763637936239357,0.0365328429827417,7.257320585752067,154.99306785695396,-5.092961692075353,3.615865591351528,-1.8026123377033707,1.0795217164503594,-1.0398974599683362,-0.0988893476700603,False,3.394112549695429,0.025,0.02,0.02,2.0,0.1,0.06,0.0,36,56
0.17255268702278,-0.073970993971679,0.0276169084762852,7.519050379963934,130.12992220385453,-2.7887573422062597,2.928103094391137,-1.9833146275164868,1.559553890695926,-1.4931023260102732,-0.0330517210568858,False,3.394112549695429,0.025,0.02,0.02,2.0,0.1,0.06,0.0,36,57
0.1686427300205005,-0.0732320293951562,0.0339313720452995,7.265649649951658,173.6570799114994,-3.304415743206084,4.669499197907378,-1.1359050034838123,1.409470388237711,-1.6533071230459864,-0.0855755420127913,False,3.394112549695429,0.025,0.02,0.02,2.0,0.1,0.06,0.0,36,58
0.172479073022592,-0.0722182188160084,0.0275831166094242,7.422222390247088,142.71513475214942,-4.507973782341423,3.9040058626985226,-1.1494041675900604,1.372104154412634,-1.1532641836244402,-0.0369924633356181,False,3.394112549695429,0.025,0.02,0.02,2.0,0.1,0.06,0.0,36,59
0.1717387953171102,-0.0721086789948234,0.0316788092491612,8.002446761866732,147.8554991605434,-5.177820489385493,4.476628112698647,-1.5058104550565523,1.8048259927523336,-2.1077580304696504,-0.0700653166866873,False,3.394112549695429,0.025,0.02,0.02,2.0,0.1,0.06,0.0,36,60
0.1702239989393972,-0.0757243198452838,0.0299324988329906,7.395377539824608,142.161658918618,-3.8455404421657495,4.040395785385904,-1.963213826556276,1.70827193824019,-0.607318505535295,-0.0475081830988804,False,3.394112549695429,0.025,0.02,0.02,2.0,0.1,0.06,0.0,36,61
0.171773843419025,-0.0741868558629287,0.0332257557543485,6.498549313686183,153.53369537427966,-4.2627058198525845,4.682673070065542,-1.064725521141164,2.053441005435417,-0.4370106856771285,-0.0774511613586181,False,3.394112549695429,0.025,0.02,0.02,2.0,0.1,0.06,0.0,36,62
0.174189816385549,-0.076362713021157,0.0191991486162318,7.086747454048438,148.1399346942272,-4.788518211556951,3.5804295242697117,-1.7626232833408653,1.8691179553385229,-0.4912998004980415,0.0401287113040548,False,3.394112549695429,0.025,0.02,0.02,2.0,0.1,0.06,0.0,36,63
0.170983604084363,-0.0714057508619837,0.0256326759383602,6.832717225114351,182.33582386794828,-4.007233125295413,3.681753445863962,-0.8723939689158905,1.086368791944864,-1.1403333177249808,-0.0234285891930592,False,3.394112549695429,0.025,0.02,0.02,2.0,0.1,0.06,0.0,36,64
0.1728372377188556,-0.0763799143307106,0.0261214537804591,6.982385352069029,125.96912690143265,-4.304222450048739,3.410932583569088,-1.62137518348692,1.0471770197949437,-0.6772145023029854,-0.0152896015868361,False,3.394112549695429,0.025,0.02,0.02,2.0,0.1,0.06,0.0,36,65
0.169640143422783,-0.071377937518103,0.036186074264518,7.843033903371337,132.07113725980437,-4.124529512792103,3.521982225478087,-2.1265952454286268,1.366660202428949,-0.5509336139081998,-0.1080031354673303,False,3.394112549695429,0.025,0.02,0.02,2.0,0.1,0.06,0.0,36,66
0.1677130737636596,-0.0703666851147574,0.0357457176795471,6.325890792742798,168.33401104018506,-4.067443152606796,3.8025925192504086,-2.1841131795815425,0.0377547808498361,-1.8806702838562024,-0.1070229127351397,False,3.394112549695429,0.025,0.02,0.02,2.0,0.1,0.06,0.0,36,67
0.1719657762008591,-0.07726310055555,0.0369204522019138,7.635248763333852,178.76797818641975,-4.401095307919391,3.78346247620073,-2.338876068494452,2.381543099444817,-0.5115018623060638,-0.0996142297099393,False,3.394112549695429,0.025,0.02,0.02,2.0,0.1,0.06,0.0,36,68
0.1729381273390134,-0.0762127818679623,0.0257544438145501,7.31282553222972,139.543587636401,-3.519232006468789,4.085080850347682,-2.686618279810891,1.0287071348096108,-1.3174298174223784,-0.0127485863929506,False,3.394112549695429,0.025,0.02,0.02,2.0,0.1,0.06,0.0,36,69
0.1712950219692436,-0.0791796339706602,0.0280386439702271,7.371073483138243,142.88123884774907,-3.7772936181790553,4.082351951193232,-2.231080520617484,1.556407628844864,-2.129868034046567,-0.0240003289140783,False,3.394112549695429,0.025,0.02,0.02,2.0,0.1,0.06,0.0,36,70
0.1714829647752094,-0.0753155205541702,0.0244198262009163,7.937682237239699,132.21808983758132,-4.195709914909671,2.844974401175109,-1.7196407308294033,0.1981625049722357,-1.0748826486907015,-0.0043123823908096,False,3.394112549695429,0.025,0.02,0.02,2.0,0.1,0.06,0.0,36,71
0.1709798862674499,-0.0739643396657197,0.0284578555247413,6.807693708218021,172.82830617236908,-4.390535128779925,4.291676798145996,-2.6370317231946983,1.895130064200656,-1.2752326430602017,-0.0398896358241564,False,3.394112549695429,0.025,0.02,0.02,2.0,0.1,0.06,0.0,36,72
0.1705139911579002,-0.0719380205425583,0.0252939070541777,7.752768126763268,110.8290567824099,-4.589092275369177,4.2248184446659725,-2.256034150358749,1.469345083461052,-1.152559839933991,-0.0194691676618081,False,3.394112549695429,0.025,0.02,0.02,2.0,0.1,0.06,0.0,36,73
0.1721148673188352,-0.0695463499108633,0.0296226144482581,6.756496867884858,178.04246103552427,-3.5305393291818765,4.583890525693324,-1.183966357918929,0.6171311088006844,-0.1748070876027865,-0.0597427837608631,False,3.394112549695429,0.025,0.02,0.02,2.0,0.1,0.06,0.0,36,74
0.1705957731206878,-0.0748716108025502,0.0279644581124285,7.241191014456288,138.40821717993515,-3.886691743579974,3.57118122969888,-1.8741189535077476,1.7824026991646722,-1.298847380786242,-0.0337880525860667,False,3.394112549695429,0.025,0.02,0.02,2.0,0.1,0.06,0.0,36,75
0.1679213071554851,-0.0752211127196706,0.0314788946502673,7.35365501073122,151.95289231830054,-3.677648247921308,3.900260665342074,-1.9399267995805756,1.0757792825560044,-1.1508669736008577,-0.0612252082455999,False,3.394112549695429,0.025,0.02,0.02,2.0,0.1,0.06,0.0,36,76
0.1667681319775213,-0.072718015876652,0.0332513641617525,7.348450434291782,206.3077560877938,-3.8058616343366554,4.088048249310255,-1.4734739350988837,2.296549143154728,-0.2747598241126092,-0.0814815872714039,False,3.394112549695429,0.025,0.02,0.02,2.0,0.1,0.06,0.0,36,77
0.1711040542336191,-0.0715944938690879,0.0342725843041811,7.57072121237581,141.68724903443373,-4.226156037735352,3.3180349058978384,-2.379261630951216,0.7806590055200279,-1.0907078703055924,-0.0920876458936208,False,3.394112549695429,0.025,0.02,0.02,2.0,0.1,0.06,0.0,36,78
0.1699537349768146,-0.0786500641995616,0.0324796008743516,7.471637336623095,151.37756590267057,-4.007972079284224,2.866462313086485,-2.277889360330718,1.5616597942809372,0.2690145912969262,-0.0608794288172566,False,3.394112549695429,0.025,0.02,0.02,2.0,0.1,0.06,0.0,36,79
0.1677042749320667,-0.0748967854714965,0.0334048741181476,7.595567825658088,105.96554255342696,-3.651977840866045,3.6451610550536033,-1.6946614818583223,0.3190957658902502,-1.213714836676146,-0.0774244513176657,False,3.394112549695429,0.025,0.02,0.02,2.0,0.1,0.06,0.0,36,80
0.1676538554074944,-0.0713809094125799,0.0337972154605544,6.811930056358164,200.02931664211917,-3.118440538391336,3.2778662959572387,-1.9796176616809016,1.637664842449549,-1.8031220181012604,-0.0890043097697939,False,3.394112549695429,0.025,0.02,0.02,2.0,0.1,0.06,0.0,36,81
0.1689400670396821,-0.0696091398786581,0.0295542029167302,6.949129628586696,203.24505131273116,-2.535764906825668,3.264445103533637,-2.162481039232418,0.888992849371141,-2.138566970873401,-0.0592352836026815,False,3.394112549695429,0.025,0.02,0.02,2.0,0.1,0.06,0.0,36,82
0.1686919555452613,-0.0684956609154248,0.0357363752767721,6.133919025241944,180.84547348283365,-4.629571808424114,3.7541417274584346,-1.7388404566212736,1.3600973302806068,-1.8639324200505611,-0.1113798986844422,False,3.394112549695429,0.025,0.02,0.02,2.0,0.1,0.06,0.0,36,83
0.1714580584258395,-0.0746020532459671,0.0322802541712452,7.146130920441024,123.36433263434576,-3.745419940810501,3.8861218209081017,-2.3932273501890915,0.8411524439149688,-1.0258079435448384,-0.0689096220740902,False,3.394112549695429,0.025,0.02,0.02,2.0,0.1,0.06,0.0,36,84
0.1684276445466,-0.0815941780984152,0.0376393549454949,7.761538919619333,172.65704903793983,-4.885423486382547,4.851361294984399,-3.0402166025230453,1.431210532179859,-0.7633088600298237,-0.0951831534549673,False,3.394112549695429,0.025,0.02,0.02,2.0,0.1,0.06,0.0,36,85
0.1670484868667686,-0.0726952303787474,0.0321483799043474,7.082181903750714,186.7457221624165,-4.71333011872128,4.315752457282882,-2.1280451196299586,1.1339149738962877,-1.2352886027729866,-0.0726955771137796,False,3.394112549695429,0.025,0.02,0.02,2.0,0.1,0.06,0.0,36,86
0.1689827172907786,-0.0767482878803075,0.0361421828564904,7.426672939490773,141.44248245549514,-4.174989669707411,3.8077427724133863,-1.2132473430268678,1.8371556209032869,-0.3391359333125734,-0.0948026089017391,False,3.394112549695429,0.025,0.02,0.02,2.0,0.1,0.06,0.0,36,87
0.1703459427541066,-0.0783105390781745,0.0277635788712542,7.245278265681739,185.11189637397985,-4.847703793810343,4.540159998943248,-1.6565980250461267,0.4722020841420099,-1.2132121158492035,-0.0239425806171688,False,3.394112549695429,0.025,0.02,0.02,2.0,0.1,0.06,0.0,36,88
0.1701429092995693,-0.0773893379051696,0.0380939941059518,7.2047103408412765,187.82963464597157,-4.56186590687065,3.5982308349860825,-1.2567799427328288,1.6733867050193731,-1.7971834088477188,-0.1088089673172335,False,3.394112549695429,0.025,0.02,0.02,2.0,0.1,0.06,0.0,36,89
0.1679812320021546,-0.0748843151326323,0.0357104038215914,7.265824872233613,154.509992369653,-4.765562492086369,4.4278902453185545,-2.3093285775355072,2.721921141818589,-1.5702946571484313,-0.0958820003342849,False,3.394112549695429,0.025,0.02,0.02,2.0,0.1,0.06,0.0,36,90
0.169070051387021,-0.0720430677233428,0.0336823526812631,7.562893994918992,120.0895507544455,-4.489864875834099,2.9065066317207187,-2.295734869825606,1.4106212303150465,-1.3622645128939213,-0.0864112558308609,False,3.394112549695429,0.025,0.02,0.02,2.0,0.1,0.06,0.0,36,91
0.1678224450076154,-0.0691957484117575,0.0319801211746888,7.527570574731205,178.18083073269145,-4.094082675514491,3.0659119480052883,-1.3848355225388782,1.7991494600209836,-0.9257151051696636,-0.0797018265088356,False,3.394112549695429,0.025,0.02,0.02,2.0,0.1,0.06,0.0,36,92
0.1727744101703937,-0.0753156810231908,0.028920784241573,7.056558758691473,189.54334907835812,-3.8958074306198656,4.311787182054885,-1.953474057408844,1.1517332062770316,-1.3678907566504288,-0.0402421748667027,False,3.394112549695429,0.025,0.02,0.02,2.0,0.1,0.06,0.0,36,93
0.1686320866266664,-0.075605798033623,0.0353218793006703,7.622327702278095,221.41241723079253,-4.353971801393329,3.8933124940610058,-1.55303833156794,1.5922615780573055,-1.0094698981065482,-0.0910031939270672,False,3.394112549695429,0.025,0.02,0.02,2.0,0.1,0.06,0.0,36,94
0.1678723986310698,-0.0757288524745373,0.0378573038576811,7.193780734743906,175.7928033754087,-3.767628667413724,4.189608848345487,-1.31045963530216,2.566126877860889,-1.015688002358377,-0.1110368410046953,False,3.394112549695429,0.025,0.02,0.02,2.0,0.1,0.06,0.0,36,95
0.1695226685835294,-0.0749738690723363,0.0386685231137275,7.524605907973148,156.5292994156981,-3.330606369080572,4.463450196437003,-1.928620891666998,2.0644902057088226,-0.7777155373025373,-0.1192395390212012,False,3.394112549695429,0.025,0.02,0.02,2.0,0.1,0.06,0.0,36,96
0.1711663191250617,-0.0745945072610774,0.0297871563778353,7.74627908131205,107.89482860764824,-4.329895699895616,4.271512964159754,-2.06894905180772,2.4510878375648293,-1.3436363370798408,-0.0490004544485931,False,3.394112549695429,0.025,0.02,0.02,2.0,0.1,0.06,0.0,36,97
0.1745495839320191,-0.0753651758494548,0.0315581618873709,7.615002159746666,105.01773559845182,-4.184202609538333,3.114693935082752,-2.170456871394868,1.617910476641249,-0.7742370043571617,-0.061115898024355,False,3.394112549695429,0.025,0.02,0.02,2.0,0.1,0.06,0.0,36,98
0.1731681703790576,-0.0771361903359839,0.030909386471114,7.487099964552442,161.43168155436842,-4.551938203518373,3.623726737887729,-1.4343097183448,1.4478673008359593,-0.2350494521286734,-0.0517581447398074,False,3.394112549695429,0.025,0.02,0.02,2.0,0.1,0.06,0.0,36,99
1.023883239517973,-0.3753829733597243,0.1284960045267159,17.18907743054651,25.027853257276742,-11.96868469023094,10.917414625875576,-0.1153361775118972,0.734359266765825,-1.60975980517504,-0.065615905779311,False,3.394112549695429,0.025,0.02,0.02,2.0,0.1,0.06,0.0,40,0
1.0252846237616458,-0.3780745239034635,0.1081991958512551,17.130915062735685,18.94492897156661,-8.462406952643475,9.059535376562636,-1.2258965906516952,0.0844299024415193,-0.5131064925800524,0.1033023679839696,False,3.394112549695429,0.025,0.02,0.02,2.0,0.1,0.06,0.0,40,1
1.0313488186593855,-0.380194518770931,0.117056522828661,16.56699175771964,66.12244441484842,-10.954329454608065,11.104882098819528,0.3947218621446851,3.1117234677643757,-0.7160497967861068,0.0378955915405087,False,3.394112549695429,0.025,0.02,0.02,2.0,0.1,0.06,0.0,40,2
1.0199830905242264,-0.3639298047615897,0.1198490928642315,19.37948819018294,107.91190586824531,-11.84886264774948,13.665664849476675,-0.4860617638511326,-0.4213003840975498,1.354187195148942,-0.0241622260545835,False,3.394112549695429,0.025,0.02,0.02,2.0,0.1,0.06,0.0,40,3
1.0178537326201746,-0.3839825238481205,0.1571422261483022,16.397962195060963,282.84518780228035,-11.215590351644764,9.658973474128356,-0.2872465220944613,3.118977670822746,-1.161412205631076,-0.2745085279937183,False,3.394112549695429,0.025,0.02,0.02,2.0,0.1,0.06,0.0,40,4
1.018527691179144,-0.3771565665461818,0.1393524666966488,15.265191743975112,120.77279268901869,-11.95496316212536,9.972749753324273,-0.8419234279494308,0.1851866272285187,-1.182093220386061,-0.1485323123916055,False,3.394112549695429,0.025,0.02,0.02,2.0,0.1,0.06,0.0,40,5
1.02387334317042,-0.3667897027208438,0.1211064347632815,14.69771650762164,59.55352939525631,-10.362847683671395,10.806150850570424,0.2635663682800704,-0.1835098032039823,-1.2376362710003337,-0.0271237909860023,False,3.394112549695429,0.025,0.02,0.02,2.0,0.1,0.06,0.0,40,6
1.027805128370986,-0.3768967328910306,0.1170204469464103,19.134898840487278,-11.558726898765954,-9.134960769930911,10.571500724125602,-0.3439617147112084,-2.1819184451736424,0.4722278066973215,0.0300568910694493,False,3.394112549695429,0.025,0.02,0.02,2.0,0.1,0.06,0.0,40,7
1.0273667633726156,-0.3768965570205713,0.1326573123571881,18.40452824608596,-75.91097002259255,-10.087017091016808,9.601332035412742,-0.0746378162182965,-1.0185231602138636,-0.1480789912206526,-0.0950647562057771,False,3.394112549695429,0.025,0.02,0.02,2.0,0.1,0.06,0.0,40,8
1.025989415242574,-0.3777209307216608,0.14510434729267,17.340253581245165,36.98803717045459,-13.23505815102784,8.520799408320014,-1.3139152081170369,0.2993138357117053,-1.2826500684853102,-0.19274517969482,False,3.394112549695429,0.025,0.02,0.02,2.0,0.1,0.06,0.0,40,9
1.0231339905340942,-0.371775920829366,0.1317829297459873,17.353873887319935,55.554828225493296,-8.59673363543779,13.610358660147089,-3.070558584313873,-1.363115123669699,-3.0922253406025315,-0.1006131885453743,False,3.394112549695429,0.025,0.02,0.02,2.0,0.1,0.06,0.0,40,10
1.0099463194648324,-0.3803260842499802,0.1418404546480012,16.40898962729253,183.95611913922735,-11.86636071019291,7.740005697929509,-0.284850364408173,-0.2457185886689186,-1.9976849992275043,-0.1613442558161678,False,3.394112549695429,0.025,0.02,0.02,2.0,0.1,0.06,0.0,40,11
1.0224104548641624,-0.3750522376775916,0.1297059441538235,15.468269072383876,108.68543916726335,-10.378576256422432,11.184019314156895,0.2681702766124409,1.0955689596275624,-2.114297575831098,-0.0761775555125187,False,3.394112549695429,0.025,0.02,0.02,2.0,0.1,0.06,0.0,40,12
1.0230308823329952,-0.3794731454069905,0.1308227077934309,15.40076462481232,95.02023530891658,-11.602298018358322,8.700059728099468,0.0185264019417998,-2.2393877431785514,-0.1129747722110985,-0.0744642604306909,False,3.394112549695429,0.025,0.02,0.02,2.0,0.1,0.06,0.0,40,13
1.028942814957988,-0.3601092215324744,0.1084668114954688,15.059819536410222,-43.447923198025535,-9.715379303184372,10.53894423259503,-0.9020612668879464,1.071701495112975,-1.111100058147806,0.058264208611667,False,3.394112549695429,0.025,0.02,0.02,2.0,0.1,0.06,0.0,40,14
1.0210352677325174,-0.374785834288637,0.1226634425470012,17.779805074959054,71.31822180965445,-8.074329020420752,10.318824946539046,-2.223371023805665,0.070752968511131,1.022677015124188,-0.0205594220193302,False,3.394112549695429,0.025,0.02,0.02,2.0,0.1,0.06,0.0,40,15
1.02274543567495,-0.3676327127123406,0.1269410715796411,17.945461011582953,46.22465906327711,-12.29067967799557,13.068057910509722,-0.0924050066267883,1.638519053257883,0.2728171691048295,-0.0718453359870145,False,3.394112549695429,0.025,0.02,0.02,2.0,0.1,0.06,0.0,40,16
1.006773825033116,-0.3682772596145297,0.140374379805006,15.067102573485004,47.24235399136939,-11.31196614936691,12.489745847620163,-0.7741842003555386,-0.9907247980146892,-0.0647365201688026,-0.1787231858631903,False,3.394112549695429,0.025,0.02,0.02,2.0,0.1,0.06,0.0,40,17
1.032526622780349,-0.3844151318964853,0.1244300362993224,16.991697872541053,141.93146024669656,-13.059525068573864,11.134780062152789,0.2351403419972606,1.1119531698429177,0.4694241754747392,-0.0108923764761937,False,3.394112549695429,0.025,0.02,0.02,2.0,0.1,0.06,0.0,40,18
1.0242700020944422,-0.3658799371013909,0.1143927295294728,17.26494344710292,55.36428972352585,-9.678240144432833,11.08581858256643,0.8631732492910977,-1.5055919923337229,-3.035261276934073,0.0244262129332218,False,3.394112549695429,0.025,0.02,0.02,2.0,0.1,0.06,0.0,40,19
1.0249404982663102,-0.3718075820749892,0.119234374566591,17.87433835413641,-90.4944022309658,-10.927033931147196,11.87463376389473,-1.5485546033466342,1.2534766395363133,1.1714469878184826,-4.036965677611804e-05,False,3.394112549695429,0.025,0.02,0.02,2.0,0.1,0.06,0.0,40,20
1.0256925933680154,-0.3728481911925308,0.1158280098847261,16.466812274931602,32.27560911170774,-11.007826222152143,9.801256221802038,-0.4716323238554978,3.577890531997176,0.7443936401696414,0.0297531353863451,False,3.394112549695429,0.025,0.02,0.02,2.0,0.1,0.06,0.0,40,21
1.029329817005552,-0.3811722071662486,0.1123964564141374,16.744903062997725,-129.10515933650893,-11.81905884238594,10.806835784553495,0.3086958511542268,0.1635693046381057,-3.5795387527213784,0.0774014349062302,False,3.394112549695429,0.025,0.02,0.02,2.0,0.1,0.06,0.0,40,22
1.0183037217224151,-0.3733277205674354,0.1403386716269085,16.94821881831929,54.79382803503271,-9.05487723047944,9.04131590271716,1.8049547531819343,0.5436299710354975,-1.85841013754556,-0.1656246203500789,False,3.394112549695429,0.025,0.02,0.02,2.0,0.1,0.06,0.0,40,23
1.0299122636520373,-0.3724828878032662,0.1129112555542812,17.781912383428164,115.71538130486591,-11.078369625643097,9.198945069207562,0.5930611010219708,2.231617816909941,-0.2521950908322607,0.0524636221127107,False,3.394112549695429,0.025,0.02,0.02,2.0,0.1,0.06,0.0,40,24
1.021366259328872,-0.3800858573021511,0.1215376367178706,17.369757077546712,20.657344200835794,-12.48589098478666,9.78904536423954,0.8523106687293982,-0.3506337651969806,-3.257922623664588,0.0011869393419294,False,3.394112549695429,0.025,0.02,0.02,2.0,0.1,0.06,0.0,40,25
1.0256420487810785,-0.3658762451097431,0.1225135497612422,17.393680555917964,-5.335611270630011,-14.327751495862948,12.8738684839204,-0.1791689132063241,-0.120148378895927,-1.2543193240352064,-0.0404668868996904,False,3.394112549695429,0.025,0.02,0.02,2.0,0.1,0.06,0.0,40,26
1.0251273982305409,-0.3704279114653886,0.1287366365185677,16.18047266479664,170.87125880266382,-9.800014050232278,9.056095580185625,0.1399215753582017,0.4392535283213834,-0.9883923161872006,-0.0793584607377769,False,3.394112549695429,0.025,0.02,0.02,2.0,0.1,0.06,0.0,40,27
1.0292897516573658,-0.3702735995750887,0.1306141516143288,14.920648281758895,67.31665248202188,-8.635599356712206,11.109968197964037,-0.4525937128371475,2.319655252288645,-0.3188052228960338,-0.0944991888349761,False,3.394112549695429,0.025,0.02,0.02,2.0,0.1,0.06,0.0,40,28
1.0195174883934215,-0.3656723761441484,0.1224827654261324,16.809815687269378,97.06085827120832,-11.388758410316573,9.778433897191515,-0.5581983739846745,1.1006469991010597,1.4307300091095376,-0.041077371359498,False,3.394112549695429,0.025,0.02,0.02,2.0,0.1,0.06,0.0,40,29
1.022212570333058,-0.378851369422009,0.1364455354235905,16.259196333590616,73.95308401956062,-9.590677910483834,11.910832428985394,0.2104172360866725,1.7477081863940995,-0.2505454940814786,-0.1209882425559193,False,3.394112549695429,0.025,0.02,0.02,2.0,0.1,0.06,0.0,40,30
1.0312976151168425,-0.3753935873657708,0.1189866705754482,16.375206115267986,18.04644746446624,-10.725599924553286,11.632233199696516,-3.04890613281903,-0.2804362032721439,-1.4346672777293552,0.0109291019812741,False,3.394112549695429,0.025,0.02,0.02,2.0,0.1,0.06,0.0,40,31
1.028072076372734,-0.3749507341449187,0.1218487578056393,17.76565318707741,-115.4935676273019,-9.478515317107572,10.515783089450752,0.121820839656368,3.174302030355089,0.2277104762703192,-0.0132239759149456,False,3.394112549695429,0.025,0.02,0.02,2.0,0.1,0.06,0.0,40,32
1.024855082291277,-0.376426585041501,0.1228074033549865,16.899850961036698,-11.9555812774,-12.416236512912196,12.208351519467351,1.1833385289873957,2.532303603981711,1.673309620867018,-0.0175441178028138,False,3.394112549695429,0.025,0.02,0.02,2.0,0.1,0.06,0.0,40,33
1.0198300074097135,-0.3834945669920899,0.1359901104857508,18.76240498709024,-28.98089972536184,-12.234076495193936,9.516109755615656,-2.131097509542712,-0.9945169871893677,0.2443460942366826,-0.1063441226604081,False,3.394112549695429,0.025,0.02,0.02,2.0,0.1,0.06,0.0,40,34
1.024568812832669,-0.3744498800726346,0.1096848439304661,17.713371010691016,25.288402082056574,-11.914694909544965,8.791702498268847,0.0934511170784411,2.956172871995784,-2.4238254626882334,0.082675089500554,False,3.394112549695429,0.025,0.02,0.02,2.0,0.1,0.06,0.0,40,35
1.0255705773322432,-0.3672343493943335,0.1157923696063174,17.529071211674722,53.54595631427062,-10.960388152791465,8.97965355831704,0.9953264503674276,-1.5189094533530056,0.974717199203555,0.0165577163357952,False,3.394112549695429,0.025,0.02,0.02,2.0,0.1,0.06,0.0,40,36
1.0215445643396903,-0.3684627230489927,0.1252756147696337,16.39812528282643,105.25796296929202,-12.966640676557294,11.460055528556373,0.0717271958948115,4.062399381509205,-1.0042401608109337,-0.0566017089791059,False,3.394112549695429,0.025,0.02,0.02,2.0,0.1,0.06,0.0,40,37
1.0196638194447665,-0.3554331937272006,0.1306887646103988,16.706945934340055,120.04249141781466,-12.53695099574086,10.857337139128228,-0.009574867903408,0.212842162154526,-1.232342680118749,-0.1312906227712232,False,3.394112549695429,0.025,0.02,0.02,2.0,0.1,0.06,0.0,40,38
1.0244140724402648,-0.3659377359343092,0.1262287413537891,16.91148157461558,22.349880232420617,-10.349319010710548,11.02122362760992,-2.080935513113797,0.869111221539443,-2.8700658556235843,-0.0701145202415554,False,3.394112549695429,0.025,0.02,0.02,2.0,0.1,0.06,0.0,40,39
1.0333407254880889,-0.3671186471016974,0.1147129822802009,16.798978660861696,-4.922810047784623,-12.446160102000787,11.129788331917402,0.9456640459195892,-0.0438528968736777,-4.191883335356499,0.0253813383317512,False,3.394112549695429,0.025,0.02,0.02,2.0,0.1,0.06,0.0,40,40
1.022496515643431,-0.3699168108365702,0.1147020127221579,17.581034891021197,135.23238708630595,-11.645869075438098,10.408050707082635,0.7811168036033616,0.4899575274616201,0.6217178466501068,0.031534035169111,False,3.394112549695429,0.025,0.02,0.02,2.0,0.1,0.06,0.0,40,41
1.0228383826762704,-0.3862115540190933,0.129269669730543,17.568929230629184,84.86942216456747,-12.422498248419304,8.35555125606913,-3.112749508364259,3.5576819254876577,0.5551703857237715,-0.045879325237944,False,3.394112549695429,0.025,0.02,0.02,2.0,0.1,0.06,0.0,40,42
1.0183133514536642,-0.3651154195016841,0.1280535690173591,15.54593803324762,39.67314210667233,-11.535204164245794,10.268393534629164,-0.2572990178327421,1.595782940595286,2.0503299820115366,-0.087052744247612,False,3.394112549695429,0.025,0.02,0.02,2.0,0.1,0.06,0.0,40,43
1.0268804652128816,-0.3760786362107557,0.1299615184204366,16.470657905852544,137.97387023719867,-14.33092504836728,8.772905120952755,-0.5799588030984142,0.9299342519172024,-0.5516859244882499,-0.0754905925449064,False,3.394112549695429,0.025,0.02,0.02,2.0,0.1,0.06,0.0,40,44
1.0399657266983555,-0.3813264554580939,0.1155451032074685,15.375849445323563,30.213619466402903,-12.51529178275932,9.595774426908392,-1.671014812781865,0.9931175493714032,-2.6525839667101154,0.0532206110415782,False,3.394112549695429,0.025,0.02,0.02,2.0,0.1,0.06,0.0,40,45
1.0210992434146744,-0.3575539732651197,0.1239556240841007,15.837093868926114,41.99713446039812,-12.204170442872776,8.813802314102048,-0.7099617461314487,0.4543668866344825,0.2556311502678956,-0.0722495022316387,False,3.394112549695429,0.025,0.02,0.02,2.0,0.1,0.06,0.0,40,46
1.0174858409760088,-0.3729052532125836,0.1253268308531084,16.644787233554865,103.74889580355332,-11.851891520644566,9.57144142424628,1.2073333414790302,2.456308552765744,1.713978659417139,-0.0465928886561066,False,3.394112549695429,0.025,0.02,0.02,2.0,0.1,0.06,0.0,40,47
1.031348033115405,-0.3786132703655893,0.102047186645385,17.36526036418169,6.270284905942603,-10.910628896894297,11.354064158233976,-1.4657572040158362,2.977121118417659,-0.418668620639103,0.1541752377012579,False,3.394112549695429,0.025,0.02,0.02,2.0,0.1,0.06,0.0,40,48
1.0226579544582866,-0.3828451514546456,0.1176554601871279,16.526063090058035,68.96660800664837,-11.232265272068048,12.297014446554154,0.3943290251360216,-0.1586177732787632,0.2641647052125901,0.038944159261623,False,3.394112549695429,0.025,0.02,0.02,2.0,0.1,0.06,0.0,40,49
1.0173847049371407,-0.3775866319670213,0.1318005715892475,16.065335570553735,98.42762958558392,-10.654848715042586,8.8825940223531,1.2010949696445126,2.1482371554848534,-0.1951801797549861,-0.087153573696901,False,3.394112549695429,0.025,0.02,0.02,2.0,0.1,0.06,0.0,40,50
1.0170138791876704,-0.3635386592633974,0.1320964061808996,16.597471809119728,111.90213335611811,-12.172456187915568,11.262768287713572,-0.4495220351130602,-1.357134938789903,-1.4685475239958274,-0.1232576344637834,False,3.394112549695429,0.025,0.02,0.02,2.0,0.1,0.06,0.0,40,51
1.0323905083976763,-0.3724259889596129,0.1019869364444074,14.431309459239824,-43.95782015742344,-11.970766577087412,15.17830042757419,-1.0628069807185132,2.674831133326626,-0.387732763377862,0.1398703124516715,False,3.394112549695429,0.025,0.02,0.02,2.0,0.1,0.06,0.0,40,52
1.0291195741514658,-0.3916546070111784,0.1177102141668361,17.134110554698516,-16.08457048188788,-10.115802737559232,12.463180858337756,-1.984971409929052,1.8623272145669931,-1.4992659627757678,0.0600365179412266,False,3.394112549695429,0.025,0.02,0.02,2.0,0.1,0.06,0.0,40,53
1.0264075520159388,-0.3709269543035891,0.1272641526723671,16.43121966681234,168.87982275250536,-11.187844225174794,11.41021334040735,0.23648870841755,0.7552993962029579,-0.4128983089133107,-0.0663040779293671,False,3.394112549695429,0.025,0.02,0.02,2.0,0.1,0.06,0.0,40,54
1.0140852176099633,-0.382921987818197,0.1455760038069485,17.103313944156106,209.5089999194338,-11.696634252345534,11.995164269689251,-1.8573202959006048,1.0148310427342722,1.5096087493681771,-0.1847501466353175,False,3.394112549695429,0.025,0.02,0.02,2.0,0.1,0.06,0.0,40,55
1.0170273489955055,-0.3665778952826329,0.1227901368673438,15.291740352087755,-51.85903991578874,-12.87800022470665,9.395386101288915,-0.7182639584219768,-1.487071980411578,-0.6865529495539318,-0.0415125053207018,False,3.394112549695429,0.025,0.02,0.02,2.0,0.1,0.06,0.0,40,56
1.020417148345586,-0.3607393518505062,0.1264019231873107,16.485845467453856,47.39881951101046,-11.902100467410085,11.709609615736763,2.278787873099528,2.6315081674635223,-1.37394798645226,-0.084215912156536,False,3.394112549695429,0.025,0.02,0.02,2.0,0.1,0.06,0.0,40,57
1.0215970061324495,-0.3752078705358534,0.1370485742207465,16.79869917678345,129.5167586679421,-10.93102103371005,11.346185171370712,-1.3562055131588528,2.166388909595005,1.5750908629753315,-0.1345938841119776,False,3.394112549695429,0.025,0.02,0.02,2.0,0.1,0.06,0.0,40,58
1.0216919780694882,-0.3628784812412522,0.1247909296694728,15.519707165556516,104.178538745771,-9.045573701613955,12.037547849443536,0.3760227700018461,-0.764189625253735,-1.6744405072758757,-0.0661175636926083,False,3.394112549695429,0.025,0.02,0.02,2.0,0.1,0.06,0.0,40,59
1.0243300872837906,-0.3792861580855328,0.1227911131185935,16.312580052475816,68.7556384593111,-8.464314769571072,10.021504368094403,-0.964528376039729,0.3539403409297144,1.3134224608399396,-0.0105823203064421,False,3.394112549695429,0.025,0.02,0.02,2.0,0.1,0.06,0.0,40,60
1.0228439799856808,-0.3716597223304873,0.1317852836146863,16.58023071796226,99.83831928808569,-12.81539669975914,9.003629228393216,-0.8331301257815813,-0.0239640714806643,2.282184858038248,-0.1009282965251806,False,3.394112549695429,0.025,0.02,0.02,2.0,0.1,0.06,0.0,40,61
1.026739646851346,-0.3788271596434212,0.1100274954395399,13.06385386349212,139.3353573308416,-14.026277934118385,11.308461486674055,-1.389034760540926,0.6198389609622983,-1.0523199478974048,0.0905695984389715,False,3.394112549695429,0.025,0.02,0.02,2.0,0.1,0.06,0.0,40,62
1.024023120935803,-0.3594137213480053,0.1285692953752647,17.891866046842654,99.49080612438468,-11.29370000010853,10.088232631138895,0.644071836583644,1.5139032504393848,-0.8600198474618637,-0.1045200445107569,False,3.394112549695429,0.025,0.02,0.02,2.0,0.1,0.06,0.0,40,63
1.0306170078755013,-0.3812825985952766,0.1188183276220812,15.788167340890416,130.2926506779812,-11.26038121939075,12.90900560005052,-1.0137422799815976,2.520509161686414,-2.172506745506425,0.0263686361245433,False,3.394112549695429,0.025,0.02,0.02,2.0,0.1,0.06,0.0,40,64
1.0301972988463406,-0.3859785749882722,0.1195348521856637,17.281540551485158,7.816395550439353,-10.02976566781395,7.517052426414893,-0.382176034958644,-0.0947334631067664,1.1585881756984762,0.0318816004173238,False,3.394112549695429,0.025,0.02,0.02,2.0,0.1,0.06,0.0,40,65
1.025085596856646,-0.3859256715840001,0.1235102787781839,15.7438542280826,57.02768666237253,-10.368835905862792,12.632721341855316,1.2977165385858038,2.3196920307647853,0.3102319409435976,-0.0003554826124732,False,3.394112549695429,0.025,0.02,0.02,2.0,0.1,0.06,0.0,40,66
1.0244834212871732,-0.3596375210636086,0.1190796055608168,16.517814449600873,-17.49435066676118,-10.566050873736682,11.363904528501736,1.8292827794700808,0.4631287421520387,-0.7457193238680135,-0.0280377886566435,False,3.394112549695429,0.025,0.02,0.02,2.0,0.1,0.06,0.0,40,67
1.029097361544138,-0.3753765359299715,0.1003285422938736,15.59452882447339,-19.77239786332254,-11.17367111714627,9.478586492140856,-1.8185489533419257,0.7141739051973661,-2.9577107222935477,0.1600211895735903,False,3.394112549695429,0.025,0.02,0.02,2.0,0.1,0.06,0.0,40,68
1.0212158065842658,-0.3840681299016409,0.13825203816452,15.829970122302788,78.87719877789696,-11.03131338169276,11.119731375590456,-0.0147229750152435,1.6796334744060468,-1.1156321284427777,-0.1229798451571668,False,3.394112549695429,0.025,0.02,0.02,2.0,0.1,0.06,0.0,40,69
1.026612526155141,-0.36400869745362,0.125473593839264,16.37802038155267,55.97898549783692,-9.40244448719391,12.355725343446078,-1.800952404769256,0.3358971309025476,0.2880005408657222,-0.068571125256116,False,3.394112549695429,0.025,0.02,0.02,2.0,0.1,0.06,0.0,40,70
1.023390230362082,-0.3646689736223183,0.1154232755760119,16.9192682663859,38.69708262345991,-11.477507720734856,12.143229301653026,-0.0932941722622267,2.406384225842612,-3.1288258399126336,0.0132227459071934,False,3.394112549695429,0.025,0.02,0.02,2.0,0.1,0.06,0.0,40,71
1.0195378263622723,-0.3743144424102465,0.1329652610371262,16.756538643678024,74.23729111595907,-11.811715809984404,10.130976258363267,-1.344052842913921,0.8486882682105539,2.85354186019394,-0.1041951569306823,False,3.394112549695429,0.025,0.02,0.02,2.0,0.1,0.06,0.0,40,72
1.0229416344752238,-0.363665115758302,0.1225270776142127,16.385005624660636,135.45862561254904,-8.883961723370145,11.185930766572216,0.5088539110910686,-0.1429862704994486,1.6184689994997283,-0.0460438450252637,False,3.394112549695429,0.025,0.02,0.02,2.0,0.1,0.06,0.0,40,73
1.0279603896981582,-0.3766056955064218,0.1239301172329503,18.387799165679752,47.33318001371914,-11.933635788362414,13.302509021840958,-2.6562277557331644,1.445790221724867,-0.4370605731443384,-0.025909645266301,False,3.394112549695429,0.025,0.02,0.02,2.0,0.1,0.06,0.0,40,74
1.018019500399044,-0.3686425768463331,0.1316091155093645,17.890715810762277,-10.710732207007853,-10.110732193528966,14.29444134808942,-1.0650018440931537,0.5807643373820883,-4.1002759308681656,-0.1070495696197745,False,3.394112549695429,0.025,0.02,0.02,2.0,0.1,0.06,0.0,40,75
1.0314040185623117,-0.3693287427026629,0.1231880101151405,16.588449351242655,95.44806125232364,-12.780564733592318,9.058021794932165,0.226393381272437,2.3779021465745904,-2.925465074057034,-0.0372308573209947,False,3.394112549695429,0.025,0.02,0.02,2.0,0.1,0.06,0.0,40,76
1.0141381437196697,-0.3688107859043509,0.13756785334394,17.13690211572617,100.67545971921992,-9.700806454838308,9.879630466008171,-0.5421078744640664,0.7590681122105254,0.4571487024399556,-0.1545486519578982,False,3.394112549695429,0.025,0.02,0.02,2.0,0.1,0.06,0.0,40,77
1.0243124958834755,-0.3837721086953543,0.1294333051380383,16.84732645960353,43.55603442414646,-9.69342131673538,10.835517256228666,-0.1074259145215474,-0.7329083501591942,-1.0613695686689968,-0.0529546304824479,False,3.394112549695429,0.025,0.02,0.02,2.0,0.1,0.06,0.0,40,78
1.0158943509575564,-0.3762849118474947,0.1298405481022492,13.850100661260154,180.1314591450992,-9.913563144767226,9.380076940566775,-0.6768104439379163,1.1320600061076145,0.2075392525398025,-0.0746869353265538,False,3.394112549695429,0.025,0.02,0.02,2.0,0.1,0.06,0.0,40,79
1.0314663298221511,-0.3791605529692427,0.1150929266006782,15.560039388807787,44.47064622378434,-11.514361227105736,10.34267349628497,-0.4548636321803383,-3.1207270176973028,-0.0428718765920272,0.0511298941100851,False,3.394112549695429,0.025,0.02,0.02,2.0,0.1,0.06,0.0,40,80
1.0315203235188826,-0.3597846839782141,0.1213523639781882,17.431457119733164,-7.1319401536183165,-13.333099125597528,12.94040231133758,-1.7529890202796772,1.641696203148716,0.8811392748583096,-0.0454444508666596,False,3.394112549695429,0.025,0.02,0.02,2.0,0.1,0.06,0.0,40,81
1.0213103969447903,-0.3735175532507376,0.1344707721548635,16.328226029344876,-6.263253344436478,-9.717634462333017,11.24988229798247,1.4911287934074755,-1.346348269409301,-0.6600351967501221,-0.1180454256204506,False,3.394112549695429,0.025,0.02,0.02,2.0,0.1,0.06,0.0,40,82
1.0311675821952615,-0.368863027234638,0.1193005669455115,16.36584118401843,-39.21179517386685,-13.24543065540894,9.387166812930626,1.2508836076545644,0.6559767291246721,1.4363299187248018,-0.0072632152692453,False,3.394112549695429,0.025,0.02,0.02,2.0,0.1,0.06,0.0,40,83
1.0261686003306454,-0.3625405663188872,0.1221272387542451,18.139528349985635,-38.276705892941976,-12.583416797348493,12.992109053915025,-0.635201206882881,-0.0598400545982316,-1.6561785218089782,-0.0453504348487932,False,3.394112549695429,0.025,0.02,0.02,2.0,0.1,0.06,0.0,40,84
1.016275604076335,-0.373415674378194,0.1344656947352185,18.66013306967832,81.00577701376878,-9.312019520069432,9.077345600514194,0.3007854707473729,1.0672661396956933,2.072194104967309,-0.1185514031295023,False,3.394112549695429,0.025,0.02,0.02,2.0,0.1,0.06,0.0,40,85
1.0284898812467504,-0.3642804354049108,0.1253473592140526,15.573788717822172,15.513640871395651,-11.221620698934387,10.378003042178191,1.3899102886524777,-3.1415124944307857,-1.0268085252641437,-0.0667964358658304,False,3.394112549695429,0.025,0.02,0.02,2.0,0.1,0.06,0.0,40,86
1.0142151754768958,-0.374555261510505,0.1311776916329441,17.92394633436541,57.73053267970867,-12.448052238342356,9.632429359371624,-1.4919227902696193,3.112900250584214,-0.8206605839116974,-0.0896359949097271,False,3.394112549695429,0.025,0.02,0.02,2.0,0.1,0.06,0.0,40,87
1.0165481344269431,-0.3679172673985076,0.1254066519060105,14.35065984138501,234.1049988908156,-10.722725709153057,11.689271063345036,-0.4507063032679794,0.5024890024052837,0.4961480613906213,-0.0592588854260498,False,3.394112549695429,0.025,0.02,0.02,2.0,0.1,0.06,0.0,40,88
1.023216236211512,-0.3752393456360295,0.1342997373821688,17.75416772121911,-90.0205875966399,-12.431602133219744,11.384361440020852,-0.6508822006546957,-0.2981403234049757,-2.153546490642277,-0.112430495358189,False,3.394112549695429,0.025,0.02,0.02,2.0,0.1,0.06,0.0,40,89
1.0234872762284215,-0.3699184663808372,0.1160396715883657,17.335278722002858,64.789735255096,-12.502242126777729,9.17101197136913,0.7009070252769263,1.0524686027766306,-1.882321053212609,0.0208961831807887,False,3.394112549695429,0.025,0.02,0.02,2.0,0.1,0.06,0.0,40,90
1.016074789784615,-0.3652259368407256,0.1260117011896591,17.540926822116912,-11.190547881282557,-10.713680663232516,9.057914185451793,0.985635258077748,0.1439225325700834,-2.185520965536229,-0.0705868737124549,False,3.394112549695429,0.025,0.02,0.02,2.0,0.1,0.06,0.0,40,91
1.0248871982717973,-0.3842987171754404,0.1223963272402122,17.174824970127,47.03353668617829,-10.050276632339653,9.478110717132758,-1.3116168214493191,1.1875499568050456,3.04462430647806,0.0046395351956664,False,3.394112549695429,0.025,0.02,0.02,2.0,0.1,0.06,0.0,40,92
1.024322271925062,-0.3707175846434364,0.1259328974723296,16.818293678849074,-51.14538435011022,-13.106439451989491,9.866364226080616,1.524228075417848,-0.9792105195626108,-1.2597266528775115,-0.0562816403188859,False,3.394112549695429,0.025,0.02,0.02,2.0,0.1,0.06,0.0,40,93
1.0302816943510578,-0.3809442838782382,0.1196530299315639,16.5430452648094,0.2097802958822683,-11.277125932123605,11.766646185816292,-1.624121587184593,0.4996531998321463,-1.6082308378354675,0.0188589435163236,False,3.394112549695429,0.025,0.02,0.02,2.0,0.1,0.06,0.0,40,94
1.024772105241506,-0.3778742809721579,0.1179872124876159,16.920867379785197,139.3585892476637,-13.509591236425033,12.88737910397046,-0.5896632771062924,0.8024982184889997,-2.4098454210194764,0.0244869007467419,False,3.394112549695429,0.025,0.02,0.02,2.0,0.1,0.06,0.0,40,95
1.0213798798980251,-0.3722570686096846,0.127878804434138,14.93752642545195,122.70385080900866,-11.323712585109003,10.18838183571239,-0.7729906777279871,3.84375987144405,0.6361777831887507,-0.0683306780159794,False,3.394112549695429,0.025,0.02,0.02,2.0,0.1,0.06,0.0,40,96
1.0283672627789917,-0.3785986251900608,0.11380151468092,16.25528529156347,-16.063838163251702,-12.547810160796224,9.567764636289482,-1.9257709974033488,1.6288479198078565,-3.604638459859628,0.059926618775525,False,3.394112549695429,0.025,0.02,0.02,2.0,0.1,0.06,0.0,40,97
1.021105983136054,-0.36969831346646,0.1339616391160931,17.683796714583725,13.478368599686704,-12.534288774184883,12.135283376692303,-1.985591219229768,0.4790838311130061,-1.245401182487384,-0.1231508016210779,False,3.394112549695429,0.025,0.02,0.02,2.0,0.1,0.06,0.0,40,98
1.0352179182571497,-0.3697127765425527,0.0925791947850237,16.095951476929272,-30.399042147933187,-11.132361929377725,11.040775774428129,0.534577563486641,0.5938440060630485,2.3302518775082195,0.2087901805173654,False,3.394112549695429,0.025,0.02,0.02,2.0,0.1,0.06,0.0,40,99
3.947370349494743,-0.9965007432469548,0.016248399964604,-0.3550196605398241,189.50234292081325,-1.1326011158403446,1.6726028443580994,-0.150623372492802,-0.2806067892907489,1.3512019404544473,0.0,True,3.394112549695429,0.025,0.02,0.02,2.0,0.1,0.06,0.0,44,0
3.9472687260696016,-0.9955143905968488,0.0182444941643008,1.090646929205743,33.417714875732926,-1.2799336449312475,1.131584601136037,3.553399771435417,-0.8162490086318908,0.8483962788406822,0.0,True,3.394112549695429,0.025,0.02,0.02,2.0,0.1,0.06,0.0,44,1
3.947472245721919,-1.0042648253539193,0.0125227331698819,-0.0711624176267449,219.67935823254425,0.2241900918275874,1.1006349513078852,0.9050812452937882,0.9787720097929008,-0.5947864165632524,0.0,True,3.394112549695429,0.025,0.02,0.02,2.0,0.1,0.06,0.0,44,2
3.9415316888907057,-1.0010649278760744,0.0196671317504059,-0.0902197016418853,110.86163519164482,-0.655547409846136,0.0134707557617588,0.8729174496992749,-1.1377357510023858,-1.0926005513141157,0.0,True,3.394112549695429,0.025,0.02,0.02,2.0,0.1,0.06,0.0,44,3
3.946181197494864,-0.999235487718296,0.0244588092090083,0.4389059002244124,175.71362915846697,-1.0226296044806702,1.1574371932005576,1.7483184502725422,-2.1625781650164404,0.1078973578223729,0.0,True,3.394112549695429,0.025,0.02,0.02,2.0,0.1,0.06,0.0,44,4
3.946324621272817,-1.0041269837160154,0.0258670344336448,0.6126939769436426,126.8894984308151,-0.061149486696614,0.2520436473992902,0.2272216333727171,0.6890969733399182,1.060556504581342,0.0,True,3.394112549695429,0.025,0.02,0.02,2.0,0.1,0.06,0.0,44,5
3.945059285840837,-1.0028365742128094,0.0275755446672704,-0.502318044783884,177.6380899425844,-1.2214937521787377,0.6878529350136127,0.6315348261467979,0.5691704106629532,-0.7537606293554973,0.0,True,3.394112549695429,0.025,0.02,0.02,2.0,0.1,0.06,0.0,44,6
3.9468913252963618,-1.0008892003088037,0.0207588706941545,0.0352620765493441,138.79099793257157,-1.1797646102690962,0.8378195518370006,1.7105889543692978,-1.525209194066143,0.9149707937316284,0.0,True,3.394112549695429,0.025,0.02,0.02,2.0,0.1,0.06,0.0,44,7
3.949638989158018,-0.9914836896263554,0.0176076039100971,0.6441102459628105,50.61083969366263,-1.3861383082472187,1.264848023993828,1.1027188560016712,-1.044501261987504,0.4554879291564617,0.0,True,3.394112549695429,0.025,0.02,0.02,2.0,0.1,0.06,0.0,44,8
3.9482978711956576,-0.9944453369075658,0.015703324258092,-0.0717594341652727,130.0000547321095,-1.9661394688514304,0.536237679740811,3.2679755011029656,-0.931160693346663,0.6421765431361868,0.0,True,3.394112549695429,0.025,0.02,0.02,2.0,0.1,0.06,0.0,44,9
3.952660973027038,-0.9872242599187664,0.0249601419374832,0.7494330903026345,61.57998118134935,-1.4766568449860031,1.0688457897623564,2.101079288313951,-2.117981518844176,1.772422851216703,0.0,True,3.394112549695429,0.025,0.02,0.02,2.0,0.1,0.06,0.0,44,10
3.947924267794708,-0.9961865175792024,0.0194964264150671,-0.2581775737356473,90.200341933049,-0.4999619518928071,0.7254625635008942,0.9016608029987896,-2.199531450183529,0.6173728971665673,0.0,True,3.394112549695429,0.025,0.02,0.02,2.0,0.1,0.06,0.0,44,11
3.941412210294524,-0.9990960431810326,0.0356739367934669,-0.2398696286453017,169.91375895076396,0.0031221835448604,0.9819590448386784,1.778892546672851,0.5078702419604886,0.3202829787517522,0.0,True,3.394112549695429,0.025,0.02,0.02,2.0,0.1,0.06,0.0,44,12
3.949790526517846,-0.9960912575972612,0.0354050325605232,1.2248927317377465,91.31805682251124,-1.653053672756876,-0.0053643131341445,4.562994547487026,-1.9276724708160813,1.9929642061160484,0.0,True,3.394112549695429,0.025,0.02,0.02,2.0,0.1,0.06,0.0,44,13
3.9491063328592606,-0.994481822290359,0.022025343077965,-0.6432579122808839,121.50643547509378,-1.17453250727268,1.418749423205945,1.104983336411025,-1.1631854896179783,1.4048766526044254,0.0,True,3.394112549695429,0.025,0.02,0.02,2.0,0.1,0.06,0.0,44,14
3.948080860571047,-0.9963059636601788,0.0099695932255877,0.9589842092000468,124.15674365575016,-0.5992717983112286,0.623440658132246,1.3167201873122008,-1.617361796305917,0.9133369526026636,0.0,True,3.394112549695429,0.025,0.02,0.02,2.0,0.1,0.06,0.0,44,15
3.9460141129847943,-0.999597698676776,0.0186519816558258,0.7415596668016988,190.00227267504545,-1.0058326681823715,0.5104744095754512,1.7238632626966774,-0.3444882194170242,-0.0044587559425544,0.0,True,3.394112549695429,0.025,0.02,0.02,2.0,0.1,0.06,0.0,44,16
3.9480080257114167,-0.9945342242452434,0.0127422459402854,-0.696325316257532,70.98621870459323,0.0056419138304235,1.2040198622496163,0.7643242356684508,-0.0416163200473409,2.6270808483165125,0.0,True,3.394112549695429,0.025,0.02,0.02,2.0,0.1,0.06,0.0,44,17
3.953688864708805,-0.9879997687053178,0.0280213430798861,0.6094133897258018,68.02215688624231,-0.6426036126353409,2.440491914363651,2.9791289691011538,0.991710686037634,3.7269241369605366,0.0,True,3.394112549695429,0.025,0.02,0.02,2.0,0.1,0.06,0.0,44,18
3.949141583602638,-0.9970396097619936,0.012973675847505,0.4485758013396896,33.00491990043601,-0.9346185589750816,0.4022561871442924,2.3721279892288467,-0.4831554479379614,-0.5214514083026414,0.0,True,3.394112549695429,0.025,0.02,0.02,2.0,0.1,0.06,0.0,44,19
3.949199849625796,-0.9981196035232456,0.0245582971098634,0.8381795628089712,49.78410419083826,-1.4618680273083982,0.2891886950687947,1.3053038976475984,-2.830733278674546,0.2389594810268578,0.0,True,3.394112549695429,0.025,0.02,0.02,2.0,0.1,0.06,0.0,44,20
3.945664442147578,-0.996001393862834,0.0185603730202389,0.4563709988417308,131.87974185555697,-0.4462058182615038,0.996172773044826,0.7098754107612972,-1.0794180540906284,1.8758379132606768,0.0,True,3.394112549695429,0.025,0.02,0.02,2.0,0.1,0.06,0.0,44,21
3.95170524381568,-0.9908508040919902,0.0330872901453086,0.9658696387393492,44.83347863717088,0.0252178439583943,0.6878950629417702,2.3191753360445926,0.338975193383499,1.1922986597031704,0.0,True,3.394112549695429,0.025,0.02,0.02,2.0,0.1,0.06,0.0,44,22
3.950320941972338,-0.982479875372948,0.0298832917976624,0.3876517353191246,83.56985453426084,-1.7343080665402653,1.5715074624114571,2.407596983476468,-3.524498227893642,3.034719141684328,0.0,True,3.394112549695429,0.025,0.02,0.02,2.0,0.1,0.06,0.0,44,23
3.9477547207357646,-0.9977217606478797,0.0242709439450951,0.1706204072675419,127.58795701763115,-1.784821810350536,0.5542595655569613,1.1491200572344134,-1.8488293965650424,1.1213835295899832,0.0,True,3.394112549695429,0.025,0.02,0.02,2.0,0.1,0.06,0.0,44,24
3.9449533522711984,-0.9978256960541962,0.0218317328657324,0.1386713732148976,82.03796961939668,-0.2797972602968386,0.7610829699948383,1.530547630768365,-2.2915380026378305,-0.7760866797401444,0.0,True,3.394112549695429,0.025,0.02,0.02,2.0,0.1,0.06,0.0,44,25
3.9500988180917305,-0.99858345431024,0.018327477148423,1.0157336791394442,137.39951154829367,-0.0919583317393133,1.205067481509957,1.9154167247660543,0.9074484791674527,2.301829611371377,0.0,True,3.394112549695429,0.025,0.02,0.02,2.0,0.1,0.06,0.0,44,26
3.942345221561885,-0.998702011562076,0.0322862767902783,-0.7029970220730704,148.44950355251254,-1.7208082424297615,0.719387204375348,0.5069506077064205,-1.0317519372310535,0.8980308418997422,0.0,True,3.394112549695429,0.025,0.02,0.02,2.0,0.1,0.06,0.0,44,27
3.949090439294973,-0.9978382584485838,0.0196816784059999,1.4822501789302045,34.1838771657318,-1.0409722324061548,1.1129152477269173,2.095220150829172,-0.752932239562301,-1.7078767440846248,0.0,True,3.394112549695429,0.025,0.02,0.02,2.0,0.1,0.06,0.0,44,28
3.949473241777052,-0.9907785682742812,0.0240870772125428,0.3277074020723383,219.9667067882108,-2.3048971142525687,1.1963706872776785,1.1605133856853191,-1.61377569161393,2.216727310108229,0.0,True,3.394112549695429,0.025,0.02,0.02,2.0,0.1,0.06,0.0,44,29
3.944706898276035,-1.0010839688438704,0.0171687610446445,-0.2811310992809837,68.50180574778099,-0.376199845805516,1.0975042140116145,0.0357492885034159,-0.0661099109628109,0.1777933670269265,0.0,True,3.394112549695429,0.025,0.02,0.02,2.0,0.1,0.06,0.0,44,30
3.9435953299319713,-1.0034498749984988,0.0174519617434333,-0.9568176967358256,182.87062914049704,0.2055897586839563,0.3899767423183604,-0.9058743621939926,-1.9255113829720605,-1.5306518058966296,0.0,True,3.394112549695429,0.025,0.02,0.02,2.0,0.1,0.06,0.0,44,31
3.9447998128904818,-0.990721397594497,0.0413596690792234,-0.2612468713340909,95.74094780862912,-1.4661313283074833,1.1485095950861923,0.9159056388178396,-0.7361493818150882,-0.5050566189695687,0.0,True,3.394112549695429,0.025,0.02,0.02,2.0,0.1,0.06,0.0,44,32
3.94958870857903,-0.99744335487962,0.0043736835022777,-0.0096759634618912,149.10164003343692,-0.8626658494375903,0.0932651710504117,1.0090481565637233,-0.454034774474632,0.9735257958524608,0.0,True,3.394112549695429,0.025,0.02,0.02,2.0,0.1,0.06,0.0,44,33
3.947537698754855,-0.9963318968431022,0.0320341951688574,-0.4097512042161106,219.4215233392801,-1.091972996257411,0.34902265700536,2.0437449925591418,-2.642080096616426,-0.0533082296229627,0.0,True,3.394112549695429,0.025,0.02,0.02,2.0,0.1,0.06,0.0,44,34
3.94427541726789,-0.9946690308603576,0.028100302901798,0.7639655892955375,56.32480448488758,0.0898423211668841,-0.2272823046795125,2.2241519912474272,-0.9230649341763506,0.3987668267398332,0.0,True,3.394112549695429,0.025,0.02,0.02,2.0,0.1,0.06,0.0,44,35
3.948773731696246,-0.9974984629631504,0.0196592398987187,-0.1707321222913407,89.560822263991,-1.4042596612192355,0.4794196622796036,0.7248838838003213,-2.575967913528518,1.3954594845120685,0.0,True,3.394112549695429,0.025,0.02,0.02,2.0,0.1,0.06,0.0,44,36
3.947736576721464,-1.0042544812841423,0.0106050835386944,-0.1255014292467429,172.84986375307977,-0.0277486423551707,1.0510565193889931,1.601321826272243,0.26049928284095,1.9632251726830277,0.0,True,3.394112549695429,0.025,0.02,0.02,2.0,0.1,0.06,0.0,44,37
3.94792257301206,-1.005288625261504,0.0141761462692196,-0.1976713090452833,125.29022824594958,-0.8443653951572827,1.8525612707379508,2.012790518067948,-1.279501064612643,-0.6411070579150167,0.0,True,3.394112549695429,0.025,0.02,0.02,2.0,0.1,0.06,0.0,44,38
3.9484940581943646,-1.0018253975358864,0.0127100527624724,-0.5320828464795113,112.90914802699456,-1.2283990926489423,0.6649238666690955,0.7788741532245069,-1.5492714092300996,0.163608899927766,0.0,True,3.394112549695429,0.025,0.02,0.02,2.0,0.1,0.06,0.0,44,39
3.945508309664097,-1.0028945019454438,0.0297994751590746,0.705571688402788,139.65168981472743,-2.5422346910462466,0.8952958077132607,1.2314467678338763,-2.3809852397164883,-0.4306082553863426,0.0,True,3.394112549695429,0.025,0.02,0.02,2.0,0.1,0.06,0.0,44,40
3.9487268880614175,-0.9901614179588416,0.0294109341153087,0.1321397821305758,63.12662518388909,-0.7700626137296922,0.2692962184315099,2.357274029372306,-2.252959360004982,0.8527085885871042,0.0,True,3.394112549695429,0.025,0.02,0.02,2.0,0.1,0.06,0.0,44,41
3.946559866596616,-0.9934116159651868,0.0279019013777986,1.0653439625517898,113.49474388848668,-1.1660822997990363,-0.1183922241082129,1.1032222012811332,0.1708141982958313,0.3054876155673831,0.0,True,3.394112549695429,0.025,0.02,0.02,2.0,0.1,0.06,0.0,44,42
3.947212525967956,-0.9930349709070604,0.0151225721029958,0.4195882951058891,111.12674907192282,-0.2333307676435225,0.8425282981038329,1.49581632695445,0.3216501890232823,2.758032324075261,0.0,True,3.394112549695429,0.025,0.02,0.02,2.0,0.1,0.06,0.0,44,43
3.951390566239065,-0.993728311802704,0.0113353934468745,0.3091205026574037,52.81174740674021,-0.3513905816438978,0.8845065787944648,1.6780621151852677,-1.3759811965401294,0.9084049965429344,0.0,True,3.394112549695429,0.025,0.02,0.02,2.0,0.1,0.06,0.0,44,44
3.949700291870014,-0.9888076748985613,0.0210382843604069,-0.2410832944177663,166.5522224141022,-1.1526814666462144,0.6570579700390162,1.7517203887030282,-2.1868037892417265,1.858582560316674,0.0,True,3.394112549695429,0.025,0.02,0.02,2.0,0.1,0.06,0.0,44,45
3.946813840056693,-0.9977062653763138,0.0187349946719329,0.884532543509188,76.72937031169752,-0.7904866793617984,0.8904459596566134,1.9026535897019337,-1.3222999106832043,-0.8948406948447065,0.0,True,3.394112549695429,0.025,0.02,0.02,2.0,0.1,0.06,0.0,44,46
3.943069524248655,-1.002390836716641,0.0312869631907835,-0.7658334362759831,226.9608059864353,-1.1906740475096385,0.7116584577047185,1.583306187705494,-1.080784448904888,1.622852938540705,0.0,True,3.394112549695429,0.025,0.02,0.02,2.0,0.1,0.06,0.0,44,47
3.945160878751636,-0.9891951556169234,0.0382907794469552,-0.0337030117980425,186.9324866911294,-0.4077457472663823,1.538175191893842,2.896084740697503,1.3538367695003242,1.329061256754084,0.0,True,3.394112549695429,0.025,0.02,0.02,2.0,0.1,0.06,0.0,44,48
3.947968549789564,-0.9951108530323886,0.0220340055167471,0.6713252556928566,124.2717686482113,-0.7330260988468922,0.7273491732106123,1.6299937316613566,0.6333120141555204,1.4143574827128136,0.0,True,3.394112549695429,0.025,0.02,0.02,2.0,0.1,0.06,0.0,44,49
3.9462471406451303,-0.9927252080784356,0.0350274153015287,0.042945143722548,111.26123965413454,-1.1089105794638527,1.1158862726148406,2.0140035558494307,-2.973045849608474,0.7025183426276129,0.0,True,3.394112549695429,0.025,0.02,0.02,2.0,0.1,0.06,0.0,44,50
3.945039880446348,-0.9906367084343678,0.0267086647495995,-0.4684957504397751,227.70204057025367,-1.1593862659589504,0.7478779681921246,2.31062532238023,-1.1968307361049897,1.1428211243155078,0.0,True,3.394112549695429,0.025,0.02,0.02,2.0,0.1,0.06,0.0,44,51
3.946412378070397,-0.9940673110313244,0.0338633553859818,-0.1398119587135582,194.8808255480178,-2.495951427095193,1.0005169161008671,1.0894559078570818,-3.1573928127588085,0.3976927882980376,0.0,True,3.394112549695429,0.025,0.02,0.02,2.0,0.1,0.06,0.0,44,52
3.9432452084731646,-0.9896018136428804,0.0358903129488248,-0.1880050503721051,260.35509610314284,-0.8420721317642546,1.387753398595187,1.140960016013512,-1.010101505449133,3.9428163619888297,0.0,True,3.394112549695429,0.025,0.02,0.02,2.0,0.1,0.06,0.0,44,53
3.945345527526456,-1.0013609082364912,0.0214503813294668,0.5346046627750738,78.26523701869327,-0.6360625378356772,0.4619490963927006,1.886971133542334,-1.596341163665735,0.3096765380059425,0.0,True,3.394112549695429,0.025,0.02,0.02,2.0,0.1,0.06,0.0,44,54
3.945037621009996,-0.9987370925879788,0.023741172834238,0.0052196729821645,76.43517518850715,0.5719275337968526,0.5938696349652162,0.6131660400412564,0.1433334346732753,-0.4272406646939286,0.0,True,3.394112549695429,0.025,0.02,0.02,2.0,0.1,0.06,0.0,44,55
3.948473550681743,-0.9916127568300138,0.0377901365510285,1.3790860965517773,96.3914404520485,-1.6270952137060206,0.6025010805627495,2.7939874488793635,-2.5160867389060915,0.520267342069304,0.0,True,3.394112549695429,0.025,0.02,0.02,2.0,0.1,0.06,0.0,44,56
3.943309991840093,-1.0054709042812682,0.0314959736472463,-0.8639417711308006,106.81657253203156,-0.9775152125284948,-0.2306702183816824,1.0338321730198463,-0.7837877945160994,0.0540377061537267,0.0,True,3.394112549695429,0.025,0.02,0.02,2.0,0.1,0.06,0.0,44,57
3.944027584980463,-0.9943557461717504,0.0339463009252258,0.0316212515328864,161.15991446721097,-0.5950000381182932,1.4871191794182828,2.4685295724612017,-1.061199149393695,-0.0538061359858357,0.0,True,3.394112549695429,0.025,0.02,0.02,2.0,0.1,0.06,0.0,44,58
3.945571224869532,-0.9916772321641044,0.0267433488466492,0.0178179537844194,223.9960129605332,-0.6373141381060634,1.642000849112872,1.48806126441206,-2.3640261329358303,1.5112022934500775,0.0,True,3.394112549695429,0.025,0.02,0.02,2.0,0.1,0.06,0.0,44,59
3.9480022140366615,-0.9981799151294134,0.0201320919238115,-0.2483311433661548,169.3968369252143,-0.862794279301518,0.5819745322689442,1.329747727144334,0.2027388153183107,0.5837729450098799,0.0,True,3.394112549695429,0.025,0.02,0.02,2.0,0.1,0.06,0.0,44,60
3.948949896559724,-1.001629545982249,0.020509853295264,0.2424426417834269,30.606744144785463,-1.1982893182958063,1.1195354595283111,1.8561563332839417,0.1022294577666791,2.0627915655545337,0.0,True,3.394112549695429,0.025,0.02,0.02,2.0,0.1,0.06,0.0,44,61
3.944746273958548,-1.002718738324208,0.0107817039066413,-0.0673881911518421,145.49612622709077,-0.4863441165278601,-0.5138010325761897,0.8326544258377975,-0.7380220571262255,-0.1141906915758079,0.0,True,3.394112549695429,0.025,0.02,0.02,2.0,0.1,0.06,0.0,44,62
3.9457998006721215,-0.9946254278418802,0.0284889804298793,-0.1858362631438908,58.82189670548964,-0.8889638037263765,0.8718403969280644,1.5883059923303506,-1.5275065538867922,-1.036914348933338,0.0,True,3.394112549695429,0.025,0.02,0.02,2.0,0.1,0.06,0.0,44,63
3.944958774472603,-0.99417836354495,0.0419730495304904,-0.0197647080744189,106.48161580238435,-0.0646736981479279,1.5426951864402874,1.3427842797847551,0.743736899064463,1.567420152444991,0.0,True,3.394112549695429,0.025,0.02,0.02,2.0,0.1,0.06,0.0,44,64
3.944016253658914,-1.0033854875308028,0.0268574340265958,-0.2666751746888671,147.6225529302294,0.017758181619385,-0.3709390739917708,2.278118050643996,-0.3984985973562249,0.6905979264371149,0.0,True,3.394112549695429,0.025,0.02,0.02,2.0,0.1,0.06,0.0,44,65
3.941727317810041,-0.9970905452290084,0.0264230856412644,-0.8733689797462922,258.3085916990552,-0.6936193827934503,1.28640147328451,1.678469889624712,-0.177594642041833,1.6628436531792232,0.0,True,3.394112549695429,0.025,0.02,0.02,2.0,0.1,0.06,0.0,44,66
3.945262481709513,-0.9910075137118336,0.0476095997602166,-0.5135904961654809,124.4479951940655,-1.4284936258720364,0.0741649441586673,1.5020548148824533,-2.748664908158525,0.0723453586407281,0.0,True,3.394112549695429,0.025,0.02,0.02,2.0,0.1,0.06,0.0,44,67
3.9475257603303713,-0.9997352001903366,0.026012887157531,0.6534770839632245,123.66514736154694,-0.8404195349259496,1.0907680965752498,2.135061132481661,-2.793278486110604,2.024716153076339,0.0,True,3.394112549695429,0.025,0.02,0.02,2.0,0.1,0.06,0.0,44,68
3.948238360619312,-0.990699404942768,0.0345187448222258,-0.1758624132929434,60.26816090289691,-1.3659162050646216,0.543000660511403,0.7560429949482199,-1.2247983463138743,0.8736668942766057,0.0,True,3.394112549695429,0.025,0.02,0.02,2.0,0.1,0.06,0.0,44,69
3.944896271404832,-0.9989228505127272,0.0322109396163325,0.3009528396470209,170.35912510153364,-0.9186791430773128,1.3031966711397267,1.7467467543248474,0.4101830271094,1.221451835657695,0.0,True,3.394112549695429,0.025,0.02,0.02,2.0,0.1,0.06,0.0,44,70
3.946187691680521,-0.9950628667620692,0.022731261302674,-0.0405336254289281,221.3928951228009,-0.6527381803951755,1.857178774643668,0.7806999922975117,-0.6469799001732728,1.4895706093293173,0.0,True,3.394112549695429,0.025,0.02,0.02,2.0,0.1,0.06,0.0,44,71
3.94337458333165,-0.9943384636831,0.0360334018699673,0.061721310282909,168.9485005643526,-1.1770642197635368,0.3924469341065055,0.970696203590408,-1.4012547712228764,2.3093007030965564,0.0,True,3.394112549695429,0.025,0.02,0.02,2.0,0.1,0.06,0.0,44,72
3.948875136113704,-0.9921059980963616,0.0368273722130856,0.0183658265736532,157.53915563369023,-1.3415804295824714,0.6309396495667521,1.5059496927597262,-1.2918177100670674,0.6175149443519983,0.0,True,3.394112549695429,0.025,0.02,0.02,2.0,0.1,0.06,0.0,44,73
3.9418539072570153,-0.9991772601758084,0.0299651528129019,-0.7095570883085287,213.20614747205104,-0.4218170453647119,-0.1372472257020618,0.8617720233213155,0.8517206539004256,0.5489385090016592,0.0,True,3.394112549695429,0.025,0.02,0.02,2.0,0.1,0.06,0.0,44,74
3.948266280999488,-0.9941080929668464,0.0284294885260142,0.563837757903638,4.304939285443586,-1.2734020272357611,1.2104635300984905,1.9570535932519268,-1.2168272540058824,0.6334932809985894,0.0,True,3.394112549695429,0.025,0.02,0.02,2.0,0.1,0.06,0.0,44,75
3.940267482711015,-1.003880824746492,0.0282532231666454,0.6126279887827408,276.2006524819883,-1.1468229371301035,-0.48816362269676,2.012956784410177,0.4718547366539329,1.345924224670787,0.0,True,3.394112549695429,0.025,0.02,0.02,2.0,0.1,0.06,0.0,44,76
3.947374113297647,-0.9912011207886774,0.0378008977064557,-0.673655369444436,189.12470858638773,-0.6982377193610318,1.034704691476449,0.5382639534702169,-0.2058899213854488,3.3001989283356874,0.0,True,3.394112549695429,0.025,0.02,0.02,2.0,0.1,0.06,0.0,44,77
3.94477045396779,-0.999093022748506,0.024186205995464,-0.7869981563222055,210.68092318428413,-1.134603549794953,0.5119630171120839,1.4044539225299624,-1.2581346858709823,1.0072901123490157,0.0,True,3.394112549695429,0.025,0.02,0.02,2.0,0.1,0.06,0.0,44,78
3.945966186363715,-1.0064754032946144,0.0217577234168164,0.8829437244539342,119.9462466005665,-1.221731545230142,-0.0694606438333309,1.5036683609656925,-0.4319946343746599,-0.0574874887388441,0.0,True,3.394112549695429,0.025,0.02,0.02,2.0,0.1,0.06,0.0,44,79
3.945471929035623,-1.0043316530689637,0.0348853800610396,-0.274028254821804,49.57123821533386,-2.6269721879853947,1.341771204551442,1.844216832049069,0.8768165843700428,0.9957101990376476,0.0,True,3.394112549695429,0.025,0.02,0.02,2.0,0.1,0.06,0.0,44,80
3.941239667291623,-0.9920413613915404,0.0467538107432621,-0.0407654046162271,237.9493929628318,-1.9315077794041076,0.4543839105419209,1.4178939851193788,-1.886607550252256,0.8998560161908493,0.0,True,3.394112549695429,0.025,0.02,0.02,2.0,0.1,0.06,0.0,44,81
3.9450860607582094,-1.0038806822996995,0.0258655627571682,0.1232444055159796,129.14497654938083,-2.329441802524343,0.5120223013958167,0.8098486738470576,-2.0407620985948736,0.9083809903146411,0.0,True,3.394112549695429,0.025,0.02,0.02,2.0,0.1,0.06,0.0,44,82
3.947696592988956,-0.9999101849403148,0.0072133931096437,0.1932770632492975,103.91522444006148,-0.2295089893764768,1.3083908946355791,-0.0125680245168331,-0.0731190271672543,2.515253064224805,0.0,True,3.394112549695429,0.025,0.02,0.02,2.0,0.1,0.06,0.0,44,83
3.9482021308354,-0.9913891248895044,0.0327771739514294,0.8517808874690402,55.46793264148056,-1.4286585455446,0.7106036649237595,3.131406935539582,-1.33133891695885,1.1534419365982842,0.0,True,3.394112549695429,0.025,0.02,0.02,2.0,0.1,0.06,0.0,44,84
3.9478593299585705,-0.9988473629271256,0.0229645288774551,0.8708334421008921,70.4800848319404,0.4449421920982033,0.617633709073445,3.477802049046912,0.3451055259007294,-0.0328654780714385,0.0,True,3.394112549695429,0.025,0.02,0.02,2.0,0.1,0.06,0.0,44,85
3.945324024885134,-0.9973947887349958,0.0345990042663493,0.2249738456049499,91.78014540438078,-0.5196381705295181,0.9847660272789652,2.5927704769732083,-0.0348437887294883,-1.6108214865541948,0.0,True,3.394112549695429,0.025,0.02,0.02,2.0,0.1,0.06,0.0,44,86
3.9465279408440144,-0.9940163284660328,0.0277901465551453,1.097223766982502,50.20065109396006,-0.0097153610337059,1.7488040345593383,0.9454860909883596,0.8407378351900228,2.9183401706934715,0.0,True,3.394112549695429,0.025,0.02,0.02,2.0,0.1,0.06,0.0,44,87
3.948041634459324,-0.9974266474044468,0.0217579512009275,-1.1204664535053652,161.754720744282,-1.023612473567752,1.0638012295952066,0.8041771623203158,-0.6980967127693027,0.442985180954933,0.0,True,3.394112549695429,0.025,0.02,0.02,2.0,0.1,0.06,0.0,44,88
3.943034942776542,-0.9985531938614508,0.0331722479088464,-0.2456352366896652,123.08191850899732,-0.8112267434784854,1.1880140513591255,1.3531368986560963,1.728685731696766,0.6715854356277129,0.0,True,3.394112549695429,0.025,0.02,0.02,2.0,0.1,0.06,0.0,44,89
3.947036807137636,-0.995533033193505,0.03007998764752,0.511372213777566,76.51827427534789,-1.0589435166807135,1.4562905976276994,1.7270659869094271,-1.945644260335242,1.231748199862322,0.0,True,3.394112549695429,0.025,0.02,0.02,2.0,0.1,0.06,0.0,44,90
3.946920192413759,-0.9967741626353772,0.030836142410282,0.2649458836634863,171.89535545802144,-0.92396936075788,1.2112668253581127,0.5274440504541398,-1.6890469983831524,0.9065494143844904,0.0,True,3.394112549695429,0.025,0.02,0.02,2.0,0.1,0.06,0.0,44,91
3.947139446417323,-0.9979915352518152,0.0272540354473936,0.4491048935256962,82.21465145302544,-2.240433338595203,0.2954473891324376,1.6920637187037415,-1.0391482708329605,-0.2232106450381747,0.0,True,3.394112549695429,0.025,0.02,0.02,2.0,0.1,0.06,0.0,44,92
3.947712806551533,-0.992448671843122,0.0276203022675854,0.555025689279919,133.4461196718264,-1.1725398505832203,0.345558626991977,1.79377199538174,-2.2133344867015845,0.3020485150688632,0.0,True,3.394112549695429,0.025,0.02,0.02,2.0,0.1,0.06,0.0,44,93
3.946491346142509,-1.0015648720614958,0.017517246175438,0.4858207288614515,68.90430726324412,-0.1240173852758133,0.3961297227646696,1.1883759208597096,-1.9555398521735892,0.1503903211647541,0.0,True,3.394112549695429,0.025,0.02,0.02,2.0,0.1,0.06,0.0,44,94
3.948638259564632,-0.9910930928664128,0.03314253010142,0.7304391755967359,41.58177962149365,-1.3259214127774968,1.5672689987439057,2.4350373228706887,-1.5437843801952231,0.5395695025513616,0.0,True,3.394112549695429,0.025,0.02,0.02,2.0,0.1,0.06,0.0,44,95
3.95179554249946,-1.0021679094006462,0.0102540656744761,0.8379856549556521,56.18201995285799,-2.7629286791969605,1.178715645416652,2.09452750536538,1.0159177454948818,2.105777864110495,0.0,True,3.394112549695429,0.025,0.02,0.02,2.0,0.1,0.06,0.0,44,96
3.948075507279654,-0.9988793322261208,0.015427655886979,0.0193778400670012,129.8803611932784,-1.232655396631699,0.7363738368397961,1.4888735278488652,-3.1193572387515287,1.142047190884309,0.0,True,3.394112549695429,0.025,0.02,0.02,2.0,0.1,0.06,0.0,44,97
3.947844384756092,-1.00091801051291,0.0113268840340557,0.4250740225245799,118.50757994111514,-1.108247200402353,0.6480690196532066,1.407449073657062,1.0991455742747895,0.2087304578072037,0.0,True,3.394112549695429,0.025,0.02,0.02,2.0,0.1,0.06,0.0,44,98
3.944979952443351,-1.0025955040967618,0.0185571195397113,-0.0556017877663777,86.60612007778127,-0.6264386497034806,1.0384153638196771,1.76063889636393,0.8314411615648192,0.1726754312919727,0.0,True,3.394112549695429,0.025,0.02,0.02,2.0,0.1,0.06,0.0,44,99
1.4320910996931735,-0.2239561082697709,0.028766152503262,15.01419850422476,54.96955391622123,-12.111594334652173,6.266788928362335,-0.2108002293086351,2.2139851977667053,-0.3529337396001122,-0.2970967542753462,False,6.788225099390858,0.05,0.02,0.02,2.0,0.2,0.06,0.0,36,0
1.4343620058049524,-0.2136046582803238,0.0277985824771822,15.207501396058817,23.212208994386,-12.095585095554435,11.778575782330527,-1.0531596052825214,1.2228741406750283,-0.0360810506067779,-0.2908417390487576,False,6.788225099390858,0.05,0.02,0.02,2.0,0.2,0.06,0.0,36,1
1.4182116554713708,-0.2059599002711322,0.0390360406078569,15.837720836354368,80.74419525043102,-14.334895432136086,13.600514363602787,-0.3519098380663749,1.3467980223325795,0.1581828787728147,-0.6697568394724215,False,6.788225099390858,0.05,0.02,0.02,2.0,0.2,0.06,0.0,36,2
1.4216666408378786,-0.2156118572681943,0.0364170179644275,17.462663044175827,35.22027064566336,-14.015625807448624,11.28814883176056,-1.208053208671665,2.475184671268026,-0.479889147496047,-0.5625761189677428,False,6.788225099390858,0.05,0.02,0.02,2.0,0.2,0.06,0.0,36,3
1.4340862867466464,-0.2191952810402644,0.0267787737715631,15.437823277502428,46.70277255478073,-17.32031133475632,11.0447092501146,-1.009932980827306,1.0151401741278367,0.316754908725775,-0.2448069089885864,False,6.788225099390858,0.05,0.02,0.02,2.0,0.2,0.06,0.0,36,4
1.4206235265136626,-0.2148868625981984,0.0327446186875299,15.346807841495806,52.62091558152395,-10.789621509818373,11.938319800227212,-0.5333804754716758,2.3301705405623414,-0.3205813188561299,-0.4468619161744629,False,6.788225099390858,0.05,0.02,0.02,2.0,0.2,0.06,0.0,36,5
1.445808922343323,-0.2134856871663215,0.0239791188606465,15.016971290360017,13.475586513341788,-12.36397877457314,14.56117136498835,-0.7049035748736308,0.9544380731251496,1.5690367601485855,-0.1682176190009182,False,6.788225099390858,0.05,0.02,0.02,2.0,0.2,0.06,0.0,36,6
1.4363060995722998,-0.2202512531441642,0.0242879240487316,15.775615665471255,45.51395735506665,-13.493999343126411,12.885721292714363,-0.8842153697611012,1.369574095881704,-1.5582375991058537,-0.1624321960390797,False,6.788225099390858,0.05,0.02,0.02,2.0,0.2,0.06,0.0,36,7
1.416055139425472,-0.2128296400142684,0.0358234763217723,14.496657949062069,81.50143502064279,-15.72511217961688,12.611201559225186,-0.7376446668841379,3.027136160209692,0.1644335748324588,-0.5505967978969425,False,6.788225099390858,0.05,0.02,0.02,2.0,0.2,0.06,0.0,36,8
1.4264799091504292,-0.2205312001805512,0.0332892357071187,15.447857610256191,52.51722470158487,-14.80247101914669,11.816171438284863,-1.4153370846492312,2.06571533223895,-0.5616930746004369,-0.4503918676454526,False,6.788225099390858,0.05,0.02,0.02,2.0,0.2,0.06,0.0,36,9
1.426357879907117,-0.2202673065082544,0.0328544186936882,14.723392834398046,42.78247175874876,-12.706167554593575,11.110581475706043,-0.4557457312712946,1.1509032849027063,0.2293473604953719,-0.4371183897837871,False,6.788225099390858,0.05,0.02,0.02,2.0,0.2,0.06,0.0,36,10
1.428504552193204,-0.2124621938050632,0.0241449695631743,16.767200358106138,42.87751395242447,-13.62647061350371,13.639979174398922,-1.0734298008616654,0.810263127136708,-2.485026744772804,-0.1770194877578341,False,6.788225099390858,0.05,0.02,0.02,2.0,0.2,0.06,0.0,36,11
1.427961387007672,-0.2151898546225043,0.0331517954650832,15.649126931270136,26.545990631695112,-16.165296270153757,14.35420529966131,0.1860051932191562,0.9037723787529482,0.3601455997052778,-0.458724120568194,False,6.788225099390858,0.05,0.02,0.02,2.0,0.2,0.06,0.0,36,12
1.420687133780352,-0.2160439323023167,0.0344569729429048,15.848377558368147,55.85875864030534,-13.693645317090834,11.032843740869192,-1.2364521436502358,2.858196962467261,-1.887361261917639,-0.4988764686205735,False,6.788225099390858,0.05,0.02,0.02,2.0,0.2,0.06,0.0,36,13
1.4342533845940837,-0.2234578739418399,0.0309769056458148,15.593433301609512,36.18057764547186,-12.198733670230787,10.657201735024763,0.0024589340386738,0.0010095596134469,0.4344444423920242,-0.3689068801300146,False,6.788225099390858,0.05,0.02,0.02,2.0,0.2,0.06,0.0,36,14
1.413399379194859,-0.2110379247970559,0.0395998315362458,15.809190579795956,64.51103183172937,-15.905890764736782,14.043923409831644,-1.6898450276238637,2.3841969733478923,-0.3542022640033386,-0.6758996268952407,False,6.788225099390858,0.05,0.02,0.02,2.0,0.2,0.06,0.0,36,15
1.4177471161037,-0.2139355032822179,0.035313926717701,15.955024008063408,74.31893393505842,-12.713381603125937,11.917206515902729,-0.762756212934247,1.179041428251019,-2.4373451395307093,-0.53153562012289,False,6.788225099390858,0.05,0.02,0.02,2.0,0.2,0.06,0.0,36,16
1.4349947549835764,-0.2162210423167744,0.028512688619914,15.433815582416887,48.04478820160024,-10.503709413435097,12.861581471068405,-0.4609749047886373,-0.4035998483681517,-0.5098762940206268,-0.3073758489779757,False,6.788225099390858,0.05,0.02,0.02,2.0,0.2,0.06,0.0,36,17
1.4153598696420833,-0.2126525973837273,0.0377900028861175,15.794157940647017,44.531551855362885,-14.404188592451993,12.076296181818414,-0.3746044063200408,1.3816052458400057,-2.620376312035856,-0.6139922664562926,False,6.788225099390858,0.05,0.02,0.02,2.0,0.2,0.06,0.0,36,18
1.4234466120682672,-0.2111652349239952,0.0289117446031928,15.204708380599214,57.3266081078316,-15.41997593779503,12.958841919506254,-0.7189413092914491,2.127699920113593,-1.8664924738259647,-0.3329724667604881,False,6.788225099390858,0.05,0.02,0.02,2.0,0.2,0.06,0.0,36,19
1.438119986479828,-0.2176412238066861,0.0263904241401475,15.539993791165802,32.21350510952436,-13.975160805247045,10.293405811025844,0.1411991601407559,1.049775998916412,-0.1335771397884102,-0.2358674361598863,False,6.788225099390858,0.05,0.02,0.02,2.0,0.2,0.06,0.0,36,20
1.4187305223737952,-0.2136958420084236,0.0319556366984623,15.773259181031674,15.79082023735996,-10.817022635655798,10.847602635491166,-1.2619672229516556,0.9758193758285076,0.2944154114369446,-0.4245865221881494,False,6.788225099390858,0.05,0.02,0.02,2.0,0.2,0.06,0.0,36,21
1.4244647319734678,-0.2157848686973757,0.0298383865817537,16.064812726924337,27.79734919227614,-14.100339955103916,12.017045349592545,-1.1196111420870016,1.5576306886538147,-0.0271975485177706,-0.3514768018240091,False,6.788225099390858,0.05,0.02,0.02,2.0,0.2,0.06,0.0,36,22
1.436019456393527,-0.2173879410795809,0.0315140325950276,15.767460096540624,52.69002437076392,-11.410895647731188,12.169630527682022,-1.0081066980835465,0.4890911931692192,-1.8050930601618105,-0.4005568170662781,False,6.788225099390858,0.05,0.02,0.02,2.0,0.2,0.06,0.0,36,23
1.4178012296406557,-0.2147457765336959,0.0361469955073179,16.450520382908014,56.06365322543172,-14.020054102530771,9.59901674939245,-0.8711869092995547,0.5900393990597064,-0.5176139836407054,-0.5562459187748643,False,6.788225099390858,0.05,0.02,0.02,2.0,0.2,0.06,0.0,36,24
1.4352968731378424,-0.212717226311586,0.0284708691356296,15.519848725179695,39.14142375907843,-14.956053854592206,11.180748136586116,-0.7730005368978112,1.2163784162821147,-1.0839006247688476,-0.314428656804073,False,6.788225099390858,0.05,0.02,0.02,2.0,0.2,0.06,0.0,36,25
1.4214551271160722,-0.2095106135468519,0.0383578169958354,16.61295157962094,42.53209150076648,-14.903841765026709,15.298566348801725,-1.6761674002739522,1.331677823095177,-0.1174324655448122,-0.6393373637273262,False,6.788225099390858,0.05,0.02,0.02,2.0,0.2,0.06,0.0,36,26
1.4310941779487347,-0.2220924498743012,0.0303292151633624,15.491742521796477,8.700941660688216,-12.670874571820164,12.50582179926896,-0.6832230568990071,-0.3118761548785522,-1.1547310830645148,-0.3516473548523522,False,6.788225099390858,0.05,0.02,0.02,2.0,0.2,0.06,0.0,36,27
1.420755807483694,-0.2211594868677151,0.0393827352914197,17.09433506140459,7.984643171053776,-12.74177185721128,11.318798630624894,-0.6459265923023476,1.9662473287984572,-2.212417350058252,-0.6442194123938937,False,6.788225099390858,0.05,0.02,0.02,2.0,0.2,0.06,0.0,36,28
1.4237600530502086,-0.2130053478004678,0.0317957668884953,15.874869500944444,56.74572862253304,-15.220224536038437,9.155824521297792,-1.32167090671114,2.1679996010692943,1.3160186551983373,-0.4208261025277144,False,6.788225099390858,0.05,0.02,0.02,2.0,0.2,0.06,0.0,36,29
1.4363592057250143,-0.2174351865615522,0.0247000526858708,14.860609300828129,-33.85436868948334,-14.699985658469563,10.32823059741332,-0.963426320666372,1.506069226330191,-1.2657803644603345,-0.1823756858566424,False,6.788225099390858,0.05,0.02,0.02,2.0,0.2,0.06,0.0,36,30
1.4133553821723457,-0.2189500381377828,0.0346456163817966,14.997593719774606,46.077754287345016,-15.497638687706315,8.409248306293055,-0.4036380743660716,2.4997352140111544,-1.7965437566913254,-0.4983783097564743,False,6.788225099390858,0.05,0.02,0.02,2.0,0.2,0.06,0.0,36,31
1.4389152356001569,-0.2154324946361338,0.0277158598390786,15.145873564846331,41.148904287348095,-15.95778535724924,16.067902769830745,-1.0976399356415465,-0.7306309027990727,-1.6365542668679516,-0.283534613587788,False,6.788225099390858,0.05,0.02,0.02,2.0,0.2,0.06,0.0,36,32
1.4342249681450183,-0.2141709651298934,0.0336492854224186,16.543457218466415,37.40266482504611,-12.27119717549149,11.062315622385857,-0.7229176174270563,0.6975133260040349,-0.2018668273257324,-0.4767133191169501,False,6.788225099390858,0.05,0.02,0.02,2.0,0.2,0.06,0.0,36,33
1.4329039703793651,-0.2212293363243843,0.0310445042487897,14.929001122559598,10.367741880264257,-14.64036676200869,14.4566709245506,-0.6681378736028997,4.22039404409022,-1.435226864716203,-0.3764994905599869,False,6.788225099390858,0.05,0.02,0.02,2.0,0.2,0.06,0.0,36,34
1.4411325485407644,-0.2216102953229405,0.0292772620852004,15.425689871595134,2.465366453385144,-13.642144601129925,9.999270720058828,-0.4230132523512179,0.8965933570383489,0.1290315710695118,-0.3185397250389111,False,6.788225099390858,0.05,0.02,0.02,2.0,0.2,0.06,0.0,36,35
1.436643082294078,-0.2164414771843395,0.0244684524381823,17.15203536543708,12.431732536609864,-11.468797390472009,12.986670950847737,-1.180473620199212,0.667340596955726,-0.8235573428614031,-0.1773323478417774,False,6.788225099390858,0.05,0.02,0.02,2.0,0.2,0.06,0.0,36,36
1.4314859924745802,-0.2168844769032117,0.0336016861766768,15.178033361375125,59.41823193560022,-13.482169841482904,15.476013610606094,-1.0125421170578586,0.2810443046510549,-3.3322769518144604,-0.4688420535374755,False,6.788225099390858,0.05,0.02,0.02,2.0,0.2,0.06,0.0,36,37
1.4255499978039854,-0.2124539219771554,0.0278729541445586,15.32437346297072,62.47881587210928,-14.94352757480767,8.471352312225203,-0.9079564248164268,2.740856962628484,-0.6538453647706082,-0.2965121200124648,False,6.788225099390858,0.05,0.02,0.02,2.0,0.2,0.06,0.0,36,38
1.4339319101920085,-0.2200018871198424,0.0272465460825147,15.895335134726666,63.81087502273961,-12.093052553536882,10.203814343834622,-0.4928295100736008,0.1581054105086041,-1.4934896599455456,-0.2578490309413297,False,6.788225099390858,0.05,0.02,0.02,2.0,0.2,0.06,0.0,36,39
1.4282312238889716,-0.2120551393828711,0.0350257992529625,14.908510720759123,34.48421010157227,-10.954066606545112,12.595157825546083,-0.266040099823659,0.3537407855515044,-1.8487686033910569,-0.5261993681425717,False,6.788225099390858,0.05,0.02,0.02,2.0,0.2,0.06,0.0,36,40
1.4124847316647828,-0.2187432102618767,0.0422953765345381,16.154559565474447,84.43854162901455,-13.760598646431216,8.973162206280989,-0.8416938739901972,0.7871411184730885,-0.2775868044624123,-0.7437192605768287,False,6.788225099390858,0.05,0.02,0.02,2.0,0.2,0.06,0.0,36,41
1.4274598376148315,-0.2201412246901956,0.0264352154517868,16.1494175237144,56.52939833227134,-10.764526703902092,11.176914542500333,-0.7755458133624233,1.308633267461622,-0.4100553121902086,-0.2319403649438204,False,6.788225099390858,0.05,0.02,0.02,2.0,0.2,0.06,0.0,36,42
1.437846220638148,-0.2281165164868402,0.0309091002777962,16.54092722830939,-23.245403017823847,-16.227411475486846,11.014476167891909,-0.5322943541352907,2.9118018342030894,-2.607377907311129,-0.3553407960827736,False,6.788225099390858,0.05,0.02,0.02,2.0,0.2,0.06,0.0,36,43
1.4340983962510971,-0.210443393373994,0.0302860042543398,15.874363849570653,40.35820537951874,-16.92734721169664,14.249642056577253,-0.6677243365245671,2.1700345206489944,-0.6802893667034431,-0.3780420882662235,False,6.788225099390858,0.05,0.02,0.02,2.0,0.2,0.06,0.0,36,44
1.4387535514013343,-0.2134765881985832,0.0303381981649517,17.254069703632286,24.69823445546078,-12.182907042456591,11.74347685427584,-0.0529636958054865,1.8166621423044216,-0.2640967762135255,-0.3721533165177773,False,6.788225099390858,0.05,0.02,0.02,2.0,0.2,0.06,0.0,36,45
1.436035397830583,-0.2179941700822424,0.0311693512703793,16.15740037927141,37.29023877273536,-14.311488033384046,10.555411433527942,-1.4981313441963482,0.3505417427267734,-1.4632507147525111,-0.3880711085849228,False,6.788225099390858,0.05,0.02,0.02,2.0,0.2,0.06,0.0,36,46
1.4352738186450598,-0.2058574912245939,0.0274793401597884,15.973732056538523,1.4499869120975075,-13.680339696694944,12.958674441169848,-1.0728009999891075,1.7794607655923067,-0.2208365287577907,-0.2991644770555027,False,6.788225099390858,0.05,0.02,0.02,2.0,0.2,0.06,0.0,36,47
1.4421423709624763,-0.2202491784928702,0.0292901476692436,17.264094911818074,-21.98415500775289,-16.25863214671883,11.62328194741364,-1.7662824803599384,2.4262881915648205,-1.9556620920215688,-0.3221581547751601,False,6.788225099390858,0.05,0.02,0.02,2.0,0.2,0.06,0.0,36,48
1.4284585745513596,-0.2172760525220023,0.0321582328334084,15.294255503156313,-11.001386731005269,-15.056706772743745,10.656818028532228,-0.6716826274317195,0.93921174377665,-2.453931416313948,-0.4218934101431821,False,6.788225099390858,0.05,0.02,0.02,2.0,0.2,0.06,0.0,36,49
1.437174465892575,-0.2122475232216886,0.0307821028987767,15.477696661180508,55.63823583246865,-9.497466492689377,10.380742148012349,-1.1590971899607645,1.1165613904660283,0.2153666506753859,-0.3894027690752479,False,6.788225099390858,0.05,0.02,0.02,2.0,0.2,0.06,0.0,36,50
1.436685265240383,-0.2117590314663116,0.024730896336935,13.758984882408908,51.5312206525531,-14.250402239390652,11.744407653949256,-0.7855863083075164,-1.3426225206569804,0.3939976809593806,-0.1969658913483511,False,6.788225099390858,0.05,0.02,0.02,2.0,0.2,0.06,0.0,36,51
1.4255470284716794,-0.2122987274864925,0.0259857422571403,15.07061875732257,-3.9332008035968897,-11.867404974402206,13.590606942303875,-1.1182405288547597,1.9349389581549927,-1.471987593388986,-0.2364939845526091,False,6.788225099390858,0.05,0.02,0.02,2.0,0.2,0.06,0.0,36,52
1.4164050156092711,-0.2142490468662442,0.0349878831703989,16.389574642287673,57.88848382496167,-13.11846483772257,11.069031483815904,-1.3926576821038776,1.753947868167942,0.3720525367230802,-0.5204302480372254,False,6.788225099390858,0.05,0.02,0.02,2.0,0.2,0.06,0.0,36,53
1.4379955518133352,-0.2163958440977937,0.0257618217925801,15.016920902100344,65.12904209157284,-14.848712907551334,11.375876963147038,-1.0746443810277813,0.8216531890493615,-3.3710238762132785,-0.2187485384190595,False,6.788225099390858,0.05,0.02,0.02,2.0,0.2,0.06,0.0,36,54
1.4365763499532818,-0.2122373368859392,0.0213257775682888,15.137277741044096,25.606728914508484,-16.224118638221558,10.748267715976606,-0.5550832698469477,2.0201320408614034,0.4177081982305377,-0.0868606926617919,False,6.788225099390858,0.05,0.02,0.02,2.0,0.2,0.06,0.0,36,55
1.43924897233671,-0.2118971529955914,0.0224001343038412,17.4470430118781,26.80486573133426,-12.68232833140737,9.088925838982686,-0.4927225219446728,2.5864437541423886,0.3112251271094794,-0.1218961921932968,False,6.788225099390858,0.05,0.02,0.02,2.0,0.2,0.06,0.0,36,56
1.4119904919180986,-0.2168390086247598,0.0337424612660587,14.1551108265211,42.4323850484224,-13.357494841266115,10.5115283155166,-0.9857413842611616,1.7830836599189337,-0.4509943821642888,-0.4746257102993716,False,6.788225099390858,0.05,0.02,0.02,2.0,0.2,0.06,0.0,36,57
1.450379418783084,-0.2261474222190876,0.0295604415708237,15.88678835159698,5.915001432948792,-13.583723929327618,8.666213282178559,-0.8832094957625817,-1.2311712807189534,-1.3639639695732952,-0.3161575518135635,False,6.788225099390858,0.05,0.02,0.02,2.0,0.2,0.06,0.0,36,58
1.4302415847036682,-0.2146955678570188,0.0292862536202039,15.334612713406877,22.48034411962673,-16.898375619645588,11.681879156859306,-0.3644701585422927,1.086633389810523,-0.5893672331703615,-0.3360762579074602,False,6.788225099390858,0.05,0.02,0.02,2.0,0.2,0.06,0.0,36,59
1.415135884951713,-0.2065384038384577,0.0311983672540151,15.2972192859604,24.800978291675047,-11.504453833721229,11.53231039070329,-0.6353681092117234,-0.4520390986784866,-1.0416235402721443,-0.4177474298190844,False,6.788225099390858,0.05,0.02,0.02,2.0,0.2,0.06,0.0,36,60
1.4388526128697234,-0.2266698631076649,0.0286694044726852,15.363581201050549,0.4411277419172776,-15.127453447133112,12.23972336225459,-1.15185913806438,1.5937886585391363,-1.7422879625699288,-0.2870821148953476,False,6.788225099390858,0.05,0.02,0.02,2.0,0.2,0.06,0.0,36,61
1.4239186824864711,-0.2103818050120782,0.0327844882942701,15.453650449823586,17.323242237260953,-14.012663191650493,12.336732380410616,-0.5503123926248547,1.842917703524379,-0.4334882934582906,-0.4587521724384701,False,6.788225099390858,0.05,0.02,0.02,2.0,0.2,0.06,0.0,36,62
1.4329146625965283,-0.2155096670285703,0.0292428958806901,15.296231625723449,31.65055570349209,-15.371048210715216,13.607958885895192,-0.3921026693529166,1.1038331631698686,-0.0974872364913927,-0.3325745875577237,False,6.788225099390858,0.05,0.02,0.02,2.0,0.2,0.06,0.0,36,63
1.4370307105034656,-0.2183993885901741,0.0294194108413808,15.112420666410586,-9.698171896053168,-11.57668765044628,9.115479130443491,-1.0697367177684685,2.153459983564284,-1.1766158687116026,-0.3310407716775628,False,6.788225099390858,0.05,0.02,0.02,2.0,0.2,0.06,0.0,36,64
1.432006330189742,-0.2207933459826787,0.0314054600495967,15.092362111458456,39.06681596399549,-15.065669026681904,11.979085722537134,-0.6019890614174418,2.012602067357524,-0.6199586930678297,-0.3891503114172836,False,6.788225099390858,0.05,0.02,0.02,2.0,0.2,0.06,0.0,36,65
1.4189487026035803,-0.2065293165774369,0.0253057487429001,16.26133417489832,68.24290578052364,-16.08651719007341,14.57207964837549,-0.7484340792717518,2.414185260966196,-1.182807469943547,-0.2289766778307428,False,6.788225099390858,0.05,0.02,0.02,2.0,0.2,0.06,0.0,36,66
1.4115381112904195,-0.211470923289311,0.0376026074363281,16.44665294157667,59.527570199535326,-11.065623482267055,12.254388760170563,-0.9826972793347654,0.3271113134879577,-1.1487103362690196,-0.6110609353907296,False,6.788225099390858,0.05,0.02,0.02,2.0,0.2,0.06,0.0,36,67
1.4346523360736043,-0.225306292679858,0.0345780474705632,15.145122246830322,58.93264930706195,-13.606681141495876,10.089976549186044,-0.744664961251098,2.555645556244764,-1.642798882649268,-0.4796832764619498,False,6.788225099390858,0.05,0.02,0.02,2.0,0.2,0.06,0.0,36,68
1.424448590803536,-0.2243953380619545,0.0315206098396221,15.202949287501108,38.67636436102116,-12.075669577988936,10.772505824873251,-0.7749006811555744,2.3563843574672743,-0.5326510735586745,-0.3846437880710051,False,6.788225099390858,0.05,0.02,0.02,2.0,0.2,0.06,0.0,36,69
1.4324707602683706,-0.2159235966511247,0.0337014576013015,14.72739571884449,14.551679494719032,-13.353503062134529,11.73663810913646,-1.038713334098731,0.8501262032198207,-0.8924961208647569,-0.4742817656628477,False,6.788225099390858,0.05,0.02,0.02,2.0,0.2,0.06,0.0,36,70
1.436106764517222,-0.2235606605661358,0.035597894264804,15.868343208861756,47.21074703856775,-10.794478771503822,9.554454528487769,-1.3161485820214598,2.586604044147479,-2.51942153293067,-0.5164206252439691,False,6.788225099390858,0.05,0.02,0.02,2.0,0.2,0.06,0.0,36,71
1.4242537905899864,-0.2209786159971894,0.0419644114391677,16.92209302642147,39.39351416767806,-13.05074657417143,13.810046918687725,-0.2914170336251649,1.1016893905859138,-0.9982845487392658,-0.7270572602247141,False,6.788225099390858,0.05,0.02,0.02,2.0,0.2,0.06,0.0,36,72
1.4274421739336975,-0.2149776415210601,0.0287391454172339,16.566751448184547,-0.2798052624748024,-15.021224728993118,10.33753539277738,-0.938775846173486,2.255257620801532,-0.6710269563925126,-0.3180597832649197,False,6.788225099390858,0.05,0.02,0.02,2.0,0.2,0.06,0.0,36,73
1.4328801881980036,-0.2203080545642387,0.0298030198926962,16.73062855480213,34.60149438695861,-13.795799594299732,12.181517549877263,-1.039647230446468,0.7627795561426469,-1.2091576896617482,-0.3389844943202276,False,6.788225099390858,0.05,0.02,0.02,2.0,0.2,0.06,0.0,36,74
1.4198331985204258,-0.2140434908285623,0.0288192200335568,15.42082967318947,69.80934924951501,-12.081503392510426,13.886126100752628,-0.4626029296863024,-1.1817885822288237,-0.9702302495142392,-0.3233206711740448,False,6.788225099390858,0.05,0.02,0.02,2.0,0.2,0.06,0.0,36,75
1.4216628127242918,-0.2102735238767397,0.0292306798887914,14.872869604436552,73.3999765644374,-16.53964991450802,9.204089297882946,-0.7776185496090249,1.5801401511965256,-1.66864966575662,-0.3454255303736925,False,6.788225099390858,0.05,0.02,0.02,2.0,0.2,0.06,0.0,36,76
1.4213848620936655,-0.218874183221898,0.0312226841333088,17.175985189159196,74.37280990436432,-13.098635765643834,13.478024555058628,-1.3837315726233284,0.4405818245761921,0.7643614010816593,-0.3885447608077083,False,6.788225099390858,0.05,0.02,0.02,2.0,0.2,0.06,0.0,36,77
1.4190103293883871,-0.215829427908185,0.0339524938669616,15.546822398322142,46.9752028912007,-13.788194235455885,8.703839503115969,-0.0395509210207608,0.0112816352865405,-0.1926454854508781,-0.4833485569998248,False,6.788225099390858,0.05,0.02,0.02,2.0,0.2,0.06,0.0,36,78
1.413605261755304,-0.2082485608029705,0.0370214253989416,15.917051005260122,55.573107458674286,-14.032587650159812,13.366942065503077,-1.0713981228219491,3.532509470346307,0.0012010754144569,-0.600072751133684,False,6.788225099390858,0.05,0.02,0.02,2.0,0.2,0.06,0.0,36,79
1.428934736421348,-0.2158094240437139,0.0318799453967669,15.39002882951877,40.70492024944198,-13.952734800614596,11.876627560854326,-1.094897786976017,0.2848215963253486,-1.9530013807782325,-0.4164795508063464,False,6.788225099390858,0.05,0.02,0.02,2.0,0.2,0.06,0.0,36,80
1.4294610664587346,-0.2132254838217156,0.0317023772936351,16.729261318302665,78.27444517693948,-12.201628034841796,11.146328133000264,-1.268860980974344,0.685910382118613,0.859297167953484,-0.4169672482366844,False,6.788225099390858,0.05,0.02,0.02,2.0,0.2,0.06,0.0,36,81
1.4230460755457484,-0.2175475662436685,0.0357901226278316,14.619397543064164,20.188361696640555,-15.37017643426987,13.027019953512456,-1.2691465644718,0.5305277645023838,-1.1827412006204083,-0.537787000573063,False,6.788225099390858,0.05,0.02,0.02,2.0,0.2,0.06,0.0,36,82
1.4228318414941017,-0.2166462495655097,0.0345938220855321,15.522416323292877,-10.912327566363736,-11.335126177063223,11.682288832286693,0.1622684302129862,1.4571262034662316,-0.3299086557910784,-0.5016813972901601,False,6.788225099390858,0.05,0.02,0.02,2.0,0.2,0.06,0.0,36,83
1.4418329602909632,-0.2195071042109259,0.0243479929322421,14.540592688193897,14.58579708788757,-9.829715970242598,10.731792090672291,-1.303265310307557,1.294578810236413,-2.915758122003437,-0.1658087461080699,False,6.788225099390858,0.05,0.02,0.02,2.0,0.2,0.06,0.0,36,84
1.4334965581792736,-0.2150879864735364,0.0289444898758577,16.052324518249627,18.61554199258931,-11.145546266361595,14.288313126710024,-1.206217064743743,0.3949855959189268,-0.0143976482114129,-0.3240027150002041,False,6.788225099390858,0.05,0.02,0.02,2.0,0.2,0.06,0.0,36,85
1.4346325174213863,-0.2191214611866578,0.035718393937108,17.042846335410687,40.36681800247328,-14.780256992978227,11.068393862793808,-0.437361924228445,2.2854139828405367,-2.4619254407579128,-0.5310191480941944,False,6.788225099390858,0.05,0.02,0.02,2.0,0.2,0.06,0.0,36,86
1.429736871856522,-0.2138583314567831,0.0369078026665582,14.996446865429604,32.868992263552904,-10.74576552048935,13.21755546608938,-0.7061421323281646,0.5689537513616962,-2.203147677416207,-0.582005477522194,False,6.788225099390858,0.05,0.02,0.02,2.0,0.2,0.06,0.0,36,87
1.4309271825613716,-0.2144217374687399,0.029934179647081,16.4188112080454,48.54245524820264,-15.194040678357858,13.628745080924388,-1.6305522323981414,1.4305012212942374,-0.7483282025598024,-0.3574259478279358,False,6.788225099390858,0.05,0.02,0.02,2.0,0.2,0.06,0.0,36,88
1.4403634049912373,-0.2145745385023384,0.0326872803826818,15.881542823537933,0.8073113888481416,-11.33443642075339,8.419317503898586,-0.5349713019435902,2.4075356535349286,-0.7870742034110054,-0.4445922755407325,False,6.788225099390858,0.05,0.02,0.02,2.0,0.2,0.06,0.0,36,89
1.423132296172598,-0.2229804348830271,0.0364997759625792,15.857280751463907,12.59160423707511,-9.874464637015286,15.909607046077904,-1.055904086174554,-0.2776866711525045,-2.2061471701103392,-0.5474518493129162,False,6.788225099390858,0.05,0.02,0.02,2.0,0.2,0.06,0.0,36,90
1.4460744720648104,-0.2195415398516123,0.0255870142514089,15.67238553390023,16.59309659716934,-11.79454298189857,14.422412934520224,-0.8984165492101317,1.86949369225608,-0.4884746236918761,-0.2051202920773276,False,6.788225099390858,0.05,0.02,0.02,2.0,0.2,0.06,0.0,36,91
1.438377029315487,-0.2184241583034634,0.0300421929887509,15.510035483839536,23.414199046263715,-13.809076445497844,10.690281532242924,-0.6700445006638627,-1.5086107115012375,-2.074228459553132,-0.3508295739527883,False,6.788225099390858,0.05,0.02,0.02,2.0,0.2,0.06,0.0,36,92
1.4177293915071527,-0.2071903250458129,0.0288687688236833,15.50325228682262,71.9285669804358,-15.53680028710745,10.051294551162014,-1.5469213646039293,2.1601721100646265,-1.3672848060057203,-0.3414800587574871,False,6.788225099390858,0.05,0.02,0.02,2.0,0.2,0.06,0.0,36,93
1.437998335255566,-0.2233202075957887,0.0254130255510225,15.98983841164512,-9.005062872768328,-18.88309085107925,12.523305859293368,-1.7389184958787265,3.048353846639364,-2.2740758077822405,-0.1909684192874943,False,6.788225099390858,0.05,0.02,0.02,2.0,0.2,0.06,0.0,36,94
1.4219708033100753,-0.2128113842987255,0.0327795409261458,15.28605021206372,51.67317721441861,-16.97865316705339,11.369515197006477,-0.7771863903454925,1.6433782258952103,-1.4283689189731537,-0.4528797391211222,False,6.788225099390858,0.05,0.02,0.02,2.0,0.2,0.06,0.0,36,95
1.4232424155984216,-0.2138608029352807,0.0234025237476228,14.56699463837426,61.34849811566807,-13.95059408004594,9.050987819402556,-0.8306242238328333,1.532608466844832,-2.026177861325401,-0.1502202879433521,False,6.788225099390858,0.05,0.02,0.02,2.0,0.2,0.06,0.0,36,96
1.4213169647645707,-0.2127450772179011,0.0332065059664103,17.014889192908026,48.429148484405815,-12.627550453647856,14.180341021684905,-0.595912965084155,2.184419174341148,-2.4904078185478227,-0.4667409877162948,False,6.788225099390858,0.05,0.02,0.02,2.0,0.2,0.06,0.0,36,97
1.4450860631591962,-0.2218421519658018,0.0267117081607665,16.480785799814477,27.7361868369004,-13.35043565101516,8.446402688427458,-1.2558670750152507,1.6593980614918955,-1.4688948455971629,-0.2356483326370541,False,6.788225099390858,0.05,0.02,0.02,2.0,0.2,0.06,0.0,36,98
1.4287188870016487,-0.2176777928310471,0.0331167411482598,15.359113136477584,22.522495819385878,-18.69294892832148,11.976122636150391,-1.0443370674485113,2.165011915061245,-2.004395180548709,-0.4515858807297037,False,6.788225099390858,0.05,0.02,0.02,2.0,0.2,0.06,0.0,36,99
2.8776249994194885,-0.3775884376360477,0.0381166490131857,18.707572189209387,10.821603502613126,-18.700858662912573,11.903644864173229,-0.5685356679667033,-0.5619553471674115,-0.9423052428570152,-0.1408630181302597,False,6.788225099390858,0.05,0.02,0.02,2.0,0.2,0.06,0.0,40,0
2.8763425066384998,-0.389885218373388,0.0517515010605491,19.427160704038712,62.31694650239711,-14.790948320284604,20.304154654375854,0.2649086013807553,-0.2436846228283702,-3.728131847519306,-0.5477429594431329,False,6.788225099390858,0.05,0.02,0.02,2.0,0.2,0.06,0.0,40,1
2.864607951532045,-0.3858680000072607,0.0530003297837615,18.31843236387979,17.841172529337452,-12.128449408043483,9.655447574218924,0.2884750474126056,-1.735322290772204,-4.591426747142414,-0.598050875971023,False,6.788225099390858,0.05,0.02,0.02,2.0,0.2,0.06,0.0,40,2
2.8685578295181187,-0.3814123664215222,0.0409131400185753,20.38163710217724,36.47433527966153,-23.476893705568383,21.61880799636583,-0.3548586320568928,3.3316303775265474,-0.8459785448272668,-0.2217173314116716,False,6.788225099390858,0.05,0.02,0.02,2.0,0.2,0.06,0.0,40,3
2.858866426473273,-0.3796432632289526,0.0471168389975565,19.197053933284792,72.68295868052103,-24.396674107503365,17.201918412304003,-0.1834551792021016,-0.0694885091931309,-0.7901077914268313,-0.4250630305839276,False,6.788225099390858,0.05,0.02,0.02,2.0,0.2,0.06,0.0,40,4
2.8716089842256927,-0.3727378201084375,0.0487622775723406,21.80362985561649,-12.048187095030398,-19.75659002680154,14.872009116231414,0.3701989770950675,0.4927313741944423,-1.3978576765311472,-0.49352557500111,False,6.788225099390858,0.05,0.02,0.02,2.0,0.2,0.06,0.0,40,5
2.880219727737096,-0.3709395222956744,0.0447173059137972,22.2328381804145,7.098624463235646,-18.743563469851484,13.574269987798957,0.3397355490870213,-0.7532894593329056,0.7710238134637828,-0.3678857520676688,False,6.788225099390858,0.05,0.02,0.02,2.0,0.2,0.06,0.0,40,6
2.899985504171734,-0.3705105454182532,0.0385970518849769,22.015839758644425,-31.01244592243945,-21.24478112554111,15.533420700664822,-0.4927388422218762,0.2318286348160789,-0.0517225579602105,-0.171881221065151,False,6.788225099390858,0.05,0.02,0.02,2.0,0.2,0.06,0.0,40,7
2.870829267634475,-0.3887627397956978,0.0556800087473944,20.98811898048346,-5.08005533953868,-14.878319220832958,10.68683643527386,0.8362981737285471,3.424722473387844,-1.3697389299599216,-0.6764799483488786,False,6.788225099390858,0.05,0.02,0.02,2.0,0.2,0.06,0.0,40,8
2.8843020901726626,-0.3820999440385677,0.0452572979979659,19.47890368875893,-15.790183528006905,-17.104022990896393,17.539576325720578,-0.4214075712933579,0.9304520970368676,-0.1017347227821159,-0.3581355448319872,False,6.788225099390858,0.05,0.02,0.02,2.0,0.2,0.06,0.0,40,9
2.882120451038446,-0.3645995217718199,0.0506100274892924,19.903102215567746,48.606135403132136,-18.763493940485425,16.03875495409402,-0.0648939023126995,-0.5206753999037659,-1.6217037035495692,-0.5715548003426829,False,6.788225099390858,0.05,0.02,0.02,2.0,0.2,0.06,0.0,40,10
2.8792199219600203,-0.3876260784292831,0.0472218487865918,18.617151656852187,-26.381973062430877,-16.70524898055101,16.15873801514532,0.6559643350898969,3.039043466595268,-1.2492915132577775,-0.4080433776230576,False,6.788225099390858,0.05,0.02,0.02,2.0,0.2,0.06,0.0,40,11
2.8720780321881114,-0.3738555555611726,0.0496378495965213,18.317140401766537,29.06127014195627,-24.753428993178154,14.21496992000706,0.7811272770198641,1.1283363545167011,-0.0191930472223831,-0.5188331718105836,False,6.788225099390858,0.05,0.02,0.02,2.0,0.2,0.06,0.0,40,12
2.9053534680459374,-0.3807506274988581,0.0429777910196275,18.41154838716665,-41.73121435982057,-15.3651400763539,13.403289403196416,-0.627898813598275,0.9118738005954918,-1.2609174875511775,-0.2871665985480656,False,6.788225099390858,0.05,0.02,0.02,2.0,0.2,0.06,0.0,40,13
2.873448180472851,-0.3791397736024377,0.0501718329974596,19.223979084544887,47.17156533439314,-20.02219047128568,16.484467055937362,0.3239127326552626,-0.8468138451194398,2.409345146409944,-0.5231563084444886,False,6.788225099390858,0.05,0.02,0.02,2.0,0.2,0.06,0.0,40,14
2.8783502386760222,-0.3751580461775424,0.0393039723040297,21.30263830138168,67.65975376205432,-24.594477894360583,14.804248260116136,-0.0516058476806144,0.9383915064172232,2.1520738854053194,-0.1846467885822877,False,6.788225099390858,0.05,0.02,0.02,2.0,0.2,0.06,0.0,40,15
2.88480733564758,-0.3752733277317705,0.0453530240202959,21.825985523979597,-0.9752971881488808,-14.591784865226796,18.5192233722613,0.0212636587486729,2.9497399377391664,-0.5579036515739693,-0.3775523419543665,False,6.788225099390858,0.05,0.02,0.02,2.0,0.2,0.06,0.0,40,16
2.8810193826922466,-0.3798441888980094,0.0458641206016898,20.806105169460523,-6.554374736086048,-18.094234802962028,14.195829276927345,-0.3989920022430032,0.5561037610508537,2.079595050759763,-0.3831646429373192,False,6.788225099390858,0.05,0.02,0.02,2.0,0.2,0.06,0.0,40,17
2.8738490837372943,-0.3780261460879888,0.0555316495296141,21.10264040234296,1.4692901998883643,-19.8588186989668,10.1691795186813,-0.1190076672709415,-0.3136133052124856,1.0127799888369349,-0.6973190893122407,False,6.788225099390858,0.05,0.02,0.02,2.0,0.2,0.06,0.0,40,18
2.874296612562787,-0.3829969581386074,0.0460776514742373,16.949252769276214,-4.909864731544504,-19.80019392786565,15.67506650675998,0.2456272682649401,-1.7998104542079347,1.9715053203600248,-0.3828343508891716,False,6.788225099390858,0.05,0.02,0.02,2.0,0.2,0.06,0.0,40,19
2.86491029911932,-0.3682829095673543,0.043836964587436,20.67205329533604,12.180379462436928,-18.470480408761567,13.390123718108216,-0.873329823510731,2.677405533338848,-1.0308055267981957,-0.3470092658891446,False,6.788225099390858,0.05,0.02,0.02,2.0,0.2,0.06,0.0,40,20
2.8776382509480336,-0.3854150486747961,0.0468669473008831,18.44081358240173,18.30583571017513,-19.405217848441072,13.566076806402917,-0.3583923156838987,1.594542060378376,-4.1813029629273855,-0.402087901751869,False,6.788225099390858,0.05,0.02,0.02,2.0,0.2,0.06,0.0,40,21
2.8782890121354874,-0.3732082773042655,0.0480408614901645,19.11248797090701,45.14198746770973,-14.11982326271929,13.589131638119756,0.0910285399281173,0.6752913665435012,-1.7302214538472005,-0.4689103614269003,False,6.788225099390858,0.05,0.02,0.02,2.0,0.2,0.06,0.0,40,22
2.875748974444303,-0.3681207456971108,0.0508167919325863,19.49959632923248,44.43456785888629,-21.8577346582254,13.35995432794834,-0.6458018304872906,-1.2332090463679464,-1.4268879108446444,-0.5701026137030392,False,6.788225099390858,0.05,0.02,0.02,2.0,0.2,0.06,0.0,40,23
2.8716091075141303,-0.3765561705425012,0.0443520366130768,21.15318710915015,27.336385444281916,-17.53987913290693,20.73931136232453,-0.4170266638899003,-2.3769527713479373,-0.4349439615606378,-0.3432338158656081,False,6.788225099390858,0.05,0.02,0.02,2.0,0.2,0.06,0.0,40,24
2.898236742565636,-0.3886370905061809,0.0446553241657952,20.017389622826517,8.458380348449108,-20.601741900280576,11.28722587231074,-0.1212692130873429,1.151040348682194,-2.755478459348172,-0.3223471515366751,False,6.788225099390858,0.05,0.02,0.02,2.0,0.2,0.06,0.0,40,25
2.879183593447369,-0.386522047383288,0.0397529461592056,19.29613402834169,19.264879211726814,-23.71816611590453,18.86672600411708,1.5494272979341623,0.5986450979877889,3.6164152883962215,-0.171690347767849,False,6.788225099390858,0.05,0.02,0.02,2.0,0.2,0.06,0.0,40,26
2.855439006698926,-0.3890118136435199,0.0671131405414494,20.161741242880108,78.31245554282012,-21.39279996891729,15.829540992158078,1.3455994183729274,2.027356417470352,-3.4077221473802624,-1.04266580418,False,6.788225099390858,0.05,0.02,0.02,2.0,0.2,0.06,0.0,40,27
2.8861051739886285,-0.3993939098103333,0.0483230576474044,19.544170042707808,-0.7867519243670831,-15.11586105014402,21.3725647590119,-0.8806801436091648,1.7965113141806073,-1.9831002876989836,-0.414626150732825,False,6.788225099390858,0.05,0.02,0.02,2.0,0.2,0.06,0.0,40,28
2.8791436553880003,-0.3763958004826453,0.0476863417054752,20.157495245819717,50.57693510165988,-16.865836858794246,17.648192879473275,0.701004778579742,0.0484096108038905,-0.3238681620451702,-0.4498643940935791,False,6.788225099390858,0.05,0.02,0.02,2.0,0.2,0.06,0.0,40,29
2.8769577709831253,-0.3695414928936212,0.0471402143226915,21.272234857904007,21.92267769171392,-17.8183474929131,19.004160685875824,-0.6681891458451104,2.896021966621985,-0.0013893846476957,-0.4489698091224501,False,6.788225099390858,0.05,0.02,0.02,2.0,0.2,0.06,0.0,40,30
2.8559601450383965,-0.3691630674450719,0.0571012567212236,19.645027432244287,19.28791204216035,-16.73152034218387,18.17285049669628,0.4453675111285824,-1.271610260688634,0.2327750309460923,-0.7698912445086792,False,6.788225099390858,0.05,0.02,0.02,2.0,0.2,0.06,0.0,40,31
2.8617295246157624,-0.3768558521647263,0.0541560801490689,19.270341573192905,70.17695860331281,-20.70760853664159,13.456094693468106,0.8930845094087401,-0.2987160380386955,-1.7112640713020597,-0.6568367480979189,False,6.788225099390858,0.05,0.02,0.02,2.0,0.2,0.06,0.0,40,32
2.8550528130542303,-0.3789761776498443,0.0570062508328927,20.58854631158006,54.4796712878931,-19.53439828056373,14.837596860542916,-1.0741500874870142,3.0142275433363626,-0.6587716154199446,-0.7433540315096872,False,6.788225099390858,0.05,0.02,0.02,2.0,0.2,0.06,0.0,40,33
2.8829770713581926,-0.3782703763445342,0.0461710410670653,21.73407529096716,-50.423569628986975,-18.888047609659974,21.403734009303957,0.0301358961888225,0.4411010566374396,2.0400282940406766,-0.396645786637718,False,6.788225099390858,0.05,0.02,0.02,2.0,0.2,0.06,0.0,40,34
2.857635456620908,-0.3784546148215043,0.0550264614690217,21.039704096521884,61.3082726347868,-15.13567355675231,13.28413025678596,0.3521548136519768,3.1194945593708736,-2.320965872819732,-0.6810975640398329,False,6.788225099390858,0.05,0.02,0.02,2.0,0.2,0.06,0.0,40,35
2.881863187813803,-0.3886800550126049,0.0447234250250822,20.141358671099127,49.70535675627652,-19.81266010315673,17.825900248370793,0.5044367382419597,-0.9125043118793056,1.3041652503312846,-0.3254056775035536,False,6.788225099390858,0.05,0.02,0.02,2.0,0.2,0.06,0.0,40,36
2.8667721716450085,-0.3879017969430823,0.046544622748189,19.404351750371383,7.657149728860729,-21.05643419077974,16.978527951194668,0.4406295636281135,-0.6527947219087764,-0.0914093817306771,-0.3864572849799508,False,6.788225099390858,0.05,0.02,0.02,2.0,0.2,0.06,0.0,40,37
2.8870038394863067,-0.3786042538749377,0.0495506751890758,18.081292888421643,44.5024049839613,-21.558610000479348,15.948213957651555,0.6145767606781469,3.4087428696535333,0.7370243110114927,-0.5037511663813983,False,6.788225099390858,0.05,0.02,0.02,2.0,0.2,0.06,0.0,40,38
2.891776054295025,-0.3781469772152739,0.0402495685647743,21.11638291577836,-33.52689205190054,-18.818565562854968,13.997381894094056,0.4585026734216016,5.054623237085558,-1.1790626992013251,-0.2069268854984198,False,6.788225099390858,0.05,0.02,0.02,2.0,0.2,0.06,0.0,40,39
2.880626184065541,-0.3821814857298002,0.050139104374959,20.94327784518785,47.86611051264413,-20.88055520825024,10.751766000896923,-0.6000326185317588,-0.939917814691428,-0.7625515549551503,-0.5143782032032371,False,6.788225099390858,0.05,0.02,0.02,2.0,0.2,0.06,0.0,40,40
2.8863947809191792,-0.3776291683832802,0.0492415615095107,19.73676516965772,44.18840355597765,-17.672452844922503,16.467891125189908,0.2376441522461539,-1.6149091654598329,-1.362567795387323,-0.4962362773293196,False,6.788225099390858,0.05,0.02,0.02,2.0,0.2,0.06,0.0,40,41
2.891665908972701,-0.3874094492568836,0.0448266574853703,18.79047769775335,17.361344633339048,-13.310827426210336,15.476354257340391,0.9257203400239664,-0.0797145690671228,0.232320924952355,-0.3311704067769694,False,6.788225099390858,0.05,0.02,0.02,2.0,0.2,0.06,0.0,40,42
2.8766724249004665,-0.3614564789997549,0.045780330384092,18.737645956568574,46.85033935956207,-17.972382797332124,18.004710751646424,-0.2112766083596928,0.2420417006751711,-0.224289480858389,-0.4248746771975047,False,6.788225099390858,0.05,0.02,0.02,2.0,0.2,0.06,0.0,40,43
2.881892973533248,-0.370801377471685,0.0444103825315595,18.929870697536032,11.016411606931406,-16.873924035879178,17.247150915139606,-1.1604989408643134,-2.111107757250274,0.7192368945497625,-0.3582953566658668,False,6.788225099390858,0.05,0.02,0.02,2.0,0.2,0.06,0.0,40,44
2.892559840638905,-0.3857414439148823,0.0397524145971079,19.23293151233696,-53.48833328308775,-19.996041364268223,13.986973921098675,-0.5134178062557462,3.0024320200124723,0.0252194532578178,-0.1727442112734041,False,6.788225099390858,0.05,0.02,0.02,2.0,0.2,0.06,0.0,40,45
2.9008314941501823,-0.3851566161293245,0.0354217063829899,18.940573060184647,-15.520345131400775,-22.623566055064288,22.78453123175885,0.3764443090859967,2.1714630851512244,-0.5661638449783062,-0.0350688358962882,False,6.788225099390858,0.05,0.02,0.02,2.0,0.2,0.06,0.0,40,46
2.9037845416299177,-0.3780993098828788,0.0434813400258978,20.706284898366853,-4.379642769602354,-17.13026693189095,15.39091851148854,-0.6170352977420457,0.6322499009102069,-0.8866738961170656,-0.3097374646120288,False,6.788225099390858,0.05,0.02,0.02,2.0,0.2,0.06,0.0,40,47
2.886267550837595,-0.3759156192264311,0.0427491282307434,20.385419252325526,-27.931874222081756,-22.2810858855563,13.746222390119042,0.8218301460742072,0.2246194105534846,-1.4768279367355537,-0.2925985641901012,False,6.788225099390858,0.05,0.02,0.02,2.0,0.2,0.06,0.0,40,48
2.8758075199992823,-0.3835688401038318,0.0543543262060989,19.308146246202472,-22.01559682669241,-16.425857463217312,16.7131711761991,0.7049697743710133,0.83136942163114,0.0396353474531534,-0.6462247711460121,False,6.788225099390858,0.05,0.02,0.02,2.0,0.2,0.06,0.0,40,49
2.9002453891101685,-0.3918504978943304,0.0392553285688815,17.515296153147357,-46.65075142217946,-17.29986486282167,14.862676076102588,-0.4612249705221917,0.1825874646156822,3.2429472383588767,-0.1417145959112071,False,6.788225099390858,0.05,0.02,0.02,2.0,0.2,0.06,0.0,40,50
2.8806091163033565,-0.3805541853927013,0.0426967896496862,20.3876474081844,9.19614757948013,-16.331025067685236,16.68642976756056,-1.5326536778649609,0.6288595243937161,-0.4084039674037705,-0.2801306768692768,False,6.788225099390858,0.05,0.02,0.02,2.0,0.2,0.06,0.0,40,51
2.879257553049429,-0.380131218284202,0.0458987725820388,19.960015657679804,32.021582075342366,-24.218556887022217,15.153736450203318,0.0416217221871577,1.318002780857271,-1.1638267262981024,-0.3836903455601932,False,6.788225099390858,0.05,0.02,0.02,2.0,0.2,0.06,0.0,40,52
2.8854972844225664,-0.3855657492844207,0.0425016786592549,19.37190672409179,-8.32800948267825,-14.86330066950069,19.43705041777296,0.2356731599382509,1.544283678405269,1.2724153784859518,-0.261566081748195,False,6.788225099390858,0.05,0.02,0.02,2.0,0.2,0.06,0.0,40,53
2.876509472875297,-0.3772190891856828,0.0452623828301907,19.317796858885018,82.98968056019862,-20.368007444286956,11.864872874689686,0.4918747615221363,1.746964660817928,-3.028174311992308,-0.3704798681479471,False,6.788225099390858,0.05,0.02,0.02,2.0,0.2,0.06,0.0,40,54
2.878071726306549,-0.3874626891362681,0.0526254823595863,18.25011054788599,-10.0837584189142,-17.00083837037207,19.646237171528977,0.0070631610908664,3.4216150672414445,-1.9316444911398647,-0.5814206780013262,False,6.788225099390858,0.05,0.02,0.02,2.0,0.2,0.06,0.0,40,55
2.8755049681725304,-0.3625212803385868,0.0559585942082338,20.83348750803433,65.30502085298878,-17.129262839720806,15.326930333516524,0.8514116132118461,-1.525783698264758,-0.0386661494392039,-0.7480936437605246,False,6.788225099390858,0.05,0.02,0.02,2.0,0.2,0.06,0.0,40,56
2.8813164009161607,-0.3883714712060018,0.0492947781399457,20.447674728659905,63.484897177234615,-18.53730839489772,18.489813075203813,0.1954881940173931,2.0345044213920147,-1.2659269529663728,-0.4724623855288896,False,6.788225099390858,0.05,0.02,0.02,2.0,0.2,0.06,0.0,40,57
2.903757749235726,-0.3715571135105213,0.0363740843613873,18.58505495478286,19.92580676554648,-23.93500440746473,13.877404872173194,-0.515400764521395,0.3575379541759207,1.2216243011565735,-0.0980081621849995,False,6.788225099390858,0.05,0.02,0.02,2.0,0.2,0.06,0.0,40,58
2.8756580332911046,-0.3871555758205858,0.053394521511829,22.582402086101467,2.562224958261851,-25.75882040888425,14.007078917147709,-0.3884679824737959,2.1710481852386074,-1.393165408428668,-0.6069118244116578,False,6.788225099390858,0.05,0.02,0.02,2.0,0.2,0.06,0.0,40,59
2.89473255814465,-0.3802407934204133,0.0424266486559012,21.89781253336643,14.421911806007934,-21.72937934184693,19.349534896998257,-1.212534331570138,-0.2352862987592998,1.0152756376470602,-0.2713908992911706,False,6.788225099390858,0.05,0.02,0.02,2.0,0.2,0.06,0.0,40,60
2.878059302750699,-0.3650241500241526,0.0469162182852981,18.07248664742334,-15.605427744598376,-22.890487516034653,18.15033865236442,-0.3419693521858402,-0.3644415441596251,-0.3230623765257661,-0.4525774669065332,False,6.788225099390858,0.05,0.02,0.02,2.0,0.2,0.06,0.0,40,61
2.882480427975375,-0.3793390805187704,0.0478952473284378,17.70670169752104,-14.296136356141092,-19.249050376628304,15.123046351306463,1.2030842017166172,-0.2793682106459436,1.659797491108727,-0.4492852955864412,False,6.788225099390858,0.05,0.02,0.02,2.0,0.2,0.06,0.0,40,62
2.8675253056431376,-0.3825088948441545,0.0482037772547976,19.973770081553635,-2.3444358776963004,-17.08214916591782,18.021859882191254,0.386902449559871,2.688812887450686,-0.88567927469255,-0.4524480061889646,False,6.788225099390858,0.05,0.02,0.02,2.0,0.2,0.06,0.0,40,63
2.8873483349379376,-0.3798637714193418,0.0444664799195664,18.485642805943524,-31.29147820881878,-19.75953111160215,15.057464505977316,0.9774294629639024,1.149968556505565,0.7291575663724099,-0.3380134059234303,False,6.788225099390858,0.05,0.02,0.02,2.0,0.2,0.06,0.0,40,64
2.881398216144388,-0.3697083928895794,0.043214189984581,19.77296876479294,5.860775930748371,-15.522191487429554,18.326534107422304,0.6230690600389446,-2.251082589731348,-2.273515491722685,-0.3226700436029401,False,6.788225099390858,0.05,0.02,0.02,2.0,0.2,0.06,0.0,40,65
2.882785765319486,-0.3684181574484177,0.0363889932305783,18.81107752699652,-14.655367118476436,-19.578347590493347,14.310412979880764,0.88370092168779,0.2492475586071307,0.1402652837841946,-0.107277059583136,False,6.788225099390858,0.05,0.02,0.02,2.0,0.2,0.06,0.0,40,66
2.8845030070942617,-0.3760187789663615,0.0515742604634466,19.41719261784312,16.30180660380752,-20.426931142615985,16.596148933738675,0.0002546339493431,2.483343059036269,-0.5123919342842493,-0.574861084885369,False,6.788225099390858,0.05,0.02,0.02,2.0,0.2,0.06,0.0,40,67
2.885188956468854,-0.379233730856551,0.0415318537154737,20.459346165601715,17.139251672912103,-21.294757769171916,17.565397093440364,0.6364449968182986,2.2766317317752813,-1.9885722451232155,-0.2457470274513062,False,6.788225099390858,0.05,0.02,0.02,2.0,0.2,0.06,0.0,40,68
2.890579988342679,-0.3791894250689379,0.0461110224159615,18.93155538004866,64.29080338505534,-18.94422748596328,14.169992031741968,-0.7926523700720798,-1.5345659928278188,-2.230561969558779,-0.3920632978447569,False,6.788225099390858,0.05,0.02,0.02,2.0,0.2,0.06,0.0,40,69
2.8947913507342293,-0.3730477724723157,0.0380448902208159,19.659303692668367,17.41559755594804,-15.60132770808696,18.2131008149188,-1.2831193538667915,-1.149042536869116,-1.686108164888421,-0.1484343520884974,False,6.788225099390858,0.05,0.02,0.02,2.0,0.2,0.06,0.0,40,70
2.895234868710805,-0.3881100782631364,0.0465040172262006,19.958199067657205,12.822947496772342,-19.36848519439765,20.526833977416867,-0.4415696942357784,1.08150695488022,-0.0625706368138838,-0.3829502712842438,False,6.788225099390858,0.05,0.02,0.02,2.0,0.2,0.06,0.0,40,71
2.887348565039959,-0.3832976936094379,0.0439219536815596,18.91908852538716,25.42546370632119,-24.59849040611821,15.299153274787884,-0.2239446509669266,0.6830012300186377,-1.336170770978804,-0.3123471392448596,False,6.788225099390858,0.05,0.02,0.02,2.0,0.2,0.06,0.0,40,72
2.875258165146686,-0.3775356573392834,0.044503368507476,20.94097922966209,46.6494746392444,-17.975549685346948,20.503637521880407,0.0126882466205489,0.3332795390123775,-1.0666914843121302,-0.3455067247161518,False,6.788225099390858,0.05,0.02,0.02,2.0,0.2,0.06,0.0,40,73
2.8975093011022253,-0.3831337287929123,0.0481023003961175,21.26010134613715,14.5731297584831,-20.85296366329604,16.42958912496567,-0.1328065607356187,-1.227915339061015,-2.232667396340746,-0.4459021055066374,False,6.788225099390858,0.05,0.02,0.02,2.0,0.2,0.06,0.0,40,74
2.88181616626081,-0.391183259554645,0.0463775274142593,16.77006910504599,23.99228299580907,-15.951714765921585,12.598358359776157,-0.2217070063653531,1.4040698295567868,-1.5787919949123668,-0.372332084349503,False,6.788225099390858,0.05,0.02,0.02,2.0,0.2,0.06,0.0,40,75
2.885757255358444,-0.3810141153996056,0.0418294706236892,17.89941457548284,8.121937125264509,-16.763281203915227,18.13865892450346,0.1163346637974977,1.21598238785195,0.6471005866783119,-0.2509637476774971,False,6.788225099390858,0.05,0.02,0.02,2.0,0.2,0.06,0.0,40,76
2.895955981507806,-0.3879199739690575,0.0395164452984098,19.8752268635764,23.32226932735995,-21.02520986374575,22.93774812612703,-0.3959712291060208,0.2266443902417307,0.2206859100765978,-0.1597609531329096,False,6.788225099390858,0.05,0.02,0.02,2.0,0.2,0.06,0.0,40,77
2.857416440716928,-0.3749537419019577,0.0599708824659295,18.677118733200484,64.68862659843309,-18.81289415510409,12.142620951608484,0.4287616947044243,-0.1962662743374776,-0.2600691868626519,-0.8477342719020309,False,6.788225099390858,0.05,0.02,0.02,2.0,0.2,0.06,0.0,40,78
2.8929224731203846,-0.3820536581514933,0.042873623641857,22.96757900208551,22.7454763460202,-10.987359631474837,15.362174973371246,0.0181912203347331,0.4700480229367774,-4.097570442165407,-0.2814518285886174,False,6.788225099390858,0.05,0.02,0.02,2.0,0.2,0.06,0.0,40,79
2.876825929810039,-0.3838967689328599,0.0428164260382068,21.6484082018195,23.4683346914529,-17.652707738152476,18.35960731991714,0.4429066343992608,-0.2456831580359164,-1.1478094410308226,-0.2761638319951531,False,6.788225099390858,0.05,0.02,0.02,2.0,0.2,0.06,0.0,40,80
2.875852354322396,-0.37824517025747,0.0476028701291852,18.83842587233669,1.036321768570721,-15.22754710200368,16.910535235910867,-0.2165941127991134,1.1810137976635284,2.447421189820364,-0.4429522942566568,False,6.788225099390858,0.05,0.02,0.02,2.0,0.2,0.06,0.0,40,81
2.887464266127325,-0.367291719964077,0.0430127646978189,17.642325107927753,-15.718438056017671,-19.948604455102064,20.1748321472782,0.1187527769167223,5.229625606154714,0.1297241141401828,-0.3216604864487817,False,6.788225099390858,0.05,0.02,0.02,2.0,0.2,0.06,0.0,40,82
2.8807136857974114,-0.370616252178112,0.0412912635108423,19.769907375987657,10.471553305149731,-15.435822391488538,14.265099865262258,-0.6319517630169118,-1.6884988877133096,-4.0119801370971695,-0.2589986059716409,False,6.788225099390858,0.05,0.02,0.02,2.0,0.2,0.06,0.0,40,83
2.892395794702439,-0.3837451546477721,0.0455182254104844,19.58601767926394,12.17373854676494,-19.031065256480037,15.48691700983298,0.0307614470798464,1.7243907130777605,-2.171535929112045,-0.3620510942987038,False,6.788225099390858,0.05,0.02,0.02,2.0,0.2,0.06,0.0,40,84
2.8818169654475114,-0.3768837523477789,0.0540014527566641,20.94801819735052,15.328770887432386,-17.12453808440614,19.53202643023745,-0.9535788814559264,0.8986197544296362,-0.6864980351746381,-0.6506164646517336,False,6.788225099390858,0.05,0.02,0.02,2.0,0.2,0.06,0.0,40,85
2.877400851010478,-0.3799146497335879,0.0452104142307182,18.07813307735339,5.732783099787078,-21.181645381584225,15.338697846514377,0.4137496490259718,-1.428397619237273,2.4663121112738478,-0.3622940449617429,False,6.788225099390858,0.05,0.02,0.02,2.0,0.2,0.06,0.0,40,86
2.866718732675888,-0.3795474822097704,0.0539572142118267,19.89632968381578,9.739872255720975,-14.636782530306236,21.02256639109101,0.4489153090844631,0.5132021559640738,0.8915011754880717,-0.6437137735144545,False,6.788225099390858,0.05,0.02,0.02,2.0,0.2,0.06,0.0,40,87
2.8710101720289494,-0.3742414654459018,0.045378322488798,20.11559827501525,57.05951384578967,-20.52767603734928,17.371130104765907,-0.3816711937668382,-0.9608157294424204,-0.951294073950076,-0.3816661922496376,False,6.788225099390858,0.05,0.02,0.02,2.0,0.2,0.06,0.0,40,88
2.884642891583075,-0.393239967425974,0.0397737399943594,21.056801918681533,-1.565611005575727,-21.138411738842866,13.550697420341972,0.1670969225236847,-2.3936044597916246,0.3052164069381515,-0.1559051845021806,False,6.788225099390858,0.05,0.02,0.02,2.0,0.2,0.06,0.0,40,89
2.8733842818592024,-0.3884368629043882,0.0437446463578589,19.428252565579136,50.88949830935973,-22.724692638705125,16.57507220499361,-0.1906332841603712,3.743388428519853,-0.3990295894524631,-0.2951771555694038,False,6.788225099390858,0.05,0.02,0.02,2.0,0.2,0.06,0.0,40,90
2.8858968668682787,-0.3755289713253824,0.0435425163254325,20.15032278230044,-50.66407985860037,-15.383875858633854,10.058735067157931,-0.9683582082432358,2.24924445470954,0.2262598194335148,-0.3189371792208255,False,6.788225099390858,0.05,0.02,0.02,2.0,0.2,0.06,0.0,40,91
2.8885594464644107,-0.3751620783046442,0.0421872314791714,19.36736228192932,22.800395696549412,-18.17477354793105,15.697287631944915,0.2217358450083622,-0.4437146368013969,-1.854141336362532,-0.2762888526144753,False,6.788225099390858,0.05,0.02,0.02,2.0,0.2,0.06,0.0,40,92
2.875844877935385,-0.3826176628458609,0.0530048895136594,19.85519425033264,-4.050798098238419,-23.04571055245286,16.231582848067916,0.5128463515664685,1.043602749893205,-1.4892350328212274,-0.6053233809309144,False,6.788225099390858,0.05,0.02,0.02,2.0,0.2,0.06,0.0,40,93
2.8708141279501134,-0.3818150720854043,0.0469155459948578,21.004024625937408,24.11171407083235,-21.32884273236049,18.13975740647725,-0.3186583050690801,-1.2055920656593804,-1.0251023787873672,-0.4126924511534744,False,6.788225099390858,0.05,0.02,0.02,2.0,0.2,0.06,0.0,40,94
2.8781865415439625,-0.3748976025423592,0.0499404395126046,19.333427397260397,41.69941791817149,-15.668278995093685,14.720379217900186,0.8177236182430105,0.2462326499977805,-0.6409085911617045,-0.5256486258090489,False,6.788225099390858,0.05,0.02,0.02,2.0,0.2,0.06,0.0,40,95
2.868496981629216,-0.3704348283767052,0.0485532787357683,22.036766736125763,6.279991943940699,-23.646421009951503,18.57258270731535,0.191331483170868,1.053342532846242,-0.2299717598454469,-0.4925515125427435,False,6.788225099390858,0.05,0.02,0.02,2.0,0.2,0.06,0.0,40,96
2.8922546748298585,-0.3857031662642303,0.0458889463617304,22.355946144723585,-64.78699964025705,-13.511699343323205,14.428950981082473,-0.6202061311618425,0.6880820081661014,-1.4113466107920856,-0.3692234040514293,False,6.788225099390858,0.05,0.02,0.02,2.0,0.2,0.06,0.0,40,97
2.869950015151911,-0.3906972158574151,0.052244090056934,19.36643609678857,19.13977516765667,-20.282338639168227,20.2706112370834,-0.1615390279456343,0.0428019682925535,-0.1340876323439357,-0.5619405628549778,False,6.788225099390858,0.05,0.02,0.02,2.0,0.2,0.06,0.0,40,98
2.877500519873242,-0.3761009328456632,0.0464443168594188,19.36005294582102,50.11253391273488,-24.40061048937026,15.541414330178103,-0.0541738871339944,1.9627357621650483,-2.3293125861508006,-0.4109258694794158,False,6.788225099390858,0.05,0.02,0.02,2.0,0.2,0.06,0.0,40,99
5.089864066163451,-0.5889404445220996,0.0468328804300225,20.81581086960759,-14.241115031255667,-13.828576803825577,18.60912368554726,2.606927759501145,1.3507851025754465,-1.1889925103671797,0.2201967370621245,False,6.788225099390858,0.05,0.02,0.02,2.0,0.2,0.06,0.0,44,0
5.081806292743948,-0.6006948917320952,0.0605960599371525,20.126997148361767,77.35730438970961,-28.835592098254654,20.367599346193177,1.181475250086233,0.3686572652624758,-3.276360841129093,-0.1924978002672157,False,6.788225099390858,0.05,0.02,0.02,2.0,0.2,0.06,0.0,44,1
5.129008586199074,-0.604762178819006,0.0461720449558971,18.42666988028468,8.054033661092056,-19.404298428825143,14.73714694630076,3.072030460935738,-2.010800423530328,-0.7431739513107503,0.2816643057488501,False,6.788225099390858,0.05,0.02,0.02,2.0,0.2,0.06,0.0,44,2
5.102374767504062,-0.5834433385804999,0.0459429452172085,16.361407018794253,-15.642176006097207,-27.61609969881251,12.914909149835395,2.1346417023629365,1.5385995704187398,0.844162959902528,0.236232251692771,False,6.788225099390858,0.05,0.02,0.02,2.0,0.2,0.06,0.0,44,3
5.081980681604356,-0.5907335367882127,0.0683327777547385,17.779985936687453,31.95455734962776,-23.35096668690101,12.609937537482985,2.2753805209411246,3.3100950124307347,-0.0859897751515326,-0.4639695589636621,False,6.788225099390858,0.05,0.02,0.02,2.0,0.2,0.06,0.0,44,4
5.088526410942415,-0.5894012668322982,0.0631848188968353,17.715965019041654,127.2453318230769,-15.12691362149862,16.46675730482317,2.17958521157004,-1.5475206981762382,-0.887412965422093,-0.302039579644672,False,6.788225099390858,0.05,0.02,0.02,2.0,0.2,0.06,0.0,44,5
5.078263678038064,-0.5897539600582373,0.0641005875301751,20.35409246257249,90.96751104917264,-17.249252353391462,14.268158726316113,1.878874793226449,-4.231692180140506,0.8274571062501455,-0.3311134761435501,False,6.788225099390858,0.05,0.02,0.02,2.0,0.2,0.06,0.0,44,6
5.073151111881255,-0.5891341349151619,0.0754447241107106,16.446510291863248,110.77376060131334,-17.903715807711766,8.110124922747307,1.6349258489259642,-2.3597089619372964,0.4466084326064456,-0.6959201810334763,False,6.788225099390858,0.05,0.02,0.02,2.0,0.2,0.06,0.0,44,7
5.121378010469582,-0.586454644611655,0.0456310827851635,17.611137265177543,-28.1704868040661,-22.223426727121787,12.848206277951505,0.93692939110066,-1.8987335498421576,-0.6845933652863816,0.2545791785709117,False,6.788225099390858,0.05,0.02,0.02,2.0,0.2,0.06,0.0,44,8
5.0827721065457245,-0.5927520390581444,0.0501274565784274,17.490615341808972,66.34551713893262,-16.674913079250956,20.93809199538336,2.897110645530779,-1.957099610288912,2.109238907108865,0.1234926096226123,False,6.788225099390858,0.05,0.02,0.02,2.0,0.2,0.06,0.0,44,9
5.056614701141396,-0.5769463769266908,0.0751021331345899,19.52276490913854,124.3182497470142,-16.888912020614868,15.824364151146488,3.3328527770222864,-1.0040800906996314,-2.489371203894497,-0.715200073614338,False,6.788225099390858,0.05,0.02,0.02,2.0,0.2,0.06,0.0,44,10
5.0971201743538295,-0.5959391293705572,0.0541781795411578,15.521214907679353,17.925434999691486,-21.586512672801664,27.245274974621022,0.9496147754235624,-1.4274134011954818,2.1113920120840817,0.0023793756335166,False,6.788225099390858,0.05,0.02,0.02,2.0,0.2,0.06,0.0,44,11
5.095861293981888,-0.5938461054674832,0.0519797298053145,18.09647504771747,-17.885709423959,-21.96499125812714,18.56506811759514,2.4024743906298585,-1.1393184986743523,0.7093764139080623,0.0676309769908081,False,6.788225099390858,0.05,0.02,0.02,2.0,0.2,0.06,0.0,44,12
5.075891622087489,-0.5797816835112253,0.073121052711528,17.2372765420245,76.1895976054818,-25.15162092230956,18.034312593357672,2.5724548427878537,-0.9218453655478434,1.0964385521522255,-0.6438441490167095,False,6.788225099390858,0.05,0.02,0.02,2.0,0.2,0.06,0.0,44,13
5.098566815232954,-0.5741214664017663,0.0587278861533395,17.548797899595577,-16.53283987031149,-22.988141314294573,26.862516374372497,0.1230298324305035,3.84201618273883,2.460165591067976,-0.1954868286286497,False,6.788225099390858,0.05,0.02,0.02,2.0,0.2,0.06,0.0,44,14
5.087019822922588,-0.5788670657396265,0.0524973798118808,19.77725395684117,55.4969887363228,-15.93876357632169,13.904406550415564,2.305057635969598,-0.2520915492993927,-0.684527331824945,0.0145859931702723,False,6.788225099390858,0.05,0.02,0.02,2.0,0.2,0.06,0.0,44,15
5.076048901097091,-0.6054446064399521,0.0740018665109925,19.92415751783493,68.95085424831697,-12.364869892767851,14.134478340290393,1.929500725511743,-2.2781788586494427,0.0905443541831068,-0.6104297388300521,False,6.788225099390858,0.05,0.02,0.02,2.0,0.2,0.06,0.0,44,16
5.117128896288931,-0.5905318114139354,0.0505647480995235,19.657923665500565,-28.54593977952566,-22.271139544248523,13.690632212080285,2.92851828780474,-2.203337978011197,2.6413916545176885,0.1062321419860266,False,6.788225099390858,0.05,0.02,0.02,2.0,0.2,0.06,0.0,44,17
5.061046817651942,-0.5855157470276917,0.0604370378107482,15.16577966296878,118.94917262082782,-16.875351413245863,19.086780282026822,1.339621144319045,0.7157962728096336,3.3104216120629903,-0.2250846080183668,False,6.788225099390858,0.05,0.02,0.02,2.0,0.2,0.06,0.0,44,18
5.059602722117144,-0.5848112314990934,0.0579831782172513,18.78425733162839,29.451713437921647,-18.15791624877007,24.037436153280105,1.6469131690414882,-0.4720324735224293,0.1377510710019134,-0.1483385840271907,False,6.788225099390858,0.05,0.02,0.02,2.0,0.2,0.06,0.0,44,19
5.071446998066453,-0.5860394936415703,0.0677207795059345,17.03199392016265,56.55575225393295,-25.483443641102035,18.984143173346236,2.663857846892649,0.6102444768182984,-2.25139942713896,-0.4562833395661498,False,6.788225099390858,0.05,0.02,0.02,2.0,0.2,0.06,0.0,44,20
5.0364895442488775,-0.5847134532391188,0.060864200274836,19.88047130809349,136.58241621486758,-22.454050158425453,11.24641839511661,1.2933434783739113,-2.10800241263863,1.4028014356552627,-0.2421527483659373,False,6.788225099390858,0.05,0.02,0.02,2.0,0.2,0.06,0.0,44,21
5.076240263678238,-0.5880816793310367,0.068227100537341,18.400993339952997,95.7645440632184,-15.564523558758808,18.84140783571204,2.9488521775453087,-0.6941059992245422,0.7082454158906231,-0.4672967709797315,False,6.788225099390858,0.05,0.02,0.02,2.0,0.2,0.06,0.0,44,22
5.0849588530246095,-0.6049061471642169,0.0629106112810373,19.060679880770422,118.68188909204476,-23.06786557564016,21.26497441012181,2.0449998144430266,0.1725260441854255,-0.1102574509952134,-0.2562672766175986,False,6.788225099390858,0.05,0.02,0.02,2.0,0.2,0.06,0.0,44,23
5.09722035735455,-0.570314873078756,0.0586644307464427,20.35378623740761,40.99872957830922,-14.958654292298236,13.826148930845124,1.9406106189827288,0.302181050888004,4.178246487556797,-0.2026728670558821,False,6.788225099390858,0.05,0.02,0.02,2.0,0.2,0.06,0.0,44,24
5.076977931717361,-0.5901022542561966,0.0630173675775907,18.623676224291277,87.10694103330451,-19.715561428663037,15.592959660948722,2.5876292804637453,0.1684889668695213,0.0721830776417844,-0.2956916763649915,False,6.788225099390858,0.05,0.02,0.02,2.0,0.2,0.06,0.0,44,25
5.077186478724468,-0.6071315372967926,0.054756046297188,17.181160874871818,63.31643993258181,-16.753998134047674,12.2319744197368,0.970984782877768,-0.5174861510353348,2.996180778494326,0.0095533967257508,False,6.788225099390858,0.05,0.02,0.02,2.0,0.2,0.06,0.0,44,26
5.049146608374777,-0.5786655768550951,0.0681356852475786,18.553633370805898,125.56594806724983,-16.172220057973625,11.216440044278308,2.903682974124695,-0.3792168938611375,0.4445348581732551,-0.4885957469678028,False,6.788225099390858,0.05,0.02,0.02,2.0,0.2,0.06,0.0,44,27
5.104244574896374,-0.5762167897326713,0.0470872141208438,21.703472612951508,57.05281952174545,-23.974967050610942,11.099085242412414,2.079169273430473,-2.1383455640249327,-0.2732651598256093,0.1823841179851908,False,6.788225099390858,0.05,0.02,0.02,2.0,0.2,0.06,0.0,44,28
5.077715513033261,-0.5756084727637553,0.0529420189536314,17.914381749094197,152.59616584190778,-25.97110376943615,18.52963929319391,1.2327922208150384,1.5434514060584084,0.5723093439118712,-0.0080213411011973,False,6.788225099390858,0.05,0.02,0.02,2.0,0.2,0.06,0.0,44,29
5.094202574708497,-0.5902018468956526,0.063823230320108,17.740395647888903,56.352596695642085,-25.812699321687948,14.902697329410524,1.0999483712417308,0.5832101009148762,2.48568653819511,-0.3202067832113817,False,6.788225099390858,0.05,0.02,0.02,2.0,0.2,0.06,0.0,44,30
5.107827998158367,-0.5861004821989398,0.0523097669162411,20.65931339893283,-2.852086802762975,-12.986622318929722,24.350762988194937,1.1211023606636086,-2.7924610144761117,3.922909155108647,0.0391982958472387,False,6.788225099390858,0.05,0.02,0.02,2.0,0.2,0.06,0.0,44,31
5.105644240160986,-0.5797797452579165,0.0651616070387043,17.162209325274638,13.82531607382922,-22.85030242469552,19.77231393082538,0.9817202607703264,1.0326787831506532,2.796853874047778,-0.3873613822098807,False,6.788225099390858,0.05,0.02,0.02,2.0,0.2,0.06,0.0,44,32
5.114450352487833,-0.5998360364127278,0.0588077999536995,18.450129440507386,38.076706681016965,-17.588209134118827,16.263730040301443,2.439842903423288,-2.2020747535591587,1.591070625302236,-0.1353760899785698,False,6.788225099390858,0.05,0.02,0.02,2.0,0.2,0.06,0.0,44,33
5.083403721215082,-0.5987514948139315,0.0666004381552641,19.389891810265176,-15.539563338399558,-20.724790087319185,19.528965123648263,0.7288348231033756,-0.3243291930934844,0.7998129962754184,-0.389206210142113,False,6.788225099390858,0.05,0.02,0.02,2.0,0.2,0.06,0.0,44,34
5.070275020483732,-0.5798570461139053,0.0691467402628372,18.426173121966865,46.84947832534935,-19.20797834490384,14.436205413209288,2.628875861738651,-1.407875582311199,1.403290833050689,-0.516822276508395,False,6.788225099390858,0.05,0.02,0.02,2.0,0.2,0.06,0.0,44,35
5.088732098972763,-0.5972038863562622,0.0601448304538999,17.982443597702016,16.146007317044017,-14.119125937039756,20.15318874544864,1.6921163551971152,-2.9722763012158726,1.1779339256834764,-0.1860213213314041,False,6.788225099390858,0.05,0.02,0.02,2.0,0.2,0.06,0.0,44,36
5.073631629325705,-0.5928632402280266,0.0575350758752793,17.642916123569954,139.08379101334552,-7.976801813148882,19.843108760236326,2.51043962761586,-0.5514176267973885,2.506448312485955,-0.1138327537021337,False,6.788225099390858,0.05,0.02,0.02,2.0,0.2,0.06,0.0,44,37
5.051519673545931,-0.5978349141792373,0.0772864631458646,19.481384032379648,88.1827655146235,-17.107054465625673,14.386669669893148,0.9316348176949212,-0.755287542410727,2.687046142734116,-0.7352718462247423,False,6.788225099390858,0.05,0.02,0.02,2.0,0.2,0.06,0.0,44,38
5.081078233519544,-0.6022283025102727,0.0686457436502035,15.003951497697596,104.2327461099265,-21.51619715411858,13.25490067024376,1.190355311945219,-1.4613253002138915,-2.1923908625858752,-0.4464511767706862,False,6.788225099390858,0.05,0.02,0.02,2.0,0.2,0.06,0.0,44,39
5.066353478074776,-0.5897336024161697,0.0685613256220657,19.14990971973531,0.6255966057870272,-20.231977615973385,19.335420777700257,1.8585181232351065,-2.622261002888811,1.0474627255856328,-0.4746205654228088,False,6.788225099390858,0.05,0.02,0.02,2.0,0.2,0.06,0.0,44,40
5.069003463763462,-0.5863171809502798,0.0624356913816739,20.47226552119532,33.470154655370415,-17.533149833047368,25.787689439140976,3.3708581023390214,-1.0356295629970695,1.2467985070916003,-0.2866406821070886,False,6.788225099390858,0.05,0.02,0.02,2.0,0.2,0.06,0.0,44,41
5.054872504152884,-0.5885567353857114,0.0649921996420533,18.07763596880324,51.50574289892339,-21.319971644545287,25.23008098501888,1.6943328154084294,1.2716607952044028,1.6335914322152405,-0.3639218733708285,False,6.788225099390858,0.05,0.02,0.02,2.0,0.2,0.06,0.0,44,42
5.075975191214056,-0.5733498095135997,0.060461333933814,18.99682324072417,25.21856835730591,-24.169918456275536,15.18618142226902,2.6140273748589595,-1.0957747907557347,-2.3519554966950804,-0.2541646315765671,False,6.788225099390858,0.05,0.02,0.02,2.0,0.2,0.06,0.0,44,43
5.068397732974122,-0.5797626907076037,0.0665137369250104,22.524484319424463,1.5797249212917528,-19.93675131789788,13.754232228873905,1.3034322521217834,1.3330231231868277,4.892162776154559,-0.4329052599236394,False,6.788225099390858,0.05,0.02,0.02,2.0,0.2,0.06,0.0,44,44
5.106791182884176,-0.5818993357872163,0.0562109922802128,17.415106294370446,100.66096698076564,-20.27434122616089,25.525029682293315,2.244381092083068,-1.518172852769558,2.248822598327954,-0.0957858761044414,False,6.788225099390858,0.05,0.02,0.02,2.0,0.2,0.06,0.0,44,45
5.060287245527835,-0.5787436463401484,0.0642524282166205,19.248119050899746,91.17208638819253,-16.647781018312735,27.59153191398988,2.008459064156477,0.2660951831100582,-4.01930637172795,-0.3634757169838327,False,6.788225099390858,0.05,0.02,0.02,2.0,0.2,0.06,0.0,44,46
5.074686086055957,-0.5961140190265309,0.0569839412139388,18.417536820947777,14.071068470035996,-19.72067958023312,22.026394162482667,0.8490207826078213,-1.7277462886981771,-1.949897804458782,-0.088331308019012,False,6.788225099390858,0.05,0.02,0.02,2.0,0.2,0.06,0.0,44,47
5.045705955897134,-0.5788569414338839,0.0647931780235898,17.509162608371746,93.96932994675632,-20.599781774919524,9.445736807442408,1.55905706527288,0.2811186162667245,3.65625967931987,-0.3813826799597271,False,6.788225099390858,0.05,0.02,0.02,2.0,0.2,0.06,0.0,44,48
5.087940021954584,-0.59131637957555,0.0544404843950287,16.023285528995842,-39.5341373524448,-19.27188685531693,20.4069151898172,1.2427583555973931,0.8764816310461432,-1.7996822199407214,-0.0176597883423239,False,6.788225099390858,0.05,0.02,0.02,2.0,0.2,0.06,0.0,44,49
5.059755380606966,-0.5763154949263903,0.0700621623170481,15.222871969269208,70.1949886382265,-27.98569538173099,22.55424714171185,1.2612729841671555,-0.3774105974883155,1.3778916699299142,-0.5552466834857863,False,6.788225099390858,0.05,0.02,0.02,2.0,0.2,0.06,0.0,44,50
5.069161561152764,-0.5800527847605843,0.0645272766773956,18.93309264642017,85.7908492176932,-23.200054050251723,11.80242109329593,2.0843228169276373,-3.846983457416852,-2.960905576995632,-0.3685964765820917,False,6.788225099390858,0.05,0.02,0.02,2.0,0.2,0.06,0.0,44,51
5.042540221465536,-0.5883908609207694,0.0647835415002807,19.093609181889363,64.22744442029847,-19.473781971913603,8.915230866154626,1.7039908219327995,2.3317554635838897,2.3637531634027877,-0.3583828485112046,False,6.788225099390858,0.05,0.02,0.02,2.0,0.2,0.06,0.0,44,52
5.07200737477398,-0.5854872708525737,0.0645555782015035,16.511486218577236,65.177244347525,-25.913519677694868,14.667496285881205,2.5046307538686428,-4.960682541516566,-1.595416973157952,-0.356288609915498,False,6.788225099390858,0.05,0.02,0.02,2.0,0.2,0.06,0.0,44,53
5.087221864492171,-0.5948063956748416,0.0622785788550739,19.59341178521501,40.68340124239428,-17.404094445413644,10.99235812529566,1.7081018364303069,-1.211499501798432,0.8268035401022136,-0.2601458618732162,False,6.788225099390858,0.05,0.02,0.02,2.0,0.2,0.06,0.0,44,54
5.076374621763539,-0.5995259224545584,0.0640578048526158,20.07185618310328,175.37280884395773,-27.07386463036648,20.49557544183358,1.3330157377291822,-0.3307509967044928,3.315094000532897,-0.3064050640869551,False,6.788225099390858,0.05,0.02,0.02,2.0,0.2,0.06,0.0,44,55
5.072124382599828,-0.588501071157186,0.0648689560128852,20.91825750569149,167.02304192783333,-12.204707731821545,19.316965749075106,0.5349536399527547,-1.4921692388114811,-1.1747205991231284,-0.3590765586790923,False,6.788225099390858,0.05,0.02,0.02,2.0,0.2,0.06,0.0,44,56
5.068297351203585,-0.5765255103021542,0.0745121600677711,19.677072781487443,47.77037018664623,-27.00463810728681,15.614649435568827,3.00613792061821,1.758295815201659,-0.3781446753016386,-0.696630056371293,False,6.788225099390858,0.05,0.02,0.02,2.0,0.2,0.06,0.0,44,57
5.083082548468052,-0.5944317030820107,0.0661934132485673,18.59125463398751,71.54396615968486,-22.16473543917179,24.700568978856477,2.952176157190441,-4.343235088568862,0.5800498923481707,-0.3865681836492476,False,6.788225099390858,0.05,0.02,0.02,2.0,0.2,0.06,0.0,44,58
5.081727187004333,-0.5905373265186323,0.0633328518488387,16.99689641204206,-0.2685385633448787,-17.030573952053167,19.40277093543679,1.384898142364621,-0.6525402805361109,2.9123322546966754,-0.3044580442978624,False,6.788225099390858,0.05,0.02,0.02,2.0,0.2,0.06,0.0,44,59
5.0878085794733074,-0.5847959831340562,0.0578284823449545,20.897027074033968,25.87059944229579,-14.14566703029043,22.43420738431784,3.094478308753602,-4.337380821660771,-1.8213007388145388,-0.1417325607484125,False,6.788225099390858,0.05,0.02,0.02,2.0,0.2,0.06,0.0,44,60
5.0673600976735935,-0.5716799534009184,0.062493018928672,18.424624948683448,63.00874698364717,-24.45603656403567,15.642553928054843,1.7093994498908196,-2.6708889081152885,0.5600143121526266,-0.3237031116948858,False,6.788225099390858,0.05,0.02,0.02,2.0,0.2,0.06,0.0,44,61
5.1025002116955065,-0.574973313499222,0.0519290993313938,15.938268400624803,-56.42170987628431,-23.88936770367541,19.19509885032143,0.7077469188458676,-2.6800107385045946,2.3070024358498102,0.0243547864952591,False,6.788225099390858,0.05,0.02,0.02,2.0,0.2,0.06,0.0,44,62
5.073889439359815,-0.5814274730774358,0.0683851434547815,15.475339506221449,110.95301108482388,-21.938407090386825,20.58986492442469,1.8537003348118424,0.4134817270423787,-0.0865990549750725,-0.4884652888055751,False,6.788225099390858,0.05,0.02,0.02,2.0,0.2,0.06,0.0,44,63
5.0668751367933,-0.6013714872920742,0.0687365082406944,17.58939062592234,67.95549486964231,-14.93869416675356,18.23984131793373,2.907979730549364,1.814286495151496,2.796050512312373,-0.452264185993646,False,6.788225099390858,0.05,0.02,0.02,2.0,0.2,0.06,0.0,44,64
5.055725063531498,-0.5939748852640946,0.0785388809148482,17.616694714509457,32.93791188416394,-29.35094933610589,17.79850031022661,2.897571888783356,-1.0336311689437951,2.323707509741673,-0.7843609608294277,False,6.788225099390858,0.05,0.02,0.02,2.0,0.2,0.06,0.0,44,65
5.104569290434687,-0.5825816522835122,0.0502749256715393,18.14013157821164,68.79470252244633,-27.794750498612487,15.91761644416508,1.6663782750915883,-3.702138725488134,-0.3579426397574345,0.0956725014172497,False,6.788225099390858,0.05,0.02,0.02,2.0,0.2,0.06,0.0,44,66
5.084599480851781,-0.6004052197372863,0.067890983759265,18.07187067826778,44.40203302956913,-11.896827858073312,21.119670950749278,2.449888428792893,-1.0810216463265974,1.065425346051946,-0.4264629840758887,False,6.788225099390858,0.05,0.02,0.02,2.0,0.2,0.06,0.0,44,67
5.087159025765252,-0.5961691134008295,0.0757337483408311,19.37568426531788,51.7737531197764,-20.543615134279275,8.688131547365256,1.6425566723389975,-3.189196462556561,2.162967691074483,-0.6874445331986925,False,6.788225099390858,0.05,0.02,0.02,2.0,0.2,0.06,0.0,44,68
5.06122282302493,-0.5854230861555055,0.0637035084543683,16.897037954290926,37.20334908383297,-26.206411052761595,21.40814730190202,1.6240281654161834,-0.3073314063942769,0.816328654995452,-0.3298234943850771,False,6.788225099390858,0.05,0.02,0.02,2.0,0.2,0.06,0.0,44,69
5.117286518060705,-0.5994581025552456,0.0531356739401045,22.11714570583523,76.79602877488836,-24.054142326375285,16.624425809831088,1.297919724365852,0.6257199328961174,1.8857109179881648,0.0453950711328854,False,6.788225099390858,0.05,0.02,0.02,2.0,0.2,0.06,0.0,44,70
5.078746407068951,-0.5915470995523723,0.0706742976440824,18.82969804288565,72.34752844940357,-19.16072560936467,26.467476420002484,1.843039415695618,2.117605124169779,-0.6954476283589948,-0.5371397012608072,False,6.788225099390858,0.05,0.02,0.02,2.0,0.2,0.06,0.0,44,71
5.05569760154889,-0.5903814004174589,0.0764383714886943,20.238103642480997,70.4464797241975,-18.87947871851497,16.322563901531,2.4731925996595145,1.9207623200800223,1.2554688901650888,-0.7257706705433851,False,6.788225099390858,0.05,0.02,0.02,2.0,0.2,0.06,0.0,44,72
5.065417286528157,-0.5997806663804952,0.0735675093247236,17.64322019912021,212.3965639601428,-13.858089969831813,13.954234450285336,1.58297497300677,-1.4134633596167898,1.6320479285389613,-0.6107616618862806,False,6.788225099390858,0.05,0.02,0.02,2.0,0.2,0.06,0.0,44,73
5.054419698989467,-0.5916667877461086,0.0759461980364786,15.30393880963538,152.72938256316283,-17.836262759775966,19.12443508701512,1.1261419230231235,0.1362372789400856,3.8352567816498144,-0.70701286463729,False,6.788225099390858,0.05,0.02,0.02,2.0,0.2,0.06,0.0,44,74
5.072698223940981,-0.6041812730150141,0.0618619191026391,18.38890908496124,88.13780478307464,-24.65952390221639,14.159064122357435,1.8065746435416172,-4.144224669563437,3.9884781930594313,-0.2251844626119608,False,6.788225099390858,0.05,0.02,0.02,2.0,0.2,0.06,0.0,44,75
5.055840260099124,-0.5855249145276517,0.0652322156030765,16.968652898475682,50.79494048911348,-23.848372293062376,17.33756692058912,1.268959700096949,-1.2672705395121913,3.702391789726161,-0.3788206888261376,False,6.788225099390858,0.05,0.02,0.02,2.0,0.2,0.06,0.0,44,76
5.090905086600013,-0.586637805639581,0.0563009597249466,17.622985227282854,111.88600751339472,-24.3212382820126,13.53146247913332,1.7607323522035496,-0.7278067777920763,-0.5525610790794655,-0.0882456724672966,False,6.788225099390858,0.05,0.02,0.02,2.0,0.2,0.06,0.0,44,77
5.074529101236747,-0.5685426972314923,0.0566351446861425,19.54956357413848,0.3106599563603702,-18.642263418998358,19.29223829480096,3.680665756431772,-2.0593689685072105,0.4355929361076693,-0.1433504105267771,False,6.788225099390858,0.05,0.02,0.02,2.0,0.2,0.06,0.0,44,78
5.111576136325805,-0.5778298067893453,0.0531704497493482,19.634466733516657,-15.107786724230843,-15.593576881818064,11.821632463903017,2.3665713961136685,-0.6770365355924022,1.2536466344511563,-0.0079682875051685,False,6.788225099390858,0.05,0.02,0.02,2.0,0.2,0.06,0.0,44,79
5.095424709334743,-0.5984337979694144,0.0613843548815876,20.211966444036623,117.89352018626128,-17.47202471902799,17.94973193316656,1.8077124338601789,-0.0446060292595063,-0.333653308475091,-0.2223327585241274,False,6.788225099390858,0.05,0.02,0.02,2.0,0.2,0.06,0.0,44,80
5.11648859290934,-0.5930254115825652,0.053415747952911,19.382015817373464,64.19929068831465,-24.99401974553553,20.320640502612317,2.494509089311126,-0.6621678729375025,-1.0506903124420837,0.0209463688795641,False,6.788225099390858,0.05,0.02,0.02,2.0,0.2,0.06,0.0,44,81
5.096134504699843,-0.5889305222044046,0.0515072593472952,17.234752413566753,99.64395899037528,-22.370741323915382,11.046525265120508,1.924670446154252,-2.854675537518302,0.4256255087189946,0.0709690244591132,False,6.788225099390858,0.05,0.02,0.02,2.0,0.2,0.06,0.0,44,82
5.090597584333249,-0.5964605445045263,0.0622280903699492,20.59942823583746,35.481985473449654,-20.059997715785418,13.008156439226603,2.4508581748637206,0.2461686860121164,0.0151121756613747,-0.2543577299675186,False,6.788225099390858,0.05,0.02,0.02,2.0,0.2,0.06,0.0,44,83
5.071394345322422,-0.5997998118592491,0.0638041787648204,21.14860092959617,-0.4179397513996424,-26.60858031720482,19.313752943357965,1.861120548717854,-0.3336469836369953,0.2040172704839529,-0.2979305112927124,False,6.788225099390858,0.05,0.02,0.02,2.0,0.2,0.06,0.0,44,84
5.086553110309844,-0.5775901439914908,0.0682111388564646,19.799466499728307,102.87537569925895,-20.8308278899292,19.97462557647165,1.491634740185361,2.335177421954695,2.830860573558348,-0.4913469112086996,False,6.788225099390858,0.05,0.02,0.02,2.0,0.2,0.06,0.0,44,85
5.087230640306151,-0.5816330394138042,0.0628607312629645,19.350555314016585,32.68698216367129,-17.635368116595075,16.930534088028093,2.416299281034004,-2.423874375011181,-1.550435717353238,-0.3103902674033667,False,6.788225099390858,0.05,0.02,0.02,2.0,0.2,0.06,0.0,44,86
5.085702840460949,-0.602849121975699,0.065229945719298,21.51097568689644,79.91998096563708,-15.093562918059211,21.705295616897395,0.576779385670311,-0.926077830066618,-1.2855245040930052,-0.3353781998482041,False,6.788225099390858,0.05,0.02,0.02,2.0,0.2,0.06,0.0,44,87
5.0920893370715525,-0.5674936956871107,0.0658544479603386,17.433684124237836,71.01161403591772,-18.09544008658326,15.854607983932691,1.1614622574551097,3.7156163593388807,0.8744313819839928,-0.4398321048574789,False,6.788225099390858,0.05,0.02,0.02,2.0,0.2,0.06,0.0,44,88
5.074458178597234,-0.5860843012893612,0.058387085484798,16.375057416507346,142.84775331643272,-29.312101337164737,21.053181784610544,2.2637657079405926,-1.9645109786881096,0.3320946102173803,-0.1573169217032362,False,6.788225099390858,0.05,0.02,0.02,2.0,0.2,0.06,0.0,44,89
5.059151354641448,-0.577180393220595,0.0776980162870993,19.990499021019318,56.404942281814165,-16.57375639793608,13.665767701987637,0.0502907738964827,-3.014030305705864,0.8505761412104018,-0.7975544961792653,False,6.788225099390858,0.05,0.02,0.02,2.0,0.2,0.06,0.0,44,90
5.0760267320514325,-0.5805181168326851,0.0680674490937365,17.445688771330815,29.178273663944143,-30.66586878346505,13.6073238380442,3.49956287641216,-0.8299964802643931,1.2586659016042483,-0.4803532866780395,False,6.788225099390858,0.05,0.02,0.02,2.0,0.2,0.06,0.0,44,91
5.107811961118667,-0.6065793850580647,0.0583011642135034,19.932519138352948,48.6116832898654,-17.320538734535152,25.825354288328025,2.909631600619353,-0.1958026735370173,1.0012809064076418,-0.1033780130256352,False,6.788225099390858,0.05,0.02,0.02,2.0,0.2,0.06,0.0,44,92
5.080247952507333,-0.5916983585728856,0.0626946386966448,19.28112844507808,89.07625344387378,-17.484176754185576,20.4798952590772,1.7382077508283655,-3.1226898496433195,-1.413855484241997,-0.2813375005672691,False,6.788225099390858,0.05,0.02,0.02,2.0,0.2,0.06,0.0,44,93
5.052010796918591,-0.5788851440323647,0.0740238751426658,21.159812080693268,87.89286258334661,-20.499357893780225,15.100344607077837,2.1174847996441484,3.6725112691340662,-2.932919210335253,-0.6763190110725168,False,6.788225099390858,0.05,0.02,0.02,2.0,0.2,0.06,0.0,44,94
5.075200890669371,-0.5944905363642786,0.0700327195201019,18.55923732020928,11.106574822659118,-20.964754136028063,25.95493840428859,1.8052473478348516,-1.6446294672924775,-0.07060340944672,-0.5097576839288309,False,6.788225099390858,0.05,0.02,0.02,2.0,0.2,0.06,0.0,44,95
5.08667435700371,-0.5777969918013118,0.049441927540809,19.180934380112284,130.1688098968986,-18.827620116625678,22.22258843793879,1.5779875591177337,-2.653646232840962,4.141665247417734,0.1097715604374813,False,6.788225099390858,0.05,0.02,0.02,2.0,0.2,0.06,0.0,44,96
5.056208568357455,-0.5689136722821938,0.0668342602629597,20.85028603994919,104.03493482716569,-22.805967662732098,17.28611115934531,2.0305379756573365,0.5576059067330754,0.5794107193018156,-0.4699310008359987,False,6.788225099390858,0.05,0.02,0.02,2.0,0.2,0.06,0.0,44,97
5.097176923250198,-0.5935769115884616,0.0538974980572174,18.856633790655707,-22.308176284894596,-23.33018825828732,18.255150182368595,1.4114016284719697,0.9893083751982892,2.6299577170392894,0.0056952653763608,False,6.788225099390858,0.05,0.02,0.02,2.0,0.2,0.06,0.0,44,98
5.067650312474751,-0.5709400631298105,0.0677424079586078,17.86396937980036,68.1914202383984,-17.89554532186763,10.978700241199462,1.16628887518106,-0.5416207010801304,4.060485602131347,-0.4934418844154213,False,6.788225099390858,0.05,0.02,0.02,2.0,0.2,0.06,0.0,44,99
4.952995581139315,-0.2716395243607277,0.0137853065666199,17.93632171754398,6.100445034150601,-16.761366469118563,15.297397133503177,0.0202993494855098,0.8945694563741684,-1.5701291527414802,-0.8154046471932452,False,13.576450198781716,0.1,0.02,0.02,2.0,0.4,0.06,0.0,36,0
4.979517641189063,-0.2809139557047538,0.017892299707263,17.372891995005613,-14.05212939507802,-18.39402211481135,11.379423733858124,-0.3223208670639294,-0.9130348792023124,0.7412331555144921,-1.317249810366916,False,13.576450198781716,0.1,0.02,0.02,2.0,0.4,0.06,0.0,36,1
4.942413264490198,-0.2833508907315787,0.0165578930080521,18.302951043265896,25.35139471955336,-19.24372024495837,12.009623205832009,0.0373139442601428,1.396040759415509,-0.3900205759763275,-1.1428233714054756,False,13.576450198781716,0.1,0.02,0.02,2.0,0.4,0.06,0.0,36,2
4.980884563294701,-0.2834388316729904,0.017234760977508,17.216353449086217,12.599704519764996,-29.12211611936936,7.00250637086139,-0.1460188471668705,0.35431166651877,0.5688689632060963,-1.2269431353081757,False,13.576450198781716,0.1,0.02,0.02,2.0,0.4,0.06,0.0,36,3
4.925914531620941,-0.2703538918872324,0.0200173216050891,18.503229448121942,17.466848687446817,-25.48577922714622,10.887533166117226,-0.0757285648691866,-0.6738766552751752,-0.5355118220263749,-1.6178129530247998,False,13.576450198781716,0.1,0.02,0.02,2.0,0.4,0.06,0.0,36,4
4.989659111506206,-0.2898442411074969,0.0128550317777077,19.270136134022383,-11.638648850280196,-17.13416862691502,11.26998596335078,-0.0866775411352729,1.0070314800164362,-0.5631821888137969,-0.6504383421982274,False,13.576450198781716,0.1,0.02,0.02,2.0,0.4,0.06,0.0,36,5
4.943192081901043,-0.2855452236680262,0.0168835665598802,18.905119235556324,-0.5870023475601673,-15.78235247450112,11.361366454863676,0.2280773916514292,0.0703862274145965,1.0820621379590905,-1.1791964579473486,False,13.576450198781716,0.1,0.02,0.02,2.0,0.4,0.06,0.0,36,6
4.943472454998225,-0.2687387961030948,0.0148417617858864,17.528263971326737,11.913871557144477,-30.937093467072277,14.531918961190977,-0.3458432715064856,2.180608634509844,-1.459504856888875,-0.9581640506461424,False,13.576450198781716,0.1,0.02,0.02,2.0,0.4,0.06,0.0,36,7
4.935430169473029,-0.2794792114515645,0.018737998919601,18.793362400595655,-0.1970764595070164,-18.51514681896813,14.73988419639076,-0.2723261893544777,-1.3547651371298102,-0.165578936399372,-1.431587944056795,False,13.576450198781716,0.1,0.02,0.02,2.0,0.4,0.06,0.0,36,8
4.965558182685868,-0.274759108290193,0.0174154331166897,16.83305345027908,1.8285956692374723,-13.050557695258554,7.79802540881834,-0.0483841526526021,-0.0221075766445264,1.1607078377889757,-1.2718200880786783,False,13.576450198781716,0.1,0.02,0.02,2.0,0.4,0.06,0.0,36,9
4.953740831531177,-0.2783253511546914,0.0174942972746334,17.629654387784946,7.96015915988068,-22.206987735708537,13.559535502835296,0.0189818557841174,1.2140346017994543,-1.576974879495752,-1.2740647584899565,False,13.576450198781716,0.1,0.02,0.02,2.0,0.4,0.06,0.0,36,10
4.958156141743628,-0.2758459475975444,0.0156946688981109,17.20670284639619,19.37646949466019,-15.98592609310876,9.4479687166232,-0.093887725559852,-0.4593507981215194,-1.7169132052450131,-1.0493979762194765,False,13.576450198781716,0.1,0.02,0.02,2.0,0.4,0.06,0.0,36,11
4.954052726555013,-0.2820521653030372,0.0175380137438977,16.75999407775349,16.030276432006072,-20.20768531713632,12.019926430175763,0.0154558711250246,0.2146430804997361,-0.256979807775497,-1.2706973988983252,False,13.576450198781716,0.1,0.02,0.02,2.0,0.4,0.06,0.0,36,12
4.940858584410438,-0.2755883355257562,0.0182259991010132,18.23680505858375,-3.031992168195996,-25.31947372369365,20.427486032358967,0.3043592707659937,0.0271502344147613,0.509788699740718,-1.3750643646032554,False,13.576450198781716,0.1,0.02,0.02,2.0,0.4,0.06,0.0,36,13
4.975816383818633,-0.2817026899512846,0.0177518764163622,19.234992009426605,-7.183376424919042,-21.79759981138774,14.101231267542651,-0.2291282378241741,0.4439158235322225,-0.0337125482529425,-1.297604742382162,False,13.576450198781716,0.1,0.02,0.02,2.0,0.4,0.06,0.0,36,14
4.955567014830436,-0.2775391437981482,0.0184803894158842,18.169583968106284,-2.825516781083527,-23.14513497324577,21.44366975573533,-0.2139314096470692,1.4605942691695375,-0.2569813712340193,-1.4020618792278077,False,13.576450198781716,0.1,0.02,0.02,2.0,0.4,0.06,0.0,36,15
4.979315099161988,-0.2837583694050218,0.0151833049065478,19.001617858976157,-14.677535823578456,-22.60365944722925,15.09643006895433,-0.1360698451446575,1.3084019390033328,-0.7472419668366889,-0.9636840355163524,False,13.576450198781716,0.1,0.02,0.02,2.0,0.4,0.06,0.0,36,16
4.964249519641738,-0.2780951269782739,0.0165511677326155,17.386387220699604,-6.784553354111503,-15.33862707764067,20.400441605048183,0.224422818721203,2.003226792151524,-0.636331147400617,-1.153266193848426,False,13.576450198781716,0.1,0.02,0.02,2.0,0.4,0.06,0.0,36,17
4.9327166331048415,-0.2800017551492548,0.0203950356733028,18.047369448987705,14.405201935162085,-18.536469747524656,17.382536725885878,0.0255056340323195,-0.2292871364785509,0.977569986979272,-1.642597355838261,False,13.576450198781716,0.1,0.02,0.02,2.0,0.4,0.06,0.0,36,18
4.956558484191323,-0.2802939038289098,0.0166756250160168,18.211677365829846,15.313847918635052,-17.693251094514984,19.098840906809468,-0.049355399212984,0.7364207854747387,0.4080528756541751,-1.164381123809294,False,13.576450198781716,0.1,0.02,0.02,2.0,0.4,0.06,0.0,36,19
4.970614332534727,-0.2787802670472923,0.0186301865641582,17.341440317069008,8.15459571096586,-23.957323744959226,17.206979654642932,0.0084840646451243,-1.2779950134822542,-1.2327440403429857,-1.4173543793466714,False,13.576450198781716,0.1,0.02,0.02,2.0,0.4,0.06,0.0,36,20
4.944824920750857,-0.2749842686621693,0.0181968852631791,17.77040990202943,-1.2032145511613723,-23.048020499632976,17.62271885054917,0.2174736342467173,-0.7718765034478765,-0.0029956209899321,-1.3725495736526705,False,13.576450198781716,0.1,0.02,0.02,2.0,0.4,0.06,0.0,36,21
4.957264654554943,-0.2759805236322304,0.0176416621624038,20.02634644491892,-11.290739236976387,-26.226319090929977,17.88658055721743,-0.1653510881836692,-0.8507382989978374,0.8096358519102788,-1.298343620797044,False,13.576450198781716,0.1,0.02,0.02,2.0,0.4,0.06,0.0,36,22
4.980066384952126,-0.2835731538505812,0.0151657104713377,19.1734704400257,-9.96895479858657,-20.4085890397671,17.36540879181164,0.2025513335622095,-0.1576468142824691,-0.5748558099427823,-0.9618313879927074,False,13.576450198781716,0.1,0.02,0.02,2.0,0.4,0.06,0.0,36,23
4.973557915239097,-0.2802287322022334,0.0145324917808263,19.30085492518488,-15.438599888054796,-19.619780956465323,18.04783110104176,-0.249971889244914,0.6719651850152719,1.5319191324579826,-0.8891965157460728,False,13.576450198781716,0.1,0.02,0.02,2.0,0.4,0.06,0.0,36,24
4.981715893461023,-0.2830164377270651,0.0127493018663507,17.71159700192998,-2.927707190769864,-19.73249284220753,15.60258318747357,-0.2420341653249359,0.984827117375526,1.3409715095269106,-0.6537682347402791,False,13.576450198781716,0.1,0.02,0.02,2.0,0.4,0.06,0.0,36,25
4.936351378635697,-0.2727682881069251,0.0158715527110444,18.953322303272373,13.345537877936549,-27.081873125974827,20.18012907110232,0.1723478439532995,0.0603516646770536,-0.3975261272737644,-1.0807337728389277,False,13.576450198781716,0.1,0.02,0.02,2.0,0.4,0.06,0.0,36,26
4.964342146761602,-0.2696587522161124,0.0167267664035645,18.476803772659892,6.946763922335816,-26.640082264595183,13.31127024651862,0.1221962709899771,1.4481198985793606,-0.0993104264305769,-1.1959845655318984,False,13.576450198781716,0.1,0.02,0.02,2.0,0.4,0.06,0.0,36,27
4.956665916116999,-0.2812349341592776,0.0152768406570044,19.6668671889509,-8.273267560491568,-24.07124363664808,16.783766887984157,-0.1894746145653089,1.8359587578943184,-0.3964625347410926,-0.9830718071472876,False,13.576450198781716,0.1,0.02,0.02,2.0,0.4,0.06,0.0,36,28
4.95330324241526,-0.2773905883539189,0.0163082362979642,18.925382579736898,6.244151719178376,-25.74303601628779,10.52880151601946,0.3224614195002991,2.074069261641286,-0.4844216517922234,-1.1245186395450983,False,13.576450198781716,0.1,0.02,0.02,2.0,0.4,0.06,0.0,36,29
4.9599678067698365,-0.2749915644283189,0.0160317632621608,16.899881628236034,-1.8552521781904776,-14.410168900431458,11.80295556610709,0.2684440898269348,0.1871403386667937,-0.9347369586051478,-1.0944878745224391,False,13.576450198781716,0.1,0.02,0.02,2.0,0.4,0.06,0.0,36,30
4.944850727165369,-0.2792668293620153,0.0155637762737209,18.51955888522441,25.303261699397492,-19.328995397242835,22.388416031243207,0.0620669464429307,1.026788004058333,-2.0575935309416598,-1.0252319289375205,False,13.576450198781716,0.1,0.02,0.02,2.0,0.4,0.06,0.0,36,31
4.955781440443629,-0.2680809582838154,0.0169270396577813,19.057177720505575,16.87517476260899,-22.225649396083007,21.77020582898637,0.0559754859538803,-1.2232504548859522,-0.7045640118207968,-1.2259198898882346,False,13.576450198781716,0.1,0.02,0.02,2.0,0.4,0.06,0.0,36,32
4.955530896394474,-0.276657453731262,0.0165293296564884,18.871935783811683,-8.783175582068665,-22.965241852706505,13.420019885422562,0.0472379866526494,0.1654264953068783,-0.1092657290042924,-1.1544444532918263,False,13.576450198781716,0.1,0.02,0.02,2.0,0.4,0.06,0.0,36,33
4.962789644520763,-0.2782541735047162,0.0166565192793888,17.637083074618115,-4.05073197883566,-19.45409340887148,13.539267707447827,0.1274556591555939,0.8305964732841306,-0.1646406574072771,-1.1664570726792138,False,13.576450198781716,0.1,0.02,0.02,2.0,0.4,0.06,0.0,36,34
4.927719323275,-0.2791232776473217,0.0195390616839999,19.870699390259936,14.041708378063326,-25.138986316286417,6.855069966698325,0.0374574031098619,0.7362984450051345,0.5046173623155826,-1.535440869801917,False,13.576450198781716,0.1,0.02,0.02,2.0,0.4,0.06,0.0,36,35
4.978934009243777,-0.286557657451802,0.0135989468571421,19.47586757635953,14.8204930386707,-14.9460573441712,13.40720340271026,-0.1171101474929875,0.0770086389295963,-0.4857133695112341,-0.7541907792752489,False,13.576450198781716,0.1,0.02,0.02,2.0,0.4,0.06,0.0,36,36
4.938529389023668,-0.2809124461436648,0.0186965947519918,18.053393652550845,23.24915746589848,-21.883467147838672,17.430864838121483,-0.2305621559993116,0.1523594374742674,-0.7331094311863124,-1.4226624941687436,False,13.576450198781716,0.1,0.02,0.02,2.0,0.4,0.06,0.0,36,37
4.969360250740181,-0.2729558635546131,0.0179552081593447,17.812599139987498,5.5051631179992055,-23.48542894247209,18.478753891459885,-0.0782617608713703,2.716075108239736,0.3339950988155932,-1.34501095682064,False,13.576450198781716,0.1,0.02,0.02,2.0,0.4,0.06,0.0,36,38
4.951689771431212,-0.262852261656286,0.0178115673133041,19.027850135125,-1.486611925203154,-23.570645594551568,21.325231531644548,0.0829924485428814,-1.2969074721708065,0.5319219936780585,-1.351933801841967,False,13.576450198781716,0.1,0.02,0.02,2.0,0.4,0.06,0.0,36,39
4.953481127901312,-0.2781293030547891,0.015447480781037,19.00314514227854,-13.53588825306208,-26.46165046059293,21.46377525451795,0.1713646750239369,-0.508305200997524,-0.9015454639503148,-1.0125583449671651,False,13.576450198781716,0.1,0.02,0.02,2.0,0.4,0.06,0.0,36,40
4.9498262407085925,-0.2750579358934913,0.0194888386513899,16.980710342743336,10.950799335871896,-22.66956401513608,12.123927270834407,0.144400707484274,0.4597813898501022,-1.1550171426533429,-1.5374427267910158,False,13.576450198781716,0.1,0.02,0.02,2.0,0.4,0.06,0.0,36,41
4.968975470929065,-0.2787226226496673,0.0146810969135552,18.843229104948342,-20.43136928464832,-22.35657178062545,9.076424778083885,-0.1747070684562562,-0.0492134493705453,0.2878528314222329,-0.9121075823201252,False,13.576450198781716,0.1,0.02,0.02,2.0,0.4,0.06,0.0,36,42
4.959910648784714,-0.2764868456304455,0.0158016130138759,19.63741981403443,12.772327773835944,-12.62865293355825,14.500711981791104,-0.6144558891740469,-1.5355459660253103,0.8328784714454901,-1.0614433973359696,False,13.576450198781716,0.1,0.02,0.02,2.0,0.4,0.06,0.0,36,43
4.966067745711485,-0.2814254191001453,0.0171430999022112,18.383794009509543,14.937777632656026,-14.328224648257942,13.19545712170322,0.0348122974423333,0.4421845346000919,0.5445771370019231,-1.220931716899999,False,13.576450198781716,0.1,0.02,0.02,2.0,0.4,0.06,0.0,36,44
4.960250327104357,-0.2761596021996145,0.0147823375770216,18.401506450296047,18.050590906512397,-13.013733443699444,17.162852812253192,0.1101282002805011,1.181782386854069,-0.1894645547670191,-0.9317411449534296,False,13.576450198781716,0.1,0.02,0.02,2.0,0.4,0.06,0.0,36,45
4.951906086374504,-0.2848042679144547,0.0184102159360869,19.22145647580581,2.13631065426902,-24.12479175620521,13.28326584079541,0.0691819000468075,2.243283965514274,0.8036381159634759,-1.375863031641965,False,13.576450198781716,0.1,0.02,0.02,2.0,0.4,0.06,0.0,36,46
4.945236610263862,-0.2690655684809266,0.017438461711009,18.149184948890117,14.557197113291476,-24.51493482654221,19.97759123696606,-0.0767864025051895,1.0123271806107028,0.8377159320478517,-1.2896515380391045,False,13.576450198781716,0.1,0.02,0.02,2.0,0.4,0.06,0.0,36,47
4.956605187386232,-0.2746702457975258,0.0160342873989369,18.03110164385703,7.327410259576903,-20.298629257606297,17.874224200506724,-0.3675138843174764,-0.0435298020988978,-2.014017459920246,-1.0957838859066968,False,13.576450198781716,0.1,0.02,0.02,2.0,0.4,0.06,0.0,36,48
4.971072868781115,-0.2828260203843063,0.0168724731355712,17.950998637344753,1.904659782280276,-21.48206205266957,24.541996856386664,0.3143741297321915,1.7572331563644426,-1.3066244575111146,-1.1826297403039217,False,13.576450198781716,0.1,0.02,0.02,2.0,0.4,0.06,0.0,36,49
4.945811815449003,-0.2806634415813143,0.0195906391290792,18.43601905490517,0.1137192528416393,-19.420877411784765,20.001497012591862,-0.1260639644832939,0.3461188699768768,0.6740536348976726,-1.5372608398000545,False,13.576450198781716,0.1,0.02,0.02,2.0,0.4,0.06,0.0,36,50
4.95778685764807,-0.2758165542967861,0.0171501215371418,19.222981724282164,-5.2596052203170425,-19.813530181996867,10.5694185434325,0.0751443339349111,-0.8484541283622897,-0.1551957042716498,-1.2357886149829844,False,13.576450198781716,0.1,0.02,0.02,2.0,0.4,0.06,0.0,36,51
4.945863600216973,-0.2766362767461575,0.0139651809543321,18.86891578371225,9.592788946441814,-17.969252521317976,14.938511493799725,-0.2115816840998857,1.8453387791797469,-1.054478138915845,-0.8268642819507234,False,13.576450198781716,0.1,0.02,0.02,2.0,0.4,0.06,0.0,36,52
5.004202624196647,-0.2800062546117457,0.0127585055034942,17.71064225205918,-7.080023039538896,-25.868132047679893,14.067183975565028,0.0484205853377932,1.085081473458202,-0.4237284972813091,-0.6608215359272777,False,13.576450198781716,0.1,0.02,0.02,2.0,0.4,0.06,0.0,36,53
4.937921353559437,-0.270693550963733,0.0170761733794964,18.611775446586027,16.3664406926153,-21.737989466719636,21.9549740409161,-0.1853620688473317,0.7126059286891223,-0.2912668201251698,-1.2398103890490142,False,13.576450198781716,0.1,0.02,0.02,2.0,0.4,0.06,0.0,36,54
4.980484113800295,-0.2763974037924772,0.0148692900053132,19.34432879948637,1.6560371937753289,-24.28509539091711,21.98603423642639,-0.0466289051925349,2.221256436888954,-1.370826454395771,-0.9410863047501336,False,13.576450198781716,0.1,0.02,0.02,2.0,0.4,0.06,0.0,36,55
4.949243954574086,-0.2775688613116911,0.0191758432268945,19.08983528142177,-8.71212613627868,-19.401101897198515,16.305838970066397,-0.0324003473631551,-0.1423740709608842,-2.3998848018551846,-1.4913880286199928,False,13.576450198781716,0.1,0.02,0.02,2.0,0.4,0.06,0.0,36,56
4.979712013622758,-0.2758323243069997,0.0138664680647812,17.568022338111966,-19.255881670932105,-23.29730137133476,14.357918423031697,0.1414140318309164,0.3508944611990309,-0.0044372611725014,-0.8141276131378392,False,13.576450198781716,0.1,0.02,0.02,2.0,0.4,0.06,0.0,36,57
4.944934510502931,-0.2698697778559375,0.0167059289061008,18.717297612935763,-7.228911785477146,-21.850368530906056,18.5049354792947,-0.1743079101418174,0.2297236390714261,-1.039081402572985,-1.193975362496488,False,13.576450198781716,0.1,0.02,0.02,2.0,0.4,0.06,0.0,36,58
4.966747118155417,-0.2829149449128682,0.016381463474412,18.000973056174637,3.504017724879564,-22.528225376041007,19.71312000333861,-0.028153615959605,0.5693074176539253,-2.101497335972277,-1.119826629844539,False,13.576450198781716,0.1,0.02,0.02,2.0,0.4,0.06,0.0,36,59
4.9874602168500735,-0.2813854839317917,0.0145579115209714,17.091190159907384,8.521998665346773,-24.28983110651956,15.647345698120784,0.164583840338278,2.370180399687863,-1.043461723288814,-0.8888399002370455,False,13.576450198781716,0.1,0.02,0.02,2.0,0.4,0.06,0.0,36,60
4.96348617211459,-0.2727710371728705,0.0158202047162021,18.5016104056636,5.468436987721709,-21.701089484301725,10.171739627779475,-0.2368440772813307,0.9126826382398898,-0.4043404727671181,-1.0725265441321108,False,13.576450198781716,0.1,0.02,0.02,2.0,0.4,0.06,0.0,36,61
4.94291869937691,-0.2866458929764142,0.0193249381644293,18.680668673360938,-5.73772001438073,-21.579736403439743,12.633445607867625,0.10822950715312,0.0716993267148422,1.719234613079779,-1.489066819940951,False,13.576450198781716,0.1,0.02,0.02,2.0,0.4,0.06,0.0,36,62
4.986265220255965,-0.2844175769895622,0.0133287243895095,19.195149362326884,-1.9368419472224936,-22.358147075944764,16.87815028027018,-0.4011637256410916,0.0169403867269821,-0.1413792933426123,-0.7242986238669111,False,13.576450198781716,0.1,0.02,0.02,2.0,0.4,0.06,0.0,36,63
4.94136463576594,-0.2698589001890142,0.0194479254401172,18.35588032981881,19.717649828217844,-15.328632811226218,16.49132751814819,-0.0423069367123996,-0.5656448216494021,0.8595639945115258,-1.5451912177354117,False,13.576450198781716,0.1,0.02,0.02,2.0,0.4,0.06,0.0,36,64
4.956016317178973,-0.2733418088512447,0.0164305719918538,18.23685749773813,9.98478596990804,-24.07507372319857,13.303398398875997,0.1275404160514771,2.857206780985141,-0.3463256490384448,-1.14973189468357,False,13.576450198781716,0.1,0.02,0.02,2.0,0.4,0.06,0.0,36,65
4.94680432548359,-0.2827014305570858,0.0191084153798597,17.604924395299186,-14.499723196319067,-24.93482081614382,15.410076093535444,-0.165555433713591,0.3051094106197785,0.5799213001697193,-1.4705854757560275,False,13.576450198781716,0.1,0.02,0.02,2.0,0.4,0.06,0.0,36,66
4.961875441698669,-0.2799925291528462,0.0145106954795264,20.18819608849915,1.9220193332528333,-22.38791706739141,14.18061140411656,-0.191095789891752,1.2263875079899371,0.8552845853645193,-0.8876744249106356,False,13.576450198781716,0.1,0.02,0.02,2.0,0.4,0.06,0.0,36,67
4.956749276530677,-0.2742052389525183,0.0158729278075028,17.8979304963468,14.028743018333431,-20.24912071550338,18.706625399615856,-0.157149102225618,-0.2849443207200381,-0.0391627945058365,-1.0762372292824858,False,13.576450198781716,0.1,0.02,0.02,2.0,0.4,0.06,0.0,36,68
4.94245151857639,-0.2775450284632541,0.018708914843843,20.180050251580983,7.494854961322689,-25.97761833400239,20.74618952219828,-0.452135613866497,1.1227871802484948,-0.3756616622799802,-1.4320859405855226,False,13.576450198781716,0.1,0.02,0.02,2.0,0.4,0.06,0.0,36,69
4.960778169406397,-0.2778773189371827,0.0163712999127623,17.988407181118927,-1.4964177809165022,-20.419640546972296,18.337210020963248,-0.0201246145076285,0.3881603773621692,-0.0499993120517769,-1.130974133219964,False,13.576450198781716,0.1,0.02,0.02,2.0,0.4,0.06,0.0,36,70
4.98572170305378,-0.2793994320815958,0.0137820018721583,19.077856059502448,5.37252641605656,-23.77647857345753,17.240279189046262,-0.1342967191232522,1.445010182397632,-0.6813239296302731,-0.794394300457208,False,13.576450198781716,0.1,0.02,0.02,2.0,0.4,0.06,0.0,36,71
4.967078187925406,-0.2793958293550685,0.0166606557872229,18.36971758708629,5.336276355093229,-24.689241553778228,14.540731536658251,-0.0817842824892553,0.6756755878920966,-0.8134911693113724,-1.1639892590368492,False,13.576450198781716,0.1,0.02,0.02,2.0,0.4,0.06,0.0,36,72
4.946729612402305,-0.2758746570620054,0.01811522922012,18.796195706338704,6.139001052029821,-30.00249397304647,21.28871850037566,0.0280863999756722,2.7587855240306487,-0.4053051403151938,-1.3598463864824146,False,13.576450198781716,0.1,0.02,0.02,2.0,0.4,0.06,0.0,36,73
4.959075272125566,-0.2786840920651544,0.0162454480955845,17.94221319155733,6.271062754888929,-22.310715285778578,10.661686692526892,-0.1240001723029257,-0.0924587794659881,1.060592194335538,-1.1130310189509238,False,13.576450198781716,0.1,0.02,0.02,2.0,0.4,0.06,0.0,36,74
4.958784570824807,-0.2746971400887701,0.0158595839520729,18.732810315874,2.834987211232634,-23.51928574429392,21.64428713897471,0.2852864891608307,0.1208271166856038,-0.749049470231296,-1.0732265354028012,False,13.576450198781716,0.1,0.02,0.02,2.0,0.4,0.06,0.0,36,75
4.952798478545116,-0.2779750230840658,0.017904800816787,17.6140350199401,-2.880939354565509,-21.190565984236656,14.419845373110393,0.2219782797161058,1.4653042764940496,-0.8348690375878687,-1.3275065404342836,False,13.576450198781716,0.1,0.02,0.02,2.0,0.4,0.06,0.0,36,76
4.9640583303595935,-0.2856323674209284,0.0184755546751669,17.933392487979855,-11.427264218458358,-18.712785893711917,12.817869792466864,0.1170775941316365,0.1368262700847705,0.0849840608981268,-1.381509816789565,False,13.576450198781716,0.1,0.02,0.02,2.0,0.4,0.06,0.0,36,77
4.9618840315906345,-0.2855093499032386,0.0172646878819339,19.126582405119088,7.415438016538081,-16.805383176613887,15.683735407099274,0.1150012854151075,0.0849211353136623,0.852170281131393,-1.2269445672243349,False,13.576450198781716,0.1,0.02,0.02,2.0,0.4,0.06,0.0,36,78
4.952763016156196,-0.283331514466021,0.0175507554726896,18.37192982763181,13.646382307242996,-15.39036896648998,14.809529488645712,-0.3996097028604546,-0.8687247569539664,-2.390898985435306,-1.2693352848164563,False,13.576450198781716,0.1,0.02,0.02,2.0,0.4,0.06,0.0,36,79
4.931688773061375,-0.2797098753402752,0.0193711832382652,18.722516306927584,2.319428882676742,-19.04326408336665,7.028528404568274,-0.131002717774301,0.1661862883953783,-0.3587052366187399,-1.512306427297615,False,13.576450198781716,0.1,0.02,0.02,2.0,0.4,0.06,0.0,36,80
4.951129940832391,-0.2756392912633688,0.0163098838962599,18.879685113839336,-0.8125596030274345,-17.386911764579086,19.876622556624696,-0.0704448829749121,1.0966441871391035,-0.7818712387318355,-1.1290630432392392,False,13.576450198781716,0.1,0.02,0.02,2.0,0.4,0.06,0.0,36,81
4.961936731814112,-0.2781754096998494,0.0136286528531562,19.661191024907676,-5.989314641416134,-20.54491119017922,18.40792687371958,-0.1008310322736417,0.6158353781364698,0.6318178116432099,-0.7791303780155128,False,13.576450198781716,0.1,0.02,0.02,2.0,0.4,0.06,0.0,36,82
4.96017926852626,-0.2780899920320192,0.0131600421801424,18.6041060024986,-8.100954112154042,-19.65420334957385,22.78312878862569,0.1128265321317698,0.8954754423546156,-0.1362522491901782,-0.7194586620698069,False,13.576450198781716,0.1,0.02,0.02,2.0,0.4,0.06,0.0,36,83
4.955849365886437,-0.2826026476024003,0.0156171599192564,17.141375244327175,35.881590437090935,-19.654739891318023,16.790298445716154,-0.1622036222535339,0.2934306898739139,-0.1248768642536528,-1.023399153465876,False,13.576450198781716,0.1,0.02,0.02,2.0,0.4,0.06,0.0,36,84
4.970474621021201,-0.2744654728468028,0.0141376868787805,17.605185407055924,-14.553011783037867,-19.44245273669627,11.343023913519884,-0.2169493652465897,0.0150723376981467,-0.4795966171595606,-0.852678308390308,False,13.576450198781716,0.1,0.02,0.02,2.0,0.4,0.06,0.0,36,85
4.970725027331379,-0.2868654871570904,0.0169312742298524,17.42577525161289,-4.358826972138406,-27.307399763887677,14.470118671395538,-0.3395116715040429,-0.0337584438345035,2.028816977165691,-1.180482430604214,False,13.576450198781716,0.1,0.02,0.02,2.0,0.4,0.06,0.0,36,86
4.97497472939038,-0.2761274474121615,0.0146545287100444,18.05499085972935,-2.625303972949668,-19.67420322265524,19.29332798452957,0.0784047022074247,0.0016648601252611,0.6981783196642569,-0.9145753173330836,False,13.576450198781716,0.1,0.02,0.02,2.0,0.4,0.06,0.0,36,87
4.9530437219069645,-0.2684874924843795,0.0150172312745209,17.196072247149154,-3.9295941380344512,-26.40382622177255,16.519459454845997,-0.2160995746573029,1.345115380892503,-1.2158356606769984,-0.9806529978617572,False,13.576450198781716,0.1,0.02,0.02,2.0,0.4,0.06,0.0,36,88
4.951356353643183,-0.2872253928833019,0.0172096824510027,18.788679341038392,-11.880875796031518,-20.439146406017777,11.88837040489565,-0.0272563527609041,-0.8172868085910421,0.4105153959862392,-1.2164170295898418,False,13.576450198781716,0.1,0.02,0.02,2.0,0.4,0.06,0.0,36,89
4.934299084023604,-0.2733989458148813,0.0161940374882356,18.374859807837204,20.77608822669921,-18.7602830401079,17.208870526681196,0.3873055728394811,0.6506786193943892,-1.548009470709906,-1.1206213834970318,False,13.576450198781716,0.1,0.02,0.02,2.0,0.4,0.06,0.0,36,90
4.951033315803247,-0.2808920191625142,0.0173383961050818,19.381976364791083,8.116152994797119,-22.72308105072568,13.213511907368588,0.1304210769671047,0.5752479404306512,1.6060114484543089,-1.2481118565122482,False,13.576450198781716,0.1,0.02,0.02,2.0,0.4,0.06,0.0,36,91
4.963793895209267,-0.2820049519415432,0.0158586352965763,18.329119462118047,-2.601561708524372,-20.78233242434173,14.085583671523548,0.1235371927610162,0.510343892637471,-1.5329754204702186,-1.055265799589509,False,13.576450198781716,0.1,0.02,0.02,2.0,0.4,0.06,0.0,36,92
4.934314029895818,-0.2794238055031611,0.0189712219253484,18.299239910150373,18.31674222125531,-25.729499890822044,22.475459955922613,0.2597287932202244,0.1386503016867838,-1.1839863025052564,-1.4616404314432718,False,13.576450198781716,0.1,0.02,0.02,2.0,0.4,0.06,0.0,36,93
4.964008157503998,-0.2742939117737861,0.0161083799698533,17.45490765178902,1.873109316656571,-19.37107318021228,17.478876909616485,-0.5827460452103485,0.5253769744514635,-1.1996218480761225,-1.105726758433898,False,13.576450198781716,0.1,0.02,0.02,2.0,0.4,0.06,0.0,36,94
4.952358424505016,-0.2745739605139743,0.0164586358301026,17.91144842879261,-2.143015517812209,-24.59574187317922,13.960681838609974,-0.070085596008013,0.6977364976844445,-1.0034419876710454,-1.150586375549294,False,13.576450198781716,0.1,0.02,0.02,2.0,0.4,0.06,0.0,36,95
4.97020794543878,-0.2750225894122605,0.0145216596330924,18.72473185169221,7.809624258674246,-30.175951754905316,20.99010802087709,-0.3593975949662013,0.6346746502794051,0.9266543981222574,-0.9005057417200822,False,13.576450198781716,0.1,0.02,0.02,2.0,0.4,0.06,0.0,36,96
4.9354682212184615,-0.2766352764655336,0.0207083104899954,19.210357617948567,2.1134753566966906,-18.355553217426767,20.18018382974937,-0.1356021798421219,0.1659062656212988,0.2594832089082493,-1.690610985929029,False,13.576450198781716,0.1,0.02,0.02,2.0,0.4,0.06,0.0,36,97
4.937821062919521,-0.2779924769076263,0.0164792634894095,19.87694303968764,-15.25813000855358,-24.38641726799346,17.960697276449206,-0.2732564069406759,0.5617867360943704,-2.077001179258834,-1.1458945182909428,False,13.576450198781716,0.1,0.02,0.02,2.0,0.4,0.06,0.0,36,98
4.95265477956345,-0.2774478795322382,0.015059472087814,17.873304063415116,-4.454378738412271,-26.06442529265965,22.23636171776767,-0.2255718997452355,-0.7449099914522612,1.0528039380862633,-0.9645782295890196,False,13.576450198781716,0.1,0.02,0.02,2.0,0.4,0.06,0.0,36,99
6.939788267581359,-0.3573958913134763,0.0198463879885265,18.555589436256906,-22.489937999781297,-30.35241842295518,19.86073468053602,0.247788330039292,2.4624220119570306,-0.5467442468695266,-1.2662002273241786,False,13.576450198781716,0.1,0.02,0.02,2.0,0.4,0.06,0.0,40,0
6.91430109825532,-0.3531413624177992,0.017420144102038,20.04590215369049,-6.949803095143404,-25.83068698724841,24.05464331100155,-0.3948754961545745,-0.0251529171603501,-0.0607947796189971,-0.9673811093628388,False,13.576450198781716,0.1,0.02,0.02,2.0,0.4,0.06,0.0,40,1
6.912750344111228,-0.3555799719043112,0.0188698114323765,19.30592988021067,7.370583015059474,-31.8345071847308,15.22537067463725,0.3858812385803051,-0.7463101812281663,0.1653495698057584,-1.1471789101271754,False,13.576450198781716,0.1,0.02,0.02,2.0,0.4,0.06,0.0,40,2
6.8978695453103525,-0.3459294622898605,0.0213413994745367,21.339906428927534,-6.263041870852242,-26.37323531866229,17.24948784689572,-0.1507921620783633,0.8478441930538984,0.0403725433599232,-1.4875962505264155,False,13.576450198781716,0.1,0.02,0.02,2.0,0.4,0.06,0.0,40,3
6.927643155203185,-0.3433652042921458,0.0179245657812139,21.777967891782826,15.30326212446952,-33.462500011567485,30.934735323028683,0.0774712671188312,0.7649543140134898,-0.255481378889534,-1.054609340382041,False,13.576450198781716,0.1,0.02,0.02,2.0,0.4,0.06,0.0,40,4
6.885689068500077,-0.3488088064173489,0.0189909681751113,20.32984658322821,7.033363916801853,-27.497360712811656,18.91895962739728,0.5452205350432558,-3.4060603621420222,-2.288939814460287,-1.180561446902606,False,13.576450198781716,0.1,0.02,0.02,2.0,0.4,0.06,0.0,40,5
6.901425071510307,-0.3476131406252132,0.0207526950951195,20.237269066675417,-12.6933699742408,-30.141422051627984,15.035261841660915,-0.051590948977357,0.9245934355008902,-0.8380203639394042,-1.4079879303841718,False,13.576450198781716,0.1,0.02,0.02,2.0,0.4,0.06,0.0,40,6
6.893757324847797,-0.3497802382262451,0.0210608239799386,20.32370039036686,-17.015687266967113,-25.78899519226165,14.560535966240463,0.1542696107653152,0.4080479682344899,-1.42805488532794,-1.4426874581982971,False,13.576450198781716,0.1,0.02,0.02,2.0,0.4,0.06,0.0,40,7
6.868924438989818,-0.3456780580953116,0.0215874267852341,20.66619414351256,8.361869147280439,-27.5914586857605,13.859174916202084,0.3193328314826339,1.025738649620321,-1.399373504441625,-1.52142782274183,False,13.576450198781716,0.1,0.02,0.02,2.0,0.4,0.06,0.0,40,8
6.898767191666799,-0.3568934540987612,0.0222151367825545,21.073718794077447,-13.92106061414754,-24.78470296033229,16.467961003941923,0.3214462911886923,1.0498326641078062,-0.521436073818013,-1.5730671868299495,False,13.576450198781716,0.1,0.02,0.02,2.0,0.4,0.06,0.0,40,9
6.943225041271269,-0.3674708882513252,0.0161447171700411,20.286607946908436,-15.135443799177825,-29.742226135591498,17.014286808186657,0.2018124390174084,1.6323759232776798,0.7860021079807469,-0.7680001634858162,False,13.576450198781716,0.1,0.02,0.02,2.0,0.4,0.06,0.0,40,10
6.918392443986285,-0.3548765291477981,0.0224701121965806,20.814598751089264,-4.429467321459044,-29.10084092490233,16.61938059620804,0.173938352912449,1.0353621332236915,-0.9881858312636628,-1.6093671445684348,False,13.576450198781716,0.1,0.02,0.02,2.0,0.4,0.06,0.0,40,11
6.930149123693283,-0.3551243064217866,0.0187512818761202,20.547416618288324,-14.421655453393766,-21.68487495089058,17.017218052106106,0.5576360742600208,-0.171373800404458,0.0048296713155558,-1.1320567973095028,False,13.576450198781716,0.1,0.02,0.02,2.0,0.4,0.06,0.0,40,12
6.944687703556717,-0.3578452941699668,0.016468835670562,23.3740678418668,-18.64253092194772,-25.04006403293793,16.267708575921795,0.1116644136793647,-2.2651912955705056,-0.0932001979889946,-0.8325009976106232,False,13.576450198781716,0.1,0.02,0.02,2.0,0.4,0.06,0.0,40,13
6.92358509168383,-0.354440158114673,0.0173758149300946,20.62657541424442,-3.648570906032536,-26.7433899772361,14.520757099542951,0.636563491773849,-0.5599418857555503,-0.9866595779334943,-0.9580328260758728,False,13.576450198781716,0.1,0.02,0.02,2.0,0.4,0.06,0.0,40,14
6.907786769348916,-0.3533950977848749,0.0207579366968056,19.15483943482684,-4.39111395554747,-23.93302775723821,20.63226172644762,0.0098215710004318,-0.9231820420897564,-0.7967142328936028,-1.3944004563464838,False,13.576450198781716,0.1,0.02,0.02,2.0,0.4,0.06,0.0,40,15
6.887724280622986,-0.3553830090167881,0.0173064216169115,19.875456173215245,6.920164293270726,-26.26892816452178,12.993056016298404,-0.0881895521524679,-0.4528335354743094,-2.7215047507925663,-0.9490392884870128,False,13.576450198781716,0.1,0.02,0.02,2.0,0.4,0.06,0.0,40,16
6.921777704135775,-0.3480501051924114,0.0170208864140694,19.55575985157405,-7.012879196968285,-30.11969516354009,17.587155606153658,0.0987984123041126,0.3268225355452029,-0.8684531623200111,-0.9280465462909606,False,13.576450198781716,0.1,0.02,0.02,2.0,0.4,0.06,0.0,40,17
6.921810318778383,-0.3677294405979136,0.020763996446105,19.312291741239164,-3.210185679785119,-30.25068180248129,20.39266595688059,0.3316633046608422,1.5336987515304863,1.154190871411209,-1.3599322685397517,False,13.576450198781716,0.1,0.02,0.02,2.0,0.4,0.06,0.0,40,18
6.894318598227346,-0.351829336923865,0.0202831467776816,19.854229468394195,32.60002288589361,-29.302824832923772,27.75254146110176,-0.019486382307441,-1.0101801974365048,-0.0738551729594109,-1.3381932630323323,False,13.576450198781716,0.1,0.02,0.02,2.0,0.4,0.06,0.0,40,19
6.949112080883506,-0.3541955234133076,0.0184813378668017,19.270659698980463,-26.94421194337625,-32.61201277717042,25.47286554650025,0.356611589179899,-2.05709606253746,-0.6199241693970927,-1.09859526590567,False,13.576450198781716,0.1,0.02,0.02,2.0,0.4,0.06,0.0,40,20
6.921572852346432,-0.3561206482452615,0.0205224876753674,20.2815248854848,-4.538831367497154,-28.26333620866804,18.18347056478513,0.2561803720861871,1.2075466914216948,-2.58007749529234,-1.356894495517616,False,13.576450198781716,0.1,0.02,0.02,2.0,0.4,0.06,0.0,40,21
6.917450503861212,-0.3488390479784113,0.0181071243598356,19.187155305730805,26.41569347218816,-26.199973025343255,18.900879046712912,0.4922928321125329,1.350495187717354,-0.8991896590815487,-1.065451172679104,False,13.576450198781716,0.1,0.02,0.02,2.0,0.4,0.06,0.0,40,22
6.909913132351232,-0.3488695541853879,0.021361519872521,20.17609853231776,13.556698357938677,-25.98704579433085,12.921664922868686,0.1721975804849016,-3.065044264564844,-0.7003350756915844,-1.48239282569669,False,13.576450198781716,0.1,0.02,0.02,2.0,0.4,0.06,0.0,40,23
6.904208581864751,-0.3574992219407034,0.0186957636739174,19.268497963883014,12.684049519151683,-29.92979997120553,7.84929054957993,0.2944031721432512,1.4407961107859597,0.964430627776484,-1.1208071026918565,False,13.576450198781716,0.1,0.02,0.02,2.0,0.4,0.06,0.0,40,24
6.896109569661056,-0.3507474315535568,0.0221618466212584,20.48920897081378,-7.867962740131496,-29.237540228986404,19.584334751283468,0.7311344963519371,-2.151644611654733,-0.1077983951416816,-1.5811559576128869,False,13.576450198781716,0.1,0.02,0.02,2.0,0.4,0.06,0.0,40,25
6.915297199904841,-0.3580577826490068,0.0204529651011523,20.949903359337856,14.24089955853842,-24.18368834764405,19.37199646179956,-0.0849460086917045,0.9108286181732804,-1.8099308689117333,-1.343723022595598,False,13.576450198781716,0.1,0.02,0.02,2.0,0.4,0.06,0.0,40,26
6.939685083957713,-0.3515029469225131,0.0188409538231192,21.06351526995777,-3.3155725531696048,-17.871516148914882,16.213891762935802,0.3397117493836365,1.6600978091317085,-0.3775683171125145,-1.1516539117077702,False,13.576450198781716,0.1,0.02,0.02,2.0,0.4,0.06,0.0,40,27
6.900944604477528,-0.3589588509427255,0.0186603534603393,20.518680579041785,4.719154404319534,-25.20822267248037,16.34426594261164,0.2595764128110092,2.367286700917544,-0.6812865316689741,-1.112967324392241,False,13.576450198781716,0.1,0.02,0.02,2.0,0.4,0.06,0.0,40,28
6.922927598099652,-0.3489604352644708,0.019096296575384,19.25271834932977,-6.368267453828783,-25.080905574245108,19.67088407395844,0.2631015550976135,-0.5316374581394918,-0.8383563559366972,-1.191445261128454,False,13.576450198781716,0.1,0.02,0.02,2.0,0.4,0.06,0.0,40,29
6.87373064677474,-0.3498072054889822,0.0191946216048046,18.436995995665484,18.347393773331607,-19.79679735201645,25.373678626727436,-0.1637414243174978,1.256127260313113,-1.612840485421235,-1.2049504334349512,False,13.576450198781716,0.1,0.02,0.02,2.0,0.4,0.06,0.0,40,30
6.912192105847052,-0.3462340804566966,0.0179375495514758,21.18630923720784,15.21901501912886,-33.36588553761507,20.36156429986523,0.2555067838389939,-0.1594529572323277,-0.1673996497424273,-1.050313023142018,False,13.576450198781716,0.1,0.02,0.02,2.0,0.4,0.06,0.0,40,31
6.904600619461728,-0.3543397781172024,0.020026137083462,19.980234037039835,-25.747220827742687,-36.14495085267996,18.65842776266157,0.3424431121780076,0.6023860997555661,-0.2867614228271014,-1.2986540420341597,False,13.576450198781716,0.1,0.02,0.02,2.0,0.4,0.06,0.0,40,32
6.894889787193692,-0.3564357736928286,0.0194338338735092,20.52114973268172,32.777918949020055,-20.056460646308636,23.106943176389425,0.6498442217176036,1.2503226204852806,-0.6582454480916946,-1.2183914917147771,False,13.576450198781716,0.1,0.02,0.02,2.0,0.4,0.06,0.0,40,33
6.931016694452313,-0.3558051473542794,0.0187020868237559,21.1212523980391,11.013958625307138,-27.88392864647127,23.65063738137236,0.5694085027571019,-3.1241300396254275,-3.2620488353954453,-1.1240737581233586,False,13.576450198781716,0.1,0.02,0.02,2.0,0.4,0.06,0.0,40,34
6.906866419508738,-0.3467438310017532,0.019282121245672,18.71799770847108,5.468202250941124,-29.76198439998869,24.943947638088037,0.1060403740348029,4.399895038479363,0.031773445225359,-1.2215143398712964,False,13.576450198781716,0.1,0.02,0.02,2.0,0.4,0.06,0.0,40,35
6.936834053917615,-0.3525616016638072,0.0178348425651961,20.58242926415526,-6.776238177132947,-26.53276383330276,19.71928542517509,0.1674461981537369,2.5508728497713853,-0.0981681474838574,-1.02050196111691,False,13.576450198781716,0.1,0.02,0.02,2.0,0.4,0.06,0.0,40,36
6.905484282275258,-0.3438223171645297,0.0200361880252863,18.251037355916896,3.3636037871401427,-26.265683983970607,16.236232250697462,0.5618890894791057,-2.020547534363052,2.194358103889038,-1.3251294491052643,False,13.576450198781716,0.1,0.02,0.02,2.0,0.4,0.06,0.0,40,37
6.885660081576932,-0.3533103132668461,0.0207425958422179,22.3405676002182,8.42958240321921,-24.13775207590613,15.953877139440632,0.2588970025590787,1.0484273900130598,0.1535582278563285,-1.393967911068848,False,13.576450198781716,0.1,0.02,0.02,2.0,0.4,0.06,0.0,40,38
6.897722756990658,-0.3497989488920816,0.0183403129156727,18.923777901977623,6.289362371405695,-31.600622324556745,18.45872532121741,0.4174709041597375,0.1329301402145961,3.449393802367553,-1.0941792104456771,False,13.576450198781716,0.1,0.02,0.02,2.0,0.4,0.06,0.0,40,39
6.918698975518983,-0.3528271530095373,0.0170903356558153,21.521960371691357,-2.481095724367493,-31.32616657948445,15.982446647889317,0.1464760707355679,0.2507749790962729,-2.4822564515111454,-0.9256558581903388,False,13.576450198781716,0.1,0.02,0.02,2.0,0.4,0.06,0.0,40,40
6.874425637222683,-0.3494519223810307,0.0217152877450127,20.110627922028275,0.9124059829895674,-28.437501790489662,9.801080725149552,-0.1077229644071584,-0.2152016836772101,1.088717050748918,-1.5284066794138014,False,13.576450198781716,0.1,0.02,0.02,2.0,0.4,0.06,0.0,40,41
6.893265332939923,-0.3527371350460149,0.0203367243408975,19.57192122427966,-1.6145121281589605,-28.936903342378205,15.515362453736191,0.2127256274974386,1.543749596055688,0.0864123719302737,-1.342935671548053,False,13.576450198781716,0.1,0.02,0.02,2.0,0.4,0.06,0.0,40,42
6.916424912914585,-0.3525604604395648,0.0204730844803459,21.255052687038287,-24.14237096633982,-21.84236743276275,19.9123568893568,-0.2440740075033332,-0.6243363327281419,0.0715684996274269,-1.3594242136544472,False,13.576450198781716,0.1,0.02,0.02,2.0,0.4,0.06,0.0,40,43
6.908654300805392,-0.3494630564318674,0.0184783082458819,21.10301038905199,-13.17989257862595,-35.06924051333492,17.515931467911592,0.419323700157547,1.7476497943910605,-0.4770046619555653,-1.1119928619880854,False,13.576450198781716,0.1,0.02,0.02,2.0,0.4,0.06,0.0,40,44
6.916867820204167,-0.3587160704280752,0.0164239648477175,21.14384576262396,3.459477976699363,-27.910308510252776,19.5044669311186,0.4508774987734835,1.0992470865942727,-0.9872109759805788,-0.8263368622682179,False,13.576450198781716,0.1,0.02,0.02,2.0,0.4,0.06,0.0,40,45
6.9219668693828105,-0.3566193018531371,0.0176263272995912,20.120384445226158,8.202786216695053,-21.533996308608,14.46168536572478,0.7672880430101678,2.0887714507491904,-1.6998047018254498,-0.9849655577371834,False,13.576450198781716,0.1,0.02,0.02,2.0,0.4,0.06,0.0,40,46
6.89865101670014,-0.3379683230102322,0.0217342598843893,21.100467797586585,2.2849227730304875,-26.671067165387413,17.677683482436617,0.1643243928617304,0.2670216868438718,-0.4100814817665605,-1.5569422289752706,False,13.576450198781716,0.1,0.02,0.02,2.0,0.4,0.06,0.0,40,47
6.912094603912565,-0.3625402643172481,0.0231589842998533,19.992174734370845,7.448757734796064,-23.100725853852424,19.944857023118857,0.2682412517097859,-0.6049199608722367,1.827730298876588,-1.679527679785077,False,13.576450198781716,0.1,0.02,0.02,2.0,0.4,0.06,0.0,40,48
6.922907312438158,-0.3563894624507115,0.0167984831405693,21.90191248160876,-16.021795443673042,-29.21957839164802,19.947556400285094,0.2081914571312328,1.5533012810557802,-0.2015163349560965,-0.8794966933648751,False,13.576450198781716,0.1,0.02,0.02,2.0,0.4,0.06,0.0,40,49
6.896987135164044,-0.3588001106539398,0.0206102086911658,19.743113221990743,19.93754203666613,-29.89642651280197,21.36257825428949,0.3430638193646713,2.393120122366312,-1.080227598117267,-1.3631672187899264,False,13.576450198781716,0.1,0.02,0.02,2.0,0.4,0.06,0.0,40,50
6.91594427834426,-0.3535698302157169,0.0174879395946249,19.18938829657937,0.4958588469305016,-29.496853766976663,16.6692140894745,0.2722076449554665,0.4817894458227956,2.010773377868204,-0.97493201889362,False,13.576450198781716,0.1,0.02,0.02,2.0,0.4,0.06,0.0,40,51
6.8713636468011545,-0.346630979634105,0.0173608343877003,21.59280946689404,17.091109169872006,-29.183504325929327,15.222853466644322,0.1912685908254009,-0.3620256094546525,-0.683443268834519,-0.977990631695726,False,13.576450198781716,0.1,0.02,0.02,2.0,0.4,0.06,0.0,40,52
6.935621558251487,-0.3685930382441664,0.0155926408161808,22.27948678006084,-16.110256117891442,-24.74978826306218,21.799179393948684,0.2807366379248826,-0.1725277803092018,-1.4594058100835594,-0.6950974391900555,False,13.576450198781716,0.1,0.02,0.02,2.0,0.4,0.06,0.0,40,53
6.905936309019104,-0.3533965604481059,0.0210673966888884,21.001583234415413,-31.61406250296629,-30.48346509991824,25.93085281169981,0.1371477287095762,-0.8229079719293362,0.5252726427604315,-1.4341188525611268,False,13.576450198781716,0.1,0.02,0.02,2.0,0.4,0.06,0.0,40,54
6.937145382991749,-0.3499713817901067,0.0183734022482294,21.18293109267593,-49.17639423429086,-23.622580810856945,12.675668676680589,0.5739789847757698,-1.589660597917457,-0.0097732865301867,-1.095635448497614,False,13.576450198781716,0.1,0.02,0.02,2.0,0.4,0.06,0.0,40,55
6.957152446266666,-0.3629364873126531,0.0195243754021033,20.25660903752568,-40.05495087454975,-27.8318961017338,17.73189708394164,0.1089007783387992,0.9418831985170628,1.589208428648466,-1.2106433351428558,False,13.576450198781716,0.1,0.02,0.02,2.0,0.4,0.06,0.0,40,56
6.9228459886733225,-0.3600844811971537,0.0200735535917394,20.21955938573855,-10.465339729985027,-21.43803828846674,15.07461728746158,-0.0226914570942647,2.8058282426554486,-1.0231968163551488,-1.2898413455490831,False,13.576450198781716,0.1,0.02,0.02,2.0,0.4,0.06,0.0,40,57
6.8981960079640885,-0.3598655272441816,0.0228526443639592,19.28859215153998,16.01193698256389,-27.56428903529784,3.624222214273715,0.3492901301902408,0.0035727739410482,1.0979342325645824,-1.6475694527229043,False,13.576450198781716,0.1,0.02,0.02,2.0,0.4,0.06,0.0,40,58
6.92185904035146,-0.3532039059642842,0.0180499801292572,20.527009116973343,-21.231767974171078,-28.19788462230246,19.187638110157632,-0.198981613735185,1.2812083294550285,1.0995328419621395,-1.047396539809559,False,13.576450198781716,0.1,0.02,0.02,2.0,0.4,0.06,0.0,40,59
6.895205878229683,-0.3563422564422656,0.0227257996196521,19.85488683067591,9.62650376688074,-12.452006836256444,21.44474098096085,0.3290936413807674,-0.5511657371597054,-0.2494784509147011,-1.639968583160252,False,13.576450198781716,0.1,0.02,0.02,2.0,0.4,0.06,0.0,40,60
6.920047644849034,-0.3545470723353207,0.0183636569613146,20.62080721315748,-19.602512924322085,-26.167773865753656,16.312261673614227,0.0854281211268146,0.1405147294624069,-0.9551269677411124,-1.084432258752569,False,13.576450198781716,0.1,0.02,0.02,2.0,0.4,0.06,0.0,40,61
6.897404538131011,-0.3593808618993869,0.0212341541883572,21.088344248765758,1.3617999628542885,-27.60272240295096,19.525327957809903,-0.1793396873312329,-4.492678079957405,-1.4656595496679783,-1.4416133952633443,False,13.576450198781716,0.1,0.02,0.02,2.0,0.4,0.06,0.0,40,62
6.892491777798621,-0.3510674448240885,0.0219944444159743,21.869185109300386,-13.257021618196536,-30.439701026317803,18.799566468748804,0.5600690746864362,-1.0191559279790363,-0.6624980298490946,-1.5591775109989885,False,13.576450198781716,0.1,0.02,0.02,2.0,0.4,0.06,0.0,40,63
6.917306968314967,-0.3509539404577086,0.0192905373720446,18.127129609540344,-16.456869988186646,-34.98432219088276,14.672242148199114,0.2468291207272095,-0.1405309201008773,1.3361746405275416,-1.2118609084243122,False,13.576450198781716,0.1,0.02,0.02,2.0,0.4,0.06,0.0,40,64
6.926126605644569,-0.367758280125108,0.0229373292539642,18.824242825291638,-0.4104824669353255,-21.15873489094436,21.61880125096574,0.3537013922656149,2.149068565690774,-3.3138691221810666,-1.6377906758684926,False,13.576450198781716,0.1,0.02,0.02,2.0,0.4,0.06,0.0,40,65
6.886801695844103,-0.3585035698224894,0.0234595523927556,20.66823353362093,-2.4620363266044523,-28.726934411804773,25.55600181163769,0.3398571420672276,0.6000973961594542,-1.5864243956737163,-1.729206036948109,False,13.576450198781716,0.1,0.02,0.02,2.0,0.4,0.06,0.0,40,66
6.868302718947692,-0.3469622043742354,0.0217091675151659,20.252267487664746,39.82027758257956,-30.01023112884437,20.409379955281107,0.1240261888772356,2.1581191728831937,-0.8146084757231764,-1.5339659883062176,False,13.576450198781716,0.1,0.02,0.02,2.0,0.4,0.06,0.0,40,67
6.91373197512343,-0.354457487803316,0.0189818685497725,20.07413597535424,28.570379736774026,-34.80328834276421,19.61813704043454,0.5098490102564471,0.9558320201059752,-0.1660143966165746,-1.1641572851355184,False,13.576450198781716,0.1,0.02,0.02,2.0,0.4,0.06,0.0,40,68
6.924599476392039,-0.3477179582818229,0.0185098717864292,21.13087247327516,-27.835170404106016,-37.95397471575339,23.69410639127259,0.3487497372132591,2.230554918596514,-0.5086802902035346,-1.119264520203046,False,13.576450198781716,0.1,0.02,0.02,2.0,0.4,0.06,0.0,40,69
6.941844745405735,-0.3503592429931952,0.02026672320598,20.458589564364026,-8.239226466952479,-22.645283722118062,19.789676571867755,0.2574251143944311,-1.804307496795429,1.5426927700724815,-1.3367677024574325,False,13.576450198781716,0.1,0.02,0.02,2.0,0.4,0.06,0.0,40,70
6.905753152864605,-0.3521458818620702,0.0195237395868799,21.13619091437376,-4.269605996304348,-30.06230177307689,22.51593407341295,-0.0263175036486468,-0.3704314687227381,-4.192391090073905,-1.239543361479792,False,13.576450198781716,0.1,0.02,0.02,2.0,0.4,0.06,0.0,40,71
6.920837832701149,-0.3504426958154556,0.0192960045028531,19.121817436078704,-3.4687567685946767,-22.30993396693172,20.560208515624826,-0.3744631428473012,0.506750465441286,-0.4377920715729924,-1.21357583644604,False,13.576450198781716,0.1,0.02,0.02,2.0,0.4,0.06,0.0,40,72
6.900104612974295,-0.3545979820541468,0.0198543755900501,21.56450614802901,18.606847305260075,-20.401472120790512,20.338760192235448,0.0498769411687688,1.541367142668528,1.2734709281727463,-1.2763186418180057,False,13.576450198781716,0.1,0.02,0.02,2.0,0.4,0.06,0.0,40,73
6.918241642789123,-0.3542200833891589,0.0182634237939269,19.17058763515215,-7.509771180234485,-36.72011517151644,20.563389110423493,-0.2412909738628115,0.4921282645524398,2.19799980760288,-1.0724955469213249,False,13.576450198781716,0.1,0.02,0.02,2.0,0.4,0.06,0.0,40,74
6.884814160898884,-0.3429016381063992,0.0236401294086876,21.79102563336535,-13.81846145281946,-27.57353555016925,19.986467823865716,0.3914426655996946,1.3814719178084889,-1.5102404069191455,-1.7898837832027268,False,13.576450198781716,0.1,0.02,0.02,2.0,0.4,0.06,0.0,40,75
6.88137937407306,-0.3531637461785384,0.0234221384300261,19.38917822584325,-9.309961721744754,-32.27812413290205,12.462805526722086,0.5049547649322687,0.1188262746502848,0.0276212533487076,-1.7375579657704732,False,13.576450198781716,0.1,0.02,0.02,2.0,0.4,0.06,0.0,40,76
6.924629827921268,-0.3560206140794519,0.0175558287495915,19.605234540821986,3.236820395543722,-28.84861514270337,19.733243371550355,-0.3943144166537597,-2.881310204355332,-1.7722169518450268,-0.9772188164817516,False,13.576450198781716,0.1,0.02,0.02,2.0,0.4,0.06,0.0,40,77
6.928680260908337,-0.3620878965888665,0.020871241374932,18.90536388269608,-2.0637242399990705,-29.02961507718721,13.978306434288466,0.1838662722386202,1.437927092198476,-0.317131378749987,-1.3867871285235185,False,13.576450198781716,0.1,0.02,0.02,2.0,0.4,0.06,0.0,40,78
6.9422658097679815,-0.3598415367883177,0.0158075490510609,19.527415499205407,-4.204321932712146,-23.73216777726463,18.82079033461449,-0.2964161573505559,-0.0208010800118358,0.4510970538996475,-0.7432106416577631,False,13.576450198781716,0.1,0.02,0.02,2.0,0.4,0.06,0.0,40,79
6.956529106492518,-0.3499329096093145,0.0152470809163662,22.568680662504363,-27.535029448601147,-16.96074560432765,18.727603225880426,0.0290949991034373,-0.5852983906492832,-0.8251161610470141,-0.6943956278429686,False,13.576450198781716,0.1,0.02,0.02,2.0,0.4,0.06,0.0,40,80
6.908031462108049,-0.3605053323341597,0.0183860749516143,21.45403732575092,21.322016473098145,-30.478633093913743,16.23231033068094,-0.1428792394242491,1.2067129161960934,0.728118003303809,-1.07372290847817,False,13.576450198781716,0.1,0.02,0.02,2.0,0.4,0.06,0.0,40,81
6.894542239342478,-0.3521855214840196,0.0207064466705829,22.15580551721356,23.28292915940605,-22.11017593666572,9.807544503558084,0.1459960656848707,0.3850219764270545,1.490458461784797,-1.3915073879124262,False,13.576450198781716,0.1,0.02,0.02,2.0,0.4,0.06,0.0,40,82
6.911885297742763,-0.3603249722362207,0.0183449168191046,20.91356595663957,-1.9067556453488408,-31.178235390211903,11.551033628385026,0.1388303428779706,-0.2191529124187532,-0.4237808981014476,-1.0686563016139048,False,13.576450198781716,0.1,0.02,0.02,2.0,0.4,0.06,0.0,40,83
6.8949146863604485,-0.352392046298456,0.0220668914457763,18.649426640435717,3.2719614804921457,-28.32717215072944,24.769735090520552,0.108096361314277,-0.4455113962502155,-0.5098225077516476,-1.5651263127614534,False,13.576450198781716,0.1,0.02,0.02,2.0,0.4,0.06,0.0,40,84
6.928079233581944,-0.3492998875091282,0.0144265291332673,21.041789090343897,-33.56696796095912,-27.831133404045737,21.310428558596563,0.0362011576413619,0.6725780136309291,0.8721457275026707,-0.5925912450213964,False,13.576450198781716,0.1,0.02,0.02,2.0,0.4,0.06,0.0,40,85
6.911945165009619,-0.3603092974355164,0.0208040554833551,20.01998952618852,-11.715775758552748,-22.27847437005655,16.173439190319208,-0.273937141969993,-0.2735393925123841,-0.4304243278165428,-1.3834600781236486,False,13.576450198781716,0.1,0.02,0.02,2.0,0.4,0.06,0.0,40,86
6.888742396543982,-0.3521162285993133,0.0173851971087015,19.5664089168646,-16.82726037498586,-29.059053712881088,25.35138376528538,0.2038052895077261,0.654975227508596,-1.7053746077773888,-0.9669017374828132,False,13.576450198781716,0.1,0.02,0.02,2.0,0.4,0.06,0.0,40,87
6.925177172679042,-0.3554656824184989,0.017719436310057,21.309929488799053,-6.989749246415986,-22.41509649477556,8.000168671425453,0.1934887653806237,3.382756605763741,2.6762447661116244,-0.9994595795221596,False,13.576450198781716,0.1,0.02,0.02,2.0,0.4,0.06,0.0,40,88
6.922934479296988,-0.3589392562421657,0.0187143566329894,20.775077168788396,-21.00051200787646,-30.997773955560863,12.00543744932938,0.2398498633732092,0.2130856187775009,-0.8449367798418348,-1.1186073652836366,False,13.576450198781716,0.1,0.02,0.02,2.0,0.4,0.06,0.0,40,89
6.905459592679992,-0.3539140026845869,0.018135374940902,21.042528240858044,-5.105789311793523,-27.58165813388811,21.962619192764755,0.3930273815030745,-0.8984149194163471,-0.2851186754475616,-1.0576068104316605,False,13.576450198781716,0.1,0.02,0.02,2.0,0.4,0.06,0.0,40,90
6.9206383663154405,-0.3580006270050155,0.0177673762136419,20.51500012051963,10.12648025776865,-23.695204901216314,12.772696662867146,-0.1250733442508471,-0.1888370472737777,-0.1466846901786813,-0.9997843485552048,False,13.576450198781716,0.1,0.02,0.02,2.0,0.4,0.06,0.0,40,91
6.875394360783775,-0.348590207612479,0.0219592359356895,18.72240808016244,15.48126572472828,-28.44165448190941,26.010549286097568,0.3232008742917387,-1.348119304476867,-3.2787515335100856,-1.5616420398512865,False,13.576450198781716,0.1,0.02,0.02,2.0,0.4,0.06,0.0,40,92
6.8851767175858285,-0.3539076229528506,0.024428742962597,19.217503095685093,26.254801157765183,-24.223048263740687,21.954500461277696,0.2652261937996968,-0.4401505960851635,-0.7545158623838113,-1.864390201070436,False,13.576450198781716,0.1,0.02,0.02,2.0,0.4,0.06,0.0,40,93
6.90632736124929,-0.3553132189365018,0.0178476360175638,20.37098390125021,11.754806217739736,-23.646419805924683,11.913323583214964,0.2131919926063701,1.2269469775471586,1.3673373763698626,-1.0173660431256148,False,13.576450198781716,0.1,0.02,0.02,2.0,0.4,0.06,0.0,40,94
6.920560000279084,-0.361979360093155,0.0185867431125043,19.17624357927824,30.776458370332005,-27.01850954525682,19.19926938554275,-0.1250466388779411,0.7917072441579116,-0.2362288692062747,-1.0951190541602425,False,13.576450198781716,0.1,0.02,0.02,2.0,0.4,0.06,0.0,40,95
6.908471446834812,-0.3651461014746462,0.0218424279053136,19.03688033821527,-30.698032720781875,-28.76534181002577,15.625399625416415,0.2953509723530787,0.5713094593169734,0.32380220607483,-1.504971841530909,False,13.576450198781716,0.1,0.02,0.02,2.0,0.4,0.06,0.0,40,96
6.894468300627099,-0.3516957778156167,0.0186916416564147,20.362649530699336,3.368822298778867,-18.475287818097005,21.396115771262263,0.233038294547443,-0.2867984597310611,-0.6425086519836904,-1.1347921672259838,False,13.576450198781716,0.1,0.02,0.02,2.0,0.4,0.06,0.0,40,97
6.9236477733448725,-0.354976377891399,0.019376019294316,19.117298668249987,-14.236381747817308,-28.413051586621396,21.15993426177328,0.1991634491401694,0.1600440721688059,1.3202065900758575,-1.2127682963323994,False,13.576450198781716,0.1,0.02,0.02,2.0,0.4,0.06,0.0,40,98
6.928571680585609,-0.3651401640941305,0.0193113671451642,19.65014154257719,-13.32702096694232,-27.946905830032648,22.65852962095578,-0.1534056312693731,-2.012874372033985,1.737176996856239,-1.179804299919971,False,13.576450198781716,0.1,0.02,0.02,2.0,0.4,0.06,0.0,40,99
9.144669969941091,-0.4303816240150016,0.0231217847253358,20.276922023539612,16.425932102319685,-39.91314710815697,22.473168917121612,0.3017537950347685,0.7109348439101666,-3.67646282045384,-1.3779923490105217,False,13.576450198781716,0.1,0.02,0.02,2.0,0.4,0.06,0.0,44,0
9.15165262022926,-0.428342602399767,0.0196551829787549,21.65612246398212,6.4161725676902295,-30.670998044157898,24.846372137531823,0.1974112822609565,-2.086474278038179,-1.6331311523967724,-0.9387420183074328,False,13.576450198781716,0.1,0.02,0.02,2.0,0.4,0.06,0.0,44,1
9.147247068562995,-0.4389471731961509,0.0230478908073171,21.22886415636769,26.121655643208477,-36.51503235842985,15.091878434862178,0.3600697660837536,-1.3088890682787977,0.943534726980438,-1.3478219835520584,False,13.576450198781716,0.1,0.02,0.02,2.0,0.4,0.06,0.0,44,2
9.197655339188367,-0.4350067317185309,0.0239020947435817,22.640006959739956,-22.318868562811492,-34.52928611896671,19.209115282422108,0.8147790914434281,-1.7573711224019577,-1.0414777965563229,-1.463592650702688,False,13.576450198781716,0.1,0.02,0.02,2.0,0.4,0.06,0.0,44,3
9.14192010591614,-0.430360108100874,0.0237979091278637,19.841801434588348,16.280453721193346,-39.83650169772575,15.890478916001388,0.5112988899405004,3.1348104337910274,1.6040649712856812,-1.4647529025694923,False,13.576450198781716,0.1,0.02,0.02,2.0,0.4,0.06,0.0,44,4
9.18702798482682,-0.435545557622945,0.017929181571972,20.95576597135577,-0.1201297127421057,-31.48305056760798,25.5679333046625,0.2849505495196978,-1.9767638263690697,-1.9306144702932813,-0.6984042238277461,False,13.576450198781716,0.1,0.02,0.02,2.0,0.4,0.06,0.0,44,5
9.170416607983013,-0.4467361929227169,0.0252529117324892,21.38519885668127,-10.849433688141197,-24.069514315894605,19.913193354199365,0.5380132665583549,-3.498146891187933,-0.4114372429297568,-1.6099808422651254,False,13.576450198781716,0.1,0.02,0.02,2.0,0.4,0.06,0.0,44,6
9.182139328671822,-0.4263578678495444,0.0205069815047021,20.353952113376295,-25.83756865157914,-37.50643103231494,26.258422439454343,0.1745979097305721,1.0670897330041504,-0.1556690943787015,-1.0507063900426554,False,13.576450198781716,0.1,0.02,0.02,2.0,0.4,0.06,0.0,44,7
9.174853720572877,-0.448608798457873,0.0212039673743517,20.2250207037309,-9.033490807029002,-20.39294782609947,21.60889124769204,0.991625100710776,-0.1115971054623774,-1.3618622011615853,-1.0869554843837568,False,13.576450198781716,0.1,0.02,0.02,2.0,0.4,0.06,0.0,44,8
9.203563892272868,-0.4410571664320837,0.0186386473310108,22.69043550423541,-9.739160341655024,-29.92312593876454,15.57071155236307,0.7798540880585709,0.1462806928277586,-2.182400671174816,-0.7749958253960187,False,13.576450198781716,0.1,0.02,0.02,2.0,0.4,0.06,0.0,44,9
9.161986112574128,-0.4301271433866824,0.0262128484169566,22.17051548268742,2.617451577425067,-31.911198152497075,20.045373004746303,0.3866719211212672,-2.5377340415876724,-0.6869589929031564,-1.7732202864879705,False,13.576450198781716,0.1,0.02,0.02,2.0,0.4,0.06,0.0,44,10
9.170861949049304,-0.4473212232415145,0.0213772960418743,19.481208015264038,14.61781172953492,-28.204310383598926,17.318671071964285,0.7853203558962494,0.6092129392589075,2.3511397149018345,-1.1124712406373236,False,13.576450198781716,0.1,0.02,0.02,2.0,0.4,0.06,0.0,44,11
9.14401378132352,-0.4338026616760652,0.0258134154761544,21.836173412425964,12.416129198846344,-35.09698275256957,21.665442306319378,0.2316433518274067,-2.558085185481857,3.3139011694811757,-1.7143499660458053,False,13.576450198781716,0.1,0.02,0.02,2.0,0.4,0.06,0.0,44,12
9.175810685823416,-0.4330135198513083,0.0238800018399675,21.280648138834493,6.524388047649986,-27.496183679954232,18.45073912451131,0.6826015613600347,-0.7694532640367173,-2.2436982901770355,-1.466859146723308,False,13.576450198781716,0.1,0.02,0.02,2.0,0.4,0.06,0.0,44,13
9.179508181846897,-0.4407847544214637,0.0282518756226026,22.82785509372964,-17.0020652993603,-34.54527468065113,18.805583086334583,1.0022442576461692,0.4688011533502394,1.9388978487019009,-2.007586178170816,False,13.576450198781716,0.1,0.02,0.02,2.0,0.4,0.06,0.0,44,14
9.1579905683376,-0.4271810766993502,0.0232748509029807,23.83072065379813,36.51546987311137,-31.468253904912125,16.832397915557216,0.5248791377416969,-0.4248701333158369,-0.7702422401062106,-1.4044668974028434,False,13.576450198781716,0.1,0.02,0.02,2.0,0.4,0.06,0.0,44,15
9.139023616240344,-0.435802568705435,0.0248273409951438,19.582546732311783,21.707507208845584,-16.22673561992903,25.0629542653416,0.3007280983859086,1.7566759785787331,-0.3781891282915908,-1.5836320655109426,False,13.576450198781716,0.1,0.02,0.02,2.0,0.4,0.06,0.0,44,16
9.140827942397856,-0.4381924488445177,0.0298680172863385,22.780583048891582,8.023421385390783,-28.8890710659444,33.15549823963984,0.6272495490006061,0.6812853305258946,-0.064493713131726,-2.222994658880617,False,13.576450198781716,0.1,0.02,0.02,2.0,0.4,0.06,0.0,44,17
9.137291881760769,-0.4330174906551098,0.0227031656723668,19.657060051679,19.268426245675787,-37.65870873582861,23.867830412137494,0.5247459840924923,0.1809914994058299,-0.404472613901062,-1.318525715585046,False,13.576450198781716,0.1,0.02,0.02,2.0,0.4,0.06,0.0,44,18
9.176088357661316,-0.42739634563905,0.0224206551968203,21.492600609656343,34.143457821146235,-42.31276061660502,29.77177151322625,0.3701147449931613,3.0197872383801982,0.0324477308342234,-1.2935273341996094,False,13.576450198781716,0.1,0.02,0.02,2.0,0.4,0.06,0.0,44,19
9.1634838544383,-0.4320932100168583,0.0223043710972195,21.89017686811123,-2.61844101572,-47.00253144110988,20.87617420641179,0.0129927609055079,1.1409126162916907,-0.6515093265504038,-1.2681267651373451,False,13.576450198781716,0.1,0.02,0.02,2.0,0.4,0.06,0.0,44,20
9.175809515514688,-0.4255091022373871,0.0203327971203704,21.540774861528867,3.0391843146799564,-22.996092741377375,25.911919194255997,-0.290786714419233,1.0332724685008332,3.714276304170743,-1.0308276151068023,False,13.576450198781716,0.1,0.02,0.02,2.0,0.4,0.06,0.0,44,21
9.214908097916949,-0.4344950449409676,0.019097085642302,18.63061409496256,-23.61802661393156,-28.070847952112256,20.497205758201957,0.7589819305780208,-1.2539320695378795,1.7224948307056251,-0.8487443684813243,False,13.576450198781716,0.1,0.02,0.02,2.0,0.4,0.06,0.0,44,22
9.160833148392342,-0.4359775031524283,0.0225314204031417,17.954406497974713,26.2789476186169,-24.59426638249996,24.490623346876728,-0.2815439482322305,-1.6855842892679005,-1.5922466570659162,-1.288025815132776,False,13.576450198781716,0.1,0.02,0.02,2.0,0.4,0.06,0.0,44,23
9.191385832193854,-0.4461822899241214,0.0189305612211189,21.68430035977536,-8.857796136323067,-30.641693116091652,30.51804112626958,0.7803153742894271,0.625348333487902,0.5503817647528986,-0.8007911905537046,False,13.576450198781716,0.1,0.02,0.02,2.0,0.4,0.06,0.0,44,24
9.185695459659897,-0.4415063077408543,0.0200841537146145,19.944890571313937,-1.8234117773664316,-28.82879508891421,15.894304809742753,0.3727863493300662,0.4846802397115287,1.5583920284926294,-0.9600148093130207,False,13.576450198781716,0.1,0.02,0.02,2.0,0.4,0.06,0.0,44,25
9.183427012455589,-0.4388899226475291,0.0194614717671499,20.069082867651584,13.733206304248052,-26.46886554408132,22.126894488824647,0.634392461503015,0.1595630141386825,0.9816851055176914,-0.8867269510937856,False,13.576450198781716,0.1,0.02,0.02,2.0,0.4,0.06,0.0,44,26
9.170918594776236,-0.4406138003023646,0.0242673035980939,20.29449951348735,0.0931719083579079,-32.4928444248348,24.69959988404128,0.2542452830824119,-2.6436743305025567,-2.5261027397324223,-1.49848662414378,False,13.576450198781716,0.1,0.02,0.02,2.0,0.4,0.06,0.0,44,27
9.191987966851904,-0.4310606968759757,0.0214935768379733,20.54190330130368,4.990730132143848,-23.23131290177405,21.567961847797925,0.097904664654883,-1.5869058838675532,1.7034037712788412,-1.165112884747131,False,13.576450198781716,0.1,0.02,0.02,2.0,0.4,0.06,0.0,44,28
9.168620115102138,-0.442977283967614,0.0245300975480412,20.24054577859728,8.991006162039511,-28.186032405802123,24.73064999240779,0.9265489428383896,-0.4893200083456528,2.007964155236249,-1.5265897977208756,False,13.576450198781716,0.1,0.02,0.02,2.0,0.4,0.06,0.0,44,29
9.169488125037113,-0.4289865955050851,0.018408325254188,21.4838378134658,14.643548813715384,-39.32629032723764,17.20675136646973,0.739454817257093,-0.6720004770312578,-2.035642464884918,-0.7765285158216444,False,13.576450198781716,0.1,0.02,0.02,2.0,0.4,0.06,0.0,44,30
9.18553926075434,-0.4392789381220825,0.0262671311763769,21.62275759327816,17.618482104841792,-34.0697404676972,18.253037359082057,0.9371489406674768,3.4072258693444457,1.6921128680845718,-1.756790983437986,False,13.576450198781716,0.1,0.02,0.02,2.0,0.4,0.06,0.0,44,31
9.174493530367316,-0.4271747003318567,0.023402268108479,20.23669925918701,-2.417346079388198,-23.32740095590372,26.27894458258866,1.051032757489494,-2.6080017623983074,1.122678985987048,-1.4198014252668254,False,13.576450198781716,0.1,0.02,0.02,2.0,0.4,0.06,0.0,44,32
9.231240781020574,-0.4373432623881157,0.0190282907090999,22.44404534793004,6.550984187766852,-32.45490811969189,12.955968984162125,0.1326169205911286,-2.492340050040086,-1.2337948480601593,-0.8321229341720862,False,13.576450198781716,0.1,0.02,0.02,2.0,0.4,0.06,0.0,44,33
9.153698152891502,-0.4247797951887251,0.0221018413354903,18.89325633342069,-8.721514867213386,-40.32787615770137,21.43426614006184,0.1888144043386513,2.465962913720418,-0.9442726357947796,-1.2603422933163289,False,13.576450198781716,0.1,0.02,0.02,2.0,0.4,0.06,0.0,44,34
9.17923836611602,-0.4427480989063115,0.0218220280889866,20.031077813616704,-13.189200024498753,-26.35521424250061,27.090432559127304,0.8528973829255042,0.7861245802218515,-0.168009344228568,-1.179869856048179,False,13.576450198781716,0.1,0.02,0.02,2.0,0.4,0.06,0.0,44,35
9.137643522192157,-0.4396775028442164,0.0224540075202589,22.28792702549783,16.33261044410508,-39.3208101750313,16.015046027206417,0.4451409454351145,2.730228164180605,-2.511191785734633,-1.2706283444354916,False,13.576450198781716,0.1,0.02,0.02,2.0,0.4,0.06,0.0,44,36
9.171579825239514,-0.4343041346040781,0.0201448244997628,21.3014671539616,0.6834250596065647,-28.066827943836657,30.774518465051496,0.6017910235857482,-0.696988938941475,-0.1844954079006999,-0.9859128234054916,False,13.576450198781716,0.1,0.02,0.02,2.0,0.4,0.06,0.0,44,37
9.1532073771041,-0.4279550693843106,0.0226548823845681,20.30520151708287,34.85460987673297,-28.751236003694903,16.939750532178945,-0.1221401911475575,-0.3178941319930328,-0.5150626625641669,-1.3235403360761349,False,13.576450198781716,0.1,0.02,0.02,2.0,0.4,0.06,0.0,44,38
9.171436979021784,-0.4337613541579609,0.0207881086424388,20.37294123415899,17.77710467550356,-45.24312653613279,21.83641451649339,0.4972025842502154,2.673585496040636,-2.3903370430394304,-1.069564437511766,False,13.576450198781716,0.1,0.02,0.02,2.0,0.4,0.06,0.0,44,39
9.10451171694261,-0.4383812163841944,0.0287147085896203,19.11325251511414,38.49490676920656,-22.36395420976168,11.06153058448882,0.0310555180944198,-1.042948651873357,1.5376372257709348,-2.0770970771327804,False,13.576450198781716,0.1,0.02,0.02,2.0,0.4,0.06,0.0,44,40
9.204309905054508,-0.435374384757683,0.0231043762005698,19.363838515202584,-18.61434573887031,-32.75442598299553,19.87126949365693,1.287137252793185,1.4456084683916566,1.8646784248872517,-1.3602030359512371,False,13.576450198781716,0.1,0.02,0.02,2.0,0.4,0.06,0.0,44,41
9.227570031054446,-0.4357834934934528,0.0153873202216911,21.64606679288631,-5.35218626226515,-29.628475530546208,19.076830923821728,0.6426726802228565,2.561477815091945,0.8669586837022765,-0.3700424021289121,False,13.576450198781716,0.1,0.02,0.02,2.0,0.4,0.06,0.0,44,42
9.140501017815724,-0.434134090328433,0.0237095154393744,21.14806894554552,-1.0852096822031227,-24.09100976542541,19.99996840178449,0.2886104523665602,1.1491957183504884,0.5615264734507919,-1.4444660983827444,False,13.576450198781716,0.1,0.02,0.02,2.0,0.4,0.06,0.0,44,43
9.176590208601244,-0.4161909365299737,0.0211887165407985,21.95261416725222,-2.1518438747463726,-29.284272178474986,16.829963820156195,-0.1358846667415571,-2.318583142589375,1.6066809124602563,-1.162702057034201,False,13.576450198781716,0.1,0.02,0.02,2.0,0.4,0.06,0.0,44,44
9.206235789565214,-0.4327648414367398,0.0226522940542097,20.04556403016701,5.205740947268493,-29.79990821831893,18.315645814731084,0.7765810028171147,-1.8195207178282555,-1.5967227428836583,-1.3084838721167622,False,13.576450198781716,0.1,0.02,0.02,2.0,0.4,0.06,0.0,44,45
9.17031166095316,-0.4268186506046154,0.0222434051099413,21.39187172592203,-29.02046393065381,-28.82803558332103,31.47423349438137,0.569109449712769,-0.1105735022781961,1.6550030492262298,-1.2725723929642223,False,13.576450198781716,0.1,0.02,0.02,2.0,0.4,0.06,0.0,44,46
9.203770907150831,-0.4350354680101237,0.0236075485803457,18.966009928011783,-25.78554127007384,-30.418958525123195,19.54269003555117,0.1807804874678697,-0.7648376620560087,-1.9775588393229608,-1.4254548406309122,False,13.576450198781716,0.1,0.02,0.02,2.0,0.4,0.06,0.0,44,47
9.20608363226966,-0.4367948224671394,0.0200216048485568,19.71803092910436,12.211611271507609,-30.125281000004385,16.364459884631653,0.3879213491339791,1.0609884437580674,2.16867158941274,-0.9620928287579668,False,13.576450198781716,0.1,0.02,0.02,2.0,0.4,0.06,0.0,44,48
9.125182560506648,-0.4349732469885634,0.025129433073951,21.63270718739787,0.8084445206678046,-18.439422243290707,24.57917224052587,0.0347343417367348,-0.2284367949974044,-3.3797578919035205,-1.6251206870627888,False,13.576450198781716,0.1,0.02,0.02,2.0,0.4,0.06,0.0,44,49
9.213811320296582,-0.4272714749305502,0.0135609505637936,19.84807621895357,3.401139573246004,-28.16110489005736,24.73408195543709,0.2892350981923536,-0.0980300643079155,-1.5412183792241634,-0.1575214531144768,False,13.576450198781716,0.1,0.02,0.02,2.0,0.4,0.06,0.0,44,50
9.213609275936836,-0.4336154258936133,0.0198252072320972,20.755178967582385,-50.988176781677694,-24.41389568018516,23.81965344084274,0.2024368909071194,0.6225443525896847,-1.097880682809741,-0.9441329470075672,False,13.576450198781716,0.1,0.02,0.02,2.0,0.4,0.06,0.0,44,51
9.191890070368924,-0.4424959335032215,0.0229491532974059,20.941555951415705,-11.623502377322502,-30.10301002772351,19.135160920743694,0.6649350213173431,0.7470936039059726,0.0422937171555217,-1.323987977438097,False,13.576450198781716,0.1,0.02,0.02,2.0,0.4,0.06,0.0,44,52
9.1718229089167,-0.4388937989662694,0.025846202340801,21.21541624788225,6.203069377958861,-30.53005835854421,24.220230446216437,0.7120280223055891,-1.3922522462779323,-1.3834916441152951,-1.7046594075684889,False,13.576450198781716,0.1,0.02,0.02,2.0,0.4,0.06,0.0,44,53
9.152569512962636,-0.4289076327399401,0.0202095119822993,20.189260423678224,30.05171466619864,-33.012965949447306,11.430515752329924,0.9681359058724228,-0.6127249085236197,0.2202664906665516,-1.0082850443807008,False,13.576450198781716,0.1,0.02,0.02,2.0,0.4,0.06,0.0,44,54
9.17639862608928,-0.4455203427312472,0.0182984070969322,22.322658103999597,-3.970344887143646,-34.873136960188475,26.212089251586374,0.5874745006767723,-0.4360920050118431,0.7069808770793276,-0.7223633682869843,False,13.576450198781716,0.1,0.02,0.02,2.0,0.4,0.06,0.0,44,55
9.20228543595718,-0.4290087696008705,0.0183904337762026,21.015855400443535,5.85757277884649,-35.167692329573896,20.39522340660236,0.8780011360853615,1.3779848420945529,-0.3057640110253456,-0.7722173501544218,False,13.576450198781716,0.1,0.02,0.02,2.0,0.4,0.06,0.0,44,56
9.141354794448086,-0.4379524421930251,0.0261237501232515,19.638582759304327,6.809543770791087,-28.29457978040682,26.174635696247044,0.3845895300891103,-0.3012179074740784,-3.0032663476617776,-1.744272866846052,False,13.576450198781716,0.1,0.02,0.02,2.0,0.4,0.06,0.0,44,57
9.172067623652536,-0.4410825599485504,0.0235681286646701,20.965969749942587,28.66194426699896,-26.18785809485956,27.034052913347832,0.2572538974156086,-0.2819940454358658,0.1214201198522598,-1.4077982677821013,False,13.576450198781716,0.1,0.02,0.02,2.0,0.4,0.06,0.0,44,58
9.192953413397886,-0.4307255623050976,0.0233471412217951,21.111204566297204,-10.359902617236038,-26.70495857220356,23.120483498337748,0.3061507783749353,-3.051325494252082,0.941928580902328,-1.4031155220536713,False,13.576450198781716,0.1,0.02,0.02,2.0,0.4,0.06,0.0,44,59
9.153434768369978,-0.430251280160109,0.0274216202229795,24.31324973357271,10.50553279212204,-35.56010081451965,29.39313874262359,-0.2776243000648102,-0.0356277353577352,-1.2776249275362206,-1.9281582300549225,False,13.576450198781716,0.1,0.02,0.02,2.0,0.4,0.06,0.0,44,60
9.165702758400306,-0.4254672631832669,0.0184182453989534,22.887775051577247,15.19312198203767,-33.969184029193215,18.079151412459566,0.9212480657093456,2.702204646215183,0.2500473145048408,-0.7864718139221836,False,13.576450198781716,0.1,0.02,0.02,2.0,0.4,0.06,0.0,44,61
9.173425127007098,-0.4344015516874193,0.0256840991345004,23.498267267355164,-14.98406251522923,-39.14878986123041,15.28039306183918,0.2425187325476339,-1.188359782450792,2.954253212404958,-1.6945954575458284,False,13.576450198781716,0.1,0.02,0.02,2.0,0.4,0.06,0.0,44,62
9.184207405918798,-0.4354809100734577,0.0248978337290704,20.11235046199813,-0.2872813953818514,-23.480503742209507,11.972368754250628,0.5413595187042248,1.0865078197447235,0.2968340706744751,-1.590716088789597,False,13.576450198781716,0.1,0.02,0.02,2.0,0.4,0.06,0.0,44,63
9.20582297831032,-0.4351931705157876,0.0204662127275394,20.89376313023521,-9.803028906139753,-29.464508522490675,1.183581817826834,0.0408094460370514,-0.5293762987110109,3.038177117469949,-1.0228622411885384,False,13.576450198781716,0.1,0.02,0.02,2.0,0.4,0.06,0.0,44,64
9.17275118739842,-0.4272860708940849,0.0257726326465141,23.24844627263012,-0.3037755199113903,-30.991491235460337,17.75334789115215,0.4116985826256676,-0.598195873004866,-0.3801574740264665,-1.7230453373641057,False,13.576450198781716,0.1,0.02,0.02,2.0,0.4,0.06,0.0,44,65
9.18953249420185,-0.4409062779038916,0.0184072581708162,21.606016074498694,-6.632134010460181,-41.737714367231945,21.4402605151329,1.0814677385368323,1.3100978713175238,-0.957599308143406,-0.7465820292430347,False,13.576450198781716,0.1,0.02,0.02,2.0,0.4,0.06,0.0,44,66
9.134651332302466,-0.4269836936411666,0.0246077020228258,21.95502639528085,-1.679552934991256,-19.40827304733269,20.21659373100178,0.8317635000899848,-0.9289120976815112,0.4781355125715483,-1.5769459142447595,False,13.576450198781716,0.1,0.02,0.02,2.0,0.4,0.06,0.0,44,67
9.172732312701584,-0.4373173931720087,0.0221565446858452,21.94322218632932,-3.4761932115683183,-30.313642792390564,29.603366229460637,0.3885513598868301,0.2386620781770927,1.3787941440207083,-1.2361120374132772,False,13.576450198781716,0.1,0.02,0.02,2.0,0.4,0.06,0.0,44,68
9.177641830376992,-0.4271209384459583,0.0229222460718153,23.355060108558867,24.122132672324533,-30.61849799738252,26.64089708962949,0.102683431072277,-0.7935690913105327,-2.2277116608464107,-1.3582987350994462,False,13.576450198781716,0.1,0.02,0.02,2.0,0.4,0.06,0.0,44,69
9.1464573414908,-0.4383384615208479,0.02224159032163,18.971867973029944,13.71448037498874,-24.01693323694308,24.74086775537164,0.364339472358768,-2.2987532510452757,2.1981421576526703,-1.246123813029164,False,13.576450198781716,0.1,0.02,0.02,2.0,0.4,0.06,0.0,44,70
9.19895645874974,-0.4337472261484731,0.0220198368194002,19.737537754621076,-14.105469624460875,-27.85865501124728,20.08876727903128,0.3765799590591842,-0.1549858027847199,-0.7934744040617814,-1.2256083826019075,False,13.576450198781716,0.1,0.02,0.02,2.0,0.4,0.06,0.0,44,71
9.192857657133496,-0.430610514012657,0.0219546035505302,19.850113168267598,-6.914498889410098,-39.79014544731307,23.04728854674917,0.8722631890071066,1.9327484350638413,1.1337250444077316,-1.2251525614094918,False,13.576450198781716,0.1,0.02,0.02,2.0,0.4,0.06,0.0,44,72
9.180071252644574,-0.4398594842330263,0.025791326681092,22.006371737042357,11.032948139393955,-24.267162322644108,23.4317401363849,0.3806936797985583,0.0788446058647747,1.6847819473887624,-1.6948227778618432,False,13.576450198781716,0.1,0.02,0.02,2.0,0.4,0.06,0.0,44,73
9.177257770456622,-0.430657644626818,0.0211179219559045,22.493253182779718,0.2523337283060316,-31.66989155762029,17.79362361082376,0.0459534711574531,-0.6540241030009293,-0.6673456696499535,-1.118880197024018,False,13.576450198781716,0.1,0.02,0.02,2.0,0.4,0.06,0.0,44,74
9.187459153681967,-0.4339967034878789,0.0206209717767284,19.17180566466034,4.957985271507426,-23.836644489433883,22.813852953486386,0.0118043537693917,0.2119811598201173,0.1937319426258009,-1.046644749829409,False,13.576450198781716,0.1,0.02,0.02,2.0,0.4,0.06,0.0,44,75
9.203962692353976,-0.431401110217853,0.0161704707982858,22.42361853271418,-3.423784775246289,-24.183495631352784,28.230215700638706,0.4722260924483892,-1.301253809435723,-2.872510130737377,-0.4822198361165024,False,13.576450198781716,0.1,0.02,0.02,2.0,0.4,0.06,0.0,44,76
9.123625694056717,-0.427356961006763,0.0254301985215996,21.396911741267598,17.641336169584278,-34.00510569834981,29.9675033263849,0.6442948985006753,2.6012682384283905,2.000574979927312,-1.681991162705121,False,13.576450198781716,0.1,0.02,0.02,2.0,0.4,0.06,0.0,44,77
9.18384047208744,-0.4454985272684384,0.0228180310131215,20.481933286821494,6.057627469815022,-34.359327276368646,18.52933720302692,0.5946764674797302,-1.914291919489192,3.3180671275995186,-1.3004810759100658,False,13.576450198781716,0.1,0.02,0.02,2.0,0.4,0.06,0.0,44,78
9.16970245213965,-0.4302779294399864,0.0232087927767971,21.93596258279325,1.252256278299745,-26.874031744449628,20.93122395832301,0.7271099534586487,-0.0386868121638512,-0.3493399515787858,-1.3878762976456902,False,13.576450198781716,0.1,0.02,0.02,2.0,0.4,0.06,0.0,44,79
9.173411091275222,-0.4404121384257826,0.0211422424896019,20.50252688659224,20.60522371768586,-19.71786052940593,27.173585540809235,0.7696590805056103,0.0714422601454547,0.5999142569103604,-1.098813240970657,False,13.576450198781716,0.1,0.02,0.02,2.0,0.4,0.06,0.0,44,80
9.146910313623891,-0.443513133122619,0.0274323492966239,21.542000438359967,6.227675390604063,-38.59268722274258,17.91008965347094,0.5650378559911767,2.2207934171449955,0.3490293774828319,-1.8980945716561464,False,13.576450198781716,0.1,0.02,0.02,2.0,0.4,0.06,0.0,44,81
9.209279613674816,-0.4353048272212157,0.0212465185574378,19.366320719052556,-28.216282487153016,-29.73701005326741,21.71964115626189,0.5078588996865503,-2.559767252072916,0.9166662066332968,-1.122266013200635,False,13.576450198781716,0.1,0.02,0.02,2.0,0.4,0.06,0.0,44,82
9.174315691773346,-0.4341110644270881,0.0199340151766457,22.65898110384336,-16.92138006595138,-32.487415344757736,18.98235658031933,0.5749352294005703,2.9999465110134267,0.8357331018213385,-0.9592284464792468,False,13.576450198781716,0.1,0.02,0.02,2.0,0.4,0.06,0.0,44,83
9.210285918297611,-0.4178218851062787,0.0182071760049942,20.560314612095397,-23.75119944878232,-29.68696122705915,30.614717192807987,1.0446924384414398,2.576374057655064,-0.7232629503366977,-0.7751288492863364,False,13.576450198781716,0.1,0.02,0.02,2.0,0.4,0.06,0.0,44,84
9.202980175530284,-0.4311233119132441,0.0225032687076671,22.19242234676842,-1.8795017005168515,-35.54431858119559,26.960452045669783,0.2444488914307038,0.2602414322374882,-2.142759489393721,-1.2935436354577987,False,13.576450198781716,0.1,0.02,0.02,2.0,0.4,0.06,0.0,44,85
9.175344415530889,-0.4251681353423357,0.0255092143649014,20.61579109493663,2.069477586436908,-32.04139517909032,22.009256288425465,0.5836571414079021,2.8169717514929182,1.497155023605644,-1.6942552489539322,False,13.576450198781716,0.1,0.02,0.02,2.0,0.4,0.06,0.0,44,86
9.211232327121282,-0.4390390181603852,0.0223192314966056,20.58669126962711,1.2089637299562916,-18.48055560751825,29.694968068825997,0.2374184931063482,1.004246425884874,1.176085798660608,-1.250494048353319,False,13.576450198781716,0.1,0.02,0.02,2.0,0.4,0.06,0.0,44,87
9.151369852565209,-0.4433730401788818,0.0222702895832556,18.66793109118201,2.643733843084654,-39.2407339144922,19.98235952938191,0.4153294559009578,2.1789938119929224,-0.9195883408864832,-1.237419579073498,False,13.576450198781716,0.1,0.02,0.02,2.0,0.4,0.06,0.0,44,88
9.18121407662386,-0.4341084482054649,0.0205405365336643,20.18979812986777,6.01435502702726,-27.712822301932228,22.712933824409145,0.6285996829643725,-1.229537159677772,0.0469372308291552,-1.0364555560184912,False,13.576450198781716,0.1,0.02,0.02,2.0,0.4,0.06,0.0,44,89
9.177312688709264,-0.4255553889721556,0.0207438900219499,21.021067474103717,3.024350789123217,-25.35213182921148,30.77665731558239,0.7525791055893931,1.0906352329929798,0.648922245128992,-1.0832462279538655,False,13.576450198781716,0.1,0.02,0.02,2.0,0.4,0.06,0.0,44,90
9.156198639355546,-0.4271581302897493,0.0238276851491266,21.075150267122133,24.066917026374654,-30.9044986833121,21.42451766095049,0.0973046656540891,-0.0150961711180521,-0.0091242424661462,-1.4753922680314853,False,13.576450198781716,0.1,0.02,0.02,2.0,0.4,0.06,0.0,44,91
9.16194919205789,-0.4449591233579661,0.0233237370465207,19.45606825701568,10.145031269490085,-31.73823888210528,24.345508698385537,0.9098121183627684,0.9973037361916326,-0.6032993533510793,-1.3678194943720654,False,13.576450198781716,0.1,0.02,0.02,2.0,0.4,0.06,0.0,44,92
9.161252038483983,-0.4400336920566737,0.0226237880436482,20.45374932986121,24.76387415107936,-26.52466793299544,24.658423492423875,0.5611115048249595,-0.8852348132384411,2.28520253772953,-1.290088886341918,False,13.576450198781716,0.1,0.02,0.02,2.0,0.4,0.06,0.0,44,93
9.18102167018908,-0.4372707471803466,0.0200871046859951,20.138033767531063,1.5735951182618004,-28.862540243771893,24.73927368020137,0.3984834343902814,4.796598968431632,0.0856020869588306,-0.9708383063631976,False,13.576450198781716,0.1,0.02,0.02,2.0,0.4,0.06,0.0,44,94
9.122613026090136,-0.4373603829303829,0.0250596264592414,19.91665897038264,20.717590241995666,-34.2776330232007,23.79621424210155,0.3236627830641511,-0.4582368192409536,-1.2664376579697598,-1.610610486184574,False,13.576450198781716,0.1,0.02,0.02,2.0,0.4,0.06,0.0,44,95
9.188069999174203,-0.43944548945649,0.0244974892742025,22.429792764119604,-3.9201067236013207,-33.00238678170183,20.04153886737837,0.3803457984642461,-2.0782149262037946,2.246976330214844,-1.5297252524519025,False,13.576450198781716,0.1,0.02,0.02,2.0,0.4,0.06,0.0,44,96
9.189493563342497,-0.4347114281678541,0.0199703920506805,20.81473304434976,7.603431580079506,-41.168144200995016,26.98668857386687,0.1274867233489132,0.8801592696779694,1.296079307696104,-0.9615331410837084,False,13.576450198781716,0.1,0.02,0.02,2.0,0.4,0.06,0.0,44,97
9.118562820543533,-0.431537565312597,0.0228196628494463,21.971772371219743,3.8562210351268265,-37.45010253159661,16.163041699048733,-0.1449160463929055,0.9291904509220066,-0.9503934282026508,-1.338112918746289,False,13.576450198781716,0.1,0.02,0.02,2.0,0.4,0.06,0.0,44,98
9.152367979516518,-0.435652003071457,0.0284184043540589,21.46667434347041,25.07759246568251,-38.46696380954049,24.470142254236645,-0.2477503480009863,0.8867205250244281,0.2071112347968567,-2.0428488711770574,False,13.576450198781716,0.1,0.02,0.02,2.0,0.4,0.06,0.0,44,99
1.4322719467113911,-0.2634147550200522,0.0436510451061553,13.106086232022266,3.3622366214296555,-10.859402804354398,10.212983430320476,-0.3696754352556481,1.8864023801660976,-1.311085538271833,-1.3968334433969725,False,4.800000000000001,0.05,0.02,0.02,1.0,0.2,0.0,0.0,36,0
1.4382402665916103,-0.2685760346743864,0.0406251387934639,13.170715923065554,19.36707273456245,-12.17099338197247,10.54463918257798,-0.7141251946417001,2.3977675042788,-0.9620988399044352,-1.3000044413908456,False,4.800000000000001,0.05,0.02,0.02,1.0,0.2,0.0,0.0,36,1
1.434484115329891,-0.2635738612878035,0.0430488930749052,13.202341283794793,15.243153581231372,-10.99426720454388,9.5080445837531,-0.8527963382729965,1.7719690869302818,-0.6708482825569382,-1.3775645783969686,False,4.800000000000001,0.05,0.02,0.02,1.0,0.2,0.0,0.0,36,2
1.4363601913321766,-0.2650001552341582,0.0428803818050411,13.3198755023893,20.15405428692264,-11.295039614188322,10.754417333611643,-0.4070695429339123,0.8803168704509405,-1.56898725775975,-1.372172217761317,False,4.800000000000001,0.05,0.02,0.02,1.0,0.2,0.0,0.0,36,3
1.434798242222857,-0.2673489600902075,0.037774626461309,12.873189256187356,12.077733915774152,-11.271473499877017,9.262065301888684,-1.0399978457509789,0.3753378591040108,-0.8371764114168094,-1.208788046761889,False,4.800000000000001,0.05,0.02,0.02,1.0,0.2,0.0,0.0,36,4
1.4304823036536096,-0.2625299364644807,0.0428670795279555,12.8201794209192,15.034104665995708,-11.5608635861218,10.29106051127236,-0.692806587380105,1.27442091475896,-1.6635130603596862,-1.371746544894577,False,4.800000000000001,0.05,0.02,0.02,1.0,0.2,0.0,0.0,36,5
1.4372920981916002,-0.2629083338650023,0.0397383086126941,13.075788015024438,18.80415727282338,-11.883084810845103,10.394767699784902,-0.6416570609995891,2.6356955031426,-1.5290391916487431,-1.2716258756062124,False,4.800000000000001,0.05,0.02,0.02,1.0,0.2,0.0,0.0,36,6
1.4423233471051295,-0.2651368625255066,0.0365050644239184,13.109959683723948,11.351160271341818,-10.23202995981489,9.47202154036626,-0.7423405945428314,1.4218001238822977,-1.3316387855693328,-1.1681620615653918,False,4.800000000000001,0.05,0.02,0.02,1.0,0.2,0.0,0.0,36,7
1.4353499176834843,-0.264713749322757,0.0393230731120851,12.727745698868624,22.913177740002077,-10.83405719692608,10.155995403312165,-0.5418016828488805,1.648786143450066,-2.187948633505284,-1.2583383395867265,False,4.800000000000001,0.05,0.02,0.02,1.0,0.2,0.0,0.0,36,8
1.4351761362980229,-0.2690222010948901,0.042369489490943,13.166747061622456,23.075150474387154,-11.12355822619972,10.922017406362835,-0.2973668024723723,0.7500332547604429,-1.2658464577760813,-1.355823663710178,False,4.800000000000001,0.05,0.02,0.02,1.0,0.2,0.0,0.0,36,9
1.43436576924476,-0.2643836065879408,0.0421019842301906,13.526528540734477,27.574166600702565,-10.735651004650746,10.5393825401174,-0.7134935883646204,2.143079308568124,-1.675693846857757,-1.3472634953661002,False,4.800000000000001,0.05,0.02,0.02,1.0,0.2,0.0,0.0,36,10
1.4308871286075395,-0.2683161690590523,0.0413554337139726,12.824999901528766,13.023166047529177,-11.680260505811548,10.43835138746772,-0.558138304418411,1.4865565888399153,-0.4786345734245305,-1.323373878847126,False,4.800000000000001,0.05,0.02,0.02,1.0,0.2,0.0,0.0,36,11
1.436394595330068,-0.2658353558253519,0.0446894175813463,12.97837987561458,8.23851240063984,-12.692822012610224,10.002700043086763,-0.943823839745252,1.8372795368383663,-0.6541046763336142,-1.4300613626030845,False,4.800000000000001,0.05,0.02,0.02,1.0,0.2,0.0,0.0,36,12
1.4344446859176854,-0.2652520661706068,0.0427705700620725,12.523112246072197,27.082777473662293,-10.58800183398873,10.148137925395966,-0.3115837405891227,0.6460736118401887,-1.892586233889821,-1.368658241986321,False,4.800000000000001,0.05,0.02,0.02,1.0,0.2,0.0,0.0,36,13
1.4301237848025874,-0.2661440340026624,0.0436768183306505,12.92817843522637,26.160851637846733,-11.748490065307022,9.912350125744318,-0.3190192149318856,0.8060585494248892,-1.559405817561956,-1.3976581865808186,False,4.800000000000001,0.05,0.02,0.02,1.0,0.2,0.0,0.0,36,14
1.4352376936574605,-0.2653174561994071,0.0421119592664392,13.014828596926709,19.860758790225333,-12.480430881114035,10.689713887013855,-0.2827181069642994,1.2090925889056818,-1.781765948771815,-1.347582696526057,False,4.800000000000001,0.05,0.02,0.02,1.0,0.2,0.0,0.0,36,15
1.4342485622593897,-0.2623583196226275,0.0372937847630396,13.207355870058617,3.15795508810924,-11.166786816910546,12.453060967322504,-1.1926555636059932,1.4389471538375722,-2.3252718751441623,-1.19340111241727,False,4.800000000000001,0.05,0.02,0.02,1.0,0.2,0.0,0.0,36,16
1.434901981414214,-0.2651866103440284,0.0401912826867912,13.312626271454228,11.0801945897382,-12.031571335849597,10.383113624301366,-0.6689855909518723,1.6551918722446108,-1.2706911893683652,-1.286121045977319,False,4.800000000000001,0.05,0.02,0.02,1.0,0.2,0.0,0.0,36,17
1.4334108141463242,-0.2629965808680692,0.0430318860835412,13.061596144179028,22.943658937650707,-11.71392588768748,10.09693045737616,-0.5383867894863978,1.5538818928216496,-0.8443457493094034,-1.377020354673319,False,4.800000000000001,0.05,0.02,0.02,1.0,0.2,0.0,0.0,36,18
1.4341996739897591,-0.2648981761002216,0.0424619932331672,13.292029773905334,28.91033138962332,-11.758324169527414,9.805024468134384,-1.052801184326979,1.502582145700721,-1.0384751492557036,-1.358783783461352,False,4.800000000000001,0.05,0.02,0.02,1.0,0.2,0.0,0.0,36,19
1.4323475294470278,-0.263183458172584,0.0396232095395882,13.447575021515824,7.346795162828879,-11.649673285228111,11.912168001646274,-0.5134116250497053,1.9536883016057487,-1.465124713348753,-1.2679427052668246,False,4.800000000000001,0.05,0.02,0.02,1.0,0.2,0.0,0.0,36,20
1.4410895493160218,-0.2638455692069486,0.0392146005211264,12.955393117047969,10.686259799166653,-11.32247552699496,9.770773401709912,-0.7806516750663557,1.354576628370199,-2.239844531343224,-1.254867216676045,False,4.800000000000001,0.05,0.02,0.02,1.0,0.2,0.0,0.0,36,21
1.435882704516547,-0.2633603436541443,0.0417576510937922,13.385481355115344,3.4452563415922306,-11.042265194249048,10.41585445260652,-0.6991495160202112,1.2686346598537237,-0.9783214187713066,-1.3362448350013532,False,4.800000000000001,0.05,0.02,0.02,1.0,0.2,0.0,0.0,36,22
1.434687820179567,-0.265852245893261,0.042339319437583,13.033530385684722,8.998324306606703,-11.333892155536766,9.652421691149852,-0.7629279273622868,1.6083616901085032,-1.9573720835340669,-1.3548582220026564,False,4.800000000000001,0.05,0.02,0.02,1.0,0.2,0.0,0.0,36,23
1.436535488156944,-0.2672926856822992,0.0365051633922777,13.033730141146794,20.14147911795314,-11.850561810849156,10.092049730578715,-0.7756753036277493,1.8036902031460167,-0.6104697954965886,-1.168165228552889,False,4.800000000000001,0.05,0.02,0.02,1.0,0.2,0.0,0.0,36,24
1.4398148916328086,-0.2623184923217134,0.0379238573211402,13.14201629390085,19.673835469469964,-11.65539246296214,9.97791086424753,-0.8755421220942532,2.1172825558569515,-1.174697167743458,-1.213563434276487,False,4.800000000000001,0.05,0.02,0.02,1.0,0.2,0.0,0.0,36,25
1.4389668868557408,-0.2674983017561818,0.0405366110087485,13.416162643582451,9.720749947180137,-11.560057294662204,9.930339961667691,-0.6072176821636244,0.5863252905538978,-1.075731391746118,-1.297171552279955,False,4.800000000000001,0.05,0.02,0.02,1.0,0.2,0.0,0.0,36,26
1.4344809003509609,-0.2659982750559657,0.0434875546144416,12.67086924261842,25.93098594888175,-11.241360335683254,9.262698530946976,-0.3267772335422759,1.4039968168258672,-0.2769626111526464,-1.3916017476621323,False,4.800000000000001,0.05,0.02,0.02,1.0,0.2,0.0,0.0,36,27
1.4303824591215184,-0.2626726088510174,0.0428681802897104,12.51834468247071,41.527434902216896,-10.115660370764532,10.985288127297231,-1.006610167762153,2.1363434357818702,-1.4959799837506278,-1.3717817692707346,False,4.800000000000001,0.05,0.02,0.02,1.0,0.2,0.0,0.0,36,28
1.4346010216927798,-0.2639084158007567,0.0385837147822421,13.370180241205778,8.313400289193824,-11.68210460237448,11.271838169065186,-0.70736488374369,1.308070157173208,-1.1631866966055289,-1.2346788730317495,False,4.800000000000001,0.05,0.02,0.02,1.0,0.2,0.0,0.0,36,29
1.4317415070341906,-0.2625457254061751,0.0399437635957027,12.530036918274533,42.821687066311625,-11.027282636190527,9.252315460941992,-0.8509947496940226,2.0571004878677304,-0.9797591858137245,-1.278200435062488,False,4.800000000000001,0.05,0.02,0.02,1.0,0.2,0.0,0.0,36,30
1.4374350116968075,-0.2662310355332573,0.0382490466663944,12.915751586545902,10.105803994950602,-9.873969709682484,10.492589642795783,-0.708815646821089,1.2858395189278014,-1.5547406467043892,-1.2239694933246223,False,4.800000000000001,0.05,0.02,0.02,1.0,0.2,0.0,0.0,36,31
1.4346761069483172,-0.2646692875626974,0.0387169207751215,13.22950149404664,18.749042295914357,-11.808192368934384,9.78133532430036,-0.8895739067916634,1.55765858720313,-0.8641380302710845,-1.238941464803888,False,4.800000000000001,0.05,0.02,0.02,1.0,0.2,0.0,0.0,36,32
1.434442222210687,-0.2652251343845946,0.0406850125486087,12.96459194111043,19.859447297098004,-11.53926769273067,10.5471380632544,-0.5585230875190406,1.1586528474347462,-0.7805723779259126,-1.3019204015554808,False,4.800000000000001,0.05,0.02,0.02,1.0,0.2,0.0,0.0,36,33
1.4336088258241346,-0.2618954525788283,0.0381334287881029,13.552563295754558,17.38603145286917,-10.993746654519423,10.846024387463734,-0.7830692521958273,1.6590190308378578,-1.400310841008655,-1.220269721219294,False,4.800000000000001,0.05,0.02,0.02,1.0,0.2,0.0,0.0,36,34
1.4327440059553236,-0.2639487814035511,0.0389108595042535,12.972743408842026,25.36678781284292,-11.162476722919894,10.212225613384586,-0.717378849907691,2.10636169581773,-1.45068942248378,-1.2451475041361149,False,4.800000000000001,0.05,0.02,0.02,1.0,0.2,0.0,0.0,36,35
1.4382021866116983,-0.2644618846050718,0.0422746905666505,13.258867784168965,23.689506844526985,-11.48194687653863,11.116652505743591,-0.9237421052542868,1.542468642809938,-1.2449654906892245,-1.352790098132819,False,4.800000000000001,0.05,0.02,0.02,1.0,0.2,0.0,0.0,36,36
1.4339518414586012,-0.2663234827304341,0.0396793003626194,12.899755342448737,16.993213647647423,-10.379038716425615,9.825288829356028,-0.8763224810093169,2.309222493247811,-1.3270674161551337,-1.2697376116038233,False,4.800000000000001,0.05,0.02,0.02,1.0,0.2,0.0,0.0,36,37
1.4300094529643166,-0.2639865433100982,0.0432639056231268,13.05937543112288,38.46255541394518,-13.296603531476766,10.511775721446188,-0.6969927992546356,1.7848914395423083,-1.877889074422636,-1.3844449799400602,False,4.800000000000001,0.05,0.02,0.02,1.0,0.2,0.0,0.0,36,38
1.4360038734019287,-0.2615797105534183,0.0371393482064954,13.115572251893097,16.29496124745599,-12.230989608611097,10.619766827572434,-0.6590222501467194,1.745000883993506,-0.7885450509698976,-1.1884591426078557,False,4.800000000000001,0.05,0.02,0.02,1.0,0.2,0.0,0.0,36,39
1.4363872257790429,-0.2645472694666717,0.0393233976991699,12.926829928294817,19.26710039113047,-11.83156224067956,9.849393003831146,-0.7933301618860108,1.600131378281676,-1.0272232040226594,-1.2583487263734376,False,4.800000000000001,0.05,0.02,0.02,1.0,0.2,0.0,0.0,36,40
1.4353589492993546,-0.2633922843641453,0.040609066204164,13.941895803233676,14.809934441965993,-11.49089470699226,10.85547671735963,-0.8972675648452436,1.8283409678385087,-1.8204460027788911,-1.299490118533248,False,4.800000000000001,0.05,0.02,0.02,1.0,0.2,0.0,0.0,36,41
1.433716404156912,-0.2651384786384322,0.0412471271659015,12.812619814710043,22.09178850913167,-10.225631456795238,10.50689094614932,-0.6292372638781867,1.7638157351937784,-0.8390700476269857,-1.3199080693088483,False,4.800000000000001,0.05,0.02,0.02,1.0,0.2,0.0,0.0,36,42
1.4384050380677638,-0.2663412207186726,0.0403039890458548,13.404608300541703,9.384054275811987,-11.530170270495832,9.43167490458714,-0.7049169302646924,0.8036786217208087,-1.244465870297947,-1.2897276494673555,False,4.800000000000001,0.05,0.02,0.02,1.0,0.2,0.0,0.0,36,43
1.4332386395783778,-0.2618001724116467,0.040055639192355,12.960151751659918,14.98114327777901,-11.723715701710407,11.464802593711225,-0.3970013751544077,1.070729028525589,-2.306719173221468,-1.281780454155361,False,4.800000000000001,0.05,0.02,0.02,1.0,0.2,0.0,0.0,36,44
1.437506018164159,-0.2660367680155675,0.0380012910868724,13.2868023824026,9.238685233989663,-10.766666977832552,10.04422583357539,-0.5360981349011714,1.3271514043056267,-1.8806785297830868,-1.2160413147799192,False,4.800000000000001,0.05,0.02,0.02,1.0,0.2,0.0,0.0,36,45
1.4259499707524397,-0.2636033343395573,0.0442675917416823,12.83079440665223,33.84226104733352,-12.65533083631336,10.847629435759378,-0.5167364318711087,1.3530200321402257,-0.5068820980936994,-1.4165629357338352,False,4.800000000000001,0.05,0.02,0.02,1.0,0.2,0.0,0.0,36,46
1.4355101510595203,-0.2623984136712732,0.0429474366881743,12.75208243703314,17.556111689630722,-12.041209811005013,10.696230913650568,-0.8022113080150072,1.0390018066682871,-0.9572797329555124,-1.3743179740215803,False,4.800000000000001,0.05,0.02,0.02,1.0,0.2,0.0,0.0,36,47
1.4353673767988937,-0.2623103790858552,0.0397143772928698,12.94564353687727,28.14572391483062,-11.915866322831318,11.20391060708172,-0.8865546581204353,2.2833185130780307,-1.776019386957796,-1.2708600733718365,False,4.800000000000001,0.05,0.02,0.02,1.0,0.2,0.0,0.0,36,48
1.4364474415707462,-0.2641681598874768,0.0409400425650218,13.049105635497405,14.816403754611947,-12.349777077457697,9.767962442098892,-0.8763429187546699,2.702379775018085,-1.3618925561989892,-1.3100813620807,False,4.800000000000001,0.05,0.02,0.02,1.0,0.2,0.0,0.0,36,49
1.438318896901771,-0.2638793784649056,0.0410507327455293,12.752015509434704,10.349306731480713,-10.658135727230986,10.07675196232726,-0.9248931853281532,1.323420381181618,-1.965759042712818,-1.3136234478569382,False,4.800000000000001,0.05,0.02,0.02,1.0,0.2,0.0,0.0,36,50
1.43235298571451,-0.2636622202727519,0.0392137400018386,12.95838721157585,11.302734920891904,-12.33975068171403,11.373509126299451,-0.7778200909275051,1.3037838223600116,-1.710403578312749,-1.2548396800588355,False,4.800000000000001,0.05,0.02,0.02,1.0,0.2,0.0,0.0,36,51
1.4335371303027664,-0.2651373999524376,0.0394425208858118,12.45838652091636,26.33407519065368,-11.385159274248853,9.49227306435252,-0.7999980577634198,1.4778944031189984,-1.7250789769925314,-1.262160668345979,False,4.800000000000001,0.05,0.02,0.02,1.0,0.2,0.0,0.0,36,52
1.4343436609024218,-0.2657339070136464,0.0418108458690726,12.785441518065786,27.518506111101587,-12.096996898709827,10.415896010150409,-0.9233620946906876,0.8750547995169095,-1.2356972143407725,-1.3379470678103262,False,4.800000000000001,0.05,0.02,0.02,1.0,0.2,0.0,0.0,36,53
1.4322763475321914,-0.266084073188795,0.0390594955884471,12.850098872765033,18.873363673031385,-13.323585988237168,9.257656454635752,-0.401251999226652,1.1543663795968655,-1.39264285443874,-1.2499038588303095,False,4.800000000000001,0.05,0.02,0.02,1.0,0.2,0.0,0.0,36,54
1.4307007594237255,-0.2637932639734981,0.0396684032063478,12.860099614704923,28.624791726664757,-11.962981969053564,10.199157746899624,-0.3377048234497199,1.1945936041131486,-1.1099249428389666,-1.269388902603131,False,4.800000000000001,0.05,0.02,0.02,1.0,0.2,0.0,0.0,36,55
1.433765499217787,-0.2668629542305789,0.0410502867841687,13.2220233619521,5.863998582275377,-12.084020428369351,12.089516009238563,-0.8891858781249976,1.4202954475107556,-1.3830342895547996,-1.3136091770934004,False,4.800000000000001,0.05,0.02,0.02,1.0,0.2,0.0,0.0,36,56
1.4362968648543746,-0.2619140795060808,0.0387514693581071,13.07817214059519,21.70194415973813,-10.885253791937984,10.213282203956496,-0.580340469485022,1.152676047201563,-1.6119137749929615,-1.2400470194594293,False,4.800000000000001,0.05,0.02,0.02,1.0,0.2,0.0,0.0,36,57
1.435246393469517,-0.2655126125134563,0.0391850566607676,13.19664577755703,16.857736377868058,-10.942070906052352,9.656126906693032,-0.6110319708524271,1.706612149994029,-1.0150339275709628,-1.253921813144564,False,4.800000000000001,0.05,0.02,0.02,1.0,0.2,0.0,0.0,36,58
1.4339074547962334,-0.2647788492076834,0.0451470273233039,13.20848440912152,21.60637214536724,-9.49416566782374,11.217011551548486,-0.5167029236359851,0.6315562172850593,-0.7506418509256624,-1.4447048743457265,False,4.800000000000001,0.05,0.02,0.02,1.0,0.2,0.0,0.0,36,59
1.4309018006918486,-0.2653922823256873,0.040996397726193,12.885050000093594,17.430533753597853,-10.966974169168015,11.135678135321331,-0.4573999151466009,1.829862773262482,-1.50337748595095,-1.3118847272381773,False,4.800000000000001,0.05,0.02,0.02,1.0,0.2,0.0,0.0,36,60
1.4318218884080334,-0.2647388601907475,0.0402835909288228,12.955975644943916,33.577332614451315,-11.610611257094153,10.426354876113365,-0.7848384607792032,1.1077592983613531,-1.4066283740684216,-1.2890749097223295,False,4.800000000000001,0.05,0.02,0.02,1.0,0.2,0.0,0.0,36,61
1.4336657711551528,-0.2672606091268215,0.0407122117509208,12.711283846290886,17.14655237933245,-10.787176208896256,11.355311373388671,-0.3734029472917482,0.989192243352816,-1.8052384750192685,-1.3027907760294684,False,4.800000000000001,0.05,0.02,0.02,1.0,0.2,0.0,0.0,36,62
1.4328700799745289,-0.2648503182510101,0.0416030451860026,13.5733403394583,11.580996381407,-10.984273487099312,10.03537050530115,-0.8376444947704,1.1809127617745403,-1.3272705714265167,-1.3312974459520852,False,4.800000000000001,0.05,0.02,0.02,1.0,0.2,0.0,0.0,36,63
1.4324272306225716,-0.2651929963915636,0.0400898123098081,13.17018219703716,19.37334833742814,-12.448179276652446,10.662377318494157,-0.3370630460059002,1.8603919323600155,-1.163635162634094,-1.282873993913862,False,4.800000000000001,0.05,0.02,0.02,1.0,0.2,0.0,0.0,36,64
1.432692859151106,-0.2648297182584851,0.0410097511951309,12.748764286170085,16.223217594682815,-10.748892530788716,10.912607891633227,-0.5287619008479443,1.2757465960601602,-1.7961790359130934,-1.3123120382441915,False,4.800000000000001,0.05,0.02,0.02,1.0,0.2,0.0,0.0,36,65
1.433224235005964,-0.2652034990278482,0.043946646413553,13.286308031475032,28.39561132078456,-13.193603834906964,10.0373440284534,-0.5049586192370132,2.0014075692575077,-1.1908163959106377,-1.4062926852336974,False,4.800000000000001,0.05,0.02,0.02,1.0,0.2,0.0,0.0,36,66
1.4349008588980354,-0.2666055617652395,0.0414263915346227,12.62343983464785,23.17936859753741,-11.397338351237485,9.326587650819231,-0.6458500533678162,1.062478431350753,-1.6379756379426005,-1.3256445291079284,False,4.800000000000001,0.05,0.02,0.02,1.0,0.2,0.0,0.0,36,67
1.437691367955202,-0.263674299386668,0.0400279229208546,13.261359937711497,10.655324333809997,-12.391895660595408,9.899438426393983,-0.8278619466769783,2.048071190722517,-0.7198407877140652,-1.2808935334673486,False,4.800000000000001,0.05,0.02,0.02,1.0,0.2,0.0,0.0,36,68
1.4315940421673077,-0.2669590949252237,0.0435860921391051,12.758420647235331,23.76018586257654,-11.736870079783452,11.224844961816515,-0.6308480457324092,1.422173909127247,-1.0196122268774792,-1.3947549484513635,False,4.800000000000001,0.05,0.02,0.02,1.0,0.2,0.0,0.0,36,69
1.4344025037982977,-0.2650707125263364,0.0398362341589084,13.132572564489111,23.531239737589708,-11.30887974922273,8.887806150381198,-0.6570292134072957,1.851883396851268,-1.0960759542883882,-1.2747594930850694,False,4.800000000000001,0.05,0.02,0.02,1.0,0.2,0.0,0.0,36,70
1.4368295300350906,-0.265825661906961,0.0394406642899419,13.801445780190052,20.56941664715873,-11.190235158188065,10.354688477274529,-1.1260256035461191,1.9310861230957972,-2.147527922676644,-1.262101257278144,False,4.800000000000001,0.05,0.02,0.02,1.0,0.2,0.0,0.0,36,71
1.4358677322686235,-0.26573423816335,0.0396959598524989,12.59396725747926,13.626352734841396,-12.757949174548438,10.26725794851259,-0.7872554251842674,0.8906383157377267,-1.4511014377293243,-1.2702707152799677,False,4.800000000000001,0.05,0.02,0.02,1.0,0.2,0.0,0.0,36,72
1.434955735869148,-0.2633403416411777,0.0367443002322704,13.042503535799971,29.714163475642412,-11.375256944532884,9.178518205074496,-0.5231957977422688,1.3952496555473315,-1.0516243203096225,-1.175817607432653,False,4.800000000000001,0.05,0.02,0.02,1.0,0.2,0.0,0.0,36,73
1.436098321647923,-0.2675564149379764,0.0411719790597036,12.926051770816024,27.06760555776162,-11.674610816171,10.875785318471973,-0.5195442153610359,1.3719426429730048,-0.878702882437697,-1.3175033299105154,False,4.800000000000001,0.05,0.02,0.02,1.0,0.2,0.0,0.0,36,74
1.4345587407616478,-0.2654261298422031,0.0394516473789348,13.27656919077858,6.839074775676162,-11.046374622429918,9.650935806245146,-0.6857818261491418,1.6927246549687662,-1.5273318229933603,-1.262452716125915,False,4.800000000000001,0.05,0.02,0.02,1.0,0.2,0.0,0.0,36,75
1.436667731278915,-0.2652399441181925,0.0425057736325756,13.39500245976374,4.660039557112084,-11.77390206498619,11.050149078387625,-0.7187355973616312,1.3135260504697288,-1.4923006062855717,-1.360184756242422,False,4.800000000000001,0.05,0.02,0.02,1.0,0.2,0.0,0.0,36,76
1.4347669726112962,-0.2666174224430377,0.0415231124278809,13.323615847036658,21.812573548701494,-12.74134121980084,9.19244630019866,-0.9469519462101226,2.034943325059616,-1.6811486300982204,-1.3287395976921914,False,4.800000000000001,0.05,0.02,0.02,1.0,0.2,0.0,0.0,36,77
1.4361063399227547,-0.2622861978348709,0.0419647408568568,13.153545565038618,23.96716981047689,-11.696444710436998,10.26945887560327,-0.5918661849851015,1.3066117766664087,-1.622619546651414,-1.34287170741942,False,4.800000000000001,0.05,0.02,0.02,1.0,0.2,0.0,0.0,36,78
1.4369754129752934,-0.263101831157003,0.0366155230258105,13.232449588571406,10.876408703484628,-11.364762234661915,9.796658116977271,-0.3422730473892698,1.8045797243248467,-1.349080649671333,-1.1716967368259374,False,4.800000000000001,0.05,0.02,0.02,1.0,0.2,0.0,0.0,36,79
1.4343544060917506,-0.2653584338014978,0.0412052162778969,12.616296167289228,16.493631641812943,-11.889970880869052,10.731497053252454,-0.7296320541143064,1.9575585550396943,-1.0422931931750068,-1.3185669208927036,False,4.800000000000001,0.05,0.02,0.02,1.0,0.2,0.0,0.0,36,80
1.429758124249293,-0.263000714538654,0.0407285052448698,13.030436468195877,41.09881534338622,-11.552937864265216,9.834102858695596,-0.7128588316863802,1.946983277218488,-1.926279535227956,-1.3033121678358344,False,4.800000000000001,0.05,0.02,0.02,1.0,0.2,0.0,0.0,36,81
1.4332298000185155,-0.2657676656095866,0.0454722728136486,13.048761491629891,31.889501438214563,-11.66367835230365,10.3095623544057,-0.4505091882679707,1.1301620227610625,-1.245287098604817,-1.4551127300367572,False,4.800000000000001,0.05,0.02,0.02,1.0,0.2,0.0,0.0,36,82
1.4316636253772863,-0.2657657994757738,0.0431627465767119,12.412242019332757,11.709326735696653,-11.850008402348722,9.391501241787523,-0.7681028155721682,0.789958012857976,-0.1788501844249113,-1.381207890454781,False,4.800000000000001,0.05,0.02,0.02,1.0,0.2,0.0,0.0,36,83
1.4325098484714271,-0.2651501867840293,0.0405944062958059,13.045718752263069,7.942599879086027,-12.675105233546224,10.160923127675035,-0.673463982653254,2.108491327900757,-1.5880858318723026,-1.2990210014657904,False,4.800000000000001,0.05,0.02,0.02,1.0,0.2,0.0,0.0,36,84
1.43300524799517,-0.263758408208443,0.040206006317805,12.93033799171658,20.44945559918296,-12.19303208391722,10.435833881273936,-0.7549485135104084,1.4505676283568718,-1.0296726611352796,-1.2865922021697611,False,4.800000000000001,0.05,0.02,0.02,1.0,0.2,0.0,0.0,36,85
1.4363107634220194,-0.2623003926229723,0.0381349092260592,13.163841862631308,14.42539149210212,-12.776494241282036,10.351784728082349,-0.7099364805160506,1.9059877105508136,-2.089430608756425,-1.220317095233896,False,4.800000000000001,0.05,0.02,0.02,1.0,0.2,0.0,0.0,36,86
1.4311140435252143,-0.2617151194799233,0.0409534232259162,13.169821102084764,24.167661875338275,-11.595420479581463,9.744097989358512,-0.5020581674670279,1.1965353384308908,-1.2935465574694072,-1.3105095432293217,False,4.800000000000001,0.05,0.02,0.02,1.0,0.2,0.0,0.0,36,87
1.4325466693500848,-0.2631195064952374,0.0388202967422589,13.123732931496702,22.59970487012238,-11.131257999780184,10.069386068922675,-0.8697642381889474,1.566695613178121,-1.8287053052442304,-1.2422494957522865,False,4.800000000000001,0.05,0.02,0.02,1.0,0.2,0.0,0.0,36,88
1.4343776414313585,-0.2648191351428047,0.0412537761384197,13.203472049014485,17.963887302378343,-11.26829128578082,9.336299626207037,-0.4716419955624986,1.3551732175017008,-1.6901564723135158,-1.3201208364294312,False,4.800000000000001,0.05,0.02,0.02,1.0,0.2,0.0,0.0,36,89
1.4294441502482893,-0.2654897037093582,0.0408850314015448,13.211949564858516,25.816695228643667,-12.112564383491446,10.321183188707746,-0.7349989609576415,2.002954180916145,-2.0894801975355506,-1.308321004849434,False,4.800000000000001,0.05,0.02,0.02,1.0,0.2,0.0,0.0,36,90
1.4328651410510946,-0.2630376673399759,0.0412224340193986,12.957298970250962,21.357845940205014,-11.547422849795774,9.148245620877562,-0.3550100785438116,1.2909778436632122,-1.0964349574261885,-1.3191178886207569,False,4.800000000000001,0.05,0.02,0.02,1.0,0.2,0.0,0.0,36,91
1.4365040601419097,-0.2635970934556794,0.0395385902612127,13.14802347340185,12.567356589573365,-11.352434279275426,10.197049606348283,-0.5108190917641073,1.4748924214056485,-1.1459106724229802,-1.2652348883588096,False,4.800000000000001,0.05,0.02,0.02,1.0,0.2,0.0,0.0,36,92
1.434342921647061,-0.2675191415518795,0.0412378835917603,12.977217667397014,23.788628975449708,-11.89104589722627,10.470913698876346,-1.012312078300713,0.8344377264796508,-0.7615046925909387,-1.319612274936331,False,4.800000000000001,0.05,0.02,0.02,1.0,0.2,0.0,0.0,36,93
1.4356924105043458,-0.2643376309966253,0.0402348971299897,13.572371076886784,4.1129589681905845,-12.278251912122228,8.96156489414342,-0.698236325033044,1.599499264615197,-1.2204352802387792,-1.2875167081596728,False,4.800000000000001,0.05,0.02,0.02,1.0,0.2,0.0,0.0,36,94
1.431540423527675,-0.265431493024937,0.0426203292879776,12.885845899094615,8.35168698218339,-11.998000862561936,10.657021923271682,-0.6227896177673163,1.5213902109321973,-1.3813850555577871,-1.3638505372152845,False,4.800000000000001,0.05,0.02,0.02,1.0,0.2,0.0,0.0,36,95
1.433628833553546,-0.2638825535832323,0.0407545404289008,13.15066393255642,23.92190308776524,-10.986217531590954,10.192218806821447,-0.809749573752442,1.625063062025481,-0.7679925072423616,-1.3041452937248277,False,4.800000000000001,0.05,0.02,0.02,1.0,0.2,0.0,0.0,36,96
1.4336276122236242,-0.265940031011391,0.0420571343122671,13.009670992785065,20.090576765364293,-12.234995620109954,10.318686758667493,-0.7498378096965523,1.2411784895003612,-1.812711083224216,-1.3458282979925476,False,4.800000000000001,0.05,0.02,0.02,1.0,0.2,0.0,0.0,36,97
1.4365550591590237,-0.2672677315818618,0.0386049809578886,13.120724606486544,5.421257836246728,-12.748125109269894,9.101474554269036,-0.7389256913941813,2.0350473851739705,-0.6223591900733526,-1.2353593906524385,False,4.800000000000001,0.05,0.02,0.02,1.0,0.2,0.0,0.0,36,98
1.4345274921713738,-0.2644244431410407,0.0423015738134321,12.917266368214497,26.973928835970256,-12.740408146586368,9.870126989306232,-0.6306446959272399,1.528170119963264,-1.296779840350361,-1.3536503620298292,False,4.800000000000001,0.05,0.02,0.02,1.0,0.2,0.0,0.0,36,99
3.185078836285609,-0.4619022758894571,0.0568154716641783,16.10921582403196,5.094151551190357,-17.665629962384422,19.126203483595408,0.7693914247987909,0.8922632689180692,-0.9260033670440466,-1.818095093253708,False,4.800000000000001,0.05,0.02,0.02,1.0,0.2,0.0,0.0,40,0
3.1726787741345395,-0.4564731779623594,0.0498969269385102,16.132651590565203,26.4637503000446,-20.62364441945745,18.11623468875864,-0.0005173505707109,1.0353130785505154,-1.9543915943951065,-1.5967016620323269,False,4.800000000000001,0.05,0.02,0.02,1.0,0.2,0.0,0.0,40,1
3.186336843448156,-0.460884366654999,0.0495201296278414,15.551095675022804,-17.092043034805833,-20.18708237961732,19.613496312744484,0.1692698183349404,2.644512170517186,-1.6762859990903658,-1.5846441480909277,False,4.800000000000001,0.05,0.02,0.02,1.0,0.2,0.0,0.0,40,2
3.183382643872712,-0.4613819517314746,0.059162237375743,15.657201169108692,-5.226069741725912,-21.50129311606213,20.13396431607432,0.1142468421975298,0.6526067784381151,-1.3891809332007292,-1.893191596023779,False,4.800000000000001,0.05,0.02,0.02,1.0,0.2,0.0,0.0,40,3
3.186857318618099,-0.4592276737550542,0.0471564489215458,16.017545176554325,-13.60654661261345,-17.407343709950496,17.065846337405414,0.0581057705404323,1.6867264963048392,-1.366389031157068,-1.509006365489468,False,4.800000000000001,0.05,0.02,0.02,1.0,0.2,0.0,0.0,40,4
3.1806472084034536,-0.4591760972799096,0.0515254551510609,15.972353767869905,11.599319712515,-21.05041471147549,18.18986980161008,-0.1092750896837605,1.7956597341330318,-2.5037104941989456,-1.6488145648339494,False,4.800000000000001,0.05,0.02,0.02,1.0,0.2,0.0,0.0,40,5
3.1822038865457305,-0.4597069255977348,0.0497793857457013,14.931829234867113,8.594736151826211,-20.341460480310527,16.361393857201335,0.6415366189651871,1.9812777549890368,-0.1901635285689189,-1.5929403438624443,False,4.800000000000001,0.05,0.02,0.02,1.0,0.2,0.0,0.0,40,6
3.185176861813654,-0.4635980845689394,0.0467797424426557,16.00629958196756,-11.40405826392366,-19.63208682522091,17.778475179089213,-0.0991485382750546,0.8639405306484449,-1.6710644433574644,-1.4969517581649854,False,4.800000000000001,0.05,0.02,0.02,1.0,0.2,0.0,0.0,40,7
3.1799206281028773,-0.4549136072963289,0.0509923278823572,16.446342022237648,17.77994773307818,-19.75682154016921,17.22267242178449,-0.515909552914916,-0.0580356480246979,-1.1001439309818932,-1.6317544922354337,False,4.800000000000001,0.05,0.02,0.02,1.0,0.2,0.0,0.0,40,8
3.185420199887129,-0.455440303925744,0.0472871369381938,16.884659147668415,-11.947558673769896,-22.68371384132004,18.00518350273562,-0.103854108663171,2.4247717870595964,-1.575939594733124,-1.5131883820222043,False,4.800000000000001,0.05,0.02,0.02,1.0,0.2,0.0,0.0,40,9
3.1924467685444005,-0.461799479264549,0.0489206730903862,15.89623607461272,-4.716281225863186,-19.564481854605077,17.42491460316405,0.1151105244010758,1.5721030608488749,-0.779052955340581,-1.565461538892359,False,4.800000000000001,0.05,0.02,0.02,1.0,0.2,0.0,0.0,40,10
3.1952294536486545,-0.4637713031768103,0.045253579098514,15.537145984612271,-25.163197061408283,-18.87477497244045,18.2837623033188,0.4557295872831814,1.850232232820952,-0.7699941967513553,-1.448114531152449,False,4.800000000000001,0.05,0.02,0.02,1.0,0.2,0.0,0.0,40,11
3.187673904454005,-0.4578882532325591,0.0487786197931353,15.541473378667646,-22.451294414321712,-17.54069582315792,16.785733359955476,0.0006986739789131,2.293951413035736,-0.2719678826483229,-1.560915833380332,False,4.800000000000001,0.05,0.02,0.02,1.0,0.2,0.0,0.0,40,12
3.1906195144470573,-0.4610881034347513,0.0469997633900356,15.826039818340409,-20.826612981271754,-21.532425290679456,16.697505785927493,0.4655922616509834,1.945250481806514,-0.9478049353595474,-1.5039924284811417,False,4.800000000000001,0.05,0.02,0.02,1.0,0.2,0.0,0.0,40,13
3.187499038660049,-0.4591180123176497,0.0477969608024441,15.958022768701085,-11.069276375204272,-19.53289586329671,17.33884544529121,0.2008141855571454,1.6529313713006075,-0.8023279043152919,-1.5295027456782126,False,4.800000000000001,0.05,0.02,0.02,1.0,0.2,0.0,0.0,40,14
3.1861741403690425,-0.462587778627006,0.0467974095967554,15.828543836703322,-2.8899476206067845,-20.23638016900109,16.214397603637728,0.1440838824877721,3.6918671369141385,-1.248421991632252,-1.4975171070961733,False,4.800000000000001,0.05,0.02,0.02,1.0,0.2,0.0,0.0,40,15
3.183954480464476,-0.4562873863875364,0.0496330517069399,15.848725416366287,-2.95751723562268,-18.649925948678245,19.555969971911345,0.0035219819768948,2.4654718233050668,-2.3661932120469653,-1.588257654622079,False,4.800000000000001,0.05,0.02,0.02,1.0,0.2,0.0,0.0,40,16
3.181840987631368,-0.4614142809803472,0.0498815257184138,16.864109892502988,11.543860406680436,-18.749412515344385,18.70427427181507,0.9264758512179664,1.3012645699838044,-0.9071237607482252,-1.5962088229892448,False,4.800000000000001,0.05,0.02,0.02,1.0,0.2,0.0,0.0,40,17
3.1892070341616763,-0.458661461446622,0.0485364661315267,16.028922028045216,-7.217907627810654,-20.00740614120657,17.383526739502667,0.5056037518968082,1.4907481959605646,-1.33957299926991,-1.5531669162088575,False,4.800000000000001,0.05,0.02,0.02,1.0,0.2,0.0,0.0,40,18
3.190958641773381,-0.4575479598681061,0.0513259474010771,16.343330216859123,6.253272199255192,-18.92333181547002,18.839352090047857,0.1662582864248482,2.12709904811367,-2.646285369107402,-1.6424303168344696,False,4.800000000000001,0.05,0.02,0.02,1.0,0.2,0.0,0.0,40,19
3.1853823871121763,-0.4571358771211325,0.0500211788497501,15.879598866127523,8.579453128973528,-20.888549951749056,15.283589205847305,0.0841938466212526,1.4414238733097264,-1.341424622007648,-1.6006777231920049,False,4.800000000000001,0.05,0.02,0.02,1.0,0.2,0.0,0.0,40,20
3.184051002514438,-0.4575475299620781,0.0495531537313659,16.27533597574002,-12.398149621662949,-22.040154259473724,17.027853241346993,-0.032283335204872,0.0354824746250843,-0.5691293545059382,-1.5857009194037113,False,4.800000000000001,0.05,0.02,0.02,1.0,0.2,0.0,0.0,40,21
3.172310651297824,-0.463605590585955,0.0548352051547469,16.00086050074689,14.555521840962342,-21.45503161683719,16.395646877498937,0.0653481684266007,1.6222941542742964,-0.4025295704619687,-1.754726564951904,False,4.800000000000001,0.05,0.02,0.02,1.0,0.2,0.0,0.0,40,22
3.1785837239796515,-0.4582140462141278,0.0510275630997428,16.309474899337346,3.4532517762001538,-20.662931306416397,16.85817662603696,-0.1676443277878363,0.7048940085957016,-2.206645185050262,-1.632882019191772,False,4.800000000000001,0.05,0.02,0.02,1.0,0.2,0.0,0.0,40,23
3.182566833091872,-0.4591201609551935,0.0540875872521634,15.400174660867949,1.0751585160332775,-20.863337759241876,17.518263961014032,0.7337483880121306,2.8777148519849143,-1.3063782977884395,-1.73080279206923,False,4.800000000000001,0.05,0.02,0.02,1.0,0.2,0.0,0.0,40,24
3.1856282136115097,-0.4651774994549456,0.045143766619549,15.459601967781763,-7.794447037989373,-20.28857268124815,16.79582069015394,0.3238446463346134,1.6736891108087972,-2.58762266329422,-1.444600531825569,False,4.800000000000001,0.05,0.02,0.02,1.0,0.2,0.0,0.0,40,25
3.1888288057485554,-0.4672271998221046,0.0525403872741758,16.052235211805357,8.243651819909491,-20.453952047311745,18.465296819744125,0.0565742154138618,0.4906328669714028,-2.2787261405215125,-1.6812923927736283,False,4.800000000000001,0.05,0.02,0.02,1.0,0.2,0.0,0.0,40,26
3.186326121359023,-0.4604935738062953,0.0516230280645338,15.915849597483945,-5.171989331793218,-21.172311615500664,16.32877895143382,0.0889261217926371,1.2026685585674537,0.052157091147948,-1.6519368980650833,False,4.800000000000001,0.05,0.02,0.02,1.0,0.2,0.0,0.0,40,27
3.186136430136204,-0.4579782007280596,0.0472595970535594,15.55218219515492,-9.100961757129085,-19.74060240873765,14.7533966646052,0.5024021961223621,1.8224939566994596,-1.5381249838599893,-1.5123071057139017,False,4.800000000000001,0.05,0.02,0.02,1.0,0.2,0.0,0.0,40,28
3.178288983980497,-0.4605835187286733,0.0514681555648643,16.93493872491759,9.493589711846855,-20.92974558273765,19.54528913553663,0.1488516068604758,2.1621092562166777,-1.470371182239033,-1.6469809780756592,False,4.800000000000001,0.05,0.02,0.02,1.0,0.2,0.0,0.0,40,29
3.1876725279261646,-0.4619835765830952,0.0469646895739235,15.866479568233752,-16.953922964998224,-20.31083643687784,15.92626100258979,0.5960830047340988,1.8403615584361728,-2.007633089243245,-1.5028700663655543,False,4.800000000000001,0.05,0.02,0.02,1.0,0.2,0.0,0.0,40,30
3.173553031835161,-0.4556139610164707,0.0542933737599842,15.464204378197056,36.69617964183291,-20.289522013717672,19.533303422019088,-0.1778813347989446,2.4993756089114654,-1.6398327751729411,-1.7373879603194973,False,4.800000000000001,0.05,0.02,0.02,1.0,0.2,0.0,0.0,40,31
3.1866817008298303,-0.4620435394770876,0.0505065654790852,16.094361637278347,1.1044222292120367,-17.83769232864253,19.126542699133093,0.5760116814048503,1.9366911766286088,-1.8302809398438835,-1.6162100953307283,False,4.800000000000001,0.05,0.02,0.02,1.0,0.2,0.0,0.0,40,32
3.180452780645037,-0.4586504223550848,0.045238278902861,15.024060292849889,31.134748006154812,-22.03759429749837,17.526019713703356,0.5124421529455201,2.0391326037767907,-2.064045059278614,-1.4476249248915545,False,4.800000000000001,0.05,0.02,0.02,1.0,0.2,0.0,0.0,40,33
3.19050605225128,-0.4529230215844004,0.0455069648192754,16.267726934712954,-9.389776970197047,-19.40274656447131,16.45140938573487,-0.001702098184983,2.6015358622600453,-2.409470398342819,-1.4562228742168135,False,4.800000000000001,0.05,0.02,0.02,1.0,0.2,0.0,0.0,40,34
3.183605339421863,-0.4621465122148496,0.0508315618289549,16.75881454948925,-22.099672788329805,-23.262337871674557,18.905402446284505,0.1670445571206372,0.8140080268771188,-1.704364598027026,-1.6266099785265589,False,4.800000000000001,0.05,0.02,0.02,1.0,0.2,0.0,0.0,40,35
3.1835707137043747,-0.4592248620279781,0.0506460599561702,16.11084509109506,16.59915909537234,-21.940907848220636,17.86577540410313,0.5236000148788553,2.27625019915932,-0.8991665675493201,-1.6206739185974477,False,4.800000000000001,0.05,0.02,0.02,1.0,0.2,0.0,0.0,40,36
3.1778055763705786,-0.4616060968718154,0.0540341113127267,14.88506473008318,24.519143902749505,-19.966222741742182,18.931975508835365,1.1959724905665727,0.1981969406536909,0.6234231194341402,-1.7290915620072551,False,4.800000000000001,0.05,0.02,0.02,1.0,0.2,0.0,0.0,40,37
3.184970906768032,-0.4640656747771337,0.0496526500392751,16.044776673823204,6.687444687966851,-20.885650043719146,17.07695352083179,-0.0312154212253862,1.7673872131197217,0.2891047652344369,-1.5888848012568055,False,4.800000000000001,0.05,0.02,0.02,1.0,0.2,0.0,0.0,40,38
3.183166825605873,-0.4536619405998794,0.0485034450316101,16.519777911395163,24.46792310811799,-20.167608159347186,16.900913105697004,-0.3555442203961573,1.837808061715596,-1.6093575533602076,-1.5521102410115266,False,4.800000000000001,0.05,0.02,0.02,1.0,0.2,0.0,0.0,40,39
3.183979008797781,-0.4605885482376418,0.0482635016812209,15.396844359172064,13.0082964079643,-21.451847554429836,15.045055381804188,-0.0351622280458532,1.818508465209518,-1.819198317744078,-1.54443205379907,False,4.800000000000001,0.05,0.02,0.02,1.0,0.2,0.0,0.0,40,40
3.1875781746517617,-0.458620296081039,0.0486168130182962,16.101645259752253,-3.115950253791403,-19.57056728198982,18.298566494514912,0.0428317647865531,1.884046878974768,-1.1667950413463517,-1.5557380165854788,False,4.800000000000001,0.05,0.02,0.02,1.0,0.2,0.0,0.0,40,41
3.1867376714358837,-0.4579487397386266,0.048057868891063,15.606602891616618,-23.401573738585792,-22.16656546950579,17.38494922736314,0.2525677328023532,3.0124556429920104,-0.6535402836817273,-1.5378518045140164,False,4.800000000000001,0.05,0.02,0.02,1.0,0.2,0.0,0.0,40,42
3.192524798203645,-0.4637965513897967,0.0461702150419324,15.26796122194081,-5.554899244355464,-19.58781819307945,16.812526097112023,0.3309848479940698,1.5781851421557138,-1.4416404094721975,-1.4774468813418384,False,4.800000000000001,0.05,0.02,0.02,1.0,0.2,0.0,0.0,40,43
3.18879166121859,-0.462510548820025,0.0483257076475392,16.85392729291415,-14.853019828370126,-19.901117820037857,18.63654812851639,0.5992546184524737,1.5900656847688224,-1.3171109227220428,-1.5464226447212557,False,4.800000000000001,0.05,0.02,0.02,1.0,0.2,0.0,0.0,40,44
3.1808821902235813,-0.4569655166956101,0.0469034286477457,16.349835961661572,-1.346041552167716,-19.82025627206013,17.581921489029114,0.0026079976811026,2.147540928978022,-1.3292265690902485,-1.500909716727865,False,4.800000000000001,0.05,0.02,0.02,1.0,0.2,0.0,0.0,40,45
3.194625296208468,-0.4596653559533815,0.0520950221172479,15.588890754219,1.7512763823157216,-18.044846786075123,16.82567312335326,0.4179591363708785,0.977903025900825,-0.7780503224904566,-1.6670407077519331,False,4.800000000000001,0.05,0.02,0.02,1.0,0.2,0.0,0.0,40,46
3.1861186228866623,-0.4612764819619219,0.0539891133462316,16.093759101291692,-8.527973290643626,-22.723641330289624,16.599824711797893,-0.3742146461781575,1.1956014750107449,-1.236935920448111,-1.7276516270794116,False,4.800000000000001,0.05,0.02,0.02,1.0,0.2,0.0,0.0,40,47
3.182891256160641,-0.4581688965186632,0.0484520656782065,15.942757260398336,-2.777854045739113,-19.233702687930045,15.601605755556015,0.2161238106753203,1.038891236713092,-2.537511696200111,-1.5504661017026091,False,4.800000000000001,0.05,0.02,0.02,1.0,0.2,0.0,0.0,40,48
3.183292164925728,-0.4622837825769002,0.0534621288480507,16.495272364056625,6.591919664956277,-18.226740339242244,19.54032583166702,0.1645520648358973,1.7436573834001354,-0.946969594051981,-1.710788123137625,False,4.800000000000001,0.05,0.02,0.02,1.0,0.2,0.0,0.0,40,49
3.1832656399482127,-0.4573614361811098,0.0516554574125188,16.445635510432467,13.416681151098327,-19.02227602930271,18.43019927877029,0.5532076525541252,2.1535057483530315,-1.3159265750511686,-1.652974637200604,False,4.800000000000001,0.05,0.02,0.02,1.0,0.2,0.0,0.0,40,50
3.1828934774293187,-0.4586901658016257,0.0477656050076913,16.625227090939617,-23.723152695832145,-21.97816720393273,17.50016757326175,0.1824400954979787,2.6341587071064763,-1.6356477762332544,-1.528499360246122,False,4.800000000000001,0.05,0.02,0.02,1.0,0.2,0.0,0.0,40,51
3.178280351735735,-0.4581759322202116,0.0501970033499815,15.873893234151469,6.959683620742869,-21.164396912313755,18.739143723862284,0.3582199605755843,3.4864828376276957,-1.5856437861708137,-1.6063041071994095,False,4.800000000000001,0.05,0.02,0.02,1.0,0.2,0.0,0.0,40,52
3.1841227267553407,-0.4622796934864878,0.0540696602094468,15.309099813721732,-14.160883975311949,-21.259634829897763,18.278172043745155,0.7627590112038657,2.091447295665748,-1.7128140741843851,-1.7302291267022982,False,4.800000000000001,0.05,0.02,0.02,1.0,0.2,0.0,0.0,40,53
3.1867050380929207,-0.4622507983181173,0.0525159646723075,16.260156601593064,-12.113047136425973,-19.267970177934505,16.019003499139522,-0.2589279344001335,0.7258799920814547,-1.445970933868747,-1.6805108695138424,False,4.800000000000001,0.05,0.02,0.02,1.0,0.2,0.0,0.0,40,54
3.1806330568328707,-0.458890805901226,0.051030597409727,15.63870842350778,2.354482207472841,-19.598855090686804,14.856308320771578,0.290341108165734,0.3339651369578724,-0.336113502119028,-1.6329791171112673,False,4.800000000000001,0.05,0.02,0.02,1.0,0.2,0.0,0.0,40,55
3.182688235354004,-0.4575093606773201,0.0515386635251043,15.515863529441065,-4.157814976408929,-23.00823543715061,17.966672470927573,0.3615041746764703,2.241188297100587,-3.341167059531696,-1.649237232803339,False,4.800000000000001,0.05,0.02,0.02,1.0,0.2,0.0,0.0,40,56
3.180723056657357,-0.4577543907355563,0.0480368638225933,15.218441528067055,23.582041589699717,-19.333242848669222,19.971872803460343,-0.0368491451887101,1.8377388856309245,0.2513402624687804,-1.537179642322987,False,4.800000000000001,0.05,0.02,0.02,1.0,0.2,0.0,0.0,40,57
3.183677204859412,-0.4584252561599672,0.0477142677813289,16.411775158558193,19.990005329631572,-20.003869303503272,17.407489506640534,0.2953525782942798,1.2451072436749993,-1.8883446137066373,-1.5268565690025269,False,4.800000000000001,0.05,0.02,0.02,1.0,0.2,0.0,0.0,40,58
3.18354922604142,-0.4566596817659958,0.0472768140314586,15.651004316956763,-19.07054402737203,-19.69793259424721,17.733402830220268,0.3453398506558043,1.667110136699582,-0.3681048937224125,-1.512858049006677,False,4.800000000000001,0.05,0.02,0.02,1.0,0.2,0.0,0.0,40,59
3.184606402065578,-0.4573651349638887,0.0455112007297907,16.685420758573265,10.964885975902996,-20.647488082532824,18.24954066588,0.1136994181439697,1.973677296510752,-0.3971695459589701,-1.4563584233533042,False,4.800000000000001,0.05,0.02,0.02,1.0,0.2,0.0,0.0,40,60
3.1755248437629184,-0.4591183954947186,0.0533221562470815,15.245442613871951,37.3100367899744,-19.29603934333432,16.78364081924914,0.489486410914399,2.3485929996989534,-0.7228992348693023,-1.7063089999066106,False,4.800000000000001,0.05,0.02,0.02,1.0,0.2,0.0,0.0,40,61
3.186464032952132,-0.4543436580983611,0.0525352284141726,16.00752323798653,-8.050475308132919,-21.009216398485712,16.12474742977411,0.2593920741709665,1.5342473686541207,-2.0495413228028747,-1.6811273092535253,False,4.800000000000001,0.05,0.02,0.02,1.0,0.2,0.0,0.0,40,62
3.182810494644812,-0.4620415261872763,0.0511295894978068,15.963227507926172,-12.024523415062667,-21.573730094361174,17.14221569762571,0.1965753446303594,2.1407286664595566,-0.5956235756772346,-1.6361468639298191,False,4.800000000000001,0.05,0.02,0.02,1.0,0.2,0.0,0.0,40,63
3.18147476095559,-0.4535166426792698,0.0468144514496213,15.427860685655665,11.464278649363752,-20.09782838942197,18.244936268706507,-0.3790271855468884,1.0907252269947083,-0.826351358755657,-1.4980624463878849,False,4.800000000000001,0.05,0.02,0.02,1.0,0.2,0.0,0.0,40,64
3.184284865071481,-0.4613893046481083,0.0473122034355587,14.980249959973529,2.3690475587099966,-20.98017337529204,17.456299049612948,0.1181922764808224,1.2271841361308282,-2.7115443626005487,-1.5139905099378803,False,4.800000000000001,0.05,0.02,0.02,1.0,0.2,0.0,0.0,40,65
3.187224823127372,-0.4658208919946632,0.0468861845819069,17.120791985576247,0.8503422488955188,-19.281183639477163,19.74368313342945,0.090902874111458,2.226448821206441,-0.1870452060541043,-1.5003579066210224,False,4.800000000000001,0.05,0.02,0.02,1.0,0.2,0.0,0.0,40,66
3.1881723751235853,-0.4591817983780578,0.0466048571012458,15.768082587739404,2.4447117377529763,-18.91903545642226,17.649346637878466,0.4547745842129977,3.28307502995194,-1.7733597588297534,-1.491355427239868,False,4.800000000000001,0.05,0.02,0.02,1.0,0.2,0.0,0.0,40,67
3.1910215655778917,-0.4635735840053863,0.0462167514501556,16.088298378308156,-9.677570802664302,-17.74948767876615,16.95375040054059,-0.0142358963672169,0.6754847617938566,-1.2131308064644235,-1.4789360464049794,False,4.800000000000001,0.05,0.02,0.02,1.0,0.2,0.0,0.0,40,68
3.18271476482424,-0.4637462350399635,0.0530805273341202,15.528724367954911,32.10698266040376,-20.591813331365096,18.3542687203914,0.0971817934131431,1.2450547750729393,-0.7914556621497177,-1.6985768746918468,False,4.800000000000001,0.05,0.02,0.02,1.0,0.2,0.0,0.0,40,69
3.1798088971986043,-0.4588694427631251,0.0561257782510127,16.060873698343066,12.137793626807255,-20.11298759148119,19.518264033795425,0.0529154883172744,0.9625433496483182,-1.814824322315072,-1.7960249040324083,False,4.800000000000001,0.05,0.02,0.02,1.0,0.2,0.0,0.0,40,70
3.188662294400517,-0.461046745433159,0.047753118599552,15.640364037182993,-21.01855771195776,-19.90896543145683,18.09853911705239,0.5408283057760762,2.1264663126854133,-0.4735002186961885,-1.528099795185667,False,4.800000000000001,0.05,0.02,0.02,1.0,0.2,0.0,0.0,40,71
3.1863790936593084,-0.4588969966287488,0.0481140334374514,14.985872571936213,-0.1280175821801744,-19.539332573483183,17.436301639459373,0.4874807137866629,0.3549090937025483,-2.027713064722368,-1.5396490699984464,False,4.800000000000001,0.05,0.02,0.02,1.0,0.2,0.0,0.0,40,72
3.182712078300154,-0.4627798277841772,0.0534883569690686,15.417371925339216,0.1958831670665614,-19.073440328791545,16.16206779368788,0.2731117102409042,1.7312969429140097,-1.627934159912618,-1.711627423010196,False,4.800000000000001,0.05,0.02,0.02,1.0,0.2,0.0,0.0,40,73
3.187173933926903,-0.4581164061436918,0.049007686175779,15.113760575783385,-12.347358152556284,-23.037485339207816,16.94554167238985,-0.0019696564874394,1.8101414594297869,-2.3952817010398064,-1.5682459576249312,False,4.800000000000001,0.05,0.02,0.02,1.0,0.2,0.0,0.0,40,74
3.197321571536252,-0.4623777170199926,0.0478798469488127,16.18951489364498,-12.810693704085477,-19.71126898273529,14.916568704925275,0.4172825698282688,2.826543481165636,-0.6883752083961869,-1.5321551023620097,False,4.800000000000001,0.05,0.02,0.02,1.0,0.2,0.0,0.0,40,75
3.18663962871478,-0.4602308918040741,0.0485730293805116,15.786262373800794,-17.291386928445938,-21.815698418839645,18.527482223373305,0.4653472076919852,2.230481776907321,-1.531074727111015,-1.5543369401763731,False,4.800000000000001,0.05,0.02,0.02,1.0,0.2,0.0,0.0,40,76
3.1851728923703373,-0.4577791269205818,0.0520969922420269,15.676028009467732,7.038017272647002,-19.587384555205297,15.63321425240975,0.8154779791050247,1.175039010868916,-0.8117259769113215,-1.6671037517448637,False,4.800000000000001,0.05,0.02,0.02,1.0,0.2,0.0,0.0,40,77
3.187220317392315,-0.4608732811555213,0.0497233874793571,15.679049531446031,10.603397261307816,-18.66470782151378,17.186536854537593,-0.0449334081026849,1.931206084730443,-0.8243532946192031,-1.5911483993394289,False,4.800000000000001,0.05,0.02,0.02,1.0,0.2,0.0,0.0,40,78
3.1952790691557795,-0.4651101812469596,0.0456058120519073,14.843439991622112,-13.74106561798772,-19.612316493453804,15.176716683560992,0.0254842735854599,0.6182624905960799,-1.5676372767784597,-1.4593859856610365,False,4.800000000000001,0.05,0.02,0.02,1.0,0.2,0.0,0.0,40,79
3.172540056178112,-0.4499858879690178,0.0508873010518716,15.163603829897358,8.354653545458184,-21.69378884635347,18.23287150308167,0.218370159030172,1.5831527486104613,-1.8676348143449149,-1.6283936336598923,False,4.800000000000001,0.05,0.02,0.02,1.0,0.2,0.0,0.0,40,80
3.1793005920347333,-0.4575338975884899,0.0542769712425035,16.037983804985217,-13.572792341682511,-19.88902231511541,20.224696666907583,0.2587169625765621,2.4260070428855984,-0.7890674391700495,-1.7368630797601143,False,4.800000000000001,0.05,0.02,0.02,1.0,0.2,0.0,0.0,40,81
3.186040919935225,-0.4655259825720128,0.0514321145379625,16.29124196419294,-5.673898526023839,-20.67253654824485,18.342860700797186,0.1637484591752835,3.36601081612022,-0.5699088043672573,-1.6458276652148034,False,4.800000000000001,0.05,0.02,0.02,1.0,0.2,0.0,0.0,40,82
3.1832689379344914,-0.4575645039387819,0.0516564990704515,15.936661238288965,15.071444437825548,-22.39704357510089,16.234157008591733,0.4035002422236038,3.6128242034734432,-0.8930382996711933,-1.6530079702544491,False,4.800000000000001,0.05,0.02,0.02,1.0,0.2,0.0,0.0,40,83
3.1805739411915552,-0.4590078110125127,0.0502542895384409,15.584816588827463,12.42118782634982,-20.14771267739427,18.951649074228964,-0.0326044750854657,3.7675418879937217,-0.3723883601127578,-1.6081372652301114,False,4.800000000000001,0.05,0.02,0.02,1.0,0.2,0.0,0.0,40,84
3.183732844523886,-0.4554734242271809,0.0471968477463425,16.612805627436863,-1.964467003886465,-19.909711035974613,16.98228225391226,-0.165075934293691,3.632818129293032,-1.2157485278973563,-1.5102991278829632,False,4.800000000000001,0.05,0.02,0.02,1.0,0.2,0.0,0.0,40,85
3.1953202576657027,-0.461690792826292,0.045496551778635,15.576882921302946,-20.97781950063386,-19.979832102702577,18.591973157033667,0.4045897257131771,0.5141365393241597,-1.522579506110216,-1.455889656916323,False,4.800000000000001,0.05,0.02,0.02,1.0,0.2,0.0,0.0,40,86
3.190112965515129,-0.461361422404374,0.0491443675248914,15.497674097971109,-15.107135000466776,-21.05297452840413,15.45721708029697,0.5682334687288221,1.8970826845969988,-1.194663362684079,-1.5726197607965278,False,4.800000000000001,0.05,0.02,0.02,1.0,0.2,0.0,0.0,40,87
3.1752953968685467,-0.4553356432532122,0.0510652091502739,15.549923609194698,12.193457871851104,-18.602259253949832,17.399985135982824,0.3156704797944195,0.9411020035743216,-2.6359939406994384,-1.6340866928087672,False,4.800000000000001,0.05,0.02,0.02,1.0,0.2,0.0,0.0,40,88
3.180952626621218,-0.4608607197024535,0.0454163833093956,15.69025560992935,-0.8991138282165104,-19.228968171033895,14.783100935505525,0.0631491827430208,1.4085613844303388,-2.317045680419634,-1.4533242659006609,False,4.800000000000001,0.05,0.02,0.02,1.0,0.2,0.0,0.0,40,89
3.1821674486336,-0.458181050355557,0.0472981558848947,15.767831144060152,17.51388572878244,-20.55603787269389,16.612974387906377,0.1490208125467884,1.2042538755104442,-1.1240657837719636,-1.5135409883166335,False,4.800000000000001,0.05,0.02,0.02,1.0,0.2,0.0,0.0,40,90
3.1770050077822525,-0.4616048927924008,0.0514220244181675,15.44574740969302,2.4655997687106206,-20.56578917647826,15.498773854747268,0.2758166465771224,2.134948287705937,-1.4410351076659558,-1.6455047813813632,False,4.800000000000001,0.05,0.02,0.02,1.0,0.2,0.0,0.0,40,91
3.1819475307139946,-0.4598570832445863,0.049264974489647,15.081581801719867,24.975847314243246,-20.08401868243904,17.012684421287876,0.4663256590507404,1.0234299407652492,-0.5523088400937101,-1.5764791836687069,False,4.800000000000001,0.05,0.02,0.02,1.0,0.2,0.0,0.0,40,92
3.194443850154555,-0.4627085742607481,0.0465008643046945,15.31290783365101,-38.58545684425691,-17.705550883509915,18.139454279700843,0.5192613737988081,1.4169347278594313,-0.6931398740025873,-1.4880276577502258,False,4.800000000000001,0.05,0.02,0.02,1.0,0.2,0.0,0.0,40,93
3.1871049259325277,-0.4640500550482202,0.0506183421227089,15.84383334520398,2.8158310530896915,-21.46368344657041,17.958816572497238,0.4663194536595076,0.9754363378964096,-1.3344384843194552,-1.6197869479266858,False,4.800000000000001,0.05,0.02,0.02,1.0,0.2,0.0,0.0,40,94
3.1824397096481456,-0.4546398855162164,0.0480203779971335,16.201327552734675,-8.413703323916025,-19.15121565669725,16.17338356769532,-0.3684157191777895,0.2285820834707395,-0.813065501847665,-1.5366520959082746,False,4.800000000000001,0.05,0.02,0.02,1.0,0.2,0.0,0.0,40,95
3.188165788111711,-0.4607030271991754,0.0521202996034185,15.36830602824026,6.644406976580957,-20.41246271709361,18.130885688230244,0.5635231646274854,2.962322368930969,-2.2819057406891883,-1.6678495873093957,False,4.800000000000001,0.05,0.02,0.02,1.0,0.2,0.0,0.0,40,96
3.184512594625349,-0.4648552243213764,0.0483029183305414,15.636475402409854,-16.610295097171985,-21.78626196452813,18.01611774983205,0.0175855474924661,0.9925153688905488,-0.5817938128696547,-1.5456933865773252,False,4.800000000000001,0.05,0.02,0.02,1.0,0.2,0.0,0.0,40,97
3.182260379029803,-0.4574788760351664,0.0544444298474471,16.153850509111255,-17.490938503251588,-18.852982165810783,20.227190786528904,0.3462986131777914,2.494104042786057,-1.6875533278733004,-1.7422217551183092,False,4.800000000000001,0.05,0.02,0.02,1.0,0.2,0.0,0.0,40,98
3.1762931618010986,-0.4567634986954458,0.0524321099240606,16.203482554400402,1.4999766758398223,-18.31418614860396,18.89426006627702,0.4306470784250599,1.7323503217829206,-1.6611723565780692,-1.677827517569942,False,4.800000000000001,0.05,0.02,0.02,1.0,0.2,0.0,0.0,40,99
5.713727656781328,-0.6387634583803125,0.0383470819671748,14.786032730193996,55.77949938755784,-26.994605084320018,24.07251605269965,1.664256620945037,0.7776128890491636,-1.494818596008186,-1.227106622949595,False,4.800000000000001,0.05,0.02,0.02,1.0,0.2,0.0,0.0,44,0
5.707031872112215,-0.6572369001256396,0.0474479750888643,15.770705358083136,20.04418060686933,-29.45003458421044,23.312601098586587,0.7558829868084022,1.1738631554729213,0.3080674821847915,-1.51833520284366,False,4.800000000000001,0.05,0.02,0.02,1.0,0.2,0.0,0.0,44,1
5.717359735480624,-0.6483554120602707,0.044232760845568,14.650116377866537,15.61237577664022,-28.265344499047167,25.39305314059468,0.7059993093672206,0.8235145956242245,-1.891103663621065,-1.415448347058179,False,4.800000000000001,0.05,0.02,0.02,1.0,0.2,0.0,0.0,44,2
5.724608782099249,-0.651899863012454,0.0358795068595922,14.957539953513432,9.277045235100058,-27.041284059633757,20.542918176666163,1.2648526836880838,3.628416038884718,1.6459991904034847,-1.1481442195069518,False,4.800000000000001,0.05,0.02,0.02,1.0,0.2,0.0,0.0,44,3
5.718119887325996,-0.6492739820834124,0.0474477333242414,14.698850488887626,-14.62721330768982,-30.294127600530867,23.107680091870208,1.3385153312214433,-0.2404746402228246,-1.4204623560350067,-1.518327466375726,False,4.800000000000001,0.05,0.02,0.02,1.0,0.2,0.0,0.0,44,4
5.71286382732506,-0.6415892697199234,0.0415350910262212,14.627031093781742,14.676029039973905,-29.29957060964954,21.423721475967707,1.1049771578824803,1.941020820799456,-0.7463368718333497,-1.329122912839079,False,4.800000000000001,0.05,0.02,0.02,1.0,0.2,0.0,0.0,44,5
5.715178385110908,-0.6473868049453954,0.0475174522390754,13.8716932309902,28.62440023953979,-27.614423660598355,23.71920322668825,1.2638128538471234,1.3101446388548317,0.1307907425834724,-1.520558471650414,False,4.800000000000001,0.05,0.02,0.02,1.0,0.2,0.0,0.0,44,6
5.717509444231787,-0.6518390762319657,0.0435918659031975,14.322922908448565,6.432090329525503,-27.072129056745005,23.426389459403403,1.1011700007005674,-0.0159930385180111,-1.7136273597315748,-1.3949397089023228,False,4.800000000000001,0.05,0.02,0.02,1.0,0.2,0.0,0.0,44,7
5.708267445712145,-0.6512425018881095,0.0468786570331146,14.864845368094135,20.76618581684315,-27.80168091027586,26.776561038726346,1.6004425344304956,-0.972000698001182,-2.304104572868816,-1.5001170250596687,False,4.800000000000001,0.05,0.02,0.02,1.0,0.2,0.0,0.0,44,8
5.716124771667121,-0.6471303921262432,0.0482562329259245,14.347970966665276,13.54246524981856,-26.79599242875216,22.96577809066657,1.5039858005529536,0.9922501479927331,-1.394650580793559,-1.5441994536295869,False,4.800000000000001,0.05,0.02,0.02,1.0,0.2,0.0,0.0,44,9
5.718829271043842,-0.6478543149225878,0.0407049436534426,14.886221748105802,64.48919246214764,-26.95364999293805,25.3025746504906,0.7434623431428086,0.413633191718783,-0.8557132835081036,-1.3025581969101654,False,4.800000000000001,0.05,0.02,0.02,1.0,0.2,0.0,0.0,44,10
5.707566800735307,-0.6449214913848377,0.0529102289320806,14.152535397808096,39.029340479543,-28.83013514220264,23.062732342443446,1.0500787678943515,-0.9528098750604824,-0.8077023769243661,-1.693127325826582,False,4.800000000000001,0.05,0.02,0.02,1.0,0.2,0.0,0.0,44,11
5.723516141236701,-0.6515684324711243,0.0419378618597425,15.918534984375306,11.066741731599604,-27.438629137215425,23.98150381301152,0.7778089689207371,1.6230085040056206,-0.6144472024014717,-1.3420115795117606,False,4.800000000000001,0.05,0.02,0.02,1.0,0.2,0.0,0.0,44,12
5.713693857811781,-0.648620008261383,0.05351692601372,16.236042362526167,16.368190064781235,-29.86055742620816,23.912456806307382,0.7650351285689616,-0.1952920950660177,-1.383549248618478,-1.7125416324390408,False,4.800000000000001,0.05,0.02,0.02,1.0,0.2,0.0,0.0,44,13
5.706818609595118,-0.641387192476997,0.049351990825202,15.32042931678809,84.2290276336895,-30.499793341926665,22.6047997013306,0.7889141476973733,1.4586927906007028,-0.031164037027443,-1.5792637064064647,False,4.800000000000001,0.05,0.02,0.02,1.0,0.2,0.0,0.0,44,14
5.707135038243087,-0.6391016410711831,0.0498257042093802,14.569441405930515,46.25070829247091,-28.989991252577955,24.14332454795981,1.2537734383579653,3.12612846214794,-1.8496081231820285,-1.5944225347001688,False,4.800000000000001,0.05,0.02,0.02,1.0,0.2,0.0,0.0,44,15
5.7320679391985125,-0.645551778142153,0.0375061304109367,14.912709509224696,-7.319768182539068,-25.87889063826145,23.817380248438983,0.5900163558908679,2.5964203954183445,0.6862500881303262,-1.2001961731499775,False,4.800000000000001,0.05,0.02,0.02,1.0,0.2,0.0,0.0,44,16
5.7169210702479765,-0.6458033231172648,0.0475065909923229,14.593205337089817,41.033707169220335,-26.87208360784556,21.53883524682808,-0.4644317664587321,2.548359541876277,0.5510526162609202,-1.520210911754334,False,4.800000000000001,0.05,0.02,0.02,1.0,0.2,0.0,0.0,44,17
5.706499349046953,-0.6425531082145018,0.0514779216173693,14.2321277170411,44.75209640072029,-28.319543668126823,24.015247735063237,0.6759974755691784,2.7316203695919823,-0.0410892902645785,-1.6472934917558193,False,4.800000000000001,0.05,0.02,0.02,1.0,0.2,0.0,0.0,44,18
5.721828437571997,-0.6441804641143843,0.043528961000406,13.972114254105657,-24.338008661979902,-26.18384158509884,24.62090752206303,0.8674637337453184,1.0829933372948295,-0.8770581673233249,-1.3929267520129929,False,4.800000000000001,0.05,0.02,0.02,1.0,0.2,0.0,0.0,44,19
5.7164768396079495,-0.643863825298887,0.0412740511207785,12.76277416286648,-2.458534694771263,-30.1775276741148,22.616932724719486,0.6141239005365497,2.603326115018429,-2.296243161581935,-1.3207696358649144,False,4.800000000000001,0.05,0.02,0.02,1.0,0.2,0.0,0.0,44,20
5.715487030795522,-0.6439128561681589,0.0408478678025775,15.07889761684831,-10.934898853066093,-31.205805918867007,24.18095892859924,0.9323702159538828,3.3993852595288594,-0.8352858267160577,-1.3071317696824818,False,4.800000000000001,0.05,0.02,0.02,1.0,0.2,0.0,0.0,44,21
5.6984511954922255,-0.6441706198591696,0.0548106055970207,14.948753072524513,83.92864236611922,-28.5451893445394,24.714909296573893,1.3784552631596672,3.3957176438706886,-3.053836437880153,-1.753939379104663,False,4.800000000000001,0.05,0.02,0.02,1.0,0.2,0.0,0.0,44,22
5.714326670881033,-0.6370378370191853,0.0457360468846966,15.31051029478538,40.42763773208039,-26.046943781037385,25.05370626946656,0.906851530377932,2.207126383164252,-1.3521943233336249,-1.463553500310294,False,4.800000000000001,0.05,0.02,0.02,1.0,0.2,0.0,0.0,44,23
5.724190742196548,-0.6404633994281382,0.0449013839317886,15.994834348543174,-14.037207647100669,-29.530174095894512,20.643376125065483,0.8184617431723505,1.4052228558288389,-1.7838504793871364,-1.4368442858172368,False,4.800000000000001,0.05,0.02,0.02,1.0,0.2,0.0,0.0,44,24
5.71558887048801,-0.6573825998750505,0.0499844454239283,15.902058385884402,19.18003197734288,-31.007709394103003,23.623519454094925,1.2133620668496183,0.6804763678633474,-2.4934653452193274,-1.5995022535657075,False,4.800000000000001,0.05,0.02,0.02,1.0,0.2,0.0,0.0,44,25
5.723720962263887,-0.6432845076140751,0.0443152733059931,15.232867981124842,-22.424313364213365,-28.32382285848389,22.098659510024763,1.1057550154496285,-0.2312359225860463,-3.043265815163653,-1.418088745791782,False,4.800000000000001,0.05,0.02,0.02,1.0,0.2,0.0,0.0,44,26
5.689924102136082,-0.6490283794227735,0.0552367167952539,16.059941798694243,92.08229486267388,-31.74343900380871,22.199930161737797,1.4526628781743232,-0.5538887056577495,-0.3274866673514246,-1.767574937448127,False,4.800000000000001,0.05,0.02,0.02,1.0,0.2,0.0,0.0,44,27
5.71717064066097,-0.6530652700916838,0.0378320975803074,14.59756123546866,20.864179611171156,-29.46130312158804,26.42716539115895,1.0207855233544945,1.0914958551739409,-0.1431921896509089,-1.2106271225698395,False,4.800000000000001,0.05,0.02,0.02,1.0,0.2,0.0,0.0,44,28
5.73673922370284,-0.6421338220653007,0.0332885472630217,15.074750300825986,16.619340327785725,-30.274927687892887,22.52174265595215,1.0470835597516854,2.518682821429007,-0.8748019708818086,-1.0652335124166954,False,4.800000000000001,0.05,0.02,0.02,1.0,0.2,0.0,0.0,44,29
5.719739598006384,-0.6551546773805657,0.0510439311482069,14.860335326799248,-12.265046372774346,-28.87012467145767,20.927897072400377,0.5752038763870657,1.0922224699480565,-1.8150809643908272,-1.6334057967426243,False,4.800000000000001,0.05,0.02,0.02,1.0,0.2,0.0,0.0,44,30
5.721610279920523,-0.6496300220791734,0.0451472325469221,15.49017457844114,-1.6615758146130126,-27.874046252709284,27.945089822978776,1.2850419383095089,0.5976403561843076,2.067732459934359,-1.444711441501508,False,4.800000000000001,0.05,0.02,0.02,1.0,0.2,0.0,0.0,44,31
5.719132913375745,-0.6411445311732376,0.0439951876395523,15.31084395682263,-19.275943028596675,-29.05605905574458,22.30625535727154,0.6194503950182191,0.3963747488922333,-0.5075387251959013,-1.4078460044656764,False,4.800000000000001,0.05,0.02,0.02,1.0,0.2,0.0,0.0,44,32
5.717225994244219,-0.6373674365359442,0.0465248866312754,15.26472952880374,25.844626324454687,-28.92643597143868,23.31877657313613,0.3694131406445832,1.7879614268882138,0.3471007402835351,-1.4887963722008133,False,4.800000000000001,0.05,0.02,0.02,1.0,0.2,0.0,0.0,44,33
5.718951406783234,-0.6458022042435768,0.0526221359346561,15.677143247458837,58.614162618739215,-29.339448393307396,24.38713225904168,0.9346273345573904,1.2616957373934083,-0.2744986890441961,-1.683908349908998,False,4.800000000000001,0.05,0.02,0.02,1.0,0.2,0.0,0.0,44,34
5.726351365005709,-0.6505315310816425,0.0430183966003049,15.61249487672244,7.75036002413986,-27.25014450455471,23.59631044800873,1.6573154966548382,-1.2346288276744295,-0.3143380852007748,-1.3765886912097598,False,4.800000000000001,0.05,0.02,0.02,1.0,0.2,0.0,0.0,44,35
5.702862094652626,-0.6554103362691093,0.0531929937390956,15.287757630955491,54.03665644307336,-29.038052932619177,25.0102344741826,0.2599968060961584,-2.5872472930618606,-0.6744237169199646,-1.7021757996510605,False,4.800000000000001,0.05,0.02,0.02,1.0,0.2,0.0,0.0,44,36
5.733157048423302,-0.6515009622287556,0.0401595003330958,14.888879136774388,-49.90283988175479,-30.1005669906566,22.854547032969784,1.4047766221950275,-0.2599895906334819,0.4393797868919327,-1.2851040106590672,False,4.800000000000001,0.05,0.02,0.02,1.0,0.2,0.0,0.0,44,37
5.7160716651725645,-0.6438377719852756,0.0496053206446531,16.653611556038435,30.06824803706373,-27.28008938960142,22.569376589074317,0.5672087106478244,1.3294864489182887,0.7224492887654097,-1.5873702606289002,False,4.800000000000001,0.05,0.02,0.02,1.0,0.2,0.0,0.0,44,38
5.724930925327538,-0.6523897211730599,0.0457250660994442,14.668449018261926,24.732525731732903,-28.228361256883503,21.59026722925197,1.5600853941371922,-0.1519128724428713,-0.1935872293864833,-1.4632021151822152,False,4.800000000000001,0.05,0.02,0.02,1.0,0.2,0.0,0.0,44,39
5.713326232668485,-0.652731505486441,0.048758095585571,16.651735602546296,54.47904776340653,-30.410277867559387,23.75361417561576,0.1276892673506403,-0.5039708837421271,-0.7692298677828072,-1.5602590587382743,False,4.800000000000001,0.05,0.02,0.02,1.0,0.2,0.0,0.0,44,40
5.716928749482751,-0.6497083157599791,0.0497330109790655,15.022873196021354,11.154592366150847,-30.978034268430346,24.03600886255135,0.916734088575129,1.297090284856342,-3.690702727837956,-1.591456351330097,False,4.800000000000001,0.05,0.02,0.02,1.0,0.2,0.0,0.0,44,41
5.729288228824172,-0.6514410117618669,0.0450816498823107,14.133411028174434,-10.3930053122936,-27.67435858600716,22.982047824243672,1.4542281233406795,2.10138621699344,0.6285137051590952,-1.4426127962339428,False,4.800000000000001,0.05,0.02,0.02,1.0,0.2,0.0,0.0,44,42
5.7121254453291295,-0.6518498324675563,0.0494304904443637,14.518289277222271,64.36970060536044,-29.678856479608907,21.06575066236937,1.31497132192628,2.497864219754394,0.8468236226037615,-1.581775694219639,False,4.800000000000001,0.05,0.02,0.02,1.0,0.2,0.0,0.0,44,43
5.715015945383867,-0.6535202844888118,0.0466130456799686,15.040333952930483,3.972948772087685,-30.765723290846108,25.13095798614124,0.8618369291571887,1.7613861069277166,0.5885656871919831,-1.4916174617589966,False,4.800000000000001,0.05,0.02,0.02,1.0,0.2,0.0,0.0,44,44
5.696780068632322,-0.6413049730556563,0.056573859890888,14.42590091744328,49.75852384228362,-30.626817498867887,26.364157022413696,1.1077637797236386,2.1320851704037915,-0.1035486753846175,-1.8103635165084184,False,4.800000000000001,0.05,0.02,0.02,1.0,0.2,0.0,0.0,44,45
5.707637437153267,-0.6471413688953175,0.0551540695632392,15.696948513705903,30.53372317419948,-29.461099701891698,24.9768321705218,1.0406741787907234,2.087169984699579,-0.5201623308123556,-1.7649302260236568,False,4.800000000000001,0.05,0.02,0.02,1.0,0.2,0.0,0.0,44,46
5.725351988885926,-0.6565053757501005,0.0480890458627844,14.676266070997864,-2.5770826632035835,-28.13826767370657,23.29145398713248,1.0420677836760632,0.975721917752896,0.7256137202236661,-1.5388494676091031,False,4.800000000000001,0.05,0.02,0.02,1.0,0.2,0.0,0.0,44,47
5.721038812164356,-0.6472960000754548,0.035541501076511,14.394047818278745,14.28783434296735,-27.358496474477427,24.022101192814677,1.3368222786591573,0.6335246150872513,-1.5271430508898467,-1.1373280344483545,False,4.800000000000001,0.05,0.02,0.02,1.0,0.2,0.0,0.0,44,48
5.719196079195389,-0.6473709444744855,0.0522439065943899,13.402083229784148,-7.071525643569743,-28.067896557940934,27.54750975667916,1.120991925650724,3.580165226068904,-0.0015990255944779,-1.67180501102048,False,4.800000000000001,0.05,0.02,0.02,1.0,0.2,0.0,0.0,44,49
5.71493014207012,-0.6499543195151637,0.0494680159941234,15.38399780612938,26.81301350268053,-31.336716346406792,26.454350230409943,2.164444045945668,0.4981222580283049,-0.1713164722722502,-1.58297651181195,False,4.800000000000001,0.05,0.02,0.02,1.0,0.2,0.0,0.0,44,50
5.718002090794902,-0.6407406616428194,0.042658081627255,14.678466424102966,30.614659841473205,-31.191077018221897,21.52731729283303,0.7074269525694858,0.0901527872758736,-2.492441038214178,-1.3650586120721604,False,4.800000000000001,0.05,0.02,0.02,1.0,0.2,0.0,0.0,44,51
5.718152877849097,-0.6432142552965423,0.0456855223286525,15.05184726440047,-0.9242018059780256,-31.74790676274597,23.416791425732544,0.9579194992075486,1.4312971120482172,-2.3912284440542737,-1.461936714516883,False,4.800000000000001,0.05,0.02,0.02,1.0,0.2,0.0,0.0,44,52
5.726075145702089,-0.6524064745332739,0.045534352744376,15.47297422893567,1.6225057238547933,-28.302414621059715,23.96372132847039,1.2937873732705862,0.5873343997180778,-0.4641963746806621,-1.457099287820033,False,4.800000000000001,0.05,0.02,0.02,1.0,0.2,0.0,0.0,44,53
5.720244453428632,-0.6398410073076639,0.0511473076988652,14.600747768163432,5.171435682375055,-26.49358359860312,22.099706737788384,1.5612912671663994,0.8439415853248393,-1.20883552075862,-1.6367138463636894,False,4.800000000000001,0.05,0.02,0.02,1.0,0.2,0.0,0.0,44,54
5.720241742419802,-0.6437225350238375,0.0413133080127607,14.831966305271283,11.81372330364408,-28.65427145410982,23.84480425162585,0.9338747935124904,1.6874390321668211,-0.3927817800160994,-1.3220258564083431,False,4.800000000000001,0.05,0.02,0.02,1.0,0.2,0.0,0.0,44,55
5.719667333666546,-0.6470430802644559,0.0341793605303603,15.27215002052234,16.881723002089114,-28.27453932009156,25.806676853032904,0.0293536340801399,2.258855326084669,-1.5842497913348343,-1.09373953697153,False,4.800000000000001,0.05,0.02,0.02,1.0,0.2,0.0,0.0,44,56
5.719800312586638,-0.6454104355096186,0.0491927034342971,15.010396772931806,16.595596283469018,-30.216476983762576,21.318658879641145,0.909673966884285,2.088669091961305,-0.0533784628172342,-1.5741665098975088,False,4.800000000000001,0.05,0.02,0.02,1.0,0.2,0.0,0.0,44,57
5.71655659605561,-0.6462925774209374,0.0375793136190862,14.51063031896659,37.28211329557528,-32.50679634415708,21.65803527729154,1.1839430052922066,1.8421099937509309,-3.708061262466419,-1.2025380358107611,False,4.800000000000001,0.05,0.02,0.02,1.0,0.2,0.0,0.0,44,58
5.7098916231419645,-0.646662823379888,0.0577325956174871,14.921357355136626,49.43459038701592,-30.54668195809605,22.33722299173006,0.7772485655416145,1.52438277216987,-1.3494355945777663,-1.84744305975959,False,4.800000000000001,0.05,0.02,0.02,1.0,0.2,0.0,0.0,44,59
5.724211928787348,-0.6492370876739461,0.0499517010694335,17.50125520800882,-26.68680799571766,-25.673166235306592,24.00522596824119,1.6741278178960028,-0.2439269415010405,-0.3264427902524991,-1.5984544342218754,False,4.800000000000001,0.05,0.02,0.02,1.0,0.2,0.0,0.0,44,60
5.7171951892342605,-0.6486069251427665,0.0467259703520349,14.396725713118231,26.86073973758038,-26.715893216601536,24.07810502319003,0.3798693329640057,-0.150261338304577,-2.5661806751717657,-1.4952310512651183,False,4.800000000000001,0.05,0.02,0.02,1.0,0.2,0.0,0.0,44,61
5.718887759983164,-0.6498084848527996,0.0502452375889795,13.03319864727682,13.026583959109718,-28.725863862031503,23.44032255514674,0.8177838484501911,1.8232255591940536,-0.6086708877555281,-1.6078476028473447,False,4.800000000000001,0.05,0.02,0.02,1.0,0.2,0.0,0.0,44,62
5.719710465185488,-0.6376217656900156,0.0436637762214049,14.908573754159269,28.49791065639449,-28.632488839992327,22.280493798776547,0.8870879964382212,2.885499799218195,-2.3610056153698604,-1.3972408390849598,False,4.800000000000001,0.05,0.02,0.02,1.0,0.2,0.0,0.0,44,63
5.716209869832123,-0.6416459274058002,0.0407116708405683,14.12315714162018,8.03633276223414,-28.323365314052765,25.03217841907173,0.933332365789521,2.589522199117441,-0.2168417199058583,-1.3027734668981887,False,4.800000000000001,0.05,0.02,0.02,1.0,0.2,0.0,0.0,44,64
5.71691785622118,-0.6498778073884635,0.0480003027479832,15.188976923534964,32.32810025005695,-27.010284507032303,24.52999447773549,1.2837334781570258,-0.9457563844333244,-1.085504277218157,-1.5360096879354654,False,4.800000000000001,0.05,0.02,0.02,1.0,0.2,0.0,0.0,44,65
5.707731088876172,-0.6515886397427925,0.0524651793373381,14.862826729027049,-0.4218770867792614,-29.969372329339112,27.92251596218689,1.4896655812582291,2.1494715450923056,-0.283390811238651,-1.6788857387948213,False,4.800000000000001,0.05,0.02,0.02,1.0,0.2,0.0,0.0,44,66
5.720802541968017,-0.6432326303360981,0.0405250785824263,14.886584749726316,-15.323244260732157,-30.74398817318294,23.393698127253835,0.6280602454222035,2.724180965536509,-0.8475658250848186,-1.2968025146376418,False,4.800000000000001,0.05,0.02,0.02,1.0,0.2,0.0,0.0,44,67
5.718479538941229,-0.6525012886192132,0.0533612099351784,13.586897734863108,-21.030826648530844,-26.77088277887785,26.615509327940703,0.741367113598635,-1.2975806297683157,-1.5490656746177789,-1.7075587179257092,False,4.800000000000001,0.05,0.02,0.02,1.0,0.2,0.0,0.0,44,68
5.705271372393315,-0.6403938064384062,0.0546928057272045,14.410649687857552,25.631529315872772,-26.66447321384354,23.01270718966624,1.6973360577974357,1.0752139113793429,-1.7072113397063453,-1.7501697832705456,False,4.800000000000001,0.05,0.02,0.02,1.0,0.2,0.0,0.0,44,69
5.717779443880741,-0.6500240709009061,0.0492571254925343,14.523121924830416,17.051189666008266,-28.552557280579293,22.94774606946715,1.1104681749791434,0.4856331170543586,-0.6575449147304632,-1.5762280157611,False,4.800000000000001,0.05,0.02,0.02,1.0,0.2,0.0,0.0,44,70
5.722497245308266,-0.6449481461909029,0.0450579180047075,14.949784559131066,7.622689135965139,-23.582238573160183,24.542007886997148,1.0934800276993908,2.0630026154168117,-2.6542466817281003,-1.441853376150643,False,4.800000000000001,0.05,0.02,0.02,1.0,0.2,0.0,0.0,44,71
5.713801829167021,-0.6439534536053609,0.0477113090245261,14.473785207376586,8.807524364701667,-26.323660350385214,25.661035604325647,1.6803235864720143,1.4477077294309284,-1.9293332376377743,-1.5267618887848378,False,4.800000000000001,0.05,0.02,0.02,1.0,0.2,0.0,0.0,44,72
5.725031750017018,-0.6569015943228947,0.0473678516267189,15.1113323854275,-8.041680173761105,-25.757592420677696,23.26319626499208,1.4826126443567538,0.907535584289322,1.8859488062273604,-1.5157712520550055,False,4.800000000000001,0.05,0.02,0.02,1.0,0.2,0.0,0.0,44,73
5.7171740843022825,-0.6522243402287405,0.0546709327922161,14.066748145631522,23.52250913077456,-27.63962756858921,22.23680516354719,1.0791363254099262,1.5647591952924376,-0.4995025953052182,-1.7494698493509169,False,4.800000000000001,0.05,0.02,0.02,1.0,0.2,0.0,0.0,44,74
5.714161542638945,-0.6450246799628229,0.0517306364737511,14.425749589559796,14.471686770634271,-31.04244487536856,22.55460840765743,0.457361358985569,0.6343810370759582,-0.7781712962531382,-1.6553803671600382,False,4.800000000000001,0.05,0.02,0.02,1.0,0.2,0.0,0.0,44,75
5.719357720553937,-0.6483725265245065,0.0424949366894688,14.990155151232615,25.81521116277269,-28.03606764415713,22.51861878536832,1.0933448737037692,0.7012395077399582,0.4341905909676375,-1.3598379740630024,False,4.800000000000001,0.05,0.02,0.02,1.0,0.2,0.0,0.0,44,76
5.722626240126029,-0.6447385407340213,0.0441768030940162,15.368765094265855,-16.420244516454314,-26.701868893675645,23.70742329483307,0.1599461509291136,1.393323213487499,-2.405195246835953,-1.4136576990085192,False,4.800000000000001,0.05,0.02,0.02,1.0,0.2,0.0,0.0,44,77
5.723943525253278,-0.6464389624885869,0.0518489563603755,13.617656384567615,-9.062481494764716,-30.60282305586799,20.87854434121521,1.5332354902784076,2.840016477156817,0.8898037282009295,-1.6591666035320178,False,4.800000000000001,0.05,0.02,0.02,1.0,0.2,0.0,0.0,44,78
5.720072378318132,-0.659146884875402,0.0426487677550603,16.45988575930262,11.263390935389593,-30.47222796368849,22.673088210560813,1.2063450040850778,0.1683554848940684,-0.2605339539723738,-1.3647605681619313,False,4.800000000000001,0.05,0.02,0.02,1.0,0.2,0.0,0.0,44,79
5.6967013745042925,-0.6471271431852258,0.0526321620936328,14.292783288663625,68.29438227403165,-32.86226563737355,22.26679527224245,1.1095729942918706,1.5678706990407163,-0.8917381723173887,-1.6842291869962511,False,4.800000000000001,0.05,0.02,0.02,1.0,0.2,0.0,0.0,44,80
5.715605978127184,-0.6450960086612568,0.0463924964754008,15.00839986824728,-9.226774044049256,-29.995341524013863,27.07819633343572,0.8037253643972216,2.063383695179452,-1.4258094904366838,-1.484559887212828,False,4.800000000000001,0.05,0.02,0.02,1.0,0.2,0.0,0.0,44,81
5.7205317568223935,-0.6423303752915328,0.0456335964837569,14.421649098153354,30.1324536928484,-27.754130583776323,21.190992907033724,0.6269967991015016,1.331984252009779,-1.704441996776697,-1.4602750874802215,False,4.800000000000001,0.05,0.02,0.02,1.0,0.2,0.0,0.0,44,82
5.731825267947194,-0.6499909156706632,0.0376237590033954,14.421779909026744,19.041603379491832,-27.643114531295296,22.491973273453866,1.393184747410415,1.4084335383539486,-0.6789206221727893,-1.2039602881086555,False,4.800000000000001,0.05,0.02,0.02,1.0,0.2,0.0,0.0,44,83
5.730068962218378,-0.640637211185806,0.0392684832029456,14.844091564148876,8.869567766743247,-23.62416035141191,24.3021765281863,0.4844503829869497,1.2311232511395418,-0.7858378062361694,-1.2565914624942618,False,4.800000000000001,0.05,0.02,0.02,1.0,0.2,0.0,0.0,44,84
5.725078894585714,-0.641043216191027,0.0452056645011465,14.656005615639062,8.519151698024157,-26.93403194524786,25.285817227508144,0.6865630668975904,1.8612994814888757,-0.5097705892263755,-1.4465812640366882,False,4.800000000000001,0.05,0.02,0.02,1.0,0.2,0.0,0.0,44,85
5.72158710865796,-0.6512643376544657,0.0467537178810092,15.24631067401917,9.760848617757066,-30.2891823982306,24.756499789508545,1.2285916215552422,2.8122964135897,-1.25874106212342,-1.4961189721922967,False,4.800000000000001,0.05,0.02,0.02,1.0,0.2,0.0,0.0,44,86
5.721369111429026,-0.6459164612436555,0.0410960561302684,14.46834969473297,17.277141277943176,-27.49164934377309,23.322600909154485,0.4762434169663949,1.5646851033569305,-0.8931005078863044,-1.3150737961685908,False,4.800000000000001,0.05,0.02,0.02,1.0,0.2,0.0,0.0,44,87
5.7209064469712985,-0.6483697438457868,0.0446356790726695,14.55437462506743,-38.12883576577596,-28.19388818905316,21.11202462172836,0.8549924482787336,1.6196369671427664,0.559199662220403,-1.4283417303254258,False,4.800000000000001,0.05,0.02,0.02,1.0,0.2,0.0,0.0,44,88
5.708542529455638,-0.6499503826514661,0.0547355842874951,16.895386292656536,-20.979192153562757,-29.82589067303871,23.619200765074098,1.557086599478395,2.2195757445045494,-0.6478196867687588,-1.751538697199844,False,4.800000000000001,0.05,0.02,0.02,1.0,0.2,0.0,0.0,44,89
5.718445891461966,-0.6499300678122766,0.0515346761603308,15.066327401854892,29.46133181638183,-29.871860463321827,24.96619655665304,1.1967912879870468,1.651480433418652,-0.361066657169739,-1.6491096371305891,False,4.800000000000001,0.05,0.02,0.02,1.0,0.2,0.0,0.0,44,90
5.7025775330386805,-0.6461724070739728,0.057055750158237,14.984932487439703,41.28589471246266,-28.549098961064598,26.89972333354397,1.1196269802062089,0.9711446814412082,-2.5369591551011523,-1.8257840050635852,False,4.800000000000001,0.05,0.02,0.02,1.0,0.2,0.0,0.0,44,91
5.715129742921824,-0.6429704859272639,0.0427218167503553,15.32368954590512,34.186787271699245,-25.61196932414439,27.463188708965653,0.6567511608794084,0.93975247348383,-2.282745776209489,-1.367098136011371,False,4.800000000000001,0.05,0.02,0.02,1.0,0.2,0.0,0.0,44,92
5.7185820739298405,-0.6467767810025462,0.0467711634660397,15.596931405084131,43.228849300291216,-27.316964807146185,24.88544568039323,0.5640079527085365,0.928228429052216,-0.2358151023823154,-1.4966772309132708,False,4.800000000000001,0.05,0.02,0.02,1.0,0.2,0.0,0.0,44,93
5.7129307838449135,-0.6486968168683108,0.0562801692500256,14.357275159740048,3.023436547480866,-25.46583218259769,22.942570207808814,0.4986475929787322,-0.6556475769355463,1.5679273334793984,-1.8009654160008226,False,4.800000000000001,0.05,0.02,0.02,1.0,0.2,0.0,0.0,44,94
5.715882489901457,-0.6458242181952228,0.0442312588660115,13.78270335155101,31.85153121872664,-28.87115412854241,21.506055613462223,0.3913527147981571,0.844836093770442,0.5340764726369278,-1.4154002837123696,False,4.800000000000001,0.05,0.02,0.02,1.0,0.2,0.0,0.0,44,95
5.7248326444192985,-0.6365291523088091,0.0406424658197731,15.567200103470336,-14.608011565858458,-26.91590530322197,25.424666135218025,0.9754161400601308,0.0069374268478674,-1.0606690183878782,-1.300558906232742,False,4.800000000000001,0.05,0.02,0.02,1.0,0.2,0.0,0.0,44,96
5.719107559864958,-0.6489284574574782,0.0418650730426294,14.924808091794374,13.953481520266893,-27.00766871418749,24.780518985895515,0.8235609237153495,2.2540258947813805,-0.7038714324095666,-1.3396823373641429,False,4.800000000000001,0.05,0.02,0.02,1.0,0.2,0.0,0.0,44,97
5.715428193940305,-0.6477242063539399,0.0467042666481104,15.641264926104055,49.59482077919239,-28.589162586911502,24.259698556336176,0.2286850473242258,0.5762691811034455,-0.6896234852000601,-1.4945365327395357,False,4.800000000000001,0.05,0.02,0.02,1.0,0.2,0.0,0.0,44,98
5.71973974012274,-0.6482885149936443,0.0524750712823881,15.878070584324508,6.9948736663715625,-31.69099654003107,22.97872147670705,1.0512679529983082,2.118246382610512,-1.0465914985601414,-1.6792022810364224,False,4.800000000000001,0.05,0.02,0.02,1.0,0.2,0.0,0.0,44,99
1.3640610715071655,-0.2524313269302737,0.0401588006601281,12.99874881892156,6.049818329287705,-9.601314941068544,9.184262742134877,-0.7652915878607962,1.867012679844108,-0.3090458696535854,-1.2032379568336724,False,4.800000000000001,0.05,0.02,0.02,1.0,0.2,0.06,0.06,36,0
1.3678490757595585,-0.2511587278896801,0.0369121806036345,12.492158920107242,2.053979558039865,-9.3735547428699,9.436316412900094,-0.7877630803901001,0.8415471243828324,-1.4236848484368871,-1.0991188347707312,False,4.800000000000001,0.05,0.02,0.02,1.0,0.2,0.06,0.06,36,1
1.3672199675667889,-0.2552273597198136,0.0418911644947092,12.391464084996096,12.661895216635076,-10.057229939950036,7.074814899172619,-0.5034976178553713,2.08457344865286,-0.0569998416089883,-1.2584840657766885,False,4.800000000000001,0.05,0.02,0.02,1.0,0.2,0.06,0.06,36,2
1.3543434160200605,-0.251263006168851,0.0409461599589606,12.356589299454107,47.02246070054289,-9.534543729179903,9.356311206863184,-0.6807461308232916,0.8174395095127471,-1.7591403375359094,-1.2290165137255362,False,4.800000000000001,0.05,0.02,0.02,1.0,0.2,0.06,0.06,36,3
1.3615412999599228,-0.2542102043837519,0.0399934591881978,12.444035422404006,10.481622162059573,-11.000507240835493,10.367579772395471,-0.8663131856241421,1.2874985751468953,-0.3760766878405593,-1.1980982160247344,False,4.800000000000001,0.05,0.02,0.02,1.0,0.2,0.06,0.06,36,4
1.3666073942869614,-0.2503107639769307,0.0365870507182001,12.64945325502235,22.10803583193105,-10.3685349508481,9.163728196624769,-0.7677127485779819,1.4085890193083048,-2.132863323481526,-1.0887891793251876,False,4.800000000000001,0.05,0.02,0.02,1.0,0.2,0.06,0.06,36,5
1.3646585409342944,-0.2561670115654193,0.0366555847484659,13.061999174370367,1.5425244914133192,-10.32837230598178,9.729687572476358,-0.8234554019815564,1.2976529169072102,-1.0686870416780518,-1.0910991994948518,False,4.800000000000001,0.05,0.02,0.02,1.0,0.2,0.06,0.06,36,6
1.361427467719775,-0.2570355226367651,0.0438264943050965,12.480421325750852,26.47282357814956,-9.981633632656733,9.00937805384684,-0.6670359108942145,0.7467553965387325,-1.3254306742405035,-1.320762169699904,False,4.800000000000001,0.05,0.02,0.02,1.0,0.2,0.06,0.06,36,7
1.358141543562691,-0.2512761654046092,0.0364155387698133,12.380832965713529,21.91863606963816,-9.152127566350815,9.59003149247222,-0.5119218554664879,1.2411175020749845,-1.3837997181863475,-1.0838087480202658,False,4.800000000000001,0.05,0.02,0.02,1.0,0.2,0.06,0.06,36,8
1.3643778239034194,-0.2526846079544896,0.0372643225633429,11.932481028782886,32.791693314860055,-8.42461593549853,9.891716845842822,-0.9305822073250531,1.7762658183913496,-1.3604166752445623,-1.1105956525927705,False,4.800000000000001,0.05,0.02,0.02,1.0,0.2,0.06,0.06,36,9
1.3643951698595256,-0.2569422016537674,0.0371444641279833,12.43368179538937,27.835560947116413,-9.767388054295813,10.86819773395378,-0.6866460510086698,0.6591943276346202,-1.6095377630572507,-1.1067591419038951,False,4.800000000000001,0.05,0.02,0.02,1.0,0.2,0.06,0.06,36,10
1.3648879756729382,-0.2519017091646475,0.0378791999999555,12.521262824174704,-3.989088775286554,-11.41723554342848,9.4919583961818,-0.3226954791237842,1.0895954616080274,-1.5264800402074346,-1.1302411214582009,False,4.800000000000001,0.05,0.02,0.02,1.0,0.2,0.06,0.06,36,11
1.362149468569788,-0.2555166365494222,0.0416213550688469,12.537034927161082,16.165256935742914,-10.151680491329266,10.12837328704978,-0.7745973476655343,1.011254383395853,-1.661020685665891,-1.2501543940889162,False,4.800000000000001,0.05,0.02,0.02,1.0,0.2,0.06,0.06,36,12
1.3544489207984425,-0.2537777909956187,0.0408098597700657,12.440476487131995,41.922602299306575,-11.209750586932886,9.178931567370451,-0.5065024124183515,2.588661178419488,-0.8862627200330826,-1.2246485773941984,False,4.800000000000001,0.05,0.02,0.02,1.0,0.2,0.06,0.06,36,13
1.3622657371297378,-0.25059806058719,0.036117174400114,12.163191458109964,34.5895355677785,-9.618386278721228,9.773534997434874,-0.2834833401378575,1.988388134089824,-0.3377832970201012,-1.0740136365758657,False,4.800000000000001,0.05,0.02,0.02,1.0,0.2,0.06,0.06,36,14
1.3664986928369398,-0.2549570375091205,0.0371645682345002,12.694149296663996,3.649033466299022,-10.096207200427733,10.19166507548242,-0.2391979931093829,1.6766306016602852,-0.6918788478306431,-1.1072762619337917,False,4.800000000000001,0.05,0.02,0.02,1.0,0.2,0.06,0.06,36,15
1.3654999197827289,-0.2531489557880803,0.0378148720250549,11.975249335676136,11.98345324782149,-10.555157578992285,8.186352126395352,-0.7945525036623686,1.7394561717064547,-0.116729170912857,-1.1281459096147963,False,4.800000000000001,0.05,0.02,0.02,1.0,0.2,0.06,0.06,36,16
1.3634590362213863,-0.2513176515483538,0.0418109826967077,12.33016401855996,19.44027588380578,-10.265828533085536,8.630304130880024,-0.5713816775807222,1.8640362580214775,-1.7798342591558065,-1.2561439041213651,False,4.800000000000001,0.05,0.02,0.02,1.0,0.2,0.06,0.06,36,17
1.3690178658784025,-0.2530469455449927,0.0407165060481515,13.025880347608457,10.792619381016015,-9.91509823674833,8.371379035003821,-1.0218618468036829,0.5901548500063379,-0.5202994871740573,-1.220787121588144,False,4.800000000000001,0.05,0.02,0.02,1.0,0.2,0.06,0.06,36,18
1.3634443714276692,-0.2532858219716249,0.0393680761975714,11.634427830848876,15.241211118501996,-8.486299455405662,8.713146655086334,-0.6707880419846954,0.7383625253529714,-1.5851718893984232,-1.177971776036627,False,4.800000000000001,0.05,0.02,0.02,1.0,0.2,0.06,0.06,36,19
1.3600472844063052,-0.2503599900479478,0.0409924726292524,11.754839953542922,-6.9434812804662265,-11.065863291568698,8.645778820731365,-0.4631016529070287,1.4422909887472468,-0.7233069408393814,-1.230156287071701,False,4.800000000000001,0.05,0.02,0.02,1.0,0.2,0.06,0.06,36,20
1.3632214647130363,-0.2550072756788282,0.0372214087380291,12.823365850706182,21.271660641562114,-9.287014875031764,8.493043377817866,-0.9577677933347322,1.4766521152051446,-0.4611936303173306,-1.109291791734151,False,4.800000000000001,0.05,0.02,0.02,1.0,0.2,0.06,0.06,36,21
1.3605460112051355,-0.251153868172958,0.0358385805128397,12.717551149129326,24.3932781541437,-10.170027595940052,7.275333507448043,-0.1798679715876545,0.9493465165824092,-0.711192911949858,-1.065201815738563,False,4.800000000000001,0.05,0.02,0.02,1.0,0.2,0.06,0.06,36,22
1.3613037190608024,-0.250250699873886,0.034973098512383,11.942424686372693,16.787258780140153,-11.408171180979645,9.39777090230571,-0.7248687131837924,2.144429790327816,-1.9523404588096904,-1.0374609292526098,False,4.800000000000001,0.05,0.02,0.02,1.0,0.2,0.06,0.06,36,23
1.367311159800032,-0.2539913417567969,0.0395677032349118,12.14067025328467,12.107913594540136,-9.740279821713193,7.911554333553502,-0.7908384381814648,0.0599467541293037,-1.1631614757845443,-1.1841278339291763,False,4.800000000000001,0.05,0.02,0.02,1.0,0.2,0.06,0.06,36,24
1.3658518741588683,-0.2550560659964151,0.0373972361745539,12.773622899830178,24.87072182268884,-10.894420769625532,8.937597503784096,-0.867055796175355,1.0506347779628071,-1.001184534589693,-1.114760445136194,False,4.800000000000001,0.05,0.02,0.02,1.0,0.2,0.06,0.06,36,25
1.3591426969255538,-0.2506924645098558,0.0425418750848596,12.967011671719671,22.086532186659376,-9.72527094206447,9.367838985472668,-0.3589206981944644,0.916599923394554,-1.1373804727834662,-1.2797914408999758,False,4.800000000000001,0.05,0.02,0.02,1.0,0.2,0.06,0.06,36,26
1.3639227222574066,-0.2547769476720062,0.0388033256521112,12.895293726769095,11.477396720185029,-9.10632152636232,7.228216801844571,-1.3819273650637287,1.6227534845429084,-0.1360658197763384,-1.1598710575321167,False,4.800000000000001,0.05,0.02,0.02,1.0,0.2,0.06,0.06,36,27
1.366155813966187,-0.2528747373864097,0.0382372451767701,12.365249726713849,18.429130123572392,-11.008007661244216,9.03167981107611,-0.5063270729844682,1.3495033679473911,-0.7936437004644519,-1.1416224968186743,False,4.800000000000001,0.05,0.02,0.02,1.0,0.2,0.06,0.06,36,28
1.361987141499095,-0.2526309844288921,0.0401706539956803,11.946990282648272,19.89856642604469,-10.938236179803576,9.045216592959196,-0.5636599043789362,1.5126039393633122,-1.1941002363976865,-1.2037416993718242,False,4.800000000000001,0.05,0.02,0.02,1.0,0.2,0.06,0.06,36,29
1.3632629882948386,-0.2524848510760036,0.0429889362539087,12.719121844955874,7.751216510200518,-10.13643551763646,9.02693748038646,-0.7973704895315032,1.7208240827504837,-1.8965098666055764,-1.2938501808273897,False,4.800000000000001,0.05,0.02,0.02,1.0,0.2,0.06,0.06,36,30
1.3618474405904806,-0.2529339851028199,0.035499785488254,12.979518293259176,16.62006584090525,-10.663227102263784,9.410183343657952,-0.6908622786484641,1.881214918544256,-0.6815952306422455,-1.0542822891886994,False,4.800000000000001,0.05,0.02,0.02,1.0,0.2,0.06,0.06,36,31
1.363856897776057,-0.2535977343927181,0.0397830426513324,12.622188059581111,15.543060920081674,-9.245674336579969,9.743330071009806,-0.6590834551210946,1.6606125208569107,-0.8592682336315731,-1.1912259509760743,False,4.800000000000001,0.05,0.02,0.02,1.0,0.2,0.06,0.06,36,32
1.3683637818524506,-0.2565086843815587,0.0346113009188187,12.388977622699455,-1.4130926688006795,-11.233158289535556,10.570022878903895,-0.6915974671912507,1.260975589860537,-1.7042248741840125,-1.0254598024910522,False,4.800000000000001,0.05,0.02,0.02,1.0,0.2,0.06,0.06,36,33
1.35747037000775,-0.2495078589421204,0.0387350508851608,11.989363633981156,8.305917913444093,-9.698739233947173,10.680847417198509,-0.9760104919970324,0.1867236588358125,-1.0015373673156591,-1.1580734061246818,False,4.800000000000001,0.05,0.02,0.02,1.0,0.2,0.06,0.06,36,34
1.3588197836421392,-0.2514120154578774,0.0410160177958332,13.350809013753794,7.034688422057188,-11.570984641804216,9.05135236141082,-1.0221022107052375,2.1295084625100733,-1.7010555005472958,-1.2309833824481349,False,4.800000000000001,0.05,0.02,0.02,1.0,0.2,0.06,0.06,36,35
1.3613358791613808,-0.251476446648707,0.0336420186064883,12.160400603707568,24.821105566122046,-10.30102309935082,7.825060566928482,-0.5006681439179321,1.2863399551280097,-0.6237367454870765,-0.9948644426579444,False,4.800000000000001,0.05,0.02,0.02,1.0,0.2,0.06,0.06,36,36
1.3662987814568093,-0.2537853693893969,0.0383590130823427,12.843989155336317,13.1774888136624,-10.706530822825773,8.885224647269633,-0.6690604870536409,-0.0565387775293322,-2.6246321620023387,-1.1455104917475598,False,4.800000000000001,0.05,0.02,0.02,1.0,0.2,0.06,0.06,36,37
1.3660776993335648,-0.2514454100621818,0.0370382927901861,12.407082670043634,32.934674182645466,-8.818151587593833,7.6584590270227135,-0.3891757290158499,2.0135803402394847,-0.7257507181100913,-1.1032607073259435,False,4.800000000000001,0.05,0.02,0.02,1.0,0.2,0.06,0.06,36,38
1.3657004972086275,-0.2513325056643178,0.0374754497547139,12.44494638322653,9.167468956605838,-11.416232877197032,7.893124002729929,-0.8581887834769795,0.9372981720905996,-0.6244167490747988,-1.1172723623183292,False,4.800000000000001,0.05,0.02,0.02,1.0,0.2,0.06,0.06,36,39
1.3673615751758483,-0.2520390316182506,0.0361718763906485,12.378688891206568,19.47847037059904,-10.786614059967238,7.813371691959833,-1.1261720169997171,1.2726076616832755,-0.5829576879559661,-1.0754583499902024,False,4.800000000000001,0.05,0.02,0.02,1.0,0.2,0.06,0.06,36,40
1.3652900471245293,-0.2538650585941849,0.0402323094514064,12.281068953529122,18.591643443888223,-10.34563736401762,8.077097481485149,-0.7950732447657276,0.4484360655001271,-2.283525040806328,-1.2055164996175352,False,4.800000000000001,0.05,0.02,0.02,1.0,0.2,0.06,0.06,36,41
1.3591902503060318,-0.254417365592246,0.0415470695358662,13.194990953008746,23.35346945824903,-9.813356726196623,10.89183101610656,-0.5053960339026169,2.246011006691212,-0.7809919755463045,-1.2479548101293567,False,4.800000000000001,0.05,0.02,0.02,1.0,0.2,0.06,0.06,36,42
1.3506461710082327,-0.2548785384212608,0.0434389291442271,12.218655788219264,44.525475441461154,-9.832454906152648,9.968649308601732,-0.4314244652843318,0.1945385257080765,0.0677570812769174,-1.3090069623547749,False,4.800000000000001,0.05,0.02,0.02,1.0,0.2,0.06,0.06,36,43
1.3621083846389832,-0.2503763970765802,0.0386146204741467,12.945537177833293,17.122452663159933,-9.881292712828005,9.216647960210889,-0.7137982231383164,1.6812232409943402,-1.216363632756957,-1.1539413520943558,False,4.800000000000001,0.05,0.02,0.02,1.0,0.2,0.06,0.06,36,44
1.3654766298983956,-0.2534747690243811,0.0354853066877751,12.07408430716302,24.33938667687994,-8.997281882688458,9.604152809792987,-0.774188390111215,0.9766454265314044,-1.741386526850231,-1.0536012162149,False,4.800000000000001,0.05,0.02,0.02,1.0,0.2,0.06,0.06,36,45
1.3627757640768667,-0.249597241401416,0.0386618433971349,12.658862851703857,18.60043558869681,-10.226437994390606,8.662805672839058,-1.0117056848116803,1.0353300117776962,-1.0685852914623315,-1.155412442863706,False,4.800000000000001,0.05,0.02,0.02,1.0,0.2,0.06,0.06,36,46
1.3616756225613111,-0.2551569388272188,0.0417417975586209,12.86272876301252,6.471279735147569,-11.384282693793503,9.112454163574965,-0.4551719007358379,1.2638854051513435,-1.3560275107349502,-1.2540369845221906,False,4.800000000000001,0.05,0.02,0.02,1.0,0.2,0.06,0.06,36,47
1.3641326627605956,-0.2535209713807411,0.0371910526267056,12.958569773989488,10.310506527703318,-9.236662441193566,9.066907205262584,-0.4600080807215221,1.9105410509066176,-1.0852643422359027,-1.1082657242889469,False,4.800000000000001,0.05,0.02,0.02,1.0,0.2,0.06,0.06,36,48
1.360772923647926,-0.2543030013445722,0.0421446547237916,11.723567368988135,43.53300006953434,-8.254582613884244,9.334046398005055,-0.5097655810125482,1.1245490048447386,-1.5779522798965204,-1.2669825757424578,False,4.800000000000001,0.05,0.02,0.02,1.0,0.2,0.06,0.06,36,49
1.3614302720448883,-0.2515866509296603,0.0406097156135427,12.210271419711884,17.705800593970725,-9.599007376645362,9.212925325054126,-0.8854587348705978,0.6428065404864975,-0.8538794297865152,-1.2178250833106743,False,4.800000000000001,0.05,0.02,0.02,1.0,0.2,0.06,0.06,36,50
1.3555365244136552,-0.2535925015485167,0.0445336266267805,11.893309256807042,31.89661605508908,-11.328965875124906,10.448347296202275,-0.4825146813480602,1.432572726657084,-1.3534294931240938,-1.343743860592157,False,4.800000000000001,0.05,0.02,0.02,1.0,0.2,0.06,0.06,36,51
1.3612221618692937,-0.2539058948990573,0.0421366820111373,12.713241854051391,27.24368472747793,-11.778500913834185,8.413478783752597,-0.5891907290136756,1.2930929376457203,-0.8355941018035152,-1.2667004946442384,False,4.800000000000001,0.05,0.02,0.02,1.0,0.2,0.06,0.06,36,52
1.3539441650897237,-0.254562373348267,0.0418253344594562,13.02166350877706,34.18211649102096,-10.368337247027275,10.057071311265966,-0.8372832198871474,0.9534919006592982,-0.0241345981584188,-1.2571740527972175,False,4.800000000000001,0.05,0.02,0.02,1.0,0.2,0.06,0.06,36,53
1.3668906276431985,-0.2539194285809652,0.0375669984376413,12.283594019932837,8.181848512293978,-10.83928412720462,8.424548046875149,-1.17169479416739,1.5027844447366216,-0.7895799570695078,-1.1201305123459302,False,4.800000000000001,0.05,0.02,0.02,1.0,0.2,0.06,0.06,36,54
1.355929237574528,-0.2553456360225347,0.0430782427996855,12.334370242748095,36.270465459002594,-10.947368405301107,7.493190106382732,-0.7419833526032555,1.476044680295492,-0.9026986727968628,-1.2971480153354655,False,4.800000000000001,0.05,0.02,0.02,1.0,0.2,0.06,0.06,36,55
1.3636767126142832,-0.2512052682432752,0.0406554844307294,12.749851232964144,25.864887772451787,-9.429251898049694,7.58555958018991,-0.5930209646406847,1.133777608063129,-0.2596830069993201,-1.2191548990264869,False,4.800000000000001,0.05,0.02,0.02,1.0,0.2,0.06,0.06,36,56
1.368501700007001,-0.254553663681597,0.0365334006194471,12.21536416821056,-3.8737516249394446,-9.547301727059086,8.314219792661934,-0.8912075988692,0.5326639406454234,-1.1376728253134094,-1.0869587178218896,False,4.800000000000001,0.05,0.02,0.02,1.0,0.2,0.06,0.06,36,57
1.3619300141552566,-0.2519743738845328,0.0395846078188083,12.353356441377366,1.516105770550574,-9.783803776534723,9.337639522415516,-0.764670552514101,0.6059841840914878,-0.2380666239856417,-1.1849916493525527,False,4.800000000000001,0.05,0.02,0.02,1.0,0.2,0.06,0.06,36,58
1.361139732773206,-0.2523213212811827,0.0396408179354225,11.963728319566629,6.415451246745015,-10.663685663351608,8.795405990503808,-0.744920714964667,0.1773312622520353,-0.9587595601775948,-1.186837789967131,False,4.800000000000001,0.05,0.02,0.02,1.0,0.2,0.06,0.06,36,59
1.359119680780417,-0.2545341225943152,0.0411909472469131,12.791831856419696,3.3885200197189373,-9.913735144296082,8.853770488311731,-0.645270872309907,1.4030829861627023,-0.9446108373887672,-1.2365631310543963,False,4.800000000000001,0.05,0.02,0.02,1.0,0.2,0.06,0.06,36,60
1.3563331414937878,-0.2517606684583924,0.0404454022910303,12.574108939717227,2.3226637700213466,-10.173243631635922,9.358216700901764,-0.7418743483089975,1.2392766659294288,0.0831792958035317,-1.2128728848233443,False,4.800000000000001,0.05,0.02,0.02,1.0,0.2,0.06,0.06,36,61
1.3603189486189065,-0.2503648746225607,0.0393535797634571,12.497438035275378,7.588449537918073,-9.195944981691436,9.92986253969572,-0.4450300858290865,0.7517798861669079,-1.2597743978487197,-1.177695415513493,False,4.800000000000001,0.05,0.02,0.02,1.0,0.2,0.06,0.06,36,62
1.3643824284821784,-0.2553130906632215,0.0409127152528793,12.335838257031114,30.271003541561623,-10.368633364665362,7.772964578190963,-0.2969535939823268,1.4913390662620611,-2.288823327339935,-1.2273439423832089,False,4.800000000000001,0.05,0.02,0.02,1.0,0.2,0.06,0.06,36,63
1.364606340887098,-0.2537483154458328,0.0391614466397984,12.357927307433457,22.59972039182897,-10.154146194209574,9.671920579643093,-0.6617254591799148,1.3250494009872462,-1.5784813998717615,-1.1712899120203255,False,4.800000000000001,0.05,0.02,0.02,1.0,0.2,0.06,0.06,36,64
1.3598470741257271,-0.253139483586816,0.0409500447425166,12.063887076708175,6.001963946235598,-10.847224664327204,10.5617126186722,-0.8082247487117513,1.7759188677458668,-1.0534163922014534,-1.2288106073129903,False,4.800000000000001,0.05,0.02,0.02,1.0,0.2,0.06,0.06,36,65
1.3654882273647686,-0.2536536468244881,0.0382721346802292,12.075676271170076,25.97318641806664,-10.158270686037511,8.566546426336531,-0.7499273451168373,1.23826377457236,-0.2708629131269395,-1.142779016125449,False,4.800000000000001,0.05,0.02,0.02,1.0,0.2,0.06,0.06,36,66
1.3575952662599569,-0.2536671544472902,0.0413164586598507,12.073261650121248,21.548342951640485,-10.21685820801956,9.834631988609416,-0.8295250161496176,2.104148874796336,-1.551996253524036,-1.2406709611396274,False,4.800000000000001,0.05,0.02,0.02,1.0,0.2,0.06,0.06,36,67
1.357776278300487,-0.2532954279196,0.0378612434381416,12.275681148170632,30.849832752002637,-10.476094813908407,11.947100763358248,-0.98454054782926,1.6934735142724209,-0.594713969550144,-1.1300932133225028,False,4.800000000000001,0.05,0.02,0.02,1.0,0.2,0.06,0.06,36,68
1.3609158272569164,-0.2554993228676569,0.041364354174594,12.637058413021672,14.165046471209314,-10.564746900450857,10.247615712893817,-1.1005000445175872,0.9229419872610306,-1.180853787415319,-1.2420043839515955,False,4.800000000000001,0.05,0.02,0.02,1.0,0.2,0.06,0.06,36,69
1.35948801400015,-0.2501054468702545,0.0396117661002052,12.348364817140844,30.251047887131072,-11.036759298037392,8.891347622236758,-0.854279319156918,0.9822055865239296,-0.9858005753424977,-1.1860072343665589,False,4.800000000000001,0.05,0.02,0.02,1.0,0.2,0.06,0.06,36,70
1.3671740457716364,-0.2544879219000824,0.0380545525275185,13.022124957388757,4.543087870742738,-9.482941192634154,9.602804850190552,-1.0313119390040604,1.6932706998414015,-1.5168907770056446,-1.1357152381342948,False,4.800000000000001,0.05,0.02,0.02,1.0,0.2,0.06,0.06,36,71
1.3565502203248765,-0.2495918527979119,0.0397090696240018,12.806970118026436,16.30637148883112,-10.736733206429822,8.667882227622616,-0.6978924315555537,1.844062152789176,-1.821967487944236,-1.1892972147485652,False,4.800000000000001,0.05,0.02,0.02,1.0,0.2,0.06,0.06,36,72
1.364011028849512,-0.2490518902995631,0.0385303647589289,12.580618027385162,16.94647781408905,-9.918601972068618,9.076400143158716,-0.6147188433364087,2.316309424365816,-1.3572099333023329,-1.1511310105547548,False,4.800000000000001,0.05,0.02,0.02,1.0,0.2,0.06,0.06,36,73
1.3541587297241862,-0.2520750182155314,0.0408434214627918,12.177128567300995,29.414015681460118,-10.60353956376251,8.83600942761919,-0.9658407526059928,0.8689596820149185,-1.8231565982278508,-1.2257399630258874,False,4.800000000000001,0.05,0.02,0.02,1.0,0.2,0.06,0.06,36,74
1.3651156927215111,-0.2527218973079613,0.0398446026735246,12.915501857595816,26.25139040411931,-9.93239134558694,8.621587268269614,-0.8816770963605616,1.9841678637863407,-1.8625279744002403,-1.1931203439894975,False,4.800000000000001,0.05,0.02,0.02,1.0,0.2,0.06,0.06,36,75
1.3642340700854143,-0.2529075790973704,0.0381674484006571,12.719031617844646,14.686556645794983,-10.506433059398669,8.548070052069091,-0.6424460074809631,1.5982301704402069,-0.7074834002970151,-1.1395043046159037,False,4.800000000000001,0.05,0.02,0.02,1.0,0.2,0.06,0.06,36,76
1.3687936445362263,-0.249825075459582,0.0382984615935206,13.15466446717119,13.891075403088314,-10.069849921621808,9.136199879655056,-0.923671796087899,1.1166934692903348,-0.8931405953523182,-1.143423152320487,False,4.800000000000001,0.05,0.02,0.02,1.0,0.2,0.06,0.06,36,77
1.369910982305413,-0.2542372590286468,0.0404951904669197,12.86169068938854,-11.013316597610462,-11.798466774850128,9.498212338057185,-0.6464708934828511,2.0074564167607383,0.0737250163394838,-1.2136514360031074,False,4.800000000000001,0.05,0.02,0.02,1.0,0.2,0.06,0.06,36,78
1.3649749745894435,-0.2564176036733744,0.0383236145049002,12.103795359886837,23.37639781772102,-8.856845064900956,7.902720260816338,-0.2704682487141526,1.5533401337085493,-0.8330996572994698,-1.1444571656814406,False,4.800000000000001,0.05,0.02,0.02,1.0,0.2,0.06,0.06,36,79
1.364314331322127,-0.2540307837064526,0.0389742761173773,12.111044518597318,26.13708024616446,-11.324458157387884,8.859217327724236,-0.8304130058044674,0.9224159014551494,-2.066450647575416,-1.165317975876747,False,4.800000000000001,0.05,0.02,0.02,1.0,0.2,0.06,0.06,36,80
1.3665562622286065,-0.2542429750227697,0.0376335285842115,12.48420437904501,22.10731300815213,-9.125574623639354,10.278304788032878,-0.5749868305172302,1.0494418130144685,-2.533951019379879,-1.122279538961052,False,4.800000000000001,0.05,0.02,0.02,1.0,0.2,0.06,0.06,36,81
1.360294020742786,-0.2482897287553287,0.0366495884306727,12.17439718748562,20.934264049404128,-8.996654194195255,8.712373573406087,-0.4640876785444453,2.17865560155242,-1.5393676383934407,-1.09116918853696,False,4.800000000000001,0.05,0.02,0.02,1.0,0.2,0.06,0.06,36,82
1.3602355071691896,-0.2525242217291516,0.0359627994169985,12.303858876327984,30.573712731335497,-10.888198035617624,8.684180563814202,-0.8593050405845717,0.8644190132206176,-1.332745193575291,-1.069195450913801,False,4.800000000000001,0.05,0.02,0.02,1.0,0.2,0.06,0.06,36,83
1.364106812060217,-0.2504937201342119,0.0345648158735206,12.627109346070968,0.4379567127209753,-9.5569730447498,9.41619813152943,-0.734017772873891,1.8253392440500515,-0.6846553286423258,-1.0242276992290489,False,4.800000000000001,0.05,0.02,0.02,1.0,0.2,0.06,0.06,36,84
1.3549336100580889,-0.2524134583446903,0.0429048687801038,12.96482112000105,32.0416137983433,-10.046945135299085,8.724334707006804,-0.7235537164426874,1.5277409570393994,-1.5048339521058935,-1.2916597843598392,False,4.800000000000001,0.05,0.02,0.02,1.0,0.2,0.06,0.06,36,85
1.3605445819846145,-0.254701834739184,0.0418423615918806,12.601997418652278,25.35175536860264,-9.878731198364354,9.73786603327824,-0.4334537343403644,0.6090223246087952,-0.4664628318505485,-1.2573228960211036,False,4.800000000000001,0.05,0.02,0.02,1.0,0.2,0.06,0.06,36,86
1.3577047553881822,-0.2518693574053968,0.0407145594989723,12.630585859522972,20.907584232344373,-9.431312835964766,9.07324951706389,-0.7526986010613145,0.8416716963529028,-0.4254689019893254,-1.2214036186438233,False,4.800000000000001,0.05,0.02,0.02,1.0,0.2,0.06,0.06,36,87
1.35961991648879,-0.2544646856375124,0.040491450372478,12.248199364977909,5.291848687734509,-10.497130842087184,10.383480618391523,-1.0394772935653993,1.636778595564761,-0.5928960405928985,-1.2141492169299692,False,4.800000000000001,0.05,0.02,0.02,1.0,0.2,0.06,0.06,36,88
1.357646350827886,-0.252103112046778,0.0423719174135212,12.84182823555288,7.036556894125191,-11.22745845928204,8.560759855636261,-0.8037743770735546,2.298755010409208,-0.9391451580540696,-1.274442576183008,False,4.800000000000001,0.05,0.02,0.02,1.0,0.2,0.06,0.06,36,89
1.3621306852409234,-0.25191061577385,0.0396224845014949,11.586926894248643,19.323219773522688,-10.521216364629804,8.813327429373249,-0.4276449827335216,1.5126456240960608,-1.165771297656387,-1.1861916629333822,False,4.800000000000001,0.05,0.02,0.02,1.0,0.2,0.06,0.06,36,90
1.3648910400682128,-0.2542118404393745,0.0383633492805152,12.21299132834482,27.70116943763261,-10.005419115307578,8.869365441236774,-0.7979608275161931,1.4246515216848277,-0.2805767363256584,-1.1457337145723965,False,4.800000000000001,0.05,0.02,0.02,1.0,0.2,0.06,0.06,36,91
1.3596091915458064,-0.2476813296020468,0.0401448425117865,12.186211310879846,27.342621074172555,-10.865862975707977,8.834777233005347,-1.1168276455710011,1.5479628926815403,-2.393976688711672,-1.2030584088844218,False,4.800000000000001,0.05,0.02,0.02,1.0,0.2,0.06,0.06,36,92
1.3653875310402788,-0.256825915064822,0.0381323089440435,12.757134101294774,5.4970584491801,-10.071281116517303,9.605695612722135,-0.568224596751389,1.9596913480424527,-1.3147606125965696,-1.1383106343469775,False,4.800000000000001,0.05,0.02,0.02,1.0,0.2,0.06,0.06,36,93
1.3582720399927235,-0.2541405326957681,0.0408109133015067,13.328046687974764,23.276442513006657,-10.232334277152509,8.809478072664707,-0.8981892417538802,0.3968390660375276,-0.9877609589374676,-1.2244529032486524,False,4.800000000000001,0.05,0.02,0.02,1.0,0.2,0.06,0.06,36,94
1.3642504819058054,-0.254971290288059,0.0408016272075695,12.903767122919453,8.976685780113105,-10.250338910172452,8.39244124543553,-0.4265118683231933,1.5342180709044388,-1.8349862820493372,-1.2237970417278785,False,4.800000000000001,0.05,0.02,0.02,1.0,0.2,0.06,0.06,36,95
1.3628019154461355,-0.25682783787968,0.0424508925780002,12.44291444140934,3.18072995436723,-9.497069481854725,9.430187185592755,-0.3594685039367184,0.7516573159740474,-0.5852622343227118,-1.2766604475692398,False,4.800000000000001,0.05,0.02,0.02,1.0,0.2,0.06,0.06,36,96
1.3581937062276446,-0.2528439311540275,0.0401999832601527,12.46821199560717,32.67660446846391,-9.408609618351791,8.5049334566885,-0.7888029431358274,1.6966942717214168,-1.2790203485799168,-1.2049078419512305,False,4.800000000000001,0.05,0.02,0.02,1.0,0.2,0.06,0.06,36,97
1.3588823756249393,-0.2542619265917243,0.0420174042530543,12.44450759409347,21.30274717829044,-10.074591347127816,6.871807000716292,-0.7003683392532893,2.0449985388295184,0.6470777518421154,-1.263023993560242,False,4.800000000000001,0.05,0.02,0.02,1.0,0.2,0.06,0.06,36,98
1.3660266048747225,-0.2554355618884578,0.0403867886014678,12.347862830710165,9.686616823597358,-9.674103310328368,7.492166066178415,-0.2944421979459715,2.511208464170524,-0.8976023592084292,-1.210415638954488,False,4.800000000000001,0.05,0.02,0.02,1.0,0.2,0.06,0.06,36,99
3.035951269630885,-0.442683715857289,0.0522205901381605,15.624904753690826,-25.762391203286683,-18.27442355406366,13.771383387214485,0.5892564514918153,0.6268480240360941,0.1561756649890209,-1.488901808243284,False,4.800000000000001,0.05,0.02,0.02,1.0,0.2,0.06,0.06,40,0
3.036069269181366,-0.4478299238504935,0.0502085568891995,14.641933185081545,-12.778551354241475,-17.574023358942263,13.447900670474844,0.4472800604883308,1.2318629217868966,0.6074076861294739,-1.4245096643035045,False,4.800000000000001,0.05,0.02,0.02,1.0,0.2,0.06,0.06,40,1
3.0288609913739424,-0.444172445189768,0.0526191058439268,14.751493171177335,13.544248962321772,-17.109110001190633,14.33378730011298,0.3832808269367271,-0.4396800894548358,-0.0618165139075328,-1.5020797275232232,False,4.800000000000001,0.05,0.02,0.02,1.0,0.2,0.06,0.06,40,2
3.047918136213203,-0.4518787353884686,0.0516133520943293,15.015039595691489,7.63994348924394,-16.741511455602538,13.9225166815056,-0.4757446905064546,-0.6779398969237687,-1.572348407867619,-1.4687521788457487,False,4.800000000000001,0.05,0.02,0.02,1.0,0.2,0.06,0.06,40,3
3.0412447394602133,-0.4406040629123062,0.0529334267602508,14.893625761949323,-6.472092494602096,-15.185980548777884,15.610051735122973,0.1035592733658661,0.3501684171162968,-0.6254443257994564,-1.5113949719604138,False,4.800000000000001,0.05,0.02,0.02,1.0,0.2,0.06,0.06,40,4
3.0265738677472207,-0.4436064557999797,0.0540606359456337,15.603680801179566,29.91526277949576,-15.665727239047062,17.525741349060645,-0.4517941052038992,0.9370446160300592,-0.2194557626562336,-1.5483459181954464,False,4.800000000000001,0.05,0.02,0.02,1.0,0.2,0.06,0.06,40,5
3.046594591032996,-0.4465653425498511,0.0419544103998325,14.435140001449316,-20.500677178996693,-16.129580496414984,13.309336743218836,0.7797569182136591,0.8007383033009163,0.1459282857495498,-1.1597454573326622,False,4.800000000000001,0.05,0.02,0.02,1.0,0.2,0.06,0.06,40,6
3.0352164970470703,-0.4387667665374462,0.0555804973038394,14.355717024767245,15.35079489217794,-14.65011009155918,17.806730908142647,0.9724081102491252,-0.6169991924277547,-0.0862529905528179,-1.596462923900038,False,4.800000000000001,0.05,0.02,0.02,1.0,0.2,0.06,0.06,40,7
3.045056050801469,-0.4404475301477113,0.0482008484124089,14.267886050882089,-22.432879193284368,-16.49591911908876,14.595358951274012,0.6604862490902884,2.4720263438137424,-1.6230866636526478,-1.3597237861489984,False,4.800000000000001,0.05,0.02,0.02,1.0,0.2,0.06,0.06,40,8
3.043490876903711,-0.4353910949861476,0.0362314454564274,15.1975260903775,-24.842230414016107,-16.181799743981486,12.958862190980463,1.253994206746913,0.4261647215723121,0.7259119352789916,-0.9767968019914548,False,4.800000000000001,0.05,0.02,0.02,1.0,0.2,0.06,0.06,40,9
3.0319618870781877,-0.4488181304773587,0.0502163780781623,15.587255442219904,9.228482008281244,-16.95984001943871,12.281862510280742,0.4251237324353494,0.0318490968917157,-1.105951268384178,-1.425006385276505,False,4.800000000000001,0.05,0.02,0.02,1.0,0.2,0.06,0.06,40,10
3.0357466662196724,-0.4427249970513592,0.0497320483645875,14.508659258097316,-34.65349343790009,-18.45848793854716,16.443275159885665,-0.0812572349630011,2.060906176179768,0.2582419286508461,-1.4092807476936229,False,4.800000000000001,0.05,0.02,0.02,1.0,0.2,0.06,0.06,40,11
3.0364190786437497,-0.4418832862991517,0.0489179899432869,15.192698044598629,-29.236490063369832,-15.952232851136571,14.797072279093983,0.8169925789395424,1.453945478393703,-1.4921406552857448,-1.3831905334665584,False,4.800000000000001,0.05,0.02,0.02,1.0,0.2,0.06,0.06,40,12
3.041909797085246,-0.4379247926625029,0.0494528724377277,15.28467387107404,-18.95924705261047,-20.08060520727926,13.68971664537742,0.4203099381705008,0.1414523612018092,-1.1822975942113412,-1.3999773301821747,False,4.800000000000001,0.05,0.02,0.02,1.0,0.2,0.06,0.06,40,13
3.0293927872837614,-0.4428651568925288,0.0530262651756952,14.95702357021954,11.29180641489923,-11.69074801733435,13.437899191782405,0.2621981905674834,2.609178694063176,-1.6840550794742757,-1.5150769183852235,False,4.800000000000001,0.05,0.02,0.02,1.0,0.2,0.06,0.06,40,14
3.032561960677488,-0.4405701385197868,0.0473824280423356,15.218155057358466,-2.2769632583342467,-16.952676598519037,15.457825287318776,0.6061414829772536,2.0297939464911967,-0.2913637521572552,-1.334283979714092,False,4.800000000000001,0.05,0.02,0.02,1.0,0.2,0.06,0.06,40,15
3.045288154459831,-0.4423447221888284,0.0495672786199411,14.778365464493282,-24.946137659567203,-15.723802201460668,13.51424153682429,0.0257134345362713,-0.2653224300791372,-1.8066804221889772,-1.4034356265705266,False,4.800000000000001,0.05,0.02,0.02,1.0,0.2,0.06,0.06,40,16
3.0271885540524157,-0.4458645898458023,0.0516189777201988,14.853310429247587,39.77480220706498,-17.051592560664805,16.61311203906131,0.5125337881056202,1.0808211779218428,-1.3238495150799474,-1.4701759738032172,False,4.800000000000001,0.05,0.02,0.02,1.0,0.2,0.06,0.06,40,17
3.044967259937201,-0.4425010739694254,0.0487668315253955,14.43951810731263,-19.393081832212395,-19.234353428180256,13.27164781224288,0.1962636958344878,1.20983511851836,-0.913274015252564,-1.3778405732164267,False,4.800000000000001,0.05,0.02,0.02,1.0,0.2,0.06,0.06,40,18
3.04565643620573,-0.4409032384786936,0.0444308061126157,14.81351828025911,-20.53151748974045,-15.868609186832929,16.376418784719725,-0.5148463309089795,2.435700229802964,-0.9958123755926204,-1.2390464094313616,False,4.800000000000001,0.05,0.02,0.02,1.0,0.2,0.06,0.06,40,19
3.0377167093854083,-0.4383315972042911,0.0534613221895007,15.37011268426469,-5.144469157051704,-14.164368909719425,15.59422992008748,-0.1000051899309308,0.9077272274655164,-0.8476006080956541,-1.5284993075009,False,4.800000000000001,0.05,0.02,0.02,1.0,0.2,0.06,0.06,40,20
3.024131421170963,-0.4439844547156196,0.056117977597938,15.888673169312124,-14.128051268206423,-16.744466210676226,15.897426000159207,0.3470815794266291,1.80916627093182,-0.4829264136402096,-1.6143273978637611,False,4.800000000000001,0.05,0.02,0.02,1.0,0.2,0.06,0.06,40,21
3.04151806891184,-0.4444320695340197,0.0456528779485261,15.143369170054816,-11.483437666174089,-16.905031749177635,14.967613127008232,0.2331717934098358,-0.1280620593215704,-1.51847494175081,-1.2784010102181258,False,4.800000000000001,0.05,0.02,0.02,1.0,0.2,0.06,0.06,40,22
3.050429202642618,-0.4530996937812572,0.0502262572362567,15.584074298680356,-45.18318280354936,-18.07584461841516,13.493426872351495,-0.2819120321964973,1.9272246471054488,0.1904033564093539,-1.424214479401661,False,4.800000000000001,0.05,0.02,0.02,1.0,0.2,0.06,0.06,40,23
3.041109173146358,-0.4401978240499366,0.0454757942437243,16.5470441655406,-13.758005327233626,-20.8769712452826,12.606395977737488,-0.2633245342695094,1.6878444216316055,-0.8623121312434598,-1.2727588654103963,False,4.800000000000001,0.05,0.02,0.02,1.0,0.2,0.06,0.06,40,24
3.0379690444125558,-0.4480080856730111,0.0488617564103086,15.486673366323682,1.052041410937462,-17.248759613661335,13.53553613911762,0.1975963517576536,-0.3204986259357889,-0.5148013240218258,-1.3812980624651223,False,4.800000000000001,0.05,0.02,0.02,1.0,0.2,0.06,0.06,40,25
3.032912529368575,-0.438924624207029,0.0516285681773862,14.925094008783269,2.85638835586426,-15.87916416619801,16.774885666378314,0.2050977714041291,1.2782205728541916,0.3262714983913561,-1.470139429914246,False,4.800000000000001,0.05,0.02,0.02,1.0,0.2,0.06,0.06,40,26
3.0486457064417016,-0.4463367949419006,0.0458944972798234,16.012087009462924,3.9896018677089344,-15.141284898634146,11.278627450483077,0.1964534752868961,-0.2576504731369338,-1.6598834750486453,-1.2857051705678468,False,4.800000000000001,0.05,0.02,0.02,1.0,0.2,0.06,0.06,40,27
3.039067243446653,-0.4455416851053524,0.046743322474522,15.389135062649135,-7.911209287890923,-17.696691577264374,15.514409675537904,0.635565765715632,1.5214502793523534,-1.984780710465356,-1.313442284577905,False,4.800000000000001,0.05,0.02,0.02,1.0,0.2,0.06,0.06,40,28
3.036342617843092,-0.4388291358998246,0.0504221096666695,15.400038350234892,26.51318130323737,-16.826994853698597,16.190674138128845,0.2988155366817913,1.569353946160772,-1.4548607877939146,-1.4313269522628396,False,4.800000000000001,0.05,0.02,0.02,1.0,0.2,0.06,0.06,40,29
3.038534529189763,-0.434166359070415,0.0453860265226809,15.14543980980027,-14.136190100676115,-16.850737579711655,12.283512227834816,0.8273742750438613,1.868266959605971,-0.7554372357665466,-1.2700407769744049,False,4.800000000000001,0.05,0.02,0.02,1.0,0.2,0.06,0.06,40,30
3.0529301088067378,-0.4404293906214938,0.0439097597783029,15.314435400174116,-39.33926322177013,-16.993034086986327,15.008421883328351,-0.5819492742839621,-0.2180393881681979,-1.2096344993575558,-1.2219365063772898,False,4.800000000000001,0.05,0.02,0.02,1.0,0.2,0.06,0.06,40,31
3.033141317081069,-0.438179663195515,0.0496134346649661,15.96347303351144,0.7737681871075042,-16.211302377063205,17.40714455769715,0.1109026962335917,2.159513363573154,0.6209360158705168,-1.4056414302540532,False,4.800000000000001,0.05,0.02,0.02,1.0,0.2,0.06,0.06,40,32
3.0369827273687786,-0.4433721043892191,0.0451400241524126,14.497065461992444,-7.657003273991294,-18.373886203064103,16.183445983855073,-0.1159550754961992,1.677799449710833,-1.6925067074290123,-1.2622618092350772,False,4.800000000000001,0.05,0.02,0.02,1.0,0.2,0.06,0.06,40,33
3.04076373992222,-0.4408743118146537,0.048821311640276,14.25985893537986,-46.678934215790015,-16.039315686701467,14.618365683506097,0.94643644334528,2.107209673878634,-0.7367113764569059,-1.3798361480935004,False,4.800000000000001,0.05,0.02,0.02,1.0,0.2,0.06,0.06,40,34
3.034888601653909,-0.4490445678250885,0.0550161982638672,15.87244394055219,-0.1511378629759489,-15.161085827082069,16.35983327627195,0.7583718109943844,1.7592852076921612,-1.2953621873704984,-1.578425028344517,False,4.800000000000001,0.05,0.02,0.02,1.0,0.2,0.06,0.06,40,35
3.038715547185126,-0.4405006762815286,0.0487623772222796,15.186964562183633,-11.57106631781025,-17.954430871618804,14.5328328319677,0.3901280647189885,1.927952187939284,-1.641630196468337,-1.3780731382818414,False,4.800000000000001,0.05,0.02,0.02,1.0,0.2,0.06,0.06,40,36
3.0341857087716853,-0.4422959651698817,0.050708368341701,14.574093858234884,-23.239398328502684,-16.311372768874406,13.375789576743776,0.0698572271883077,0.178501348209028,-1.9438478877377283,-1.440616644408134,False,4.800000000000001,0.05,0.02,0.02,1.0,0.2,0.06,0.06,40,37
3.0401655095551106,-0.4493800446079654,0.0453439243756144,14.658405475839617,-13.721678299800445,-18.31588376458089,13.982761519685438,0.2876164372023168,0.5378310728752018,-1.3915296573263467,-1.2685956494463566,False,4.800000000000001,0.05,0.02,0.02,1.0,0.2,0.06,0.06,40,38
3.042908498732677,-0.4392620606144088,0.046817899434313,15.278022829960303,-2.27915079565,-16.559100174680715,13.897628147764785,0.1213041593762738,1.3500074812218357,-0.1661526906648187,-1.3155982719740582,False,4.800000000000001,0.05,0.02,0.02,1.0,0.2,0.06,0.06,40,39
3.032741297448167,-0.4431256781829633,0.049592402809169,14.9461681515109,4.3336755451826985,-16.302007927035717,17.884982478524638,-0.5524358060717808,1.6941116964647815,-1.6444416862675135,-1.4049924120465191,False,4.800000000000001,0.05,0.02,0.02,1.0,0.2,0.06,0.06,40,40
3.053217414496558,-0.4466051175140982,0.0481784715303993,14.528321987483164,-44.91617392392475,-15.693007302463322,14.944260614155285,-0.1502535438783703,0.4932159728201162,-0.1949715495978439,-1.358518044102985,False,4.800000000000001,0.05,0.02,0.02,1.0,0.2,0.06,0.06,40,41
3.039349874504241,-0.4370906596401655,0.0451338916258362,16.251942906501135,-12.014641908569285,-15.511170083980415,14.810068581305384,0.1815302613214215,-1.171880865658139,-1.783171652588703,-1.2619235395565052,False,4.800000000000001,0.05,0.02,0.02,1.0,0.2,0.06,0.06,40,42
3.0245424159370797,-0.4382167569628057,0.0551710726907199,15.425940399207134,15.512136168187084,-18.876930819014984,11.717838420627787,-0.2823699590050292,1.7633391423352682,-1.2606960895206172,-1.5840017811468148,False,4.800000000000001,0.05,0.02,0.02,1.0,0.2,0.06,0.06,40,43
3.0371589501808427,-0.4440317578351236,0.0460015557359539,16.469436648683864,-17.61517854365397,-17.961301003280163,13.066113244235211,-0.0658539628682952,1.433229018138085,-1.332543450054256,-1.2898202465396764,False,4.800000000000001,0.05,0.02,0.02,1.0,0.2,0.06,0.06,40,44
3.045238840110858,-0.4460014764706786,0.0501708559203265,14.236904617131875,-20.464905729524368,-14.768434839439797,13.63682043373133,0.230227429442439,1.246166627659835,-2.2639065229360984,-1.4227530590437971,False,4.800000000000001,0.05,0.02,0.02,1.0,0.2,0.06,0.06,40,45
3.04766261146194,-0.4406944325314127,0.0438628548461353,13.626733919165416,8.236023818251427,-15.115549427029718,16.04558437352757,-0.4810756048283411,2.4778529715373927,-1.7401372852476853,-1.2207515983886137,False,4.800000000000001,0.05,0.02,0.02,1.0,0.2,0.06,0.06,40,46
3.027369289316352,-0.4449838707242236,0.0521414761027007,14.999225568466407,-3.539144214442421,-16.035358250833227,13.036506776031375,-0.0540918312820487,0.4104251448406226,-0.6884974413428923,-1.4868850779274436,False,4.800000000000001,0.05,0.02,0.02,1.0,0.2,0.06,0.06,40,47
3.0411351312585384,-0.4505479277505357,0.047610265929409,14.629990094427871,-14.303262804174844,-17.958359067887436,14.848123170844373,0.1500900717351068,0.7402994813223642,-0.7783020713415152,-1.341060401865579,False,4.800000000000001,0.05,0.02,0.02,1.0,0.2,0.06,0.06,40,48
3.040327339268618,-0.4459196765339101,0.0494765948370359,15.565668290845633,23.53161042155605,-15.273628779306517,14.974231162958937,-0.53839590155245,1.5327447283201028,-0.4315864478951112,-1.4008313944290325,False,4.800000000000001,0.05,0.02,0.02,1.0,0.2,0.06,0.06,40,49
3.039924378183953,-0.445014010979903,0.0480771418914274,14.213423079844462,-2.2685977277606817,-15.665470944702673,14.482037477503408,0.6572538496383566,1.522016162956755,-0.0777697705652082,-1.3560730778346402,False,4.800000000000001,0.05,0.02,0.02,1.0,0.2,0.06,0.06,40,50
3.042499816436669,-0.4488782973918533,0.0465159565195379,15.60368031500803,-16.304358206724377,-15.150280362604452,16.62320480838987,-0.3041082191670225,0.8981337096552912,-1.721905108172348,-1.3059606196390148,False,4.800000000000001,0.05,0.02,0.02,1.0,0.2,0.06,0.06,40,51
3.0368592964056997,-0.4406525223088071,0.0494504313847504,14.936303276074506,-2.6830406561048155,-15.836129454186151,14.04766253797838,0.5058267867555696,0.3943732086897973,-2.202602087751512,-1.400202246527673,False,4.800000000000001,0.05,0.02,0.02,1.0,0.2,0.06,0.06,40,52
3.0407554708492057,-0.4429494386399167,0.0477483627148844,15.23902276597364,4.536100720288238,-16.33796766771271,13.438490932067012,0.9003488081586456,-0.6545962130678353,0.5329828169479058,-1.3455022786253512,False,4.800000000000001,0.05,0.02,0.02,1.0,0.2,0.06,0.06,40,53
3.036238489042709,-0.4442690927357586,0.0488334279876174,15.308796588615031,-3.637363880320652,-15.22635108121755,16.505437739102856,-0.4349451861383547,1.1324894543197883,-2.4670904879040485,-1.380495386261196,False,4.800000000000001,0.05,0.02,0.02,1.0,0.2,0.06,0.06,40,54
3.0235780633442837,-0.4362715391510663,0.0526364982966268,14.201449921322286,6.703047733056373,-17.57278255527715,19.099518442954423,0.0220181057917363,1.864512342080743,-0.736622986619358,-1.5029532616914014,False,4.800000000000001,0.05,0.02,0.02,1.0,0.2,0.06,0.06,40,55
3.0417384485565964,-0.4328575408740407,0.0463475591523198,15.426428201718895,-23.85623916760957,-14.424306872869156,15.507820786070438,-0.6421240319529081,2.122131470148138,-3.1947933456387325,-1.3006175859608402,False,4.800000000000001,0.05,0.02,0.02,1.0,0.2,0.06,0.06,40,56
3.0438068744463025,-0.4377458173143829,0.0422417267951023,14.231416573513842,-13.094412006980416,-18.80327841523328,12.952581076779795,0.496222453080698,1.7329160552935747,-0.2191620761638752,-1.1691068449764983,False,4.800000000000001,0.05,0.02,0.02,1.0,0.2,0.06,0.06,40,57
3.037804553933555,-0.4403112010034041,0.0408650093223815,14.756393546527088,-13.277255132960615,-15.166051340717434,15.086954862540932,0.4130679723880656,0.5020497083228384,-0.9119956647602272,-1.1254120250801962,False,4.800000000000001,0.05,0.02,0.02,1.0,0.2,0.06,0.06,40,58
3.0193787138988646,-0.4424526020774682,0.0474779661710842,14.963314400201872,8.983662613212399,-16.640802222998367,15.828520014383814,0.0159134919694696,3.148056999320734,-1.6226895790910445,-1.338132194640766,False,4.800000000000001,0.05,0.02,0.02,1.0,0.2,0.06,0.06,40,59
3.028718185635745,-0.4421303262333935,0.0547022352701174,14.340540338483232,0.385875581649717,-15.23677160704284,12.700594917244704,1.031118764351989,-1.1943053083965445,-1.05329999692203,-1.5687484375056149,False,4.800000000000001,0.05,0.02,0.02,1.0,0.2,0.06,0.06,40,60
3.02165230229047,-0.4361567981127527,0.0500821830897242,15.336409376609216,13.46189804329948,-17.600570295806968,12.66205441193119,0.8470527957331596,1.1471534977484,-0.8205643406005042,-1.4213307207337489,False,4.800000000000001,0.05,0.02,0.02,1.0,0.2,0.06,0.06,40,61
3.03414694934756,-0.4440989513631542,0.0557550213698091,16.181539631012264,16.6279282829969,-14.520069233738315,15.808750122671118,-0.4256313578808016,0.0611270348165813,-2.391588828251373,-1.6021118668730387,False,4.800000000000001,0.05,0.02,0.02,1.0,0.2,0.06,0.06,40,62
3.044010589588846,-0.4502138462971262,0.0495711249004935,15.488371631576824,-14.87781442384216,-16.13832923541085,13.664970166671663,-0.2986267955534749,0.3438538001802136,-0.7239506215596743,-1.403635361440463,False,4.800000000000001,0.05,0.02,0.02,1.0,0.2,0.06,0.06,40,63
3.03402397820314,-0.4350394896588341,0.0400463392584151,15.353672114272864,15.845214437011553,-14.913802218324996,13.96701492550613,-0.4157753566477574,2.056250071092123,1.3632594611955715,-1.099441417577096,False,4.800000000000001,0.05,0.02,0.02,1.0,0.2,0.06,0.06,40,64
3.0354711293335046,-0.4413677809363549,0.0483153484598518,15.50993561641038,-5.290903826700003,-17.35778766664952,14.946658982383337,0.5618452111333271,-0.1861952081947013,0.2533162545180902,-1.3639628829552488,False,4.800000000000001,0.05,0.02,0.02,1.0,0.2,0.06,0.06,40,65
3.0336978645719053,-0.4423014437674733,0.0492243772220367,15.60009542411752,18.152016129241048,-17.726042888716524,13.980829373634911,-0.3034247400051851,1.2683607316939651,-2.2121427345775144,-1.393158199230862,False,4.800000000000001,0.05,0.02,0.02,1.0,0.2,0.06,0.06,40,66
3.0284388649254628,-0.4398139496578552,0.0502466041558644,14.890940557268124,17.896094742721292,-16.495991376579575,15.79188556578064,0.3112603068194415,0.7410987733243501,-0.8080946980431256,-1.4261850010921355,False,4.800000000000001,0.05,0.02,0.02,1.0,0.2,0.06,0.06,40,67
3.0318468396286646,-0.4357808626243366,0.0522961704879069,14.926522881474474,-35.318582846282546,-16.236942917850293,16.03254328980859,-0.0875051187511056,1.7418334564937188,-2.181075379664488,-1.4915666452353027,False,4.800000000000001,0.05,0.02,0.02,1.0,0.2,0.06,0.06,40,68
3.047922029211722,-0.4511176743776299,0.0467055657035298,15.093706869877522,-34.84739123257127,-17.871515822742815,14.972906762498532,0.4857369966222151,1.5160635778679774,0.6709501532620799,-1.311702780760253,False,4.800000000000001,0.05,0.02,0.02,1.0,0.2,0.06,0.06,40,69
3.045193476545181,-0.438231282323087,0.0402065604752264,15.298058797467084,-7.213852349787152,-16.609100927954046,10.950509278580476,-0.2541211369461258,3.116039320357994,-1.9361999804432155,-1.1038983266145346,False,4.800000000000001,0.05,0.02,0.02,1.0,0.2,0.06,0.06,40,70
3.041730817634752,-0.4435397971770168,0.0444167365148236,13.724060283656543,34.64176456946095,-14.29698907261713,15.897441804109416,0.2037365403041578,1.1164048254519725,-1.6650683665298691,-1.2388317194162726,False,4.800000000000001,0.05,0.02,0.02,1.0,0.2,0.06,0.06,40,71
3.044927666131447,-0.4367347062407993,0.0426658754281175,14.99154212797384,-20.822655237522472,-12.328857189321202,11.548669375401564,-0.6511476989422206,0.507040193682829,-0.1797781912012681,-1.1826123537318765,False,4.800000000000001,0.05,0.02,0.02,1.0,0.2,0.06,0.06,40,72
3.0482292391212646,-0.4400725085311411,0.0471406071888321,15.161685300955526,24.09518571389224,-16.97932131650551,13.99660794203158,-0.7441844174764873,2.60691133164629,-0.9881312884923096,-1.3256056756953516,False,4.800000000000001,0.05,0.02,0.02,1.0,0.2,0.06,0.06,40,73
3.037775941324363,-0.4421320462594271,0.0463964603461047,15.0117043476362,8.284758107090227,-17.686680631259282,13.736922929621649,-0.0830579729385693,-1.269193572061542,-0.6475979185237138,-1.3024201745958917,False,4.800000000000001,0.05,0.02,0.02,1.0,0.2,0.06,0.06,40,74
3.039666497918148,-0.4479741894522571,0.0494198587817455,15.546092014784731,11.249749102143603,-15.774370232695894,16.753289744710543,0.2997009360246669,-0.4202586999615303,-0.7354784240800029,-1.3990554911407704,False,4.800000000000001,0.05,0.02,0.02,1.0,0.2,0.06,0.06,40,75
3.0387269484845003,-0.4452710306249413,0.0452560860386739,14.619562599494047,-13.255636391250585,-14.907032640477464,16.957805914447512,-0.1735805793311485,1.405812593548037,-0.2483739424797573,-1.2658711363284978,False,4.800000000000001,0.05,0.02,0.02,1.0,0.2,0.06,0.06,40,76
3.036244289411987,-0.4390894395594,0.0485388816272935,16.011042564690953,-10.6441958231702,-17.65027977973859,15.689258623164708,0.3046725655264578,1.890362220147731,-1.5083926868829236,-1.371069554708676,False,4.800000000000001,0.05,0.02,0.02,1.0,0.2,0.06,0.06,40,77
3.0335253348281093,-0.4437164998971866,0.0600982584043559,14.864126721049857,12.24287860469919,-19.6431148907999,14.912175865193928,0.947197886538453,0.1355596438992505,-0.4469921325478785,-1.7411327488497057,False,4.800000000000001,0.05,0.02,0.02,1.0,0.2,0.06,0.06,40,78
3.0408921043836075,-0.4420484932759723,0.046431624635281,15.43043437095487,-24.007719481147973,-17.20199075620238,13.37156816681564,-0.5301852082457678,0.2422355859723535,-1.273207913264987,-1.3033584620659766,False,4.800000000000001,0.05,0.02,0.02,1.0,0.2,0.06,0.06,40,79
3.038197212468814,-0.4359959187810309,0.044843574377116,15.788171984758527,3.833372640502456,-16.691731629806025,11.943113223253327,0.4900840950983401,1.925071579303666,-0.3150547847500948,-1.2527025473195852,False,4.800000000000001,0.05,0.02,0.02,1.0,0.2,0.06,0.06,40,80
3.0335588337077177,-0.4327505486584235,0.0479543702768226,15.126459526287976,13.591213923052116,-16.554034962823,11.224691852517967,-0.4455232195435994,0.975945672311151,-0.75851740518847,-1.3525263188358632,False,4.800000000000001,0.05,0.02,0.02,1.0,0.2,0.06,0.06,40,81
3.039092898231411,-0.4436429189439982,0.0507745708425807,15.057897884190384,-47.12577549231372,-17.05564143113164,16.339313112106606,0.3056786016805626,1.0615642525710864,0.037913336907484,-1.4424406930687004,False,4.800000000000001,0.05,0.02,0.02,1.0,0.2,0.06,0.06,40,82
3.0385819165814194,-0.4467391035880588,0.0441119159140117,16.16339748966296,-5.499731174991688,-15.560509950837687,15.288691209874402,0.1816027164863817,1.4253380963369275,-0.7355508808463646,-1.2292663942534912,False,4.800000000000001,0.05,0.02,0.02,1.0,0.2,0.06,0.06,40,83
3.0320209673327123,-0.442133701739329,0.0443154615244344,15.368092349154509,0.967827090194582,-15.61185781178962,13.957668435611955,0.8458210556475356,0.5846798750198141,0.4164862877509201,-1.2361735107419407,False,4.800000000000001,0.05,0.02,0.02,1.0,0.2,0.06,0.06,40,84
3.043596969324762,-0.4382262452048058,0.0469238689031127,14.519199651146392,-2.745951886870671,-15.272224274480482,14.342897238148584,-0.562406812566321,0.4412245985120928,-0.3056818341927787,-1.318947986740123,False,4.800000000000001,0.05,0.02,0.02,1.0,0.2,0.06,0.06,40,85
3.0353067397263693,-0.4454274731458444,0.0523648466428382,15.531948344190974,43.81013207303669,-15.543214484227622,16.927987536452683,0.1395579425674387,-1.3825160016105127,-0.6344661854774977,-1.4935566881872406,False,4.800000000000001,0.05,0.02,0.02,1.0,0.2,0.06,0.06,40,86
3.0431345533727154,-0.4453656649583054,0.0403670773942209,14.37054634005318,12.944456650440058,-18.50645557505039,13.756033771258528,-0.386096601756225,2.1352215786710307,0.0997819752318829,-1.1091584034127084,False,4.800000000000001,0.05,0.02,0.02,1.0,0.2,0.06,0.06,40,87
3.038691456321438,-0.4404962908845736,0.0475028579096807,15.69485921223375,-18.01656595864613,-14.301408965324304,12.942526753977395,-0.6712927583016791,1.0737799808037694,-1.008837034009847,-1.3377699657304978,False,4.800000000000001,0.05,0.02,0.02,1.0,0.2,0.06,0.06,40,88
3.03221130667588,-0.4421365425848363,0.0491366951733552,15.018602578777095,23.65289648501369,-18.06846750350137,17.125813233423564,0.1169048796439513,3.776655303100586,-1.9823211122079043,-1.390441567146816,False,4.800000000000001,0.05,0.02,0.02,1.0,0.2,0.06,0.06,40,89
3.047456561848012,-0.4462924498744697,0.0431902121047946,15.115383757984969,-31.59600834760905,-18.018618043363936,12.738514113840656,-0.1306095470603814,1.1389340698918793,-0.3328578846914758,-1.1992393936425474,False,4.800000000000001,0.05,0.02,0.02,1.0,0.2,0.06,0.06,40,90
3.038847839857258,-0.4453852052021452,0.0486155420707975,14.641107315546908,-32.73828005976756,-18.222146342217968,13.6080533345166,0.3282871785480112,2.755757048399249,0.4152804178310165,-1.3733664758740858,False,4.800000000000001,0.05,0.02,0.02,1.0,0.2,0.06,0.06,40,91
3.034874364962074,-0.4474309294294672,0.0526628033584033,14.914032596580313,4.8037219951180194,-17.288352977473945,13.319844320164597,0.2733133291335761,1.532336917521849,-0.7211802640711278,-1.5031172455711823,False,4.800000000000001,0.05,0.02,0.02,1.0,0.2,0.06,0.06,40,92
3.050488538756196,-0.4384223730315921,0.0442189572002542,16.027764414906557,-39.82572853864055,-16.213726844330715,13.637993473478868,-0.6635478129170298,1.1843936331952842,-2.11035867891162,-1.231977318082765,False,4.800000000000001,0.05,0.02,0.02,1.0,0.2,0.06,0.06,40,93
3.033061992299038,-0.4424186505571382,0.0527702911860733,15.045126026656424,-12.326231226853922,-21.234200671536765,12.927657881849273,-0.1441970177327233,0.7885315911172188,-1.339571518427244,-1.5066655984164052,False,4.800000000000001,0.05,0.02,0.02,1.0,0.2,0.06,0.06,40,94
3.0396394080159563,-0.4446412841533737,0.0443075019139928,15.77757848139566,16.136204489652368,-17.361036813770106,14.675280829443883,0.1297535377862443,1.583600818730247,0.1694134490646277,-1.235461696766815,False,4.800000000000001,0.05,0.02,0.02,1.0,0.2,0.06,0.06,40,95
3.02315019903793,-0.4434470712555878,0.0565157727353751,15.965742964021802,27.922724722593717,-15.53745460839706,18.79553744292998,-0.5205548068647005,0.7290678882612862,-2.251839290851245,-1.6271157155897291,False,4.800000000000001,0.05,0.02,0.02,1.0,0.2,0.06,0.06,40,96
3.0409215317837166,-0.4424340562124749,0.051250150300931,14.29291204262628,-9.606492820667125,-15.697903899461236,14.214470510297325,0.506509618271852,1.6357716446994008,0.8870214663946987,-1.45754951772277,False,4.800000000000001,0.05,0.02,0.02,1.0,0.2,0.06,0.06,40,97
3.0460457680545336,-0.4369617204182328,0.045329415039743,14.196180600756806,-16.2724649547797,-15.317830840410483,15.250302768801692,-0.5086910612296021,0.374296089538239,-1.4585840629337898,-1.2677785351885071,False,4.800000000000001,0.05,0.02,0.02,1.0,0.2,0.06,0.06,40,98
3.044165036000852,-0.4394175959529499,0.0406957295309371,15.466795048453008,-13.300820635155386,-17.64192002858772,12.376713802394978,-0.0114500670859892,-0.591546943992826,-1.0565454798339322,-1.1196134428299385,False,4.800000000000001,0.05,0.02,0.02,1.0,0.2,0.06,0.06,40,99
5.48511789046135,-0.6378366034920635,0.0446976059183039,12.174255794419668,-22.345520202383224,-21.41581353974249,23.404466738335916,1.5882687835723956,-1.098391903132596,-1.5974899105178764,-1.101216315958044,False,4.800000000000001,0.05,0.02,0.02,1.0,0.2,0.06,0.06,44,0
5.478069749538409,-0.6214995669308939,0.04932203723222,15.43689679371946,60.78169363139506,-21.120257717771374,14.741885090275906,1.0589282511336102,-2.219805052554684,1.9771628763318307,-1.2496210064587363,False,4.800000000000001,0.05,0.02,0.02,1.0,0.2,0.06,0.06,44,1
5.46969445170073,-0.6251875550562044,0.0548200555718195,14.28392572480927,33.92170632635406,-16.1096266850079,14.549575009994944,1.0623405042097462,-0.7186842023756774,-1.9131505022181583,-1.4260601111961837,False,4.800000000000001,0.05,0.02,0.02,1.0,0.2,0.06,0.06,44,2
5.496663354495837,-0.6429131410498398,0.0492766016825909,13.094072024609282,5.285047619103921,-21.926783479515763,16.564057140827632,1.492345838280248,0.2095359632599482,-2.61598245002158,-1.2470514525731602,False,4.800000000000001,0.05,0.02,0.02,1.0,0.2,0.06,0.06,44,3
5.486989512568464,-0.6331562278575373,0.0543977096323615,14.637619309194848,61.533229762726,-19.69726961276443,21.69668486830404,0.7142348869169439,3.2009840327143064,-2.463657075660355,-1.411507337481462,False,4.800000000000001,0.05,0.02,0.02,1.0,0.2,0.06,0.06,44,4
5.470025063410223,-0.629828262813622,0.0580617462275187,14.492155488958431,83.88127248842586,-22.7829244423547,23.698415266389286,0.3552320800982246,-2.856006862098956,-2.833099457107939,-1.5297743754759872,False,4.800000000000001,0.05,0.02,0.02,1.0,0.2,0.06,0.06,44,5
5.488067513352043,-0.6278999510136593,0.043947919208336,13.353181314645727,-0.8772795526226815,-23.715786412469704,17.554492004822894,1.2877668941766796,-1.2552051619360187,-0.1202408521443061,-1.0770493638656318,False,4.800000000000001,0.05,0.02,0.02,1.0,0.2,0.06,0.06,44,6
5.4774257596233085,-0.6294425877283906,0.0435630792482775,15.108877083627664,59.83905337213821,-17.728046962126072,17.70801155613418,1.1120636954402323,1.3146105736618263,0.9272912909651164,-1.065372990367485,False,4.800000000000001,0.05,0.02,0.02,1.0,0.2,0.06,0.06,44,7
5.487709054478423,-0.6356608847115671,0.0487949759930169,14.621012194648335,66.31634836109654,-20.421526717824538,16.65323185078866,0.6629876241298475,0.2190088720002367,-0.4866647240814911,-1.232176688507837,False,4.800000000000001,0.05,0.02,0.02,1.0,0.2,0.06,0.06,44,8
5.476004202139825,-0.6282811291545598,0.0488008473298255,13.530159238281442,-1.4592603375624371,-21.352663316012485,16.380689550474752,0.9574650490320828,1.1373432606534273,-0.9516045659648578,-1.2330668624260277,False,4.800000000000001,0.05,0.02,0.02,1.0,0.2,0.06,0.06,44,9
5.475069211754018,-0.6267130732126477,0.0576508714748976,14.05459842336284,19.66262414909579,-21.00518914477653,18.97670752985909,0.9915639657715222,-0.0405504378749923,-1.8763609643895247,-1.516323734491483,False,4.800000000000001,0.05,0.02,0.02,1.0,0.2,0.06,0.06,44,10
5.494128997711964,-0.6260484663537195,0.0493407377509739,14.020670891018336,8.61309311212209,-20.966666602830315,19.489167044460928,1.0876966944235926,0.7065672795586051,0.501373598772735,-1.2492558681684478,False,4.800000000000001,0.05,0.02,0.02,1.0,0.2,0.06,0.06,44,11
5.49293086391549,-0.6378185494280547,0.0582389097053348,14.186472196566722,49.67981940933923,-21.977308388806456,15.320332827702982,1.558664420660352,-2.7947628544552545,0.9081599220003496,-1.5340692587357874,False,4.800000000000001,0.05,0.02,0.02,1.0,0.2,0.06,0.06,44,12
5.488962245613853,-0.624720075270006,0.0493483799049143,13.245079909994736,6.105257607407584,-21.400771776342825,19.506931107039083,0.5879527878085528,1.1209058920769688,0.2524931914234316,-1.2498104222204274,False,4.800000000000001,0.05,0.02,0.02,1.0,0.2,0.06,0.06,44,13
5.49021996205891,-0.6333829093308175,0.0427253545971862,15.144528035175057,-38.19898285990169,-22.82335787882736,18.29701334050995,1.2133405319187198,-0.6436344346980867,-0.3323685966640526,-1.037798149386426,False,4.800000000000001,0.05,0.02,0.02,1.0,0.2,0.06,0.06,44,14
5.489150636767931,-0.6320680280106957,0.0497111841701372,13.561687859498624,-4.129600698412524,-21.798554923192956,19.203988262540932,1.0716216998951305,0.1246202956301731,-0.2310349569975348,-1.2614088552383174,False,4.800000000000001,0.05,0.02,0.02,1.0,0.2,0.06,0.06,44,15
5.488995098557716,-0.6378444924854448,0.0494460617829558,12.605896722395617,7.202609655302717,-25.60933917893437,15.741992600780623,1.8576114395671972,1.7099161577026156,1.9455902365883728,-1.252934271141123,False,4.800000000000001,0.05,0.02,0.02,1.0,0.2,0.06,0.06,44,16
5.477850101208343,-0.6306768877272227,0.0510140843783957,14.537766027341394,31.48570827219431,-21.02718651152769,21.5111963562956,0.7946091894369559,-0.3115923858386786,4.181518772412143,-1.3037796940361628,False,4.800000000000001,0.05,0.02,0.02,1.0,0.2,0.06,0.06,44,17
5.47735479368513,-0.6297202639314573,0.0578302607566104,15.348168072425896,27.877644784278477,-22.573878950200037,17.64315694732447,1.347346558394162,-2.4393744271851814,-1.9164429977888664,-1.5219270565904273,False,4.800000000000001,0.05,0.02,0.02,1.0,0.2,0.06,0.06,44,18
5.483172398259801,-0.6227623801148376,0.0525986052980813,14.558903911080089,-39.70197050673333,-19.16626353052921,20.03877786853525,1.1747306979091925,0.5214450402971262,2.913405126006036,-1.3541650256430149,False,4.800000000000001,0.05,0.02,0.02,1.0,0.2,0.06,0.06,44,19
5.471353844429856,-0.6171086272576498,0.0455737477665444,13.780161613589812,21.10873564030477,-19.759305537217703,19.47839788522529,0.2705181835767306,2.20321447591618,2.5139107611428297,-1.130078697863631,False,4.800000000000001,0.05,0.02,0.02,1.0,0.2,0.06,0.06,44,20
5.48194212586098,-0.6317287219115096,0.0409967914884334,12.877606699382731,13.592818254286057,-21.180453529478363,15.867645103564676,1.5265301371361086,0.3028158082171566,1.1716690550550852,-0.9829808000782128,False,4.800000000000001,0.05,0.02,0.02,1.0,0.2,0.06,0.06,44,21
5.478954451838401,-0.6315627579688853,0.0485286052098221,13.470102942616933,37.11675738842188,-20.506595780999756,20.237456347288088,1.1484565626096708,-0.2790787873065758,-1.32461912206903,-1.2241780996040057,False,4.800000000000001,0.05,0.02,0.02,1.0,0.2,0.06,0.06,44,22
5.475653515666907,-0.6268001704340155,0.0553803161766029,14.72220587610338,26.319666425774955,-20.6689321608706,18.93054162537353,-0.0886732482362462,2.2481116366703926,0.7092428237819395,-1.4436309067112811,False,4.800000000000001,0.05,0.02,0.02,1.0,0.2,0.06,0.06,44,23
5.487795099200788,-0.6268360831656459,0.0466361203291476,13.297032908581835,8.712578531908804,-20.464534638286494,20.356706584496106,0.5380994537628685,2.6473141275501195,-1.8878646275358268,-1.163088144580677,False,4.800000000000001,0.05,0.02,0.02,1.0,0.2,0.06,0.06,44,24
5.491395386635959,-0.631304092362326,0.049644068441965,13.521021712794925,-23.251185226857725,-18.32838416652845,15.138747221582266,1.7641816133188255,0.1967285578526374,-1.7157241556660328,-1.259126466944726,False,4.800000000000001,0.05,0.02,0.02,1.0,0.2,0.06,0.06,44,25
5.482231425410656,-0.6318021236588206,0.0466300456110257,13.343539744934173,9.958923499206357,-20.82157634260604,20.92588375160277,1.1450905637573563,-1.302765868891299,-0.7727372715424693,-1.1632275740281834,False,4.800000000000001,0.05,0.02,0.02,1.0,0.2,0.06,0.06,44,26
5.481086111376809,-0.6212860396809977,0.0432030457440146,13.563925415551209,-1.819132617201113,-21.252998355248018,13.164009485481822,1.8468054603665456,-0.3673673625659759,0.9976087302523238,-1.0536322971258598,False,4.800000000000001,0.05,0.02,0.02,1.0,0.2,0.06,0.06,44,27
5.496441456834724,-0.628588473478771,0.0359209154091684,14.48637436270327,-45.962345575610414,-19.291771678039417,19.31474880993755,1.0097190091266106,-0.0726292780354647,-1.4744482092017646,-0.819682805683306,False,4.800000000000001,0.05,0.02,0.02,1.0,0.2,0.06,0.06,44,28
5.49098218011902,-0.6369419440103012,0.0494303749055913,13.922313785857073,-17.353843953073774,-20.38313932851942,19.475387791724675,0.8375429778097546,-1.6454136201949516,1.5064677933577295,-1.2523130661717836,False,4.800000000000001,0.05,0.02,0.02,1.0,0.2,0.06,0.06,44,29
5.496064743592039,-0.6352120895812305,0.0460980932368836,14.860552297236516,-7.215881660742411,-22.746512066579733,19.12338794225717,0.8804503367163505,0.6817422194993028,2.0476611803480376,-1.1453750989647549,False,4.800000000000001,0.05,0.02,0.02,1.0,0.2,0.06,0.06,44,30
5.497538997648131,-0.6360668423669509,0.0337287216620636,15.722130256034545,-14.289299170577912,-17.608002367453366,15.619923423943272,0.5559534943993153,-1.00359298945655,1.0160485388033094,-0.7494667533271478,False,4.800000000000001,0.05,0.02,0.02,1.0,0.2,0.06,0.06,44,31
5.488928394414766,-0.6343819720068867,0.0391982578389288,13.85963248219096,-0.2310777083227186,-17.042358128987246,21.116695711938476,0.8529873054531223,0.5467177204778586,0.8310640865298229,-0.925008547180838,False,4.800000000000001,0.05,0.02,0.02,1.0,0.2,0.06,0.06,44,32
5.490738499626096,-0.6276064733211757,0.0404448849211027,13.917047379632749,0.7118175220294845,-22.205130362789863,19.04841951824281,1.290634766267109,-0.4169314927508953,-1.9114270313753408,-0.9647920074977222,False,4.800000000000001,0.05,0.02,0.02,1.0,0.2,0.06,0.06,44,33
5.481384629831702,-0.6282062504198725,0.0437146676109308,12.797208008611436,20.13173417454451,-21.15811149940624,18.10973149835585,1.3975875574806147,0.5753555843527842,-0.1487165311194291,-1.069986285759884,False,4.800000000000001,0.05,0.02,0.02,1.0,0.2,0.06,0.06,44,34
5.48533099710226,-0.6304025487992325,0.0440711665503651,12.093886813064314,26.66191699496396,-18.838390885570192,17.964901879845613,0.5985387420986492,1.3392246344278107,-0.4833350585231064,-1.0811574697855484,False,4.800000000000001,0.05,0.02,0.02,1.0,0.2,0.06,0.06,44,35
5.495501209346071,-0.6334013388600795,0.0447159580521679,14.066417480812154,-39.06156997049105,-19.13251475506208,17.690969074893907,0.879451730891118,-0.8396049514993551,-0.0979967624576956,-1.1011805851086105,False,4.800000000000001,0.05,0.02,0.02,1.0,0.2,0.06,0.06,44,36
5.506563696480619,-0.6441517491225363,0.0389206079713584,14.532306595115408,-12.972430379520755,-21.39294927932081,17.307945137813412,2.589104854845159,0.0681900353689415,0.8685708492301576,-0.9150656332946348,False,4.800000000000001,0.05,0.02,0.02,1.0,0.2,0.06,0.06,44,37
5.49583175638598,-0.6343847407892474,0.049664489741611,15.148856153748271,-10.12380870925507,-19.786691076040423,16.197866950098913,1.3925305623110578,-2.381049023275514,-0.2959298973585461,-1.2595137663483964,False,4.800000000000001,0.05,0.02,0.02,1.0,0.2,0.06,0.06,44,38
5.469324297968562,-0.6198828994849812,0.0471895303149446,12.407826515849894,0.9539205275387684,-17.919589597199725,15.789828725213164,0.9888331257630212,1.0822137146041253,-0.6067406244396425,-1.1819055122001163,False,4.800000000000001,0.05,0.02,0.02,1.0,0.2,0.06,0.06,44,39
5.494897631715994,-0.6330064951587352,0.0476647312385451,14.350266228830373,23.57553006735919,-17.83257114009953,18.13961208823843,0.362869675378637,-0.9716780807215472,2.7292220926235524,-1.1955775417304844,False,4.800000000000001,0.05,0.02,0.02,1.0,0.2,0.06,0.06,44,40
5.488292991858121,-0.6376365890700852,0.0434954369873734,16.25230689326336,49.42533399205219,-18.213768195658652,21.95353804778356,0.0091871859122311,1.8974689089949863,0.0612801913906353,-1.0625564040844646,False,4.800000000000001,0.05,0.02,0.02,1.0,0.2,0.06,0.06,44,41
5.492549654047639,-0.6223401792555104,0.0458764712198258,13.82594788068046,-40.45978116385217,-24.02970324177597,18.769315145606303,0.041573791928127,2.5151691347230267,0.427024549467232,-1.138494099791569,False,4.800000000000001,0.05,0.02,0.02,1.0,0.2,0.06,0.06,44,42
5.509342674036418,-0.6308638784964166,0.0263829497052777,13.62229494099608,-39.75095531916075,-17.594360169373942,16.72694710375073,1.022647378139732,-1.0135351267029586,-1.172940861601489,-0.5136938301267034,False,4.800000000000001,0.05,0.02,0.02,1.0,0.2,0.06,0.06,44,43
5.483995618003942,-0.6454390769812054,0.0557291506701062,12.768108733813024,6.3901582046007,-21.09638704301195,18.37731580870706,0.6976329950683873,-0.2866734749285686,-1.7766191053356135,-1.4542930843631647,False,4.800000000000001,0.05,0.02,0.02,1.0,0.2,0.06,0.06,44,44
5.489697690997399,-0.6370968480038455,0.048070945645594,13.648564266973708,52.44224235557864,-19.55416053431149,17.252216367747295,1.065976738655739,0.5589831221794401,1.865873200003352,-1.2088883991991648,False,4.800000000000001,0.05,0.02,0.02,1.0,0.2,0.06,0.06,44,45
5.476404869229885,-0.6224789153880232,0.0471303868653614,16.24625992696453,2.7476415688321616,-20.87903850557654,17.002000671955965,0.8807469942796753,-1.1442707108624994,2.4009027892750234,-1.1795880875377738,False,4.800000000000001,0.05,0.02,0.02,1.0,0.2,0.06,0.06,44,46
5.481914705781737,-0.6140248486843372,0.0379854751501373,16.61506517616509,-0.7749209810767148,-17.73773571479684,20.391931070841853,1.7503900245284552,-1.451372320636026,-2.049434204569608,-0.886620322457492,False,4.800000000000001,0.05,0.02,0.02,1.0,0.2,0.06,0.06,44,47
5.4792568529569605,-0.635605061486781,0.0532575908669187,14.310121058816367,-44.75187966680242,-21.29109863165542,18.806260988187017,0.6290670438896766,-0.7254934443212699,-0.413961345102885,-1.375487496563982,False,4.800000000000001,0.05,0.02,0.02,1.0,0.2,0.06,0.06,44,48
5.478922503734064,-0.625512774374006,0.0369189522059622,12.960281750885656,67.09748230203115,-24.072753879952177,20.57912896951805,-0.0336628804971042,1.4902047086860302,-1.6274839417606546,-0.8526711203667499,False,4.800000000000001,0.05,0.02,0.02,1.0,0.2,0.06,0.06,44,49
5.490972447895248,-0.6319322067908464,0.0558768731346623,14.171793505051374,-10.558507757904485,-21.88795734834344,19.030821298779337,1.078360644273242,2.8240310482452644,-1.311045327709996,-1.4586015934354792,False,4.800000000000001,0.05,0.02,0.02,1.0,0.2,0.06,0.06,44,50
5.496916792764334,-0.6359793810764968,0.034273707053806,14.302944027597876,-34.6406066102786,-21.560751347552863,17.82434096304081,0.4522197968567778,-0.0833153510645969,-0.6076575580558825,-0.7669436181559334,False,4.800000000000001,0.05,0.02,0.02,1.0,0.2,0.06,0.06,44,51
5.488577191965857,-0.6304705136138871,0.0489825249360635,12.918070129323189,-10.1197392008823,-24.174723122364693,18.36713194890284,1.260124264052001,0.4329633971585787,0.6370114992405622,-1.238126166436084,False,4.800000000000001,0.05,0.02,0.02,1.0,0.2,0.06,0.06,44,52
5.464658449396935,-0.6328031464877731,0.0518731585031903,14.5738933222607,11.584366249507688,-20.698312054703905,18.284033581514983,2.0773948233348105,-1.383572681963024,1.4806387539266124,-1.3320615651382766,False,4.800000000000001,0.05,0.02,0.02,1.0,0.2,0.06,0.06,44,53
5.475662147157357,-0.6265432061454409,0.0551796654560397,14.406129846716151,79.8254247262013,-23.5922080353278,18.61237210213193,0.2423261261800362,-0.2524669873604972,1.1735759770753205,-1.43720956576383,False,4.800000000000001,0.05,0.02,0.02,1.0,0.2,0.06,0.06,44,54
5.48985731155696,-0.6408253910639384,0.0507214237753634,12.528921359378256,-52.45358293978737,-17.228061173987648,16.90497803881511,2.223529495885568,-1.4830326740106583,0.8194283648580443,-1.293694122118214,False,4.800000000000001,0.05,0.02,0.02,1.0,0.2,0.06,0.06,44,55
5.480796314268246,-0.6213801177539603,0.0532918240637708,13.330970818369822,44.08109289075574,-23.454334918756253,17.033913091992734,1.3223076947393588,0.5041855161227433,1.0966789014250595,-1.376490591184572,False,4.800000000000001,0.05,0.02,0.02,1.0,0.2,0.06,0.06,44,56
5.486293583421841,-0.6352454456193506,0.056888880371197,14.009283360039875,41.6392906921338,-19.066764142282736,21.837826198519096,1.1565281494712387,0.4226491836945341,0.4846313787021326,-1.4912665568729948,False,4.800000000000001,0.05,0.02,0.02,1.0,0.2,0.06,0.06,44,57
5.477093054285301,-0.6258232620408481,0.0464615906258425,13.65771816210037,21.711758061478225,-22.215435793469695,15.420261263760928,-0.0872395058576107,-0.4142982532707855,-2.493626541838352,-1.1581453167698446,False,4.800000000000001,0.05,0.02,0.02,1.0,0.2,0.06,0.06,44,58
5.47926141555832,-0.6187545056384033,0.0564040632142885,10.866213257202414,-24.06993943446373,-19.081759127185634,20.5305482620789,1.2310638383739576,3.4498143394801444,2.424223851404464,-1.476174337923733,False,4.800000000000001,0.05,0.02,0.02,1.0,0.2,0.06,0.06,44,59
5.493119824877852,-0.6397004537117014,0.0522159673502444,12.663817215429123,-59.08535128793574,-23.93604243266894,17.39446743417001,2.3377706401395937,1.0477573600114396,-0.8633908468124061,-1.341323765715153,False,4.800000000000001,0.05,0.02,0.02,1.0,0.2,0.06,0.06,44,60
5.486456133319412,-0.6396282880956984,0.0489030109419899,12.56451786256874,3.62055380335932,-27.856335745544843,13.518317268111144,0.8082426750049087,1.4524325195470076,2.656534529172861,-1.2357089821445135,False,4.800000000000001,0.05,0.02,0.02,1.0,0.2,0.06,0.06,44,61
5.488122438251554,-0.6238410694366548,0.0397325204662356,12.207495057694643,-12.912782496460036,-23.11744668784001,11.240680460378933,1.006811313011172,-2.1718405629791224,-1.2148350314395409,-0.9421533086244483,False,4.800000000000001,0.05,0.02,0.02,1.0,0.2,0.06,0.06,44,62
5.486558508967543,-0.6260504496701224,0.0539694991448199,16.570590696011564,-15.058855338707698,-23.00988647468067,18.784979136126204,-0.073940916228846,0.2034182360533476,-0.1455079886177459,-1.3978304620961857,False,4.800000000000001,0.05,0.02,0.02,1.0,0.2,0.06,0.06,44,63
5.495305792470872,-0.6389799189694568,0.0402091808801581,15.79013055731377,31.943688820727413,-17.74801863754677,18.2006558930585,0.813513625866044,0.989163909942167,0.6938261707500477,-0.9569754406168084,False,4.800000000000001,0.05,0.02,0.02,1.0,0.2,0.06,0.06,44,64
5.512893137892182,-0.6309878655224261,0.0323828300705681,16.15716454812869,-3.998398304011893,-22.08159278897583,15.616952160207406,0.6982604602825946,1.015025251756707,-3.224669329612873,-0.7054769739846494,False,4.800000000000001,0.05,0.02,0.02,1.0,0.2,0.06,0.06,44,65
5.481274963649912,-0.6240050963080016,0.0458674071361175,14.298174297261552,10.188191438928824,-21.86752963833014,16.46029939029304,1.5906063604201632,1.1381003763316246,0.8498312646262769,-1.1388805305367684,False,4.800000000000001,0.05,0.02,0.02,1.0,0.2,0.06,0.06,44,66
5.465560437456037,-0.636165680010847,0.0501583445851759,16.103748876244676,76.17105968956027,-22.24153164035726,17.222903563873057,0.8286678222244409,-1.782949805146486,0.4355538150990339,-1.277133400478269,False,4.800000000000001,0.05,0.02,0.02,1.0,0.2,0.06,0.06,44,67
5.495932856768451,-0.6356466482493333,0.0495590162563378,13.32997851226944,24.94505645929003,-20.424103718288016,17.806521430899707,2.51547658970802,-2.011046421099153,1.6327359643367256,-1.2561325487967046,False,4.800000000000001,0.05,0.02,0.02,1.0,0.2,0.06,0.06,44,68
5.480408386469719,-0.6237305331384642,0.0455456733323883,13.57543546527601,59.85309455317767,-20.800726962474528,17.045920557778768,1.3363879334255857,2.609264947468509,-1.897050890379024,-1.128637043448243,False,4.800000000000001,0.05,0.02,0.02,1.0,0.2,0.06,0.06,44,69
5.480359358972713,-0.6325430789725224,0.0590058341729719,14.21533943181018,8.01888772215584,-22.38625407561971,21.083222653028944,-0.2517406136566011,-0.822918918901608,1.9865358794166263,-1.5593651319967408,False,4.800000000000001,0.05,0.02,0.02,1.0,0.2,0.06,0.06,44,70
5.494754175086626,-0.62941841971301,0.0403203898427773,13.05091976569548,6.014391617226462,-21.99130279115449,15.63356311590576,0.5357490684298032,4.387585548987577,0.6913373293456688,-0.960567224463678,False,4.800000000000001,0.05,0.02,0.02,1.0,0.2,0.06,0.06,44,71
5.469440663842405,-0.6337988805615993,0.0562655188338179,14.243462667480232,40.6426791698663,-20.4495020721497,17.707232500436596,1.2929250275112338,0.0111113330492866,0.001593166767617,-1.4723301628516294,False,4.800000000000001,0.05,0.02,0.02,1.0,0.2,0.06,0.06,44,72
5.475590830241398,-0.6309994141816565,0.0570666177833525,15.32546698755598,51.24104695412432,-19.34683295849039,19.572936691088444,1.220198408195246,-0.7262550052794363,0.184117080541067,-1.4975963192527968,False,4.800000000000001,0.05,0.02,0.02,1.0,0.2,0.06,0.06,44,73
5.487907600697792,-0.6273664847348951,0.0534248248194196,13.213301354401526,54.53431751325202,-21.858252791343546,21.359964211617047,2.083086280203706,-0.5862858896746033,-0.1544520499373498,-1.380319938179562,False,4.800000000000001,0.05,0.02,0.02,1.0,0.2,0.06,0.06,44,74
5.494770314416752,-0.6175727183523659,0.0376259760744294,13.57703339279768,-14.251311809501065,-21.063951732428293,22.855744106284583,1.8392610501151565,3.671892175910711,0.0863358977433024,-0.8743450155167363,False,4.800000000000001,0.05,0.02,0.02,1.0,0.2,0.06,0.06,44,75
5.467235154682161,-0.6231779966623984,0.0492128746224657,13.787477207711085,61.07666140186606,-18.395343683005905,18.53264426611092,1.4118504666427945,-1.3214435342584372,0.8291105028817665,-1.2467778786379742,False,4.800000000000001,0.05,0.02,0.02,1.0,0.2,0.06,0.06,44,76
5.462558334935571,-0.6338805754863591,0.0536923326000831,13.540729476777294,60.21814488230234,-22.778373819221397,19.058933158571563,1.2468399650134072,1.7883152619250196,-1.2104692905562262,-1.3904011431065255,False,4.800000000000001,0.05,0.02,0.02,1.0,0.2,0.06,0.06,44,77
5.483673579265552,-0.6325242388089634,0.0453488118351916,14.862563950413088,33.1121301647061,-22.72117908251953,19.11778890609682,1.600173113067847,1.1026424594155473,-2.164540489902136,-1.1221415639701984,False,4.800000000000001,0.05,0.02,0.02,1.0,0.2,0.06,0.06,44,78
5.479240063881704,-0.6284495074465445,0.0439483561362817,14.242398510437894,-21.032030962770023,-23.20000017758229,18.880131500487312,1.6193557364396058,0.4661542962600931,1.7281320231329442,-1.0775929925281151,False,4.800000000000001,0.05,0.02,0.02,1.0,0.2,0.06,0.06,44,79
5.491449886600532,-0.6319161774650291,0.0450406662049124,15.038857463917198,0.8006134387672059,-23.802216205595467,14.392604419566709,0.774928947905152,0.1420108705780229,-0.0674934703513865,-1.111814325361166,False,4.800000000000001,0.05,0.02,0.02,1.0,0.2,0.06,0.06,44,80
5.504521068777168,-0.6331246659937855,0.0481191121416106,15.932533967712208,10.845493579438385,-21.31278518167432,22.16857712244436,1.7048450679567566,-0.2380767087223911,-1.6553740680909723,-1.20954032440491,False,4.800000000000001,0.05,0.02,0.02,1.0,0.2,0.06,0.06,44,81
5.496988443862133,-0.6304736517571246,0.0424150993479854,14.307036148776175,19.62650978774509,-26.086158978717805,16.139531343149425,1.5788631351578302,-2.25979908560255,-0.4629662543973081,-1.027463872503806,False,4.800000000000001,0.05,0.02,0.02,1.0,0.2,0.06,0.06,44,82
5.493937017283785,-0.6339799081362005,0.0427005776110094,14.706390658030596,33.599834076181,-24.7354354085364,17.840692060934604,2.4152974487291834,2.949639690757172,3.119139592794098,-1.0367822625152765,False,4.800000000000001,0.05,0.02,0.02,1.0,0.2,0.06,0.06,44,83
5.506997620977649,-0.6349655207514789,0.0473908792362563,15.22784839644701,24.224718187449383,-18.957417052884328,15.4273639407447,0.923087510887286,0.6080197203173492,0.979363307650414,-1.1860882783015445,False,4.800000000000001,0.05,0.02,0.02,1.0,0.2,0.06,0.06,44,84
5.495286312853884,-0.6391272484736381,0.0406895850105558,15.272455951925982,-16.44928457034218,-22.554099240372103,17.177549854625912,1.0934648108942269,1.9847302287045907,0.6311127542865507,-0.9723495415665556,False,4.800000000000001,0.05,0.02,0.02,1.0,0.2,0.06,0.06,44,85
5.474769326939314,-0.6361064152664929,0.0537169135041699,11.845636921331444,23.203348113070582,-20.526463263127965,17.473234479039704,2.0326394954111686,-0.5162806179900754,-0.4629946222017664,-1.3904550725170783,False,4.800000000000001,0.05,0.02,0.02,1.0,0.2,0.06,0.06,44,86
5.4661055151873335,-0.6210495103858239,0.0466964572065439,13.646070356560635,48.781513103849136,-25.0653235401953,20.49228413434092,2.2813898494935048,1.2730292935298546,0.8883528348294478,-1.1663202996981654,False,4.800000000000001,0.05,0.02,0.02,1.0,0.2,0.06,0.06,44,87
5.486794904052883,-0.6379224225152094,0.056829446282891,15.48089872812002,-49.4900403798853,-19.37481641417505,16.086718797690512,0.6042563814677225,0.3586363907775367,-0.5817953609402057,-1.4893345868093422,False,4.800000000000001,0.05,0.02,0.02,1.0,0.2,0.06,0.06,44,88
5.490480782439323,-0.6359866833169922,0.0380210267816683,12.614674413245954,27.02840778220004,-23.40705117269431,19.192884816286437,2.566663045050924,-0.8748945448147925,-0.7792532196482593,-0.8872440100670276,False,4.800000000000001,0.05,0.02,0.02,1.0,0.2,0.06,0.06,44,89
5.484764576152062,-0.6289982467838166,0.0509815112226983,14.154959944746404,-36.19379149775972,-21.268966863841356,22.1334053084179,2.198222215394388,-2.140318741615564,-0.2554625373954964,-1.3023224845572243,False,4.800000000000001,0.05,0.02,0.02,1.0,0.2,0.06,0.06,44,90
5.504564812904387,-0.6353867299200733,0.0394329010543149,14.111080594686705,0.5310466989683373,-21.286786680426964,21.85735032689915,0.9983178758585928,1.1024551192529413,-2.5259357605487,-0.9315789449638168,False,4.800000000000001,0.05,0.02,0.02,1.0,0.2,0.06,0.06,44,91
5.4910456772219005,-0.6288218264062806,0.0434537674075889,13.654710956814212,38.75537193129264,-22.061040663400583,16.343205195572963,0.1529460870284698,0.0504339453471285,0.3046829230375303,-1.0610578164095317,False,4.800000000000001,0.05,0.02,0.02,1.0,0.2,0.06,0.06,44,92
5.477666077958793,-0.6344406627173562,0.0556397002926251,13.81694787355317,56.28035261087612,-21.584824998372586,17.983680495517376,1.8130469608709776,-0.7643434389118668,0.0103368163723007,-1.451810444686476,False,4.800000000000001,0.05,0.02,0.02,1.0,0.2,0.06,0.06,44,93
5.471399141633014,-0.6298842687801759,0.0506574054407094,13.035693241323916,21.93512727837561,-20.88239404705643,15.720794602232504,1.3640665514222192,1.0124794126799954,1.885963956807936,-1.2927530256047222,False,4.800000000000001,0.05,0.02,0.02,1.0,0.2,0.06,0.06,44,94
5.496395583605494,-0.6242932796366335,0.0467566364987323,14.08618957857187,-17.006838636480563,-20.354132534375395,18.830807009471997,-0.0048440426908027,2.0287911450852087,1.2467578605263283,-1.1664286329431055,False,4.800000000000001,0.05,0.02,0.02,1.0,0.2,0.06,0.06,44,95
5.482665107625536,-0.6268500383872753,0.0479575206019978,14.469163092657402,6.302875720584709,-19.40875664397261,16.93751676131749,1.40563863435739,1.0418794555259918,0.4817383877971755,-1.2056807528063984,False,4.800000000000001,0.05,0.02,0.02,1.0,0.2,0.06,0.06,44,96
5.475959509941994,-0.6202713021132954,0.0516127913171447,14.701713120491686,20.572425047006835,-18.773539654963585,15.879445400406508,2.199011446368411,-3.888382353938456,-2.204435217554341,-1.323051751552112,False,4.800000000000001,0.05,0.02,0.02,1.0,0.2,0.06,0.06,44,97
5.486809715997423,-0.6249584357809863,0.0475958511580766,15.847412534046072,1.3766070681700049,-21.202976304406175,15.388109305744926,1.263399002461543,-1.301776398241435,1.47525760498738,-1.1938586540986074,False,4.800000000000001,0.05,0.02,0.02,1.0,0.2,0.06,0.06,44,98
5.477187958030318,-0.618514678520763,0.043076607095682,13.244271881040495,8.819076062532169,-19.480766532225065,16.67932572774279,1.2484873780329822,1.9069318618811584,-2.7552643370448404,-1.049820149580008,False,4.800000000000001,0.05,0.02,0.02,1.0,0.2,0.06,0.06,44,99
