method,M0,nu,price,delta,gamma,alpha_star,K,ISD,rep
2STEP-VF,9,2,0.9221849724501076,-0.20594236410718758,0.03814339018968109,5.661282383412033,36,Uni.D.,0
2STEP-VF,9,2,0.9253734882045552,-0.20314869447014447,0.03435898034202369,6.014447929012281,36,Uni.D.,1
2STEP-VF,9,2,0.9086362756822601,-0.20289980050813758,0.05022011741612363,3.4444537263928092,36,Uni.D.,2
2STEP-VF,9,2,0.9135583050304107,-0.19956584056697452,0.0373977914235171,5.586391400637143,36,Uni.D.,3
2STEP-VF,9,2,0.9128204595722075,-0.19556819518910581,0.03239077034864494,6.004550080953006,36,Uni.D.,4
2STEP-VF,9,2,0.9109614461167992,-0.20047808424911673,0.03848580470816747,7.595193527992419,36,Uni.D.,5
2STEP-VF,9,2,0.9197796016326569,-0.19118518837063433,0.03871314596757247,4.665605485112722,36,Uni.D.,6
2STEP-VF,9,2,0.9214675070433556,-0.19630400450927957,0.04018004060674046,5.036411636539857,36,Uni.D.,7
2STEP-VF,9,2,0.9142769511818193,-0.20564760782463168,0.04235463210297462,5.781953877877762,36,Uni.D.,8
2STEP-VF,9,2,0.9220305598155365,-0.20651565665985616,0.036471820788642875,6.46323525867763,36,Uni.D.,9
2STEP-VF,9,2,0.9066369288679457,-0.19456015382267688,0.03883196019241897,5.00898771948215,36,Uni.D.,10
2STEP-VF,9,2,0.9232220642007236,-0.19686356314232956,0.034205783756750666,4.008849076515883,36,Uni.D.,11
2STEP-VF,9,2,0.9193788085206003,-0.19896170948916964,0.03598302022776489,4.2153593871760435,36,Uni.D.,12
2STEP-VF,9,2,0.9037308577401465,-0.19895565351011915,0.042981483003070066,6.266748834437185,36,Uni.D.,13
2STEP-VF,9,2,0.9214092685661359,-0.19892347988582393,0.04245363297579126,4.993621187210691,36,Uni.D.,14
2STEP-VF,9,2,0.8932711242542148,-0.20271792101567185,0.04047439392876847,7.755673342834771,36,Uni.D.,15
2STEP-VF,9,2,0.9140511680621481,-0.19983654864658293,0.03822270833861766,4.447960830685195,36,Uni.D.,16
2STEP-VF,9,2,0.9217073560223268,-0.19962706552786738,0.033386175987981784,5.484780579677897,36,Uni.D.,17
2STEP-VF,9,2,0.9238381041847193,-0.1971202528941807,0.03813360882640621,4.144900784463476,36,Uni.D.,18
2STEP-VF,9,2,0.9224424546466171,-0.19601009539158962,0.03787888224897717,4.054397997411531,36,Uni.D.,19
2STEP-VF,9,2,0.9133789194208078,-0.1925662312144618,0.04046634076775606,5.775187344060141,36,Uni.D.,20
2STEP-VF,9,2,0.9204746840191115,-0.19516616374697843,0.03073424399796614,4.894681215935423,36,Uni.D.,21
2STEP-VF,9,2,0.9149466579197154,-0.1948299306940284,0.0341054697732922,5.509518078667574,36,Uni.D.,22
2STEP-VF,9,2,0.913921153008428,-0.18770487762615848,0.03769569092874221,4.825780622736936,36,Uni.D.,23
2STEP-VF,9,2,0.9091616055097528,-0.20120692609869018,0.04591017814743202,6.481972282073278,36,Uni.D.,24
2STEP-VF,9,2,0.9014816286072524,-0.19189442385556943,0.0473470421238628,5.678902167845252,36,Uni.D.,25
2STEP-VF,9,2,0.9151023146337118,-0.19834531431076338,0.03132778779050963,5.542221510129064,36,Uni.D.,26
2STEP-VF,9,2,0.9098854465098843,-0.20157961372241384,0.03967435068443122,8.686737102767706,36,Uni.D.,27
2STEP-VF,9,2,0.9211060876022762,-0.2014043716883686,0.03652966432002253,5.35034561701684,36,Uni.D.,28
2STEP-VF,9,2,0.9265932087471692,-0.19319334097588722,0.031216780446906414,3.486177224056802,36,Uni.D.,29
2STEP-VF,9,2,0.9137405230424229,-0.20573438783335357,0.04253930097295574,4.7665139349106775,36,Uni.D.,30
2STEP-VF,9,2,0.920752330773654,-0.2018223870632206,0.03456783829253274,4.803413489829461,36,Uni.D.,31
2STEP-VF,9,2,0.920015980985411,-0.1914050181862545,0.036518265710051186,5.64684839103067,36,Uni.D.,32
2STEP-VF,9,2,0.9174400470373272,-0.20215218767664067,0.0385941776196518,3.308425604984067,36,Uni.D.,33
2STEP-VF,9,2,0.9025494559424931,-0.1993761987837695,0.04407908251761439,7.037456670302373,36,Uni.D.,34
2STEP-VF,9,2,0.9218623877434323,-0.19972771306678194,0.03193914363126369,4.573253687058579,36,Uni.D.,35
2STEP-VF,9,2,0.9291901189360517,-0.20290297647803018,0.039635632643219315,5.526561512934258,36,Uni.D.,36
2STEP-VF,9,2,0.918020170155804,-0.20472571292106928,0.04988048676835806,4.219702379119661,36,Uni.D.,37
2STEP-VF,9,2,0.9030047644723307,-0.18699586191760523,0.04298001284711127,5.088634749825104,36,Uni.D.,38
2STEP-VF,9,2,0.921206564160545,-0.19709733685811326,0.03444549266048029,3.6181364822301703,36,Uni.D.,39
2STEP-VF,9,2,0.9195193860781735,-0.19840859578596612,0.037139418012268555,4.702656127264567,36,Uni.D.,40
2STEP-VF,9,2,0.9097734180614443,-0.19220378281786815,0.04353537085495276,6.45320123658733,36,Uni.D.,41
2STEP-VF,9,2,0.9188112688535702,-0.20236901168877194,0.041098543698683376,6.245487106515585,36,Uni.D.,42
2STEP-VF,9,2,0.9058855303419598,-0.20343309473141646,0.05712381077335993,3.6094686444381403,36,Uni.D.,43
2STEP-VF,9,2,0.9126562137105532,-0.19654789594793817,0.038249362947551796,4.463925313391897,36,Uni.D.,44
2STEP-VF,9,2,0.9071046642546512,-0.19695332642199043,0.033041708035783816,4.335306396761656,36,Uni.D.,45
2STEP-VF,9,2,0.91877130206676,-0.1961379451442667,0.03443852589495499,5.920271755485236,36,Uni.D.,46
2STEP-VF,9,2,0.9313886287237827,-0.2001683889062404,0.03359937929881718,4.861762255795502,36,Uni.D.,47
2STEP-VF,9,2,0.9374725245458839,-0.20045048947821936,0.033265519030524965,8.732952090466467,36,Uni.D.,48
2STEP-VF,9,2,0.8931037596453146,-0.19133903440461864,0.04791986375242052,4.826395362701658,36,Uni.D.,49
2STEP-VF,9,2,0.9134454503082496,-0.2017213505491014,0.038656001549218354,5.506479332274168,36,Uni.D.,50
2STEP-VF,9,2,0.9057619932083983,-0.1902444970234694,0.03682936772593237,8.035483854045154,36,Uni.D.,51
2STEP-VF,9,2,0.9131853574124903,-0.19631765591642178,0.03951140216320987,4.572272384102627,36,Uni.D.,52
2STEP-VF,9,2,0.9051695396215775,-0.20446923562202268,0.04045416019136233,5.398655471777502,36,Uni.D.,53
2STEP-VF,9,2,0.902303077398231,-0.19159045330866278,0.03568263350003562,4.354104678835073,36,Uni.D.,54
2STEP-VF,9,2,0.9365006918026187,-0.20605769463247853,0.03620235900087442,6.485304394551716,36,Uni.D.,55
2STEP-VF,9,2,0.9001437976425943,-0.18594524900713738,0.045021888563516674,6.399812786141946,36,Uni.D.,56
2STEP-VF,9,2,0.9154556444571464,-0.1876998062136036,0.0371403246209105,4.97910278211123,36,Uni.D.,57
2STEP-VF,9,2,0.909599908071089,-0.1959510128627642,0.04525343393418547,4.104348406613536,36,Uni.D.,58
2STEP-VF,9,2,0.917427210810916,-0.20225981047765354,0.04108095633029063,4.221095176200808,36,Uni.D.,59
2STEP-VF,9,2,0.934436184922565,-0.1955248844306106,0.021765764292767605,3.708356662079181,36,Uni.D.,60
2STEP-VF,9,2,0.9136690500494756,-0.20137738543148045,0.039149884924500195,9.69725441629399,36,Uni.D.,61
2STEP-VF,9,2,0.920695487393347,-0.20151854205245795,0.044540984960346246,6.025890471825482,36,Uni.D.,62
2STEP-VF,9,2,0.918359493513787,-0.19309014746753642,0.04016269179922534,4.3104666240134515,36,Uni.D.,63
2STEP-VF,9,2,0.9262752038569311,-0.19503489425803852,0.03633319254734776,5.811722280219286,36,Uni.D.,64
2STEP-VF,9,2,0.9046692892287946,-0.19002989002652068,0.04256318433815947,4.2284161795014255,36,Uni.D.,65
2STEP-VF,9,2,0.910053250351946,-0.19365828289770476,0.04116999639896257,6.192285112302512,36,Uni.D.,66
2STEP-VF,9,2,0.9239396121180238,-0.19952717900819497,0.029883026215510596,5.220865028473813,36,Uni.D.,67
2STEP-VF,9,2,0.9071430729669377,-0.1920521015718978,0.043609179794939126,4.867876972833732,36,Uni.D.,68
2STEP-VF,9,2,0.9071309821769965,-0.2054249252899768,0.03987486880442817,5.763905979275723,36,Uni.D.,69
2STEP-VF,9,2,0.9168875777607439,-0.1916544813328739,0.03616505742753551,4.022358537516425,36,Uni.D.,70
2STEP-VF,9,2,0.9189481012009666,-0.18668005343637717,0.03635387082946459,5.600533390264289,36,Uni.D.,71
2STEP-VF,9,2,0.9247840351204819,-0.20692250970739723,0.0312127918410028,5.259556960872364,36,Uni.D.,72
2STEP-VF,9,2,0.913803849841628,-0.18504022708167855,0.02746631108032218,3.336151507992444,36,Uni.D.,73
2STEP-VF,9,2,0.9128173507069975,-0.1997900839990955,0.028745638300947812,4.214168235979748,36,Uni.D.,74
2STEP-VF,9,2,0.9279913821820734,-0.19844710068803434,0.03243340542817766,4.99361640555179,36,Uni.D.,75
2STEP-VF,9,2,0.9202379332535753,-0.19855706260099137,0.03388420424938295,4.489543996486184,36,Uni.D.,76
2STEP-VF,9,2,0.9124970319759665,-0.1942090781959444,0.031352358555117615,4.369435151444934,36,Uni.D.,77
2STEP-VF,9,2,0.9205387074130656,-0.19435139424620015,0.03393674499941046,5.191608877707306,36,Uni.D.,78
2STEP-VF,9,2,0.9192315835004968,-0.2012764784753947,0.036232716920485415,3.4767498763138174,36,Uni.D.,79
2STEP-VF,9,2,0.9212802191762554,-0.19873380579624902,0.032090670359336194,4.091955368703521,36,Uni.D.,80
2STEP-VF,9,2,0.9042887667320487,-0.19489253667365936,0.046415754909794577,3.9738628916737597,36,Uni.D.,81
2STEP-VF,9,2,0.9169394373838222,-0.21055193927589883,0.041458321373263204,3.9730588367388093,36,Uni.D.,82
2STEP-VF,9,2,0.9090205308278799,-0.19874732393505987,0.0487743658690128,5.544226225090382,36,Uni.D.,83
2STEP-VF,9,2,0.9072439134672792,-0.1994168686901964,0.03561089875811901,5.28071001892509,36,Uni.D.,84
2STEP-VF,9,2,0.9030998952531535,-0.19620780985357336,0.0400205957414391,4.779811238069342,36,Uni.D.,85
2STEP-VF,9,2,0.9366656423529391,-0.19174525349778443,0.034312390835101535,6.305538831651788,36,Uni.D.,86
2STEP-VF,9,2,0.9324439844401549,-0.19233921301440962,0.03521032935953408,8.547281609084108,36,Uni.D.,87
2STEP-VF,9,2,0.9200223237239092,-0.20725608363404813,0.03978478812308554,5.451568515530477,36,Uni.D.,88
2STEP-VF,9,2,0.9155947844313888,-0.19592728628269773,0.03521874671608086,6.955550877204085,36,Uni.D.,89
2STEP-VF,9,2,0.9145913123534862,-0.19602210559914163,0.03975702782947008,3.897416856251712,36,Uni.D.,90
2STEP-VF,9,2,0.9146826529681724,-0.18285351008786432,0.030389850005079835,3.6946320047592014,36,Uni.D.,91
2STEP-VF,9,2,0.920281914650164,-0.20316221521528674,0.039231623512105615,5.393945420639168,36,Uni.D.,92
2STEP-VF,9,2,0.9199368843705052,-0.19877616802211281,0.035612863129224924,4.7199725788640965,36,Uni.D.,93
2STEP-VF,9,2,0.9210750971701939,-0.19479027131295026,0.024878582842013837,4.420390968480127,36,Uni.D.,94
2STEP-VF,9,2,0.9314017640723664,-0.1964327725917503,0.03518299548205436,10.80422879752768,36,Uni.D.,95
2STEP-VF,9,2,0.9166226967070655,-0.19091585566006394,0.02972978966774084,4.557032833430263,36,Uni.D.,96
2STEP-VF,9,2,0.9097921107678224,-0.1834141344487317,0.02742293724860577,5.031308352065083,36,Uni.D.,97
2STEP-VF,9,2,0.920343463743427,-0.204070028371254,0.03421679557735799,4.290499331240632,36,Uni.D.,98
2STEP-VF,9,2,0.9110574216411739,-0.19148429332822864,0.03923050592290694,6.924257459203791,36,Uni.D.,99
2STEP-VF,9,2,2.3271002279978608,-0.40400935240897906,0.06274861308702596,4.1531678661836455,40,Uni.D.,0
2STEP-VF,9,2,2.3381549600764155,-0.39789777436527946,0.0542606279874343,4.872670704473447,40,Uni.D.,1
2STEP-VF,9,2,2.3223996023896483,-0.40922634131695995,0.06972147373803543,3.9118262145622915,40,Uni.D.,2
2STEP-VF,9,2,2.285836003796617,-0.40861042165293604,0.07456467955639089,3.5379808816462943,40,Uni.D.,3
2STEP-VF,9,2,2.3202851744685167,-0.4136107005582265,0.05190696377085273,3.7827433552591585,40,Uni.D.,4
2STEP-VF,9,2,2.3343094050735784,-0.4100815652527652,0.03638626039266627,4.508201454758663,40,Uni.D.,5
2STEP-VF,9,2,2.3245080831773715,-0.4123465524968573,0.046356756570020106,3.8139645349372167,40,Uni.D.,6
2STEP-VF,9,2,2.3219746755331134,-0.40683774151593416,0.048692559652798555,3.1847650552599025,40,Uni.D.,7
2STEP-VF,9,2,2.330813328672115,-0.4088546993279097,0.05086985246596655,5.404133340055841,40,Uni.D.,8
2STEP-VF,9,2,2.3029632789452594,-0.40823493575388137,0.06339539891193309,4.1604353788351025,40,Uni.D.,9
2STEP-VF,9,2,2.288221260481549,-0.40237138620014784,0.08819810164659003,3.9253575486220535,40,Uni.D.,10
2STEP-VF,9,2,2.3391608824094723,-0.4087383367420936,0.041923536271426705,5.09866051697299,40,Uni.D.,11
2STEP-VF,9,2,2.2823994773987493,-0.3995081933219792,0.0689602444418817,5.475875582702147,40,Uni.D.,12
2STEP-VF,9,2,2.3120721482692828,-0.39313679977223936,0.06570125238463446,3.8394067701142345,40,Uni.D.,13
2STEP-VF,9,2,2.3137096579213656,-0.3989984782677775,0.0658204551277482,4.823359483965906,40,Uni.D.,14
2STEP-VF,9,2,2.313273623960191,-0.39865962047180564,0.0577016813368819,5.535108452864987,40,Uni.D.,15
2STEP-VF,9,2,2.3039729347057887,-0.40446681056115563,0.053929280182951816,3.616067577110973,40,Uni.D.,16
2STEP-VF,9,2,2.308506996724605,-0.4109285234398259,0.06488624051747226,17.082489470572025,40,Uni.D.,17
2STEP-VF,9,2,2.311403110840085,-0.40646758295025015,0.07374551708417545,5.950977416855267,40,Uni.D.,18
2STEP-VF,9,2,2.300355684984783,-0.400084536327864,0.06350015878256729,3.9196478582661207,40,Uni.D.,19
2STEP-VF,9,2,2.314288884357038,-0.39884534970969726,0.07728658994636306,5.180741319564082,40,Uni.D.,20
2STEP-VF,9,2,2.300635718053333,-0.40220434243665193,0.0592180175254713,3.871992432254234,40,Uni.D.,21
2STEP-VF,9,2,2.3286081589486565,-0.406136623277463,0.06550054873269123,5.046587966443382,40,Uni.D.,22
2STEP-VF,9,2,2.339874575624947,-0.4267817122510564,0.05807237421258523,3.982073747374441,40,Uni.D.,23
2STEP-VF,9,2,2.3184196050423527,-0.4155197239484359,0.05655119945410369,4.636793387316951,40,Uni.D.,24
2STEP-VF,9,2,2.3019764965770073,-0.4081714144523848,0.06250845565254005,4.668573818490042,40,Uni.D.,25
2STEP-VF,9,2,2.3146272644311137,-0.38091735585595204,0.04888509891834357,4.443953746758048,40,Uni.D.,26
2STEP-VF,9,2,2.3120105061403895,-0.41244330606014357,0.04920171574933364,4.00706997877956,40,Uni.D.,27
2STEP-VF,9,2,2.3315181298617094,-0.4092106397392669,0.04522970628020702,4.7916485218119265,40,Uni.D.,28
2STEP-VF,9,2,2.3118299827842086,-0.40425244477419137,0.04299924201975251,2.944317486793117,40,Uni.D.,29
2STEP-VF,9,2,2.2891539600992576,-0.3924501773368116,0.07523074346207098,6.029718645176669,40,Uni.D.,30
2STEP-VF,9,2,2.342313755881245,-0.41057694824007146,0.06082786716400849,4.7774243440719495,40,Uni.D.,31
2STEP-VF,9,2,2.2998253020157793,-0.42551841229131754,0.06258693190248985,6.406857545536232,40,Uni.D.,32
2STEP-VF,9,2,2.319230358620541,-0.41047420811339613,0.07387294347012037,5.729238212136327,40,Uni.D.,33
2STEP-VF,9,2,2.312947853357246,-0.39451453671668024,0.05989946905258853,5.59490877306616,40,Uni.D.,34
2STEP-VF,9,2,2.3253760236021264,-0.39636664109281244,0.0494428243279994,3.238930126706234,40,Uni.D.,35
2STEP-VF,9,2,2.3032344679686325,-0.39758154244969995,0.054930215543786486,8.536038744891178,40,Uni.D.,36
2STEP-VF,9,2,2.3062119356078705,-0.4092070487025497,0.03849883571296977,3.470759862560422,40,Uni.D.,37
2STEP-VF,9,2,2.2829400798994066,-0.41188117741975633,0.08562048463848745,4.831808044652944,40,Uni.D.,38
2STEP-VF,9,2,2.2995967960424997,-0.41011182906234434,0.0707554441340571,5.2525077996032765,40,Uni.D.,39
2STEP-VF,9,2,2.307341509551509,-0.4085410034689566,0.05552267678807912,4.855592466204465,40,Uni.D.,40
2STEP-VF,9,2,2.2969153853602142,-0.3976753726584543,0.04777695388533638,3.7008135935671693,40,Uni.D.,41
2STEP-VF,9,2,2.3289626150952594,-0.40549347171186323,0.05844774934992792,3.793903337894249,40,Uni.D.,42
2STEP-VF,9,2,2.34848375182949,-0.40966551370938803,0.051184396499034376,5.972466505191984,40,Uni.D.,43
2STEP-VF,9,2,2.311881532383603,-0.41122466584854556,0.05384121936439966,4.193262512977534,40,Uni.D.,44
2STEP-VF,9,2,2.3001540731676156,-0.4123631027857492,0.06155064744038725,4.5424165526154905,40,Uni.D.,45
2STEP-VF,9,2,2.324068572241004,-0.4063258155290604,0.05521997649654181,7.529334153891872,40,Uni.D.,46
2STEP-VF,9,2,2.2992577277387207,-0.39177426921369596,0.056697979501473705,4.076297994985678,40,Uni.D.,47
2STEP-VF,9,2,2.295426574400058,-0.4048035051579563,0.06683806433565764,8.189933420663571,40,Uni.D.,48
2STEP-VF,9,2,2.3046415583173823,-0.39303055677871523,0.06297857182399744,3.690848234589711,40,Uni.D.,49
2STEP-VF,9,2,2.305412547237653,-0.4142764225309875,0.07653971740554226,4.316842539505716,40,Uni.D.,50
2STEP-VF,9,2,2.315000520794455,-0.41519438369161205,0.03996842052569846,3.233556863511532,40,Uni.D.,51
2STEP-VF,9,2,2.3005793312309546,-0.3950277923071389,0.05118630699327924,4.687637556715776,40,Uni.D.,52
2STEP-VF,9,2,2.2942090727144726,-0.4079503564700611,0.07068694378292371,3.6820713497469675,40,Uni.D.,53
2STEP-VF,9,2,2.312008100348265,-0.4114926548185168,0.0474305202427106,3.7617277423829045,40,Uni.D.,54
2STEP-VF,9,2,2.2820895691617524,-0.40249912125223636,0.06748791864597369,4.455936566961271,40,Uni.D.,55
2STEP-VF,9,2,2.3134117083090504,-0.3936544530402221,0.05428722927263736,4.214655129405442,40,Uni.D.,56
2STEP-VF,9,2,2.277871256624051,-0.399329650174078,0.08534625387671409,3.7709648224619206,40,Uni.D.,57
2STEP-VF,9,2,2.2929079326113437,-0.4023512244265088,0.06716267442340106,3.6561115698383144,40,Uni.D.,58
2STEP-VF,9,2,2.3229155068376035,-0.40032006184118646,0.06988038472408417,4.710176738481674,40,Uni.D.,59
2STEP-VF,9,2,2.3295066062924525,-0.427282467876537,0.059957891852907085,9.01012405395555,40,Uni.D.,60
2STEP-VF,9,2,2.328172774485263,-0.42053010347921926,0.06263308774776179,5.025073896994401,40,Uni.D.,61
2STEP-VF,9,2,2.3079878273089633,-0.4039640096275081,0.053952248190833385,5.00400316997016,40,Uni.D.,62
2STEP-VF,9,2,2.3326724704796664,-0.4098468051471051,0.05805260343644772,4.421184775926,40,Uni.D.,63
2STEP-VF,9,2,2.29560034471557,-0.4152167020646027,0.07177646111173963,4.855050390071033,40,Uni.D.,64
2STEP-VF,9,2,2.3224886051103955,-0.398186677704915,0.033904637311701506,3.4293873675083195,40,Uni.D.,65
2STEP-VF,9,2,2.3483008207129186,-0.4069303549360736,0.03693992862460725,4.0530628967115065,40,Uni.D.,66
2STEP-VF,9,2,2.314914065033833,-0.3958406352591616,0.075871270780483,4.237572202488582,40,Uni.D.,67
2STEP-VF,9,2,2.310045661344441,-0.3898207281671466,0.06917899646694882,6.015553880758967,40,Uni.D.,68
2STEP-VF,9,2,2.3085844424026063,-0.39891877336670534,0.06624598287962227,4.964005308851533,40,Uni.D.,69
2STEP-VF,9,2,2.3095128028758904,-0.3916912534692284,0.053476406370697345,3.2439333870642852,40,Uni.D.,70
2STEP-VF,9,2,2.325710699506714,-0.3863750532987965,0.05644902828165899,4.036551383489554,40,Uni.D.,71
2STEP-VF,9,2,2.3014389030728046,-0.3982147780883983,0.06550283967404784,4.996253447393991,40,Uni.D.,72
2STEP-VF,9,2,2.307190565494005,-0.4146279493248465,0.07751106913455164,3.9723309894187335,40,Uni.D.,73
2STEP-VF,9,2,2.3212563357687093,-0.4099633182053259,0.05997793846011351,4.204351179662444,40,Uni.D.,74
2STEP-VF,9,2,2.3127220242480133,-0.42213900523752795,0.07450292448777761,4.372095549031257,40,Uni.D.,75
2STEP-VF,9,2,2.2987567623271437,-0.39497028839237913,0.07466193699379498,3.799215946419981,40,Uni.D.,76
2STEP-VF,9,2,2.335728876957108,-0.4146893475777663,0.0396297624843354,4.999963239338098,40,Uni.D.,77
2STEP-VF,9,2,2.2893969336625943,-0.40078737737114384,0.06204011135761964,6.5565224058779235,40,Uni.D.,78
2STEP-VF,9,2,2.3159842748646393,-0.41420380561191555,0.06351405606528822,4.4351161425926,40,Uni.D.,79
2STEP-VF,9,2,2.3085631846423404,-0.40627985906336556,0.06321177002446539,6.39685262660362,40,Uni.D.,80
2STEP-VF,9,2,2.3186110856175732,-0.4055146922126383,0.06077634636651807,6.379232571176282,40,Uni.D.,81
2STEP-VF,9,2,2.2972028453140636,-0.4234853328269211,0.0592940818030395,4.639512020176252,40,Uni.D.,82
2STEP-VF,9,2,2.299089333484647,-0.41795622957645195,0.0870840648458955,4.382784720826598,40,Uni.D.,83
2STEP-VF,9,2,2.30561530071979,-0.4011970717471308,0.059014103124937725,6.461910772516476,40,Uni.D.,84
2STEP-VF,9,2,2.3444861000660033,-0.4205364582008126,0.06151871842999628,3.983776575646227,40,Uni.D.,85
2STEP-VF,9,2,2.310086662926745,-0.40633066454082706,0.04367283902166703,3.46282134815914,40,Uni.D.,86
2STEP-VF,9,2,2.3033802491842414,-0.3944348493149376,0.06010910184264103,4.355212412819729,40,Uni.D.,87
2STEP-VF,9,2,2.311281511544837,-0.40628854879851894,0.058938096135486645,3.68139155190274,40,Uni.D.,88
2STEP-VF,9,2,2.3157069134346506,-0.4088864600384461,0.06188626597761589,3.903968286805812,40,Uni.D.,89
2STEP-VF,9,2,2.300124458319774,-0.39578751894969477,0.06513030178779669,4.6592259511888745,40,Uni.D.,90
2STEP-VF,9,2,2.297988221811969,-0.3896045877343049,0.060142094445217925,4.501258098694756,40,Uni.D.,91
2STEP-VF,9,2,2.3253314738234825,-0.3915321852109329,0.050312468089189946,4.175528370410884,40,Uni.D.,92
2STEP-VF,9,2,2.3218087069352973,-0.4007341543826015,0.04095946118607169,3.7449501544500188,40,Uni.D.,93
2STEP-VF,9,2,2.3138016381078383,-0.39924857985461104,0.06374275873755925,4.468218797036975,40,Uni.D.,94
2STEP-VF,9,2,2.3017573686904598,-0.3941095012982483,0.057174767585488326,3.497702317504494,40,Uni.D.,95
2STEP-VF,9,2,2.3535135021398608,-0.41217795702055426,0.03402851667891264,4.025274614474575,40,Uni.D.,96
2STEP-VF,9,2,2.3236883491320666,-0.4069281483532713,0.047601305633061794,5.174443554956537,40,Uni.D.,97
2STEP-VF,9,2,2.300737052770166,-0.42160728001101155,0.06449541490627078,3.9642215453353433,40,Uni.D.,98
2STEP-VF,9,2,2.3044627618944125,-0.3860483992110628,0.054264511927685326,4.490162524835233,40,Uni.D.,99
2STEP-VF,9,2,4.643354974722541,-0.6897554324755522,0.0813051237065847,4.740715806322755,44,Uni.D.,0
2STEP-VF,9,2,4.673633946661116,-0.6621346922671355,0.08306544530802887,7.593035249544096,44,Uni.D.,1
2STEP-VF,9,2,4.676308833633274,-0.6701389229805945,0.07366179648185947,4.369423894338022,44,Uni.D.,2
2STEP-VF,9,2,4.686512557192014,-0.6730142576053773,0.07493704088541202,6.317029801828048,44,Uni.D.,3
2STEP-VF,9,2,4.637179132290208,-0.6570745841333508,0.07581717673621875,4.455219971748802,44,Uni.D.,4
2STEP-VF,9,2,4.648138965670237,-0.6669872970434063,0.08167083885729465,6.816946118874245,44,Uni.D.,5
2STEP-VF,9,2,4.660347210869379,-0.6556618811301028,0.07812146988640291,3.960777878007775,44,Uni.D.,6
2STEP-VF,9,2,4.659416438118635,-0.6705673173685341,0.08980990902590572,3.4478747819573283,44,Uni.D.,7
2STEP-VF,9,2,4.617315690068544,-0.6686035782162869,0.10579855744566585,4.973409941569421,44,Uni.D.,8
2STEP-VF,9,2,4.6751238082721205,-0.6794533902380989,0.06485693987411575,6.067172588867266,44,Uni.D.,9
2STEP-VF,9,2,4.645090879317395,-0.654911628062483,0.0781532374248262,3.3001492944630835,44,Uni.D.,10
2STEP-VF,9,2,4.680530033808102,-0.6595722660339833,0.06576347364618851,4.496735983711859,44,Uni.D.,11
2STEP-VF,9,2,4.630416807061024,-0.6627443786097502,0.10569856195557507,3.996038194471394,44,Uni.D.,12
2STEP-VF,9,2,4.659352951334047,-0.6550557153112971,0.07720344673255061,7.327834098940459,44,Uni.D.,13
2STEP-VF,9,2,4.642301282750455,-0.6574233092809296,0.09106162537597319,3.4466367656902164,44,Uni.D.,14
2STEP-VF,9,2,4.650883609884843,-0.6780006738436439,0.08850994102335448,4.068310198639493,44,Uni.D.,15
2STEP-VF,9,2,4.641867557705142,-0.68289694225555,0.09472743668015832,4.25351708123116,44,Uni.D.,16
2STEP-VF,9,2,4.6328201505875075,-0.687297016853679,0.07648876938743304,5.830027958739883,44,Uni.D.,17
2STEP-VF,9,2,4.650955625372539,-0.6672135501645173,0.08469461037973634,10.278012501337445,44,Uni.D.,18
2STEP-VF,9,2,4.643447747689996,-0.6712735010668952,0.07412660834700886,7.886139461864935,44,Uni.D.,19
2STEP-VF,9,2,4.657215491550145,-0.6892003820396261,0.06246840121942059,6.756257779654794,44,Uni.D.,20
2STEP-VF,9,2,4.710193478992033,-0.6743813465750916,0.07017396610734192,4.13269865540495,44,Uni.D.,21
2STEP-VF,9,2,4.668451126507367,-0.6556113917711832,0.08260264460475918,4.563767031292063,44,Uni.D.,22
2STEP-VF,9,2,4.62965820323361,-0.671231328305621,0.08810364222478899,4.121821842041292,44,Uni.D.,23
2STEP-VF,9,2,4.679946220123896,-0.6794517668418947,0.05677342144525154,5.326638341832211,44,Uni.D.,24
2STEP-VF,9,2,4.660165281837554,-0.6649816688685981,0.061146143135640756,3.9590969952767066,44,Uni.D.,25
2STEP-VF,9,2,4.654610856167348,-0.6475328346679965,0.07587080031940176,3.4451111657310283,44,Uni.D.,26
2STEP-VF,9,2,4.64680546328885,-0.6560719962176691,0.09288747842995072,4.195792665590422,44,Uni.D.,27
2STEP-VF,9,2,4.6615029474665155,-0.6754871722218981,0.07623914473274739,4.22041952304478,44,Uni.D.,28
2STEP-VF,9,2,4.667474426053725,-0.6689945408371424,0.07907263007126475,8.46113628141428,44,Uni.D.,29
2STEP-VF,9,2,4.673387880251945,-0.6503835552981637,0.07619109643683537,4.21337934866498,44,Uni.D.,30
2STEP-VF,9,2,4.6656668220317705,-0.6485480728861791,0.07953174701088755,3.684726733477566,44,Uni.D.,31
2STEP-VF,9,2,4.661403241361912,-0.654479532688728,0.07261826509376287,8.155000927724945,44,Uni.D.,32
2STEP-VF,9,2,4.622087706548926,-0.6654404637446757,0.08611700223468328,9.915277699763648,44,Uni.D.,33
2STEP-VF,9,2,4.641741890045194,-0.6677290441481796,0.06761183727188212,5.500807389487535,44,Uni.D.,34
2STEP-VF,9,2,4.627126546667282,-0.6770987925898646,0.11423983856256502,3.7288701979731362,44,Uni.D.,35
2STEP-VF,9,2,4.629839499203044,-0.6787723824239004,0.09033714161020015,5.2619314937898425,44,Uni.D.,36
2STEP-VF,9,2,4.654576263054048,-0.6820251371864804,0.0729489589152956,4.794820586053788,44,Uni.D.,37
2STEP-VF,9,2,4.635852834551988,-0.6336369091960294,0.08218035098397743,3.798300346189251,44,Uni.D.,38
2STEP-VF,9,2,4.646776254654717,-0.6617596722679951,0.08144775066845752,4.163319101539962,44,Uni.D.,39
2STEP-VF,9,2,4.664358234254903,-0.6765188775930522,0.07943719382707047,7.8399457486950785,44,Uni.D.,40
2STEP-VF,9,2,4.649501590135181,-0.6559601264339123,0.047962206915551156,4.616512863499087,44,Uni.D.,41
2STEP-VF,9,2,4.64519677213298,-0.6899135304633618,0.09069078543921234,4.9498153167239005,44,Uni.D.,42
2STEP-VF,9,2,4.660755911819624,-0.6689736648463374,0.06777571297298673,4.858377075310874,44,Uni.D.,43
2STEP-VF,9,2,4.663106331152377,-0.6625231873887057,0.07787032625652725,4.334789667518578,44,Uni.D.,44
2STEP-VF,9,2,4.644807781981254,-0.6723386054899029,0.08383435385448593,6.367881425126803,44,Uni.D.,45
2STEP-VF,9,2,4.652956202412701,-0.6550039148283452,0.09368511705244326,3.88386645260589,44,Uni.D.,46
2STEP-VF,9,2,4.663356727574598,-0.6630222137439211,0.08710905053286433,3.5180601456641383,44,Uni.D.,47
2STEP-VF,9,2,4.659075200889836,-0.684031377128154,0.08158878987878887,4.734471775773677,44,Uni.D.,48
2STEP-VF,9,2,4.660976317200187,-0.6674225314360392,0.08048061341948325,7.746638751572165,44,Uni.D.,49
2STEP-VF,9,2,4.668922535064731,-0.6486671745632389,0.0628930417282965,4.069576760837117,44,Uni.D.,50
2STEP-VF,9,2,4.646101518438545,-0.6546674978280934,0.08284813941093092,5.621013869518961,44,Uni.D.,51
2STEP-VF,9,2,4.646399191840908,-0.6547436909777784,0.0900652754212023,4.910987097593094,44,Uni.D.,52
2STEP-VF,9,2,4.644608410706052,-0.6703082724114878,0.09956724014892172,3.7472409941027096,44,Uni.D.,53
2STEP-VF,9,2,4.639849445522527,-0.6608392332175398,0.08111701203590138,6.492926023483988,44,Uni.D.,54
2STEP-VF,9,2,4.6444315716503,-0.6701227962695134,0.048291233641878116,3.3715067723334986,44,Uni.D.,55
2STEP-VF,9,2,4.6885764919142146,-0.6655206023680725,0.05939159977852757,5.6570648507624,44,Uni.D.,56
2STEP-VF,9,2,4.69324637471573,-0.6483451838401552,0.05652696684452948,4.7106077489885,44,Uni.D.,57
2STEP-VF,9,2,4.6430753437314,-0.672240947735637,0.08645325584250109,4.846494842601214,44,Uni.D.,58
2STEP-VF,9,2,4.641989953149264,-0.6725477781403013,0.06937796678375363,4.300627545794482,44,Uni.D.,59
2STEP-VF,9,2,4.659012900152652,-0.6779030586499593,0.06550140868817349,5.2114761282301725,44,Uni.D.,60
2STEP-VF,9,2,4.646742152276911,-0.6926209919669721,0.07173460904925441,5.362289275163841,44,Uni.D.,61
2STEP-VF,9,2,4.658163816752694,-0.6645492286851696,0.07748943601303432,7.279155143038847,44,Uni.D.,62
2STEP-VF,9,2,4.64281646707489,-0.663094951354182,0.07256504205051986,4.766139035526712,44,Uni.D.,63
2STEP-VF,9,2,4.638321508720893,-0.6753611039329387,0.0876600134968336,4.38329789719743,44,Uni.D.,64
2STEP-VF,9,2,4.656350366761593,-0.6746930989193021,0.04745468330833281,4.13548325543763,44,Uni.D.,65
2STEP-VF,9,2,4.644781328897193,-0.6768641236093406,0.07237816998423596,4.4358942394826,44,Uni.D.,66
2STEP-VF,9,2,4.666645448277452,-0.6604756055643994,0.07932335005799282,5.970477998101148,44,Uni.D.,67
2STEP-VF,9,2,4.639366417239832,-0.6807223514212796,0.11142261821713191,3.3309155205622836,44,Uni.D.,68
2STEP-VF,9,2,4.6433014261697405,-0.6630284201464217,0.07326919419194929,5.488549216374814,44,Uni.D.,69
2STEP-VF,9,2,4.651693197040554,-0.6693380656506994,0.06066253199040647,4.281757908677405,44,Uni.D.,70
2STEP-VF,9,2,4.640639239529958,-0.6665617575532539,0.07674329468354806,4.214877540921821,44,Uni.D.,71
2STEP-VF,9,2,4.659472893079273,-0.6594364931935964,0.05377473815853472,4.496137750467277,44,Uni.D.,72
2STEP-VF,9,2,4.65039038888219,-0.6761780651511593,0.07574392286504616,6.319517403707663,44,Uni.D.,73
2STEP-VF,9,2,4.636532505309967,-0.6697718594633909,0.09245849094220747,3.8865288216862752,44,Uni.D.,74
2STEP-VF,9,2,4.650172648823893,-0.6564772946212218,0.07833348264892173,5.99182749603827,44,Uni.D.,75
2STEP-VF,9,2,4.655242979201597,-0.6852480444009,0.0930622317350388,3.5936091462554263,44,Uni.D.,76
2STEP-VF,9,2,4.6620203823943225,-0.6398078641966339,0.06707098858437496,3.080358583799505,44,Uni.D.,77
2STEP-VF,9,2,4.652083152412279,-0.6539510678919765,0.07229524027524922,3.950683519556448,44,Uni.D.,78
2STEP-VF,9,2,4.672431259126223,-0.6638104853946927,0.05330505551668126,4.1592505776496695,44,Uni.D.,79
2STEP-VF,9,2,4.629240421820403,-0.6785478155728947,0.12070635126964828,3.496086590296816,44,Uni.D.,80
2STEP-VF,9,2,4.644491622665106,-0.6603291917412643,0.07710267457907857,4.018948575570659,44,Uni.D.,81
2STEP-VF,9,2,4.660682837185628,-0.6611577588278181,0.08317201837647795,4.441043948127809,44,Uni.D.,82
2STEP-VF,9,2,4.665672894316807,-0.663221963996698,0.06765743438093301,4.444814091568363,44,Uni.D.,83
2STEP-VF,9,2,4.649976325844896,-0.6590701701714557,0.07768636737673731,9.924775986010358,44,Uni.D.,84
2STEP-VF,9,2,4.6641696877306265,-0.6762956208683581,0.06520301562217298,3.9631067909930557,44,Uni.D.,85
2STEP-VF,9,2,4.6257913383352065,-0.6318763754338123,0.09063877678267372,4.9028870855990725,44,Uni.D.,86
2STEP-VF,9,2,4.639355743196491,-0.6606219317569297,0.11083050464015862,3.4183743147408783,44,Uni.D.,87
2STEP-VF,9,2,4.663739130854617,-0.6545549720727794,0.0792205424336785,4.2846526958884406,44,Uni.D.,88
2STEP-VF,9,2,4.645617387904641,-0.6863338383273834,0.0780394744999574,5.5387101882787775,44,Uni.D.,89
2STEP-VF,9,2,4.660269344577718,-0.6376765419433781,0.06627057180297469,3.6877879613865687,44,Uni.D.,90
2STEP-VF,9,2,4.640045448048244,-0.6548641205900231,0.08105611912805907,8.576183732846228,44,Uni.D.,91
2STEP-VF,9,2,4.68028853610183,-0.6663402391689919,0.07795616465905254,5.469611610027486,44,Uni.D.,92
2STEP-VF,9,2,4.643042504787988,-0.6568419248712513,0.08318419403047678,6.16988643453581,44,Uni.D.,93
2STEP-VF,9,2,4.664194613272042,-0.685706890073931,0.07686619121914207,19.051385890536746,44,Uni.D.,94
2STEP-VF,9,2,4.639329593005658,-0.6450242075752727,0.08665964829085232,5.138546229835033,44,Uni.D.,95
2STEP-VF,9,2,4.6237842900007475,-0.6926900865641589,0.0961796323925759,3.642143276766471,44,Uni.D.,96
2STEP-VF,9,2,4.622722277882212,-0.6725952791299171,0.08405318009094505,6.208680523218096,44,Uni.D.,97
2STEP-VF,9,2,4.662578463432077,-0.6585317061145938,0.07003026412622147,5.844402770900216,44,Uni.D.,98
2STEP-VF,9,2,4.659221656169556,-0.6625624456936624,0.08438148855136748,3.3918153254409957,44,Uni.D.,99
2STEP-VF,9,0,0.908751566226704,-0.19163433272380836,0.7034339753609837,0.28625694775473587,36,Epa.D.,0
2STEP-VF,9,1,0.9060172437218851,-0.1955216654852879,0.047927275878691125,1.9850483485163,36,Epa.D.,0
2STEP-VF,9,2,0.906305869834608,-0.19408674132265913,0.03484326980024651,4.074541023768777,36,Epa.D.,0
2STEP-VF,9,0,0.9139933355371674,-0.23217814074782267,-0.6689207049235256,0.26454488649241703,36,Epa.D.,1
2STEP-VF,9,1,0.9147297509037513,-0.20818184891769284,0.031016824868222832,2.604671743078487,36,Epa.D.,1
2STEP-VF,9,2,0.9085293594517155,-0.20314597888709046,0.042662708864199046,5.341974849887791,36,Epa.D.,1
2STEP-VF,9,0,0.9153188025356608,-0.23236654161793846,0.10621291593121727,0.28619895901674863,36,Epa.D.,2
2STEP-VF,9,1,0.914306716841897,-0.20767697525830725,0.04387774383179177,1.992248525899214,36,Epa.D.,2
2STEP-VF,9,2,0.9156893134669944,-0.20842014232440315,0.037800756021117425,4.839982801084236,36,Epa.D.,2
2STEP-VF,9,0,0.9077920397239265,-0.22511543937006584,0.19463361034478788,0.27340286415988607,36,Epa.D.,3
2STEP-VF,9,1,0.9109734968472754,-0.20188253827298597,0.03564351224251561,2.301676576373338,36,Epa.D.,3
2STEP-VF,9,2,0.9126081993512123,-0.19905098794992954,0.035385051507975517,5.704026642109029,36,Epa.D.,3
2STEP-VF,9,0,0.915202116518806,-0.22293590857355708,0.5353392496947428,0.2791753946003411,36,Epa.D.,4
2STEP-VF,9,1,0.9115602110425779,-0.19735490915494985,0.041045673542059194,4.790325040561665,36,Epa.D.,4
2STEP-VF,9,2,0.9117940779753511,-0.19730104024995873,0.04366835635442011,3.817502407960455,36,Epa.D.,4
2STEP-VF,9,0,0.9274113761302402,-0.2036635344116828,-0.6581732349671852,0.3247386703621779,36,Epa.D.,5
2STEP-VF,9,1,0.9285697479085614,-0.2015380008675513,0.01094744725697972,1.9000643352425552,36,Epa.D.,5
2STEP-VF,9,2,0.9286411368683137,-0.19289350006604306,0.029871425086801226,5.37592561160676,36,Epa.D.,5
2STEP-VF,9,0,0.9146650705944676,-0.20827826318019732,-0.1447275687207804,0.3396718382830653,36,Epa.D.,6
2STEP-VF,9,1,0.9199760493775945,-0.20746267566534868,0.03243528880044271,2.6030255544220173,36,Epa.D.,6
2STEP-VF,9,2,0.9254891357255718,-0.20598145892741807,0.035208695311173786,4.281434073697559,36,Epa.D.,6
2STEP-VF,9,0,0.9004563575112883,-0.188428769278487,1.6069314367874974,0.2948284495469747,36,Epa.D.,7
2STEP-VF,9,1,0.9006388926216543,-0.19594655010136242,0.08370261608983372,1.8342234231792327,36,Epa.D.,7
2STEP-VF,9,2,0.8976787357799336,-0.1977069190318308,0.04793928505425151,5.640235480492269,36,Epa.D.,7
2STEP-VF,9,0,0.9190299011899615,-0.13599022021123663,-0.13368677336358875,0.33270760967766805,36,Epa.D.,8
2STEP-VF,9,1,0.9161695753495327,-0.1857520617319599,0.03771296082036965,2.4648362039263674,36,Epa.D.,8
2STEP-VF,9,2,0.9115524081762708,-0.18867722949760207,0.038368931293728856,4.519010102726289,36,Epa.D.,8
2STEP-VF,9,0,0.9152647530517367,-0.20458858262767485,0.47643258495857976,0.39576321283152077,36,Epa.D.,9
2STEP-VF,9,1,0.9132657789892692,-0.1997229170316979,0.07344715315092196,1.43077345275558,36,Epa.D.,9
2STEP-VF,9,2,0.911697544947425,-0.19683133140990977,0.04858520296596478,2.9442532617011947,36,Epa.D.,9
2STEP-VF,9,0,0.9194619902188635,-0.22869533861158925,-1.6261395298156336,0.24444688338220685,36,Epa.D.,10
2STEP-VF,9,1,0.9177994050470923,-0.20888388674648417,0.003166029197920515,1.7177233390272508,36,Epa.D.,10
2STEP-VF,9,2,0.9180413785553797,-0.20321176668092145,0.030935321745008994,3.9349770862274918,36,Epa.D.,10
2STEP-VF,9,0,0.9238045058534811,-0.2280146612435417,-0.8921511856983823,0.25912320631081254,36,Epa.D.,11
2STEP-VF,9,1,0.9228414768094325,-0.2085912252249109,0.022149887211268694,1.6459669955899574,36,Epa.D.,11
2STEP-VF,9,2,0.9210334277360447,-0.205198719204504,0.0348756558710675,3.8337704107233583,36,Epa.D.,11
2STEP-VF,9,0,0.9251466458200704,-0.2299913910553975,-0.11572349525287119,0.30540134095752197,36,Epa.D.,12
2STEP-VF,9,1,0.9318070272305492,-0.20871113787718687,0.036850069872357644,5.035317232684038,36,Epa.D.,12
2STEP-VF,9,2,0.9314760345463852,-0.20750242323255452,0.03647583073421267,4.5761122195783805,36,Epa.D.,12
2STEP-VF,9,0,0.9051473382672748,-0.1429242885962865,1.0092896718215738,0.2856545751323341,36,Epa.D.,13
2STEP-VF,9,1,0.9053079790421816,-0.1831889277991804,0.0700251879720017,1.6425600846187338,36,Epa.D.,13
2STEP-VF,9,2,0.9033539285697196,-0.18860366400982395,0.04461852779413576,3.625954013854881,36,Epa.D.,13
2STEP-VF,9,0,0.9122620890399672,-0.17607448130612352,0.2510635640965292,0.4234479179965246,36,Epa.D.,14
2STEP-VF,9,1,0.9102154449610262,-0.1862499798432001,0.05274158696358194,1.9709576759837946,36,Epa.D.,14
2STEP-VF,9,2,0.9134452989673035,-0.1903977049892151,0.03989663813945728,3.4457412408750545,36,Epa.D.,14
2STEP-VF,9,0,0.9237043140579707,-0.20545031218375917,0.05897520804703674,0.382175547483746,36,Epa.D.,15
2STEP-VF,9,1,0.9219317128819899,-0.2067531270965834,0.0478830696188256,2.898189977912429,36,Epa.D.,15
2STEP-VF,9,2,0.9192941462872095,-0.2071517175493817,0.04806275555249845,4.046342099710899,36,Epa.D.,15
2STEP-VF,9,0,0.917784464649662,-0.19662483764073713,-0.8163316208306948,0.2681868433842334,36,Epa.D.,16
2STEP-VF,9,1,0.9163405514449054,-0.19690934959311207,0.016720790867702277,1.7330433792429503,36,Epa.D.,16
2STEP-VF,9,2,0.9150583563489031,-0.19056973073422562,0.031471070650673005,4.326343496926979,36,Epa.D.,16
2STEP-VF,9,0,0.9206027890335398,-0.16756265495015832,0.05525213146256433,0.2954068997301374,36,Epa.D.,17
2STEP-VF,9,1,0.9161296647889465,-0.2011919193265752,0.04758007258865924,1.9609206715097898,36,Epa.D.,17
2STEP-VF,9,2,0.9154529022602563,-0.20170923557992432,0.035727027462072944,4.357163695640167,36,Epa.D.,17
2STEP-VF,9,0,0.9052430636149799,-0.19129113788645538,1.1708640798464443,0.31840777726679687,36,Epa.D.,18
2STEP-VF,9,1,0.9077228363823578,-0.20193292262058932,0.06124053546216669,1.9956976056930027,36,Epa.D.,18
2STEP-VF,9,2,0.9074220116088508,-0.19630413522469672,0.03978230566578579,5.11539297264376,36,Epa.D.,18
2STEP-VF,9,0,0.9191080624416829,-0.19540483980265072,0.4012463360963829,0.3554905247947653,36,Epa.D.,19
2STEP-VF,9,1,0.9169368795058901,-0.19494439172319197,0.05244658791670335,1.8025416804257066,36,Epa.D.,19
2STEP-VF,9,2,0.9175037076621128,-0.19397442803793397,0.03619113248319528,4.064191314290339,36,Epa.D.,19
2STEP-VF,9,0,0.9102316256599616,-0.2039003309669435,0.0652352637231208,0.5439071682122133,36,Epa.D.,20
2STEP-VF,9,1,0.9125943697179741,-0.19704194041817677,0.034050589388196544,1.9373351857141974,36,Epa.D.,20
2STEP-VF,9,2,0.9099203027011902,-0.19560913500832317,0.03656430660961962,4.551298544391976,36,Epa.D.,20
2STEP-VF,9,0,0.9259022503876052,-0.19475540008947467,-0.4363432749613997,0.37226934504815756,36,Epa.D.,21
2STEP-VF,9,1,0.9274454852231164,-0.19814688143008408,0.01770031013140213,1.6768136245033456,36,Epa.D.,21
2STEP-VF,9,2,0.9262314076730883,-0.19526684644666392,0.0342167573023328,3.517964201123851,36,Epa.D.,21
2STEP-VF,9,0,0.9288602244612795,-0.2092224538618835,0.6899185306534057,0.33426604634740004,36,Epa.D.,22
2STEP-VF,9,1,0.9291913939399523,-0.19754072787645724,0.06798663190366581,1.6073359886895937,36,Epa.D.,22
2STEP-VF,9,2,0.9257838222145561,-0.19717931982260314,0.04247250249935408,8.4496775083568,36,Epa.D.,22
2STEP-VF,9,0,0.9126365585503466,-0.21557016669884863,-0.19364298107272068,0.2651588908660094,36,Epa.D.,23
2STEP-VF,9,1,0.9141395069323945,-0.2010741791879513,0.02986396244107449,1.7595057497602922,36,Epa.D.,23
2STEP-VF,9,2,0.9095707463318061,-0.19948980529674817,0.042929977124343745,4.60497924435456,36,Epa.D.,23
2STEP-VF,9,0,0.9128124931159717,-0.16183076610997665,0.4317728244465393,0.3351735924381173,36,Epa.D.,24
2STEP-VF,9,1,0.9115767778372804,-0.18944194423319996,0.04823583528109432,2.0659348868773106,36,Epa.D.,24
2STEP-VF,9,2,0.9067266115624766,-0.19476993142914228,0.03857318065552446,4.6584006385523855,36,Epa.D.,24
2STEP-VF,9,0,0.9173833885068545,-0.2045791010010032,-0.07143791430338811,0.6248832409671653,36,Epa.D.,25
2STEP-VF,9,1,0.9242100859043163,-0.20149260565474075,0.029788568862904583,3.138969536592652,36,Epa.D.,25
2STEP-VF,9,2,0.9296798979359622,-0.2018307474133655,0.03310970625361095,5.514694896893722,36,Epa.D.,25
2STEP-VF,9,0,0.9192054678954885,-0.19099598187314487,0.35321616127386646,0.27293888074509076,36,Epa.D.,26
2STEP-VF,9,1,0.9165055829365873,-0.20727222920540933,0.05458808597329246,1.609217743630975,36,Epa.D.,26
2STEP-VF,9,2,0.9179717995128269,-0.20372505650803746,0.042351904727051054,4.086799192660427,36,Epa.D.,26
2STEP-VF,9,0,0.9156395165452167,-0.26073962639150605,-0.5515016958185657,0.3595262713995305,36,Epa.D.,27
2STEP-VF,9,1,0.9148951219781348,-0.2088097765194186,0.006502285115741498,1.7533007339745414,36,Epa.D.,27
2STEP-VF,9,2,0.9161587912583635,-0.20195428105728494,0.027712225403043342,4.736568569457742,36,Epa.D.,27
2STEP-VF,9,0,0.9184596174915336,-0.23476436274565127,-0.02054907126900013,0.3868125809483947,36,Epa.D.,28
2STEP-VF,9,1,0.9143549752589032,-0.20110787215014905,0.03321496718126302,1.9953745099897995,36,Epa.D.,28
2STEP-VF,9,2,0.9138705659871217,-0.18918552260010016,0.03344418937035219,4.874352803382834,36,Epa.D.,28
2STEP-VF,9,0,0.919027701606342,-0.2562041150083394,0.5948374876595488,0.3481904901161379,36,Epa.D.,29
2STEP-VF,9,1,0.9191878002877183,-0.2068418631146073,0.062380413105442546,1.559095775783517,36,Epa.D.,29
2STEP-VF,9,2,0.9161975650143523,-0.20158613289544502,0.04549499359185522,3.4372213705589503,36,Epa.D.,29
2STEP-VF,9,0,0.923136577351191,-0.2602479019545849,-0.2049767016928797,0.2939219423282912,36,Epa.D.,30
2STEP-VF,9,1,0.9190776882354743,-0.2065634134239804,0.041213101952279334,2.2824195366724074,36,Epa.D.,30
2STEP-VF,9,2,0.920533201209957,-0.19518204008765092,0.03800903959393488,5.751728253709023,36,Epa.D.,30
2STEP-VF,9,0,0.9151724457204654,-0.2412940294065424,-0.5242850002089232,0.3640012192764209,36,Epa.D.,31
2STEP-VF,9,1,0.9152500921038509,-0.20963391058564235,0.024544486630579974,1.895674919878664,36,Epa.D.,31
2STEP-VF,9,2,0.910533493194343,-0.2031337145441862,0.03903946860029258,6.060548186983607,36,Epa.D.,31
2STEP-VF,9,0,0.9115582311660916,-0.2086988400066687,0.5170697717431819,0.3368784534949336,36,Epa.D.,32
2STEP-VF,9,1,0.9122244367034402,-0.20258373268357177,0.04922777034759898,1.9458613625622736,36,Epa.D.,32
2STEP-VF,9,2,0.9139478334381473,-0.20116600315472638,0.04087231688118999,4.457101953851598,36,Epa.D.,32
2STEP-VF,9,0,0.916146808740943,-0.1931111858458497,-0.7218235484250815,0.2912426926802267,36,Epa.D.,33
2STEP-VF,9,1,0.9170791158397597,-0.19373250229771133,0.00972134706696513,1.7847686626388541,36,Epa.D.,33
2STEP-VF,9,2,0.9249579074120493,-0.19628939380068516,0.02552470633271613,3.9747115572019593,36,Epa.D.,33
2STEP-VF,9,0,0.924284179653724,-0.23117123358596328,0.6075830375198904,0.2775724652600874,36,Epa.D.,34
2STEP-VF,9,1,0.9217451257913681,-0.20493059644893497,0.05713227762314788,1.541513547556127,36,Epa.D.,34
2STEP-VF,9,2,0.9276366338711113,-0.19439175658840635,0.03615721898551592,4.708367281802556,36,Epa.D.,34
2STEP-VF,9,0,0.9225449491968293,-0.22628420480579997,-0.2084674631579272,0.24182539301039796,36,Epa.D.,35
2STEP-VF,9,1,0.9233751516651872,-0.2056010861521324,0.03378189502866107,1.9754183868330129,36,Epa.D.,35
2STEP-VF,9,2,0.9225191581591007,-0.20855020679661734,0.04231078126732756,3.2585635210073596,36,Epa.D.,35
2STEP-VF,9,0,0.9134825017170807,-0.2121395178803539,-2.625443794462666,0.2526731170192763,36,Epa.D.,36
2STEP-VF,9,1,0.9115301783506993,-0.19787382788397695,-0.004394800594942426,1.8631464776414473,36,Epa.D.,36
2STEP-VF,9,2,0.9099172496846895,-0.19295713935723685,0.030932217570493206,5.1615606927049695,36,Epa.D.,36
2STEP-VF,9,0,0.9128411055574158,-0.19224933056443808,0.0585782533979839,0.3342362143863365,36,Epa.D.,37
2STEP-VF,9,1,0.9128677762531693,-0.20238897207970832,0.03983037578506296,1.5932562988958816,36,Epa.D.,37
2STEP-VF,9,2,0.9089896601010952,-0.19436204552694683,0.03852496626062161,5.249330067614124,36,Epa.D.,37
2STEP-VF,9,0,0.919967291531665,-0.26299145419248315,-0.35404929920893347,0.278052598928508,36,Epa.D.,38
2STEP-VF,9,1,0.9207649681422493,-0.21124210664416604,0.02958550342507337,1.785622347275244,36,Epa.D.,38
2STEP-VF,9,2,0.9221116404938353,-0.20398612577745492,0.038039619155867975,6.220146847026143,36,Epa.D.,38
2STEP-VF,9,0,0.9256688137872179,-0.2564861322375607,-1.0677346361437354,0.2964606488665621,36,Epa.D.,39
2STEP-VF,9,1,0.9254918485342152,-0.20730801160948006,0.021965673504321603,2.1714228563617026,36,Epa.D.,39
2STEP-VF,9,2,0.9306586256764086,-0.20877467816127776,0.03295589986191639,4.513890173077343,36,Epa.D.,39
2STEP-VF,9,0,0.9202885870866766,-0.23099810742959667,-0.8073013063196336,0.2730619571111673,36,Epa.D.,40
2STEP-VF,9,1,0.9199786564539499,-0.19866117088155397,0.012977064490020108,2.0895786949072535,36,Epa.D.,40
2STEP-VF,9,2,0.9233748979661159,-0.20441274179509145,0.03480278538675619,9.924712573232728,36,Epa.D.,40
2STEP-VF,9,0,0.9225033708044584,-0.14023814417795025,-2.1166379643084055,0.28017064383454154,36,Epa.D.,41
2STEP-VF,9,1,0.9209734695350017,-0.18750224862993423,-0.0027454290566728597,1.9710140386566224,36,Epa.D.,41
2STEP-VF,9,2,0.9224290142445297,-0.19282801864922097,0.026731275341910297,4.138092804275575,36,Epa.D.,41
2STEP-VF,9,0,0.9189442607055942,-0.21501030449930839,0.2485564157478125,0.26836425982820195,36,Epa.D.,42
2STEP-VF,9,1,0.9126392750840291,-0.1931909646049451,0.04083181803409777,3.034896472178921,36,Epa.D.,42
2STEP-VF,9,2,0.9127616207688691,-0.19299108249466046,0.040339821123847916,3.4911868394158,36,Epa.D.,42
2STEP-VF,9,0,0.9139452288584609,-0.2415651520877727,1.4046664078772995,0.23294739128984399,36,Epa.D.,43
2STEP-VF,9,1,0.9148489612167079,-0.20553861390145117,0.05019593776469308,1.789782058999846,36,Epa.D.,43
2STEP-VF,9,2,0.916189301100435,-0.1970553483386002,0.03675372898212059,8.252561864264829,36,Epa.D.,43
2STEP-VF,9,0,0.9225483723154112,-0.1612697772398113,-0.22318288053617433,0.31170875885447424,36,Epa.D.,44
2STEP-VF,9,1,0.9208724409916366,-0.19091360144255268,0.022925396965538775,1.85246388319747,36,Epa.D.,44
2STEP-VF,9,2,0.9148626269426339,-0.18998067666417015,0.035398629922760175,4.283963385233036,36,Epa.D.,44
2STEP-VF,9,0,0.9119711672249019,-0.18428169594347757,0.17643899715842262,0.5400467892166237,36,Epa.D.,45
2STEP-VF,9,1,0.9151533936658551,-0.193840861677869,0.04778344417949447,1.7196629102068286,36,Epa.D.,45
2STEP-VF,9,2,0.917355475636268,-0.1980110966458847,0.04132418401164745,5.441704059038123,36,Epa.D.,45
2STEP-VF,9,0,0.9123467805537329,-0.22143581714187602,0.6076919818371537,0.3303695455395395,36,Epa.D.,46
2STEP-VF,9,1,0.9104007571497337,-0.20255759375924937,0.06685913611739863,1.5980315531352363,36,Epa.D.,46
2STEP-VF,9,2,0.905636366982524,-0.1952570350971668,0.04674737448264568,5.15139066722237,36,Epa.D.,46
2STEP-VF,9,0,0.9128049835513365,-0.1803840395140463,0.46531667207151206,0.2946208243085145,36,Epa.D.,47
2STEP-VF,9,1,0.9125936527912963,-0.19745443982935063,0.041857984444357135,2.258166421306461,36,Epa.D.,47
2STEP-VF,9,2,0.9168292659837102,-0.20093444884879755,0.03594268811406472,4.0669409757522965,36,Epa.D.,47
2STEP-VF,9,0,0.9155236746394201,-0.14476965894589966,-0.6086658245200689,0.395637386548654,36,Epa.D.,48
2STEP-VF,9,1,0.9156065617813466,-0.1819219866932379,-0.016739885092634472,1.5088678663385764,36,Epa.D.,48
2STEP-VF,9,2,0.9107662205062118,-0.18724978807776183,0.03438133072776439,4.168837607616006,36,Epa.D.,48
2STEP-VF,9,0,0.9094150954716518,-0.3039196024295037,0.9007992322408414,0.23231172303073214,36,Epa.D.,49
2STEP-VF,9,1,0.9093716110070378,-0.21023038672450048,0.04694127735407717,1.8530984631713614,36,Epa.D.,49
2STEP-VF,9,2,0.9165370490818269,-0.20096690573028933,0.035141705526357724,5.935919659736762,36,Epa.D.,49
2STEP-VF,9,0,0.9176820753406196,-0.21427069653096437,0.4490407332410831,0.30960673171554765,36,Epa.D.,50
2STEP-VF,9,1,0.9195159800690691,-0.2013349111197796,0.047077661779903454,1.6467252719572636,36,Epa.D.,50
2STEP-VF,9,2,0.9139712142881052,-0.1980351227913867,0.045141173231604416,4.401792123426968,36,Epa.D.,50
2STEP-VF,9,0,0.9182690438158443,-0.1793734456569684,0.10120892000186445,0.3591747690740652,36,Epa.D.,51
2STEP-VF,9,1,0.9196790581273205,-0.19893375718013526,0.03863724129334731,1.719593501065505,36,Epa.D.,51
2STEP-VF,9,2,0.9167750296292263,-0.19836823802782863,0.04137679892793951,4.677107837775368,36,Epa.D.,51
2STEP-VF,9,0,0.9161097686279349,-0.1587553715072387,-0.2820615209309617,0.30680636151421653,36,Epa.D.,52
2STEP-VF,9,1,0.9179234239649022,-0.19040798197728848,0.02851700437211057,2.0302216018808674,36,Epa.D.,52
2STEP-VF,9,2,0.9179428047154543,-0.19405453774575482,0.03725794271378012,3.9198922300909005,36,Epa.D.,52
2STEP-VF,9,0,0.910567273913431,-0.2562036779270284,0.23853181229391388,0.230898566482412,36,Epa.D.,53
2STEP-VF,9,1,0.9139469676084385,-0.19777085008979686,0.03281629175029583,7.561315197914226,36,Epa.D.,53
2STEP-VF,9,2,0.909177195714218,-0.19818551650272606,0.03256399112384992,4.183842748159926,36,Epa.D.,53
2STEP-VF,9,0,0.9079252232934377,-0.23690292097617932,0.3269548857080219,0.31003844196384245,36,Epa.D.,54
2STEP-VF,9,1,0.9098973896339524,-0.19771778981070948,0.04176306291283484,1.911658005730447,36,Epa.D.,54
2STEP-VF,9,2,0.9099157033838313,-0.1937290150628661,0.03381955284588302,4.526289946303441,36,Epa.D.,54
2STEP-VF,9,0,0.9128935652753524,-0.18677302358302642,0.06154212522454103,0.5570015318734499,36,Epa.D.,55
2STEP-VF,9,1,0.9159080906893627,-0.1974069249870905,0.04075070305445768,1.7454433286682876,36,Epa.D.,55
2STEP-VF,9,2,0.9137541445234726,-0.19727252712062837,0.04160755383387579,5.495416050256906,36,Epa.D.,55
2STEP-VF,9,0,0.9220062911476953,-0.21302323603591866,-1.1869029691805864,0.28980138540022266,36,Epa.D.,56
2STEP-VF,9,1,0.9233531798723446,-0.1987040568420575,0.011240041933715953,2.19309291841005,36,Epa.D.,56
2STEP-VF,9,2,0.9236950078629433,-0.19987170013978586,0.028146344170205367,3.6842089168016665,36,Epa.D.,56
2STEP-VF,9,0,0.9197890142669257,-0.14124597959583132,0.2176855907723601,0.32490610018305616,36,Epa.D.,57
2STEP-VF,9,1,0.920999280858079,-0.18432625545365422,0.04212427671545132,1.5865837123084596,36,Epa.D.,57
2STEP-VF,9,2,0.91933171967101,-0.18747787742614191,0.037867417814816166,4.677092843653717,36,Epa.D.,57
2STEP-VF,9,0,0.9200614076053116,-0.2708683954313425,0.12830486883793144,0.32545967112686547,36,Epa.D.,58
2STEP-VF,9,1,0.9240995452684921,-0.21634089226300082,0.04255657633120834,1.8573249909828566,36,Epa.D.,58
2STEP-VF,9,2,0.9187542881148453,-0.20553132606314847,0.04302690660913595,5.352030415980226,36,Epa.D.,58
2STEP-VF,9,0,0.9141344557148336,-0.20033840128339273,-0.29151514705981146,0.30512304784899363,36,Epa.D.,59
2STEP-VF,9,1,0.9151832614167275,-0.19203271223840618,0.03213773543147827,1.9456577012375964,36,Epa.D.,59
2STEP-VF,9,2,0.9131375005984514,-0.19369111746965753,0.0380706553272539,5.314353504124139,36,Epa.D.,59
2STEP-VF,9,0,0.9115292392791455,-0.22478337296524856,2.5574057837616264,0.261934858467894,36,Epa.D.,60
2STEP-VF,9,1,0.909564706821553,-0.20093436833406444,0.07697546901263297,2.1604340774271047,36,Epa.D.,60
2STEP-VF,9,2,0.9073065129997336,-0.1950013991970857,0.04895125744970388,4.559353181837756,36,Epa.D.,60
2STEP-VF,9,0,0.919343109976964,-0.22049988383354777,0.3694813022078967,0.28681935379861007,36,Epa.D.,61
2STEP-VF,9,1,0.9167104799772293,-0.2002437468115816,0.05423943377930709,1.969112156691615,36,Epa.D.,61
2STEP-VF,9,2,0.9194715836890024,-0.20590583465045448,0.03655664789228882,5.205223102313652,36,Epa.D.,61
2STEP-VF,9,0,0.9079993271946715,-0.2086984020674766,-0.3026254705675944,0.31677179031043773,36,Epa.D.,62
2STEP-VF,9,1,0.906863943148149,-0.20395993354115766,0.0313648687924802,1.874610968165809,36,Epa.D.,62
2STEP-VF,9,2,0.911876237738558,-0.2045547463372516,0.039459071737513444,13.903242221300282,36,Epa.D.,62
2STEP-VF,9,0,0.9199781944632704,-0.17893977899174462,-0.7404366031152322,0.33026943945430914,36,Epa.D.,63
2STEP-VF,9,1,0.9202895592590734,-0.1937698523300914,0.006287842268922001,1.6637374041346344,36,Epa.D.,63
2STEP-VF,9,2,0.9182489338770166,-0.19378245683226497,0.03549469966500524,3.7453604452004363,36,Epa.D.,63
2STEP-VF,9,0,0.9063017044313804,-0.1439336717064895,-1.042130086057198,0.32336094094484075,36,Epa.D.,64
2STEP-VF,9,1,0.9074387597210773,-0.18718020389435278,0.023475283611857637,2.6781157703012113,36,Epa.D.,64
2STEP-VF,9,2,0.9050949613288918,-0.18905509214422903,0.034791424767522755,3.928170844278038,36,Epa.D.,64
2STEP-VF,9,0,0.9070055444886886,-0.202744632344036,1.8415922338470518,0.30722700182170926,36,Epa.D.,65
2STEP-VF,9,1,0.9065797875665487,-0.2002121666736701,0.10150472821929636,1.657396478792254,36,Epa.D.,65
2STEP-VF,9,2,0.9120574875499637,-0.20074377194437595,0.04732923115327614,4.682515594794072,36,Epa.D.,65
2STEP-VF,9,0,0.9267475298590218,-0.18673404026569623,-0.9752597792904711,0.28551912808878566,36,Epa.D.,66
2STEP-VF,9,1,0.9202114355230654,-0.1996592894812044,0.03517815840304198,3.486522341537297,36,Epa.D.,66
2STEP-VF,9,2,0.9185051598788664,-0.20084102173434948,0.0356408167786405,5.88710239188026,36,Epa.D.,66
2STEP-VF,9,0,0.9200513097559269,-0.2327968620585292,-0.38626845316797487,0.6292033151418606,36,Epa.D.,67
2STEP-VF,9,1,0.9217088128045497,-0.21105472753600307,0.004575386636239273,2.4221567807940456,36,Epa.D.,67
2STEP-VF,9,2,0.9292908839626104,-0.21135459119153682,0.02750016176667505,4.538478092932491,36,Epa.D.,67
2STEP-VF,9,0,0.910396361218763,-0.17206999532935183,-0.1864522536956422,0.33921802506906606,36,Epa.D.,68
2STEP-VF,9,1,0.9126355619010245,-0.1990364881848963,0.032661888940819686,2.019563590656501,36,Epa.D.,68
2STEP-VF,9,2,0.9120957434565796,-0.19939942594805468,0.03448362534781386,3.807062556274833,36,Epa.D.,68
2STEP-VF,9,0,0.9100961399314657,-0.13617396174735547,0.14210861516736756,0.3915075517189536,36,Epa.D.,69
2STEP-VF,9,1,0.9102735660223423,-0.18337395469656567,0.059222176929532536,1.5887253792403977,36,Epa.D.,69
2STEP-VF,9,2,0.9094070042369066,-0.19481220552207207,0.03922040109054314,3.593725876255992,36,Epa.D.,69
2STEP-VF,9,0,0.9076991565229094,-0.14641290204333712,0.33586504092855063,0.3514666621010169,36,Epa.D.,70
2STEP-VF,9,1,0.9046173113893411,-0.18335226528918563,0.06571247310502812,1.6041095186411936,36,Epa.D.,70
2STEP-VF,9,2,0.9086864355559116,-0.19230269000280475,0.0409469611309383,4.837685936825062,36,Epa.D.,70
2STEP-VF,9,0,0.9153380175936665,-0.24109112286523487,-0.3478746316134765,0.333337123924457,36,Epa.D.,71
2STEP-VF,9,1,0.9191497359610108,-0.20166733269968826,0.029193359348317897,4.042182115254707,36,Epa.D.,71
2STEP-VF,9,2,0.9220911142550225,-0.19981487518494495,0.03040796386395209,5.22416298757052,36,Epa.D.,71
2STEP-VF,9,0,0.9118664119967916,-0.17453846955598565,0.9392940868123922,0.25323887028183073,36,Epa.D.,72
2STEP-VF,9,1,0.9121386694459868,-0.18501292460948865,0.0456927430889965,2.3377263761969913,36,Epa.D.,72
2STEP-VF,9,2,0.9064707548755266,-0.18966669129854313,0.04849137364815295,3.870690079743146,36,Epa.D.,72
2STEP-VF,9,0,0.9171165312419746,-0.15461489302439071,-0.611406329225673,0.24649391827714395,36,Epa.D.,73
2STEP-VF,9,1,0.919811511263547,-0.19435258509643313,0.023179578754308445,1.66086304729907,36,Epa.D.,73
2STEP-VF,9,2,0.9225386455760657,-0.19399736797118508,0.035980515461265225,6.0587797731073465,36,Epa.D.,73
2STEP-VF,9,0,0.9144015798092532,-0.2152462327216368,0.19591082115623615,0.27664069447645645,36,Epa.D.,74
2STEP-VF,9,1,0.9161316739412556,-0.19236454378750695,0.03440933320661727,2.456327626434001,36,Epa.D.,74
2STEP-VF,9,2,0.9190813117882493,-0.1917135209960658,0.03220380432059433,3.5721916806297616,36,Epa.D.,74
2STEP-VF,9,0,0.9159709607815159,-0.21222179832559493,1.6829764097818816,0.284282224942272,36,Epa.D.,75
2STEP-VF,9,1,0.9164655585269886,-0.20203322408276894,0.0888378383493707,1.6232945946099804,36,Epa.D.,75
2STEP-VF,9,2,0.9145662309515051,-0.19800080277372858,0.04371136189799999,5.302330010603263,36,Epa.D.,75
2STEP-VF,9,0,0.9107276202689154,-0.16661960311986115,0.8002888528533756,0.3287109678372955,36,Epa.D.,76
2STEP-VF,9,1,0.9084125344266462,-0.1956252071672737,0.06956787919632992,1.637065267582003,36,Epa.D.,76
2STEP-VF,9,2,0.9084460218592871,-0.19364781299032827,0.0404266729541351,6.725775012007686,36,Epa.D.,76
2STEP-VF,9,0,0.9133192246134553,-0.21717206444842227,0.1634889037856903,0.33896138015432586,36,Epa.D.,77
2STEP-VF,9,1,0.9185272371248374,-0.20163776221439017,0.03351335379234903,2.5692360313768674,36,Epa.D.,77
2STEP-VF,9,2,0.9193942844761617,-0.20184105327467453,0.03327753403904023,4.624770236729334,36,Epa.D.,77
2STEP-VF,9,0,0.9237588087201162,-0.22701832803292438,0.21783311586338114,0.41459972159228337,36,Epa.D.,78
2STEP-VF,9,1,0.9227929098592824,-0.19586590335530082,0.04293714387956543,2.2346672244830588,36,Epa.D.,78
2STEP-VF,9,2,0.9201829437671634,-0.1974459150895241,0.038741472198217,4.375221321989047,36,Epa.D.,78
2STEP-VF,9,0,0.9314685327461647,-0.15098196208654643,1.282156566159853,0.24246214861418347,36,Epa.D.,79
2STEP-VF,9,1,0.933288871223707,-0.19290763175273903,0.051727970746134014,1.9032716798366267,36,Epa.D.,79
2STEP-VF,9,2,0.9348110634668961,-0.19705669245090013,0.04157016840339522,4.288993267794278,36,Epa.D.,79
2STEP-VF,9,0,0.9256490150040506,-0.22632380134026744,-0.2829893718656142,0.2753268428953366,36,Epa.D.,80
2STEP-VF,9,1,0.9272702391428131,-0.20598008136124646,0.032920946136410015,1.635586138236481,36,Epa.D.,80
2STEP-VF,9,2,0.9245261401865806,-0.19953084411714367,0.040518906280767625,4.939487950595003,36,Epa.D.,80
2STEP-VF,9,0,0.912878378024057,-0.22146195854314302,-0.45301591298597854,0.2836730480129929,36,Epa.D.,81
2STEP-VF,9,1,0.9133678116575695,-0.20185383182468025,0.016252058114571716,1.5879461514527435,36,Epa.D.,81
2STEP-VF,9,2,0.9167586645403849,-0.19895555896058276,0.03126120853568069,4.977643132077931,36,Epa.D.,81
2STEP-VF,9,0,0.9276650917025497,-0.2247151831253845,0.05637774582111183,0.39318941161783616,36,Epa.D.,82
2STEP-VF,9,1,0.9270280586860498,-0.20118984496625636,0.0307241826396772,1.592949775988743,36,Epa.D.,82
2STEP-VF,9,2,0.9256287483888398,-0.1938747698897378,0.033155107831914506,5.352063580935363,36,Epa.D.,82
2STEP-VF,9,0,0.9211141843835351,-0.11466598847230729,0.7266066028146076,0.2526359182117247,36,Epa.D.,83
2STEP-VF,9,1,0.9210240211138081,-0.18218066858218457,0.048652284230975,1.643787438760907,36,Epa.D.,83
2STEP-VF,9,2,0.9249752162687495,-0.20203423238443807,0.047353389304482886,5.298917971045521,36,Epa.D.,83
2STEP-VF,9,0,0.9254991421561187,-0.2371835993741135,-0.4534390182222013,0.27887585589974906,36,Epa.D.,84
2STEP-VF,9,1,0.9249486087246597,-0.201940613002518,0.023489021170157824,1.7674337078043665,36,Epa.D.,84
2STEP-VF,9,2,0.9241986004305194,-0.2044449242535138,0.038602670524120294,4.298967356696388,36,Epa.D.,84
2STEP-VF,9,0,0.9197220568595406,-0.2582483969630765,0.20746223821176354,0.2615140730295107,36,Epa.D.,85
2STEP-VF,9,1,0.9183356412009678,-0.2119656762779297,0.04795609933201578,1.8601400915455908,36,Epa.D.,85
2STEP-VF,9,2,0.9289044635316771,-0.20923681691679058,0.031488609424840344,6.506647039880007,36,Epa.D.,85
2STEP-VF,9,0,0.9201515317024157,-0.22613460992326015,-0.28450188360318784,0.47002945754730896,36,Epa.D.,86
2STEP-VF,9,1,0.9245501215935032,-0.2017601214607847,0.014643495754297513,2.1310416114078787,36,Epa.D.,86
2STEP-VF,9,2,0.9285571966327922,-0.2001633790378349,0.022326819238820243,3.6150101861102053,36,Epa.D.,86
2STEP-VF,9,0,0.9112681958443325,-0.19981899653231008,-0.11802435377815515,0.2727957155183636,36,Epa.D.,87
2STEP-VF,9,1,0.9143780423828575,-0.19626317360497633,0.03478660133297579,1.7585308169793923,36,Epa.D.,87
2STEP-VF,9,2,0.9142657667114055,-0.19778655890903066,0.0395657789894634,6.428765325406676,36,Epa.D.,87
2STEP-VF,9,0,0.9091791405864693,-0.17170922410220815,-0.191497873287908,0.35068817294107163,36,Epa.D.,88
2STEP-VF,9,1,0.9117168791470307,-0.19831545128605324,0.02158769480789441,1.6940784732581433,36,Epa.D.,88
2STEP-VF,9,2,0.9041074215924538,-0.19794348324612385,0.04058572832486828,5.5449586093342,36,Epa.D.,88
2STEP-VF,9,0,0.9148203400508816,-0.22026394474455782,0.11802792825555437,0.2753769685782287,36,Epa.D.,89
2STEP-VF,9,1,0.9157035960823268,-0.2019867471925025,0.03503802505183994,1.9632587943701236,36,Epa.D.,89
2STEP-VF,9,2,0.9192931342153301,-0.2029505226692526,0.030276622874413628,4.981580040600469,36,Epa.D.,89
2STEP-VF,9,0,0.9086254965696914,-0.2168824228690893,0.6283714114432137,0.3634873226130864,36,Epa.D.,90
2STEP-VF,9,1,0.909375356665461,-0.2035880233706164,0.06085965701811385,1.725076789777288,36,Epa.D.,90
2STEP-VF,9,2,0.9080856892021065,-0.19720633309590943,0.04105033872741304,4.757413192967415,36,Epa.D.,90
2STEP-VF,9,0,0.9198835937818943,-0.173059053259279,-0.7192276624306504,0.3322792156255641,36,Epa.D.,91
2STEP-VF,9,1,0.917308486098786,-0.1961826944082307,0.027249156455138868,1.873776953478223,36,Epa.D.,91
2STEP-VF,9,2,0.9135650130965769,-0.19985256543249016,0.04019177928662872,4.050529128562311,36,Epa.D.,91
2STEP-VF,9,0,0.9217993051528436,-0.2318887255961988,0.24759278159559336,0.28861741801584745,36,Epa.D.,92
2STEP-VF,9,1,0.9192889513270373,-0.20071928784351128,0.04856833198669542,2.320208656171073,36,Epa.D.,92
2STEP-VF,9,2,0.9108675876793793,-0.19723740049482194,0.04130476393798064,7.8409173390286355,36,Epa.D.,92
2STEP-VF,9,0,0.9137158939299039,-0.14955792812936036,0.6735729636902076,0.29169139862426546,36,Epa.D.,93
2STEP-VF,9,1,0.9148835464908501,-0.18274056970891772,0.054558403824511256,1.5960570709199486,36,Epa.D.,93
2STEP-VF,9,2,0.9251154833278712,-0.18624694823935745,0.03664935377904733,4.398929030040084,36,Epa.D.,93
2STEP-VF,9,0,0.9213013497370276,-0.18218611052194347,0.652910386407712,0.3663540182050379,36,Epa.D.,94
2STEP-VF,9,1,0.9233422501259306,-0.19751450382985433,0.0749100446383252,1.6267416858624093,36,Epa.D.,94
2STEP-VF,9,2,0.9216049475575814,-0.19802788760181694,0.046691698016584474,5.045305674202186,36,Epa.D.,94
2STEP-VF,9,0,0.9188580392901807,-0.18460974488591403,-0.1786795794623956,0.24403234739893273,36,Epa.D.,95
2STEP-VF,9,1,0.9197872144286666,-0.20777961416359433,0.03952295048297253,2.4898045201938026,36,Epa.D.,95
2STEP-VF,9,2,0.918480551651887,-0.20302221778781948,0.039969809323456174,4.682524222381216,36,Epa.D.,95
2STEP-VF,9,0,0.9222622970081069,-0.22064757391106896,0.1322567813179807,0.27473595242831317,36,Epa.D.,96
2STEP-VF,9,1,0.918903880206212,-0.2001207151974986,0.04340076702885459,1.7972864014584466,36,Epa.D.,96
2STEP-VF,9,2,0.9149937984033205,-0.19908840425604105,0.04919232234426519,3.8930948167048762,36,Epa.D.,96
2STEP-VF,9,0,0.9170965179489137,-0.20226468266121533,1.2440211638883008,0.2811520266727332,36,Epa.D.,97
2STEP-VF,9,1,0.9119965008083316,-0.19576277844460507,0.07054186075116886,1.793909682564176,36,Epa.D.,97
2STEP-VF,9,2,0.9158794645864052,-0.1990883558086355,0.044143655352966715,6.339143493068726,36,Epa.D.,97
2STEP-VF,9,0,0.9148697048204413,-0.15635734169352,0.2560767951278019,0.3127607636571628,36,Epa.D.,98
2STEP-VF,9,1,0.9114473266585094,-0.19596394947680648,0.048877209279719475,1.9212263713291715,36,Epa.D.,98
2STEP-VF,9,2,0.905293973403671,-0.1897429384692474,0.04155822189529019,3.936420694101935,36,Epa.D.,98
2STEP-VF,9,0,0.9193549623827052,-0.18185727994639456,1.5033000299360595,0.2677877369085123,36,Epa.D.,99
2STEP-VF,9,1,0.919941129379183,-0.19823273973140138,0.06925480192950709,1.8092384653148632,36,Epa.D.,99
2STEP-VF,9,2,0.9115494354666426,-0.20509506560207144,0.05175788688037716,4.912042878337661,36,Epa.D.,99
2STEP-VF,9,0,2.318062842180854,-0.3630547106376867,-0.2571582949904069,0.341283485848357,40,Epa.D.,0
2STEP-VF,9,1,2.3212329951890434,-0.3973454095522341,0.032733653999984146,2.385354474931155,40,Epa.D.,0
2STEP-VF,9,2,2.324014871416025,-0.401080353043496,0.04680253419815495,3.7440128755476616,40,Epa.D.,0
2STEP-VF,9,0,2.292403550043789,-0.4105924316137219,3.192078062982442,0.2970049732491979,40,Epa.D.,1
2STEP-VF,9,1,2.2954851244862735,-0.41382524147038696,0.1168451379896573,2.048530255918815,40,Epa.D.,1
2STEP-VF,9,2,2.2991117829263032,-0.4113813202913737,0.07774706284924097,4.08226696473589,40,Epa.D.,1
2STEP-VF,9,0,2.306996864081421,-0.39604314858511697,0.609005183907623,0.453006385133995,40,Epa.D.,2
2STEP-VF,9,1,2.30347310312569,-0.39719705687526813,0.0890965948369369,1.9964412581976039,40,Epa.D.,2
2STEP-VF,9,2,2.3023118653097354,-0.3915142642310524,0.0598756176149566,6.26931310803119,40,Epa.D.,2
2STEP-VF,9,0,2.300562227384616,-0.3693922255258722,0.42694105736733656,0.48419576965179273,40,Epa.D.,3
2STEP-VF,9,1,2.308003418594236,-0.40429397204731454,0.06390081922180106,2.671823386624819,40,Epa.D.,3
2STEP-VF,9,2,2.310680593194457,-0.40889172702520454,0.05510479878621554,4.029900435558619,40,Epa.D.,3
2STEP-VF,9,0,2.321468169352137,-0.5249073743407877,1.160315009118345,0.3529949496675878,40,Epa.D.,4
2STEP-VF,9,1,2.3163667120160567,-0.4256737114067562,0.07684517636418836,2.2496006575188967,40,Epa.D.,4
2STEP-VF,9,2,2.3210242216043504,-0.40764391413551604,0.055081929482484276,6.662071292813277,40,Epa.D.,4
2STEP-VF,9,0,2.3172641883125107,-0.373957499774499,0.87524440435703,0.3629375091337253,40,Epa.D.,5
2STEP-VF,9,1,2.320422519136812,-0.39159070450584016,0.0693408021257463,2.2934014450394375,40,Epa.D.,5
2STEP-VF,9,2,2.317388192563608,-0.3989923479780103,0.062284079098349356,4.575447133060856,40,Epa.D.,5
2STEP-VF,9,0,2.325565944311626,-0.30462422799838973,0.5949886155848677,0.3170227683085577,40,Epa.D.,6
2STEP-VF,9,1,2.3201071974829457,-0.38675142072809526,0.08112957863841012,1.870481969504668,40,Epa.D.,6
2STEP-VF,9,2,2.3143459904275936,-0.4014570458202198,0.0747922807596545,3.9446817432084855,40,Epa.D.,6
2STEP-VF,9,0,2.318559153835715,-0.3109670984856545,0.5387985479203209,0.3160592241003796,40,Epa.D.,7
2STEP-VF,9,1,2.314206864547455,-0.3856075230803519,0.0903272664643091,1.8342804369975694,40,Epa.D.,7
2STEP-VF,9,2,2.306005148777689,-0.3980644364409878,0.07891475995413551,4.4101575449952515,40,Epa.D.,7
2STEP-VF,9,0,2.319859965592042,-0.26689572789931687,0.3368539951214843,0.322873462866203,40,Epa.D.,8
2STEP-VF,9,1,2.321838055011796,-0.3936709237029579,0.05399270805000295,1.9846739119015935,40,Epa.D.,8
2STEP-VF,9,2,2.3268572011657307,-0.4019147397857544,0.05906865265643097,4.959586160604101,40,Epa.D.,8
2STEP-VF,9,0,2.313672364191606,-0.36913123945191645,-0.549078289696938,0.32058905572053953,40,Epa.D.,9
2STEP-VF,9,1,2.3158584112697014,-0.3981319436041695,0.05646035045020172,2.1341683445342867,40,Epa.D.,9
2STEP-VF,9,2,2.305408410216204,-0.40078292675829386,0.060503459709956825,5.825950550352157,40,Epa.D.,9
2STEP-VF,9,0,2.315952656055552,-0.2599288874554593,4.337410034137955,0.33199343499587897,40,Epa.D.,10
2STEP-VF,9,1,2.31545446040558,-0.39136421979420016,0.18434336101616697,2.0472934152606648,40,Epa.D.,10
2STEP-VF,9,2,2.3185620716239588,-0.3973429976345518,0.07417330638061093,5.703039285106004,40,Epa.D.,10
2STEP-VF,9,0,2.302624662449878,-0.4046776619610412,2.8280124386535723,0.2664039270522876,40,Epa.D.,11
2STEP-VF,9,1,2.3077552523854763,-0.39693536392824713,0.09885988187709308,2.2131812155965442,40,Epa.D.,11
2STEP-VF,9,2,2.3043621066084796,-0.4039149498350261,0.08253155176966442,3.7698295443504755,40,Epa.D.,11
2STEP-VF,9,0,2.307945417501721,-0.3642477217820512,-1.060644796415731,0.35976842349393323,40,Epa.D.,12
2STEP-VF,9,1,2.304358505918643,-0.39527102643134443,0.02723089115479673,2.26898920850884,40,Epa.D.,12
2STEP-VF,9,2,2.308928247684724,-0.40008800837880926,0.04773876940285019,3.8861409466739913,40,Epa.D.,12
2STEP-VF,9,0,2.31628586547435,-0.4716930617209674,-0.22892524711923973,0.31498815706309896,40,Epa.D.,13
2STEP-VF,9,1,2.3118890433864765,-0.4212657697441034,0.063591075291387,2.387788868369945,40,Epa.D.,13
2STEP-VF,9,2,2.309058487077485,-0.40975704051956796,0.06165613091707777,4.190774761422872,40,Epa.D.,13
2STEP-VF,9,0,2.3166608015741286,-0.38455993738449723,1.140080757232758,0.3485902524542054,40,Epa.D.,14
2STEP-VF,9,1,2.3167222528431086,-0.4013505044872556,0.09510480641707325,1.848770725504772,40,Epa.D.,14
2STEP-VF,9,2,2.3151777478837703,-0.4008879780609049,0.06719964236256827,4.085656449614966,40,Epa.D.,14
2STEP-VF,9,0,2.3218396638294325,-0.3907838959391051,-0.37104381866562647,0.5054461945689954,40,Epa.D.,15
2STEP-VF,9,1,2.3217204349839236,-0.3953379440876559,0.028294725204220054,2.1457866508602885,40,Epa.D.,15
2STEP-VF,9,2,2.326722807989823,-0.40398344448234935,0.04948364890420665,4.517475705078179,40,Epa.D.,15
2STEP-VF,9,0,2.2980854601343155,-0.33280587633504954,0.3842262227839726,0.2831450016309092,40,Epa.D.,16
2STEP-VF,9,1,2.3018959172610747,-0.395307079408678,0.06763161901510649,2.1256305045765904,40,Epa.D.,16
2STEP-VF,9,2,2.295689355684168,-0.39915713807159015,0.06872054729763814,5.9134541209957145,40,Epa.D.,16
2STEP-VF,9,0,2.3051031132993427,-0.35540925491734854,2.032179951141479,0.30327891903223986,40,Epa.D.,17
2STEP-VF,9,1,2.303374740315987,-0.39635794035440064,0.10717752964435649,2.122576108170034,40,Epa.D.,17
2STEP-VF,9,2,2.3032307586868512,-0.4028537400080284,0.07496205874002353,4.078354441118711,40,Epa.D.,17
2STEP-VF,9,0,2.322473345382542,-0.4551439495411169,2.1208811825088727,0.27891224055123176,40,Epa.D.,18
2STEP-VF,9,1,2.3185460108304947,-0.41218741227202615,0.08622178338112542,2.431354153678806,40,Epa.D.,18
2STEP-VF,9,2,2.3234500832053064,-0.417901506590978,0.06752387182422569,3.903188945212181,40,Epa.D.,18
2STEP-VF,9,0,2.299264753275241,-0.3569705370607317,2.048856057996743,0.3162386535637159,40,Epa.D.,19
2STEP-VF,9,1,2.3074007212034653,-0.403385044133334,0.10870378182730771,1.8828082677855447,40,Epa.D.,19
2STEP-VF,9,2,2.3043424464017903,-0.4071905335070121,0.07583525145206971,4.459637198498312,40,Epa.D.,19
2STEP-VF,9,0,2.295802671636123,-0.426126304331536,1.07902499742484,0.37051097411846645,40,Epa.D.,20
2STEP-VF,9,1,2.2954717422342106,-0.408371429378357,0.07093219080703,3.445830336388037,40,Epa.D.,20
2STEP-VF,9,2,2.294529270143911,-0.410867834184802,0.07149189355283442,4.533486618527153,40,Epa.D.,20
2STEP-VF,9,0,2.2988790077326082,-0.33815264897421315,-0.44059116876521454,0.3224479480268534,40,Epa.D.,21
2STEP-VF,9,1,2.301516170968369,-0.3893725899053728,0.03858527524115026,1.6941909166681692,40,Epa.D.,21
2STEP-VF,9,2,2.31303040981873,-0.393526549401982,0.04751053095048931,5.089814413695497,40,Epa.D.,21
2STEP-VF,9,0,2.316933957769383,-0.3072876355441732,0.8900407138876536,0.43981534484949986,40,Epa.D.,22
2STEP-VF,9,1,2.31734206607808,-0.38659092027693276,0.10533832187842128,1.881890944520595,40,Epa.D.,22
2STEP-VF,9,2,2.319024046178243,-0.38685286262722746,0.06551776933613333,3.767538182139409,40,Epa.D.,22
2STEP-VF,9,0,2.30867666431812,-0.3006806471149463,0.2046341641975038,0.413257275133858,40,Epa.D.,23
2STEP-VF,9,1,2.3096135349866977,-0.3943004580647482,0.06559458560377766,2.0918146010284993,40,Epa.D.,23
2STEP-VF,9,2,2.312794805610658,-0.40885906504648806,0.061859370880171335,5.56728762185664,40,Epa.D.,23
2STEP-VF,9,0,2.3062572472178426,-0.3620434676642363,-1.9892326699614562,0.32125999541597083,40,Epa.D.,24
2STEP-VF,9,1,2.302127482950289,-0.4110338634414834,0.027382137333178562,2.109587062135898,40,Epa.D.,24
2STEP-VF,9,2,2.2979151167126393,-0.40798567985401635,0.05021020670275877,3.5762693987888827,40,Epa.D.,24
2STEP-VF,9,0,2.314049608559587,-0.4673379395796338,-1.1041879896889286,0.34288229948016863,40,Epa.D.,25
2STEP-VF,9,1,2.3156995715732918,-0.4131737425542625,0.03463752050388786,2.3180611565663334,40,Epa.D.,25
2STEP-VF,9,2,2.3068640502201427,-0.401903807152417,0.05814074713575168,5.686599915727789,40,Epa.D.,25
2STEP-VF,9,0,2.2958977082663425,-0.42449583999278623,2.091586187452128,0.31126300050641725,40,Epa.D.,26
2STEP-VF,9,1,2.289534618925204,-0.4086144997752962,0.09003343307368787,4.009052554500705,40,Epa.D.,26
2STEP-VF,9,2,2.2875743998601985,-0.40932971290957537,0.08608762983869131,4.805320031477707,40,Epa.D.,26
2STEP-VF,9,0,2.3146234536453587,-0.40515428013333354,-1.0816998925993808,0.3246942370087203,40,Epa.D.,27
2STEP-VF,9,1,2.3090828215935777,-0.41135018368463716,0.042077587409172036,2.3379558540372525,40,Epa.D.,27
2STEP-VF,9,2,2.3116331416931244,-0.41248856105958626,0.05064342305431538,3.0605325574138433,40,Epa.D.,27
2STEP-VF,9,0,2.3054695577422457,-0.36227436387216744,1.680966134498107,0.3742250636888797,40,Epa.D.,28
2STEP-VF,9,1,2.3039228850078333,-0.3944899331820149,0.12020730868260453,2.03929006477442,40,Epa.D.,28
2STEP-VF,9,2,2.3029283765486883,-0.3962084803632511,0.0850106616735961,3.6570033061433205,40,Epa.D.,28
2STEP-VF,9,0,2.332589426944601,-0.3895947566621741,0.9363410331546888,0.40542330491904216,40,Epa.D.,29
2STEP-VF,9,1,2.3264037056661615,-0.4059572371447884,0.07983801207516708,3.1357085456938716,40,Epa.D.,29
2STEP-VF,9,2,2.3272874910234904,-0.407554620727971,0.07136897038778829,4.629019842101992,40,Epa.D.,29
2STEP-VF,9,0,2.3087847131001866,-0.4300136914559516,-0.7135769512517318,0.4457118807282114,40,Epa.D.,30
2STEP-VF,9,1,2.308171586572799,-0.4142536779029473,0.0321028327424255,2.420947490617702,40,Epa.D.,30
2STEP-VF,9,2,2.311518244836137,-0.4229228355378995,0.05676204203151208,5.068864364744788,40,Epa.D.,30
2STEP-VF,9,0,2.331413699786858,-0.385699429385218,-0.8287998035947068,0.32601790620845,40,Epa.D.,31
2STEP-VF,9,1,2.3257568080847446,-0.4058699203508287,0.04600811911502883,2.2313572997074385,40,Epa.D.,31
2STEP-VF,9,2,2.3323695161513798,-0.4057226731709624,0.04724175357121011,4.104515618596043,40,Epa.D.,31
2STEP-VF,9,0,2.3376709660215074,-0.42757265731927757,-2.291481443430556,0.3598439377119537,40,Epa.D.,32
2STEP-VF,9,1,2.33627638343158,-0.42309554192993354,-0.017627285299528762,1.8836831523647901,40,Epa.D.,32
2STEP-VF,9,2,2.325260944068596,-0.41187527175344213,0.051760613072395295,4.769252078772186,40,Epa.D.,32
2STEP-VF,9,0,2.3001523419393433,-0.3877982003784565,1.519250491646243,0.3521066029128822,40,Epa.D.,33
2STEP-VF,9,1,2.3014704982454974,-0.3920586603734806,0.08819284631887259,2.4062542758305163,40,Epa.D.,33
2STEP-VF,9,2,2.2965356626449744,-0.4009358802922104,0.06186527813470164,10.269813722405072,40,Epa.D.,33
2STEP-VF,9,0,2.3130059678615353,-0.45397518522216096,-0.8446763992787961,0.4036955972318887,40,Epa.D.,34
2STEP-VF,9,1,2.317095771170243,-0.42730450436652884,0.005418614711091911,1.658468168031927,40,Epa.D.,34
2STEP-VF,9,2,2.325914998261351,-0.41819537036293114,0.04390660596302935,3.9040871433444133,40,Epa.D.,34
2STEP-VF,9,0,2.322573984296707,-0.32812877350826725,-0.09557549567925182,0.5365578899603302,40,Epa.D.,35
2STEP-VF,9,1,2.320044329058105,-0.39281999770710285,0.05179035844744725,2.4295987750751826,40,Epa.D.,35
2STEP-VF,9,2,2.3275264777726083,-0.3960080423446549,0.046300403586818646,3.6331873107446677,40,Epa.D.,35
2STEP-VF,9,0,2.3152458088549253,-0.4785759890597101,-1.6173911253359057,0.369090355355285,40,Epa.D.,36
2STEP-VF,9,1,2.3169837351371445,-0.4129036200536739,0.04144569632533271,4.020682966779071,40,Epa.D.,36
2STEP-VF,9,2,2.3152406537879515,-0.41959853604392094,0.036653929097168476,3.213067951997126,40,Epa.D.,36
2STEP-VF,9,0,2.3135912338366693,-0.3951853058657985,0.6601124210591556,0.3424747071146675,40,Epa.D.,37
2STEP-VF,9,1,2.315872297103886,-0.39823352060107947,0.07005681750250055,2.318574276085897,40,Epa.D.,37
2STEP-VF,9,2,2.3181374530476013,-0.40423023927121726,0.061167512958371015,6.357229642123824,40,Epa.D.,37
2STEP-VF,9,0,2.318513901818719,-0.4148025697269354,-0.32506904653596214,0.3476229280333477,40,Epa.D.,38
2STEP-VF,9,1,2.3158264448004093,-0.40536830307958904,0.04998283598120992,1.9899784984587836,40,Epa.D.,38
2STEP-VF,9,2,2.321798061712766,-0.402024929543172,0.05198691098368377,3.556431700137908,40,Epa.D.,38
2STEP-VF,9,0,2.3076030181302616,-0.49529947753336034,0.8993482965629231,0.3455187244738984,40,Epa.D.,39
2STEP-VF,9,1,2.31109489358327,-0.420271284875712,0.07073132551611813,2.8269746607111825,40,Epa.D.,39
2STEP-VF,9,2,2.3101517962067795,-0.41057794087716565,0.05830783157392331,4.080514225631714,40,Epa.D.,39
2STEP-VF,9,0,2.314836501591706,-0.22787268524332846,-1.0974289071207763,0.3001139460435135,40,Epa.D.,40
2STEP-VF,9,1,2.3177998914870503,-0.38239781251178157,0.02246599628210729,1.921496008626041,40,Epa.D.,40
2STEP-VF,9,2,2.328890518950151,-0.3889676665889286,0.03512861246115037,4.044365769655127,40,Epa.D.,40
2STEP-VF,9,0,2.332367730448389,-0.4819225482667239,-1.3438892519192724,0.2783115613881807,40,Epa.D.,41
2STEP-VF,9,1,2.3262254303721477,-0.4175038299890115,0.054902206468749666,2.361674749574275,40,Epa.D.,41
2STEP-VF,9,2,2.324247378638606,-0.41402352034732337,0.06016240582581924,5.7853945608877515,40,Epa.D.,41
2STEP-VF,9,0,2.316631689836769,-0.4793604350170827,0.15866767605526289,0.3615286015913229,40,Epa.D.,42
2STEP-VF,9,1,2.316440458538408,-0.4089366325234364,0.068697372718968,1.9962993708618924,40,Epa.D.,42
2STEP-VF,9,2,2.308845160437678,-0.3984054878325259,0.07107271784974802,6.125887256498889,40,Epa.D.,42
2STEP-VF,9,0,2.312936030462269,-0.42487361390455247,0.8885169336614936,0.4361311675617107,40,Epa.D.,43
2STEP-VF,9,1,2.3183338115320367,-0.41226226623081585,0.09149694545497553,2.0100594724016063,40,Epa.D.,43
2STEP-VF,9,2,2.331749476659454,-0.4071747308330272,0.05181046374301921,3.91131871660422,40,Epa.D.,43
2STEP-VF,9,0,2.313283639951662,-0.4387598590569477,1.2716174864567775,0.3826157995131175,40,Epa.D.,44
2STEP-VF,9,1,2.3096743456390594,-0.40267402070661934,0.09747064881428472,2.63254038916151,40,Epa.D.,44
2STEP-VF,9,2,2.303932040352148,-0.40890616798751833,0.07933493643719526,4.008794002195476,40,Epa.D.,44
2STEP-VF,9,0,2.321282802573556,-0.45954981534770795,-1.4972696757526827,0.3343323277829725,40,Epa.D.,45
2STEP-VF,9,1,2.323440458259109,-0.4234934272734561,0.015996344491280033,2.312499531353446,40,Epa.D.,45
2STEP-VF,9,2,2.3282510021947824,-0.41247506677747126,0.052762317878170616,5.230560160163168,40,Epa.D.,45
2STEP-VF,9,0,2.303459288893779,-0.44245111652466973,1.765838399469748,0.3085948779634249,40,Epa.D.,46
2STEP-VF,9,1,2.2981742713789584,-0.4048732923940142,0.09513208853196978,1.9350669104666087,40,Epa.D.,46
2STEP-VF,9,2,2.2976934819969137,-0.40010839910361096,0.07221800821960624,3.791658078221715,40,Epa.D.,46
2STEP-VF,9,0,2.3191265257446463,-0.48698189898499866,-0.00471005272583231,0.29591487154088303,40,Epa.D.,47
2STEP-VF,9,1,2.321184903449992,-0.41858609817815295,0.05039562635550661,2.5216510754445522,40,Epa.D.,47
2STEP-VF,9,2,2.3223778154211314,-0.413922035349069,0.0552640411856444,3.633212611825424,40,Epa.D.,47
2STEP-VF,9,0,2.3207395521851613,-0.4278825493510764,0.44456066453089205,0.3033620153634945,40,Epa.D.,48
2STEP-VF,9,1,2.31782490994331,-0.3916224233047612,0.05852825009778401,6.751973309801343,40,Epa.D.,48
2STEP-VF,9,2,2.315887327993536,-0.3924401224967932,0.062160992335443255,4.760911446257729,40,Epa.D.,48
2STEP-VF,9,0,2.3151451716825604,-0.36845386638383537,-1.1994317150110276,0.344886586064164,40,Epa.D.,49
2STEP-VF,9,1,2.3088505005951228,-0.397487855395647,0.045807670770673325,2.1661997180478196,40,Epa.D.,49
2STEP-VF,9,2,2.3085800232889726,-0.39713239602805467,0.050863261364378055,3.186806337511376,40,Epa.D.,49
2STEP-VF,9,0,2.296636450173989,-0.4321999369419166,-0.5466537687287322,0.28448744393643344,40,Epa.D.,50
2STEP-VF,9,1,2.3033457525216323,-0.4026850368893967,0.0414864341889687,1.9613222867334672,40,Epa.D.,50
2STEP-VF,9,2,2.296016507334373,-0.39545032040822037,0.061027874627207976,4.8964465813867,40,Epa.D.,50
2STEP-VF,9,0,2.308327535415272,-0.4729354666007692,-0.8275321062322125,0.3583221403541672,40,Epa.D.,51
2STEP-VF,9,1,2.3100325650610496,-0.4236603096118843,0.027711235126925055,2.22216067317073,40,Epa.D.,51
2STEP-VF,9,2,2.3057930244608587,-0.4042990505229422,0.0619540344777846,5.968884003226703,40,Epa.D.,51
2STEP-VF,9,0,2.3368375689493486,-0.4959102933862923,-0.5173934675337503,0.26726073149905044,40,Epa.D.,52
2STEP-VF,9,1,2.334177360808265,-0.4153140089168702,0.0545855120295448,2.100103364749802,40,Epa.D.,52
2STEP-VF,9,2,2.3239597474220046,-0.40207195150999603,0.07328725477038324,3.7394514156686283,40,Epa.D.,52
2STEP-VF,9,0,2.3102386305013383,-0.4651309974171656,-1.9133282463206231,0.2592541315220397,40,Epa.D.,53
2STEP-VF,9,1,2.309071750653269,-0.4098081477703462,0.02517082596540585,1.998514247935818,40,Epa.D.,53
2STEP-VF,9,2,2.3035770295903535,-0.40956529756324606,0.05637762853799397,3.7927980536008143,40,Epa.D.,53
2STEP-VF,9,0,2.3242094703780363,-0.3346093366475239,2.492225545792107,0.30283050663588207,40,Epa.D.,54
2STEP-VF,9,1,2.3227204942352158,-0.38144657058859316,0.11752909960026911,1.9005842052724535,40,Epa.D.,54
2STEP-VF,9,2,2.323543490498888,-0.3887518436576006,0.06614484167570171,4.203454182086192,40,Epa.D.,54
2STEP-VF,9,0,2.3133231093109172,-0.5336750575928123,0.8164281385096422,0.28964094710387656,40,Epa.D.,55
2STEP-VF,9,1,2.3221546327926066,-0.418050292460149,0.05755307663138353,3.2313848305949793,40,Epa.D.,55
2STEP-VF,9,2,2.3223554846498082,-0.41598762968450925,0.05536106581633469,3.747497727685571,40,Epa.D.,55
2STEP-VF,9,0,2.3036493812278502,-0.4273310296382245,0.4017081686979204,0.3069126598332735,40,Epa.D.,56
2STEP-VF,9,1,2.3026512918638984,-0.4068735688699787,0.06806065221023205,2.190642917086567,40,Epa.D.,56
2STEP-VF,9,2,2.2935161815056175,-0.39954576241119494,0.06632720698338442,6.494524303799091,40,Epa.D.,56
2STEP-VF,9,0,2.3051863906426124,-0.36519181096754966,1.3487452921721874,0.3054029199618779,40,Epa.D.,57
2STEP-VF,9,1,2.3081742803355203,-0.40296405172502403,0.09221817233650914,1.9242188422437796,40,Epa.D.,57
2STEP-VF,9,2,2.308808222593013,-0.4056994752048676,0.059906493726559464,6.575835168300343,40,Epa.D.,57
2STEP-VF,9,0,2.319923472017742,-0.42634780631278885,-1.291097013647107,0.3591598975866879,40,Epa.D.,58
2STEP-VF,9,1,2.3151933445638027,-0.4078621624029822,0.039303597087727446,2.6389118974076644,40,Epa.D.,58
2STEP-VF,9,2,2.320388323171663,-0.4099890515154103,0.04282972566534596,4.41914696870531,40,Epa.D.,58
2STEP-VF,9,0,2.3271289434829865,-0.3483030217163492,0.16333170535865826,0.35833597791211885,40,Epa.D.,59
2STEP-VF,9,1,2.3258666955508356,-0.4022649565369523,0.05476111921477479,2.505433507724511,40,Epa.D.,59
2STEP-VF,9,2,2.32334234699483,-0.4087606023276184,0.055666744239254135,5.023911539326822,40,Epa.D.,59
2STEP-VF,9,0,2.3150143474879528,-0.4952291307493863,-0.5028931887359813,0.31067196247017154,40,Epa.D.,60
2STEP-VF,9,1,2.312290773627279,-0.4153721235432279,0.05138845252834449,2.0129230031742695,40,Epa.D.,60
2STEP-VF,9,2,2.3017073776191075,-0.4016826297010607,0.060453914201588216,5.313051676256122,40,Epa.D.,60
2STEP-VF,9,0,2.3141099617467105,-0.44118213811501383,1.0138877146308014,0.3652193147460793,40,Epa.D.,61
2STEP-VF,9,1,2.3149164491672165,-0.4085295521885795,0.0924603957273399,2.1120084478341496,40,Epa.D.,61
2STEP-VF,9,2,2.3204829043822994,-0.4028074851899254,0.0704084859296086,3.920309226679387,40,Epa.D.,61
2STEP-VF,9,0,2.312809696359819,-0.34885774951252047,1.3988599262046815,0.39267394585396714,40,Epa.D.,62
2STEP-VF,9,1,2.309329065561051,-0.40252453563486884,0.0951409739850617,2.3338898553581626,40,Epa.D.,62
2STEP-VF,9,2,2.307347930685515,-0.4119766262806545,0.06429176489593066,3.994997495671211,40,Epa.D.,62
2STEP-VF,9,0,2.3078673661866462,-0.3194131350098175,-1.2256217902027862,0.3305345419955279,40,Epa.D.,63
2STEP-VF,9,1,2.3042849572155184,-0.39160758215735464,0.042194808279303074,2.3746282709033495,40,Epa.D.,63
2STEP-VF,9,2,2.300311395831596,-0.3998453253096902,0.05316233345875703,3.392863034570211,40,Epa.D.,63
2STEP-VF,9,0,2.3161717029083544,-0.3565249777569419,1.460549975645565,0.31677787235776483,40,Epa.D.,64
2STEP-VF,9,1,2.3208040250065776,-0.3882839920598229,0.0751442564940039,2.5837196214668894,40,Epa.D.,64
2STEP-VF,9,2,2.327018995652796,-0.3940161355838716,0.06191262337243509,4.028334268439198,40,Epa.D.,64
2STEP-VF,9,0,2.300540598320244,-0.3720455450737458,0.4262173090922678,0.4749313262712975,40,Epa.D.,65
2STEP-VF,9,1,2.296552674206016,-0.39157923515085963,0.09755890893001837,2.002359989845101,40,Epa.D.,65
2STEP-VF,9,2,2.302679746022792,-0.40136296032121105,0.05939281880092249,4.616569724183693,40,Epa.D.,65
2STEP-VF,9,0,2.3049379518675117,-0.3985343390040525,0.9222707756052052,0.37649970947588823,40,Epa.D.,66
2STEP-VF,9,1,2.304030785358257,-0.40093383237217023,0.09889274194566328,1.9221317443717112,40,Epa.D.,66
2STEP-VF,9,2,2.305528433956512,-0.4066477146378202,0.06592586339970186,5.166217414875772,40,Epa.D.,66
2STEP-VF,9,0,2.3043881505622066,-0.5028115141593631,1.5039319338752144,0.2829563824749115,40,Epa.D.,67
2STEP-VF,9,1,2.3095391829317387,-0.41365148297956833,0.08609946715831623,2.13788916456115,40,Epa.D.,67
2STEP-VF,9,2,2.308213856234,-0.4040405919710707,0.06980514399011606,4.176129351857458,40,Epa.D.,67
2STEP-VF,9,0,2.306625907783488,-0.45141177506999275,-1.1993702683808214,0.3557488205648949,40,Epa.D.,68
2STEP-VF,9,1,2.310788386592513,-0.41609752428368396,0.024172951731858783,2.1574606295388605,40,Epa.D.,68
2STEP-VF,9,2,2.3150492395103495,-0.4153259269849668,0.04674038920965626,3.7504978769274735,40,Epa.D.,68
2STEP-VF,9,0,2.305627321884905,-0.26568068562131536,0.7237462956267711,0.346071485516948,40,Epa.D.,69
2STEP-VF,9,1,2.3010550542833306,-0.3705757807721688,0.11167424528759622,1.6000261141509293,40,Epa.D.,69
2STEP-VF,9,2,2.2997837555807776,-0.38684348401531904,0.07053562966098023,4.6191473511528915,40,Epa.D.,69
2STEP-VF,9,0,2.310304897458178,-0.4542537665096678,2.082619843316789,0.37976092008657497,40,Epa.D.,70
2STEP-VF,9,1,2.3152461577919774,-0.40909658097786367,0.0993393244464719,2.4409450971273285,40,Epa.D.,70
2STEP-VF,9,2,2.3137886574732813,-0.4095358311663872,0.07886076495653971,3.4814846338948024,40,Epa.D.,70
2STEP-VF,9,0,2.303579068866024,-0.4360314749897053,0.07176703586349392,0.3562195258065492,40,Epa.D.,71
2STEP-VF,9,1,2.301852063661248,-0.41335341677348664,0.07125200156761659,1.7895906280653808,40,Epa.D.,71
2STEP-VF,9,2,2.2748503206133988,-0.38988379656990724,0.07024183972104107,9.214321040769892,40,Epa.D.,71
2STEP-VF,9,0,2.314562552626551,-0.348376565653948,-0.3565860285996391,0.3342142043960119,40,Epa.D.,72
2STEP-VF,9,1,2.3102173441962432,-0.39924236744118047,0.05228557050904556,2.5501852791095434,40,Epa.D.,72
2STEP-VF,9,2,2.3131620119288647,-0.4035501269242957,0.05362098817143832,3.310787534410064,40,Epa.D.,72
2STEP-VF,9,0,2.3165748819473433,-0.36928740405755056,0.4946203276496255,0.33567014291702657,40,Epa.D.,73
2STEP-VF,9,1,2.3196559928510587,-0.3906077339538436,0.06027079387971946,3.716369554596612,40,Epa.D.,73
2STEP-VF,9,2,2.324386709177688,-0.39511799539979875,0.05525566627933315,5.337682611428601,40,Epa.D.,73
2STEP-VF,9,0,2.3092246769886557,-0.3517821392588732,0.6688796007842971,0.35030142287579935,40,Epa.D.,74
2STEP-VF,9,1,2.3107114309739276,-0.3896510181828151,0.07271458578691163,2.2110822697725876,40,Epa.D.,74
2STEP-VF,9,2,2.3066128631483345,-0.40046915511389647,0.06320535406568295,5.891664488183716,40,Epa.D.,74
2STEP-VF,9,0,2.296708772199218,-0.399031647667746,0.6685006181030189,0.5165474684782522,40,Epa.D.,75
2STEP-VF,9,1,2.2979152389928466,-0.41583236033515775,0.07682109358756244,2.893355550656069,40,Epa.D.,75
2STEP-VF,9,2,2.3043842733039783,-0.41826570983782035,0.06087502206529194,4.8087043926307755,40,Epa.D.,75
2STEP-VF,9,0,2.3111329305777724,-0.340604375589588,3.2032931792206525,0.3214609931566703,40,Epa.D.,76
2STEP-VF,9,1,2.314839572990473,-0.4073200690302148,0.09151690009771683,2.971864633610863,40,Epa.D.,76
2STEP-VF,9,2,2.312964118519699,-0.4108582928185744,0.06718121634072462,5.2035408873782725,40,Epa.D.,76
2STEP-VF,9,0,2.312157116307872,-0.3861523935322851,-0.6051976285145741,0.34809110091945866,40,Epa.D.,77
2STEP-VF,9,1,2.3110571829680464,-0.40289216127566146,0.04196758630184538,1.8925973734321166,40,Epa.D.,77
2STEP-VF,9,2,2.310851247987542,-0.39881196391031776,0.05118525441994283,3.3281950742489026,40,Epa.D.,77
2STEP-VF,9,0,2.3097835435605516,-0.48850294122060434,-1.2436381781348358,0.29683143006689233,40,Epa.D.,78
2STEP-VF,9,1,2.315945383899759,-0.4197909075739434,0.0337152944123211,1.9299949744875788,40,Epa.D.,78
2STEP-VF,9,2,2.305011397201316,-0.40821217645433505,0.06354807045362944,5.633905839339552,40,Epa.D.,78
2STEP-VF,9,0,2.316698996537425,-0.32406650232069645,-1.4313191664645293,0.2850386400730333,40,Epa.D.,79
2STEP-VF,9,1,2.324229451853442,-0.3854549881152483,0.028255910057750765,2.2081859042659886,40,Epa.D.,79
2STEP-VF,9,2,2.3229661219340207,-0.38921739119928866,0.04847576005770834,3.4729383508265084,40,Epa.D.,79
2STEP-VF,9,0,2.3168658576118317,-0.2910754890073254,-1.9590621910510306,0.31943461771405174,40,Epa.D.,80
2STEP-VF,9,1,2.3289524359307294,-0.38804021461576027,-0.008538332309518329,2.2278798353623444,40,Epa.D.,80
2STEP-VF,9,2,2.338825240149284,-0.40188205890305145,0.043832162762185246,4.476287804416302,40,Epa.D.,80
2STEP-VF,9,0,2.3285727699267094,-0.43961565850373485,-0.9593810703828486,0.3807261993361084,40,Epa.D.,81
2STEP-VF,9,1,2.326071793444666,-0.4177467511342875,0.040749178782812194,2.2593048499433066,40,Epa.D.,81
2STEP-VF,9,2,2.3228661220239717,-0.409141071875252,0.05116048310591165,5.654013541809135,40,Epa.D.,81
2STEP-VF,9,0,2.317901859300853,-0.45830552745004327,0.005264877180732396,0.31291002711450366,40,Epa.D.,82
2STEP-VF,9,1,2.316234998398084,-0.41606865806634946,0.0445912286514471,2.004324652394008,40,Epa.D.,82
2STEP-VF,9,2,2.3179251297752828,-0.4128213128626086,0.05758671265409479,5.169323056086662,40,Epa.D.,82
2STEP-VF,9,0,2.2969204018881393,-0.4514434859681503,1.0775893529989933,0.2516559759775305,40,Epa.D.,83
2STEP-VF,9,1,2.3011274757230966,-0.40889359460893215,0.07672500833090977,2.2173183953099045,40,Epa.D.,83
2STEP-VF,9,2,2.2950618119011326,-0.40473456685012754,0.07370088524974999,5.087805638870604,40,Epa.D.,83
2STEP-VF,9,0,2.330397243971699,-0.4846888428939609,-0.8797387278341811,0.3371037200807033,40,Epa.D.,84
2STEP-VF,9,1,2.3395555167123794,-0.4175236755132282,0.058043121076047144,8.540505780623844,40,Epa.D.,84
2STEP-VF,9,2,2.339831445931448,-0.41818723158900806,0.0545870593719745,6.431500462041543,40,Epa.D.,84
2STEP-VF,9,0,2.320718536879154,-0.41132217870351917,-0.23625585210387484,0.42123122326179613,40,Epa.D.,85
2STEP-VF,9,1,2.319552095104538,-0.4048905407606311,0.047907017574364025,2.1617624318348754,40,Epa.D.,85
2STEP-VF,9,2,2.3167304937290254,-0.40469937954051005,0.05533920980678221,3.2835883719841097,40,Epa.D.,85
2STEP-VF,9,0,2.3169485282583926,-0.3263593668609178,-1.9800558389606637,0.30378951474314003,40,Epa.D.,86
2STEP-VF,9,1,2.3104831278700066,-0.3872799774317068,0.011973987004793029,1.9697300555310429,40,Epa.D.,86
2STEP-VF,9,2,2.3065363983817173,-0.399310104850014,0.05084370032113757,4.303040340105141,40,Epa.D.,86
2STEP-VF,9,0,2.295013290374266,-0.4874461449152182,-0.8549351443783053,0.2891837738288763,40,Epa.D.,87
2STEP-VF,9,1,2.296935328114135,-0.42400426953766257,0.03364109534202661,2.257444167591152,40,Epa.D.,87
2STEP-VF,9,2,2.288717951844098,-0.40668233315767016,0.06378126363273864,5.680723784819437,40,Epa.D.,87
2STEP-VF,9,0,2.312170407296327,-0.45078845449605043,1.746175092489304,0.31698959664124704,40,Epa.D.,88
2STEP-VF,9,1,2.310764551661219,-0.4078768124007455,0.07682647412659929,3.1546341031716114,40,Epa.D.,88
2STEP-VF,9,2,2.309643752408855,-0.4070264889907972,0.06738530697998045,4.8767059097987815,40,Epa.D.,88
2STEP-VF,9,0,2.3257946997803125,-0.3922880299781505,-0.528731089978501,0.32358955274087725,40,Epa.D.,89
2STEP-VF,9,1,2.325546844264713,-0.4082234757070021,0.05745867240979507,2.7254425698223286,40,Epa.D.,89
2STEP-VF,9,2,2.321490106947584,-0.40607014691441023,0.06162294902495067,4.812900050581823,40,Epa.D.,89
2STEP-VF,9,0,2.3182105120424112,-0.3275112681112618,0.42026043943479713,0.48790845618737627,40,Epa.D.,90
2STEP-VF,9,1,2.320671390787479,-0.3888721321655063,0.0665310785241421,3.0432085544822636,40,Epa.D.,90
2STEP-VF,9,2,2.3163524150722363,-0.3845601657357171,0.0639084713981584,3.90101624970471,40,Epa.D.,90
2STEP-VF,9,0,2.3003235532599313,-0.37551159495705094,-1.3596423277339444,0.3125658020067312,40,Epa.D.,91
2STEP-VF,9,1,2.304813648796509,-0.3920003596743238,0.047962079893007235,3.250294784846869,40,Epa.D.,91
2STEP-VF,9,2,2.304244568556815,-0.3916311727420749,0.049382822092826496,3.5924322270778526,40,Epa.D.,91
2STEP-VF,9,0,2.320028741253506,-0.347058670338013,2.0390417311850317,0.37706599790411993,40,Epa.D.,92
2STEP-VF,9,1,2.3221144367559896,-0.40445801576357493,0.11653605331078269,2.1413855553302414,40,Epa.D.,92
2STEP-VF,9,2,2.3184114126435973,-0.4090998487487415,0.07509099540822838,5.33340528968447,40,Epa.D.,92
2STEP-VF,9,0,2.3023940026422736,-0.435288614575183,3.100106792678859,0.321969480064553,40,Epa.D.,93
2STEP-VF,9,1,2.2966837738134216,-0.41378176134611155,0.1779881802853387,1.6975912827748694,40,Epa.D.,93
2STEP-VF,9,2,2.2973530318715483,-0.40377204239447295,0.08056341425750413,4.281587382143479,40,Epa.D.,93
2STEP-VF,9,0,2.313118630444499,-0.27769738801401184,0.44021608069193074,0.3051528436191354,40,Epa.D.,94
2STEP-VF,9,1,2.305982088952477,-0.37903109064238816,0.0907271725969241,1.8988368408191831,40,Epa.D.,94
2STEP-VF,9,2,2.308189041523483,-0.39742737496663694,0.055240511120205914,7.543972468670955,40,Epa.D.,94
2STEP-VF,9,0,2.3174915954713917,-0.4103105628304597,0.019570048161153143,0.38240575485619754,40,Epa.D.,95
2STEP-VF,9,1,2.3139041211204763,-0.39905607703094664,0.0605788808463757,1.9451078388994736,40,Epa.D.,95
2STEP-VF,9,2,2.3168626183790484,-0.39467006547705435,0.062437907424371025,3.7118466152206917,40,Epa.D.,95
2STEP-VF,9,0,2.3200260129638104,-0.44125056893265474,0.3829513686301415,0.38239156325887586,40,Epa.D.,96
2STEP-VF,9,1,2.319927566473269,-0.39713606043473754,0.05960664038158209,2.7935433038400297,40,Epa.D.,96
2STEP-VF,9,2,2.3165198784692578,-0.3992174446949719,0.0631468945726942,3.851857916470515,40,Epa.D.,96
2STEP-VF,9,0,2.294180533838445,-0.3310863461760473,0.30349592427549565,0.32557901155100194,40,Epa.D.,97
2STEP-VF,9,1,2.304171925223119,-0.3927779857324747,0.05844626959710005,2.133344509143184,40,Epa.D.,97
2STEP-VF,9,2,2.3023941843035356,-0.4002476689055048,0.06289526790334717,4.701069202429322,40,Epa.D.,97
2STEP-VF,9,0,2.305336289780471,-0.4782593126609289,-1.854834551006259,0.2657948413832179,40,Epa.D.,98
2STEP-VF,9,1,2.3045722047200647,-0.4144647907518557,0.027435605090318373,2.106522553797202,40,Epa.D.,98
2STEP-VF,9,2,2.306987348622565,-0.3987671022971031,0.05366621075176665,6.189071553950723,40,Epa.D.,98
2STEP-VF,9,0,2.3187263903260855,-0.3537286377813891,0.333325925426609,0.3714869849396402,40,Epa.D.,99
2STEP-VF,9,1,2.316096483113819,-0.39305512970449064,0.07721296025051202,2.1136174066006146,40,Epa.D.,99
2STEP-VF,9,2,2.3220484370482284,-0.40248663176188815,0.05811691426291812,4.227750886327471,40,Epa.D.,99
2STEP-VF,9,0,4.6613438162102,-0.496632167589151,-2.2095474206445247,0.3404017511586979,44,Epa.D.,0
2STEP-VF,9,1,4.657922479806229,-0.6380717148030768,0.0008878546601477095,1.8298543139333305,44,Epa.D.,0
2STEP-VF,9,2,4.656881532914801,-0.6413998496442894,0.06127094417554437,3.638052769710746,44,Epa.D.,0
2STEP-VF,9,0,4.653707964705898,-0.7086919017163791,1.0938776079823727,0.4610613286896678,44,Epa.D.,1
2STEP-VF,9,1,4.649820259440702,-0.6700950989568943,0.09948450809390591,3.5164529433204526,44,Epa.D.,1
2STEP-VF,9,2,4.651137264879745,-0.6630723628850985,0.0885838834752147,4.671890004087837,44,Epa.D.,1
2STEP-VF,9,0,4.649241613989374,-0.5977911160503544,-1.7141832793462797,0.40188258057515497,44,Epa.D.,2
2STEP-VF,9,1,4.651005071718508,-0.6698676688714916,0.07597803484033612,5.927850937643764,44,Epa.D.,2
2STEP-VF,9,2,4.648826234521773,-0.6712954275315748,0.08309837753056033,13.209702994323615,44,Epa.D.,2
2STEP-VF,9,0,4.663455929734137,-0.6472825832226328,-0.5270629916415688,0.44183898999208043,44,Epa.D.,3
2STEP-VF,9,1,4.663762259392889,-0.6599704398612952,0.05247177824246042,2.520359544444658,44,Epa.D.,3
2STEP-VF,9,2,4.663291464677359,-0.6626966733163054,0.07885851884221527,5.517376437444275,44,Epa.D.,3
2STEP-VF,9,0,4.643042738581542,-0.6684554580660976,-1.177484989555325,0.42913077149068857,44,Epa.D.,4
2STEP-VF,9,1,4.642317616505058,-0.6573900529082531,0.024444854469488166,2.103159590058638,44,Epa.D.,4
2STEP-VF,9,2,4.642677523267855,-0.6504461768744332,0.0623443332139762,3.8809384677666583,44,Epa.D.,4
2STEP-VF,9,0,4.659158032745633,-0.6712185145175363,-3.530680384464178,0.35577397208532396,44,Epa.D.,5
2STEP-VF,9,1,4.658398123255802,-0.6632405655556021,-0.012721927802863235,2.343356467955385,44,Epa.D.,5
2STEP-VF,9,2,4.6647635045869205,-0.6683271631615497,0.07276041927889088,8.38401582218832,44,Epa.D.,5
2STEP-VF,9,0,4.660797288589756,-0.6765507336304352,-0.32857557473463966,0.43879193957946067,44,Epa.D.,6
2STEP-VF,9,1,4.657643344501338,-0.6624820554389205,0.07101687891413493,6.756410744156508,44,Epa.D.,6
2STEP-VF,9,2,4.659169761746247,-0.6622462799323948,0.07105861494204434,6.9051892310446155,44,Epa.D.,6
2STEP-VF,9,0,4.651439366282367,-0.6581426842287935,-0.3008984128953968,0.37155573009240933,44,Epa.D.,7
2STEP-VF,9,1,4.661029809497165,-0.6696995362890039,0.06413278859183638,2.8766810174808346,44,Epa.D.,7
2STEP-VF,9,2,4.662887465061684,-0.6708753198646411,0.06371946712792333,3.6879592318979024,44,Epa.D.,7
2STEP-VF,9,0,4.665539938451511,-0.7454554132024186,0.8897853090555551,0.36876963437763455,44,Epa.D.,8
2STEP-VF,9,1,4.652678401612512,-0.6728579096123903,0.11541169225489709,2.183630428682721,44,Epa.D.,8
2STEP-VF,9,2,4.652923496999596,-0.6662163408357122,0.09514215890851985,3.6037072016104177,44,Epa.D.,8
2STEP-VF,9,0,4.633562109890616,-0.8680523811521975,-2.7329338068236644,0.4258918755980486,44,Epa.D.,9
2STEP-VF,9,1,4.637581343222341,-0.708359285074076,0.04770456850812319,3.9771202905387515,44,Epa.D.,9
2STEP-VF,9,2,4.6423436715902895,-0.6979256240008032,0.06790725791916745,7.4628432792155355,44,Epa.D.,9
2STEP-VF,9,0,4.664000142261426,-0.7441933737290477,-2.393777468343494,0.31693089716957584,44,Epa.D.,10
2STEP-VF,9,1,4.67048664403274,-0.6655165920732972,0.03179680286914776,2.6448417084230242,44,Epa.D.,10
2STEP-VF,9,2,4.668843502769061,-0.6574459794788535,0.05615061940962804,4.065857492914268,44,Epa.D.,10
2STEP-VF,9,0,4.6659594128311666,-0.7158176426441774,0.5017916706950759,0.3479183383588136,44,Epa.D.,11
2STEP-VF,9,1,4.656235433395193,-0.6632194740371379,0.08713952786171614,3.459576515315788,44,Epa.D.,11
2STEP-VF,9,2,4.6637599287434695,-0.6569797069119425,0.07852812589862206,4.724662438545206,44,Epa.D.,11
2STEP-VF,9,0,4.665226932258618,-0.7502448439497676,-3.915251760721106,0.3268911825447506,44,Epa.D.,12
2STEP-VF,9,1,4.6706647793535625,-0.6756462197593895,0.030985129851270207,2.9620667639592946,44,Epa.D.,12
2STEP-VF,9,2,4.672204265375959,-0.6714191871984057,0.05239350440309176,4.885834754960865,44,Epa.D.,12
2STEP-VF,9,0,4.641997112317326,-0.7622455500481721,-0.21097422843955185,0.3577964637678311,44,Epa.D.,13
2STEP-VF,9,1,4.634716288183298,-0.6689126738008445,0.0791197832936066,3.9754009448243974,44,Epa.D.,13
2STEP-VF,9,2,4.634545315007637,-0.663401477073371,0.08195389572132429,4.484219938214502,44,Epa.D.,13
2STEP-VF,9,0,4.650162079920364,-0.7247200614606397,-1.904863309919269,0.37542154239250297,44,Epa.D.,14
2STEP-VF,9,1,4.657821016385919,-0.6666244679870929,0.06372764545226256,4.476441231126503,44,Epa.D.,14
2STEP-VF,9,2,4.659668948145868,-0.6664816608266159,0.06464198111017197,4.70152691065805,44,Epa.D.,14
2STEP-VF,9,0,4.638757318896538,-0.7894118071235667,2.555466172134285,0.42823356262761997,44,Epa.D.,15
2STEP-VF,9,1,4.6423083076973874,-0.6859013659455624,0.14079507115725345,2.528339277938354,44,Epa.D.,15
2STEP-VF,9,2,4.642180489561207,-0.6697387728965001,0.09321625215904022,4.799423804786234,44,Epa.D.,15
2STEP-VF,9,0,4.65268250987389,-0.59065775496938,2.131427912676613,0.34232252713604516,44,Epa.D.,16
2STEP-VF,9,1,4.655289317291306,-0.6427622443192543,0.14732538534901632,1.9408173642801096,44,Epa.D.,16
2STEP-VF,9,2,4.6472836411785705,-0.6563262629374054,0.10250839048168377,4.194354109433979,44,Epa.D.,16
2STEP-VF,9,0,4.640162602846277,-0.6034243452354451,-0.410948116198819,0.3196446216173477,44,Epa.D.,17
2STEP-VF,9,1,4.6331828765250735,-0.6650453125447395,0.07811822429060994,2.2430673141126625,44,Epa.D.,17
2STEP-VF,9,2,4.631118939401844,-0.6726422631319003,0.07741978567306249,6.23824544864878,44,Epa.D.,17
2STEP-VF,9,0,4.645545450573047,-0.704436640311488,0.7764891328974985,0.3543688716414912,44,Epa.D.,18
2STEP-VF,9,1,4.639200501490217,-0.6727967603159173,0.10428396691680654,2.624532440936962,44,Epa.D.,18
2STEP-VF,9,2,4.629523608724689,-0.6792913215791614,0.10135356123386434,4.8396689458615665,44,Epa.D.,18
2STEP-VF,9,0,4.672087527022589,-0.6602244228021821,-1.5422075683403633,0.35031195306920304,44,Epa.D.,19
2STEP-VF,9,1,4.673157612097002,-0.6690315850167168,0.01725839520799001,2.048733573283365,44,Epa.D.,19
2STEP-VF,9,2,4.675622154827397,-0.6689138705342668,0.06048329098629068,4.059550916271234,44,Epa.D.,19
2STEP-VF,9,0,4.646594762655694,-0.47848260516785757,4.56803674905188,0.32812318167667265,44,Epa.D.,20
2STEP-VF,9,1,4.647194843514168,-0.6344469683463481,0.11588049624354756,3.4319667706014907,44,Epa.D.,20
2STEP-VF,9,2,4.653331940744058,-0.641652769461449,0.0881965654000347,4.699121836643729,44,Epa.D.,20
2STEP-VF,9,0,4.6486995532713875,-0.7671882027676221,-0.2994381933379337,0.3339943175810254,44,Epa.D.,21
2STEP-VF,9,1,4.650486599653949,-0.6908843478571008,0.06009691424764638,1.9967980248895632,44,Epa.D.,21
2STEP-VF,9,2,4.666269972312168,-0.6842691757691463,0.06355597084182354,4.797857077886579,44,Epa.D.,21
2STEP-VF,9,0,4.641504666695464,-0.787226626170466,0.5782013529610998,0.3510875741101551,44,Epa.D.,22
2STEP-VF,9,1,4.645109891450736,-0.701630677780501,0.08384155303633464,2.1715336721575818,44,Epa.D.,22
2STEP-VF,9,2,4.66122091744483,-0.6975757568436359,0.07367470279062373,5.487329582928264,44,Epa.D.,22
2STEP-VF,9,0,4.670384001827961,-0.6304658327818528,-0.5077575161213519,0.3507523789941686,44,Epa.D.,23
2STEP-VF,9,1,4.6745759060728815,-0.6743763181402035,0.06636093550803918,2.936654581006262,44,Epa.D.,23
2STEP-VF,9,2,4.673701554333717,-0.674418367979672,0.07181057968425872,3.547102291976524,44,Epa.D.,23
2STEP-VF,9,0,4.645610554622561,-0.6689658518925924,1.8066377769410429,0.347786062212473,44,Epa.D.,24
2STEP-VF,9,1,4.6459670084946145,-0.6744096239928509,0.12610529129693993,1.9398933874543347,44,Epa.D.,24
2STEP-VF,9,2,4.657796718935893,-0.6627474434115086,0.07393431993723469,4.567890253801188,44,Epa.D.,24
2STEP-VF,9,0,4.65651424485548,-0.6776424553386583,-0.03919672862520958,0.35380397730795216,44,Epa.D.,25
2STEP-VF,9,1,4.656847536725734,-0.6586176972565225,0.06458803685550207,2.0336582354696793,44,Epa.D.,25
2STEP-VF,9,2,4.650676737962086,-0.6560015159196121,0.07016867823596143,3.3265218579332974,44,Epa.D.,25
2STEP-VF,9,0,4.66681860461533,-0.6298788894471818,1.9454731911771546,0.4792333140940115,44,Epa.D.,26
2STEP-VF,9,1,4.657913706462855,-0.6703980742700817,0.1302709253081466,2.784979414170353,44,Epa.D.,26
2STEP-VF,9,2,4.6591482326760385,-0.6644845105850916,0.08353790898880699,5.0387197438265625,44,Epa.D.,26
2STEP-VF,9,0,4.653765672174176,-0.5235485680443898,-0.6267260076560486,0.38169437608217516,44,Epa.D.,27
2STEP-VF,9,1,4.654446766862715,-0.6271974544904265,0.03431918823064392,1.7789578064038503,44,Epa.D.,27
2STEP-VF,9,2,4.656284682293161,-0.6466129083044548,0.061961201709424464,4.291855998416368,44,Epa.D.,27
2STEP-VF,9,0,4.639870239984202,-0.7249552812248251,-0.9312475515272919,0.3472237485683114,44,Epa.D.,28
2STEP-VF,9,1,4.647579852202517,-0.6614290281767015,0.051813972409792644,2.515611380918535,44,Epa.D.,28
2STEP-VF,9,2,4.64573391804791,-0.657853818203399,0.07098444510058638,4.652553928948333,44,Epa.D.,28
2STEP-VF,9,0,4.655243698918638,-0.5757227358391095,0.4472203996013784,0.39152426287165565,44,Epa.D.,29
2STEP-VF,9,1,4.661998156897391,-0.6440548094441229,0.09453501186195795,2.5540179721709713,44,Epa.D.,29
2STEP-VF,9,2,4.648982553734175,-0.6572980230609115,0.09452126586014989,5.644972673783706,44,Epa.D.,29
2STEP-VF,9,0,4.658020976084178,-0.6668620872258068,-1.765277418993273,0.4086407160770442,44,Epa.D.,30
2STEP-VF,9,1,4.660523725475514,-0.6659505590920606,0.004990454503497924,2.260729493077787,44,Epa.D.,30
2STEP-VF,9,2,4.673418661938577,-0.6751404997005895,0.04704789190572711,4.448482142433921,44,Epa.D.,30
2STEP-VF,9,0,4.646753239948796,-0.6550242810997569,-1.8637051286407125,0.40089507173751665,44,Epa.D.,31
2STEP-VF,9,1,4.651558210166254,-0.6708482871506055,0.027318488484547654,2.5104743300803913,44,Epa.D.,31
2STEP-VF,9,2,4.646294018917672,-0.6673857370219907,0.051472479596161094,3.6429987720899017,44,Epa.D.,31
2STEP-VF,9,0,4.6711696268080285,-0.7275474444508432,-1.5937467953103182,0.35286758615739916,44,Epa.D.,32
2STEP-VF,9,1,4.671616940681763,-0.671631461874543,0.05617998276076031,2.983929476946165,44,Epa.D.,32
2STEP-VF,9,2,4.6691065996105285,-0.671769978836665,0.0693684917640748,4.3414587947758925,44,Epa.D.,32
2STEP-VF,9,0,4.659796659829015,-0.7234495202620909,-0.232436841308152,0.39476865313457826,44,Epa.D.,33
2STEP-VF,9,1,4.662173589172739,-0.6660012156168426,0.06710699427725787,2.694956772829253,44,Epa.D.,33
2STEP-VF,9,2,4.670960234629069,-0.6634074007055957,0.06553547142519871,5.508458163300574,44,Epa.D.,33
2STEP-VF,9,0,4.636253904648059,-0.7093333432752299,-0.2622830880774448,0.5116964293381216,44,Epa.D.,34
2STEP-VF,9,1,4.635803653558782,-0.6681226994591732,0.07213085375068673,2.1775453100604145,44,Epa.D.,34
2STEP-VF,9,2,4.6323306731285046,-0.6784394448596031,0.07971972875088337,7.8916833113711,44,Epa.D.,34
2STEP-VF,9,0,4.662704013879951,-0.588305155023333,0.5077196153129426,0.36432565105915343,44,Epa.D.,35
2STEP-VF,9,1,4.661530559580576,-0.650999973073158,0.08491399901895251,1.9045912520435482,44,Epa.D.,35
2STEP-VF,9,2,4.668579724046603,-0.6656071056676596,0.07570963150190398,4.023712917817632,44,Epa.D.,35
2STEP-VF,9,0,4.64585650356312,-0.8345515243525465,2.1559600402697066,0.3241914251443662,44,Epa.D.,36
2STEP-VF,9,1,4.663173771062228,-0.6964023212490047,0.07513526602718937,3.8572452764811,44,Epa.D.,36
2STEP-VF,9,2,4.667273466114013,-0.694492899267991,0.07296260813748096,4.394733205960781,44,Epa.D.,36
2STEP-VF,9,0,4.648498988201635,-0.6913995673499177,0.8765380918438652,0.36013131888297534,44,Epa.D.,37
2STEP-VF,9,1,4.652235813841879,-0.6635111361333279,0.09595690456732157,2.5241600464665788,44,Epa.D.,37
2STEP-VF,9,2,4.652401539502924,-0.6582222023238821,0.08736103764028977,3.7723325118511384,44,Epa.D.,37
2STEP-VF,9,0,4.6471530045047205,-0.4729900378189342,2.0964337682385286,0.29002368799296646,44,Epa.D.,38
2STEP-VF,9,1,4.6514597614949595,-0.6522196399726274,0.0888555833842688,3.7300319308838703,44,Epa.D.,38
2STEP-VF,9,2,4.652487306958898,-0.6500703684316839,0.08929443696721923,3.4915149352559256,44,Epa.D.,38
2STEP-VF,9,0,4.656128874630361,-0.7253271241066686,1.1485284811338177,0.3151914659119555,44,Epa.D.,39
2STEP-VF,9,1,4.641548416457799,-0.6702286112604352,0.0920788942185416,5.014604602119863,44,Epa.D.,39
2STEP-VF,9,2,4.644382089879532,-0.6761368876814197,0.08847896945638214,3.496665262223658,44,Epa.D.,39
2STEP-VF,9,0,4.658223407290706,-0.7311453448182361,2.270786976414005,0.3211320797729632,44,Epa.D.,40
2STEP-VF,9,1,4.6496600188789765,-0.6626785204798152,0.140676005838969,1.9795619117206322,44,Epa.D.,40
2STEP-VF,9,2,4.649138566528753,-0.6594250719830753,0.082706054207492,7.35494078622775,44,Epa.D.,40
2STEP-VF,9,0,4.67316105689502,-0.5541374946046905,-0.9255616268986956,0.3817701144264786,44,Epa.D.,41
2STEP-VF,9,1,4.667149888676266,-0.6393924062009693,0.025961082698144303,1.8162074290403805,44,Epa.D.,41
2STEP-VF,9,2,4.663441151959945,-0.6454918855511,0.06891977720041613,4.529161033596262,44,Epa.D.,41
2STEP-VF,9,0,4.647364267361808,-0.583281988123064,-1.5250537300355327,0.34849226585257925,44,Epa.D.,42
2STEP-VF,9,1,4.651505523951875,-0.6528997607498936,0.05499052729576463,2.7141500632131565,44,Epa.D.,42
2STEP-VF,9,2,4.654258301169468,-0.6608808777337339,0.06386220362290412,4.306033357078752,44,Epa.D.,42
2STEP-VF,9,0,4.649819746292886,-0.7456222424497367,0.9100013388097039,0.35051810575913317,44,Epa.D.,43
2STEP-VF,9,1,4.6406299015723285,-0.6832972598438808,0.10108240402955569,2.2083685795279764,44,Epa.D.,43
2STEP-VF,9,2,4.638474196502745,-0.6719694504719302,0.08833908715356661,4.059118868979434,44,Epa.D.,43
2STEP-VF,9,0,4.6701773718871715,-0.6300095037858543,-2.070964178027473,0.38787301065306273,44,Epa.D.,44
2STEP-VF,9,1,4.664897747007491,-0.6620733488681413,-0.014997917466589917,1.918747745549993,44,Epa.D.,44
2STEP-VF,9,2,4.680120905578063,-0.655813199685593,0.06611904764631232,7.432155203028889,44,Epa.D.,44
2STEP-VF,9,0,4.6371439332215925,-0.6488084594488985,3.489527384687257,0.3243973015413334,44,Epa.D.,45
2STEP-VF,9,1,4.6454640761387545,-0.6836727655167608,0.10344120634808858,2.9796394899901366,44,Epa.D.,45
2STEP-VF,9,2,4.645655212058996,-0.6774269832237206,0.08922074779063772,3.774501107935095,44,Epa.D.,45
2STEP-VF,9,0,4.657885682622038,-0.5898930353588794,-0.7092699134468992,0.40614319238361063,44,Epa.D.,46
2STEP-VF,9,1,4.6525437608028914,-0.638823658562447,0.04550091668414889,1.8617102538574153,44,Epa.D.,46
2STEP-VF,9,2,4.649792940693823,-0.6414278269589822,0.07642399095961305,6.425462269098921,44,Epa.D.,46
2STEP-VF,9,0,4.65446469928432,-0.7637812734320492,-2.29591205765933,0.35713076986068126,44,Epa.D.,47
2STEP-VF,9,1,4.6567948091949924,-0.6662161331076519,0.0767017250704086,8.977865776431837,44,Epa.D.,47
2STEP-VF,9,2,4.66729498103979,-0.6931956549651186,0.07340771967694362,21.38877390408768,44,Epa.D.,47
2STEP-VF,9,0,4.653889128555524,-0.6244855741622003,-1.2170735766439706,0.36048543745080275,44,Epa.D.,48
2STEP-VF,9,1,4.634801978299423,-0.6486829490581268,0.07580957369932237,3.2996875362135705,44,Epa.D.,48
2STEP-VF,9,2,4.634397983416843,-0.6457973003138826,0.07664799484940912,4.373979839524517,44,Epa.D.,48
2STEP-VF,9,0,4.65933253542211,-0.7832756725609695,0.551278030383443,0.2932307558150832,44,Epa.D.,49
2STEP-VF,9,1,4.650273345721071,-0.6723249777665988,0.08759923646551439,3.005700671765569,44,Epa.D.,49
2STEP-VF,9,2,4.649816962201622,-0.6730246839272271,0.08065484845429224,3.941458788342636,44,Epa.D.,49
2STEP-VF,9,0,4.647767468638983,-0.5605939595250654,-0.27686203786344427,0.3726435753899367,44,Epa.D.,50
2STEP-VF,9,1,4.649533833704032,-0.6409513260714186,0.07259535578635354,3.897754027056732,44,Epa.D.,50
2STEP-VF,9,2,4.644713854105051,-0.653725005948465,0.0823464106776135,6.922750662422563,44,Epa.D.,50
2STEP-VF,9,0,4.6533901631824595,-0.4952560355062636,2.8810182189700977,0.35494244143723397,44,Epa.D.,51
2STEP-VF,9,1,4.65447612262857,-0.62645461179465,0.16425714671233824,1.9412910848797524,44,Epa.D.,51
2STEP-VF,9,2,4.653218540734684,-0.6381647772613952,0.10145358441339666,4.016544470499094,44,Epa.D.,51
2STEP-VF,9,0,4.646694730056461,-0.8182158694949401,1.4540906787954415,0.3355984213138012,44,Epa.D.,52
2STEP-VF,9,1,4.637417686551104,-0.6848459428370532,0.09423047135448333,2.6471275482810945,44,Epa.D.,52
2STEP-VF,9,2,4.637903408837402,-0.6851622327244395,0.08055401649060735,4.470997982821562,44,Epa.D.,52
2STEP-VF,9,0,4.637602446121295,-0.7276825660351155,1.9913091433214694,0.3673022664745087,44,Epa.D.,53
2STEP-VF,9,1,4.641178183647832,-0.6723605316658419,0.1249325735346089,2.122858176247634,44,Epa.D.,53
2STEP-VF,9,2,4.646690213688063,-0.6665704579325736,0.08239924704394229,6.082209204867674,44,Epa.D.,53
2STEP-VF,9,0,4.648211639144228,-0.584221858896616,1.9144795483666814,0.3365250088015908,44,Epa.D.,54
2STEP-VF,9,1,4.6446737834316085,-0.6584714112019663,0.14219368276386823,1.8884013133756687,44,Epa.D.,54
2STEP-VF,9,2,4.639613712841599,-0.6656468073487106,0.09337385694426853,3.9278745666435215,44,Epa.D.,54
2STEP-VF,9,0,4.652273824722529,-0.559571006449959,2.5983272807502087,0.38804809648318234,44,Epa.D.,55
2STEP-VF,9,1,4.655204208282614,-0.6450481071316218,0.11801491280704092,2.722910617949932,44,Epa.D.,55
2STEP-VF,9,2,4.652153344947732,-0.6467233199738166,0.09935691135981065,3.8032325284894792,44,Epa.D.,55
2STEP-VF,9,0,4.6510703953395724,-0.8147500211700259,-0.9864580469817004,0.38389459773447326,44,Epa.D.,56
2STEP-VF,9,1,4.664150362033798,-0.6817770867052689,0.05495859872895495,3.951505380856388,44,Epa.D.,56
2STEP-VF,9,2,4.658929459576809,-0.6820656383157442,0.05349796973094553,3.5532504713478117,44,Epa.D.,56
2STEP-VF,9,0,4.626845311101169,-0.797474537708035,2.6540024419898876,0.36037350197365325,44,Epa.D.,57
2STEP-VF,9,1,4.62426055125886,-0.6909384886137155,0.14177584754542935,2.1965319205535057,44,Epa.D.,57
2STEP-VF,9,2,4.625823919369078,-0.6814145286396146,0.09457867186627836,3.8932825928795345,44,Epa.D.,57
2STEP-VF,9,0,4.682716868175672,-0.6761223165373905,-1.6086368095393957,0.3478238080590032,44,Epa.D.,58
2STEP-VF,9,1,4.684201257904944,-0.6517873829055609,0.040033313845331334,2.21674611222892,44,Epa.D.,58
2STEP-VF,9,2,4.680659626074325,-0.6544976937869083,0.06686010408825306,3.662603415330401,44,Epa.D.,58
2STEP-VF,9,0,4.659161116887911,-0.5182694657720971,-1.0816608499186355,0.3397177306578155,44,Epa.D.,59
2STEP-VF,9,1,4.663477367365456,-0.6447518199976147,0.04804266127513893,2.076138525231571,44,Epa.D.,59
2STEP-VF,9,2,4.670085187844061,-0.6570291577929159,0.07228378640771285,4.2817048511536155,44,Epa.D.,59
2STEP-VF,9,0,4.639468924464506,-0.7209405223470265,1.7576932203649633,0.37052367404503733,44,Epa.D.,60
2STEP-VF,9,1,4.632114809314025,-0.6854888284276867,0.11453109504686873,2.5913357341841596,44,Epa.D.,60
2STEP-VF,9,2,4.638676787733558,-0.6819411701936875,0.083488731609781,4.007190592150134,44,Epa.D.,60
2STEP-VF,9,0,4.660759977746531,-0.7493521820296765,-1.4967632566848876,0.36421675307281093,44,Epa.D.,61
2STEP-VF,9,1,4.6682731997402565,-0.6769541001061996,0.05132708267804079,2.8947307085303757,44,Epa.D.,61
2STEP-VF,9,2,4.676865695628933,-0.6788015614598355,0.06279368100713156,5.020727594058534,44,Epa.D.,61
2STEP-VF,9,0,4.6379698710820545,-0.5888681871070088,2.220224374556185,0.3563585934925234,44,Epa.D.,62
2STEP-VF,9,1,4.6326883821372995,-0.6524215424935828,0.10072505173549488,3.1305008496255744,44,Epa.D.,62
2STEP-VF,9,2,4.632596864645785,-0.654663463645666,0.07986404802305297,5.201401852216258,44,Epa.D.,62
2STEP-VF,9,0,4.648219469658348,-0.7693712090306525,0.2999132864556782,0.3636729629694351,44,Epa.D.,63
2STEP-VF,9,1,4.657764628423342,-0.6772482979349529,0.06921769132773516,3.322431579937387,44,Epa.D.,63
2STEP-VF,9,2,4.657816363655539,-0.6728622920162882,0.06907230364633192,4.108016615206105,44,Epa.D.,63
2STEP-VF,9,0,4.648134285626289,-0.4861447159349222,-0.05386626887134331,0.3275393920966364,44,Epa.D.,64
2STEP-VF,9,1,4.64653448960477,-0.6238955655549182,0.07400710956441443,2.1611726230270243,44,Epa.D.,64
2STEP-VF,9,2,4.6567206297996915,-0.6325575959027037,0.06817902410655967,3.202828998693601,44,Epa.D.,64
2STEP-VF,9,0,4.648983859566214,-0.697258042533162,0.376833570173346,0.3507881874719503,44,Epa.D.,65
2STEP-VF,9,1,4.6389598298073045,-0.6787807985696646,0.08597529088059254,2.7556799878457174,44,Epa.D.,65
2STEP-VF,9,2,4.643792118348245,-0.676552843617738,0.08171555739641286,4.222520953330047,44,Epa.D.,65
2STEP-VF,9,0,4.633213475205384,-0.6386726379777099,1.55988410647444,0.3583871005859805,44,Epa.D.,66
2STEP-VF,9,1,4.623180872520856,-0.6719228853464582,0.12553439888734944,2.0198545568202615,44,Epa.D.,66
2STEP-VF,9,2,4.644416666371877,-0.6744770480848156,0.07488602697238751,4.378338514778612,44,Epa.D.,66
2STEP-VF,9,0,4.647727078801834,-0.6266584962402059,-0.9889303536752396,0.33822125692659416,44,Epa.D.,67
2STEP-VF,9,1,4.641424907603547,-0.6556876976796285,0.06470466339433571,2.388565649477862,44,Epa.D.,67
2STEP-VF,9,2,4.632418952841177,-0.657236750440563,0.08247367251491314,3.5686383202184215,44,Epa.D.,67
2STEP-VF,9,0,4.631547092355048,-0.6844721316514643,1.514842364329848,0.3674701628934403,44,Epa.D.,68
2STEP-VF,9,1,4.627081029459075,-0.653413059046356,0.12163816682084352,2.3693184200002353,44,Epa.D.,68
2STEP-VF,9,2,4.620112933159509,-0.657139131224394,0.08884733294812544,4.288917983611688,44,Epa.D.,68
2STEP-VF,9,0,4.645511108246917,-0.5354865025128307,0.3416028099027655,0.33912856795693,44,Epa.D.,69
2STEP-VF,9,1,4.661911605836534,-0.6498187167069015,0.06283890528357608,3.2654917921662934,44,Epa.D.,69
2STEP-VF,9,2,4.671523206412549,-0.6555470974870504,0.06977725389172856,5.027397375457354,44,Epa.D.,69
2STEP-VF,9,0,4.64486303182331,-0.6757574745111088,4.276781769319563,0.3260507244920719,44,Epa.D.,70
2STEP-VF,9,1,4.650749473752429,-0.6597519869520487,0.13414324080055653,2.685526289742224,44,Epa.D.,70
2STEP-VF,9,2,4.652749107221745,-0.6573875479687555,0.1101943806008554,3.5396911900826056,44,Epa.D.,70
2STEP-VF,9,0,4.629287860535645,-0.6709885071469515,0.44377671926831475,0.38436025799993223,44,Epa.D.,71
2STEP-VF,9,1,4.645812057378961,-0.6697295709144135,0.06842304295102358,4.345637762803041,44,Epa.D.,71
2STEP-VF,9,2,4.6625980682083945,-0.667357085145103,0.07235290613001058,8.360999595462564,44,Epa.D.,71
2STEP-VF,9,0,4.644478640585385,-0.7962203214964154,1.837871414423335,0.39070589623593033,44,Epa.D.,72
2STEP-VF,9,1,4.651433336008888,-0.678450857129255,0.1243093679841098,2.472784500155243,44,Epa.D.,72
2STEP-VF,9,2,4.65573711504202,-0.6735356874630893,0.07888860628445286,5.161095212653537,44,Epa.D.,72
2STEP-VF,9,0,4.650372330609837,-0.6733087610030046,0.43747129697558035,0.33556155173524377,44,Epa.D.,73
2STEP-VF,9,1,4.647656064718933,-0.6526145479855735,0.06889249019344493,3.248106575948405,44,Epa.D.,73
2STEP-VF,9,2,4.6491323625057,-0.6540251811186019,0.06680521284257782,3.633814723300638,44,Epa.D.,73
2STEP-VF,9,0,4.656627623785597,-0.6141989808976572,-0.47717592646226853,0.3643633647533048,44,Epa.D.,74
2STEP-VF,9,1,4.6616427606746536,-0.6548415596564776,0.06075923079405485,2.480069112927345,44,Epa.D.,74
2STEP-VF,9,2,4.657848822877341,-0.6676024011258336,0.08555011079644992,5.484436258447697,44,Epa.D.,74
2STEP-VF,9,0,4.658393337657076,-0.6863930855452424,-0.795669081966989,0.3057349843377121,44,Epa.D.,75
2STEP-VF,9,1,4.656710236827655,-0.6564784149506292,0.06223334129968703,2.0909131139948745,44,Epa.D.,75
2STEP-VF,9,2,4.651313164699534,-0.6597783778153872,0.07840621814469453,3.390940712298728,44,Epa.D.,75
2STEP-VF,9,0,4.647943699934489,-0.789294532119629,-0.6338016922861438,0.34481004944033283,44,Epa.D.,76
2STEP-VF,9,1,4.653050482307621,-0.6888099569450096,0.06612639290329327,2.5622477689423517,44,Epa.D.,76
2STEP-VF,9,2,4.657408465627601,-0.6875047580455658,0.07206212315016505,3.611400582988874,44,Epa.D.,76
2STEP-VF,9,0,4.662264610358205,-0.5890944512349502,-3.5571018546512927,0.35627485790915886,44,Epa.D.,77
2STEP-VF,9,1,4.657471903260501,-0.6533277763812555,-0.031740300243803934,1.912273527422697,44,Epa.D.,77
2STEP-VF,9,2,4.648364116486118,-0.6637129198046395,0.0709871678568634,7.10098900016581,44,Epa.D.,77
2STEP-VF,9,0,4.656468397976233,-0.5584193642286189,-0.7188658979803104,0.3623202325076368,44,Epa.D.,78
2STEP-VF,9,1,4.657733041902633,-0.6422985109689049,0.04397727034222859,1.889827726133919,44,Epa.D.,78
2STEP-VF,9,2,4.656481032042954,-0.6484026778993209,0.06548892822000621,4.28978190691392,44,Epa.D.,78
2STEP-VF,9,0,4.634241293508884,-0.6821760351731777,1.3126149248138024,0.36489227116390616,44,Epa.D.,79
2STEP-VF,9,1,4.6418150554700555,-0.6601729989744216,0.10528206920298433,2.073380748678818,44,Epa.D.,79
2STEP-VF,9,2,4.639373546765413,-0.6577056902403098,0.09107952195636737,3.9578677095293924,44,Epa.D.,79
2STEP-VF,9,0,4.652100829472072,-0.7148073638334979,-0.5973536400391979,0.4368463658670394,44,Epa.D.,80
2STEP-VF,9,1,4.678881323108378,-0.6767122148307034,0.06895790231542127,8.694329381212267,44,Epa.D.,80
2STEP-VF,9,2,4.669630864126576,-0.673354911041797,0.05953881391732664,5.968404009446156,44,Epa.D.,80
2STEP-VF,9,0,4.662947965075127,-0.7577732161706803,-0.028967451071539547,0.34735155724488864,44,Epa.D.,81
2STEP-VF,9,1,4.661452717864885,-0.6857205398685293,0.07465068682158524,2.5847378119440974,44,Epa.D.,81
2STEP-VF,9,2,4.658875799501936,-0.6792314158378732,0.07726721643805479,4.275976454113143,44,Epa.D.,81
2STEP-VF,9,0,4.648783933703592,-0.5375593566906326,1.7835063969148488,0.3748643643233706,44,Epa.D.,82
2STEP-VF,9,1,4.660105472404065,-0.6603753732619745,0.07854583222815953,7.257502713844948,44,Epa.D.,82
2STEP-VF,9,2,4.657304832213328,-0.6489069715453921,0.08449996388242156,4.888827023906671,44,Epa.D.,82
2STEP-VF,9,0,4.643940334774559,-0.5276241495696913,4.30451342906951,0.3367922192302683,44,Epa.D.,83
2STEP-VF,9,1,4.638748824812595,-0.6501780530089247,0.19477261830885786,2.244548744464206,44,Epa.D.,83
2STEP-VF,9,2,4.633854562344018,-0.6576001564228707,0.11470140931758448,4.190047390827076,44,Epa.D.,83
2STEP-VF,9,0,4.66516374965868,-0.4822867300261733,-3.8932601517014658,0.42830241572388117,44,Epa.D.,84
2STEP-VF,9,1,4.6581797984293,-0.6387701117358054,-0.0985989073408522,1.9740093909916177,44,Epa.D.,84
2STEP-VF,9,2,4.661351164915348,-0.6704302785944914,0.03774621725733357,4.445631930417654,44,Epa.D.,84
2STEP-VF,9,0,4.651554261929504,-0.7940706231443888,0.4444145029597844,0.3925859639968604,44,Epa.D.,85
2STEP-VF,9,1,4.6540282546628005,-0.6873494586256851,0.08416545116570415,2.9086678022620944,44,Epa.D.,85
2STEP-VF,9,2,4.642419756316097,-0.6870880384692432,0.079439949857338,4.750674584090858,44,Epa.D.,85
2STEP-VF,9,0,4.647351879705665,-0.5343760297734544,-0.9856309975863411,0.38268009949999116,44,Epa.D.,86
2STEP-VF,9,1,4.64455975840671,-0.6450651578813922,0.03748941866513493,1.963160121373337,44,Epa.D.,86
2STEP-VF,9,2,4.646288050148276,-0.6532320068336903,0.0727197884386312,5.239021055185683,44,Epa.D.,86
2STEP-VF,9,0,4.6609845979133135,-0.7360471985872595,-1.5102812133978853,0.370214139164741,44,Epa.D.,87
2STEP-VF,9,1,4.664366384553932,-0.6754609908765725,0.057813242078289945,4.838807560016145,44,Epa.D.,87
2STEP-VF,9,2,4.674112885837594,-0.6743801002195731,0.058868583401138846,5.990452730298533,44,Epa.D.,87
2STEP-VF,9,0,4.657033219190175,-0.6267194600327795,0.8528597375348911,0.3668385026015527,44,Epa.D.,88
2STEP-VF,9,1,4.645997243181997,-0.6563871885803166,0.12559292460954014,1.8298888764775227,44,Epa.D.,88
2STEP-VF,9,2,4.632455541486445,-0.6602180871137505,0.10539397087893777,3.9098383371179564,44,Epa.D.,88
2STEP-VF,9,0,4.6449254575185295,-0.709696409778497,-1.6540875444714047,0.39039693931894454,44,Epa.D.,89
2STEP-VF,9,1,4.645970044997342,-0.6674903522930773,0.04569442048078948,2.6698680578765557,44,Epa.D.,89
2STEP-VF,9,2,4.651283135292671,-0.6646545742915717,0.06293514025901724,4.179720203732539,44,Epa.D.,89
2STEP-VF,9,0,4.65488789436025,-0.716222303846864,0.6165628614088012,0.3984493501724159,44,Epa.D.,90
2STEP-VF,9,1,4.648927216681602,-0.6731197944694585,0.09724603331377309,2.0129046079474544,44,Epa.D.,90
2STEP-VF,9,2,4.642146896550542,-0.6737446038674079,0.08112838358725498,7.035881455806495,44,Epa.D.,90
2STEP-VF,9,0,4.640094989036606,-0.43399504106093223,1.1664997458244077,0.3070683073135441,44,Epa.D.,91
2STEP-VF,9,1,4.65774461312381,-0.6421937492432989,0.07380062487287854,3.2067456630541136,44,Epa.D.,91
2STEP-VF,9,2,4.656992679153882,-0.6434455069649437,0.07168800116653516,3.9689514460480693,44,Epa.D.,91
2STEP-VF,9,0,4.630840877505364,-0.7184616728818597,5.176137589871171,0.3299968478822667,44,Epa.D.,92
2STEP-VF,9,1,4.632775833249149,-0.6687356121422389,0.14347322308789706,2.886782596777313,44,Epa.D.,92
2STEP-VF,9,2,4.638706854508267,-0.6655040057576683,0.11035804492873678,3.7129692982929483,44,Epa.D.,92
2STEP-VF,9,0,4.646584121688091,-0.7392828030474101,2.6552452214080136,0.3933293955557135,44,Epa.D.,93
2STEP-VF,9,1,4.648992950862565,-0.6668787668194698,0.1112035815021809,3.3870855194056557,44,Epa.D.,93
2STEP-VF,9,2,4.64955744085655,-0.6656938298326058,0.10196705853511388,4.060449730236009,44,Epa.D.,93
2STEP-VF,9,0,4.66225595786981,-0.7541187808780759,-2.140882470170946,0.3323736480412287,44,Epa.D.,94
2STEP-VF,9,1,4.663082192206517,-0.6574090854684018,0.059073259108274406,3.9726906206141206,44,Epa.D.,94
2STEP-VF,9,2,4.666399663759554,-0.6574141190804238,0.07711497420088571,8.22311411791198,44,Epa.D.,94
2STEP-VF,9,0,4.660344816285811,-0.7471681862043658,-1.040015302325798,0.4997689219300119,44,Epa.D.,95
2STEP-VF,9,1,4.648299300502174,-0.6820831270872685,0.03981212078380204,2.771989055153706,44,Epa.D.,95
2STEP-VF,9,2,4.649370469837092,-0.6736329131812815,0.052782446894297085,4.451669946253359,44,Epa.D.,95
2STEP-VF,9,0,4.666008921772112,-0.6304209251114322,-1.670510625278334,0.3326068251500694,44,Epa.D.,96
2STEP-VF,9,1,4.666335326518851,-0.6546997443940099,0.03640915297346733,2.227823127651306,44,Epa.D.,96
2STEP-VF,9,2,4.672236304033745,-0.6512500932262699,0.07246243704635362,5.1347816607735774,44,Epa.D.,96
2STEP-VF,9,0,4.654347794969811,-0.6357302137357312,1.9240306682549944,0.36547970097052446,44,Epa.D.,97
2STEP-VF,9,1,4.6504021215057385,-0.6545623029596149,0.11107096986208116,3.0824943612497733,44,Epa.D.,97
2STEP-VF,9,2,4.649226602515496,-0.6562834430183264,0.09891251123351874,3.854454185576395,44,Epa.D.,97
2STEP-VF,9,0,4.6562124784847,-0.811747182097007,1.2045663030613956,0.3683168991503748,44,Epa.D.,98
2STEP-VF,9,1,4.652847889427967,-0.6731849807760181,0.08112373665390729,4.342532596393502,44,Epa.D.,98
2STEP-VF,9,2,4.6537146224499555,-0.6710053520440364,0.07979713327406837,4.768634241252577,44,Epa.D.,98
2STEP-VF,9,0,4.645902446320231,-0.645789503589127,2.087047170503534,0.34837396796123654,44,Epa.D.,99
2STEP-VF,9,1,4.643665858990526,-0.6674748155173429,0.08598909832303402,6.580858660747894,44,Epa.D.,99
2STEP-VF,9,2,4.646785314456478,-0.6561792916664203,0.08533070604943832,3.829064392756308,44,Epa.D.,99
2STEP-VF,9,2,0.9189410105778905,-0.2001504365758158,0.03629220280777921,3.873968230929592,36,Epa.R.,0
2STEP-VF,9,2,0.9237669072571543,-0.20721544422682253,0.035276268119132835,3.6036518649730658,36,Epa.R.,1
2STEP-VF,9,2,0.918975469884025,-0.19544130142711624,0.04098946296305024,4.967749883235342,36,Epa.R.,2
2STEP-VF,9,2,0.92657861053839,-0.19821935374554375,0.031940374497179576,4.377592537742635,36,Epa.R.,3
2STEP-VF,9,2,0.9155298454450121,-0.19710028535470273,0.04411252296671878,5.028855754541971,36,Epa.R.,4
2STEP-VF,9,2,0.9244219872118408,-0.19650633043930102,0.03803314740444814,6.533250401573003,36,Epa.R.,5
2STEP-VF,9,2,0.920959320123323,-0.19892057365842228,0.03882682094844428,3.7408358476500783,36,Epa.R.,6
2STEP-VF,9,2,0.9056957514943498,-0.1877757842600024,0.03876344401694676,3.4946878903774348,36,Epa.R.,7
2STEP-VF,9,2,0.897894327417773,-0.19394388045049546,0.040350902056314766,7.559681446340816,36,Epa.R.,8
2STEP-VF,9,2,0.9160489830336079,-0.19995231244985945,0.03131423832681568,3.938370538381801,36,Epa.R.,9
2STEP-VF,9,2,0.904417782352093,-0.19203944239927573,0.045026311246117494,4.942637853422714,36,Epa.R.,10
2STEP-VF,9,2,0.9170587427626486,-0.2031536446755579,0.04285799234476535,3.379337206717435,36,Epa.R.,11
2STEP-VF,9,2,0.912808416772013,-0.20368144514855285,0.04561848803303347,3.509298706459713,36,Epa.R.,12
2STEP-VF,9,2,0.9020603253105202,-0.19364657229771104,0.053627500729696034,4.600814567476135,36,Epa.R.,13
2STEP-VF,9,2,0.9287549107725399,-0.20641624273023257,0.03553343310984616,5.615219176291215,36,Epa.R.,14
2STEP-VF,9,2,0.9172933251296009,-0.19862132567872748,0.04813376438841208,3.944909685091869,36,Epa.R.,15
2STEP-VF,9,2,0.9190809799407248,-0.21345001497331875,0.04071836665866502,5.767784883642535,36,Epa.R.,16
2STEP-VF,9,2,0.928028213199575,-0.19508180858689214,0.03284330512739708,8.11796035034576,36,Epa.R.,17
2STEP-VF,9,2,0.9204052542489042,-0.208180424974661,0.03509542371874544,4.420107162851915,36,Epa.R.,18
2STEP-VF,9,2,0.9231724736358339,-0.18892643149732613,0.038339532542788636,4.574487623780275,36,Epa.R.,19
2STEP-VF,9,2,0.9070380660036227,-0.20451771108772177,0.03376623783625564,4.44234644637957,36,Epa.R.,20
2STEP-VF,9,2,0.9289726303299012,-0.20618871985850978,0.024821346469419615,3.594811468628001,36,Epa.R.,21
2STEP-VF,9,2,0.9249526547150749,-0.1968732333045594,0.04136724653200579,6.8581397740803505,36,Epa.R.,22
2STEP-VF,9,2,0.9125397244450371,-0.2023800963775039,0.04033619572252874,6.755941816020307,36,Epa.R.,23
2STEP-VF,9,2,0.9087579020067148,-0.19881370220385244,0.040501225813085864,5.5235770669088895,36,Epa.R.,24
2STEP-VF,9,2,0.9159156805985927,-0.19009832695523596,0.03648597877232398,4.1163163555400235,36,Epa.R.,25
2STEP-VF,9,2,0.9076276885934256,-0.19166529574141689,0.03519285524230762,6.113400720605167,36,Epa.R.,26
2STEP-VF,9,2,0.9200596124068288,-0.20590461829434759,0.04438464860742312,3.9907595832170824,36,Epa.R.,27
2STEP-VF,9,2,0.9173791002328346,-0.20120079653484374,0.04423308035619241,4.6818021328964985,36,Epa.R.,28
2STEP-VF,9,2,0.9227405198402351,-0.1866337645172868,0.03668850736410441,4.947614083515219,36,Epa.R.,29
2STEP-VF,9,2,0.922564958607976,-0.2059054990548291,0.038785765185672394,6.35523428075634,36,Epa.R.,30
2STEP-VF,9,2,0.9299980734022407,-0.20750868624181099,0.03694089555413007,4.063109476488219,36,Epa.R.,31
2STEP-VF,9,2,0.9192144330288934,-0.18797113626769435,0.04204712774159956,4.626513244588783,36,Epa.R.,32
2STEP-VF,9,2,0.9169849843216099,-0.19948686872489044,0.03813711024533677,4.958660111642311,36,Epa.R.,33
2STEP-VF,9,2,0.9232042788195914,-0.19650273305469182,0.03921143389672395,5.533964688540382,36,Epa.R.,34
2STEP-VF,9,2,0.9093612996733017,-0.19099376966968185,0.04219117068792466,4.701094983359842,36,Epa.R.,35
2STEP-VF,9,2,0.9038395628711886,-0.19308316033812858,0.04942283227984064,3.997737753461827,36,Epa.R.,36
2STEP-VF,9,2,0.9139971096869097,-0.19291933718002136,0.038528225678819555,8.884269673671922,36,Epa.R.,37
2STEP-VF,9,2,0.9081035373370288,-0.19747546908784094,0.04193310053120579,4.233982195364971,36,Epa.R.,38
2STEP-VF,9,2,0.914905486211977,-0.18454876271567824,0.03970944623303696,3.80034739004651,36,Epa.R.,39
2STEP-VF,9,2,0.9223952762784309,-0.20603475209937835,0.03124542180428009,3.635158175014149,36,Epa.R.,40
2STEP-VF,9,2,0.9169307571286022,-0.19112238563990216,0.03421487423920845,9.137468778747877,36,Epa.R.,41
2STEP-VF,9,2,0.9151733368215977,-0.1944251617850469,0.03385316835826751,5.951147598008611,36,Epa.R.,42
2STEP-VF,9,2,0.9188476186391532,-0.20181696765321647,0.03510008830806151,5.624120013410614,36,Epa.R.,43
2STEP-VF,9,2,0.9130524288324096,-0.18993381028052234,0.03943048261686737,5.121176232924702,36,Epa.R.,44
2STEP-VF,9,2,0.9088919929410791,-0.19264226773759294,0.03452558676652682,4.555156840670394,36,Epa.R.,45
2STEP-VF,9,2,0.9186862130080706,-0.20188743203795378,0.03435169428352648,4.914671687388234,36,Epa.R.,46
2STEP-VF,9,2,0.9206868044052297,-0.19630458866341355,0.03393714590784298,4.569377666825842,36,Epa.R.,47
2STEP-VF,9,2,0.902671964812099,-0.19161639855459944,0.045158589436223806,6.23880445047995,36,Epa.R.,48
2STEP-VF,9,2,0.9134547800502119,-0.20737217512191736,0.047020951827198454,4.613617025052501,36,Epa.R.,49
2STEP-VF,9,2,0.9150694617169971,-0.19952940800631072,0.04070981020608744,8.513782056911863,36,Epa.R.,50
2STEP-VF,9,2,0.9205447099016648,-0.19755297487010726,0.03421281965635038,3.5650636297318266,36,Epa.R.,51
2STEP-VF,9,2,0.9233196340287482,-0.19544453260097808,0.03456793160203338,5.816366979785038,36,Epa.R.,52
2STEP-VF,9,2,0.912864978827384,-0.19317997708591347,0.03853466835020355,4.731414683241189,36,Epa.R.,53
2STEP-VF,9,2,0.9169152685692221,-0.19105131956886673,0.03322437386278545,5.988527337099188,36,Epa.R.,54
2STEP-VF,9,2,0.9187886391795681,-0.19764918743083737,0.03886156965674716,4.83391201348867,36,Epa.R.,55
2STEP-VF,9,2,0.909997647706298,-0.1976718798223994,0.03920063102795963,5.93546192130762,36,Epa.R.,56
2STEP-VF,9,2,0.9216630439205561,-0.20153082206071407,0.03210393547291185,4.629321968987834,36,Epa.R.,57
2STEP-VF,9,2,0.9132571506065305,-0.20140936921666558,0.03258107102493283,4.167791676316106,36,Epa.R.,58
2STEP-VF,9,2,0.9082235813121258,-0.18575704207135224,0.04147041570040435,4.13885119775716,36,Epa.R.,59
2STEP-VF,9,2,0.9136453962754458,-0.19857285351659434,0.04705418687330705,4.8671708220203165,36,Epa.R.,60
2STEP-VF,9,2,0.9078906340586449,-0.20226477688977257,0.043183945305000686,5.231124799427034,36,Epa.R.,61
2STEP-VF,9,2,0.9110696383017517,-0.19114375595928554,0.04383167347931603,7.212613548555513,36,Epa.R.,62
2STEP-VF,9,2,0.9242854769642249,-0.20210297507249234,0.027737367657641402,4.603452159086429,36,Epa.R.,63
2STEP-VF,9,2,0.9045871688413478,-0.2031733716883628,0.051072842880533285,3.947121940124077,36,Epa.R.,64
2STEP-VF,9,2,0.9151869016251756,-0.19794486910171333,0.03804485929819923,4.736955964793666,36,Epa.R.,65
2STEP-VF,9,2,0.9247750506429993,-0.19364517929916586,0.03089423397566527,3.9329129790868813,36,Epa.R.,66
2STEP-VF,9,2,0.9328287275327701,-0.2054132388611432,0.02818436006772861,4.2250260842939635,36,Epa.R.,67
2STEP-VF,9,2,0.9155723462787206,-0.1911919283331273,0.04277885106493479,3.462980691965218,36,Epa.R.,68
2STEP-VF,9,2,0.9315444284965844,-0.20385509993186834,0.03273988582175412,3.671068929549469,36,Epa.R.,69
2STEP-VF,9,2,0.9135859645396571,-0.20279575897615099,0.04137417311637072,5.6038585361881985,36,Epa.R.,70
2STEP-VF,9,2,0.9144932105787187,-0.2046113942125413,0.038326940473955275,4.05668197775109,36,Epa.R.,71
2STEP-VF,9,2,0.9108792017582243,-0.19176612437740354,0.05042710322600777,3.5445050422300914,36,Epa.R.,72
2STEP-VF,9,2,0.9312575987454462,-0.19624533289291501,0.03344643494166267,8.023507463304103,36,Epa.R.,73
2STEP-VF,9,2,0.9260775351107309,-0.19211686377704215,0.03525500828828035,4.105785702289795,36,Epa.R.,74
2STEP-VF,9,2,0.9125756901482781,-0.19158381646719366,0.030293790435566025,4.445476227026256,36,Epa.R.,75
2STEP-VF,9,2,0.9125328369462665,-0.20138639085474302,0.04177003892899545,4.040100004513564,36,Epa.R.,76
2STEP-VF,9,2,0.9134334530733592,-0.19880129598003782,0.04294117308748223,3.8326640100656926,36,Epa.R.,77
2STEP-VF,9,2,0.9088938082235304,-0.18833843540775938,0.040854306436674856,6.989083047694839,36,Epa.R.,78
2STEP-VF,9,2,0.93360949564907,-0.20397975228874077,0.030083344500343917,4.811056740649964,36,Epa.R.,79
2STEP-VF,9,2,0.840268039638606,-0.19381265960671334,0.048574994634734026,29.560792288145485,36,Epa.R.,80
2STEP-VF,9,2,0.924795762325691,-0.20525766756227593,0.028781863635842203,4.866395265796227,36,Epa.R.,81
2STEP-VF,9,2,0.9120665761680962,-0.19543687557362194,0.04119552442696429,4.677584763384957,36,Epa.R.,82
2STEP-VF,9,2,0.9183575503520841,-0.19911376555428598,0.041513084699134103,4.033324995239176,36,Epa.R.,83
2STEP-VF,9,2,0.9079258540182454,-0.1996452278008552,0.036926832813682954,6.56316138531797,36,Epa.R.,84
2STEP-VF,9,2,0.9171158708170818,-0.20379070455886292,0.02302164419593949,3.8169469773934255,36,Epa.R.,85
2STEP-VF,9,2,0.9191907201114216,-0.20428935792358696,0.03642040144927074,4.972859176938951,36,Epa.R.,86
2STEP-VF,9,2,0.9139548548150164,-0.1960298510619403,0.037745281105199834,4.097311024544369,36,Epa.R.,87
2STEP-VF,9,2,0.9153980619174135,-0.19978724202014742,0.03674394550537049,3.8505391889614273,36,Epa.R.,88
2STEP-VF,9,2,0.9255267317197766,-0.1974655182463468,0.03921460329409898,5.942471543465096,36,Epa.R.,89
2STEP-VF,9,2,0.9110867906216173,-0.20271025033369441,0.039799485341101754,13.32540049353897,36,Epa.R.,90
2STEP-VF,9,2,0.9214504139210372,-0.1933877770386642,0.03875432987560739,4.970615549705437,36,Epa.R.,91
2STEP-VF,9,2,0.9198507028313949,-0.19332071632408893,0.03070666351872738,5.541052975821677,36,Epa.R.,92
2STEP-VF,9,2,0.9126218776820914,-0.1946544944773653,0.034522431303293154,6.07675358012098,36,Epa.R.,93
2STEP-VF,9,2,0.9137414083636562,-0.2013069389852327,0.04261760070195039,4.71188867266347,36,Epa.R.,94
2STEP-VF,9,2,0.9128077289153098,-0.19581102462840538,0.03806484183336265,6.726690304038722,36,Epa.R.,95
2STEP-VF,9,2,0.9132463634255035,-0.20091532981138516,0.03263906656356204,4.7673583415977205,36,Epa.R.,96
2STEP-VF,9,2,0.9098852279387667,-0.20493119125820852,0.03805535637150598,3.6832632635115843,36,Epa.R.,97
2STEP-VF,9,2,0.9240634948328018,-0.19890845330599613,0.04080524793637085,4.961757753600096,36,Epa.R.,98
2STEP-VF,9,2,0.9159152463182978,-0.19095918514329774,0.03910148119968111,4.585019979375061,36,Epa.R.,99
2STEP-VF,9,2,2.3132253148985695,-0.41724479404279896,0.06573948992692323,7.075390510809924,40,Epa.R.,0
2STEP-VF,9,2,2.32391459273712,-0.4107070253778942,0.06572667927884554,4.7660423788510995,40,Epa.R.,1
2STEP-VF,9,2,2.306227936390538,-0.4122783404755805,0.06572418839032489,4.4769211195108225,40,Epa.R.,2
2STEP-VF,9,2,2.3207115107570275,-0.38258460994998034,0.06136778062091159,4.232138122413078,40,Epa.R.,3
2STEP-VF,9,2,2.31359209944023,-0.3841858936968195,0.05049444874728895,3.950671948750139,40,Epa.R.,4
2STEP-VF,9,2,2.3140273183943227,-0.40747007650931855,0.06379598089051837,4.207548870802007,40,Epa.R.,5
2STEP-VF,9,2,2.322484449444961,-0.40046769098503976,0.06182702136851936,4.277475726647437,40,Epa.R.,6
2STEP-VF,9,2,2.3001603333520353,-0.40394365118488723,0.06729082707100549,4.628212396922817,40,Epa.R.,7
2STEP-VF,9,2,2.33267353670394,-0.40706472852881354,0.06441064970720706,4.453390919467983,40,Epa.R.,8
2STEP-VF,9,2,2.2881281543107854,-0.40663613868442156,0.07385234437114734,4.798885680993328,40,Epa.R.,9
2STEP-VF,9,2,2.2969313393444,-0.40898164931985265,0.06169767350104365,14.572807794254942,40,Epa.R.,10
2STEP-VF,9,2,2.3172836862046196,-0.4154735902896158,0.05964200478602244,4.217029580375836,40,Epa.R.,11
2STEP-VF,9,2,2.3114945503232267,-0.40237381330273125,0.06450878447070117,16.823097132146184,40,Epa.R.,12
2STEP-VF,9,2,2.317401361167271,-0.40847848055444463,0.05282376250303859,3.888720536978802,40,Epa.R.,13
2STEP-VF,9,2,2.327719978742487,-0.39817304554063876,0.043029542021656264,3.7775644685110654,40,Epa.R.,14
2STEP-VF,9,2,2.32540771514231,-0.4079769045930578,0.05643887266106633,4.5360264282056475,40,Epa.R.,15
2STEP-VF,9,2,2.327334825124948,-0.40391131948753906,0.059585865490506006,4.20397938588118,40,Epa.R.,16
2STEP-VF,9,2,2.306331286631684,-0.41321303496013295,0.0776984088688057,4.601644411368217,40,Epa.R.,17
2STEP-VF,9,2,2.3102521540531145,-0.4143975758646626,0.06522736752051433,5.805166514092985,40,Epa.R.,18
2STEP-VF,9,2,2.307745854964129,-0.4069745686820468,0.07295684209171976,3.543604762820354,40,Epa.R.,19
2STEP-VF,9,2,2.3151653958932785,-0.3983604761761576,0.06576162594399176,4.824328537177923,40,Epa.R.,20
2STEP-VF,9,2,2.292410463710305,-0.4097079873547653,0.06672633454544988,3.7482060962472463,40,Epa.R.,21
2STEP-VF,9,2,2.315394578675346,-0.4292727661958286,0.05994060614175096,4.24491379929316,40,Epa.R.,22
2STEP-VF,9,2,2.309818049154678,-0.4089133332104772,0.06037897791561946,6.464279055264296,40,Epa.R.,23
2STEP-VF,9,2,2.3053192794037223,-0.40589770524879515,0.04601966611592582,4.131090136804679,40,Epa.R.,24
2STEP-VF,9,2,2.3192835351319667,-0.40098046991196823,0.0657255494538986,7.995577793823395,40,Epa.R.,25
2STEP-VF,9,2,2.319709677071269,-0.3962778991915706,0.06693011265790033,5.211723920231845,40,Epa.R.,26
2STEP-VF,9,2,2.3196253172794354,-0.3854646049338893,0.0704672213126322,4.263947212551064,40,Epa.R.,27
2STEP-VF,9,2,2.3090595441581074,-0.3892331630414955,0.03563476160569683,3.9184523542905256,40,Epa.R.,28
2STEP-VF,9,2,2.3140826266290877,-0.41792941886641566,0.058719714155499994,5.04177481854595,40,Epa.R.,29
2STEP-VF,9,2,2.310585497524403,-0.39751647471332774,0.07142409391179744,3.4607805706435917,40,Epa.R.,30
2STEP-VF,9,2,2.322821615113678,-0.40891003840807405,0.07836645550461369,3.9726633958096955,40,Epa.R.,31
2STEP-VF,9,2,2.3121727079814867,-0.3982208655894716,0.06393529944990382,5.357080611097273,40,Epa.R.,32
2STEP-VF,9,2,2.285344403883719,-0.4067261760100046,0.07199765633798187,5.592600186013383,40,Epa.R.,33
2STEP-VF,9,2,2.3100000478907465,-0.4089385577124123,0.0523889935959374,4.21775172910646,40,Epa.R.,34
2STEP-VF,9,2,2.319370359329079,-0.41193500670581695,0.050019541964715475,6.0555314424619135,40,Epa.R.,35
2STEP-VF,9,2,2.2981219561029667,-0.40794853491933797,0.07656437221805418,4.522961592417468,40,Epa.R.,36
2STEP-VF,9,2,2.331180160353483,-0.3997392485468571,0.042812687582473696,4.424862331604001,40,Epa.R.,37
2STEP-VF,9,2,2.3103258188469353,-0.41155940957336234,0.07272990618555944,4.613707380232364,40,Epa.R.,38
2STEP-VF,9,2,2.3224037979319685,-0.4079205806387451,0.06069191617876245,4.86069445349005,40,Epa.R.,39
2STEP-VF,9,2,2.3207297818539674,-0.40236211509672143,0.06502499578465204,4.0510804707850925,40,Epa.R.,40
2STEP-VF,9,2,2.3050886631801526,-0.41673387828604813,0.06957777826464526,3.44407397406823,40,Epa.R.,41
2STEP-VF,9,2,2.3258156626226185,-0.3859704428564938,0.06488174047146827,3.707629722526222,40,Epa.R.,42
2STEP-VF,9,2,2.288639869110903,-0.3908009869798281,0.06388603327435545,5.169040731394892,40,Epa.R.,43
2STEP-VF,9,2,2.3267003483292905,-0.40252715627203633,0.043691592650672934,4.702161149711669,40,Epa.R.,44
2STEP-VF,9,2,2.304434965532538,-0.4152688689818365,0.07868978903927619,3.767609800683484,40,Epa.R.,45
2STEP-VF,9,2,2.319737985765391,-0.4021376726779914,0.06161814520002087,5.069140983124284,40,Epa.R.,46
2STEP-VF,9,2,2.313649196502864,-0.39767226832613034,0.05959667483915912,4.006523676102413,40,Epa.R.,47
2STEP-VF,9,2,2.32268017174736,-0.3894112565410762,0.05121527318541854,3.7591344355793304,40,Epa.R.,48
2STEP-VF,9,2,2.330406950490087,-0.39163495755993205,0.04872809647571494,3.04917071274394,40,Epa.R.,49
2STEP-VF,9,2,2.318021710749585,-0.39371164311603357,0.06990344657951521,4.926762996085241,40,Epa.R.,50
2STEP-VF,9,2,2.315692390332334,-0.3949372687182752,0.057410019247028835,4.3913018143369325,40,Epa.R.,51
2STEP-VF,9,2,2.301614111492948,-0.4024089415924085,0.06121384022186152,4.556924162497317,40,Epa.R.,52
2STEP-VF,9,2,2.316857227369259,-0.4032182793323224,0.038553446409274064,3.5090240110008946,40,Epa.R.,53
2STEP-VF,9,2,2.3076084881334795,-0.41266520371964227,0.07398829515193377,4.95968911464418,40,Epa.R.,54
2STEP-VF,9,2,2.317469130424685,-0.41934059880019137,0.05159578746964666,4.376636547583888,40,Epa.R.,55
2STEP-VF,9,2,2.3409076102446944,-0.4039115868494481,0.04972731981484464,8.847041235103275,40,Epa.R.,56
2STEP-VF,9,2,2.3148766588140326,-0.40832014998080235,0.064988945475452,3.734703775252069,40,Epa.R.,57
2STEP-VF,9,2,2.291826389026116,-0.3952677700628118,0.0637629817988335,6.274757452771942,40,Epa.R.,58
2STEP-VF,9,2,2.3241802056813015,-0.4194794437326656,0.0584535232500494,6.0608533790095445,40,Epa.R.,59
2STEP-VF,9,2,2.324517432271375,-0.415184360720795,0.04813780191134474,3.5505798727962663,40,Epa.R.,60
2STEP-VF,9,2,2.3124068862630387,-0.4193988416883828,0.06134019164064973,4.600683189472075,40,Epa.R.,61
2STEP-VF,9,2,2.3033911581970066,-0.3984912183966616,0.07094695847062805,3.583024586899987,40,Epa.R.,62
2STEP-VF,9,2,2.3328224101476702,-0.39652422477778093,0.05038385131782721,5.534905330595903,40,Epa.R.,63
2STEP-VF,9,2,2.289300043240109,-0.39566793148363516,0.049923644578812085,3.3591840497048957,40,Epa.R.,64
2STEP-VF,9,2,2.3257798240328054,-0.41333590749836974,0.0495371138764919,4.813236795713751,40,Epa.R.,65
2STEP-VF,9,2,2.2917666665464336,-0.43342302794296206,0.0622798333306052,9.002353187617427,40,Epa.R.,66
2STEP-VF,9,2,2.311698388497401,-0.41260440906407103,0.06180410980417034,4.236124728263634,40,Epa.R.,67
2STEP-VF,9,2,2.300537669254211,-0.3992343027444578,0.07356303093241859,5.486089459719882,40,Epa.R.,68
2STEP-VF,9,2,2.3188314546936506,-0.4008692755239974,0.0634779128943663,4.362188777962424,40,Epa.R.,69
2STEP-VF,9,2,2.3201634675984972,-0.3867863387303337,0.05132827631999212,5.171304152664686,40,Epa.R.,70
2STEP-VF,9,2,2.322257280462614,-0.4103738221235712,0.056925706967143726,7.477613964626484,40,Epa.R.,71
2STEP-VF,9,2,2.304676670343976,-0.4046334673701392,0.06365134445616392,3.9861664452791903,40,Epa.R.,72
2STEP-VF,9,2,2.3263268206412793,-0.41598771467875306,0.06236439004973267,4.903977804432893,40,Epa.R.,73
2STEP-VF,9,2,2.3141666569776733,-0.3934733003590328,0.05878787799999648,5.088188558185258,40,Epa.R.,74
2STEP-VF,9,2,2.3068701129005458,-0.39966607805812526,0.06272597074161489,5.751831479707938,40,Epa.R.,75
2STEP-VF,9,2,2.3144763311342813,-0.40730869543992393,0.059144386333773225,6.964840858153113,40,Epa.R.,76
2STEP-VF,9,2,2.3047207429420347,-0.4003361447921673,0.06780672816871193,6.7349352613682525,40,Epa.R.,77
2STEP-VF,9,2,2.309395450585314,-0.40399302316179536,0.08210564039507944,4.561870984278009,40,Epa.R.,78
2STEP-VF,9,2,2.327167548238785,-0.4033522755578722,0.05313682807678694,4.7594283915934685,40,Epa.R.,79
2STEP-VF,9,2,2.31906433043257,-0.39599494348721703,0.0538933195523182,4.737989733330655,40,Epa.R.,80
2STEP-VF,9,2,2.3207464143200514,-0.4005812800084952,0.057070683471280574,7.4225601260981,40,Epa.R.,81
2STEP-VF,9,2,2.3204182805860682,-0.42252845850080606,0.057002121183304486,3.646615580521395,40,Epa.R.,82
2STEP-VF,9,2,2.324261755854746,-0.39650992141455965,0.0614265893862064,6.674538081469878,40,Epa.R.,83
2STEP-VF,9,2,2.2784087252737466,-0.4092606914032843,0.0695680555048385,22.01597701632352,40,Epa.R.,84
2STEP-VF,9,2,2.3107262593387485,-0.40212445841857236,0.07035145340884447,4.669650425948245,40,Epa.R.,85
2STEP-VF,9,2,2.314187621519709,-0.3947620024736746,0.0573570655169447,4.11022349905197,40,Epa.R.,86
2STEP-VF,9,2,2.3157010365532122,-0.4131297021435449,0.06865778383810209,5.107766463347202,40,Epa.R.,87
2STEP-VF,9,2,2.329658723201308,-0.414968431491385,0.05956563911575082,7.031964665183393,40,Epa.R.,88
2STEP-VF,9,2,2.314586394674222,-0.3962340896690866,0.06490408458964252,4.115432354707411,40,Epa.R.,89
2STEP-VF,9,2,2.290730033576074,-0.38962877949500274,0.0763521752390342,3.4054449594876717,40,Epa.R.,90
2STEP-VF,9,2,2.31423531177691,-0.390924046959607,0.0559967812236771,3.93928833310471,40,Epa.R.,91
2STEP-VF,9,2,2.277232912594953,-0.3972332458212428,0.06678178869089699,17.147328091939826,40,Epa.R.,92
2STEP-VF,9,2,2.339775159613396,-0.4188431845997606,0.03900501108516095,4.40324144871899,40,Epa.R.,93
2STEP-VF,9,2,2.3309143212587027,-0.3963407192960309,0.04757891490533804,3.791391438065186,40,Epa.R.,94
2STEP-VF,9,2,2.3109957912008023,-0.39889204456954647,0.06980775583731655,4.617936393515409,40,Epa.R.,95
2STEP-VF,9,2,2.3246424261358944,-0.4116952868110198,0.03657350988947781,3.400261699633566,40,Epa.R.,96
2STEP-VF,9,2,2.299356891565852,-0.3934975311069229,0.06824547361219141,4.8437131411603165,40,Epa.R.,97
2STEP-VF,9,2,2.3199638197894443,-0.40152846962451144,0.05479645397452454,5.108126822368255,40,Epa.R.,98
2STEP-VF,9,2,2.3048784775828013,-0.40347375011871506,0.06023969716840251,4.939166614750945,40,Epa.R.,99
2STEP-VF,9,2,4.639136882053049,-0.679496805129655,0.0659158515302092,3.7285618444509474,44,Epa.R.,0
2STEP-VF,9,2,4.639757307897187,-0.6767457568593522,0.10177377172524515,3.9926850296019003,44,Epa.R.,1
2STEP-VF,9,2,4.6439604430001005,-0.6638974411783213,0.07795508497721282,5.0925465087118305,44,Epa.R.,2
2STEP-VF,9,2,4.662299831418469,-0.6666522587998218,0.07413967212617004,5.396871032581368,44,Epa.R.,3
2STEP-VF,9,2,4.689068485638421,-0.6740424561756314,0.07066937461896723,8.437846220033785,44,Epa.R.,4
2STEP-VF,9,2,4.659427768508057,-0.6742670515744115,0.06837169166913304,6.936830476228631,44,Epa.R.,5
2STEP-VF,9,2,4.64943269319921,-0.677969476220664,0.07268765106477597,4.14416672675302,44,Epa.R.,6
2STEP-VF,9,2,4.645846032076129,-0.6707189189097681,0.0839303439481226,4.6162186088113675,44,Epa.R.,7
2STEP-VF,9,2,4.662017466064762,-0.6664918242444112,0.07432348576875022,6.754501298154398,44,Epa.R.,8
2STEP-VF,9,2,4.654696348512187,-0.6734158361011452,0.0728054001521029,3.726071469252009,44,Epa.R.,9
2STEP-VF,9,2,4.631125840649732,-0.6646623545881117,0.10054842003690627,4.119864969976074,44,Epa.R.,10
2STEP-VF,9,2,4.667528440093304,-0.6579848337819698,0.08482632943959484,4.28070286306704,44,Epa.R.,11
2STEP-VF,9,2,4.659276658610633,-0.6528941087246788,0.06042225412183028,5.563311188860017,44,Epa.R.,12
2STEP-VF,9,2,4.652227657009199,-0.657358924425893,0.07975341866559828,5.166049485226041,44,Epa.R.,13
2STEP-VF,9,2,4.636947229681378,-0.6747387102971782,0.09664338040435289,4.898433532951851,44,Epa.R.,14
2STEP-VF,9,2,4.649881496047612,-0.6604856644989615,0.07396299274908139,5.384226247690941,44,Epa.R.,15
2STEP-VF,9,2,4.653990892332559,-0.6639485598647894,0.07017414627688269,4.311110816022848,44,Epa.R.,16
2STEP-VF,9,2,4.663626481524994,-0.6714950091529143,0.05981618290129168,4.192635027805629,44,Epa.R.,17
2STEP-VF,9,2,4.6616831111431765,-0.6745108345838311,0.07876795657826689,4.889630806234887,44,Epa.R.,18
2STEP-VF,9,2,4.639704710359044,-0.6401784400688427,0.07657019088003769,4.166952269904483,44,Epa.R.,19
2STEP-VF,9,2,4.657740614423206,-0.6507478653438944,0.08108442263181574,4.69919614538702,44,Epa.R.,20
2STEP-VF,9,2,4.658957017450026,-0.6614241767771153,0.052028023112001394,4.703643925489478,44,Epa.R.,21
2STEP-VF,9,2,4.667715224044122,-0.6755075624396375,0.08127403068715866,6.674977350808167,44,Epa.R.,22
2STEP-VF,9,2,4.658073551895476,-0.6610375304619546,0.08193660566217004,6.197469894294919,44,Epa.R.,23
2STEP-VF,9,2,4.658670916790977,-0.6643232697385772,0.07218455022572917,4.948451401056364,44,Epa.R.,24
2STEP-VF,9,2,4.656354492404293,-0.6900467851777459,0.053744396158012214,4.2834192828962125,44,Epa.R.,25
2STEP-VF,9,2,4.646549727998308,-0.642220375250452,0.09470773763688468,3.2908771419779033,44,Epa.R.,26
2STEP-VF,9,2,4.674854741554744,-0.6766642903381982,0.06030116586536289,4.788220208380897,44,Epa.R.,27
2STEP-VF,9,2,4.666574447105563,-0.6771817959978833,0.10328890652678914,3.501707916149565,44,Epa.R.,28
2STEP-VF,9,2,4.6622598162276025,-0.681152157592687,0.0845579942167601,3.8119679488132716,44,Epa.R.,29
2STEP-VF,9,2,4.635340800934354,-0.6891237690188551,0.08935458118908289,4.201941620773232,44,Epa.R.,30
2STEP-VF,9,2,4.671301029907261,-0.6611482987608154,0.06282869734734005,5.077853968948433,44,Epa.R.,31
2STEP-VF,9,2,4.652147761835144,-0.6720750190779479,0.08779069040257692,4.021500958371173,44,Epa.R.,32
2STEP-VF,9,2,4.647366784720976,-0.6744234623923397,0.08794196009122839,3.986357125941882,44,Epa.R.,33
2STEP-VF,9,2,4.655702378141887,-0.6562248100642811,0.07357148274477715,4.973535978733216,44,Epa.R.,34
2STEP-VF,9,2,4.701243456060861,-0.6733616324282609,0.0666853226421734,6.09072192970372,44,Epa.R.,35
2STEP-VF,9,2,4.651799935229314,-0.6616582746612941,0.10694118356180156,3.3182430270672567,44,Epa.R.,36
2STEP-VF,9,2,4.6540255640390535,-0.6860690314236176,0.0744848102785908,5.310072215492175,44,Epa.R.,37
2STEP-VF,9,2,4.6468043844550175,-0.666993191949239,0.10223548701853644,3.897040456409348,44,Epa.R.,38
2STEP-VF,9,2,4.644072862340401,-0.6479533362163421,0.08511998013060042,4.275206410456209,44,Epa.R.,39
2STEP-VF,9,2,4.673816160399323,-0.6326398829323604,0.06069815841321427,3.5773580667874936,44,Epa.R.,40
2STEP-VF,9,2,4.670473535041305,-0.664762958962341,0.07026426349296219,4.3139731524542455,44,Epa.R.,41
2STEP-VF,9,2,4.654191339172643,-0.6815306008797042,0.08873786500849751,3.6296850071598756,44,Epa.R.,42
2STEP-VF,9,2,4.677127419259166,-0.6582776354061576,0.049290327549911195,3.3250765451522226,44,Epa.R.,43
2STEP-VF,9,2,4.661447427255164,-0.6560454901621925,0.07564941947304536,4.401101748336175,44,Epa.R.,44
2STEP-VF,9,2,4.669390006086885,-0.6664418479210678,0.06800447225603305,4.37281201655346,44,Epa.R.,45
2STEP-VF,9,2,4.658284722347903,-0.6597086205181418,0.08088764010870678,3.670237804437707,44,Epa.R.,46
2STEP-VF,9,2,4.664382441620801,-0.6593640066790879,0.07728173619324012,7.77106208391138,44,Epa.R.,47
2STEP-VF,9,2,4.650851399948013,-0.6661248850883089,0.07827775471418279,6.191990417524377,44,Epa.R.,48
2STEP-VF,9,2,4.657282164378081,-0.680781206193665,0.0609982584999784,3.959675797095012,44,Epa.R.,49
2STEP-VF,9,2,4.628453524199645,-0.6584360553009279,0.072558600064723,4.750794697294624,44,Epa.R.,50
2STEP-VF,9,2,4.629033458544626,-0.6479538266714986,0.07913342676884486,4.618706246064934,44,Epa.R.,51
2STEP-VF,9,2,4.641564716956515,-0.6608380831461903,0.09182906234719132,4.025847938032405,44,Epa.R.,52
2STEP-VF,9,2,4.643144424187162,-0.6458487372771659,0.07613161370115883,5.939224360630924,44,Epa.R.,53
2STEP-VF,9,2,4.658712469532205,-0.6784352816168878,0.07040264347993373,3.4244157607304198,44,Epa.R.,54
2STEP-VF,9,2,4.682048150336242,-0.6741856128482825,0.034841614381426834,4.331326815832137,44,Epa.R.,55
2STEP-VF,9,2,4.6334330966562485,-0.6688220580199945,0.10080604131696942,4.332429661021686,44,Epa.R.,56
2STEP-VF,9,2,4.6443308588331185,-0.6642818154076541,0.061602631517720254,3.7677797641284,44,Epa.R.,57
2STEP-VF,9,2,4.660694881735047,-0.6646436799703053,0.07593222953346153,6.302269048360559,44,Epa.R.,58
2STEP-VF,9,2,4.649442843250307,-0.669027724259954,0.07615508319457003,3.7681121130634905,44,Epa.R.,59
2STEP-VF,9,2,4.66052884607697,-0.6447281429444812,0.060353878295867254,3.657867046943656,44,Epa.R.,60
2STEP-VF,9,2,4.643773985663046,-0.6790568984161117,0.07935163850369237,4.648356759293822,44,Epa.R.,61
2STEP-VF,9,2,4.650657926188724,-0.6612778857346574,0.05786371574035033,4.064149962806195,44,Epa.R.,62
2STEP-VF,9,2,4.65354300319915,-0.6601733186624273,0.08865103977801973,3.848277362949658,44,Epa.R.,63
2STEP-VF,9,2,4.642608439148708,-0.632266357216031,0.09412974728388414,4.096900010481696,44,Epa.R.,64
2STEP-VF,9,2,4.646829263971881,-0.6699085344221581,0.08128773976944627,5.201250301862988,44,Epa.R.,65
2STEP-VF,9,2,4.633310706610083,-0.6617596147846729,0.07594950516471131,4.67473929417869,44,Epa.R.,66
2STEP-VF,9,2,4.650903403982995,-0.654402694464206,0.08467003842077464,8.154718586029906,44,Epa.R.,67
2STEP-VF,9,2,4.667339556395558,-0.661869177226592,0.06304093364365866,6.537456313771555,44,Epa.R.,68
2STEP-VF,9,2,4.6322757743191865,-0.6442718313359217,0.07752932067152327,4.387641777117439,44,Epa.R.,69
2STEP-VF,9,2,4.658776910500056,-0.6573302449964141,0.09017450077799205,4.186308120421982,44,Epa.R.,70
2STEP-VF,9,2,4.651110452239187,-0.6533414645348808,0.0716354955131563,4.015934510488061,44,Epa.R.,71
2STEP-VF,9,2,4.675662063022764,-0.6493676014030801,0.06805906772338632,3.5332669635329848,44,Epa.R.,72
2STEP-VF,9,2,4.651597999852818,-0.6415817373104028,0.08721631749858257,8.1342224520236,44,Epa.R.,73
2STEP-VF,9,2,4.68047608816173,-0.6601088344780048,0.0764011595392509,4.235885086871978,44,Epa.R.,74
2STEP-VF,9,2,4.646678210996978,-0.6838563742154792,0.08021621192011534,4.557192993895794,44,Epa.R.,75
2STEP-VF,9,2,4.647492100729319,-0.6702170026159132,0.08251133748139303,4.76894883052852,44,Epa.R.,76
2STEP-VF,9,2,4.663799181937022,-0.6689913984705005,0.054056553624587514,3.967375524847846,44,Epa.R.,77
2STEP-VF,9,2,4.637315574699048,-0.669897379503059,0.06338566564449274,3.7430678754403885,44,Epa.R.,78
2STEP-VF,9,2,4.663318295383393,-0.6641040626141292,0.0715945320304527,4.0774150660279505,44,Epa.R.,79
2STEP-VF,9,2,4.639810240758574,-0.6624816750649313,0.06263904284143075,4.645794842361275,44,Epa.R.,80
2STEP-VF,9,2,4.640252674604012,-0.6699508627788335,0.07653674607974975,4.264273348438406,44,Epa.R.,81
2STEP-VF,9,2,4.661905561997114,-0.6665942258765416,0.08256936789593577,12.577819925340158,44,Epa.R.,82
2STEP-VF,9,2,4.682213661431399,-0.6503887242380816,0.06875486724833978,6.143956125082563,44,Epa.R.,83
2STEP-VF,9,2,4.641033704401453,-0.6479062104330118,0.09108952082462969,5.200095264896021,44,Epa.R.,84
2STEP-VF,9,2,4.655088317300182,-0.6745390187032897,0.06370601297519446,3.964319682546645,44,Epa.R.,85
2STEP-VF,9,2,4.656430010772013,-0.6762681236086014,0.10360269414757892,4.01091893630323,44,Epa.R.,86
2STEP-VF,9,2,4.66195666017857,-0.6515329687378234,0.07431561708580446,3.7745272235334237,44,Epa.R.,87
2STEP-VF,9,2,4.650834867619822,-0.6633315957835646,0.07574557866044598,4.635173325748895,44,Epa.R.,88
2STEP-VF,9,2,4.668059791816288,-0.6628820251530614,0.06736008334619213,5.4243516718982265,44,Epa.R.,89
2STEP-VF,9,2,4.65846461737996,-0.6695086463928291,0.07305599025290643,4.86559479008312,44,Epa.R.,90
2STEP-VF,9,2,4.651836722503377,-0.6575957249919311,0.08958838631910344,4.363640619810381,44,Epa.R.,91
2STEP-VF,9,2,4.6436378391348665,-0.6719502964325601,0.09517188570371864,3.6926486813763404,44,Epa.R.,92
2STEP-VF,9,2,4.638548547980597,-0.6715687228077173,0.0856211035426126,4.221790587894942,44,Epa.R.,93
2STEP-VF,9,2,4.624918054259302,-0.6483553967960788,0.10464240500263951,3.6676377771621924,44,Epa.R.,94
2STEP-VF,9,2,4.6340584563001945,-0.6659634758468973,0.09484724611524306,4.901632967777833,44,Epa.R.,95
2STEP-VF,9,2,4.70009867207743,-0.6721918604801693,0.07070352016067843,10.669357050575115,44,Epa.R.,96
2STEP-VF,9,2,4.649513222453519,-0.674916968416053,0.07722824615762851,4.365563621759618,44,Epa.R.,97
2STEP-VF,9,2,4.655307017330511,-0.6574708005046257,0.0543093674173465,4.991564014443765,44,Epa.R.,98
2STEP-VF,9,2,4.661209017095144,-0.6643018012005644,0.08282803619837273,4.621960569547904,44,Epa.R.,99
