method,M0,nu,price,delta,gamma,theta,ex_region,alpha_star,K,sigma,T,rep
2STEP-VF,9,2,0.029671560429373713,-0.02804335995010368,0.02973119500028302,-0.16876520249625296,False,1.6970562748477145,36,10,0.5,0
2STEP-VF,9,2,0.029781039277580343,-0.028306066141806162,0.027224190100735686,-0.14807209970889595,False,1.6970562748477145,36,10,0.5,1
2STEP-VF,9,2,0.030973163661987744,-0.030432708774824888,0.018786916521562086,-0.07539844129319773,False,1.6970562748477145,36,10,0.5,2
2STEP-VF,9,2,0.030878105167496544,-0.027531298130045494,0.02549555870949091,-0.13603666785376833,False,1.6970562748477145,36,10,0.5,3
2STEP-VF,9,2,0.03102281700480348,-0.026633294294177365,0.025136925312406744,-0.1353141271729401,False,1.6970562748477145,36,10,0.5,4
2STEP-VF,9,2,0.029436888931876702,-0.02670120685687746,0.021849049339742323,-0.1089432849255201,False,1.6970562748477145,36,10,0.5,5
2STEP-VF,9,2,0.03140575458652405,-0.028679484814674368,0.028985174355132946,-0.1611662860106537,False,1.6970562748477145,36,10,0.5,6
2STEP-VF,9,2,0.028796629426572417,-0.025616808372799664,0.023146260269766555,-0.12196194429781892,False,1.6970562748477145,36,10,0.5,7
2STEP-VF,9,2,0.030485165422932805,-0.02860433841933275,0.022463989028776138,-0.10923239009843456,False,1.6970562748477145,36,10,0.5,8
2STEP-VF,9,2,0.030241426535619374,-0.028366490726924664,0.020369273060537752,-0.0930601211475457,False,1.6970562748477145,36,10,0.5,9
2STEP-VF,9,2,0.030301046937761922,-0.026049560589134418,0.019428837985027078,-0.09109369565002834,False,1.6970562748477145,36,10,0.5,10
2STEP-VF,9,2,0.03037029360935051,-0.0280491664439729,0.020930262907677508,-0.0983018861793241,False,1.6970562748477145,36,10,0.5,11
2STEP-VF,9,2,0.03158937758766906,-0.027716672457290183,0.02638272865468156,-0.14264645268469595,False,1.6970562748477145,36,10,0.5,12
2STEP-VF,9,2,0.03113435881860142,-0.0282942657363318,0.025232836618409214,-0.13208839365096137,False,1.6970562748477145,36,10,0.5,13
2STEP-VF,9,2,0.030685367861969785,-0.02976840541036841,0.018613492537848823,-0.07562264524618824,False,1.6970562748477145,36,10,0.5,14
2STEP-VF,9,2,0.030265188292007535,-0.026861866437708583,0.026115392241035273,-0.1426387471802612,False,1.6970562748477145,36,10,0.5,15
2STEP-VF,9,2,0.030156391556933095,-0.02710670404948621,0.022346217102586018,-0.11190426360850528,False,1.6970562748477145,36,10,0.5,16
2STEP-VF,9,2,0.029464531356078027,-0.02951698344018807,0.029794325407493535,-0.1657459711221323,False,1.6970562748477145,36,10,0.5,17
2STEP-VF,9,2,0.030074708243191202,-0.027727539777032052,0.02398313351167984,-0.12351449013397038,False,1.6970562748477145,36,10,0.5,18
2STEP-VF,9,2,0.029434828299442793,-0.027544313517552727,0.017244806175196456,-0.07008600726147857,False,1.6970562748477145,36,10,0.5,19
2STEP-VF,9,2,0.030101243389878934,-0.026059085167532636,0.01878382233136971,-0.08592269964548667,False,1.6970562748477145,36,10,0.5,20
2STEP-VF,9,2,0.030301037181163802,-0.02838364061433894,0.023514198325549317,-0.1181747868991113,False,1.6970562748477145,36,10,0.5,21
2STEP-VF,9,2,0.030564584261897416,-0.028716810550022325,0.027780684410552516,-0.15149125490865276,False,1.6970562748477145,36,10,0.5,22
2STEP-VF,9,2,0.031148885129366675,-0.029895505871190664,0.025200475629127857,-0.12798565783440333,False,1.6970562748477145,36,10,0.5,23
2STEP-VF,9,2,0.030400925631263884,-0.027752511927877636,0.02277626069405261,-0.11378000138763875,False,1.6970562748477145,36,10,0.5,24
2STEP-VF,9,2,0.029647622905358637,-0.0276233942020627,0.023705818315264453,-0.12157154306284369,False,1.6970562748477145,36,10,0.5,25
2STEP-VF,9,2,0.030334310025532624,-0.02675687605712158,0.018859503070959616,-0.0848394634290532,False,1.6970562748477145,36,10,0.5,26
2STEP-VF,9,2,0.030834189621589438,-0.029470034881969615,0.02275689187888405,-0.10947699993704998,False,1.6970562748477145,36,10,0.5,27
2STEP-VF,9,2,0.029046639287207413,-0.027473086649261395,0.028999087696230098,-0.16431449525438105,False,1.6970562748477145,36,10,0.5,28
2STEP-VF,9,2,0.030848474417969212,-0.027612017150730955,0.018038317135869907,-0.07618678746012685,False,1.6970562748477145,36,10,0.5,29
2STEP-VF,9,2,0.03146411508379323,-0.029933319870695467,0.0242013453773682,-0.11988294842424893,False,1.6970562748477145,36,10,0.5,30
2STEP-VF,9,2,0.03181372649286604,-0.028932963678462237,0.02084449692929795,-0.09540803901650231,False,1.6970562748477145,36,10,0.5,31
2STEP-VF,9,2,0.030500538341047583,-0.02882179575794604,0.02177832659577263,-0.10322427064664771,False,1.6970562748477145,36,10,0.5,32
2STEP-VF,9,2,0.02987175014523006,-0.02802677411931615,0.02222632861339026,-0.10875406601204954,False,1.6970562748477145,36,10,0.5,33
2STEP-VF,9,2,0.029630796758137342,-0.026248761810412698,0.022101545841237264,-0.11203749057941942,False,1.6970562748477145,36,10,0.5,34
2STEP-VF,9,2,0.0315333472561565,-0.03061306377031959,0.024354005718079108,-0.11946869186049652,False,1.6970562748477145,36,10,0.5,35
2STEP-VF,9,2,0.02997090249895331,-0.027743160813457027,0.02934822008386121,-0.16640392056865566,False,1.6970562748477145,36,10,0.5,36
2STEP-VF,9,2,0.030626172885181022,-0.030277700295158142,0.02959362348654075,-0.16224493681083568,False,1.6970562748477145,36,10,0.5,37
2STEP-VF,9,2,0.03176677707782748,-0.028612166496786336,0.022931082452470258,-0.11287345340280523,False,1.6970562748477145,36,10,0.5,38
2STEP-VF,9,2,0.03026353494846012,-0.028183706583478352,0.028829502944790267,-0.16117931566106652,False,1.6970562748477145,36,10,0.5,39
2STEP-VF,9,2,0.029914334798583127,-0.027379093839252452,0.021151485344329896,-0.10170719745251831,False,1.6970562748477145,36,10,0.5,40
2STEP-VF,9,2,0.03112222092795128,-0.02928690462335737,0.028145946692894698,-0.1530116691914229,False,1.6970562748477145,36,10,0.5,41
2STEP-VF,9,2,0.03136970037708745,-0.027986091654258916,0.027248994351421276,-0.1489431528185236,False,1.6970562748477145,36,10,0.5,42
2STEP-VF,9,2,0.030814899711930792,-0.028692769887841727,0.022637490273236447,-0.11038838047235562,False,1.6970562748477145,36,10,0.5,43
2STEP-VF,9,2,0.03168286686939896,-0.028085688722915555,0.01702947797298775,-0.06692919883674077,False,1.6970562748477145,36,10,0.5,44
2STEP-VF,9,2,0.02948009584926092,-0.0283144486577379,0.026177112100164112,-0.13969341427178633,False,1.6970562748477145,36,10,0.5,45
2STEP-VF,9,2,0.02942834882501061,-0.027171728977566145,0.028432861786145795,-0.16048504381350703,False,1.6970562748477145,36,10,0.5,46
2STEP-VF,9,2,0.030421896795297537,-0.02921173771921703,0.024034083944266028,-0.12033918722028956,False,1.6970562748477145,36,10,0.5,47
2STEP-VF,9,2,0.030329986123274193,-0.028017878463679407,0.021688795678195812,-0.1044476579453395,False,1.6970562748477145,36,10,0.5,48
2STEP-VF,9,2,0.029312706628977798,-0.02940605691210263,0.026170161635465223,-0.13702799409693686,False,1.6970562748477145,36,10,0.5,49
2STEP-VF,9,2,0.030606304405517613,-0.027983880787229586,0.026734235657768352,-0.1448761931084648,False,1.6970562748477145,36,10,0.5,50
2STEP-VF,9,2,0.029553507038539772,-0.02839307319827329,0.024766134536090195,-0.12821249019055334,False,1.6970562748477145,36,10,0.5,51
2STEP-VF,9,2,0.029433193258757626,-0.029077802436134472,0.025908334068276244,-0.13571395510396184,False,1.6970562748477145,36,10,0.5,52
2STEP-VF,9,2,0.030104052084977604,-0.02775656658416104,0.026505876141427454,-0.14362500620433455,False,1.6970562748477145,36,10,0.5,53
2STEP-VF,9,2,0.030660557596031725,-0.02655269606058038,0.026708635721501093,-0.14810298177085396,False,1.6970562748477145,36,10,0.5,54
2STEP-VF,9,2,0.02881467028575639,-0.02772190014844997,0.024543024937523833,-0.1280827589267654,False,1.6970562748477145,36,10,0.5,55
2STEP-VF,9,2,0.030794414031451767,-0.028621038478128316,0.0317825845272387,-0.1837225190285146,False,1.6970562748477145,36,10,0.5,56
2STEP-VF,9,2,0.030369125595292028,-0.025969057253116556,0.028754460822893613,-0.1658878016399517,False,1.6970562748477145,36,10,0.5,57
2STEP-VF,9,2,0.030258134757576532,-0.029021412527285722,0.024718696157202118,-0.12628269110667667,False,1.6970562748477145,36,10,0.5,58
2STEP-VF,9,2,0.030825088748291044,-0.02760300321124563,0.020989587969399193,-0.0998199907233066,False,1.6970562748477145,36,10,0.5,59
2STEP-VF,9,2,0.031051081417451398,-0.0268035361765282,0.02285177000195291,-0.11662260830690854,False,1.6970562748477145,36,10,0.5,60
2STEP-VF,9,2,0.029071533973952606,-0.025179470553501733,0.027938779228281634,-0.16133521245941182,False,1.6970562748477145,36,10,0.5,61
2STEP-VF,9,2,0.03002706104983159,-0.027171067407520247,0.02136210574420918,-0.10388466051263498,False,1.6970562748477145,36,10,0.5,62
2STEP-VF,9,2,0.03013678258616219,-0.02636893613853216,0.022014827938921344,-0.11102496982372387,False,1.6970562748477145,36,10,0.5,63
2STEP-VF,9,2,0.02989720721677606,-0.02599890487702293,0.028627948216109776,-0.16483238159101665,False,1.6970562748477145,36,10,0.5,64
2STEP-VF,9,2,0.03179663535993957,-0.027542898976303836,0.02008100430049615,-0.09263727873924364,False,1.6970562748477145,36,10,0.5,65
2STEP-VF,9,2,0.030358510492485075,-0.02773738670050247,0.024003345080143977,-0.12363552193039684,False,1.6970562748477145,36,10,0.5,66
2STEP-VF,9,2,0.030063751344776228,-0.027063444329019543,0.028020128791146407,-0.15740493885883783,False,1.6970562748477145,36,10,0.5,67
2STEP-VF,9,2,0.030773184558962233,-0.028493827324925253,0.022137716311590682,-0.10687015383936714,False,1.6970562748477145,36,10,0.5,68
2STEP-VF,9,2,0.03045480061728973,-0.027166696878853414,0.022351262999043595,-0.1117827434460632,False,1.6970562748477145,36,10,0.5,69
2STEP-VF,9,2,0.03011540838571212,-0.026269819456571024,0.02325293953956957,-0.12116902511764341,False,1.6970562748477145,36,10,0.5,70
2STEP-VF,9,2,0.031170195998824077,-0.028021384284963535,0.02153032252066524,-0.10312104612148003,False,1.6970562748477145,36,10,0.5,71
2STEP-VF,9,2,0.02938656413449847,-0.028010270017884184,0.023025393952048116,-0.11521530972539301,False,1.6970562748477145,36,10,0.5,72
2STEP-VF,9,2,0.0303866251166111,-0.02550428841219015,0.026368358929578183,-0.1479133817403725,False,1.6970562748477145,36,10,0.5,73
2STEP-VF,9,2,0.029315282612421747,-0.026818593459783584,0.02601871544477549,-0.14202618229797806,False,1.6970562748477145,36,10,0.5,74
2STEP-VF,9,2,0.02910125278618994,-0.02852357818616225,0.02637925885408371,-0.14083140801870891,False,1.6970562748477145,36,10,0.5,75
2STEP-VF,9,2,0.031023852803936002,-0.029032994915478276,0.019028610461725295,-0.08068826472841836,False,1.6970562748477145,36,10,0.5,76
2STEP-VF,9,2,0.03082230894010466,-0.02628287332703933,0.019543805442467407,-0.09142220901843862,False,1.6970562748477145,36,10,0.5,77
2STEP-VF,9,2,0.03138931101019683,-0.027047709872793778,0.020506900379874776,-0.09725734068368136,False,1.6970562748477145,36,10,0.5,78
2STEP-VF,9,2,0.030171569160572398,-0.027679353467440757,0.025806557701891306,-0.13821171914363833,False,1.6970562748477145,36,10,0.5,79
2STEP-VF,9,2,0.03126515191846532,-0.026813326786792914,0.021483373214899546,-0.10563909231578548,False,1.6970562748477145,36,10,0.5,80
2STEP-VF,9,2,0.030280130511884336,-0.028529853944561697,0.019329960609754976,-0.0843512275803787,False,1.6970562748477145,36,10,0.5,81
2STEP-VF,9,2,0.030984288278530392,-0.028187925992975395,0.022847609191445906,-0.11327079385171451,False,1.6970562748477145,36,10,0.5,82
2STEP-VF,9,2,0.03076329053966089,-0.028258022785524535,0.023599475872944316,-0.11913075486591604,False,1.6970562748477145,36,10,0.5,83
2STEP-VF,9,2,0.028653456104733518,-0.026882356024892886,0.030625457218420374,-0.1787667959213361,False,1.6970562748477145,36,10,0.5,84
2STEP-VF,9,2,0.029445790827579314,-0.027164745882451734,0.024328670786335337,-0.12766722872314384,False,1.6970562748477145,36,10,0.5,85
2STEP-VF,9,2,0.02960960949597937,-0.026620412280066483,0.03211763663218218,-0.19127552701553918,False,1.6970562748477145,36,10,0.5,86
2STEP-VF,9,2,0.029747888588292363,-0.027636253507591663,0.026068576090530995,-0.14043672699073048,False,1.6970562748477145,36,10,0.5,87
2STEP-VF,9,2,0.030121118823039555,-0.028331589071037,0.02156377332921837,-0.10270710573387581,False,1.6970562748477145,36,10,0.5,88
2STEP-VF,9,2,0.03145536064825397,-0.03005863268141242,0.022875875326090214,-0.10897896253443669,False,1.6970562748477145,36,10,0.5,89
2STEP-VF,9,2,0.030308326965150355,-0.02661148568355004,0.02033243631775631,-0.09697342528362139,False,1.6970562748477145,36,10,0.5,90
2STEP-VF,9,2,0.030207266817863034,-0.025993584789690185,0.016848059387021205,-0.07058743559184144,False,1.6970562748477145,36,10,0.5,91
2STEP-VF,9,2,0.029657302096827223,-0.027823463153786438,0.02265054758675964,-0.11264863099918007,False,1.6970562748477145,36,10,0.5,92
2STEP-VF,9,2,0.031036000144356733,-0.028336378584316004,0.02262856746626671,-0.11115907111911391,False,1.6970562748477145,36,10,0.5,93
2STEP-VF,9,2,0.029615609616766507,-0.026614965081171896,0.02709074726351514,-0.15107312533630263,False,1.6970562748477145,36,10,0.5,94
2STEP-VF,9,2,0.031669864996853994,-0.028243119902714896,0.026777518581236247,-0.14453646898356304,False,1.6970562748477145,36,10,0.5,95
2STEP-VF,9,2,0.030685043850695936,-0.02840160541101023,0.027510477787361345,-0.1500788666814245,False,1.6970562748477145,36,10,0.5,96
2STEP-VF,9,2,0.030596578959174066,-0.02848187823815201,0.029036621509309402,-0.16210066956536,False,1.6970562748477145,36,10,0.5,97
2STEP-VF,9,2,0.03032418080849647,-0.028142666970460858,0.02803806535805077,-0.15494267128679037,False,1.6970562748477145,36,10,0.5,98
2STEP-VF,9,2,0.030601357565309045,-0.028157354763134225,0.018188004923606962,-0.07609030650341504,False,1.6970562748477145,36,10,0.5,99
2STEP-VF,9,2,0.7339445170966719,-0.400120613530657,0.14453248270278107,-0.15193371812287193,False,1.6970562748477145,40,10,0.5,0
2STEP-VF,9,2,0.7335786374266077,-0.40829783760184885,0.14938286433028788,-0.1711333861522697,False,1.6970562748477145,40,10,0.5,1
2STEP-VF,9,2,0.7307758639836166,-0.40453646773213947,0.18557656188511873,-0.46987842068479835,False,1.6970562748477145,40,10,0.5,2
2STEP-VF,9,2,0.7375588414558524,-0.4016336660791796,0.14069894206599515,-0.11741720745057926,False,1.6970562748477145,40,10,0.5,3
2STEP-VF,9,2,0.7319692938136975,-0.40963917307655395,0.16336960628279895,-0.2799046772498406,False,1.6970562748477145,40,10,0.5,4
2STEP-VF,9,2,0.7374469004532846,-0.40658710655885283,0.1835017249739648,-0.4479579300232748,False,1.6970562748477145,40,10,0.5,5
2STEP-VF,9,2,0.7344550137479092,-0.416853037593018,0.17836214663073213,-0.38238258199773956,False,1.6970562748477145,40,10,0.5,6
2STEP-VF,9,2,0.7317197908418959,-0.40984010725259057,0.21936266671241217,-0.7273818888425667,False,1.6970562748477145,40,10,0.5,7
2STEP-VF,9,2,0.7404085077518094,-0.40022124054937963,0.15424735208720766,-0.22902332891404176,False,1.6970562748477145,40,10,0.5,8
2STEP-VF,9,2,0.7373345730304163,-0.4103518092732829,0.1956826601843973,-0.5363768648374752,False,1.6970562748477145,40,10,0.5,9
2STEP-VF,9,2,0.7365853866098065,-0.4074739102821896,0.174107270305616,-0.37072565457108486,False,1.6970562748477145,40,10,0.5,10
2STEP-VF,9,2,0.7359851063779845,-0.4196270989400263,0.18894118001887023,-0.46026529631222,False,1.6970562748477145,40,10,0.5,11
2STEP-VF,9,2,0.7380532863800754,-0.4125225966278149,0.14881158909257414,-0.15615528365103315,False,1.6970562748477145,40,10,0.5,12
2STEP-VF,9,2,0.7308483131474669,-0.4040080524125906,0.1802206154970079,-0.42829469939699805,False,1.6970562748477145,40,10,0.5,13
2STEP-VF,9,2,0.7339615485044314,-0.42069370767825054,0.1715621807538025,-0.31879485469235314,False,1.6970562748477145,40,10,0.5,14
2STEP-VF,9,2,0.7368351128766235,-0.42040756112548194,0.1946116501227361,-0.503704947508135,False,1.6970562748477145,40,10,0.5,15
2STEP-VF,9,2,0.7335567135774933,-0.4165569327888089,0.19673193918206172,-0.5301054719487033,False,1.6970562748477145,40,10,0.5,16
2STEP-VF,9,2,0.730384301898936,-0.4132838990500591,0.2063667291458994,-0.6152294173331179,False,1.6970562748477145,40,10,0.5,17
2STEP-VF,9,2,0.7345506070780434,-0.39641507705534695,0.20464611921832684,-0.6416997323890999,False,1.6970562748477145,40,10,0.5,18
2STEP-VF,9,2,0.7345790107823079,-0.40363003952869897,0.17520761753095918,-0.3888741047318578,False,1.6970562748477145,40,10,0.5,19
2STEP-VF,9,2,0.7351647403300661,-0.41623389682532097,0.185840837003205,-0.4436554592250659,False,1.6970562748477145,40,10,0.5,20
2STEP-VF,9,2,0.7321405177646906,-0.4163423832598083,0.1762570669621586,-0.36690638480784754,False,1.6970562748477145,40,10,0.5,21
2STEP-VF,9,2,0.7346489285949526,-0.4080922494010583,0.18579041070834904,-0.46282295138855534,False,1.6970562748477145,40,10,0.5,22
2STEP-VF,9,2,0.7348752619557869,-0.4124051392121506,0.19460423938445115,-0.522969065249101,False,1.6970562748477145,40,10,0.5,23
2STEP-VF,9,2,0.7360322263252028,-0.3997988354098592,0.24549940896262912,-0.9603161331378591,False,1.6970562748477145,40,10,0.5,24
2STEP-VF,9,2,0.7340128974071777,-0.4099894534112922,0.1857565003033471,-0.4580365403952449,False,1.6970562748477145,40,10,0.5,25
2STEP-VF,9,2,0.7319047755017069,-0.4005457521064435,0.1970964301233463,-0.571547349401204,False,1.6970562748477145,40,10,0.5,26
2STEP-VF,9,2,0.7358253255982172,-0.41478680216666874,0.20622068758786583,-0.610127655967029,False,1.6970562748477145,40,10,0.5,27
2STEP-VF,9,2,0.7374259953396165,-0.4110905054520231,0.16944555509569664,-0.32470166796034095,False,1.6970562748477145,40,10,0.5,28
2STEP-VF,9,2,0.7330153126106875,-0.41985265222525625,0.17518059903201,-0.34981750815882395,False,1.6970562748477145,40,10,0.5,29
2STEP-VF,9,2,0.7361182679870053,-0.4210624665724148,0.19713495793270736,-0.5223626476086434,False,1.6970562748477145,40,10,0.5,30
2STEP-VF,9,2,0.7365055385202425,-0.40762425699321153,0.1927401018327017,-0.5194322655666919,False,1.6970562748477145,40,10,0.5,31
2STEP-VF,9,2,0.7325138405641028,-0.4104832094646763,0.15756828686414473,-0.23143576176408875,False,1.6970562748477145,40,10,0.5,32
2STEP-VF,9,2,0.734025267386873,-0.40400727840560435,0.17952375217109579,-0.4225310331521037,False,1.6970562748477145,40,10,0.5,33
2STEP-VF,9,2,0.732397131737915,-0.4131190275792305,0.21107601674868345,-0.6531786398950399,False,1.6970562748477145,40,10,0.5,34
2STEP-VF,9,2,0.731987935424215,-0.41030282661627865,0.20871919569872602,-0.6411075055852868,False,1.6970562748477145,40,10,0.5,35
2STEP-VF,9,2,0.7324391187471461,-0.40876683855440404,0.2048812981617492,-0.6140636256385956,False,1.6970562748477145,40,10,0.5,36
2STEP-VF,9,2,0.7304552180445053,-0.42698069393046134,0.1955718941103844,-0.4959941743672982,False,1.6970562748477145,40,10,0.5,37
2STEP-VF,9,2,0.7378176914831367,-0.40109620017146536,0.15410179613592628,-0.22591442718690558,False,1.6970562748477145,40,10,0.5,38
2STEP-VF,9,2,0.7380357734221121,-0.39950158901505217,0.1887939990758539,-0.5072660325653797,False,1.6970562748477145,40,10,0.5,39
2STEP-VF,9,2,0.7339580504609767,-0.39005017754973337,0.17971459750870503,-0.4575588709226217,False,1.6970562748477145,40,10,0.5,40
2STEP-VF,9,2,0.7378574550289819,-0.40660473396443886,0.17772348820092038,-0.4016650967909712,False,1.6970562748477145,40,10,0.5,41
2STEP-VF,9,2,0.7333686796708911,-0.4076166802835806,0.19463852106327978,-0.5348260150453918,False,1.6970562748477145,40,10,0.5,42
2STEP-VF,9,2,0.728477605589058,-0.4205662800700204,0.18319289353239548,-0.4124754197557716,False,1.6970562748477145,40,10,0.5,43
2STEP-VF,9,2,0.7333301216022307,-0.40110877463301414,0.2047895988680712,-0.6316559245292022,False,1.6970562748477145,40,10,0.5,44
2STEP-VF,9,2,0.7354424931128808,-0.40110170757258784,0.16873469162913227,-0.34310688527207467,False,1.6970562748477145,40,10,0.5,45
2STEP-VF,9,2,0.7366535231941006,-0.39890932534967455,0.19601582683171045,-0.5665450224228192,False,1.6970562748477145,40,10,0.5,46
2STEP-VF,9,2,0.7340172853232109,-0.3873523225273671,0.17346010730370953,-0.41399424724460276,False,1.6970562748477145,40,10,0.5,47
2STEP-VF,9,2,0.7305790370479988,-0.4115715362810653,0.14869343809474836,-0.15794107546055058,False,1.6970562748477145,40,10,0.5,48
2STEP-VF,9,2,0.7318480816753723,-0.40841855934521837,0.17384060248499644,-0.3666093925509253,False,1.6970562748477145,40,10,0.5,49
2STEP-VF,9,2,0.7348135448625813,-0.4170015758783296,0.12710243610409652,0.028073105966973433,False,1.6970562748477145,40,10,0.5,50
2STEP-VF,9,2,0.73663094401519,-0.40439603008731545,0.1913792571281666,-0.516285728174865,False,1.6970562748477145,40,10,0.5,51
2STEP-VF,9,2,0.7370002533789154,-0.4056816189353786,0.2053599471695634,-0.6250236767088642,False,1.6970562748477145,40,10,0.5,52
2STEP-VF,9,2,0.7326434856990232,-0.39911209972616796,0.21036058644832273,-0.6810570431018377,False,1.6970562748477145,40,10,0.5,53
2STEP-VF,9,2,0.7307142367482724,-0.39543613796262816,0.2116641872913455,-0.7004239130155606,False,1.6970562748477145,40,10,0.5,54
2STEP-VF,9,2,0.7410483570273848,-0.42113468898131406,0.17941530185265106,-0.3801362598444118,False,1.6970562748477145,40,10,0.5,55
2STEP-VF,9,2,0.742505741250145,-0.40777689951950685,0.17591072589776954,-0.3840709038603316,False,1.6970562748477145,40,10,0.5,56
2STEP-VF,9,2,0.736642523479959,-0.3989051944424263,0.19664727205660615,-0.5716071583822291,False,1.6970562748477145,40,10,0.5,57
2STEP-VF,9,2,0.7386447694970233,-0.4033117620908799,0.13252595031498882,-0.04794068733197765,False,1.6970562748477145,40,10,0.5,58
2STEP-VF,9,2,0.7403279353446748,-0.4230717056752374,0.11562479578793637,0.13479340343775903,False,1.6970562748477145,40,10,0.5,59
2STEP-VF,9,2,0.7388302649209197,-0.40519953605359954,0.15074473429651378,-0.18914917194821634,False,1.6970562748477145,40,10,0.5,60
2STEP-VF,9,2,0.735917073777965,-0.42236672052819607,0.14897518216475927,-0.13396630362372597,False,1.6970562748477145,40,10,0.5,61
2STEP-VF,9,2,0.7386961707363531,-0.41090698925231833,0.1810371511037414,-0.4177986643801863,False,1.6970562748477145,40,10,0.5,62
2STEP-VF,9,2,0.7333304042386606,-0.4049712510369561,0.22515025799351046,-0.7852712372050699,False,1.6970562748477145,40,10,0.5,63
2STEP-VF,9,2,0.7358367897438686,-0.42016818046155824,0.2193637007627104,-0.7023557656093118,False,1.6970562748477145,40,10,0.5,64
2STEP-VF,9,2,0.7349046383566291,-0.4033196233494512,0.1865303697575205,-0.48018158372008357,False,1.6970562748477145,40,10,0.5,65
2STEP-VF,9,2,0.730728912694756,-0.40008321080898873,0.16963875406540688,-0.3530665918199969,False,1.6970562748477145,40,10,0.5,66
2STEP-VF,9,2,0.7305603701180534,-0.4096212278731812,0.15729426436107807,-0.2314295457859068,False,1.6970562748477145,40,10,0.5,67
2STEP-VF,9,2,0.7346546124450599,-0.42288804344204317,0.17503130599888292,-0.34123986698345643,False,1.6970562748477145,40,10,0.5,68
2STEP-VF,9,2,0.7400335321925468,-0.4092104124697527,0.1684145843020776,-0.3208096725576617,False,1.6970562748477145,40,10,0.5,69
2STEP-VF,9,2,0.736872301727451,-0.41068784999187546,0.14961596322657478,-0.16706452772845037,False,1.6970562748477145,40,10,0.5,70
2STEP-VF,9,2,0.7405705836165725,-0.4125661414497009,0.13710554045989,-0.06225134918284381,False,1.6970562748477145,40,10,0.5,71
2STEP-VF,9,2,0.7355407229025845,-0.4178404318947614,0.19186625079332975,-0.48798052642505607,False,1.6970562748477145,40,10,0.5,72
2STEP-VF,9,2,0.7370630727002292,-0.40340217555255076,0.15523792164560246,-0.2295143674766844,False,1.6970562748477145,40,10,0.5,73
2STEP-VF,9,2,0.7372090310845865,-0.4140423211290082,0.20349906001370077,-0.5900583675349118,False,1.6970562748477145,40,10,0.5,74
2STEP-VF,9,2,0.7333078930284045,-0.41179183498471883,0.16461298949082692,-0.28460503838158613,False,1.6970562748477145,40,10,0.5,75
2STEP-VF,9,2,0.7345741358904347,-0.40716764818821816,0.18383505121373567,-0.44940360590473594,False,1.6970562748477145,40,10,0.5,76
2STEP-VF,9,2,0.7319714841889643,-0.4049580223296398,0.17011862603439679,-0.34513146563270114,False,1.6970562748477145,40,10,0.5,77
2STEP-VF,9,2,0.7380939657323373,-0.4178020846228898,0.16782501016184814,-0.2955894402559096,False,1.6970562748477145,40,10,0.5,78
2STEP-VF,9,2,0.7384901697363738,-0.40350611359097044,0.17043999004127455,-0.3507958375276852,False,1.6970562748477145,40,10,0.5,79
2STEP-VF,9,2,0.7417429222479636,-0.4099372705493092,0.18280995597145833,-0.43412562311844716,False,1.6970562748477145,40,10,0.5,80
2STEP-VF,9,2,0.736056698710323,-0.4211743475949093,0.16918584353167393,-0.2985049121029901,False,1.6970562748477145,40,10,0.5,81
2STEP-VF,9,2,0.730678084820933,-0.411487011829987,0.20134609684753546,-0.5793592612990595,False,1.6970562748477145,40,10,0.5,82
2STEP-VF,9,2,0.7356382972778562,-0.41201253870840776,0.18560903248377464,-0.45190386913334746,False,1.6970562748477145,40,10,0.5,83
2STEP-VF,9,2,0.7383749504406779,-0.4087606621635131,0.13649673883988173,-0.06664582450018197,False,1.6970562748477145,40,10,0.5,84
2STEP-VF,9,2,0.7281087889780746,-0.3968686147706501,0.2537013485294937,-1.0334395854477054,False,1.6970562748477145,40,10,0.5,85
2STEP-VF,9,2,0.7312632163940886,-0.41754976687945766,0.19095134785459406,-0.48161554934240924,False,1.6970562748477145,40,10,0.5,86
2STEP-VF,9,2,0.7386019293931533,-0.4112371403183076,0.13691947907171562,-0.06407058004619781,False,1.6970562748477145,40,10,0.5,87
2STEP-VF,9,2,0.7341295257976539,-0.4107081751440899,0.20543526760855665,-0.6137347489747786,False,1.6970562748477145,40,10,0.5,88
2STEP-VF,9,2,0.7347167054299574,-0.406435116803531,0.17217426649896833,-0.35786684933747503,False,1.6970562748477145,40,10,0.5,89
2STEP-VF,9,2,0.7348611094530467,-0.4189577410553547,0.16701210316285683,-0.2865065802028208,False,1.6970562748477145,40,10,0.5,90
2STEP-VF,9,2,0.7410767896045874,-0.4039291964569228,0.20160122597664332,-0.598915128940257,False,1.6970562748477145,40,10,0.5,91
2STEP-VF,9,2,0.7251189718630553,-0.3975811228982139,0.19926717893552742,-0.5964355982167232,False,1.6970562748477145,40,10,0.5,92
2STEP-VF,9,2,0.733919808964309,-0.4033374448160044,0.13536647836831783,-0.07088677085027384,False,1.6970562748477145,40,10,0.5,93
2STEP-VF,9,2,0.7381276223911214,-0.40767845833382793,0.18887413661264263,-0.4882771355564872,False,1.6970562748477145,40,10,0.5,94
2STEP-VF,9,2,0.7365777888582251,-0.40501090549095375,0.19496195392662158,-0.5434747909031905,False,1.6970562748477145,40,10,0.5,95
2STEP-VF,9,2,0.7396592435532329,-0.40324177694427127,0.16654259866009,-0.3201809700012752,False,1.6970562748477145,40,10,0.5,96
2STEP-VF,9,2,0.7294499397038269,-0.4021414336680265,0.17863379683972958,-0.4201639375323436,False,1.6970562748477145,40,10,0.5,97
2STEP-VF,9,2,0.7327044593854647,-0.4041261081404514,0.17457122240199238,-0.38270485211572813,False,1.6970562748477145,40,10,0.5,98
2STEP-VF,9,2,0.7305273655809176,-0.40684827086978603,0.215934616101298,-0.7072094367880428,False,1.6970562748477145,40,10,0.5,99
2STEP-VF,9,2,3.9467906197539815,-0.9898206299093173,0.08101921367394561,0.0,True,1.6970562748477145,44,10,0.5,0
2STEP-VF,9,2,3.944033913771853,-0.9985058144174778,0.018730661993590927,0.0,True,1.6970562748477145,44,10,0.5,1
2STEP-VF,9,2,3.9446861547034624,-1.0102028444591578,0.035725136302172174,0.0,True,1.6970562748477145,44,10,0.5,2
2STEP-VF,9,2,3.9442277131701573,-1.001724796320584,0.07616911245939029,0.0,True,1.6970562748477145,44,10,0.5,3
2STEP-VF,9,2,3.9444471572265214,-1.0167279233177766,-0.007402281607649207,0.0,True,1.6970562748477145,44,10,0.5,4
2STEP-VF,9,2,3.948183687915937,-0.9929160900593433,-0.025459393793645705,0.0,True,1.6970562748477145,44,10,0.5,5
2STEP-VF,9,2,3.9464280492600246,-0.9986173766326952,0.0626105695571555,0.0,True,1.6970562748477145,44,10,0.5,6
2STEP-VF,9,2,3.946055436816963,-1.016831395436795,0.03204424877611364,0.0,True,1.6970562748477145,44,10,0.5,7
2STEP-VF,9,2,3.9491807223634057,-1.0035412992185408,0.06098524884830091,0.0,True,1.6970562748477145,44,10,0.5,8
2STEP-VF,9,2,3.9491737191653544,-1.033885497054817,0.056355627771706725,0.0,True,1.6970562748477145,44,10,0.5,9
2STEP-VF,9,2,3.95138226394043,-0.9823784046666022,-0.07345461766577523,0.0,True,1.6970562748477145,44,10,0.5,10
2STEP-VF,9,2,3.9443416497745085,-1.0246471134970978,0.002895384256153434,0.0,True,1.6970562748477145,44,10,0.5,11
2STEP-VF,9,2,3.9443213335502816,-0.9933238307877194,-0.029485487737901186,0.0,True,1.6970562748477145,44,10,0.5,12
2STEP-VF,9,2,3.9438434160316227,-1.0004109907063523,0.01603034063986759,0.0,True,1.6970562748477145,44,10,0.5,13
2STEP-VF,9,2,3.947358931531024,-1.001689037339438,0.05079560205037714,0.0,True,1.6970562748477145,44,10,0.5,14
2STEP-VF,9,2,3.9443009765228805,-0.9852589403612686,0.045453966620703064,0.0,True,1.6970562748477145,44,10,0.5,15
2STEP-VF,9,2,3.945705900701633,-0.9791095901798746,-0.005901965843478543,0.0,True,1.6970562748477145,44,10,0.5,16
2STEP-VF,9,2,3.9550668495706196,-0.9995777293209822,-0.10650043914175174,0.0,True,1.6970562748477145,44,10,0.5,17
2STEP-VF,9,2,3.9459686279307404,-0.9974836970713123,0.12348644467719157,0.0,True,1.6970562748477145,44,10,0.5,18
2STEP-VF,9,2,3.947086941365911,-1.0158462691894197,0.015388336900894625,0.0,True,1.6970562748477145,44,10,0.5,19
2STEP-VF,9,2,3.9495485872614684,-1.0068331879342196,-0.024587210755253247,0.0,True,1.6970562748477145,44,10,0.5,20
2STEP-VF,9,2,3.9485203736372325,-0.9970236126736929,-0.04002520877985471,0.0,True,1.6970562748477145,44,10,0.5,21
2STEP-VF,9,2,3.9500461050098203,-1.017450416049197,-0.021083456519458345,0.0,True,1.6970562748477145,44,10,0.5,22
2STEP-VF,9,2,3.952351292961552,-1.0045355648622833,-0.11286161999887655,0.0,True,1.6970562748477145,44,10,0.5,23
2STEP-VF,9,2,3.943754028442999,-1.0074224099371967,0.01335879069562145,0.0,True,1.6970562748477145,44,10,0.5,24
2STEP-VF,9,2,3.9426712970586477,-1.0277356007894565,0.044054119074371414,0.0,True,1.6970562748477145,44,10,0.5,25
2STEP-VF,9,2,3.9536406567294087,-0.9907414015560516,-0.10691312069071661,0.0,True,1.6970562748477145,44,10,0.5,26
2STEP-VF,9,2,3.9483388374627006,-0.9871422357717579,-0.00011929529653594051,0.0,True,1.6970562748477145,44,10,0.5,27
2STEP-VF,9,2,3.9427917772623027,-0.9990514728270946,0.02658416880273267,0.0,True,1.6970562748477145,44,10,0.5,28
2STEP-VF,9,2,3.940803569226191,-0.9828448817472211,0.027868503741494598,0.0,True,1.6970562748477145,44,10,0.5,29
2STEP-VF,9,2,3.947110256146186,-1.0074191535654233,-0.02781919121792177,0.0,True,1.6970562748477145,44,10,0.5,30
2STEP-VF,9,2,3.9456389742523346,-0.9958482007544098,0.028772292604151827,0.0,True,1.6970562748477145,44,10,0.5,31
2STEP-VF,9,2,3.9431719558353056,-0.9938227139602431,0.03145277379470208,0.0,True,1.6970562748477145,44,10,0.5,32
2STEP-VF,9,2,3.946914666433614,-1.0058690090218692,-0.02694308905341545,0.0,True,1.6970562748477145,44,10,0.5,33
2STEP-VF,9,2,3.9487099770853957,-0.9895317942220027,-0.013286725165015575,0.0,True,1.6970562748477145,44,10,0.5,34
2STEP-VF,9,2,3.946251315523023,-1.0180510177654354,-0.016150136486706504,0.0,True,1.6970562748477145,44,10,0.5,35
2STEP-VF,9,2,3.949397460729064,-0.9776456429903316,-0.1364225255474705,0.0,True,1.6970562748477145,44,10,0.5,36
2STEP-VF,9,2,3.9574338805381246,-1.0102439482907517,-0.18537631615476488,0.0,True,1.6970562748477145,44,10,0.5,37
2STEP-VF,9,2,3.9491732507417825,-1.0013825188667798,-0.08074038135617592,0.0,True,1.6970562748477145,44,10,0.5,38
2STEP-VF,9,2,3.947063574907151,-0.9771214151654756,0.013916275224812815,0.0,True,1.6970562748477145,44,10,0.5,39
2STEP-VF,9,2,3.945522463149119,-1.0002274195650334,0.05211775131093814,0.0,True,1.6970562748477145,44,10,0.5,40
2STEP-VF,9,2,3.9503323757582507,-0.9895554112908934,0.035669311210097525,0.0,True,1.6970562748477145,44,10,0.5,41
2STEP-VF,9,2,3.9413297521703807,-0.975389859767286,0.06486337080928134,0.0,True,1.6970562748477145,44,10,0.5,42
2STEP-VF,9,2,3.9483040709406065,-0.9826272743557524,0.06457640142542534,0.0,True,1.6970562748477145,44,10,0.5,43
2STEP-VF,9,2,3.94314068473445,-1.0215362110715789,-0.002439597875006079,0.0,True,1.6970562748477145,44,10,0.5,44
2STEP-VF,9,2,3.9413236176747706,-0.9917699107008563,0.06408330853624875,0.0,True,1.6970562748477145,44,10,0.5,45
2STEP-VF,9,2,3.947549904740306,-1.0176855696651266,0.0307022931906066,0.0,True,1.6970562748477145,44,10,0.5,46
2STEP-VF,9,2,3.9459924866822242,-0.9712403499396334,0.025339721248648226,0.0,True,1.6970562748477145,44,10,0.5,47
2STEP-VF,9,2,3.947796994422891,-0.9810691084737155,-0.007268224720253044,0.0,True,1.6970562748477145,44,10,0.5,48
2STEP-VF,9,2,3.943137034144847,-0.9649927825150042,0.07189611891797971,0.0,True,1.6970562748477145,44,10,0.5,49
2STEP-VF,9,2,3.945376819601724,-0.9877372950565274,0.02359076436206791,0.0,True,1.6970562748477145,44,10,0.5,50
2STEP-VF,9,2,3.9472944349248396,-1.0297661804817557,-0.018725623371319673,0.0,True,1.6970562748477145,44,10,0.5,51
2STEP-VF,9,2,3.9493335796418108,-1.0138875199511705,0.005563730851434417,0.0,True,1.6970562748477145,44,10,0.5,52
2STEP-VF,9,2,3.946196349621452,-0.9948039444995604,0.006825848399385633,0.0,True,1.6970562748477145,44,10,0.5,53
2STEP-VF,9,2,3.9449109884937323,-1.0120326588905215,0.044398015658533525,0.0,True,1.6970562748477145,44,10,0.5,54
2STEP-VF,9,2,3.949103964225888,-0.9933648817903455,-0.06543679887675617,0.0,True,1.6970562748477145,44,10,0.5,55
2STEP-VF,9,2,3.9478662882302786,-0.9971487198449654,-0.027453685377592067,0.0,True,1.6970562748477145,44,10,0.5,56
2STEP-VF,9,2,3.9446850971403795,-1.0242090304471527,0.02490746813332117,0.0,True,1.6970562748477145,44,10,0.5,57
2STEP-VF,9,2,3.9489880730096023,-0.99224357332898,0.0008178002122922282,0.0,True,1.6970562748477145,44,10,0.5,58
2STEP-VF,9,2,3.952682114092854,-0.9814210215989166,-0.013640768495676133,0.0,True,1.6970562748477145,44,10,0.5,59
2STEP-VF,9,2,3.9519903389595856,-1.0013615106354223,0.005908522436342227,0.0,True,1.6970562748477145,44,10,0.5,60
2STEP-VF,9,2,3.948120500420903,-0.9925351792933527,-0.00676500952252731,0.0,True,1.6970562748477145,44,10,0.5,61
2STEP-VF,9,2,3.950429746887298,-1.0099853958762643,-0.059272248217116,0.0,True,1.6970562748477145,44,10,0.5,62
2STEP-VF,9,2,3.951264242883454,-0.9764237863671476,-0.07182885914865347,0.0,True,1.6970562748477145,44,10,0.5,63
2STEP-VF,9,2,3.942873863866466,-0.9814285455274983,0.12135287827181165,0.0,True,1.6970562748477145,44,10,0.5,64
2STEP-VF,9,2,3.9521347168331844,-0.9714829456339303,-0.0413956205456488,0.0,True,1.6970562748477145,44,10,0.5,65
2STEP-VF,9,2,3.950301706277311,-0.9794273389600293,0.02753397641011493,0.0,True,1.6970562748477145,44,10,0.5,66
2STEP-VF,9,2,3.9519801748881656,-1.0241915424836776,-0.10285642680816123,0.0,True,1.6970562748477145,44,10,0.5,67
2STEP-VF,9,2,3.9451360489154146,-1.003199332784154,0.05159679803130174,0.0,True,1.6970562748477145,44,10,0.5,68
2STEP-VF,9,2,3.9509354736195115,-0.9962897805485061,0.0060102285189212465,0.0,True,1.6970562748477145,44,10,0.5,69
2STEP-VF,9,2,3.9424210689167265,-1.0041014595017268,0.0910795075652542,0.0,True,1.6970562748477145,44,10,0.5,70
2STEP-VF,9,2,3.9472026567805227,-0.9925078613610526,0.0011664293968479131,0.0,True,1.6970562748477145,44,10,0.5,71
2STEP-VF,9,2,3.9453675942695505,-0.9917441564820105,0.031297223598427786,0.0,True,1.6970562748477145,44,10,0.5,72
2STEP-VF,9,2,3.9435990806881973,-0.9820555633739273,0.08591426478177241,0.0,True,1.6970562748477145,44,10,0.5,73
2STEP-VF,9,2,3.9491454008930647,-0.9988264213614017,-0.010812626304308431,0.0,True,1.6970562748477145,44,10,0.5,74
2STEP-VF,9,2,3.9440530320770235,-1.0091409380787941,0.15425224270961757,0.0,True,1.6970562748477145,44,10,0.5,75
2STEP-VF,9,2,3.952553237428518,-0.9943251991175213,-0.017193345257217583,0.0,True,1.6970562748477145,44,10,0.5,76
2STEP-VF,9,2,3.9530672694521742,-0.9910982142102768,-0.017468139637371167,0.0,True,1.6970562748477145,44,10,0.5,77
2STEP-VF,9,2,3.9425522068279935,-0.9945510173587163,0.051541068282903904,0.0,True,1.6970562748477145,44,10,0.5,78
2STEP-VF,9,2,3.945241118320692,-1.0350916274406974,0.03159854405910078,0.0,True,1.6970562748477145,44,10,0.5,79
2STEP-VF,9,2,3.9510169036672584,-0.988797365537078,-0.008250630627290397,0.0,True,1.6970562748477145,44,10,0.5,80
2STEP-VF,9,2,3.9464472299045026,-0.9959008922401584,0.04469618828390409,0.0,True,1.6970562748477145,44,10,0.5,81
2STEP-VF,9,2,3.945045730570654,-1.0048781286950574,0.0019171547671659075,0.0,True,1.6970562748477145,44,10,0.5,82
2STEP-VF,9,2,3.9472141154757776,-1.006395058272751,-0.049448913156697395,0.0,True,1.6970562748477145,44,10,0.5,83
2STEP-VF,9,2,3.943003426103731,-0.969447654375846,-0.0001576268464743102,0.0,True,1.6970562748477145,44,10,0.5,84
2STEP-VF,9,2,3.9477921182913467,-0.9969897669253577,-0.04427910582623174,0.0,True,1.6970562748477145,44,10,0.5,85
2STEP-VF,9,2,3.9529174184117273,-1.0097752776478588,-0.037890457554795934,0.0,True,1.6970562748477145,44,10,0.5,86
2STEP-VF,9,2,3.952947439799409,-0.9910792444615336,-0.018520926396251993,0.0,True,1.6970562748477145,44,10,0.5,87
2STEP-VF,9,2,3.9560467904041605,-1.019267741102205,-0.1480753118850393,0.0,True,1.6970562748477145,44,10,0.5,88
2STEP-VF,9,2,3.9452062361630165,-0.9807534891669537,0.007061394524699661,0.0,True,1.6970562748477145,44,10,0.5,89
2STEP-VF,9,2,3.9460820535901675,-1.0050109403188257,-0.007779052613514441,0.0,True,1.6970562748477145,44,10,0.5,90
2STEP-VF,9,2,3.9420490924478466,-0.9868209725744305,0.004578889214823309,0.0,True,1.6970562748477145,44,10,0.5,91
2STEP-VF,9,2,3.944606918078549,-1.0151688156975747,0.0731713999738599,0.0,True,1.6970562748477145,44,10,0.5,92
2STEP-VF,9,2,3.9478104213494585,-1.0004566092229426,-0.028815637978997687,0.0,True,1.6970562748477145,44,10,0.5,93
2STEP-VF,9,2,3.954927799615298,-1.0079212386335117,-0.09705044319853504,0.0,True,1.6970562748477145,44,10,0.5,94
2STEP-VF,9,2,3.948893871098112,-0.9889740812478972,-0.03915556563099056,0.0,True,1.6970562748477145,44,10,0.5,95
2STEP-VF,9,2,3.9439518093366646,-0.9993428554103302,0.04176144996258607,0.0,True,1.6970562748477145,44,10,0.5,96
2STEP-VF,9,2,3.942422209659956,-0.990173790296237,0.09938814488795715,0.0,True,1.6970562748477145,44,10,0.5,97
2STEP-VF,9,2,3.939642996974599,-0.9991485075416668,0.0610507817568929,0.0,True,1.6970562748477145,44,10,0.5,98
2STEP-VF,9,2,3.9401565698256524,-1.0028468006765476,0.11930555030650318,0.0,True,1.6970562748477145,44,10,0.5,99
2STEP-VF,9,2,0.4998851013417714,-0.15807662691396657,0.0360917092644525,-0.7455576857884543,False,3.394112549695429,36,20,0.5,0
2STEP-VF,9,2,0.505983278704316,-0.16360711699917746,0.043491363621967434,-0.9687075583826732,False,3.394112549695429,36,20,0.5,1
2STEP-VF,9,2,0.5020631608486515,-0.16427719150242914,0.038540190747309085,-0.8088970546571419,False,3.394112549695429,36,20,0.5,2
2STEP-VF,9,2,0.5007639006978617,-0.16750932544994143,0.04964064829886163,-1.1564325304418415,False,3.394112549695429,36,20,0.5,3
2STEP-VF,9,2,0.4916965558938068,-0.15978313381529463,0.05141122873252691,-1.232178004930526,False,3.394112549695429,36,20,0.5,4
2STEP-VF,9,2,0.49991733080597783,-0.16498853936701713,0.03799282344316024,-0.7898028158519281,False,3.394112549695429,36,20,0.5,5
2STEP-VF,9,2,0.4988743055661331,-0.1575511451147202,0.041003306913605965,-0.9040506146260947,False,3.394112549695429,36,20,0.5,6
2STEP-VF,9,2,0.4985912871576002,-0.1596338683363785,0.03870572125124939,-0.8255463188032162,False,3.394112549695429,36,20,0.5,7
2STEP-VF,9,2,0.4975251168036064,-0.15612790872298948,0.03738194242432427,-0.7916636696349858,False,3.394112549695429,36,20,0.5,8
2STEP-VF,9,2,0.49710485530540455,-0.1666424331937835,0.04849377819979789,-1.1220327714101281,False,3.394112549695429,36,20,0.5,9
2STEP-VF,9,2,0.4916745519005313,-0.16213365571793395,0.04836291821070236,-1.1289921359054027,False,3.394112549695429,36,20,0.5,10
2STEP-VF,9,2,0.49697446585648736,-0.15339821842804563,0.03850216679143283,-0.8340951451471521,False,3.394112549695429,36,20,0.5,11
2STEP-VF,9,2,0.4995950471471416,-0.16084703075966675,0.039087411161151574,-0.8347885805048219,False,3.394112549695429,36,20,0.5,12
2STEP-VF,9,2,0.4974958330342138,-0.1578007472159957,0.040789677812655446,-0.8966981467045321,False,3.394112549695429,36,20,0.5,13
2STEP-VF,9,2,0.4950077583804083,-0.16587258298320443,0.04788129070954356,-1.1044066380428794,False,3.394112549695429,36,20,0.5,14
2STEP-VF,9,2,0.495961988577198,-0.16170924725318772,0.03601669717293915,-0.7346743968117706,False,3.394112549695429,36,20,0.5,15
2STEP-VF,9,2,0.49217572277785604,-0.1609259855770967,0.05651251958386925,-1.392647717932113,False,3.394112549695429,36,20,0.5,16
2STEP-VF,9,2,0.4995129864194952,-0.1611202547360973,0.03890132057019453,-0.8281828676944218,False,3.394112549695429,36,20,0.5,17
2STEP-VF,9,2,0.5013568280517522,-0.1595136948911217,0.03302549839147898,-0.6439016711055305,False,3.394112549695429,36,20,0.5,18
2STEP-VF,9,2,0.4995538799337015,-0.1572711289148861,0.036633267646462034,-0.7648406224950366,False,3.394112549695429,36,20,0.5,19
2STEP-VF,9,2,0.5081428770213388,-0.1619911629440121,0.032636123451087545,-0.6250885867478922,False,3.394112549695429,36,20,0.5,20
2STEP-VF,9,2,0.49974576193910797,-0.16075760279378248,0.044363089968719495,-1.0038158865775997,False,3.394112549695429,36,20,0.5,21
2STEP-VF,9,2,0.49322124556705915,-0.15789648138850618,0.05708230996030556,-1.41808908866334,False,3.394112549695429,36,20,0.5,22
2STEP-VF,9,2,0.49858056024963215,-0.1564779699072871,0.04349011819761787,-0.986221820931305,False,3.394112549695429,36,20,0.5,23
2STEP-VF,9,2,0.49293651210972045,-0.16440278234614422,0.049073608991445535,-1.1462126193689282,False,3.394112549695429,36,20,0.5,24
2STEP-VF,9,2,0.49515789584591247,-0.15400660819713277,0.05197190233000316,-1.2637755411362281,False,3.394112549695429,36,20,0.5,25
2STEP-VF,9,2,0.4906395515342866,-0.15836764094537595,0.0512906885985609,-1.23178132379299,False,3.394112549695429,36,20,0.5,26
2STEP-VF,9,2,0.4969244931885272,-0.16116679462351358,0.042972254308386165,-0.9584963611806132,False,3.394112549695429,36,20,0.5,27
2STEP-VF,9,2,0.4941666866654101,-0.15608386429288162,0.042006140594384365,-0.9399452235174595,False,3.394112549695429,36,20,0.5,28
2STEP-VF,9,2,0.5002058168004592,-0.16165436303281297,0.040907359391934725,-0.8910526802551327,False,3.394112549695429,36,20,0.5,29
2STEP-VF,9,2,0.4960964259785569,-0.1637364944179907,0.053709143567496835,-1.295959221998008,False,3.394112549695429,36,20,0.5,30
2STEP-VF,9,2,0.49992619327400417,-0.16163360237298913,0.05089261558076898,-1.2106474812929937,False,3.394112549695429,36,20,0.5,31
2STEP-VF,9,2,0.4976603516399699,-0.15712808422159094,0.054034827579206295,-1.3221474593043854,False,3.394112549695429,36,20,0.5,32
2STEP-VF,9,2,0.5048781292123348,-0.16022536826913664,0.04208470386825315,-0.9318769521854331,False,3.394112549695429,36,20,0.5,33
2STEP-VF,9,2,0.5056016737002255,-0.15370240643643662,0.04009956704149969,-0.8839642694585288,False,3.394112549695429,36,20,0.5,34
2STEP-VF,9,2,0.49586766230336016,-0.1617655365387929,0.03728312081082209,-0.7750705185150026,False,3.394112549695429,36,20,0.5,35
2STEP-VF,9,2,0.496696172886718,-0.161290063857503,0.04167459663995387,-0.9166891688473138,False,3.394112549695429,36,20,0.5,36
2STEP-VF,9,2,0.5004213637547769,-0.1697320621425406,0.05626732312453582,-1.3631721090177626,False,3.394112549695429,36,20,0.5,37
2STEP-VF,9,2,0.5018329585276203,-0.16110230327080516,0.039471997841183326,-0.846348425556277,False,3.394112549695429,36,20,0.5,38
2STEP-VF,9,2,0.4977182991619642,-0.15772110114428478,0.044598833755484936,-1.018768939479517,False,3.394112549695429,36,20,0.5,39
2STEP-VF,9,2,0.4955880241023999,-0.16407276846570537,0.029994961844655575,-0.5363288532651418,False,3.394112549695429,36,20,0.5,40
2STEP-VF,9,2,0.4928623669148083,-0.15951440907643644,0.04616013483636995,-1.0647179909655027,False,3.394112549695429,36,20,0.5,41
2STEP-VF,9,2,0.497085319295547,-0.16171153747004813,0.05148568107408014,-1.2296089852847167,False,3.394112549695429,36,20,0.5,42
2STEP-VF,9,2,0.5062049058198141,-0.16414402564110267,0.041559819460698186,-0.9055962668545069,False,3.394112549695429,36,20,0.5,43
2STEP-VF,9,2,0.4894373567091845,-0.1569469772248027,0.04507077369687366,-1.0362257715578798,False,3.394112549695429,36,20,0.5,44
2STEP-VF,9,2,0.5021189757346276,-0.15913515676759996,0.031339653192545044,-0.5908173873751241,False,3.394112549695429,36,20,0.5,45
2STEP-VF,9,2,0.4910054961303165,-0.15879336082546422,0.046577232363826805,-1.0799070398935249,False,3.394112549695429,36,20,0.5,46
2STEP-VF,9,2,0.5062576257278799,-0.1645595694795598,0.040449249218968975,-0.8690575507123912,False,3.394112549695429,36,20,0.5,47
2STEP-VF,9,2,0.4933361807749361,-0.1537878131143002,0.048071372014050234,-1.1395929821287913,False,3.394112549695429,36,20,0.5,48
2STEP-VF,9,2,0.4990866102697392,-0.15919314334705986,0.05051694606000426,-1.2045335332710088,False,3.394112549695429,36,20,0.5,49
2STEP-VF,9,2,0.49736351450821886,-0.16121148218108863,0.05246375715735103,-1.2620908609301273,False,3.394112549695429,36,20,0.5,50
2STEP-VF,9,2,0.49061717193341364,-0.16144106457059634,0.05358108160142556,-1.2976990259601822,False,3.394112549695429,36,20,0.5,51
2STEP-VF,9,2,0.5001196764148484,-0.16404183701195763,0.04699495586882688,-1.0801309983888716,False,3.394112549695429,36,20,0.5,52
2STEP-VF,9,2,0.4953683456727064,-0.16104376540493726,0.045372029385506815,-1.0356778026240065,False,3.394112549695429,36,20,0.5,53
2STEP-VF,9,2,0.4923429196858933,-0.1579476832303572,0.045055115706225224,-1.0331486876651965,False,3.394112549695429,36,20,0.5,54
2STEP-VF,9,2,0.49544621535722166,-0.15759521802422408,0.04068231448427134,-0.8938787673171121,False,3.394112549695429,36,20,0.5,55
2STEP-VF,9,2,0.4963233234529603,-0.16331995504222505,0.04329683525724119,-0.9637514367232007,False,3.394112549695429,36,20,0.5,56
2STEP-VF,9,2,0.49979606573347224,-0.1605510402587203,0.04802021003205508,-1.121336460460826,False,3.394112549695429,36,20,0.5,57
2STEP-VF,9,2,0.5039231508477164,-0.16014617467815648,0.04912576598939749,-1.1574383033822815,False,3.394112549695429,36,20,0.5,58
2STEP-VF,9,2,0.4807977853961061,-0.1530737092955289,0.052995248532842903,-1.2996231836179377,False,3.394112549695429,36,20,0.5,59
2STEP-VF,9,2,0.4921337118477512,-0.16083558944900847,0.04665192416528534,-1.0773281359006457,False,3.394112549695429,36,20,0.5,60
2STEP-VF,9,2,0.49109581525603246,-0.1652160779588536,0.050040540349505835,-1.1753129551675765,False,3.394112549695429,36,20,0.5,61
2STEP-VF,9,2,0.5026825404530681,-0.15709154141412135,0.041146949258706385,-0.9095217244575292,False,3.394112549695429,36,20,0.5,62
2STEP-VF,9,2,0.4975741134989845,-0.15556170576359885,0.04712323091116734,-1.104740848514779,False,3.394112549695429,36,20,0.5,63
2STEP-VF,9,2,0.5050438559566366,-0.15897597508069103,0.046528155517590424,-1.0770560050118372,False,3.394112549695429,36,20,0.5,64
2STEP-VF,9,2,0.4963715646741911,-0.15737160159642824,0.03757341379780411,-0.7948751038178524,False,3.394112549695429,36,20,0.5,65
2STEP-VF,9,2,0.49544682094123643,-0.15743049013249355,0.05182584482006216,-1.2508670486675308,False,3.394112549695429,36,20,0.5,66
2STEP-VF,9,2,0.5002243251388878,-0.16862383246967122,0.03837861664181761,-0.7934050751026196,False,3.394112549695429,36,20,0.5,67
2STEP-VF,9,2,0.4931328570119863,-0.16445404945357173,0.046478190551671905,-1.06302440754421,False,3.394112549695429,36,20,0.5,68
2STEP-VF,9,2,0.49679584559195544,-0.15913384660813215,0.050682604905314683,-1.2101143743750358,False,3.394112549695429,36,20,0.5,69
2STEP-VF,9,2,0.4903277379609532,-0.16166909862934867,0.05331385764448089,-1.288617943635295,False,3.394112549695429,36,20,0.5,70
2STEP-VF,9,2,0.49511448248344986,-0.1605136535470379,0.03450492606255356,-0.6892179965398162,False,3.394112549695429,36,20,0.5,71
2STEP-VF,9,2,0.500324509230868,-0.1640650863902317,0.05831918667384557,-1.4424382956726505,False,3.394112549695429,36,20,0.5,72
2STEP-VF,9,2,0.4937174253025529,-0.1688894677176771,0.05266310946470012,-1.250261734829826,False,3.394112549695429,36,20,0.5,73
2STEP-VF,9,2,0.49420878871769663,-0.1572820545789001,0.046545006436137466,-1.082310747643977,False,3.394112549695429,36,20,0.5,74
2STEP-VF,9,2,0.49414031833607497,-0.16337314323802238,0.03887536777789878,-0.822267806021343,False,3.394112549695429,36,20,0.5,75
2STEP-VF,9,2,0.49536503957058203,-0.1631408740792821,0.04198387032799757,-0.9222238503314106,False,3.394112549695429,36,20,0.5,76
2STEP-VF,9,2,0.5004047604529653,-0.16303600193353115,0.05139883274765474,-1.2234519576572995,False,3.394112549695429,36,20,0.5,77
2STEP-VF,9,2,0.4913761334515265,-0.1570262155801749,0.03681552054096941,-0.77175117191151,False,3.394112549695429,36,20,0.5,78
2STEP-VF,9,2,0.4943560908787313,-0.15487454741319992,0.04419944771564714,-1.013022047656305,False,3.394112549695429,36,20,0.5,79
2STEP-VF,9,2,0.4990502368087472,-0.16610695095852804,0.04604584221434417,-1.0448672543500215,False,3.394112549695429,36,20,0.5,80
2STEP-VF,9,2,0.4980534442714065,-0.15619641918066568,0.041217006694152604,-0.9141896015230015,False,3.394112549695429,36,20,0.5,81
2STEP-VF,9,2,0.5064468502447586,-0.16304431966693853,0.031376367405785,-0.5823505787697822,False,3.394112549695429,36,20,0.5,82
2STEP-VF,9,2,0.5017701735424155,-0.15721711073111935,0.03712885330705927,-0.7806960296586656,False,3.394112549695429,36,20,0.5,83
2STEP-VF,9,2,0.4973058459916673,-0.15995016941639895,0.04030385330696313,-0.8760045484639629,False,3.394112549695429,36,20,0.5,84
2STEP-VF,9,2,0.5017465419218637,-0.16282633316036468,0.03920816933546906,-0.8337734266348231,False,3.394112549695429,36,20,0.5,85
2STEP-VF,9,2,0.5024609101750356,-0.16559954724963524,0.03194924646935515,-0.5947893190097384,False,3.394112549695429,36,20,0.5,86
2STEP-VF,9,2,0.49932435440568684,-0.16055347671109782,0.04661438978679108,-1.0763726678063388,False,3.394112549695429,36,20,0.5,87
2STEP-VF,9,2,0.4956621578988323,-0.16225714906366817,0.042697623188802276,-0.9471670548149396,False,3.394112549695429,36,20,0.5,88
2STEP-VF,9,2,0.4968945868731084,-0.15923678080989712,0.04698111807789504,-1.091413829336502,False,3.394112549695429,36,20,0.5,89
2STEP-VF,9,2,0.48995254288952556,-0.15311443935549424,0.03941342711023803,-0.8643578605010593,False,3.394112549695429,36,20,0.5,90
2STEP-VF,9,2,0.5019579128048651,-0.15965976048981126,0.041265873413119276,-0.9072070492759782,False,3.394112549695429,36,20,0.5,91
2STEP-VF,9,2,0.5034435434800337,-0.1727443652415787,0.042574600474098445,-0.9175941259825595,False,3.394112549695429,36,20,0.5,92
2STEP-VF,9,2,0.5040438773187085,-0.16167043419593477,0.04433214076191432,-1.0003768296718927,False,3.394112549695429,36,20,0.5,93
2STEP-VF,9,2,0.49942625412495795,-0.15899520015599716,0.03713928230875908,-0.7769029782584003,False,3.394112549695429,36,20,0.5,94
2STEP-VF,9,2,0.49004732290843134,-0.1614456482266132,0.051178085528042344,-1.220826341778978,False,3.394112549695429,36,20,0.5,95
2STEP-VF,9,2,0.4924477527628296,-0.16168857498435865,0.053758384766482925,-1.3026688673992235,False,3.394112549695429,36,20,0.5,96
2STEP-VF,9,2,0.4973724804136548,-0.16137113661788777,0.05479332323876928,-1.3362532669328675,False,3.394112549695429,36,20,0.5,97
2STEP-VF,9,2,0.5014680834278704,-0.16112632318603204,0.045730611612018635,-1.0465883109324474,False,3.394112549695429,36,20,0.5,98
2STEP-VF,9,2,0.4914304185835455,-0.1562433966389425,0.04669449316686156,-1.0897538042910955,False,3.394112549695429,36,20,0.5,99
2STEP-VF,9,2,1.7904176894702735,-0.41578632678568106,0.09070181123200158,-1.7971457137702,False,3.394112549695429,40,20,0.5,0
2STEP-VF,9,2,1.7865625401727765,-0.4233793963478703,0.08719778765953871,-1.667024901459984,False,3.394112549695429,40,20,0.5,1
2STEP-VF,9,2,1.7830244665657315,-0.4147057237294277,0.08665408036855622,-1.6706553668492292,False,3.394112549695429,40,20,0.5,2
2STEP-VF,9,2,1.786980011292253,-0.4323575362257816,0.08023844997310615,-1.4227535115199863,False,3.394112549695429,40,20,0.5,3
2STEP-VF,9,2,1.775730331495704,-0.42038559554190397,0.089840967892325,-1.7594417233640889,False,3.394112549695429,40,20,0.5,4
2STEP-VF,9,2,1.7875103477310321,-0.4314519475713299,0.06684680610322269,-0.9963625002680729,False,3.394112549695429,40,20,0.5,5
2STEP-VF,9,2,1.7898999318261184,-0.41832985095745046,0.08261836602330726,-1.5324020745383846,False,3.394112549695429,40,20,0.5,6
2STEP-VF,9,2,1.7914823470076282,-0.4203315901794336,0.08243855455831113,-1.5217489886148583,False,3.394112549695429,40,20,0.5,7
2STEP-VF,9,2,1.7889410687835268,-0.4288621232159966,0.07135676461476156,-1.146810907826967,False,3.394112549695429,40,20,0.5,8
2STEP-VF,9,2,1.7793198830097074,-0.4442716602290857,0.09260214767870684,-1.790257548188231,False,3.394112549695429,40,20,0.5,9
2STEP-VF,9,2,1.7982691226022385,-0.4262675258098359,0.05161504463427172,-0.520743218996955,False,3.394112549695429,40,20,0.5,10
2STEP-VF,9,2,1.7816434526889866,-0.42512783201948107,0.10632179381548425,-2.275091998087403,False,3.394112549695429,40,20,0.5,11
2STEP-VF,9,2,1.7776955497418256,-0.4377721446249239,0.09072971480469003,-1.7460359936657546,False,3.394112549695429,40,20,0.5,12
2STEP-VF,9,2,1.797332344469188,-0.4242091020997407,0.07999464446918829,-1.4338868373064968,False,3.394112549695429,40,20,0.5,13
2STEP-VF,9,2,1.7846503870604746,-0.43547619969334955,0.09639473283681456,-1.9324095482903993,False,3.394112549695429,40,20,0.5,14
2STEP-VF,9,2,1.7948859836709052,-0.41789564912975635,0.07533113367921646,-1.2999535608032575,False,3.394112549695429,40,20,0.5,15
2STEP-VF,9,2,1.7810307021637082,-0.42784163474071046,0.051156271936021035,-0.503318936445146,False,3.394112549695429,40,20,0.5,16
2STEP-VF,9,2,1.7724644956246447,-0.43134649778018974,0.1028022995001591,-2.148094119595158,False,3.394112549695429,40,20,0.5,17
2STEP-VF,9,2,1.7920199562261367,-0.4369625882741363,0.07742183774902729,-1.3212673987373786,False,3.394112549695429,40,20,0.5,18
2STEP-VF,9,2,1.792633818406876,-0.42866706245181535,0.08050477940302701,-1.4397939619080955,False,3.394112549695429,40,20,0.5,19
2STEP-VF,9,2,1.802576459636902,-0.4142776095262126,0.05021084161264536,-0.5043260811635275,False,3.394112549695429,40,20,0.5,20
2STEP-VF,9,2,1.7940076939540777,-0.4385989567351935,0.0806460403595723,-1.4203953337046051,False,3.394112549695429,40,20,0.5,21
2STEP-VF,9,2,1.8017723307464961,-0.42184745961237546,0.08058580985487626,-1.45820567244155,False,3.394112549695429,40,20,0.5,22
2STEP-VF,9,2,1.7920498537142273,-0.4170624089353588,0.05282864157651899,-0.5820437577808932,False,3.394112549695429,40,20,0.5,23
2STEP-VF,9,2,1.7883734664661752,-0.40774338974068935,0.07904378045093817,-1.443514431064397,False,3.394112549695429,40,20,0.5,24
2STEP-VF,9,2,1.78696905273171,-0.4300127074359081,0.0900238584719137,-1.741514830091157,False,3.394112549695429,40,20,0.5,25
2STEP-VF,9,2,1.7824833149039552,-0.419734108203701,0.09485108663431446,-1.920923913714944,False,3.394112549695429,40,20,0.5,26
2STEP-VF,9,2,1.7903907156497605,-0.41791440255164103,0.08574399119095877,-1.6333897090477572,False,3.394112549695429,40,20,0.5,27
2STEP-VF,9,2,1.7889835244122674,-0.42793734242962767,0.09779345758058657,-1.9950020092829286,False,3.394112549695429,40,20,0.5,28
2STEP-VF,9,2,1.7990131991641773,-0.4312317323815455,0.08084985458248073,-1.444298396973824,False,3.394112549695429,40,20,0.5,29
2STEP-VF,9,2,1.7756153210496342,-0.41082316377408495,0.08638504055716173,-1.6718087855083938,False,3.394112549695429,40,20,0.5,30
2STEP-VF,9,2,1.7859394170994205,-0.424565204613193,0.04235163370237582,-0.2291394223783978,False,3.394112549695429,40,20,0.5,31
2STEP-VF,9,2,1.7853959376168773,-0.43526683544321126,0.0824400685666297,-1.4863180328114314,False,3.394112549695429,40,20,0.5,32
2STEP-VF,9,2,1.7941626967204314,-0.4405068724413769,0.07339885245144064,-1.1838970227835703,False,3.394112549695429,40,20,0.5,33
2STEP-VF,9,2,1.7796920248547614,-0.4243145845687572,0.0715963336151176,-1.1659461512274605,False,3.394112549695429,40,20,0.5,34
2STEP-VF,9,2,1.7922384185691693,-0.4238532013234373,0.06372992427992202,-0.9145755886671056,False,3.394112549695429,40,20,0.5,35
2STEP-VF,9,2,1.7883428265432297,-0.4131478963893673,0.09121094942026393,-1.8198948605213712,False,3.394112549695429,40,20,0.5,36
2STEP-VF,9,2,1.797390108012379,-0.4367909453447603,0.07884084502999178,-1.36676536565157,False,3.394112549695429,40,20,0.5,37
2STEP-VF,9,2,1.7847354700088223,-0.42235462788467204,0.09601276063340149,-1.9516731051451064,False,3.394112549695429,40,20,0.5,38
2STEP-VF,9,2,1.79652902307264,-0.4321620980172108,0.05598217134884259,-0.6464487065372992,False,3.394112549695429,40,20,0.5,39
2STEP-VF,9,2,1.7748862941130688,-0.4181380389744424,0.09325639771834655,-1.8741802558016443,False,3.394112549695429,40,20,0.5,40
2STEP-VF,9,2,1.7870038566729327,-0.42348750687690095,0.07996339981740992,-1.43523854625218,False,3.394112549695429,40,20,0.5,41
2STEP-VF,9,2,1.7914899099421357,-0.44023533050515845,0.08408669321731853,-1.526719995145285,False,3.394112549695429,40,20,0.5,42
2STEP-VF,9,2,1.8043023542434942,-0.4131103660880033,0.05382106075926051,-0.6225509244305194,False,3.394112549695429,40,20,0.5,43
2STEP-VF,9,2,1.797325333487237,-0.4136378271329195,0.08705223765190298,-1.6851012997326549,False,3.394112549695429,40,20,0.5,44
2STEP-VF,9,2,1.7950564797121245,-0.42466629104722475,0.08041835261813998,-1.446484796484413,False,3.394112549695429,40,20,0.5,45
2STEP-VF,9,2,1.8004068635359434,-0.43702280538315447,0.07320206231608599,-1.1855868493830248,False,3.394112549695429,40,20,0.5,46
2STEP-VF,9,2,1.7891481783904155,-0.4131843860944274,0.0646299092373529,-0.9691656782652425,False,3.394112549695429,40,20,0.5,47
2STEP-VF,9,2,1.794389307847424,-0.42743572621540493,0.07712066370257427,-1.3343521370945597,False,3.394112549695429,40,20,0.5,48
2STEP-VF,9,2,1.801218330023989,-0.4163115347511914,0.0853090411443413,-1.6226685334146234,False,3.394112549695429,40,20,0.5,49
2STEP-VF,9,2,1.792337619601032,-0.43282722200573065,0.09018314989264854,-1.7395352065749383,False,3.394112549695429,40,20,0.5,50
2STEP-VF,9,2,1.8044879105009306,-0.4267326309591163,0.04750456473146432,-0.3877184824749238,False,3.394112549695429,40,20,0.5,51
2STEP-VF,9,2,1.7932580579829651,-0.43223583479665245,0.06861092754502575,-1.0505881944498807,False,3.394112549695429,40,20,0.5,52
2STEP-VF,9,2,1.79184067228299,-0.42686493033378536,0.10359413062877375,-2.1830259069826967,False,3.394112549695429,40,20,0.5,53
2STEP-VF,9,2,1.7918503923631495,-0.41339556826914875,0.06276626698194912,-0.9088601560346263,False,3.394112549695429,40,20,0.5,54
2STEP-VF,9,2,1.7782855619664473,-0.4172476745039457,0.0849262835815882,-1.6095495220833662,False,3.394112549695429,40,20,0.5,55
2STEP-VF,9,2,1.7720554292150008,-0.41800935083398644,0.09248801341480987,-1.850070661519449,False,3.394112549695429,40,20,0.5,56
2STEP-VF,9,2,1.8029139757337354,-0.4041343701080134,0.06446298089527354,-0.9847180618454974,False,3.394112549695429,40,20,0.5,57
2STEP-VF,9,2,1.793311275977351,-0.4196115921149675,0.06611237766716586,-1.000929587714745,False,3.394112549695429,40,20,0.5,58
2STEP-VF,9,2,1.7680527840328286,-0.4113625919156533,0.10816442703443743,-2.367908277462461,False,3.394112549695429,40,20,0.5,59
2STEP-VF,9,2,1.790510912655925,-0.4288603601289155,0.09481774778039559,-1.897472409903907,False,3.394112549695429,40,20,0.5,60
2STEP-VF,9,2,1.7875528097296849,-0.42769090131630855,0.0742745943774579,-1.2430756883357317,False,3.394112549695429,40,20,0.5,61
2STEP-VF,9,2,1.8020977678319154,-0.42893381312675577,0.08818655362920631,-1.6844026985604736,False,3.394112549695429,40,20,0.5,62
2STEP-VF,9,2,1.7972267627732597,-0.4197000771722838,0.0739554989922556,-1.251462176772303,False,3.394112549695429,40,20,0.5,63
2STEP-VF,9,2,1.7926364376779211,-0.41221932218184437,0.10570431724353098,-2.2856535922958905,False,3.394112549695429,40,20,0.5,64
2STEP-VF,9,2,1.7774274336561668,-0.4199094024562456,0.09661023665958676,-1.977099361192418,False,3.394112549695429,40,20,0.5,65
2STEP-VF,9,2,1.8100877093029912,-0.4413175062915041,0.062206504604785814,-0.8228408696953571,False,3.394112549695429,40,20,0.5,66
2STEP-VF,9,2,1.7965430220128749,-0.43217096423989954,0.06405673887302421,-0.9048127484402437,False,3.394112549695429,40,20,0.5,67
2STEP-VF,9,2,1.7874075730679615,-0.4118852540952073,0.08338061616110766,-1.5724106529428703,False,3.394112549695429,40,20,0.5,68
2STEP-VF,9,2,1.800486898178454,-0.42847026817069417,0.06757870740268834,-1.0261607793856542,False,3.394112549695429,40,20,0.5,69
2STEP-VF,9,2,1.7846194732006988,-0.4194384374351073,0.08878666127873623,-1.7274437426832605,False,3.394112549695429,40,20,0.5,70
2STEP-VF,9,2,1.789947178053294,-0.4212537742060924,0.09256144120087366,-1.8435602296501383,False,3.394112549695429,40,20,0.5,71
2STEP-VF,9,2,1.788337077702453,-0.4120552142679973,0.08632734771007627,-1.6662423878171007,False,3.394112549695429,40,20,0.5,72
2STEP-VF,9,2,1.7878156264127991,-0.43174236075497074,0.09322975313862357,-1.8399014970392569,False,3.394112549695429,40,20,0.5,73
2STEP-VF,9,2,1.7910832147065043,-0.4251186995946524,0.06197002704467985,-0.8552909935201995,False,3.394112549695429,40,20,0.5,74
2STEP-VF,9,2,1.7945189086742228,-0.4297409439342298,0.06154813516436997,-0.8304909252972348,False,3.394112549695429,40,20,0.5,75
2STEP-VF,9,2,1.7978453904179417,-0.4160079445280607,0.08958861691183335,-1.7605459508862455,False,3.394112549695429,40,20,0.5,76
2STEP-VF,9,2,1.8093938805216818,-0.42498849661840615,0.06246408958772493,-0.8703148420917226,False,3.394112549695429,40,20,0.5,77
2STEP-VF,9,2,1.7923901929488504,-0.43285925341578857,0.06851109783562258,-1.0459495109650996,False,3.394112549695429,40,20,0.5,78
2STEP-VF,9,2,1.7817234240416089,-0.4269995332913883,0.101672187115398,-2.1218077023509085,False,3.394112549695429,40,20,0.5,79
2STEP-VF,9,2,1.8006661078561546,-0.44004875293935786,0.0736447637000488,-1.1924754648757339,False,3.394112549695429,40,20,0.5,80
2STEP-VF,9,2,1.7810797118627424,-0.42874058321732594,0.08339467398068179,-1.5327873849484708,False,3.394112549695429,40,20,0.5,81
2STEP-VF,9,2,1.784902842876854,-0.41526603315673366,0.07501825043013777,-1.2968513636156371,False,3.394112549695429,40,20,0.5,82
2STEP-VF,9,2,1.7935993075323002,-0.4099760256710803,0.07984684019988562,-1.4635404663338096,False,3.394112549695429,40,20,0.5,83
2STEP-VF,9,2,1.7855979276670546,-0.43497322936418525,0.08324381488633094,-1.5127304502285226,False,3.394112549695429,40,20,0.5,84
2STEP-VF,9,2,1.7778371587209645,-0.4294513539784273,0.08544278596870965,-1.596815671927226,False,3.394112549695429,40,20,0.5,85
2STEP-VF,9,2,1.79121910694996,-0.4215181374529753,0.0902907635504875,-1.7701877573114622,False,3.394112549695429,40,20,0.5,86
2STEP-VF,9,2,1.784527825538295,-0.4234969171879079,0.09681926631727814,-1.9747522513696245,False,3.394112549695429,40,20,0.5,87
2STEP-VF,9,2,1.7880440913367475,-0.41431516995217615,0.07659065985291619,-1.3492620619278908,False,3.394112549695429,40,20,0.5,88
2STEP-VF,9,2,1.799445509871147,-0.42702327390967737,0.09450997929843895,-1.8914967495745527,False,3.394112549695429,40,20,0.5,89
2STEP-VF,9,2,1.7991153234578385,-0.43157236270107874,0.08740001021362029,-1.6530797369457906,False,3.394112549695429,40,20,0.5,90
2STEP-VF,9,2,1.7917564921964018,-0.4302465924784621,0.06891248100391058,-1.0651021806450458,False,3.394112549695429,40,20,0.5,91
2STEP-VF,9,2,1.7964804955040792,-0.42253717614558467,0.06596938156620141,-0.9891421576387978,False,3.394112549695429,40,20,0.5,92
2STEP-VF,9,2,1.7881574416253618,-0.421193461956845,0.08686345590491308,-1.6614768337632695,False,3.394112549695429,40,20,0.5,93
2STEP-VF,9,2,1.7971883706773786,-0.4118292303915733,0.06806339692401679,-1.0818072463881192,False,3.394112549695429,40,20,0.5,94
2STEP-VF,9,2,1.8012919072133833,-0.43519512178529146,0.07803567994292353,-1.3445959514560508,False,3.394112549695429,40,20,0.5,95
2STEP-VF,9,2,1.77768738700318,-0.4159918307861691,0.09838426256140989,-2.043254764858121,False,3.394112549695429,40,20,0.5,96
2STEP-VF,9,2,1.7924727141853845,-0.4322940161546964,0.0903256043889756,-1.7453653388248254,False,3.394112549695429,40,20,0.5,97
2STEP-VF,9,2,1.7876519832282474,-0.43529795099916047,0.0937048876660082,-1.8465822039205826,False,3.394112549695429,40,20,0.5,98
2STEP-VF,9,2,1.7825808782312949,-0.4232481693295936,0.08785095789607576,-1.6884801935895226,False,3.394112549695429,40,20,0.5,99
2STEP-VF,9,2,4.316227911014484,-0.7504670744623994,0.1036364208348786,-1.256270813345489,False,3.394112549695429,44,20,0.5,0
2STEP-VF,9,2,4.314041741995915,-0.752345003495662,0.06712687887147897,-0.08358961097798412,False,3.394112549695429,44,20,0.5,1
2STEP-VF,9,2,4.319750768930758,-0.7515636854393184,0.0934668732207983,-0.9280020518753367,False,3.394112549695429,44,20,0.5,2
2STEP-VF,9,2,4.31875892109801,-0.7463760369860891,0.06943942902575959,-0.17163370479181284,False,3.394112549695429,44,20,0.5,3
2STEP-VF,9,2,4.298520810926879,-0.7541044679992908,0.0942672180842102,-0.9487890068408169,False,3.394112549695429,44,20,0.5,4
2STEP-VF,9,2,4.297812734098187,-0.7778437969274208,0.10623965532882132,-1.274975093850582,False,3.394112549695429,44,20,0.5,5
2STEP-VF,9,2,4.31133785774754,-0.7454598000749,0.05965039321743393,0.13897120868672586,False,3.394112549695429,44,20,0.5,6
2STEP-VF,9,2,4.30314013860691,-0.745932838101986,0.11982082266065626,-1.7858391053798202,False,3.394112549695429,44,20,0.5,7
2STEP-VF,9,2,4.305776510538726,-0.7669968129354848,0.1004702619201145,-1.115909439766178,False,3.394112549695429,44,20,0.5,8
2STEP-VF,9,2,4.335332158732092,-0.7350257054648364,0.07063461730740807,-0.2361261311975258,False,3.394112549695429,44,20,0.5,9
2STEP-VF,9,2,4.29374773529168,-0.7440472978930938,0.08874620796567594,-0.7965402758407047,False,3.394112549695429,44,20,0.5,10
2STEP-VF,9,2,4.299308922678867,-0.7492984219491374,0.0882067798644444,-0.7663422076235595,False,3.394112549695429,44,20,0.5,11
2STEP-VF,9,2,4.311592813840843,-0.7761004566282946,0.08076695386122859,-0.46320585882095777,False,3.394112549695429,44,20,0.5,12
2STEP-VF,9,2,4.3121009699698325,-0.7457373759724839,0.07874648678765903,-0.47139181667293784,False,3.394112549695429,44,20,0.5,13
2STEP-VF,9,2,4.301657892894998,-0.7434786840408878,0.12771933905831429,-2.0445705345942278,False,3.394112549695429,44,20,0.5,14
2STEP-VF,9,2,4.304152244840931,-0.728407513669944,0.12958448089934052,-2.140276221280576,False,3.394112549695429,44,20,0.5,15
2STEP-VF,9,2,4.309978618549201,-0.7658579198002554,0.09378908856792165,-0.9045931095399284,False,3.394112549695429,44,20,0.5,16
2STEP-VF,9,2,4.3047407444353745,-0.7482253185780948,0.08083087354608692,-0.5325627442212322,False,3.394112549695429,44,20,0.5,17
2STEP-VF,9,2,4.31203209611612,-0.7427506957620411,0.07182752989031664,-0.2571573608942672,False,3.394112549695429,44,20,0.5,18
2STEP-VF,9,2,4.300136938551248,-0.7636687989179495,0.0892640501020345,-0.7656362695489509,False,3.394112549695429,44,20,0.5,19
2STEP-VF,9,2,4.305321440284652,-0.7720815516136349,0.12125503542625067,-1.7688461233502197,False,3.394112549695429,44,20,0.5,20
2STEP-VF,9,2,4.3193914905969,-0.7662134940233023,0.10165977068044312,-1.155036786682441,False,3.394112549695429,44,20,0.5,21
2STEP-VF,9,2,4.340222166888565,-0.7725546097424743,0.053068765128900595,0.4163439092704324,False,3.394112549695429,44,20,0.5,22
2STEP-VF,9,2,4.310298384848047,-0.7410314186203727,0.07038124570166797,-0.21510655467359818,False,3.394112549695429,44,20,0.5,23
2STEP-VF,9,2,4.296258468445841,-0.758264630154788,0.09280645604138926,-0.8921959728462152,False,3.394112549695429,44,20,0.5,24
2STEP-VF,9,2,4.317665955031327,-0.7670095313585171,0.09127930395387326,-0.8210548939616245,False,3.394112549695429,44,20,0.5,25
2STEP-VF,9,2,4.286144396864005,-0.7617104015228,0.09508317278726497,-0.9573879017259195,False,3.394112549695429,44,20,0.5,26
2STEP-VF,9,2,4.302086347285313,-0.7390749055408992,0.09533296104729239,-1.0187497993780807,False,3.394112549695429,44,20,0.5,27
2STEP-VF,9,2,4.302737618149803,-0.7643304742892285,0.04973934480887846,0.500898361499025,False,3.394112549695429,44,20,0.5,28
2STEP-VF,9,2,4.323865056461807,-0.7367461554452002,0.08037839952667702,-0.5444861083974764,False,3.394112549695429,44,20,0.5,29
2STEP-VF,9,2,4.314890467749751,-0.7530494512538993,0.08638847376333832,-0.6982190493524829,False,3.394112549695429,44,20,0.5,30
2STEP-VF,9,2,4.30046088494784,-0.7597299234957268,0.1104938542882819,-1.4544238677384072,False,3.394112549695429,44,20,0.5,31
2STEP-VF,9,2,4.304321925056588,-0.7583711104915324,0.08995022884949896,-0.8000573425008946,False,3.394112549695429,44,20,0.5,32
2STEP-VF,9,2,4.320058973884402,-0.7841879936804105,0.0870523520759601,-0.6444205431646743,False,3.394112549695429,44,20,0.5,33
2STEP-VF,9,2,4.317440682946934,-0.7462486755721991,0.07784202768420247,-0.4409016235443852,False,3.394112549695429,44,20,0.5,34
2STEP-VF,9,2,4.3245674550842415,-0.7528033687293304,0.05208290452848457,0.3995491873439405,False,3.394112549695429,44,20,0.5,35
2STEP-VF,9,2,4.33079181656342,-0.7607285755823101,0.10059948517828525,-1.1335874353137796,False,3.394112549695429,44,20,0.5,36
2STEP-VF,9,2,4.318380360429156,-0.7420478895189604,0.04380133253192188,0.6383751154497539,False,3.394112549695429,44,20,0.5,37
2STEP-VF,9,2,4.282841262240154,-0.7472617778060071,0.10096430855753731,-1.1804591313723685,False,3.394112549695429,44,20,0.5,38
2STEP-VF,9,2,4.315157178695888,-0.7455367959168979,0.06828793258281754,-0.13701610172785328,False,3.394112549695429,44,20,0.5,39
2STEP-VF,9,2,4.310896266564041,-0.753931039121684,0.12722680225602748,-2.0031694023069964,False,3.394112549695429,44,20,0.5,40
2STEP-VF,9,2,4.324503085153256,-0.7437193331236119,0.05228329020623199,0.3713312980064398,False,3.394112549695429,44,20,0.5,41
2STEP-VF,9,2,4.309799349144156,-0.7843671253248979,0.0959973265018404,-0.9308453863304891,False,3.394112549695429,44,20,0.5,42
2STEP-VF,9,2,4.326214271864991,-0.7522891225062677,0.10196076501155885,-1.1976777300429422,False,3.394112549695429,44,20,0.5,43
2STEP-VF,9,2,4.302089717492398,-0.7611144889320465,0.09630955250768115,-0.9971055237593425,False,3.394112549695429,44,20,0.5,44
2STEP-VF,9,2,4.314363632349468,-0.7582853530430966,0.08576257012930276,-0.665655578893289,False,3.394112549695429,44,20,0.5,45
2STEP-VF,9,2,4.306229222252606,-0.7900709750549064,0.12470332564855531,-1.8359623272868393,False,3.394112549695429,44,20,0.5,46
2STEP-VF,9,2,4.302931345880528,-0.7782519091618774,0.07779325041396527,-0.36340355050555173,False,3.394112549695429,44,20,0.5,47
2STEP-VF,9,2,4.30606941694321,-0.771288366709979,0.04079246153027699,0.8040974761516784,False,3.394112549695429,44,20,0.5,48
2STEP-VF,9,2,4.295975621735941,-0.7586918537824423,0.08907996179598565,-0.7719397910895234,False,3.394112549695429,44,20,0.5,49
2STEP-VF,9,2,4.28148017911782,-0.7548464615498102,0.08916784179614153,-0.7848506190099158,False,3.394112549695429,44,20,0.5,50
2STEP-VF,9,2,4.336455322842569,-0.7641892846396032,0.06430722237315091,0.03641048656477208,False,3.394112549695429,44,20,0.5,51
2STEP-VF,9,2,4.308811730631913,-0.7529116460774108,0.11971607702469535,-1.7653978103665513,False,3.394112549695429,44,20,0.5,52
2STEP-VF,9,2,4.296287308713722,-0.7443673967251766,0.1395233388831813,-2.4204878535985554,False,3.394112549695429,44,20,0.5,53
2STEP-VF,9,2,4.299674669813879,-0.7476062373678791,0.12805405427867464,-2.045494287045847,False,3.394112549695429,44,20,0.5,54
2STEP-VF,9,2,4.294108263051968,-0.778347609201024,0.07408277281543164,-0.2449679722282374,False,3.394112549695429,44,20,0.5,55
2STEP-VF,9,2,4.28969248750786,-0.7622287432319581,0.12961076406841956,-2.060813917182256,False,3.394112549695429,44,20,0.5,56
2STEP-VF,9,2,4.312427113510856,-0.7617873308700739,0.05004323547352986,0.48565168574587236,False,3.394112549695429,44,20,0.5,57
2STEP-VF,9,2,4.319234692723854,-0.7661278949430759,0.0317188249977147,1.0828586294999423,False,3.394112549695429,44,20,0.5,58
2STEP-VF,9,2,4.318576217223995,-0.7844462715403265,0.10602401921265066,-1.2509829900745988,False,3.394112549695429,44,20,0.5,59
2STEP-VF,9,2,4.289312115551713,-0.7496955885263097,0.10017577745584748,-1.1489967391908742,False,3.394112549695429,44,20,0.5,60
2STEP-VF,9,2,4.300197545198755,-0.7582039954524601,0.1214120798801909,-1.80748511436828,False,3.394112549695429,44,20,0.5,61
2STEP-VF,9,2,4.306532963177702,-0.7546508914584733,0.10253835251808881,-1.2116731632878448,False,3.394112549695429,44,20,0.5,62
2STEP-VF,9,2,4.305316445119879,-0.7429076492170139,0.07242988503497866,-0.27645897629129124,False,3.394112549695429,44,20,0.5,63
2STEP-VF,9,2,4.309761333267287,-0.7598057849431311,0.10620876703670955,-1.3165609813151544,False,3.394112549695429,44,20,0.5,64
2STEP-VF,9,2,4.309616362009434,-0.7521605225333794,0.08619119285811994,-0.694355935659162,False,3.394112549695429,44,20,0.5,65
2STEP-VF,9,2,4.312326489232831,-0.7432701169813497,0.09881153243595775,-1.11938116784144,False,3.394112549695429,44,20,0.5,66
2STEP-VF,9,2,4.294484789656774,-0.7615696786792818,0.10732786249023343,-1.3490552834777882,False,3.394112549695429,44,20,0.5,67
2STEP-VF,9,2,4.320962885623158,-0.7619266244770404,0.07495995526193781,-0.31083689649972435,False,3.394112549695429,44,20,0.5,68
2STEP-VF,9,2,4.307341443871685,-0.7626187995274369,0.06472600972858522,0.017493294183422048,False,3.394112549695429,44,20,0.5,69
2STEP-VF,9,2,4.29919733630782,-0.759325316648583,0.08693175261481664,-0.7014834835390644,False,3.394112549695429,44,20,0.5,70
2STEP-VF,9,2,4.3020711965001945,-0.7455729983802676,0.13014619619774354,-2.1171788104251403,False,3.394112549695429,44,20,0.5,71
2STEP-VF,9,2,4.324119291115892,-0.7351533143517005,0.08919225152729841,-0.8303369369625151,False,3.394112549695429,44,20,0.5,72
2STEP-VF,9,2,4.312951963826647,-0.758666920946456,0.12423169479617424,-1.8958365053764834,False,3.394112549695429,44,20,0.5,73
2STEP-VF,9,2,4.307402955227409,-0.7713210715182605,0.07490362331307214,-0.28730119706083945,False,3.394112549695429,44,20,0.5,74
2STEP-VF,9,2,4.31220494711245,-0.7611036042193507,0.03965303639571149,0.8164837822904207,False,3.394112549695429,44,20,0.5,75
2STEP-VF,9,2,4.326882038981242,-0.7463422969700202,0.06287498164084872,0.038835022559763566,False,3.394112549695429,44,20,0.5,76
2STEP-VF,9,2,4.316074553459563,-0.7648513258729884,0.10645618269075365,-1.3119901908013714,False,3.394112549695429,44,20,0.5,77
2STEP-VF,9,2,4.314018273419556,-0.770961769722252,0.0448792314604448,0.6730139370043446,False,3.394112549695429,44,20,0.5,78
2STEP-VF,9,2,4.291245667728298,-0.7533898976150349,0.1432188154576933,-2.5173916003064045,False,3.394112549695429,44,20,0.5,79
2STEP-VF,9,2,4.294882113692802,-0.7713152303284712,0.0837570296470825,-0.5713754690967416,False,3.394112549695429,44,20,0.5,80
2STEP-VF,9,2,4.292796481170706,-0.7319782495972992,0.11749522037172352,-1.7455314639913935,False,3.394112549695429,44,20,0.5,81
2STEP-VF,9,2,4.301411928435038,-0.7729489903294818,0.07673891048583065,-0.34248284304972243,False,3.394112549695429,44,20,0.5,82
2STEP-VF,9,2,4.31373675099564,-0.7498469176205121,0.0603968122759073,0.12575881451993332,False,3.394112549695429,44,20,0.5,83
2STEP-VF,9,2,4.296153063136281,-0.7640091026560892,0.15052873073781756,-2.7255283534473715,False,3.394112549695429,44,20,0.5,84
2STEP-VF,9,2,4.308218445106318,-0.7740412927000704,0.07166463654243185,-0.1770761601712718,False,3.394112549695429,44,20,0.5,85
2STEP-VF,9,2,4.307293025281427,-0.7597234275156919,0.1562171131281506,-2.917173812546274,False,3.394112549695429,44,20,0.5,86
2STEP-VF,9,2,4.311432702219301,-0.7578309492278508,0.07702086714337306,-0.38718750830793836,False,3.394112549695429,44,20,0.5,87
2STEP-VF,9,2,4.300770973729402,-0.772876243163291,0.08533637597367176,-0.6178147891418346,False,3.394112549695429,44,20,0.5,88
2STEP-VF,9,2,4.299869533316597,-0.7568945593914681,0.08900732253687914,-0.7736952066416136,False,3.394112549695429,44,20,0.5,89
2STEP-VF,9,2,4.324041608599561,-0.7683474964966137,0.050904863016547695,0.47452087157832,False,3.394112549695429,44,20,0.5,90
2STEP-VF,9,2,4.306752322460645,-0.7599454839465306,0.09064916372442088,-0.8184989383621564,False,3.394112549695429,44,20,0.5,91
2STEP-VF,9,2,4.316604117766779,-0.764264082425478,0.12062354891064853,-1.7667235202536,False,3.394112549695429,44,20,0.5,92
2STEP-VF,9,2,4.29072507149393,-0.7698863508893838,0.08910125595312016,-0.7460694440756885,False,3.394112549695429,44,20,0.5,93
2STEP-VF,9,2,4.312515880261634,-0.7353428376298102,0.1298607657272517,-2.1319707401448125,False,3.394112549695429,44,20,0.5,94
2STEP-VF,9,2,4.299791226276376,-0.7609698772197371,0.12441652155688188,-1.8970135109162696,False,3.394112549695429,44,20,0.5,95
2STEP-VF,9,2,4.28229228883442,-0.7642960204479234,0.15847254231535035,-2.979873367686131,False,3.394112549695429,44,20,0.5,96
2STEP-VF,9,2,4.2840001349087204,-0.7488307290139288,0.1391302265436322,-2.3979334916682786,False,3.394112549695429,44,20,0.5,97
2STEP-VF,9,2,4.31403677487023,-0.7756187815755203,0.06851302225251493,-0.07208942980701583,False,3.394112549695429,44,20,0.5,98
2STEP-VF,9,2,4.312301188554665,-0.7565124691260121,0.09819313356152001,-1.0678122767529326,False,3.394112549695429,44,20,0.5,99
2STEP-VF,9,2,2.2004467157803647,-0.2721460478110478,0.030761400007592168,-3.152281883278462,False,6.788225099390858,36,40,0.5,0
2STEP-VF,9,2,2.2005826696537283,-0.268907789500453,0.03051538533718177,-3.1285556681789566,False,6.788225099390858,36,40,0.5,1
2STEP-VF,9,2,2.1895134072197053,-0.27254265127251454,0.033807597515417835,-3.5418993144862667,False,6.788225099390858,36,40,0.5,2
2STEP-VF,9,2,2.1838617506785294,-0.27844595398086214,0.03795301791840946,-4.058684298961631,False,6.788225099390858,36,40,0.5,3
2STEP-VF,9,2,2.2082283496455863,-0.28144405781697474,0.02540208758212399,-2.4435077707723973,False,6.788225099390858,36,40,0.5,4
2STEP-VF,9,2,2.1990126672862624,-0.2874925029806578,0.02517738368582497,-2.400782344594843,False,6.788225099390858,36,40,0.5,5
2STEP-VF,9,2,2.1953246192196048,-0.27678046852026156,0.02941868085864591,-2.9695985483048735,False,6.788225099390858,36,40,0.5,6
2STEP-VF,9,2,2.181394115498135,-0.27604092564277805,0.03716666729622407,-3.963951545444126,False,6.788225099390858,36,40,0.5,7
2STEP-VF,9,2,2.1953863261039355,-0.2786955822384164,0.03180704887133609,-3.270709678592585,False,6.788225099390858,36,40,0.5,8
2STEP-VF,9,2,2.204731338825349,-0.2685255620314723,0.035216913647388666,-3.7310197176606956,False,6.788225099390858,36,40,0.5,9
2STEP-VF,9,2,2.23796882795722,-0.290952046240532,0.026016226993753024,-2.4975140145456782,False,6.788225099390858,36,40,0.5,10
2STEP-VF,9,2,2.189492611733694,-0.2710587961494237,0.029365383853891588,-2.9768584658354857,False,6.788225099390858,36,40,0.5,11
2STEP-VF,9,2,2.2154322987817294,-0.2847077497401339,0.034749429390355684,-3.6317024246623033,False,6.788225099390858,36,40,0.5,12
2STEP-VF,9,2,2.209494630299994,-0.2729177052244954,0.02792809813907646,-2.7872243914449992,False,6.788225099390858,36,40,0.5,13
2STEP-VF,9,2,2.2005422485493606,-0.2711290780706008,0.03119863642418277,-3.210683140012992,False,6.788225099390858,36,40,0.5,14
2STEP-VF,9,2,2.187523104392716,-0.27165308453920206,0.033073760855427264,-3.450222600337043,False,6.788225099390858,36,40,0.5,15
2STEP-VF,9,2,2.2045655520625194,-0.27568783966535104,0.030483367870414304,-3.1079463390924382,False,6.788225099390858,36,40,0.5,16
2STEP-VF,9,2,2.214944517711273,-0.27095599185624947,0.020461709409876697,-1.8359077529465426,False,6.788225099390858,36,40,0.5,17
2STEP-VF,9,2,2.1954751905896512,-0.27459587326910473,0.026937594775624473,-2.657253523998703,False,6.788225099390858,36,40,0.5,18
2STEP-VF,9,2,2.220472289287254,-0.2755295400061791,0.02540119231963691,-2.4568533835414605,False,6.788225099390858,36,40,0.5,19
2STEP-VF,9,2,2.20398919308071,-0.28426485007276153,0.02290431522605861,-2.1172773571760324,False,6.788225099390858,36,40,0.5,20
2STEP-VF,9,2,2.20103015950559,-0.2748818148730631,0.02652970037931353,-2.6040234832864457,False,6.788225099390858,36,40,0.5,21
2STEP-VF,9,2,2.194206909511968,-0.28066541374500587,0.03567024995473384,-3.7605425866472006,False,6.788225099390858,36,40,0.5,22
2STEP-VF,9,2,2.1928125424206106,-0.2686689298524927,0.02773949341721636,-2.774280973212476,False,6.788225099390858,36,40,0.5,23
2STEP-VF,9,2,2.1910680487295617,-0.2676860993722077,0.03155589251457351,-3.265243520448338,False,6.788225099390858,36,40,0.5,24
2STEP-VF,9,2,2.204432307087933,-0.27088715974690186,0.02738882926263469,-2.723375023799401,False,6.788225099390858,36,40,0.5,25
2STEP-VF,9,2,2.1821123879040303,-0.26933995328714627,0.039323933093719836,-4.256120804832747,False,6.788225099390858,36,40,0.5,26
2STEP-VF,9,2,2.205759145120295,-0.27239252148159554,0.02935267708214859,-2.9710550662519735,False,6.788225099390858,36,40,0.5,27
2STEP-VF,9,2,2.1885532030197523,-0.28257266858861757,0.03311710377405467,-3.429501686285131,False,6.788225099390858,36,40,0.5,28
2STEP-VF,9,2,2.207437115504825,-0.2790140509717271,0.03092453717254223,-3.1562608088229718,False,6.788225099390858,36,40,0.5,29
2STEP-VF,9,2,2.2134732156125105,-0.27634775937824907,0.022241438507584192,-2.0508611135262287,False,6.788225099390858,36,40,0.5,30
2STEP-VF,9,2,2.200178832148434,-0.27187453561441766,0.026648473008275955,-2.6264949296558147,False,6.788225099390858,36,40,0.5,31
2STEP-VF,9,2,2.1918753777932727,-0.2698212950842913,0.032075494470770745,-3.326579661388761,False,6.788225099390858,36,40,0.5,32
2STEP-VF,9,2,2.2034172139008317,-0.26654227019591314,0.028543830605597717,-2.8817038362122673,False,6.788225099390858,36,40,0.5,33
2STEP-VF,9,2,2.191100584169984,-0.282381341821418,0.02295091681894607,-2.128536097403495,False,6.788225099390858,36,40,0.5,34
2STEP-VF,9,2,2.192408997365874,-0.2723652262740563,0.025132610611561714,-2.431753075380213,False,6.788225099390858,36,40,0.5,35
2STEP-VF,9,2,2.1900366389009904,-0.27267643346848214,0.031021105693372672,-3.1848758900932865,False,6.788225099390858,36,40,0.5,36
2STEP-VF,9,2,2.213494413409139,-0.2803267938373607,0.02287672421345941,-2.1226267293085908,False,6.788225099390858,36,40,0.5,37
2STEP-VF,9,2,2.203941731726119,-0.2764005668653905,0.02994595941568163,-3.037484940826745,False,6.788225099390858,36,40,0.5,38
2STEP-VF,9,2,2.2049738470184295,-0.28436496111642456,0.028621364988932783,-2.8487603810828723,False,6.788225099390858,36,40,0.5,39
2STEP-VF,9,2,2.202157693836007,-0.27693304328655816,0.03510171388291852,-3.696250611495672,False,6.788225099390858,36,40,0.5,40
2STEP-VF,9,2,2.2121744094082145,-0.2732624105039229,0.028645271279345966,-2.878034473982377,False,6.788225099390858,36,40,0.5,41
2STEP-VF,9,2,2.1923605221477978,-0.2875455184479152,0.034623525941818875,-3.610160444948953,False,6.788225099390858,36,40,0.5,42
2STEP-VF,9,2,2.206157276692344,-0.27867330552757624,0.03144327194267957,-3.2235534387952622,False,6.788225099390858,36,40,0.5,43
2STEP-VF,9,2,2.2015898830526073,-0.27772423379146316,0.037997375058541095,-4.065030453410593,False,6.788225099390858,36,40,0.5,44
2STEP-VF,9,2,2.1997323380908806,-0.2738624514096566,0.030854201711815913,-3.1600839954438094,False,6.788225099390858,36,40,0.5,45
2STEP-VF,9,2,2.209201197736578,-0.2811943068035879,0.0340315178823374,-3.5486158807463823,False,6.788225099390858,36,40,0.5,46
2STEP-VF,9,2,2.1777956991630703,-0.27150810172950324,0.03659073864402343,-3.901327360334408,False,6.788225099390858,36,40,0.5,47
2STEP-VF,9,2,2.2146297844673724,-0.26895800738309644,0.022207957706543588,-2.064241581650106,False,6.788225099390858,36,40,0.5,48
2STEP-VF,9,2,2.202415320908569,-0.2701183354142928,0.0302738668791593,-3.0946260362835747,False,6.788225099390858,36,40,0.5,49
2STEP-VF,9,2,2.188259706781386,-0.27361438585786196,0.03066155988330774,-3.1367095565976397,False,6.788225099390858,36,40,0.5,50
2STEP-VF,9,2,2.212195625129325,-0.27134788487134515,0.03061039105322804,-3.134163393614202,False,6.788225099390858,36,40,0.5,51
2STEP-VF,9,2,2.1970622545059126,-0.2794994291755367,0.03608895915318268,-3.816764406315741,False,6.788225099390858,36,40,0.5,52
2STEP-VF,9,2,2.1831371352071196,-0.2722408384311601,0.026051849969664625,-2.5502705557698615,False,6.788225099390858,36,40,0.5,53
2STEP-VF,9,2,2.198699289074199,-0.2817230101816321,0.0318161468995842,-3.2644096213664096,False,6.788225099390858,36,40,0.5,54
2STEP-VF,9,2,2.1872252637799896,-0.27977460268030974,0.028012828649535804,-2.7829495048810413,False,6.788225099390858,36,40,0.5,55
2STEP-VF,9,2,2.19746795653889,-0.27118853785669333,0.029531576654629795,-2.9973412435442173,False,6.788225099390858,36,40,0.5,56
2STEP-VF,9,2,2.1897400135373157,-0.27464252901269753,0.033115693533615896,-3.4482823018601225,False,6.788225099390858,36,40,0.5,57
2STEP-VF,9,2,2.2142551555273537,-0.27714110269806047,0.0184990091745928,-1.5698792185408923,False,6.788225099390858,36,40,0.5,58
2STEP-VF,9,2,2.175911276429393,-0.28012458407616275,0.026877359889549157,-2.637448387493739,False,6.788225099390858,36,40,0.5,59
2STEP-VF,9,2,2.2201807135853246,-0.268827343876218,0.027651467762443555,-2.7609914054747335,False,6.788225099390858,36,40,0.5,60
2STEP-VF,9,2,2.21784886743818,-0.2714204034595859,0.024974638467888867,-2.412273823540479,False,6.788225099390858,36,40,0.5,61
2STEP-VF,9,2,2.1747223003834026,-0.26742758408440087,0.03573402489379137,-3.80164564657973,False,6.788225099390858,36,40,0.5,62
2STEP-VF,9,2,2.1998372066778082,-0.2722525022487306,0.026774243516617984,-2.6417069323294813,False,6.788225099390858,36,40,0.5,63
2STEP-VF,9,2,2.186784429841421,-0.27557244324739993,0.02900165447839825,-2.9196308436507317,False,6.788225099390858,36,40,0.5,64
2STEP-VF,9,2,2.1937592688597256,-0.2798807139449032,0.02463315384537137,-2.3497044226081854,False,6.788225099390858,36,40,0.5,65
2STEP-VF,9,2,2.2027866523856634,-0.2736393859006239,0.03401974344476346,-3.5656254356250865,False,6.788225099390858,36,40,0.5,66
2STEP-VF,9,2,2.186139957182379,-0.28044551925702055,0.027805086574340547,-2.754813437867799,False,6.788225099390858,36,40,0.5,67
2STEP-VF,9,2,2.191419622246279,-0.26909919612237104,0.030203871084075642,-3.088772250733216,False,6.788225099390858,36,40,0.5,68
2STEP-VF,9,2,2.2053778265173256,-0.2886409055582776,0.03568252892799579,-3.7423028598525563,False,6.788225099390858,36,40,0.5,69
2STEP-VF,9,2,2.207389187088013,-0.28101432925016545,0.026676522311946168,-2.6077171145034326,False,6.788225099390858,36,40,0.5,70
2STEP-VF,9,2,2.2124357571074365,-0.27538036381882225,0.03111222389288556,-3.1887056396977327,False,6.788225099390858,36,40,0.5,71
2STEP-VF,9,2,2.216527425364296,-0.28362903798957406,0.0253866499398872,-2.435789855608727,False,6.788225099390858,36,40,0.5,72
2STEP-VF,9,2,2.210711019241189,-0.2796730640266946,0.032800983009418264,-3.3946678103870003,False,6.788225099390858,36,40,0.5,73
2STEP-VF,9,2,2.1904716461369405,-0.2694956193380769,0.031130043883573478,-3.206427831917805,False,6.788225099390858,36,40,0.5,74
2STEP-VF,9,2,2.205050695123839,-0.27286177734013894,0.03268199149389179,-3.3961236038943863,False,6.788225099390858,36,40,0.5,75
2STEP-VF,9,2,2.1776727623579353,-0.2689584421819768,0.02991844342309748,-3.053400131178258,False,6.788225099390858,36,40,0.5,76
2STEP-VF,9,2,2.2110470110768143,-0.2724665149976941,0.02612362247711399,-2.557241220411517,False,6.788225099390858,36,40,0.5,77
2STEP-VF,9,2,2.211526486555023,-0.26936975136803015,0.03135175775555325,-3.2338460002342435,False,6.788225099390858,36,40,0.5,78
2STEP-VF,9,2,2.2053962396873863,-0.2735206118224192,0.025610241317004363,-2.48933764582151,False,6.788225099390858,36,40,0.5,79
2STEP-VF,9,2,2.201904240002975,-0.2721197373812959,0.024104464370784593,-2.30016981534514,False,6.788225099390858,36,40,0.5,80
2STEP-VF,9,2,2.1944001935795248,-0.2742571046175726,0.03924144140332065,-4.233023436928098,False,6.788225099390858,36,40,0.5,81
2STEP-VF,9,2,2.207794894369442,-0.27898730883765416,0.024504515532412913,-2.3345407532763174,False,6.788225099390858,36,40,0.5,82
2STEP-VF,9,2,2.2091997236828735,-0.27899770348626257,0.03505487907055999,-3.6848780492436775,False,6.788225099390858,36,40,0.5,83
2STEP-VF,9,2,2.1993736867686478,-0.2769487289552675,0.02103858553358866,-1.8962995776005882,False,6.788225099390858,36,40,0.5,84
2STEP-VF,9,2,2.2199870006998177,-0.2773034881303483,0.028390664137528263,-2.8352774180487934,False,6.788225099390858,36,40,0.5,85
2STEP-VF,9,2,2.2085943338135117,-0.27257283623737943,0.03080779427892125,-3.1567072007033996,False,6.788225099390858,36,40,0.5,86
2STEP-VF,9,2,2.1900947990982997,-0.28116903248494696,0.03410916994827842,-3.5597623874698683,False,6.788225099390858,36,40,0.5,87
2STEP-VF,9,2,2.2106483135442154,-0.2784331815488554,0.033180982019598695,-3.4462871639787283,False,6.788225099390858,36,40,0.5,88
2STEP-VF,9,2,2.216257391594849,-0.2827195981306704,0.03317021189648516,-3.434284643740802,False,6.788225099390858,36,40,0.5,89
2STEP-VF,9,2,2.196658646136322,-0.274219431917711,0.02769516611894203,-2.755055107853895,False,6.788225099390858,36,40,0.5,90
2STEP-VF,9,2,2.214719878811344,-0.27398363461155345,0.03270469124891691,-3.395756564064956,False,6.788225099390858,36,40,0.5,91
2STEP-VF,9,2,2.223182598480395,-0.27415626017786626,0.023363076035697688,-2.1991077522336018,False,6.788225099390858,36,40,0.5,92
2STEP-VF,9,2,2.179307748217168,-0.26664309274042,0.03202475695616938,-3.328467002919644,False,6.788225099390858,36,40,0.5,93
2STEP-VF,9,2,2.1982554891508808,-0.2814137205734728,0.03960096892787826,-4.261635764043031,False,6.788225099390858,36,40,0.5,94
2STEP-VF,9,2,2.2064572432681233,-0.2703751720494162,0.028490051011567295,-2.8654386819659283,False,6.788225099390858,36,40,0.5,95
2STEP-VF,9,2,2.1635648661623152,-0.272935267084687,0.03970747241256514,-4.297697935835352,False,6.788225099390858,36,40,0.5,96
2STEP-VF,9,2,2.1959265766425196,-0.2744772760664245,0.029045051737810763,-2.9272655652818087,False,6.788225099390858,36,40,0.5,97
2STEP-VF,9,2,2.20279737185443,-0.26806757451416746,0.025345244823665684,-2.468661316283941,False,6.788225099390858,36,40,0.5,98
2STEP-VF,9,2,2.1848815269766337,-0.2810067078936011,0.034751837162109486,-3.6427261661867743,False,6.788225099390858,36,40,0.5,99
2STEP-VF,9,2,3.9801702823507963,-0.42331395150327517,0.0193179936147566,-1.217939482139937,False,6.788225099390858,40,40,0.5,0
2STEP-VF,9,2,3.965559367261092,-0.4222756806898038,0.04400430767002282,-4.381156186071728,False,6.788225099390858,40,40,0.5,1
2STEP-VF,9,2,3.9753926334555842,-0.4314337066967775,0.04546277908617227,-4.545271268950451,False,6.788225099390858,40,40,0.5,2
2STEP-VF,9,2,4.00236135818114,-0.4288052244953874,0.03688686908867426,-3.4522450230705077,False,6.788225099390858,40,40,0.5,3
2STEP-VF,9,2,3.9950461906984955,-0.41714791581406635,0.027595358565223015,-2.2913481269528777,False,6.788225099390858,40,40,0.5,4
2STEP-VF,9,2,4.00141065180654,-0.4178267987558706,0.03222454160142161,-2.881872368859485,False,6.788225099390858,40,40,0.5,5
2STEP-VF,9,2,3.997789884259217,-0.42172975075549973,0.024436461916114087,-1.8758483303938516,False,6.788225099390858,40,40,0.5,6
2STEP-VF,9,2,3.9933657842231614,-0.41284373452936635,0.019179508781870563,-1.2245502141555638,False,6.788225099390858,40,40,0.5,7
2STEP-VF,9,2,3.9633741759031915,-0.4252378007218159,0.03325436901505707,-2.9981860616407565,False,6.788225099390858,40,40,0.5,8
2STEP-VF,9,2,3.96929919510069,-0.41864276122992394,0.04046952212197584,-3.9371982529550493,False,6.788225099390858,40,40,0.5,9
2STEP-VF,9,2,3.9548746969216166,-0.4067479924203464,0.03356638556188552,-3.0830096882972193,False,6.788225099390858,40,40,0.5,10
2STEP-VF,9,2,3.9560647396139843,-0.427785822664921,0.03736719289500173,-3.5189508317875733,False,6.788225099390858,40,40,0.5,11
2STEP-VF,9,2,3.9572963466609723,-0.4174020889791539,0.0409003359801517,-3.996040211109791,False,6.788225099390858,40,40,0.5,12
2STEP-VF,9,2,3.9617899229239772,-0.4235065634948098,0.0345848423740525,-3.172736676115739,False,6.788225099390858,40,40,0.5,13
2STEP-VF,9,2,3.9765362152604777,-0.4166210949556464,0.04089186479800851,-3.9956758933359104,False,6.788225099390858,40,40,0.5,14
2STEP-VF,9,2,3.968528875583305,-0.4065419310684744,0.03683883975317079,-3.501559121306525,False,6.788225099390858,40,40,0.5,15
2STEP-VF,9,2,3.9383836013530376,-0.4134533118735795,0.04525187784188026,-4.563649399182902,False,6.788225099390858,40,40,0.5,16
2STEP-VF,9,2,3.9653225292976364,-0.4160902451594158,0.036018278845373765,-3.3738037520673867,False,6.788225099390858,40,40,0.5,17
2STEP-VF,9,2,3.9776308578473785,-0.41643746306882573,0.03535460531303685,-3.2872817172326934,False,6.788225099390858,40,40,0.5,18
2STEP-VF,9,2,3.9515579804486975,-0.42877004225580256,0.039090250580087166,-3.73741049401031,False,6.788225099390858,40,40,0.5,19
2STEP-VF,9,2,3.9759771925117975,-0.4057440164054434,0.04098803338223658,-4.034124002002511,False,6.788225099390858,40,40,0.5,20
2STEP-VF,9,2,3.988809290515861,-0.4255561639361094,0.0378675708449342,-3.5863857172739646,False,6.788225099390858,40,40,0.5,21
2STEP-VF,9,2,3.9859676210192396,-0.42335374297318007,0.03795409319142788,-3.6029168881059834,False,6.788225099390858,40,40,0.5,22
2STEP-VF,9,2,3.977091926036544,-0.41261026082375574,0.03223315584975436,-2.896953807229352,False,6.788225099390858,40,40,0.5,23
2STEP-VF,9,2,3.9845988089334496,-0.4156912006242591,0.03587027676112434,-3.354660615389687,False,6.788225099390858,40,40,0.5,24
2STEP-VF,9,2,3.986649604254153,-0.4217092354224101,0.04253361437249162,-4.1930014984098944,False,6.788225099390858,40,40,0.5,25
2STEP-VF,9,2,3.9458938660015304,-0.4157933894098302,0.041547463572533104,-4.083417570740554,False,6.788225099390858,40,40,0.5,26
2STEP-VF,9,2,3.953976289918161,-0.43465820320600634,0.043614115301566454,-4.302188493511002,False,6.788225099390858,40,40,0.5,27
2STEP-VF,9,2,3.9573232043370186,-0.4172178437678613,0.048148999467872565,-4.924309714584602,False,6.788225099390858,40,40,0.5,28
2STEP-VF,9,2,3.9896480804718424,-0.4205854605661184,0.032731685792006464,-2.9408717911898337,False,6.788225099390858,40,40,0.5,29
2STEP-VF,9,2,3.984097154466267,-0.4253651888181386,0.03481166140654518,-3.195970377606275,False,6.788225099390858,40,40,0.5,30
2STEP-VF,9,2,3.9742499376953626,-0.42598488343797686,0.012765452955609076,-0.37315926180509607,False,6.788225099390858,40,40,0.5,31
2STEP-VF,9,2,3.9627488201416825,-0.4213402854403767,0.03187109410294817,-2.830518430911962,False,6.788225099390858,40,40,0.5,32
2STEP-VF,9,2,3.9779944715819973,-0.43584642098272086,0.024407625117964536,-1.8394649364460118,False,6.788225099390858,40,40,0.5,33
2STEP-VF,9,2,3.9818889101810164,-0.4231610721875111,0.03444284808994077,-3.1541846476515314,False,6.788225099390858,40,40,0.5,34
2STEP-VF,9,2,3.969475168272672,-0.4224828041627051,0.034007446622512455,-3.1008259275947427,False,6.788225099390858,40,40,0.5,35
2STEP-VF,9,2,3.9369645009849097,-0.43029186526194135,0.05205322823224716,-5.393894867039885,False,6.788225099390858,40,40,0.5,36
2STEP-VF,9,2,3.990643030450733,-0.41038632187065016,0.03603866833087103,-3.388583792034888,False,6.788225099390858,40,40,0.5,37
2STEP-VF,9,2,3.9912344654727163,-0.42132151486396546,0.038603312364458346,-3.6905782790487893,False,6.788225099390858,40,40,0.5,38
2STEP-VF,9,2,3.961649117129453,-0.4103599955301424,0.03894973389299347,-3.7630030020030563,False,6.788225099390858,40,40,0.5,39
2STEP-VF,9,2,3.958542132197205,-0.40278871122629345,0.03745147111869971,-3.5895828683186273,False,6.788225099390858,40,40,0.5,40
2STEP-VF,9,2,3.9842570686591627,-0.41928294115207515,0.03996426809501629,-3.870091833277556,False,6.788225099390858,40,40,0.5,41
2STEP-VF,9,2,4.023471252048968,-0.4194030750515809,0.028568888547554197,-2.408842078840206,False,6.788225099390858,40,40,0.5,42
2STEP-VF,9,2,3.98539705228216,-0.4206148294103938,0.0403047003532426,-3.9104022314931792,False,6.788225099390858,40,40,0.5,43
2STEP-VF,9,2,3.98585761038972,-0.4187870711963836,0.04566882678906923,-4.601369401506158,False,6.788225099390858,40,40,0.5,44
2STEP-VF,9,2,3.9965331387674268,-0.4276322742402982,0.03017037858396894,-2.595699012245264,False,6.788225099390858,40,40,0.5,45
2STEP-VF,9,2,3.958588354433534,-0.40926755235780565,0.046713292456715474,-4.759544007534836,False,6.788225099390858,40,40,0.5,46
2STEP-VF,9,2,3.965723886747399,-0.4274744964491782,0.0480175203600582,-4.882360381404579,False,6.788225099390858,40,40,0.5,47
2STEP-VF,9,2,3.9435424530992194,-0.41773094568571334,0.04285858136697074,-4.24673159814059,False,6.788225099390858,40,40,0.5,48
2STEP-VF,9,2,3.989449983204165,-0.43421063644765084,0.04066819675301989,-3.924056657919935,False,6.788225099390858,40,40,0.5,49
2STEP-VF,9,2,3.9666473335718773,-0.41419089399154363,0.03757284596916774,-3.5772672984594545,False,6.788225099390858,40,40,0.5,50
2STEP-VF,9,2,3.963650617907609,-0.41248136250645606,0.03696711850800946,-3.504016861935261,False,6.788225099390858,40,40,0.5,51
2STEP-VF,9,2,3.976486213081613,-0.4140650730104248,0.031738095657889355,-2.830130896199922,False,6.788225099390858,40,40,0.5,52
2STEP-VF,9,2,3.945420760734887,-0.4274147451036834,0.051203640980061395,-5.291545411554927,False,6.788225099390858,40,40,0.5,53
2STEP-VF,9,2,3.987084763244506,-0.39672400662514473,0.03130560876426091,-2.81575522013038,False,6.788225099390858,40,40,0.5,54
2STEP-VF,9,2,3.9610184035182,-0.4099835582577191,0.03100776438735794,-2.7473721975521994,False,6.788225099390858,40,40,0.5,55
2STEP-VF,9,2,3.977678758579546,-0.4240962751906504,0.038733164774487745,-3.7013533051620984,False,6.788225099390858,40,40,0.5,56
2STEP-VF,9,2,3.9529113962793017,-0.41728634668311754,0.034642789461335255,-3.1956151352346733,False,6.788225099390858,40,40,0.5,57
2STEP-VF,9,2,3.979233962341965,-0.41254296765115206,0.033219026527878975,-3.023178235465227,False,6.788225099390858,40,40,0.5,58
2STEP-VF,9,2,3.9864333068870423,-0.40951566193627253,0.02423128925303085,-1.8795814373276731,False,6.788225099390858,40,40,0.5,59
2STEP-VF,9,2,3.9952248297154016,-0.4054323559026494,0.03549491006385445,-3.3305973442240875,False,6.788225099390858,40,40,0.5,60
2STEP-VF,9,2,3.9929463038035,-0.4084068777665545,0.030990262415465656,-2.747000304311664,False,6.788225099390858,40,40,0.5,61
2STEP-VF,9,2,3.948380300245023,-0.4106338777091921,0.03687189664353368,-3.4971786458555494,False,6.788225099390858,40,40,0.5,62
2STEP-VF,9,2,3.955440121135013,-0.4138705472344038,0.035307400552830576,-3.2887315501316445,False,6.788225099390858,40,40,0.5,63
2STEP-VF,9,2,3.9829034813024666,-0.4208285270259575,0.029301306095309624,-2.501604506459187,False,6.788225099390858,40,40,0.5,64
2STEP-VF,9,2,3.9929087547979387,-0.42597062135372604,0.04482317091045811,-4.47546186000182,False,6.788225099390858,40,40,0.5,65
2STEP-VF,9,2,3.9643084978423064,-0.4112153883764507,0.04142844827703902,-4.078065937486976,False,6.788225099390858,40,40,0.5,66
2STEP-VF,9,2,3.991307817692477,-0.412036614530801,0.03205333593988665,-2.8744606563700215,False,6.788225099390858,40,40,0.5,67
2STEP-VF,9,2,3.957401739032993,-0.4282415955053773,0.041415741320159134,-4.035990955425485,False,6.788225099390858,40,40,0.5,68
2STEP-VF,9,2,3.9784521457823327,-0.423794295142551,0.02689551496773438,-2.186812478780939,False,6.788225099390858,40,40,0.5,69
2STEP-VF,9,2,3.9608529704856084,-0.42170938801788505,0.04602378524629639,-4.641290802053878,False,6.788225099390858,40,40,0.5,70
2STEP-VF,9,2,4.000277640618396,-0.4164796688553824,0.03385257746960134,-3.0935620524189504,False,6.788225099390858,40,40,0.5,71
2STEP-VF,9,2,3.9796342910141784,-0.4204413455801582,0.04564263685349867,-4.5944202303946,False,6.788225099390858,40,40,0.5,72
2STEP-VF,9,2,3.960927665144434,-0.4151750603248167,0.02946063595678676,-2.53688559778048,False,6.788225099390858,40,40,0.5,73
2STEP-VF,9,2,3.974211158003199,-0.4174173552923743,0.04042969645015683,-3.934746823438185,False,6.788225099390858,40,40,0.5,74
2STEP-VF,9,2,3.960735958044687,-0.4119042876569343,0.04653315674294363,-4.730029615237462,False,6.788225099390858,40,40,0.5,75
2STEP-VF,9,2,3.9832135290429656,-0.42196866129649496,0.02734098064681488,-2.24792792393814,False,6.788225099390858,40,40,0.5,76
2STEP-VF,9,2,3.9667341959921636,-0.4238288376099349,0.029274597818451854,-2.4919552587384644,False,6.788225099390858,40,40,0.5,77
2STEP-VF,9,2,3.968554440089501,-0.40391873046302673,0.029214272235132028,-2.5319086265802664,False,6.788225099390858,40,40,0.5,78
2STEP-VF,9,2,3.991020940455471,-0.4193095206873009,0.013885142541435462,-0.5314941392268893,False,6.788225099390858,40,40,0.5,79
2STEP-VF,9,2,3.972985486927053,-0.4200415177701325,0.021582229175521453,-1.5160465626028052,False,6.788225099390858,40,40,0.5,80
2STEP-VF,9,2,3.958103744195184,-0.4095902816309575,0.048287602459915265,-4.960310214303147,False,6.788225099390858,40,40,0.5,81
2STEP-VF,9,2,3.9774174235058397,-0.4113474638478997,0.04097657659592153,-4.019122845632647,False,6.788225099390858,40,40,0.5,82
2STEP-VF,9,2,3.954449797199115,-0.4204322228274433,0.03766850524796014,-3.5752643491210883,False,6.788225099390858,40,40,0.5,83
2STEP-VF,9,2,3.981110009804624,-0.41879468072454773,0.03339472173219155,-3.030550547393328,False,6.788225099390858,40,40,0.5,84
2STEP-VF,9,2,4.016210309304062,-0.4242129749466554,0.027871459323134937,-2.308463034931056,False,6.788225099390858,40,40,0.5,85
2STEP-VF,9,2,3.976672374564111,-0.428524424139349,0.04745031720973538,-4.8065816424378465,False,6.788225099390858,40,40,0.5,86
2STEP-VF,9,2,3.9562745173062743,-0.41689401546733057,0.0399169958288361,-3.871453357931052,False,6.788225099390858,40,40,0.5,87
2STEP-VF,9,2,3.995052243409904,-0.42093340675198637,0.03719380310505496,-3.5108634866376747,False,6.788225099390858,40,40,0.5,88
2STEP-VF,9,2,3.9347506652833157,-0.4087107806478317,0.04340489768257563,-4.338835989897887,False,6.788225099390858,40,40,0.5,89
2STEP-VF,9,2,3.960244713138333,-0.40753014912574775,0.030361233544882175,-2.6705508530548245,False,6.788225099390858,40,40,0.5,90
2STEP-VF,9,2,3.9862229715774564,-0.41442877485367036,0.0369063881456264,-3.4902152446967234,False,6.788225099390858,40,40,0.5,91
2STEP-VF,9,2,3.9827375516335306,-0.40110853166328947,0.0446089792597634,-4.508324616159809,False,6.788225099390858,40,40,0.5,92
2STEP-VF,9,2,3.9735862508405564,-0.40448106219999336,0.02835258714875848,-2.4199614307106687,False,6.788225099390858,40,40,0.5,93
2STEP-VF,9,2,3.961575552871174,-0.41283969494584744,0.034734049438044534,-3.217448527027397,False,6.788225099390858,40,40,0.5,94
2STEP-VF,9,2,3.975125677142015,-0.4060724273046982,0.048109200010431175,-4.944896235175396,False,6.788225099390858,40,40,0.5,95
2STEP-VF,9,2,3.9815759870560474,-0.4242450453762842,0.04780442661113907,-4.861883938099357,False,6.788225099390858,40,40,0.5,96
2STEP-VF,9,2,3.9478679474540783,-0.43413875171138283,0.04146470112164237,-4.028676662615661,False,6.788225099390858,40,40,0.5,97
2STEP-VF,9,2,3.9797614781061488,-0.4167922972023875,0.028233551944241608,-2.374807446890828,False,6.788225099390858,40,40,0.5,98
2STEP-VF,9,2,3.9806068005083577,-0.43183627217309695,0.04730793570561503,-4.780172309072791,False,6.788225099390858,40,40,0.5,99
2STEP-VF,9,2,6.320793920763409,-0.5635761818113736,0.03530381834862197,-2.7870582770305123,False,6.788225099390858,44,40,0.5,0
2STEP-VF,9,2,6.345950532713502,-0.5457678731047201,0.03176625973639762,-2.3754813188447583,False,6.788225099390858,44,40,0.5,1
2STEP-VF,9,2,6.3513676688038165,-0.5457176797795494,0.03578065512258296,-2.889119364091472,False,6.788225099390858,44,40,0.5,2
2STEP-VF,9,2,6.315167714522337,-0.5589730124381478,0.03726269250504828,-3.0491793479232863,False,6.788225099390858,44,40,0.5,3
2STEP-VF,9,2,6.31670093619547,-0.5884825216874878,0.02793862636288672,-1.7847840662278018,False,6.788225099390858,44,40,0.5,4
2STEP-VF,9,2,6.358843783738587,-0.5430535101284228,0.045179494696174625,-4.098116269777822,False,6.788225099390858,44,40,0.5,5
2STEP-VF,9,2,6.334854044200585,-0.568931418170683,0.04582417113389844,-4.119967258877327,False,6.788225099390858,44,40,0.5,6
2STEP-VF,9,2,6.300567360419688,-0.5603363492614547,0.03330832825931749,-2.540624737339967,False,6.788225099390858,44,40,0.5,7
2STEP-VF,9,2,6.341048028223001,-0.5741077773636043,0.03146995471646817,-2.2698326563418965,False,6.788225099390858,44,40,0.5,8
2STEP-VF,9,2,6.3300027111836075,-0.569811410391248,0.024388189796593983,-1.3743407463540191,False,6.788225099390858,44,40,0.5,9
2STEP-VF,9,2,6.32153073547676,-0.5573943235850851,0.018657654627854233,-0.6711415716325326,False,6.788225099390858,44,40,0.5,10
2STEP-VF,9,2,6.3476588443660455,-0.5681308847406915,0.03960256791321883,-3.3247550388523894,False,6.788225099390858,44,40,0.5,11
2STEP-VF,9,2,6.332658142943622,-0.5627019722104741,0.03611029777255815,-2.891673893005689,False,6.788225099390858,44,40,0.5,12
2STEP-VF,9,2,6.296691189619427,-0.5731496076322271,0.03530116521550611,-2.7651886178902725,False,6.788225099390858,44,40,0.5,13
2STEP-VF,9,2,6.336154602933153,-0.5723490495837087,0.0345685533079384,-2.6709678282392257,False,6.788225099390858,44,40,0.5,14
2STEP-VF,9,2,6.3337183630160245,-0.565356809397831,0.04281156866522258,-3.7430013448127353,False,6.788225099390858,44,40,0.5,15
2STEP-VF,9,2,6.325404188219783,-0.5543193022276676,0.04197889462276169,-3.6634079350739084,False,6.788225099390858,44,40,0.5,16
2STEP-VF,9,2,6.293793166543758,-0.5571938211815579,0.043090100427130434,-3.800640093844332,False,6.788225099390858,44,40,0.5,17
2STEP-VF,9,2,6.306509344941581,-0.5517626019079425,0.04377369245094053,-3.900411828444832,False,6.788225099390858,44,40,0.5,18
2STEP-VF,9,2,6.348119733593599,-0.5677178029837896,0.04684508915436728,-4.252761500582302,False,6.788225099390858,44,40,0.5,19
2STEP-VF,9,2,6.319955438426775,-0.5783398672191937,0.04611801179188325,-4.135892501729385,False,6.788225099390858,44,40,0.5,20
2STEP-VF,9,2,6.325391573573401,-0.573759970721261,0.041444182117003646,-3.5483078868310374,False,6.788225099390858,44,40,0.5,21
2STEP-VF,9,2,6.332116177468487,-0.5629348858286451,0.03677130302715168,-2.9757560908385585,False,6.788225099390858,44,40,0.5,22
2STEP-VF,9,2,6.308532657608244,-0.5768788806392268,0.050907194591286536,-4.75309963469404,False,6.788225099390858,44,40,0.5,23
2STEP-VF,9,2,6.328791672623671,-0.5568598528117289,0.03881293992206256,-3.251865162918439,False,6.788225099390858,44,40,0.5,24
2STEP-VF,9,2,6.344087572086823,-0.5611260073216641,0.038111265325741044,-3.1508942897976513,False,6.788225099390858,44,40,0.5,25
2STEP-VF,9,2,6.33201326484839,-0.5805317068214026,0.044251893188660234,-3.891045435886241,False,6.788225099390858,44,40,0.5,26
2STEP-VF,9,2,6.336789490699571,-0.5625878980490188,0.037783100563586164,-3.1058185473794104,False,6.788225099390858,44,40,0.5,27
2STEP-VF,9,2,6.334307897888935,-0.5570767806701726,0.04221826288905535,-3.686894902317335,False,6.788225099390858,44,40,0.5,28
2STEP-VF,9,2,6.340645925985533,-0.5660234738333073,0.0444750755701827,-3.9539145802243176,False,6.788225099390858,44,40,0.5,29
2STEP-VF,9,2,6.32552491852051,-0.5660531527044939,0.04539812648974132,-4.072901129084874,False,6.788225099390858,44,40,0.5,30
2STEP-VF,9,2,6.330265293724941,-0.5601346626376,0.032645076560443104,-2.454430691782982,False,6.788225099390858,44,40,0.5,31
2STEP-VF,9,2,6.3516265484675705,-0.5528892144054818,0.024012851811065022,-1.3656133243351134,False,6.788225099390858,44,40,0.5,32
2STEP-VF,9,2,6.326173010029745,-0.5567266120349994,0.04540410282323944,-4.0960109118888655,False,6.788225099390858,44,40,0.5,33
2STEP-VF,9,2,6.340354822771386,-0.5660080628185469,0.04062733720151275,-3.4614585216628377,False,6.788225099390858,44,40,0.5,34
2STEP-VF,9,2,6.31898827430994,-0.5656450281088802,0.03052172577062311,-2.1700935347198502,False,6.788225099390858,44,40,0.5,35
2STEP-VF,9,2,6.281764821905564,-0.5804373387276544,0.05482519313106023,-5.247669218515007,False,6.788225099390858,44,40,0.5,36
2STEP-VF,9,2,6.3102768824588065,-0.5787568424248937,0.0377555055206479,-3.065071671875659,False,6.788225099390858,44,40,0.5,37
2STEP-VF,9,2,6.368655988861392,-0.5552002983429908,0.03718019753884779,-3.0444652096176568,False,6.788225099390858,44,40,0.5,38
2STEP-VF,9,2,6.334522233102062,-0.5497687780527163,0.02259509816691297,-1.192656164052218,False,6.788225099390858,44,40,0.5,39
2STEP-VF,9,2,6.3169543033444935,-0.5649371950958609,0.052032559847879925,-4.9253011340978965,False,6.788225099390858,44,40,0.5,40
2STEP-VF,9,2,6.329643821119739,-0.5456906679248548,0.045279819302103536,-4.106380638382418,False,6.788225099390858,44,40,0.5,41
2STEP-VF,9,2,6.315093807303511,-0.5589509636962559,0.0529265792804076,-5.05421420658295,False,6.788225099390858,44,40,0.5,42
2STEP-VF,9,2,6.318544556973956,-0.5621375796891812,0.02183247353882542,-1.066313748297182,False,6.788225099390858,44,40,0.5,43
2STEP-VF,9,2,6.343807010507943,-0.5636034691096835,0.03594050437355357,-2.8671078133211405,False,6.788225099390858,44,40,0.5,44
2STEP-VF,9,2,6.309195785589724,-0.5471704599331026,0.036285302380777436,-2.952757853764683,False,6.788225099390858,44,40,0.5,45
2STEP-VF,9,2,6.2714235079982545,-0.5648836669102723,0.054609045160917274,-5.257951569532864,False,6.788225099390858,44,40,0.5,46
2STEP-VF,9,2,6.332746409165593,-0.5462061942921844,0.022676416999093778,-1.2117217250328258,False,6.788225099390858,44,40,0.5,47
2STEP-VF,9,2,6.351539648508126,-0.5860650855794065,0.05016321972389684,-4.633243540357734,False,6.788225099390858,44,40,0.5,48
2STEP-VF,9,2,6.335657544714582,-0.5858955086999721,0.03258406620168893,-2.384471800253376,False,6.788225099390858,44,40,0.5,49
2STEP-VF,9,2,6.326518937414918,-0.551900354685005,0.039313791503441234,-3.3280133249515718,False,6.788225099390858,44,40,0.5,50
2STEP-VF,9,2,6.33090085134359,-0.5817867988925146,0.0301796801830462,-2.0868566950072642,False,6.788225099390858,44,40,0.5,51
2STEP-VF,9,2,6.346199394349262,-0.551816793269243,0.037835836979298806,-3.137854865843109,False,6.788225099390858,44,40,0.5,52
2STEP-VF,9,2,6.307664882546418,-0.5480541273486952,0.03409114847336798,-2.6698772060014484,False,6.788225099390858,44,40,0.5,53
2STEP-VF,9,2,6.342127034908635,-0.5594048394853627,0.024772160038323533,-1.4477372480460247,False,6.788225099390858,44,40,0.5,54
2STEP-VF,9,2,6.301414123804303,-0.552768229782238,0.050861708663857495,-4.805570110068132,False,6.788225099390858,44,40,0.5,55
2STEP-VF,9,2,6.33548006233613,-0.5514944068510228,0.03652964007686586,-2.972078549656209,False,6.788225099390858,44,40,0.5,56
2STEP-VF,9,2,6.318958565923491,-0.5402179060011444,0.04207093909815389,-3.709419716205543,False,6.788225099390858,44,40,0.5,57
2STEP-VF,9,2,6.324309978901323,-0.5709098204465967,0.03984862350108693,-3.350981640333216,False,6.788225099390858,44,40,0.5,58
2STEP-VF,9,2,6.353969076816464,-0.5788034478725401,0.028978321210650457,-1.9388586954601752,False,6.788225099390858,44,40,0.5,59
2STEP-VF,9,2,6.335987423167608,-0.5668593458763485,0.033344664632904975,-2.5274953975185452,False,6.788225099390858,44,40,0.5,60
2STEP-VF,9,2,6.326399145299589,-0.5676432894848273,0.03336441399162466,-2.5287171474463968,False,6.788225099390858,44,40,0.5,61
2STEP-VF,9,2,6.306219721540316,-0.5605193540133248,0.041050027287540765,-3.5307838598808203,False,6.788225099390858,44,40,0.5,62
2STEP-VF,9,2,6.3339045917176415,-0.5790434851040518,0.04521435285286772,-4.0176985254142865,False,6.788225099390858,44,40,0.5,63
2STEP-VF,9,2,6.346808517354814,-0.5689777053136592,0.04196403898059385,-3.6250419857219427,False,6.788225099390858,44,40,0.5,64
2STEP-VF,9,2,6.317972290751394,-0.5629666843837179,0.030805414088835425,-2.212894623404929,False,6.788225099390858,44,40,0.5,65
2STEP-VF,9,2,6.33460292658252,-0.5612145109801042,0.04873066169824225,-4.510533695427808,False,6.788225099390858,44,40,0.5,66
2STEP-VF,9,2,6.335441394010656,-0.565521588071537,0.035204707100562935,-2.7688242138597285,False,6.788225099390858,44,40,0.5,67
2STEP-VF,9,2,6.325767953108625,-0.5292556013311185,0.046713046006331936,-4.329510368429287,False,6.788225099390858,44,40,0.5,68
2STEP-VF,9,2,6.355995992365392,-0.5635311466791636,0.033827605792474146,-2.5960990298647753,False,6.788225099390858,44,40,0.5,69
2STEP-VF,9,2,6.312542777418968,-0.5583331105719803,0.040343087548710285,-3.4451631742170266,False,6.788225099390858,44,40,0.5,70
2STEP-VF,9,2,6.303895568283223,-0.5812702403212808,0.047715175498514305,-4.3342601529417655,False,6.788225099390858,44,40,0.5,71
2STEP-VF,9,2,6.335495622623489,-0.5652687194583202,0.04109267477455346,-3.523087707085466,False,6.788225099390858,44,40,0.5,72
2STEP-VF,9,2,6.31622540780628,-0.5664997809143375,0.03278445303400588,-2.4578369896899668,False,6.788225099390858,44,40,0.5,73
2STEP-VF,9,2,6.345983752837027,-0.5629505285555716,0.04528115852719548,-4.064147997777429,False,6.788225099390858,44,40,0.5,74
2STEP-VF,9,2,6.284813899321648,-0.5610567126024127,0.0522635476872374,-4.9661091597613,False,6.788225099390858,44,40,0.5,75
2STEP-VF,9,2,6.286030884683184,-0.5632456611103455,0.037671473206534335,-3.0929971306905757,False,6.788225099390858,44,40,0.5,76
2STEP-VF,9,2,6.357983145234093,-0.550913354375659,0.02127227617991203,-1.019180311813113,False,6.788225099390858,44,40,0.5,77
2STEP-VF,9,2,6.336307286087238,-0.5583880673130791,0.03384411256128724,-2.6117366091281435,False,6.788225099390858,44,40,0.5,78
2STEP-VF,9,2,6.340509817999042,-0.5745425636653534,0.021963181084840973,-1.0519544369828544,False,6.788225099390858,44,40,0.5,79
2STEP-VF,9,2,6.312385252037993,-0.559254883140545,0.04716952426646585,-4.316744271448043,False,6.788225099390858,44,40,0.5,80
2STEP-VF,9,2,6.340103094503196,-0.5591917929671395,0.045031013702992916,-4.041503265191768,False,6.788225099390858,44,40,0.5,81
2STEP-VF,9,2,6.334195268050953,-0.563665059373441,0.03535881145639518,-2.7930800078392686,False,6.788225099390858,44,40,0.5,82
2STEP-VF,9,2,6.34226957184671,-0.5544105020356729,0.035363820901697866,-2.81544769622091,False,6.788225099390858,44,40,0.5,83
2STEP-VF,9,2,6.34471580031005,-0.5706641437210433,0.04074012587410359,-3.4644592189361534,False,6.788225099390858,44,40,0.5,84
2STEP-VF,9,2,6.318968466746059,-0.5542406690191274,0.01692965041695468,-0.45767953971953035,False,6.788225099390858,44,40,0.5,85
2STEP-VF,9,2,6.319987218420724,-0.5597988938004305,0.039426043741855314,-3.3238170207312043,False,6.788225099390858,44,40,0.5,86
2STEP-VF,9,2,6.31006360433378,-0.5668148375216554,0.05130585116712486,-4.828189523079985,False,6.788225099390858,44,40,0.5,87
2STEP-VF,9,2,6.3021374612873995,-0.5695925561202179,0.03761327850545277,-3.0693492663321886,False,6.788225099390858,44,40,0.5,88
2STEP-VF,9,2,6.380173203849303,-0.5750589574490808,0.022422457876212207,-1.1071227180464112,False,6.788225099390858,44,40,0.5,89
2STEP-VF,9,2,6.337082616534033,-0.5708486461864039,0.03755800873883034,-3.0571634107308734,False,6.788225099390858,44,40,0.5,90
2STEP-VF,9,2,6.236370716503253,-0.5664848806208961,0.06986339823027335,-7.208769016994644,False,6.788225099390858,44,40,0.5,91
2STEP-VF,9,2,6.342541601069464,-0.5626958321772442,0.040147708884601355,-3.4078842439394204,False,6.788225099390858,44,40,0.5,92
2STEP-VF,9,2,6.360619945712458,-0.5577927521934333,0.0336291976735368,-2.5841975002057245,False,6.788225099390858,44,40,0.5,93
2STEP-VF,9,2,6.331868365895314,-0.5617463562325327,0.03900243059535804,-3.264207759294033,False,6.788225099390858,44,40,0.5,94
2STEP-VF,9,2,6.322038273994531,-0.5756553153209539,0.03305258270913059,-2.469835533558755,False,6.788225099390858,44,40,0.5,95
2STEP-VF,9,2,6.332419166895817,-0.5806985090771103,0.03725777870325561,-2.9953741022179057,False,6.788225099390858,44,40,0.5,96
2STEP-VF,9,2,6.320311099379939,-0.5560102143071071,0.03264267752666279,-2.4646195431129847,False,6.788225099390858,44,40,0.5,97
2STEP-VF,9,2,6.313172070819641,-0.57914903390884,0.042391353234506594,-3.6573452083864506,False,6.788225099390858,44,40,0.5,98
2STEP-VF,9,2,6.354849742418311,-0.557310637717704,0.018263971867826478,-0.6189518840142014,False,6.788225099390858,44,40,0.5,99
2STEP-VF,9,2,0.08730108009387448,-0.054222504658206994,0.038761659754805555,-0.17472120205311525,False,2.4000000000000004,36,10,1.0,0
2STEP-VF,9,2,0.08867818798192433,-0.05265932457886431,0.03716029573815901,-0.16557929563708232,False,2.4000000000000004,36,10,1.0,1
2STEP-VF,9,2,0.08673961026474945,-0.055477778936177995,0.03710076498918538,-0.15845507385077096,False,2.4000000000000004,36,10,1.0,2
2STEP-VF,9,2,0.08979799042896758,-0.051976379221531886,0.03169130887007903,-0.12339928140321771,False,2.4000000000000004,36,10,1.0,3
2STEP-VF,9,2,0.08894178865805095,-0.052872850157973564,0.028261956337675465,-0.09386430300278417,False,2.4000000000000004,36,10,1.0,4
2STEP-VF,9,2,0.09015366713253158,-0.05418936770194829,0.028472755289114613,-0.09231833980028917,False,2.4000000000000004,36,10,1.0,5
2STEP-VF,9,2,0.09091589778172654,-0.05132636018839832,0.02344918544968613,-0.058955265278429536,False,2.4000000000000004,36,10,1.0,6
2STEP-VF,9,2,0.08869767599314587,-0.05111920482719,0.03599330951186046,-0.15993852395003896,False,2.4000000000000004,36,10,1.0,7
2STEP-VF,9,2,0.08878553083425103,-0.05549044085950895,0.0329406512971256,-0.12502102046412833,False,2.4000000000000004,36,10,1.0,8
2STEP-VF,9,2,0.09081935273692128,-0.05391271274191315,0.032357260632973374,-0.1240184133189802,False,2.4000000000000004,36,10,1.0,9
2STEP-VF,9,2,0.09258831748231856,-0.05633522327987749,0.02697662115827462,-0.07505313434555191,False,2.4000000000000004,36,10,1.0,10
2STEP-VF,9,2,0.09086641438591855,-0.05376006175437814,0.02939807276276311,-0.10070844902844228,False,2.4000000000000004,36,10,1.0,11
2STEP-VF,9,2,0.0900956759574914,-0.05003136478806047,0.029029059874223464,-0.10675146294499316,False,2.4000000000000004,36,10,1.0,12
2STEP-VF,9,2,0.08836961167552713,-0.053790096982058215,0.041344293796798964,-0.19635594091692044,False,2.4000000000000004,36,10,1.0,13
2STEP-VF,9,2,0.09250128589826566,-0.058799297167130234,0.03175375046605609,-0.10736161337344025,False,2.4000000000000004,36,10,1.0,14
2STEP-VF,9,2,0.08784541163152867,-0.05408595171878368,0.03546091767541357,-0.14861033258033604,False,2.4000000000000004,36,10,1.0,15
2STEP-VF,9,2,0.09063303152053476,-0.05445173262569463,0.03144449548317078,-0.11543382367246707,False,2.4000000000000004,36,10,1.0,16
2STEP-VF,9,2,0.09084906124395639,-0.05473851522348666,0.03043640552156383,-0.10666786396150532,False,2.4000000000000004,36,10,1.0,17
2STEP-VF,9,2,0.08926573619536829,-0.05494836755388684,0.022914388307657296,-0.04608308016020787,False,2.4000000000000004,36,10,1.0,18
2STEP-VF,9,2,0.09161289616604235,-0.05516692082064817,0.015726245135003238,0.012087422659492225,False,2.4000000000000004,36,10,1.0,19
2STEP-VF,9,2,0.08979337143091505,-0.05640151268049273,0.0319283302875205,-0.11467540958112657,False,2.4000000000000004,36,10,1.0,20
2STEP-VF,9,2,0.08770354068069473,-0.054720517184556255,0.03665081031222909,-0.15661502881405606,False,2.4000000000000004,36,10,1.0,21
2STEP-VF,9,2,0.0901935732979682,-0.05613299467449658,0.02885419728513162,-0.09070277666438314,False,2.4000000000000004,36,10,1.0,22
2STEP-VF,9,2,0.08822896402461937,-0.05941965925675458,0.04312242282834796,-0.19707846256909559,False,2.4000000000000004,36,10,1.0,23
2STEP-VF,9,2,0.08798089194600425,-0.05423965757193384,0.037285793792005785,-0.16283231864664488,False,2.4000000000000004,36,10,1.0,24
2STEP-VF,9,2,0.08859624928228865,-0.05203746128432234,0.03233619547133402,-0.12848388173136127,False,2.4000000000000004,36,10,1.0,25
2STEP-VF,9,2,0.091579210677791,-0.055491396424861374,0.019774985652674052,-0.019525781161057687,False,2.4000000000000004,36,10,1.0,26
2STEP-VF,9,2,0.0885568090727182,-0.0514746342418613,0.03308178992054149,-0.13580178863950176,False,2.4000000000000004,36,10,1.0,27
2STEP-VF,9,2,0.08960614873087282,-0.05424459906113106,0.02661767378513718,-0.07737798361053055,False,2.4000000000000004,36,10,1.0,28
2STEP-VF,9,2,0.09184049950890108,-0.05713873432071183,0.03293782092208928,-0.12085917503647187,False,2.4000000000000004,36,10,1.0,29
2STEP-VF,9,2,0.09172905898183473,-0.05803351788555741,0.030857004072253183,-0.10207184611377765,False,2.4000000000000004,36,10,1.0,30
2STEP-VF,9,2,0.08965667465977707,-0.05736012188935192,0.031836622217354685,-0.11164928472480631,False,2.4000000000000004,36,10,1.0,31
2STEP-VF,9,2,0.08810210853730811,-0.053334418426669264,0.03493260755819452,-0.14617212972931154,False,2.4000000000000004,36,10,1.0,32
2STEP-VF,9,2,0.08933543607602518,-0.05396651201537984,0.03439120590233478,-0.14024989221720519,False,2.4000000000000004,36,10,1.0,33
2STEP-VF,9,2,0.08845366259884732,-0.054931921262911125,0.03218804371864705,-0.12036051896225891,False,2.4000000000000004,36,10,1.0,34
2STEP-VF,9,2,0.08905837274999082,-0.05249204379345119,0.022063021206422125,-0.04517976218209474,False,2.4000000000000004,36,10,1.0,35
2STEP-VF,9,2,0.08862763288021004,-0.05389852367714442,0.027001790279971644,-0.081340207441814,False,2.4000000000000004,36,10,1.0,36
2STEP-VF,9,2,0.09129043254815632,-0.056330225682498854,0.03684553177836637,-0.1540942866360444,False,2.4000000000000004,36,10,1.0,37
2STEP-VF,9,2,0.08894096353892456,-0.05381906811467807,0.02772432302311869,-0.08729236289738673,False,2.4000000000000004,36,10,1.0,38
2STEP-VF,9,2,0.09015174045381677,-0.05721118908354588,0.02382782194050975,-0.04790661729633894,False,2.4000000000000004,36,10,1.0,39
2STEP-VF,9,2,0.09075797151779838,-0.05489740513033122,0.027584618775339086,-0.08347769959884993,False,2.4000000000000004,36,10,1.0,40
2STEP-VF,9,2,0.09064924283901425,-0.05383011223690027,0.031573892773908936,-0.11795991825237004,False,2.4000000000000004,36,10,1.0,41
2STEP-VF,9,2,0.08995820861424066,-0.05469955664335099,0.03206400604033324,-0.11983561986176919,False,2.4000000000000004,36,10,1.0,42
2STEP-VF,9,2,0.08970884469913748,-0.05389141478100934,0.03536479783705381,-0.1481964565400599,False,2.4000000000000004,36,10,1.0,43
2STEP-VF,9,2,0.0875078146521125,-0.0565576644618353,0.03626563247385034,-0.14913619620327132,False,2.4000000000000004,36,10,1.0,44
2STEP-VF,9,2,0.09006041173547089,-0.05451469293117566,0.02974487653202475,-0.10172012451724824,False,2.4000000000000004,36,10,1.0,45
2STEP-VF,9,2,0.09207570707380104,-0.05571492475099049,0.020385304345823446,-0.023842072939782355,False,2.4000000000000004,36,10,1.0,46
2STEP-VF,9,2,0.08702638965524549,-0.05687646672289597,0.025194575497785237,-0.05983150046801691,False,2.4000000000000004,36,10,1.0,47
2STEP-VF,9,2,0.0892663006016197,-0.05440350222234536,0.03252980562649963,-0.12431406164227107,False,2.4000000000000004,36,10,1.0,48
2STEP-VF,9,2,0.08962124167376588,-0.05586882421845695,0.02481468213500973,-0.05905500445535525,False,2.4000000000000004,36,10,1.0,49
2STEP-VF,9,2,0.08951221842918274,-0.05478717003152206,0.037444859518012276,-0.16269893496269439,False,2.4000000000000004,36,10,1.0,50
2STEP-VF,9,2,0.08884782775584665,-0.056263216348427084,0.029944794235822022,-0.09919576498500043,False,2.4000000000000004,36,10,1.0,51
2STEP-VF,9,2,0.09132247782955837,-0.052465886252155265,0.029836131230426135,-0.107291574168463,False,2.4000000000000004,36,10,1.0,52
2STEP-VF,9,2,0.08900043872236206,-0.05636956634088164,0.03031526812798419,-0.10189515948241593,False,2.4000000000000004,36,10,1.0,53
2STEP-VF,9,2,0.08918694881450297,-0.0567348185527206,0.030337647719505683,-0.10118640030064593,False,2.4000000000000004,36,10,1.0,54
2STEP-VF,9,2,0.09089375013581974,-0.05667543923745834,0.03188552319126492,-0.1136095063520702,False,2.4000000000000004,36,10,1.0,55
2STEP-VF,9,2,0.08964370473892123,-0.054559818337845144,0.02864537438189722,-0.09284080876001419,False,2.4000000000000004,36,10,1.0,56
2STEP-VF,9,2,0.08899258569976452,-0.054864745825817726,0.022437480828453513,-0.04248490150367973,False,2.4000000000000004,36,10,1.0,57
2STEP-VF,9,2,0.08999064898407343,-0.05734178336757806,0.036392662030376464,-0.14812157722178004,False,2.4000000000000004,36,10,1.0,58
2STEP-VF,9,2,0.08766471369936901,-0.052070431553009264,0.033767728497647594,-0.13991290943199644,False,2.4000000000000004,36,10,1.0,59
2STEP-VF,9,2,0.08840173853048552,-0.05201787226985797,0.032299535021098516,-0.12824928240929995,False,2.4000000000000004,36,10,1.0,60
2STEP-VF,9,2,0.08897729964158142,-0.051743372432115735,0.03703757467968886,-0.16677786562193828,False,2.4000000000000004,36,10,1.0,61
2STEP-VF,9,2,0.08903603540050578,-0.05371743057729942,0.034168585594562755,-0.13908468924695314,False,2.4000000000000004,36,10,1.0,62
2STEP-VF,9,2,0.08758574304001808,-0.05321494977104692,0.029487609113429236,-0.10292984887452025,False,2.4000000000000004,36,10,1.0,63
2STEP-VF,9,2,0.0916555114947285,-0.053621061242722694,0.019384633501921874,-0.020887190343156836,False,2.4000000000000004,36,10,1.0,64
2STEP-VF,9,2,0.09006709298599865,-0.05396023206976296,0.03566034180806029,-0.15037415191789136,False,2.4000000000000004,36,10,1.0,65
2STEP-VF,9,2,0.08832717077856429,-0.0543122396752453,0.032358232133499434,-0.12321685160069296,False,2.4000000000000004,36,10,1.0,66
2STEP-VF,9,2,0.08940608881196052,-0.04921879227813924,0.029020354524207353,-0.10867336939740709,False,2.4000000000000004,36,10,1.0,67
2STEP-VF,9,2,0.08895193588649167,-0.054883736227459054,0.026762940251114756,-0.0770454389098269,False,2.4000000000000004,36,10,1.0,68
2STEP-VF,9,2,0.0905999097684917,-0.05283693386293541,0.023438671148893555,-0.05526473333399401,False,2.4000000000000004,36,10,1.0,69
2STEP-VF,9,2,0.08924777168396146,-0.05460066780515259,0.03159844578144624,-0.11639109721816607,False,2.4000000000000004,36,10,1.0,70
2STEP-VF,9,2,0.08730570018936992,-0.055197527189683133,0.029462101362349676,-0.09798440363219574,False,2.4000000000000004,36,10,1.0,71
2STEP-VF,9,2,0.0909831228241844,-0.05779503626284159,0.027748518451541478,-0.07782107321206103,False,2.4000000000000004,36,10,1.0,72
2STEP-VF,9,2,0.08908366834756463,-0.05584590727233987,0.03365407181030949,-0.12985737692800636,False,2.4000000000000004,36,10,1.0,73
2STEP-VF,9,2,0.09024878310667908,-0.05586838033544041,0.03651554643134562,-0.1526253316593073,False,2.4000000000000004,36,10,1.0,74
2STEP-VF,9,2,0.0882156729469516,-0.05324742183007396,0.03631696930362523,-0.15744900166000728,False,2.4000000000000004,36,10,1.0,75
2STEP-VF,9,2,0.08672453341781262,-0.05349100711137637,0.024626218895444408,-0.06342786209118328,False,2.4000000000000004,36,10,1.0,76
2STEP-VF,9,2,0.08903992628421381,-0.05426642935351024,0.029544714656583922,-0.10077589122719405,False,2.4000000000000004,36,10,1.0,77
2STEP-VF,9,2,0.09182146169923983,-0.05717581247674887,0.0339334340861976,-0.1287362350434292,False,2.4000000000000004,36,10,1.0,78
2STEP-VF,9,2,0.09110790214879554,-0.05833975381821066,0.026421881767627633,-0.0658931708483878,False,2.4000000000000004,36,10,1.0,79
2STEP-VF,9,2,0.0851913029848412,-0.05272601793327704,0.042877626310451805,-0.21136708926465914,False,2.4000000000000004,36,10,1.0,80
2STEP-VF,9,2,0.08861039177643831,-0.057470621068008314,0.034042430495760875,-0.1290933298962808,False,2.4000000000000004,36,10,1.0,81
2STEP-VF,9,2,0.09084310455901284,-0.05446343152861877,0.03149477682262976,-0.11579539263881228,False,2.4000000000000004,36,10,1.0,82
2STEP-VF,9,2,0.08631794523031917,-0.0539853662754678,0.032611521803927526,-0.1261482186564784,False,2.4000000000000004,36,10,1.0,83
2STEP-VF,9,2,0.09219103877861295,-0.055495616009378974,0.025755635831788172,-0.06732414590507912,False,2.4000000000000004,36,10,1.0,84
2STEP-VF,9,2,0.08964870685452316,-0.05498386446760634,0.03160922540919479,-0.11553360614003175,False,2.4000000000000004,36,10,1.0,85
2STEP-VF,9,2,0.08859681327478566,-0.05278914993215621,0.0389699186155687,-0.17974958029088764,False,2.4000000000000004,36,10,1.0,86
2STEP-VF,9,2,0.08956263595256282,-0.06146768844454738,0.035514292596439415,-0.1312181303474479,False,2.4000000000000004,36,10,1.0,87
2STEP-VF,9,2,0.08906007367598552,-0.052202354726787574,0.027609270347953997,-0.09024490701878274,False,2.4000000000000004,36,10,1.0,88
2STEP-VF,9,2,0.09332202492297544,-0.05202277992110995,0.02403765990291021,-0.06184728591723934,False,2.4000000000000004,36,10,1.0,89
2STEP-VF,9,2,0.09126079431282862,-0.052209171820062496,0.026515854841956465,-0.0813491787087321,False,2.4000000000000004,36,10,1.0,90
2STEP-VF,9,2,0.08988602977920399,-0.05200277640804783,0.029758028362616436,-0.10786440173486453,False,2.4000000000000004,36,10,1.0,91
2STEP-VF,9,2,0.08915826945126219,-0.05599293194002075,0.029316814176396824,-0.09480198058804912,False,2.4000000000000004,36,10,1.0,92
2STEP-VF,9,2,0.09192093453233405,-0.053758099371504775,0.02470407777829355,-0.06309792766279695,False,2.4000000000000004,36,10,1.0,93
2STEP-VF,9,2,0.08897748523895943,-0.050001482246042485,0.031174008832765922,-0.12404986415728791,False,2.4000000000000004,36,10,1.0,94
2STEP-VF,9,2,0.08930576691722367,-0.05712157763580701,0.028432000199355427,-0.08500586925387321,False,2.4000000000000004,36,10,1.0,95
2STEP-VF,9,2,0.08806306843195523,-0.05469146572486767,0.02987533680461526,-0.10245939259132242,False,2.4000000000000004,36,10,1.0,96
2STEP-VF,9,2,0.09131565048085967,-0.052256563090831085,0.032485115287537294,-0.12898623185345223,False,2.4000000000000004,36,10,1.0,97
2STEP-VF,9,2,0.08788948625408508,-0.055922613625625346,0.033374918743702055,-0.12751170807287057,False,2.4000000000000004,36,10,1.0,98
2STEP-VF,9,2,0.09201678925834746,-0.054236687789754406,0.029098107773848827,-0.09709580413987925,False,2.4000000000000004,36,10,1.0,99
2STEP-VF,9,2,0.8881235857521349,-0.387465642092136,0.17099406863594238,-0.3847475929212847,False,2.4000000000000004,40,10,1.0,0
2STEP-VF,9,2,0.8823086608147436,-0.3869012889179645,0.16126512604053814,-0.308619395272306,False,2.4000000000000004,40,10,1.0,1
2STEP-VF,9,2,0.8973992203164854,-0.39347903921673705,0.13963353288056676,-0.11887461570537627,False,2.4000000000000004,40,10,1.0,2
2STEP-VF,9,2,0.8845933035633525,-0.3960478223283686,0.15561386798227683,-0.24132057205632917,False,2.4000000000000004,40,10,1.0,3
2STEP-VF,9,2,0.889123301806404,-0.3886341219951197,0.13544883048851947,-0.09752135301148446,False,2.4000000000000004,40,10,1.0,4
2STEP-VF,9,2,0.8947614105454129,-0.3838924925215484,0.14719443064092663,-0.20252777844297243,False,2.4000000000000004,40,10,1.0,5
2STEP-VF,9,2,0.8856524541511884,-0.39522782111265387,0.15993017313173388,-0.2777554671344309,False,2.4000000000000004,40,10,1.0,6
2STEP-VF,9,2,0.8863483653097612,-0.39394424061548056,0.16651073756215748,-0.333438821101521,False,2.4000000000000004,40,10,1.0,7
2STEP-VF,9,2,0.8910677037484889,-0.40503077445443675,0.1385389277037027,-0.08277350071406442,False,2.4000000000000004,40,10,1.0,8
2STEP-VF,9,2,0.8848774813551578,-0.37158568751585425,0.14909744435153488,-0.24788125589291965,False,2.4000000000000004,40,10,1.0,9
2STEP-VF,9,2,0.8830907348691189,-0.3875815006543431,0.1439344853580706,-0.16829483720199456,False,2.4000000000000004,40,10,1.0,10
2STEP-VF,9,2,0.8939678672413066,-0.3888183209789605,0.1527944084843273,-0.23555322549063507,False,2.4000000000000004,40,10,1.0,11
2STEP-VF,9,2,0.8914248474403896,-0.40196448503255666,0.14730417332802861,-0.1602331316996699,False,2.4000000000000004,40,10,1.0,12
2STEP-VF,9,2,0.882064296614034,-0.3847539940862906,0.17087708604194876,-0.39068324473165095,False,2.4000000000000004,40,10,1.0,13
2STEP-VF,9,2,0.8922313946723008,-0.3959456779035374,0.13025770511583518,-0.03825813027785396,False,2.4000000000000004,40,10,1.0,14
2STEP-VF,9,2,0.8910385168685777,-0.3883656868995274,0.14053000925340942,-0.13870011445629526,False,2.4000000000000004,40,10,1.0,15
2STEP-VF,9,2,0.8893787115026242,-0.38358341075817487,0.15299626057569646,-0.2500071760957948,False,2.4000000000000004,40,10,1.0,16
2STEP-VF,9,2,0.8875486272692649,-0.40357619388227606,0.1318912815764059,-0.033294469657628945,False,2.4000000000000004,40,10,1.0,17
2STEP-VF,9,2,0.8812536306708114,-0.38608738199104015,0.1647038798219346,-0.33814610395673195,False,2.4000000000000004,40,10,1.0,18
2STEP-VF,9,2,0.8898740259735778,-0.3939602217505387,0.12991735456844025,-0.0404418627878147,False,2.4000000000000004,40,10,1.0,19
2STEP-VF,9,2,0.8912928917483071,-0.397490134739308,0.13080686244810488,-0.039001002705601806,False,2.4000000000000004,40,10,1.0,20
2STEP-VF,9,2,0.8877303601823598,-0.3872241581467401,0.11501598412688677,0.06247392814802344,False,2.4000000000000004,40,10,1.0,21
2STEP-VF,9,2,0.8868369887761369,-0.3802336883951239,0.1649353152537302,-0.3537114505549763,False,2.4000000000000004,40,10,1.0,22
2STEP-VF,9,2,0.883475278406275,-0.3812906054761089,0.14229603561123308,-0.17026231504282718,False,2.4000000000000004,40,10,1.0,23
2STEP-VF,9,2,0.8823212880417496,-0.39240879907997883,0.15605167452519958,-0.25369300112714277,False,2.4000000000000004,40,10,1.0,24
2STEP-VF,9,2,0.8911126647018662,-0.3858185916874154,0.14620301314644554,-0.1901927252396558,False,2.4000000000000004,40,10,1.0,25
2STEP-VF,9,2,0.8935403637551539,-0.37854809754966745,0.11234581861945689,0.06336130698885578,False,2.4000000000000004,40,10,1.0,26
2STEP-VF,9,2,0.8860743181987172,-0.40832436933769645,0.15137009233473986,-0.17781779317552449,False,2.4000000000000004,40,10,1.0,27
2STEP-VF,9,2,0.8922356940866084,-0.3883332757699462,0.14445757428945064,-0.1701265908225379,False,2.4000000000000004,40,10,1.0,28
2STEP-VF,9,2,0.8861399989880253,-0.3884704116478579,0.17505023047409257,-0.41490445589860037,False,2.4000000000000004,40,10,1.0,29
2STEP-VF,9,2,0.8869008319618147,-0.39068349612141295,0.1362996260646674,-0.09954256790823945,False,2.4000000000000004,40,10,1.0,30
2STEP-VF,9,2,0.8847155427551034,-0.3864190783972322,0.15140544182318838,-0.23075481386684382,False,2.4000000000000004,40,10,1.0,31
2STEP-VF,9,2,0.8869970665355174,-0.3865673450520127,0.1494932410513362,-0.2149644762937285,False,2.4000000000000004,40,10,1.0,32
2STEP-VF,9,2,0.8870456212137282,-0.38688456155048967,0.14739883612394802,-0.19744500399758558,False,2.4000000000000004,40,10,1.0,33
2STEP-VF,9,2,0.8954527179793389,-0.3918559794513081,0.13944217467313802,-0.1213558836232046,False,2.4000000000000004,40,10,1.0,34
2STEP-VF,9,2,0.8851908079751967,-0.38265506293636353,0.14159315656002533,-0.16126165295441863,False,2.4000000000000004,40,10,1.0,35
2STEP-VF,9,2,0.8929281403208921,-0.39175108798077235,0.12869384209840978,-0.03577243721417134,False,2.4000000000000004,40,10,1.0,36
2STEP-VF,9,2,0.8873131501333729,-0.3771238146453337,0.162493143738214,-0.3416092057489091,False,2.4000000000000004,40,10,1.0,37
2STEP-VF,9,2,0.8897133144629777,-0.39344140463755833,0.1303546749935803,-0.045195229950724114,False,2.4000000000000004,40,10,1.0,38
2STEP-VF,9,2,0.8897629266086806,-0.3822063144358797,0.14987612074711748,-0.22832803573430804,False,2.4000000000000004,40,10,1.0,39
2STEP-VF,9,2,0.8920655450263942,-0.38590806479716866,0.1378884991203312,-0.12340470474786136,False,2.4000000000000004,40,10,1.0,40
2STEP-VF,9,2,0.8862981339782993,-0.3845579209921343,0.14327798340116607,-0.17010696878950848,False,2.4000000000000004,40,10,1.0,41
2STEP-VF,9,2,0.8927269254280009,-0.38692998398345985,0.15385950143550536,-0.24868043439805954,False,2.4000000000000004,40,10,1.0,42
2STEP-VF,9,2,0.8860973555889046,-0.39433669476811206,0.14088304706796814,-0.1274904677649421,False,2.4000000000000004,40,10,1.0,43
2STEP-VF,9,2,0.8898801757369725,-0.3963512480979479,0.15414593071006208,-0.2285316397012036,False,2.4000000000000004,40,10,1.0,44
2STEP-VF,9,2,0.8949433764357465,-0.4043077518424039,0.12799731482514104,5.668840678563214e-05,False,2.4000000000000004,40,10,1.0,45
2STEP-VF,9,2,0.8918983329482457,-0.3886131317056896,0.16777836000396582,-0.356041463961177,False,2.4000000000000004,40,10,1.0,46
2STEP-VF,9,2,0.8875423604116045,-0.3928756833986702,0.12121929467892945,0.026399824350068934,False,2.4000000000000004,40,10,1.0,47
2STEP-VF,9,2,0.8901360018344161,-0.3889520950382848,0.1403479441460364,-0.135890364966343,False,2.4000000000000004,40,10,1.0,48
2STEP-VF,9,2,0.8890604260661447,-0.38702884258472453,0.12743087190610258,-0.037234127481513446,False,2.4000000000000004,40,10,1.0,49
2STEP-VF,9,2,0.8861637835235561,-0.3944177801524288,0.1398541280030536,-0.11906052464718664,False,2.4000000000000004,40,10,1.0,50
2STEP-VF,9,2,0.889850000394304,-0.3869201936056378,0.137745225310492,-0.11996233780674725,False,2.4000000000000004,40,10,1.0,51
2STEP-VF,9,2,0.8837271362274667,-0.3989953890698055,0.15571612371812557,-0.2351164278038238,False,2.4000000000000004,40,10,1.0,52
2STEP-VF,9,2,0.8888834582899122,-0.3902290837265625,0.1181375001430095,0.044782807297068516,False,2.4000000000000004,40,10,1.0,53
2STEP-VF,9,2,0.8831437202874907,-0.3817358709947805,0.1501096371244286,-0.2317223833907064,False,2.4000000000000004,40,10,1.0,54
2STEP-VF,9,2,0.8912319752357245,-0.38999622711377574,0.15218175618167654,-0.2279891858662073,False,2.4000000000000004,40,10,1.0,55
2STEP-VF,9,2,0.8951472788523536,-0.3744272380601594,0.15620468278208394,-0.297303254181148,False,2.4000000000000004,40,10,1.0,56
2STEP-VF,9,2,0.8887422435357915,-0.38799868128856063,0.16049507168555677,-0.2994392037797614,False,2.4000000000000004,40,10,1.0,57
2STEP-VF,9,2,0.8874668158957953,-0.38760105421091706,0.14382601251125596,-0.16711756103009923,False,2.4000000000000004,40,10,1.0,58
2STEP-VF,9,2,0.8851944088482853,-0.3957851605515331,0.14017410439138975,-0.11839678527654152,False,2.4000000000000004,40,10,1.0,59
2STEP-VF,9,2,0.8888672425461465,-0.39357489250179284,0.14819618245660168,-0.18765768309574216,False,2.4000000000000004,40,10,1.0,60
2STEP-VF,9,2,0.8895307326007641,-0.39219387908062325,0.13028430125280144,-0.04763725627287008,False,2.4000000000000004,40,10,1.0,61
2STEP-VF,9,2,0.8887379962259258,-0.39047319272410935,0.14180442767063137,-0.14397547905363317,False,2.4000000000000004,40,10,1.0,62
2STEP-VF,9,2,0.8816326075521472,-0.3783012180590993,0.17139117102583967,-0.4103084884117506,False,2.4000000000000004,40,10,1.0,63
2STEP-VF,9,2,0.8894395197617617,-0.3925428259515413,0.14697985870704136,-0.18036971618692632,False,2.4000000000000004,40,10,1.0,64
2STEP-VF,9,2,0.883039493053764,-0.38638404041889096,0.1400261326897731,-0.13990499492962083,False,2.4000000000000004,40,10,1.0,65
2STEP-VF,9,2,0.885524718521814,-0.4008495025937931,0.14421143307763948,-0.13852117528470376,False,2.4000000000000004,40,10,1.0,66
2STEP-VF,9,2,0.8858333827216918,-0.3779951473292977,0.14566012240528808,-0.204942622688689,False,2.4000000000000004,40,10,1.0,67
2STEP-VF,9,2,0.8936968748330034,-0.39895862174989455,0.14431050576851828,-0.1433615414584195,False,2.4000000000000004,40,10,1.0,68
2STEP-VF,9,2,0.8942002935617592,-0.39053243513045666,0.13013173845547008,-0.05012404571695939,False,2.4000000000000004,40,10,1.0,69
2STEP-VF,9,2,0.8898328533699084,-0.38667150486428714,0.15191611945636493,-0.2339273727744361,False,2.4000000000000004,40,10,1.0,70
2STEP-VF,9,2,0.8867240931652697,-0.3963346193478912,0.15957417203677474,-0.27218684426934314,False,2.4000000000000004,40,10,1.0,71
2STEP-VF,9,2,0.8935659488389035,-0.3880054982834324,0.12779690370347033,-0.03754807681719097,False,2.4000000000000004,40,10,1.0,72
2STEP-VF,9,2,0.8874598903638298,-0.3973922076318314,0.14645433405413255,-0.1646457806948356,False,2.4000000000000004,40,10,1.0,73
2STEP-VF,9,2,0.8817906517739764,-0.3883236667996916,0.1467038908070136,-0.18874688703041065,False,2.4000000000000004,40,10,1.0,74
2STEP-VF,9,2,0.8856243226604661,-0.39598128048405956,0.15949686467942845,-0.27248238491405696,False,2.4000000000000004,40,10,1.0,75
2STEP-VF,9,2,0.9016971914007998,-0.37914201865369473,0.10950772608964274,0.08798086753577317,False,2.4000000000000004,40,10,1.0,76
2STEP-VF,9,2,0.8907034894090344,-0.37499567308770104,0.16583459504442957,-0.3732449355804123,False,2.4000000000000004,40,10,1.0,77
2STEP-VF,9,2,0.884080916956964,-0.4000155997201183,0.13588130314654118,-0.07396813082662801,False,2.4000000000000004,40,10,1.0,78
2STEP-VF,9,2,0.8968507977901431,-0.3968245133679246,0.12182536169852817,0.03158698636220203,False,2.4000000000000004,40,10,1.0,79
2STEP-VF,9,2,0.8882689026877449,-0.38616708598205746,0.15484872660735183,-0.25869267234061233,False,2.4000000000000004,40,10,1.0,80
2STEP-VF,9,2,0.8915795836210532,-0.3827642764421561,0.16997929848594104,-0.38770534940909074,False,2.4000000000000004,40,10,1.0,81
2STEP-VF,9,2,0.8821672714874333,-0.3841683850563483,0.15873490311390662,-0.29494506448677127,False,2.4000000000000004,40,10,1.0,82
2STEP-VF,9,2,0.8846492442058544,-0.3974598006511316,0.19037990562797602,-0.5160567688087414,False,2.4000000000000004,40,10,1.0,83
2STEP-VF,9,2,0.8873147475248083,-0.37641084933519925,0.12778898357329374,-0.06568694533038344,False,2.4000000000000004,40,10,1.0,84
2STEP-VF,9,2,0.8876480051154249,-0.39334209953822513,0.1539537822899196,-0.23435033912069125,False,2.4000000000000004,40,10,1.0,85
2STEP-VF,9,2,0.8866124985854915,-0.3946429079696058,0.17836735689528177,-0.426599126120071,False,2.4000000000000004,40,10,1.0,86
2STEP-VF,9,2,0.9017644104522368,-0.4010252979957853,0.12477769115871237,0.01834505054731972,False,2.4000000000000004,40,10,1.0,87
2STEP-VF,9,2,0.8910580322801028,-0.3827944950811937,0.16165603781576948,-0.3210780323944852,False,2.4000000000000004,40,10,1.0,88
2STEP-VF,9,2,0.8893679820263586,-0.3846791053780068,0.169143163206577,-0.37655337382381837,False,2.4000000000000004,40,10,1.0,89
2STEP-VF,9,2,0.8828597348350081,-0.39042153692091747,0.1833821890670529,-0.47707423983612096,False,2.4000000000000004,40,10,1.0,90
2STEP-VF,9,2,0.8890163621175063,-0.4070365380606058,0.16508589883727637,-0.29045851762570685,False,2.4000000000000004,40,10,1.0,91
2STEP-VF,9,2,0.8898486648018085,-0.39015286015772765,0.14320805199089431,-0.1559066316604999,False,2.4000000000000004,40,10,1.0,92
2STEP-VF,9,2,0.8880162723136933,-0.3996386565582686,0.16688616032007522,-0.32267553048193576,False,2.4000000000000004,40,10,1.0,93
2STEP-VF,9,2,0.8915989969308272,-0.3910845720479137,0.13752912576445445,-0.1081340933847933,False,2.4000000000000004,40,10,1.0,94
2STEP-VF,9,2,0.8943969734596806,-0.40247743517113793,0.17577857216776316,-0.3866189145237937,False,2.4000000000000004,40,10,1.0,95
2STEP-VF,9,2,0.8858577142435655,-0.3958210842593741,0.12724557491225383,-0.01484253422091908,False,2.4000000000000004,40,10,1.0,96
2STEP-VF,9,2,0.8846686331562639,-0.38893536519622884,0.16983743002908408,-0.3721744457723478,False,2.4000000000000004,40,10,1.0,97
2STEP-VF,9,2,0.8857389109988992,-0.3962420901071542,0.17211208852427506,-0.37277135727709676,False,2.4000000000000004,40,10,1.0,98
2STEP-VF,9,2,0.8888871580265477,-0.3930958925013815,0.14248605782275045,-0.14312509109709537,False,2.4000000000000004,40,10,1.0,99
2STEP-VF,9,2,3.9502342977207023,-0.9928993054765451,-0.030767449292172667,0.0,True,2.4000000000000004,44,10,1.0,0
2STEP-VF,9,2,3.9500206590429907,-1.0009452859036119,0.007576677501437311,0.0,True,2.4000000000000004,44,10,1.0,1
2STEP-VF,9,2,3.9501052044690574,-0.9830748916780313,-0.0225364736715167,0.0,True,2.4000000000000004,44,10,1.0,2
2STEP-VF,9,2,3.948857365157489,-0.9974935553038744,-0.013637291489515861,0.0,True,2.4000000000000004,44,10,1.0,3
2STEP-VF,9,2,3.9452641029017435,-1.0058216931791355,0.028764085122734928,0.0,True,2.4000000000000004,44,10,1.0,4
2STEP-VF,9,2,3.9434154374057857,-1.003099693727247,0.034357054387314026,0.0,True,2.4000000000000004,44,10,1.0,5
2STEP-VF,9,2,3.954057525563534,-0.9876911601414942,-0.016243303515581214,0.0,True,2.4000000000000004,44,10,1.0,6
2STEP-VF,9,2,3.9458643300593947,-1.0039478264379458,0.03714812475246943,0.0,True,2.4000000000000004,44,10,1.0,7
2STEP-VF,9,2,3.950654850111287,-0.9742354221801353,-0.02586657426442868,0.0,True,2.4000000000000004,44,10,1.0,8
2STEP-VF,9,2,3.9524298161870233,-0.9904910610260156,-0.020825226209491635,0.0,True,2.4000000000000004,44,10,1.0,9
2STEP-VF,9,2,3.9429059800191686,-0.9958961885534326,0.04523783069590408,0.0,True,2.4000000000000004,44,10,1.0,10
2STEP-VF,9,2,3.9476543337450534,-0.9837122031254939,-0.036420115983445404,0.0,True,2.4000000000000004,44,10,1.0,11
2STEP-VF,9,2,3.948691270521504,-0.9932077554544985,0.001461251231194072,0.0,True,2.4000000000000004,44,10,1.0,12
2STEP-VF,9,2,3.9472507538235,-0.9979050586430579,-0.01672248848711628,0.0,True,2.4000000000000004,44,10,1.0,13
2STEP-VF,9,2,3.9478763298182162,-0.9879457921236053,-0.007972830208735023,0.0,True,2.4000000000000004,44,10,1.0,14
2STEP-VF,9,2,3.94356733483065,-1.0043349945599263,0.041093935551667536,0.0,True,2.4000000000000004,44,10,1.0,15
2STEP-VF,9,2,3.944467787317673,-1.0154194842888498,-0.0019664975781910217,0.0,True,2.4000000000000004,44,10,1.0,16
2STEP-VF,9,2,3.9490441172319137,-0.992108940531074,-0.010547001409412744,0.0,True,2.4000000000000004,44,10,1.0,17
2STEP-VF,9,2,3.9458544275575607,-1.006867718237637,0.014056862418332717,0.0,True,2.4000000000000004,44,10,1.0,18
2STEP-VF,9,2,3.950402610150212,-1.0133728440786351,-0.005529396185903701,0.0,True,2.4000000000000004,44,10,1.0,19
2STEP-VF,9,2,3.9487356718255,-1.0056508482984823,-0.011866039593008932,0.0,True,2.4000000000000004,44,10,1.0,20
2STEP-VF,9,2,3.9460274243535793,-1.0039384343889886,0.035766778550674075,0.0,True,2.4000000000000004,44,10,1.0,21
2STEP-VF,9,2,3.952484604383056,-0.9849056906671713,0.008262105071082944,0.0,True,2.4000000000000004,44,10,1.0,22
2STEP-VF,9,2,3.9419873008317627,-0.9950015965915134,0.04480610346534121,0.0,True,2.4000000000000004,44,10,1.0,23
2STEP-VF,9,2,3.9447265915686645,-1.0113204346057145,0.03795843248163813,0.0,True,2.4000000000000004,44,10,1.0,24
2STEP-VF,9,2,3.946637696807042,-1.0049180492751,0.009673180925819815,0.0,True,2.4000000000000004,44,10,1.0,25
2STEP-VF,9,2,3.949547488674009,-1.0043985325842006,-0.007520741954918012,0.0,True,2.4000000000000004,44,10,1.0,26
2STEP-VF,9,2,3.9479722579214327,-0.9958047253455865,-0.026103750973092792,0.0,True,2.4000000000000004,44,10,1.0,27
2STEP-VF,9,2,3.9439627996419944,-1.0146279275172776,0.040656990079181575,0.0,True,2.4000000000000004,44,10,1.0,28
2STEP-VF,9,2,3.938458495954013,-0.9919698779570535,0.003302537217761654,0.0,True,2.4000000000000004,44,10,1.0,29
2STEP-VF,9,2,3.946886787208126,-1.0017403951297594,0.03101816809359658,0.0,True,2.4000000000000004,44,10,1.0,30
2STEP-VF,9,2,3.9428641838792005,-0.9830206478515637,0.04988423722415071,0.0,True,2.4000000000000004,44,10,1.0,31
2STEP-VF,9,2,3.9471554208066073,-0.9940368436134767,0.025733281531825015,0.0,True,2.4000000000000004,44,10,1.0,32
2STEP-VF,9,2,3.952103645507478,-0.9936563237915558,-0.026740563891662406,0.0,True,2.4000000000000004,44,10,1.0,33
2STEP-VF,9,2,3.945182211750286,-0.9958667821412902,0.002833584154493163,0.0,True,2.4000000000000004,44,10,1.0,34
2STEP-VF,9,2,3.9454422835727523,-1.0083966256222352,-0.017994539040899038,0.0,True,2.4000000000000004,44,10,1.0,35
2STEP-VF,9,2,3.945253083531107,-1.0121291904559082,0.011329552816315909,0.0,True,2.4000000000000004,44,10,1.0,36
2STEP-VF,9,2,3.95103481676578,-0.97228803606541,-0.02572416606878288,0.0,True,2.4000000000000004,44,10,1.0,37
2STEP-VF,9,2,3.953180874782648,-1.005708886811358,-0.05145471858054626,0.0,True,2.4000000000000004,44,10,1.0,38
2STEP-VF,9,2,3.9487717631242845,-1.0253554118884047,0.03136442442025448,0.0,True,2.4000000000000004,44,10,1.0,39
2STEP-VF,9,2,3.9432066340626912,-0.9906736101795682,-0.024318703424954544,0.0,True,2.4000000000000004,44,10,1.0,40
2STEP-VF,9,2,3.946628874219172,-1.0015809794889805,0.01023650184132857,0.0,True,2.4000000000000004,44,10,1.0,41
2STEP-VF,9,2,3.9495876629535216,-0.989639467578298,-0.01372353376851713,0.0,True,2.4000000000000004,44,10,1.0,42
2STEP-VF,9,2,3.943225899451813,-0.9936609646002502,-0.006516708775382273,0.0,True,2.4000000000000004,44,10,1.0,43
2STEP-VF,9,2,3.94009793091,-0.9952001214665628,0.03866804101615085,0.0,True,2.4000000000000004,44,10,1.0,44
2STEP-VF,9,2,3.9489708653752267,-0.9981412155518162,-0.018444128559478048,0.0,True,2.4000000000000004,44,10,1.0,45
2STEP-VF,9,2,3.943821310066486,-1.0000878042556018,0.021026341034479683,0.0,True,2.4000000000000004,44,10,1.0,46
2STEP-VF,9,2,3.9466694561787605,-0.9930667893064423,-0.0012638912845679953,0.0,True,2.4000000000000004,44,10,1.0,47
2STEP-VF,9,2,3.941726095923387,-0.9975780987637171,0.04424946837315862,0.0,True,2.4000000000000004,44,10,1.0,48
2STEP-VF,9,2,3.9468607410537344,-0.9911326074111869,-0.018408734838092182,0.0,True,2.4000000000000004,44,10,1.0,49
2STEP-VF,9,2,3.943502117992549,-0.9978172185278467,-0.0038227829540897966,0.0,True,2.4000000000000004,44,10,1.0,50
2STEP-VF,9,2,3.9495956174582183,-0.9805859868378018,-0.003325289200572837,0.0,True,2.4000000000000004,44,10,1.0,51
2STEP-VF,9,2,3.9471001241031543,-0.9969604035311983,0.010587261322069276,0.0,True,2.4000000000000004,44,10,1.0,52
2STEP-VF,9,2,3.9552561564662545,-1.0168722144077842,-0.05756592146854357,0.0,True,2.4000000000000004,44,10,1.0,53
2STEP-VF,9,2,3.9486798613175664,-0.9844082783203745,-0.007445524058518892,0.0,True,2.4000000000000004,44,10,1.0,54
2STEP-VF,9,2,3.9484420506025053,-0.9809320105136526,-0.029859694824412596,0.0,True,2.4000000000000004,44,10,1.0,55
2STEP-VF,9,2,3.9485805930027245,-0.9975065195851597,0.017021430495857352,0.0,True,2.4000000000000004,44,10,1.0,56
2STEP-VF,9,2,3.945901916365009,-1.0124022491026736,-0.0034183102083028367,0.0,True,2.4000000000000004,44,10,1.0,57
2STEP-VF,9,2,3.950921825444003,-0.9947106378758698,-0.02519285988446585,0.0,True,2.4000000000000004,44,10,1.0,58
2STEP-VF,9,2,3.9450885978940624,-1.0124729036534381,0.006036936224148012,0.0,True,2.4000000000000004,44,10,1.0,59
2STEP-VF,9,2,3.9529512860060922,-1.0120997930339648,-0.025609104411662198,0.0,True,2.4000000000000004,44,10,1.0,60
2STEP-VF,9,2,3.944202504966284,-1.0160315335872632,0.03385615338725124,0.0,True,2.4000000000000004,44,10,1.0,61
2STEP-VF,9,2,3.949891228468359,-1.0084065071802384,0.0067983612383835075,0.0,True,2.4000000000000004,44,10,1.0,62
2STEP-VF,9,2,3.948646727832846,-1.0060154987489858,-0.000147668264143379,0.0,True,2.4000000000000004,44,10,1.0,63
2STEP-VF,9,2,3.9467857027144615,-1.0009971213244566,-0.001973755803476488,0.0,True,2.4000000000000004,44,10,1.0,64
2STEP-VF,9,2,3.9465040967489635,-0.9983514525892849,0.013900334076329783,0.0,True,2.4000000000000004,44,10,1.0,65
2STEP-VF,9,2,3.9514854370731443,-1.0058745189917737,-0.03870267252798758,0.0,True,2.4000000000000004,44,10,1.0,66
2STEP-VF,9,2,3.946797359867774,-1.0005174148197382,0.01877622810713042,0.0,True,2.4000000000000004,44,10,1.0,67
2STEP-VF,9,2,3.9498519533446554,-0.9824731359339399,0.006458082516869986,0.0,True,2.4000000000000004,44,10,1.0,68
2STEP-VF,9,2,3.948606050641854,-0.9959195827953223,0.004317206115538853,0.0,True,2.4000000000000004,44,10,1.0,69
2STEP-VF,9,2,3.9496471248412677,-0.982500036420553,-0.03382980169848961,0.0,True,2.4000000000000004,44,10,1.0,70
2STEP-VF,9,2,3.949944830488712,-0.9962121032746298,-0.03227282230924226,0.0,True,2.4000000000000004,44,10,1.0,71
2STEP-VF,9,2,3.945568072989526,-0.9977690501522972,0.03032925478212214,0.0,True,2.4000000000000004,44,10,1.0,72
2STEP-VF,9,2,3.9487372905670415,-0.9992586627183122,0.029764953844059437,0.0,True,2.4000000000000004,44,10,1.0,73
2STEP-VF,9,2,3.9501868393945756,-0.9963619001094531,0.001627593434186694,0.0,True,2.4000000000000004,44,10,1.0,74
2STEP-VF,9,2,3.9458064090371514,-0.9849008741068361,0.014744207112143403,0.0,True,2.4000000000000004,44,10,1.0,75
2STEP-VF,9,2,3.9410572694717563,-0.9991191428088344,0.018590573980907407,0.0,True,2.4000000000000004,44,10,1.0,76
2STEP-VF,9,2,3.950485046924636,-1.0046921139848746,-0.012472199237411353,0.0,True,2.4000000000000004,44,10,1.0,77
2STEP-VF,9,2,3.9479408074989344,-1.0145162689627663,-0.017486383932755537,0.0,True,2.4000000000000004,44,10,1.0,78
2STEP-VF,9,2,3.9469810897015964,-1.0129030352254633,0.01176010284422089,0.0,True,2.4000000000000004,44,10,1.0,79
2STEP-VF,9,2,3.948272113701095,-0.9962970198047845,-0.004479958146357355,0.0,True,2.4000000000000004,44,10,1.0,80
2STEP-VF,9,2,3.951305708564961,-0.991304522210258,-0.04796417342359736,0.0,True,2.4000000000000004,44,10,1.0,81
2STEP-VF,9,2,3.9495486373861577,-0.9924226349032534,-0.011627858317932055,0.0,True,2.4000000000000004,44,10,1.0,82
2STEP-VF,9,2,3.9515645579129535,-0.9977742485744648,-0.017785096177032632,0.0,True,2.4000000000000004,44,10,1.0,83
2STEP-VF,9,2,3.94697283679151,-0.9891708526842818,0.03595655001241924,0.0,True,2.4000000000000004,44,10,1.0,84
2STEP-VF,9,2,3.9462415933053143,-0.9931689366385411,0.02660221037190479,0.0,True,2.4000000000000004,44,10,1.0,85
2STEP-VF,9,2,3.952854056372243,-1.0012870989572493,-0.04041599179967597,0.0,True,2.4000000000000004,44,10,1.0,86
2STEP-VF,9,2,3.9491320404389763,-0.9880676117514808,0.014627864991270608,0.0,True,2.4000000000000004,44,10,1.0,87
2STEP-VF,9,2,3.9415645336520906,-0.992346971216611,0.05859839212960516,0.0,True,2.4000000000000004,44,10,1.0,88
2STEP-VF,9,2,3.9509467774867617,-0.984804909961743,0.02569032941075083,0.0,True,2.4000000000000004,44,10,1.0,89
2STEP-VF,9,2,3.9438458111479733,-1.0063251323237106,0.041115656813438366,0.0,True,2.4000000000000004,44,10,1.0,90
2STEP-VF,9,2,3.9500625732754004,-0.9978168297360318,-0.006847760608478061,0.0,True,2.4000000000000004,44,10,1.0,91
2STEP-VF,9,2,3.943751193572867,-0.9808592993271226,0.02953853110889083,0.0,True,2.4000000000000004,44,10,1.0,92
2STEP-VF,9,2,3.9478446484781005,-0.991991636989508,-0.00100708865190368,0.0,True,2.4000000000000004,44,10,1.0,93
2STEP-VF,9,2,3.944363080984928,-0.9995017984593657,0.04844164927148777,0.0,True,2.4000000000000004,44,10,1.0,94
2STEP-VF,9,2,3.9429610187105752,-1.0073189890554588,-0.0017285667672419516,0.0,True,2.4000000000000004,44,10,1.0,95
2STEP-VF,9,2,3.949371376740653,-1.0053120842389627,-0.02270736678849998,0.0,True,2.4000000000000004,44,10,1.0,96
2STEP-VF,9,2,3.9465159688907234,-1.004238198517182,0.052947979770318856,0.0,True,2.4000000000000004,44,10,1.0,97
2STEP-VF,9,2,3.946256833724944,-1.000017987339923,0.024010905904633423,0.0,True,2.4000000000000004,44,10,1.0,98
2STEP-VF,9,2,3.9487763231889477,-1.0059215144552096,-0.026590944764932442,0.0,True,2.4000000000000004,44,10,1.0,99
2STEP-VF,9,2,0.9027731812981751,-0.20064697616151,0.03681611234280928,-0.6423964613043827,False,4.800000000000001,36,20,1.0,0
2STEP-VF,9,2,0.9163250139655955,-0.20207439837824226,0.04426242424554296,-0.8764395189116579,False,4.800000000000001,36,20,1.0,1
2STEP-VF,9,2,0.9275271548677693,-0.20066596132780606,0.04109063275262129,-0.7776503116050807,False,4.800000000000001,36,20,1.0,2
2STEP-VF,9,2,0.9274728135909299,-0.19276611279096784,0.033049832277429844,-0.5393075933639767,False,4.800000000000001,36,20,1.0,3
2STEP-VF,9,2,0.9108060635463457,-0.20292765300836935,0.03388009640523157,-0.5424883539345433,False,4.800000000000001,36,20,1.0,4
2STEP-VF,9,2,0.9247059318236643,-0.192517156916144,0.03884386364349543,-0.7254801040836886,False,4.800000000000001,36,20,1.0,5
2STEP-VF,9,2,0.9073244078642756,-0.191524467333695,0.030903370255849556,-0.4748096621144615,False,4.800000000000001,36,20,1.0,6
2STEP-VF,9,2,0.9190249664088115,-0.1946155529495769,0.034931901654607994,-0.5956020278839428,False,4.800000000000001,36,20,1.0,7
2STEP-VF,9,2,0.910500193757794,-0.1932417524681698,0.0415792611475316,-0.8121261391719362,False,4.800000000000001,36,20,1.0,8
2STEP-VF,9,2,0.9220029076185097,-0.19575523378508758,0.039846636434989084,-0.7499596303783301,False,4.800000000000001,36,20,1.0,9
2STEP-VF,9,2,0.9157881923398766,-0.20687315149318705,0.028266276003858337,-0.35307797699942556,False,4.800000000000001,36,20,1.0,10
2STEP-VF,9,2,0.9066615099139569,-0.19832648992413318,0.04051001628259371,-0.7659372546302419,False,4.800000000000001,36,20,1.0,11
2STEP-VF,9,2,0.9222368147726786,-0.1910165540354297,0.02486655227925133,-0.2819557343646508,False,4.800000000000001,36,20,1.0,12
2STEP-VF,9,2,0.9146753823682229,-0.1984085027769751,0.03865776380524702,-0.7059875121610713,False,4.800000000000001,36,20,1.0,13
2STEP-VF,9,2,0.9210495111452036,-0.19829030746818216,0.04277487267980531,-0.8376362171614207,False,4.800000000000001,36,20,1.0,14
2STEP-VF,9,2,0.9128409884824595,-0.19549697302166164,0.03524405317614227,-0.6038465070756175,False,4.800000000000001,36,20,1.0,15
2STEP-VF,9,2,0.909551744654937,-0.19932372621209765,0.034860903656473756,-0.5825988694188299,False,4.800000000000001,36,20,1.0,16
2STEP-VF,9,2,0.9173422037693046,-0.18861819140296204,0.03668285578060715,-0.6661271933861619,False,4.800000000000001,36,20,1.0,17
2STEP-VF,9,2,0.9159728624024694,-0.2051733742469761,0.04082672500200575,-0.7590807301272935,False,4.800000000000001,36,20,1.0,18
2STEP-VF,9,2,0.9092503860497141,-0.1905463823697758,0.04730413912545671,-1.0018661111641705,False,4.800000000000001,36,20,1.0,19
2STEP-VF,9,2,0.9243634600174889,-0.19494364531154554,0.029173623802881306,-0.41022940534344343,False,4.800000000000001,36,20,1.0,20
2STEP-VF,9,2,0.9047472783253098,-0.19589817934136064,0.0362967506070362,-0.6370555523063746,False,4.800000000000001,36,20,1.0,21
2STEP-VF,9,2,0.9398169114657264,-0.20110850786219742,0.028779759787101882,-0.3819028796300431,False,4.800000000000001,36,20,1.0,22
2STEP-VF,9,2,0.9190402275347008,-0.1892456221325342,0.04028539786789389,-0.7798008250024405,False,4.800000000000001,36,20,1.0,23
2STEP-VF,9,2,0.9174235279443239,-0.19524905442494267,0.03458399126000157,-0.5830445780235287,False,4.800000000000001,36,20,1.0,24
2STEP-VF,9,2,0.9147586042248754,-0.19634799314489548,0.033762467928012165,-0.5542782738951478,False,4.800000000000001,36,20,1.0,25
2STEP-VF,9,2,0.9134025631901991,-0.1895374476386857,0.029512407580321223,-0.4347030144460218,False,4.800000000000001,36,20,1.0,26
2STEP-VF,9,2,0.9333987588329125,-0.19988747731165987,0.04108253357625248,-0.7789072033621212,False,4.800000000000001,36,20,1.0,27
2STEP-VF,9,2,0.9282864608812388,-0.19728411639657636,0.0332818290756308,-0.5358394634155282,False,4.800000000000001,36,20,1.0,28
2STEP-VF,9,2,0.9025233967204856,-0.1997794709431226,0.04439381041067245,-0.8869797990747954,False,4.800000000000001,36,20,1.0,29
2STEP-VF,9,2,0.9090468999007105,-0.19841707329421482,0.044418064587479406,-0.8906342768991831,False,4.800000000000001,36,20,1.0,30
2STEP-VF,9,2,0.911300470420661,-0.18587749960261413,0.043837241879632595,-0.9020077128767297,False,4.800000000000001,36,20,1.0,31
2STEP-VF,9,2,0.9269451495129807,-0.1984221111156999,0.03520862478612686,-0.5948462175076011,False,4.800000000000001,36,20,1.0,32
2STEP-VF,9,2,0.9155717307916524,-0.1915981992685348,0.03242712864773096,-0.5228981346354082,False,4.800000000000001,36,20,1.0,33
2STEP-VF,9,2,0.9249686493654404,-0.19601855202659993,0.03516349051263322,-0.599289052578497,False,4.800000000000001,36,20,1.0,34
2STEP-VF,9,2,0.9157971455280062,-0.19665233271586974,0.0322188748095983,-0.5040905666573781,False,4.800000000000001,36,20,1.0,35
2STEP-VF,9,2,0.9115215100370563,-0.19453145472779562,0.03879160912481252,-0.719764710045068,False,4.800000000000001,36,20,1.0,36
2STEP-VF,9,2,0.9254628882401899,-0.19813896471580736,0.037762479405374146,-0.6773380523596239,False,4.800000000000001,36,20,1.0,37
2STEP-VF,9,2,0.9201555952071461,-0.1956470230895108,0.03269794494111162,-0.5215720469883174,False,4.800000000000001,36,20,1.0,38
2STEP-VF,9,2,0.9258295250767946,-0.1985378828083968,0.041833344941080486,-0.8066263478698158,False,4.800000000000001,36,20,1.0,39
2STEP-VF,9,2,0.9164081317243598,-0.1963061229344232,0.03673235991584016,-0.649316334360808,False,4.800000000000001,36,20,1.0,40
2STEP-VF,9,2,0.9208145742828808,-0.19987716959027846,0.035767616467316965,-0.609609645480502,False,4.800000000000001,36,20,1.0,41
2STEP-VF,9,2,0.9094323745598742,-0.2045962020279956,0.040576817234064054,-0.7528613241492681,False,4.800000000000001,36,20,1.0,42
2STEP-VF,9,2,0.9263320303309601,-0.19635729058866766,0.022378252136533442,-0.18926664913641034,False,4.800000000000001,36,20,1.0,43
2STEP-VF,9,2,0.9243245151895941,-0.20540853461037822,0.03378890698505098,-0.5328050695453482,False,4.800000000000001,36,20,1.0,44
2STEP-VF,9,2,0.915014929065014,-0.2005694630120163,0.04313504419511766,-0.8440538072710254,False,4.800000000000001,36,20,1.0,45
2STEP-VF,9,2,0.9274127493396669,-0.192450010476165,0.03776648367373975,-0.6910026874564962,False,4.800000000000001,36,20,1.0,46
2STEP-VF,9,2,0.929045839183727,-0.1947163019694085,0.032650010559720756,-0.5217384628334604,False,4.800000000000001,36,20,1.0,47
2STEP-VF,9,2,0.9173818661925818,-0.19137544505028506,0.022971616766717228,-0.22074775644271238,False,4.800000000000001,36,20,1.0,48
2STEP-VF,9,2,0.9247720046237708,-0.20769772926695768,0.034210029921783014,-0.540760086978932,False,4.800000000000001,36,20,1.0,49
2STEP-VF,9,2,0.9135140098486142,-0.1990898833127773,0.03874033299783416,-0.7070640953891109,False,4.800000000000001,36,20,1.0,50
2STEP-VF,9,2,0.915188090565208,-0.1998464188364399,0.03399207152653925,-0.553203598207888,False,4.800000000000001,36,20,1.0,51
2STEP-VF,9,2,0.9062141757050891,-0.19735517774278163,0.04476524359184254,-0.9044625178139803,False,4.800000000000001,36,20,1.0,52
2STEP-VF,9,2,0.9141407974717838,-0.1972178163739443,0.04220399440485715,-0.8223566138096556,False,4.800000000000001,36,20,1.0,53
2STEP-VF,9,2,0.9219057979178487,-0.19763250447309982,0.03847115600978134,-0.7014446337024927,False,4.800000000000001,36,20,1.0,54
2STEP-VF,9,2,0.9245004727539038,-0.18868769844177263,0.03796503313192774,-0.7065605555961995,False,4.800000000000001,36,20,1.0,55
2STEP-VF,9,2,0.9105988184029942,-0.18664638381596527,0.034267895894778064,-0.593985418370402,False,4.800000000000001,36,20,1.0,56
2STEP-VF,9,2,0.9196327074493684,-0.19732269487851897,0.029543071718915518,-0.41662586484988917,False,4.800000000000001,36,20,1.0,57
2STEP-VF,9,2,0.9295512554218652,-0.2002248170753858,0.024456105312298575,-0.2462827336873168,False,4.800000000000001,36,20,1.0,58
2STEP-VF,9,2,0.908261946946866,-0.18353486601041605,0.040709425461851086,-0.8077222195374245,False,4.800000000000001,36,20,1.0,59
2STEP-VF,9,2,0.9169713126482283,-0.19137465881528284,0.03532536945110279,-0.616094362519717,False,4.800000000000001,36,20,1.0,60
2STEP-VF,9,2,0.9268927297409506,-0.19463413869906895,0.04109159786349935,-0.7921956349697569,False,4.800000000000001,36,20,1.0,61
2STEP-VF,9,2,0.9098812477555179,-0.19447024927122192,0.04044099099942661,-0.772790238865388,False,4.800000000000001,36,20,1.0,62
2STEP-VF,9,2,0.9026154799720228,-0.1967574038553998,0.04402893947957367,-0.8825513652950767,False,4.800000000000001,36,20,1.0,63
2STEP-VF,9,2,0.9024518939721103,-0.19385144270666513,0.04831532812119338,-1.0266999237438657,False,4.800000000000001,36,20,1.0,64
2STEP-VF,9,2,0.917470536124048,-0.20114711880339492,0.03928353152207635,-0.7192716914108528,False,4.800000000000001,36,20,1.0,65
2STEP-VF,9,2,0.9226008876331756,-0.18760874801381833,0.033476680719009146,-0.5656367345171384,False,4.800000000000001,36,20,1.0,66
2STEP-VF,9,2,0.9227800622843351,-0.2049300719454232,0.04293180370623503,-0.8266187421934454,False,4.800000000000001,36,20,1.0,67
2STEP-VF,9,2,0.9131037818921115,-0.19310508925859804,0.04799554093588104,-1.017618868814032,False,4.800000000000001,36,20,1.0,68
2STEP-VF,9,2,0.9242889529935996,-0.19590039553715188,0.03342838246436351,-0.5440899523908521,False,4.800000000000001,36,20,1.0,69
2STEP-VF,9,2,0.8983832651419957,-0.19724582564546073,0.04348426396173401,-0.864203469317863,False,4.800000000000001,36,20,1.0,70
2STEP-VF,9,2,0.9115123223402265,-0.1889349185864237,0.0443074153784518,-0.9097027481626274,False,4.800000000000001,36,20,1.0,71
2STEP-VF,9,2,0.9208705703100519,-0.20343767509710653,0.028228606477109855,-0.3598127528158568,False,4.800000000000001,36,20,1.0,72
2STEP-VF,9,2,0.9263441474672611,-0.19883225474063024,0.03288923128105876,-0.5196773407683323,False,4.800000000000001,36,20,1.0,73
2STEP-VF,9,2,0.9117442596157279,-0.19560344871651134,0.045364150958305295,-0.9274998981691988,False,4.800000000000001,36,20,1.0,74
2STEP-VF,9,2,0.921122041804214,-0.20476631962425507,0.02968168088574664,-0.4031072987374278,False,4.800000000000001,36,20,1.0,75
2STEP-VF,9,2,0.9365593211600646,-0.19097743488218794,0.026297543473006457,-0.326981988149352,False,4.800000000000001,36,20,1.0,76
2STEP-VF,9,2,0.9183348614713897,-0.19703929833610756,0.03988163750834293,-0.7482179925720325,False,4.800000000000001,36,20,1.0,77
2STEP-VF,9,2,0.8978080592763357,-0.19215873549257098,0.04823616230668863,-1.0285077450752862,False,4.800000000000001,36,20,1.0,78
2STEP-VF,9,2,0.9384346009060738,-0.20748426210414417,0.02854867173716762,-0.3592891904850537,False,4.800000000000001,36,20,1.0,79
2STEP-VF,9,2,0.9161052043687963,-0.18818282176945572,0.0479472504231858,-1.0277069290331247,False,4.800000000000001,36,20,1.0,80
2STEP-VF,9,2,0.9156441107844225,-0.1948991474137995,0.04043338549885959,-0.771171735523323,False,4.800000000000001,36,20,1.0,81
2STEP-VF,9,2,0.9205435253873734,-0.2016002998310563,0.043076334892263306,-0.8393693854346486,False,4.800000000000001,36,20,1.0,82
2STEP-VF,9,2,0.9086834560113577,-0.19912504595326863,0.04149638670204143,-0.7954632568167997,False,4.800000000000001,36,20,1.0,83
2STEP-VF,9,2,0.9089701982016904,-0.1996159446389587,0.045307920653996664,-0.9162369819022912,False,4.800000000000001,36,20,1.0,84
2STEP-VF,9,2,0.9175096127500271,-0.20380352552917252,0.04615912281769733,-0.9329128921312991,False,4.800000000000001,36,20,1.0,85
2STEP-VF,9,2,0.9207943298644148,-0.20091750562303087,0.03809711776262874,-0.6816580951169808,False,4.800000000000001,36,20,1.0,86
2STEP-VF,9,2,0.919924530370209,-0.19181239403347758,0.03634601680779912,-0.6475273203470134,False,4.800000000000001,36,20,1.0,87
2STEP-VF,9,2,0.927449803477316,-0.19708547039225202,0.038612119461614414,-0.7069357056216177,False,4.800000000000001,36,20,1.0,88
2STEP-VF,9,2,0.928262325889968,-0.19850979643227584,0.03206145766636759,-0.4938473943329029,False,4.800000000000001,36,20,1.0,89
2STEP-VF,9,2,0.8997261203109739,-0.1956006051361105,0.047438711891214895,-0.9946137609735535,False,4.800000000000001,36,20,1.0,90
2STEP-VF,9,2,0.9203136279707036,-0.1974045809628554,0.042988458610379435,-0.8466408635430469,False,4.800000000000001,36,20,1.0,91
2STEP-VF,9,2,0.92263001947752,-0.20362685626620358,0.03399782000122758,-0.543867983831743,False,4.800000000000001,36,20,1.0,92
2STEP-VF,9,2,0.913737779353249,-0.193483202534105,0.032677179021314305,-0.5264857758390111,False,4.800000000000001,36,20,1.0,93
2STEP-VF,9,2,0.9235694404061078,-0.20017023800812184,0.03205864022059636,-0.49005374941522495,False,4.800000000000001,36,20,1.0,94
2STEP-VF,9,2,0.9265009196017745,-0.18849851491056852,0.03739740045331468,-0.6887303235445992,False,4.800000000000001,36,20,1.0,95
2STEP-VF,9,2,0.9151905741880056,-0.19945367324379848,0.0340635009930815,-0.5564317815422116,False,4.800000000000001,36,20,1.0,96
2STEP-VF,9,2,0.9159577248050865,-0.1941524261291547,0.028501128425570083,-0.39111282341996645,False,4.800000000000001,36,20,1.0,97
2STEP-VF,9,2,0.9287426080735981,-0.19969490796379444,0.03928330138541663,-0.7220733087358098,False,4.800000000000001,36,20,1.0,98
2STEP-VF,9,2,0.9067367740913505,-0.19112537311236746,0.04136803097048333,-0.810671889140304,False,4.800000000000001,36,20,1.0,99
2STEP-VF,9,2,2.302699213771581,-0.41049944488316453,0.062046484712300454,-0.8621268902477253,False,4.800000000000001,40,20,1.0,0
2STEP-VF,9,2,2.3078251745433245,-0.4074356110543949,0.060757260505258294,-0.8279173591651188,False,4.800000000000001,40,20,1.0,1
2STEP-VF,9,2,2.307263346475949,-0.40713331726260227,0.06214858523440777,-0.8731989652822467,False,4.800000000000001,40,20,1.0,2
2STEP-VF,9,2,2.303336235760822,-0.39573471128433496,0.06899502858952046,-1.119877433636602,False,4.800000000000001,40,20,1.0,3
2STEP-VF,9,2,2.309396719703114,-0.404656184128255,0.055059886990648135,-0.6521777386107421,False,4.800000000000001,40,20,1.0,4
2STEP-VF,9,2,2.3079044056059885,-0.3920042287956639,0.052681297541727234,-0.6065171078893195,False,4.800000000000001,40,20,1.0,5
2STEP-VF,9,2,2.3318525078282217,-0.4054718853981173,0.05101118176524791,-0.5193141410627589,False,4.800000000000001,40,20,1.0,6
2STEP-VF,9,2,2.306496034288237,-0.40061238544508887,0.06078067282264401,-0.8451220431991013,False,4.800000000000001,40,20,1.0,7
2STEP-VF,9,2,2.3063792388802544,-0.4003532395948046,0.04712710116697899,-0.4088367079829818,False,4.800000000000001,40,20,1.0,8
2STEP-VF,9,2,2.3032971955091988,-0.39395218402732857,0.0842063270078087,-1.6109193908537383,False,4.800000000000001,40,20,1.0,9
2STEP-VF,9,2,2.310783012716108,-0.39633781147896135,0.06149802631407559,-0.8780791137379456,False,4.800000000000001,40,20,1.0,10
2STEP-VF,9,2,2.328360042133259,-0.3831174442000074,0.05439733769494897,-0.6815313376303542,False,4.800000000000001,40,20,1.0,11
2STEP-VF,9,2,2.3062273385210768,-0.4060196371723213,0.06093237364681197,-0.8370151871731477,False,4.800000000000001,40,20,1.0,12
2STEP-VF,9,2,2.3276756176753506,-0.4201993395018872,0.062437850949923254,-0.8498722785324944,False,4.800000000000001,40,20,1.0,13
2STEP-VF,9,2,2.3129368533233396,-0.4093543855841889,0.07383676882197567,-1.241549865701768,False,4.800000000000001,40,20,1.0,14
2STEP-VF,9,2,2.3127184953324353,-0.40873049066946965,0.04756444049177931,-0.4023458084102651,False,4.800000000000001,40,20,1.0,15
2STEP-VF,9,2,2.3219782785417324,-0.40603365141904957,0.05130422461833403,-0.5279357276684666,False,4.800000000000001,40,20,1.0,16
2STEP-VF,9,2,2.325939366669012,-0.4150520506725666,0.05490285267236943,-0.6212100019015216,False,4.800000000000001,40,20,1.0,17
2STEP-VF,9,2,2.302016884491397,-0.3871612864472757,0.06306915065235935,-0.9509047203325542,False,4.800000000000001,40,20,1.0,18
2STEP-VF,9,2,2.279235058229884,-0.41502267126222675,0.07707716622009524,-1.3336608045199108,False,4.800000000000001,40,20,1.0,19
2STEP-VF,9,2,2.317008383833335,-0.40138844220435116,0.0624915319481465,-0.8973762580202458,False,4.800000000000001,40,20,1.0,20
2STEP-VF,9,2,2.3032889282871576,-0.3990084214689008,0.05131713549153743,-0.5463307885066069,False,4.800000000000001,40,20,1.0,21
2STEP-VF,9,2,2.3188547529669945,-0.40872647610341156,0.05659463882736136,-0.6909536146493567,False,4.800000000000001,40,20,1.0,22
2STEP-VF,9,2,2.321507346897171,-0.4093588700924779,0.05394945973958883,-0.6046309826310658,False,4.800000000000001,40,20,1.0,23
2STEP-VF,9,2,2.3048936164566256,-0.40162130556397474,0.06606077437773447,-1.0117600297465665,False,4.800000000000001,40,20,1.0,24
2STEP-VF,9,2,2.327058239794447,-0.40423382106399264,0.043068412707327676,-0.2684045416932368,False,4.800000000000001,40,20,1.0,25
2STEP-VF,9,2,2.295567595006165,-0.39699641721874035,0.06847837012196821,-1.1007823868776365,False,4.800000000000001,40,20,1.0,26
2STEP-VF,9,2,2.3280207548680814,-0.4135899511762945,0.0642529313740284,-0.9237966758537177,False,4.800000000000001,40,20,1.0,27
2STEP-VF,9,2,2.3193886763124554,-0.412385226007943,0.04875641344351156,-0.43131736719456004,False,4.800000000000001,40,20,1.0,28
2STEP-VF,9,2,2.30124698788459,-0.3962997188849865,0.06119283868115861,-0.8689766932000329,False,4.800000000000001,40,20,1.0,29
2STEP-VF,9,2,2.322608054754501,-0.40131851922768297,0.05351872709317827,-0.6100783375499961,False,4.800000000000001,40,20,1.0,30
2STEP-VF,9,2,2.322839763664814,-0.39283529336616096,0.052972609712880134,-0.6129484209134897,False,4.800000000000001,40,20,1.0,31
2STEP-VF,9,2,2.3023307688723826,-0.3989709227324907,0.05597204135620827,-0.6954352627083447,False,4.800000000000001,40,20,1.0,32
2STEP-VF,9,2,2.3187136504019144,-0.4140442886722084,0.055848614501474714,-0.6543265522097763,False,4.800000000000001,40,20,1.0,33
2STEP-VF,9,2,2.311007460107523,-0.4100341015403079,0.059132248885731375,-0.7694896730402143,False,4.800000000000001,40,20,1.0,34
2STEP-VF,9,2,2.3147416945444577,-0.4074182154808425,0.06369007951164327,-0.9213943255458956,False,4.800000000000001,40,20,1.0,35
2STEP-VF,9,2,2.315318554710446,-0.40273010821581473,0.0735033695930814,-1.2466364539780233,False,4.800000000000001,40,20,1.0,36
2STEP-VF,9,2,2.337714167860182,-0.4089907320205118,0.03464551488351626,0.01318413064831847,False,4.800000000000001,40,20,1.0,37
2STEP-VF,9,2,2.3170469065005266,-0.39769717640424845,0.054535131721029535,-0.6516281773127177,False,4.800000000000001,40,20,1.0,38
2STEP-VF,9,2,2.3079424376773288,-0.4214094874950594,0.05587633377215871,-0.638183364460297,False,4.800000000000001,40,20,1.0,39
2STEP-VF,9,2,2.3249026514404525,-0.41626733723681963,0.05040916292111299,-0.4745574450208221,False,4.800000000000001,40,20,1.0,40
2STEP-VF,9,2,2.3051435924019557,-0.40481491914234546,0.05869464942794732,-0.7683643602085684,False,4.800000000000001,40,20,1.0,41
2STEP-VF,9,2,2.3225036612217353,-0.40885394676385634,0.06051246897681834,-0.8157993153516281,False,4.800000000000001,40,20,1.0,42
2STEP-VF,9,2,2.3141829834180583,-0.3898266343035526,0.050746281294710455,-0.5494461000971254,False,4.800000000000001,40,20,1.0,43
2STEP-VF,9,2,2.307573941271868,-0.42842290397811583,0.08721295603320824,-1.624145187038874,False,4.800000000000001,40,20,1.0,44
2STEP-VF,9,2,2.313427581759775,-0.40044911149119794,0.07116136408910687,-1.1772801283669585,False,4.800000000000001,40,20,1.0,45
2STEP-VF,9,2,2.2931232955335243,-0.3944864620248073,0.05693978548797119,-0.7377182290235296,False,4.800000000000001,40,20,1.0,46
2STEP-VF,9,2,2.2887985690724175,-0.4051941583806205,0.08308880955236599,-1.5490480114178777,False,4.800000000000001,40,20,1.0,47
2STEP-VF,9,2,2.323151584665004,-0.4113402846024834,0.061669133325586385,-0.8468064882929045,False,4.800000000000001,40,20,1.0,48
2STEP-VF,9,2,2.315381474218832,-0.4158571343559777,0.05090183172503712,-0.491878604293712,False,4.800000000000001,40,20,1.0,49
2STEP-VF,9,2,2.310611808376025,-0.40144763942070266,0.06307123781508803,-0.9161685669705695,False,4.800000000000001,40,20,1.0,50
2STEP-VF,9,2,2.325592133924324,-0.4047515791715577,0.05991132351043214,-0.8062230342866312,False,4.800000000000001,40,20,1.0,51
2STEP-VF,9,2,2.3023798326558387,-0.4254826688298324,0.062126868727560555,-0.8287586041309902,False,4.800000000000001,40,20,1.0,52
2STEP-VF,9,2,2.3136955103411316,-0.4127235811202888,0.06424306959391643,-0.9264199016961652,False,4.800000000000001,40,20,1.0,53
2STEP-VF,9,2,2.3145632534034735,-0.40463925786573535,0.04374000017672967,-0.28967199157337653,False,4.800000000000001,40,20,1.0,54
2STEP-VF,9,2,2.3136478059704193,-0.40072229981715696,0.06964622983774234,-1.1281269668883533,False,4.800000000000001,40,20,1.0,55
2STEP-VF,9,2,2.3030743233126953,-0.40853019357114506,0.057201943511846765,-0.711805268409587,False,4.800000000000001,40,20,1.0,56
2STEP-VF,9,2,2.3243913790169097,-0.4046138221897184,0.06314287112242321,-0.9100352199212045,False,4.800000000000001,40,20,1.0,57
2STEP-VF,9,2,2.319561381445651,-0.3949760744338562,0.05390622437390546,-0.6378829184369812,False,4.800000000000001,40,20,1.0,58
2STEP-VF,9,2,2.318112113249577,-0.3971617171594127,0.0602304615590414,-0.8350999219117603,False,4.800000000000001,40,20,1.0,59
2STEP-VF,9,2,2.3068890200980743,-0.3972348122510743,0.04967607721001619,-0.4978575801120557,False,4.800000000000001,40,20,1.0,60
2STEP-VF,9,2,2.325302258785044,-0.40190807425712005,0.058067499011149985,-0.7540624546126093,False,4.800000000000001,40,20,1.0,61
2STEP-VF,9,2,2.337026645189744,-0.41050689057699913,0.058269233151444166,-0.7391773247500313,False,4.800000000000001,40,20,1.0,62
2STEP-VF,9,2,2.3178975006264713,-0.4108816649581921,0.05371694478218588,-0.5937523870926993,False,4.800000000000001,40,20,1.0,63
2STEP-VF,9,2,2.3124827497701532,-0.41073609600293426,0.04311692811388805,-0.25522610425116654,False,4.800000000000001,40,20,1.0,64
2STEP-VF,9,2,2.305209952214533,-0.4087752194233373,0.07201282483063018,-1.1850372708312849,False,4.800000000000001,40,20,1.0,65
2STEP-VF,9,2,2.301921678655895,-0.40425057897356487,0.0702805349761151,-1.1406604289797742,False,4.800000000000001,40,20,1.0,66
2STEP-VF,9,2,2.3108936966331397,-0.40718536941991246,0.05298307913987152,-0.5795600240701109,False,4.800000000000001,40,20,1.0,67
2STEP-VF,9,2,2.323976596681287,-0.4192197638447499,0.05456457456171875,-0.6005003569467235,False,4.800000000000001,40,20,1.0,68
2STEP-VF,9,2,2.319096964255426,-0.38697642193625514,0.057709892443005464,-0.7788273276738373,False,4.800000000000001,40,20,1.0,69
2STEP-VF,9,2,2.312991072428819,-0.39976684649682726,0.06700370206626263,-1.0458985701822903,False,4.800000000000001,40,20,1.0,70
2STEP-VF,9,2,2.3137751274522644,-0.39428981243703193,0.0728381764450332,-1.2456995887450504,False,4.800000000000001,40,20,1.0,71
2STEP-VF,9,2,2.3245210873445488,-0.39204341915527047,0.056661681693410494,-0.7327983429758143,False,4.800000000000001,40,20,1.0,72
2STEP-VF,9,2,2.3202090067658516,-0.3906422382234254,0.04792441488699169,-0.45682736424156234,False,4.800000000000001,40,20,1.0,73
2STEP-VF,9,2,2.3236268413408037,-0.4064926825461222,0.05974675158817701,-0.7968960022305231,False,4.800000000000001,40,20,1.0,74
2STEP-VF,9,2,2.2922844676425687,-0.4003097950592387,0.05110586698863594,-0.5371071674356236,False,4.800000000000001,40,20,1.0,75
2STEP-VF,9,2,2.312653168052037,-0.37702556943539994,0.06133805305120836,-0.9191971409105859,False,4.800000000000001,40,20,1.0,76
2STEP-VF,9,2,2.339769263999302,-0.40983375623327106,0.042541897054452556,-0.23735353494267342,False,4.800000000000001,40,20,1.0,77
2STEP-VF,9,2,2.3094182949999755,-0.3938598697229494,0.049368780074562975,-0.4959721773509387,False,4.800000000000001,40,20,1.0,78
2STEP-VF,9,2,2.292475171868546,-0.4051055182754641,0.0729366753422183,-1.2241718567777595,False,4.800000000000001,40,20,1.0,79
2STEP-VF,9,2,2.322236151538803,-0.4098776776965924,0.06114571728854595,-0.8336223576693211,False,4.800000000000001,40,20,1.0,80
2STEP-VF,9,2,2.3093836861222448,-0.4121362852646855,0.06270728927697239,-0.878943151060537,False,4.800000000000001,40,20,1.0,81
2STEP-VF,9,2,2.330966859342107,-0.4170899495405146,0.0686447080270548,-1.0557567664079928,False,4.800000000000001,40,20,1.0,82
2STEP-VF,9,2,2.303896609604768,-0.40997703538271446,0.04729496491842633,-0.3912601958948423,False,4.800000000000001,40,20,1.0,83
2STEP-VF,9,2,2.3228609555194355,-0.40629027862763445,0.063620604646427,-0.9213910226481759,False,4.800000000000001,40,20,1.0,84
2STEP-VF,9,2,2.2965665453006237,-0.4052250617020133,0.0615803025253088,-0.8602355400070127,False,4.800000000000001,40,20,1.0,85
2STEP-VF,9,2,2.3231883265097624,-0.4145547960243026,0.05448099649292707,-0.6090690777247547,False,4.800000000000001,40,20,1.0,86
2STEP-VF,9,2,2.330790303764585,-0.4126570560730738,0.06278767372574577,-0.878981206422613,False,4.800000000000001,40,20,1.0,87
2STEP-VF,9,2,2.3151105922146256,-0.4164881330391427,0.06693201038790945,-1.003346177586283,False,4.800000000000001,40,20,1.0,88
2STEP-VF,9,2,2.3187790784791615,-0.4016054964836797,0.06182163147497192,-0.8753122709295209,False,4.800000000000001,40,20,1.0,89
2STEP-VF,9,2,2.3196334724581753,-0.4079584301704052,0.03805317435845995,-0.0994233387142558,False,4.800000000000001,40,20,1.0,90
2STEP-VF,9,2,2.3110000870210525,-0.4082578270690488,0.054547075924890776,-0.6270276394095251,False,4.800000000000001,40,20,1.0,91
2STEP-VF,9,2,2.3109286225502697,-0.4054570039696246,0.06355860299643311,-0.9221227690057447,False,4.800000000000001,40,20,1.0,92
2STEP-VF,9,2,2.322771000001246,-0.3969436129092893,0.04325906649515033,-0.29225919686244173,False,4.800000000000001,40,20,1.0,93
2STEP-VF,9,2,2.3130658114840053,-0.4011000522288155,0.07302090210196509,-1.2352447932246857,False,4.800000000000001,40,20,1.0,94
2STEP-VF,9,2,2.31005638621784,-0.4013194502689057,0.054999613910014865,-0.6582175813020321,False,4.800000000000001,40,20,1.0,95
2STEP-VF,9,2,2.31013279482797,-0.4031997876047219,0.03837614205448953,-0.12174908780265437,False,4.800000000000001,40,20,1.0,96
2STEP-VF,9,2,2.330397182485295,-0.41506028799932604,0.06057951713517958,-0.8025760261782469,False,4.800000000000001,40,20,1.0,97
2STEP-VF,9,2,2.3190226637059532,-0.3967211015963787,0.06817759090747239,-1.0904109053854507,False,4.800000000000001,40,20,1.0,98
2STEP-VF,9,2,2.2957533177681437,-0.4056226609945998,0.07211817279164102,-1.1965419438793852,False,4.800000000000001,40,20,1.0,99
2STEP-VF,9,2,4.628187207178884,-0.6678537648901692,0.07027308851183561,-0.368198564211601,False,4.800000000000001,44,20,1.0,0
2STEP-VF,9,2,4.648130270080988,-0.6822272053590424,0.09023310974276087,-0.9712264027017876,False,4.800000000000001,44,20,1.0,1
2STEP-VF,9,2,4.659487221616347,-0.6559649058582124,0.0812233267111584,-0.7452614474003785,False,4.800000000000001,44,20,1.0,2
2STEP-VF,9,2,4.641836311739804,-0.6819578701527285,0.10271999089070845,-1.3718306414317347,False,4.800000000000001,44,20,1.0,3
2STEP-VF,9,2,4.64927877028038,-0.6589327512166725,0.08206412489305887,-0.7656566674410472,False,4.800000000000001,44,20,1.0,4
2STEP-VF,9,2,4.658951904580549,-0.6704529824143827,0.0759194077473721,-0.5407967758465566,False,4.800000000000001,44,20,1.0,5
2STEP-VF,9,2,4.635621469133078,-0.6574772433293994,0.07670658472551894,-0.5985280390780636,False,4.800000000000001,44,20,1.0,6
2STEP-VF,9,2,4.656971274183361,-0.6686257572294915,0.07489817171548396,-0.5126214010937062,False,4.800000000000001,44,20,1.0,7
2STEP-VF,9,2,4.651111904095414,-0.6596410352380437,0.1005267974562783,-1.3546523197838765,False,4.800000000000001,44,20,1.0,8
2STEP-VF,9,2,4.6518828090917275,-0.6669991854696036,0.06426715508652393,-0.17663794909621422,False,4.800000000000001,44,20,1.0,9
2STEP-VF,9,2,4.654264425229628,-0.6561907115712725,0.08836074065890963,-0.973430127800277,False,4.800000000000001,44,20,1.0,10
2STEP-VF,9,2,4.630874958469364,-0.6570855592409263,0.08661353225055918,-0.9167751923315093,False,4.800000000000001,44,20,1.0,11
2STEP-VF,9,2,4.648497525834073,-0.6648515025447619,0.07878063639033073,-0.646426906833111,False,4.800000000000001,44,20,1.0,12
2STEP-VF,9,2,4.615300082409732,-0.6558948150382907,0.10686938844990115,-1.5687548693603564,False,4.800000000000001,44,20,1.0,13
2STEP-VF,9,2,4.66768586983899,-0.6464590295503764,0.0840550151183013,-0.8581976606743993,False,4.800000000000001,44,20,1.0,14
2STEP-VF,9,2,4.64875966693695,-0.6644878793210288,0.09750315982872548,-1.2464046241325304,False,4.800000000000001,44,20,1.0,15
2STEP-VF,9,2,4.671031474568646,-0.6661270331590249,0.06666078126476689,-0.2541782324167625,False,4.800000000000001,44,20,1.0,16
2STEP-VF,9,2,4.661238969343565,-0.6666385860644407,0.08375881452591613,-0.800675120114045,False,4.800000000000001,44,20,1.0,17
2STEP-VF,9,2,4.659314388347041,-0.6696515268420464,0.09459466491003876,-1.1403067493995076,False,4.800000000000001,44,20,1.0,18
2STEP-VF,9,2,4.662351582975508,-0.653133935736739,0.061246110265047005,-0.11261298773480077,False,4.800000000000001,44,20,1.0,19
2STEP-VF,9,2,4.663091711784041,-0.6858628155994803,0.06747294138296321,-0.2332778641090283,False,4.800000000000001,44,20,1.0,20
2STEP-VF,9,2,4.661278792337812,-0.6658530553872808,0.09594166668911519,-1.1924092735819445,False,4.800000000000001,44,20,1.0,21
2STEP-VF,9,2,4.65929085671221,-0.6661159898370143,0.08360478429611691,-0.7971172704641749,False,4.800000000000001,44,20,1.0,22
2STEP-VF,9,2,4.645984440327582,-0.6659083365637791,0.0838287865856755,-0.8055820965688916,False,4.800000000000001,44,20,1.0,23
2STEP-VF,9,2,4.657905668272279,-0.6765255382357069,0.06140499183807529,-0.06182410695637652,False,4.800000000000001,44,20,1.0,24
2STEP-VF,9,2,4.635267373502725,-0.6665315943519634,0.08152673853227659,-0.7310637641779754,False,4.800000000000001,44,20,1.0,25
2STEP-VF,9,2,4.634106564605452,-0.6741520700348813,0.10191061139749216,-1.3651282027597078,False,4.800000000000001,44,20,1.0,26
2STEP-VF,9,2,4.664379086506936,-0.6768417634404397,0.05894485737384632,0.018047541484388585,False,4.800000000000001,44,20,1.0,27
2STEP-VF,9,2,4.6834268499565,-0.675152405994172,0.0651314575370369,-0.1828352558017785,False,4.800000000000001,44,20,1.0,28
2STEP-VF,9,2,4.6729589415677335,-0.6681618637886418,0.059299832992644866,-0.013628646177831882,False,4.800000000000001,44,20,1.0,29
2STEP-VF,9,2,4.6344400520139795,-0.6527375146250398,0.09007013358972304,-1.0376078366502037,False,4.800000000000001,44,20,1.0,30
2STEP-VF,9,2,4.6411593849932,-0.6467561214314285,0.08950967655933453,-1.0336253953636854,False,4.800000000000001,44,20,1.0,31
2STEP-VF,9,2,4.672603693359605,-0.6566249316195979,0.0743575465660761,-0.5231854326258245,False,4.800000000000001,44,20,1.0,32
2STEP-VF,9,2,4.635877336152887,-0.6804062314992638,0.08639105640493147,-0.8533862091904012,False,4.800000000000001,44,20,1.0,33
2STEP-VF,9,2,4.621543700266844,-0.6590613635475391,0.08470018328880331,-0.8513659707116021,False,4.800000000000001,44,20,1.0,34
2STEP-VF,9,2,4.662527319309932,-0.6766385007395254,0.05124413916397472,0.2638715876862654,False,4.800000000000001,44,20,1.0,35
2STEP-VF,9,2,4.636005869182363,-0.6662543217666294,0.07837848443513529,-0.6309407775334774,False,4.800000000000001,44,20,1.0,36
2STEP-VF,9,2,4.632562411024167,-0.6859341457374921,0.09001870813745945,-0.9564029659672719,False,4.800000000000001,44,20,1.0,37
2STEP-VF,9,2,4.673571571417548,-0.6522546075940635,0.06848120745073986,-0.34557328591287084,False,4.800000000000001,44,20,1.0,38
2STEP-VF,9,2,4.650381845102311,-0.6602906762721125,0.07727353658153284,-0.6090326368498429,False,4.800000000000001,44,20,1.0,39
2STEP-VF,9,2,4.66251090935469,-0.6524165229315383,0.09029714308175836,-1.0439582690192948,False,4.800000000000001,44,20,1.0,40
2STEP-VF,9,2,4.648851337434928,-0.6504970895417647,0.054534277402324166,0.09502721827195693,False,4.800000000000001,44,20,1.0,41
2STEP-VF,9,2,4.650325804367696,-0.654972059448485,0.09867970762752927,-1.306798153142512,False,4.800000000000001,44,20,1.0,42
2STEP-VF,9,2,4.6380633302068395,-0.6587912810453393,0.07874771805702836,-0.6605441035036832,False,4.800000000000001,44,20,1.0,43
2STEP-VF,9,2,4.656613445894969,-0.6554029613083856,0.07491777153562598,-0.5450047752462082,False,4.800000000000001,44,20,1.0,44
2STEP-VF,9,2,4.644804826628827,-0.666819769664041,0.09640316432710808,-1.2058455216760313,False,4.800000000000001,44,20,1.0,45
2STEP-VF,9,2,4.689646672818237,-0.6733773832492316,0.05574175267598361,0.11374843453577399,False,4.800000000000001,44,20,1.0,46
2STEP-VF,9,2,4.653238404800535,-0.6608677869907539,0.06913165688535094,-0.3469360272653894,False,4.800000000000001,44,20,1.0,47
2STEP-VF,9,2,4.638843754087842,-0.6670942944738846,0.08560822294086744,-0.8601062021251651,False,4.800000000000001,44,20,1.0,48
2STEP-VF,9,2,4.649710725607175,-0.6814671113449611,0.0968863729392527,-1.1858602232917503,False,4.800000000000001,44,20,1.0,49
2STEP-VF,9,2,4.6531584134333555,-0.6688139421222281,0.08281072456264392,-0.7656002201052572,False,4.800000000000001,44,20,1.0,50
2STEP-VF,9,2,4.653329097722018,-0.6549471733938897,0.07563135261556747,-0.5691303216895032,False,4.800000000000001,44,20,1.0,51
2STEP-VF,9,2,4.669021093193484,-0.663157398058868,0.057156274010427846,0.04271825259920048,False,4.800000000000001,44,20,1.0,52
2STEP-VF,9,2,4.647731212016881,-0.6655327341246972,0.07681027184102993,-0.5817862642926721,False,4.800000000000001,44,20,1.0,53
2STEP-VF,9,2,4.639685388118282,-0.6631124635848442,0.07888412096493312,-0.6544408349871373,False,4.800000000000001,44,20,1.0,54
2STEP-VF,9,2,4.6711594511135734,-0.6652716017523455,0.058772940427344635,-0.0038126824025852546,False,4.800000000000001,44,20,1.0,55
2STEP-VF,9,2,4.662635608241317,-0.6421478884258515,0.07168278240697527,-0.4729359683066867,False,4.800000000000001,44,20,1.0,56
2STEP-VF,9,2,4.657637671188218,-0.6670014339813689,0.05845565719308086,0.00968067164799069,False,4.800000000000001,44,20,1.0,57
2STEP-VF,9,2,4.648853024642131,-0.6610016048748947,0.08089053543168412,-0.7231621006356173,False,4.800000000000001,44,20,1.0,58
2STEP-VF,9,2,4.6653037199452765,-0.6559879508241049,0.06542506253054813,-0.23931269580297232,False,4.800000000000001,44,20,1.0,59
2STEP-VF,9,2,4.65888963015176,-0.6692089664738461,0.08140324604061575,-0.7192689759533681,False,4.800000000000001,44,20,1.0,60
2STEP-VF,9,2,4.671728630373698,-0.6457220680260263,0.06658952693047217,-0.3008281806902249,False,4.800000000000001,44,20,1.0,61
2STEP-VF,9,2,4.640983885627151,-0.6737777505159686,0.07714571047454123,-0.5731371008093662,False,4.800000000000001,44,20,1.0,62
2STEP-VF,9,2,4.656088637747656,-0.6569299229161186,0.06204800393195389,-0.12953899255898094,False,4.800000000000001,44,20,1.0,63
2STEP-VF,9,2,4.664598310873109,-0.6705731220523253,0.07142163997997751,-0.3962410877813134,False,4.800000000000001,44,20,1.0,64
2STEP-VF,9,2,4.657847638329024,-0.6525172522825992,0.059182686484039716,-0.048333703711292086,False,4.800000000000001,44,20,1.0,65
2STEP-VF,9,2,4.645130589075187,-0.6589694437182981,0.08536031621752252,-0.8712956186922944,False,4.800000000000001,44,20,1.0,66
2STEP-VF,9,2,4.66496964437857,-0.6717646097110956,0.06716774137008918,-0.2572344818735106,False,4.800000000000001,44,20,1.0,67
2STEP-VF,9,2,4.654219431054047,-0.6675618185963351,0.07394084556346342,-0.48470552753638274,False,4.800000000000001,44,20,1.0,68
2STEP-VF,9,2,4.658955175132232,-0.6744570898449773,0.07868809455786253,-0.6197846997157221,False,4.800000000000001,44,20,1.0,69
2STEP-VF,9,2,4.672682212516805,-0.6567138297186117,0.06808397021716171,-0.3222129228734989,False,4.800000000000001,44,20,1.0,70
2STEP-VF,9,2,4.641610479252733,-0.6612428936087505,0.08492289553421817,-0.8520530836788165,False,4.800000000000001,44,20,1.0,71
2STEP-VF,9,2,4.65048796998588,-0.6666677407366248,0.08174178207312838,-0.7367051703730563,False,4.800000000000001,44,20,1.0,72
2STEP-VF,9,2,4.659302571809256,-0.6711610224279613,0.07675698974921089,-0.5658790638390863,False,4.800000000000001,44,20,1.0,73
2STEP-VF,9,2,4.626613007713389,-0.671454579004839,0.09883766409181038,-1.2737174808635165,False,4.800000000000001,44,20,1.0,74
2STEP-VF,9,2,4.630147433683635,-0.6568889547709368,0.08821015219414209,-0.9683825327412809,False,4.800000000000001,44,20,1.0,75
2STEP-VF,9,2,4.647253095642987,-0.6617508708928677,0.07445717593048835,-0.5155923538941662,False,4.800000000000001,44,20,1.0,76
2STEP-VF,9,2,4.662756201675358,-0.6601328359845218,0.06072147966661236,-0.07900317086822217,False,4.800000000000001,44,20,1.0,77
2STEP-VF,9,2,4.666493245375759,-0.6640667159266129,0.061817776727012136,-0.10441914231797234,False,4.800000000000001,44,20,1.0,78
2STEP-VF,9,2,4.656528162211963,-0.6696044271438032,0.08075014881997027,-0.6975624473612037,False,4.800000000000001,44,20,1.0,79
2STEP-VF,9,2,4.641859532209752,-0.6794218087238263,0.08089127320703424,-0.6793968297553277,False,4.800000000000001,44,20,1.0,80
2STEP-VF,9,2,4.678908579135395,-0.6804354528276192,0.046712707559313955,0.41897295963636294,False,4.800000000000001,44,20,1.0,81
2STEP-VF,9,2,4.654068811081262,-0.656246474093636,0.0760019879171604,-0.5778279468595311,False,4.800000000000001,44,20,1.0,82
2STEP-VF,9,2,4.662704051699085,-0.6938691090911433,0.05243625932503061,0.26708780651970887,False,4.800000000000001,44,20,1.0,83
2STEP-VF,9,2,4.661867169401568,-0.6506746084398995,0.0827383643029629,-0.8062965672749602,False,4.800000000000001,44,20,1.0,84
2STEP-VF,9,2,4.659365662190662,-0.6807106465710852,0.09102533568490978,-0.9995432504150694,False,4.800000000000001,44,20,1.0,85
2STEP-VF,9,2,4.6511355420689195,-0.646608907938031,0.08339917626209889,-0.8378441288117553,False,4.800000000000001,44,20,1.0,86
2STEP-VF,9,2,4.655136918229724,-0.6666847375978217,0.07875608050692816,-0.6408429908931463,False,4.800000000000001,44,20,1.0,87
2STEP-VF,9,2,4.635058358346639,-0.6649448218307494,0.0690994016292437,-0.337209778241202,False,4.800000000000001,44,20,1.0,88
2STEP-VF,9,2,4.663008534764262,-0.6474520346263727,0.08815646936196138,-0.9873416243936146,False,4.800000000000001,44,20,1.0,89
2STEP-VF,9,2,4.676443587556739,-0.6497140516536852,0.0693123203330831,-0.3780939114364106,False,4.800000000000001,44,20,1.0,90
2STEP-VF,9,2,4.631992338433434,-0.6647192124803039,0.08454873611877974,-0.8323139055422168,False,4.800000000000001,44,20,1.0,91
2STEP-VF,9,2,4.673847689705603,-0.6761008064585812,0.0565172243007175,0.09452161925997071,False,4.800000000000001,44,20,1.0,92
2STEP-VF,9,2,4.637899899123644,-0.6736104502974717,0.07125703319643278,-0.38528598762449895,False,4.800000000000001,44,20,1.0,93
2STEP-VF,9,2,4.6487743498630705,-0.663404670125153,0.08759612832529716,-0.9319784371173583,False,4.800000000000001,44,20,1.0,94
2STEP-VF,9,2,4.664771020742956,-0.6676278604099161,0.0741882773883253,-0.49183175019803405,False,4.800000000000001,44,20,1.0,95
2STEP-VF,9,2,4.64022276837687,-0.6763617030475492,0.0736464249275435,-0.4550041442646624,False,4.800000000000001,44,20,1.0,96
2STEP-VF,9,2,4.653418503087674,-0.6822362980179841,0.07229249273783003,-0.3967875421821392,False,4.800000000000001,44,20,1.0,97
2STEP-VF,9,2,4.649822691486495,-0.6601951188827969,0.08226756424466773,-0.7691044090214656,False,4.800000000000001,44,20,1.0,98
2STEP-VF,9,2,4.67091058772623,-0.6603048744290008,0.08198839651364269,-0.7586423545433909,False,4.800000000000001,44,20,1.0,99
2STEP-VF,9,2,3.4374964264281056,-0.28653861148098114,0.03041234243003072,-2.998837377903892,False,9.600000000000001,36,40,1.0,0
2STEP-VF,9,2,3.4532770343143766,-0.30462911870008824,0.02243083947471552,-1.9328409458245128,False,9.600000000000001,36,40,1.0,1
2STEP-VF,9,2,3.4313277205454074,-0.29174057188638425,0.026535598555408667,-2.4904995793322637,False,9.600000000000001,36,40,1.0,2
2STEP-VF,9,2,3.4474983304199966,-0.2881721393533626,0.02445330870006303,-2.2315604793347985,False,9.600000000000001,36,40,1.0,3
2STEP-VF,9,2,3.4386684573116444,-0.2844106572938421,0.019995970521095408,-1.670578541756293,False,9.600000000000001,36,40,1.0,4
2STEP-VF,9,2,3.419975699529928,-0.2877176174385889,0.024710237423776597,-2.2671895664189963,False,9.600000000000001,36,40,1.0,5
2STEP-VF,9,2,3.4189672086954648,-0.28612066781578965,0.022166811558699446,-1.9455242442339065,False,9.600000000000001,36,40,1.0,6
2STEP-VF,9,2,3.421678842999973,-0.291026179048461,0.023020794439349245,-2.042898127940399,False,9.600000000000001,36,40,1.0,7
2STEP-VF,9,2,3.4358152191036346,-0.28792737611810193,0.018990299909700786,-1.5335837726120383,False,9.600000000000001,36,40,1.0,8
2STEP-VF,9,2,3.413963179482104,-0.2865524117809284,0.02678122063400189,-2.5354326621090886,False,9.600000000000001,36,40,1.0,9
2STEP-VF,9,2,3.421897136672992,-0.27763575294549914,0.03178655449717947,-3.197039340369396,False,9.600000000000001,36,40,1.0,10
2STEP-VF,9,2,3.455155504558471,-0.2795945329060033,0.01783675099169878,-1.4047679176895282,False,9.600000000000001,36,40,1.0,11
2STEP-VF,9,2,3.4508515529762867,-0.2818590365486701,0.01915548568989527,-1.5683893874112096,False,9.600000000000001,36,40,1.0,12
2STEP-VF,9,2,3.422922253563959,-0.2850985374952149,0.0237779325963948,-2.1539635471361818,False,9.600000000000001,36,40,1.0,13
2STEP-VF,9,2,3.4293274848710387,-0.2835968420225674,0.02303519887517016,-2.0621133860753567,False,9.600000000000001,36,40,1.0,14
2STEP-VF,9,2,3.393406738853647,-0.29511382980657275,0.027808873677174977,-2.647658234811405,False,9.600000000000001,36,40,1.0,15
2STEP-VF,9,2,3.445872628998152,-0.2894762573827468,0.031356363485067616,-3.1121191506301744,False,9.600000000000001,36,40,1.0,16
2STEP-VF,9,2,3.43627218446046,-0.29129088045219925,0.026426763618645255,-2.477351299033688,False,9.600000000000001,36,40,1.0,17
2STEP-VF,9,2,3.4455962408936127,-0.2932783366207235,0.02680946272596522,-2.521007446580196,False,9.600000000000001,36,40,1.0,18
2STEP-VF,9,2,3.464392888363177,-0.28974619116971084,0.017039873756709057,-1.2778494087496632,False,9.600000000000001,36,40,1.0,19
2STEP-VF,9,2,3.452661177296926,-0.29184618291813574,0.023577032841798656,-2.1102696941088874,False,9.600000000000001,36,40,1.0,20
2STEP-VF,9,2,3.428083420902364,-0.28449486837241816,0.024698566495110024,-2.2729438220261384,False,9.600000000000001,36,40,1.0,21
2STEP-VF,9,2,3.434699469850593,-0.26614481674533286,0.01595650592238467,-1.197603229685404,False,9.600000000000001,36,40,1.0,22
2STEP-VF,9,2,3.422497574814468,-0.2818441390702036,0.026604471391409746,-2.5235965498430915,False,9.600000000000001,36,40,1.0,23
2STEP-VF,9,2,3.4369816728239426,-0.2806861971639743,0.02286044065875875,-2.046270630758146,False,9.600000000000001,36,40,1.0,24
2STEP-VF,9,2,3.409618131717594,-0.28265221460655854,0.023489664056529587,-2.123734596276992,False,9.600000000000001,36,40,1.0,25
2STEP-VF,9,2,3.4714600168905907,-0.2857369852595814,0.017723859070009035,-1.374597595324726,False,9.600000000000001,36,40,1.0,26
2STEP-VF,9,2,3.4049125694261115,-0.28741408974449856,0.023334140985198294,-2.092681476553019,False,9.600000000000001,36,40,1.0,27
2STEP-VF,9,2,3.4482975159914675,-0.2838253257520815,0.02277776027773135,-2.0274746827851295,False,9.600000000000001,36,40,1.0,28
2STEP-VF,9,2,3.425478318917938,-0.2955804210236146,0.020339585767854936,-1.688545268693681,False,9.600000000000001,36,40,1.0,29
2STEP-VF,9,2,3.4448782397934563,-0.2914253598650883,0.02810087148787133,-2.690797992383712,False,9.600000000000001,36,40,1.0,30
2STEP-VF,9,2,3.4496940604047714,-0.2816023283622003,0.02148585821995376,-1.867362620460515,False,9.600000000000001,36,40,1.0,31
2STEP-VF,9,2,3.4196503459735355,-0.29047138857110055,0.027263287924941624,-2.5873905010634752,False,9.600000000000001,36,40,1.0,32
2STEP-VF,9,2,3.4157810876547066,-0.28930640333030155,0.022167404756748214,-1.9381455756117658,False,9.600000000000001,36,40,1.0,33
2STEP-VF,9,2,3.440055670253212,-0.2789589291278378,0.023202411108559803,-2.094003851773652,False,9.600000000000001,36,40,1.0,34
2STEP-VF,9,2,3.460333469528198,-0.29538587416413997,0.023787131449825083,-2.128206719411984,False,9.600000000000001,36,40,1.0,35
2STEP-VF,9,2,3.4269571487757866,-0.28806164245568666,0.02478029638932188,-2.2749125670130064,False,9.600000000000001,36,40,1.0,36
2STEP-VF,9,2,3.4469538907004384,-0.28693225186773696,0.022514822990172226,-1.9864427048174504,False,9.600000000000001,36,40,1.0,37
2STEP-VF,9,2,3.436576703584902,-0.29198456487898206,0.02567687697373067,-2.3796826947128755,False,9.600000000000001,36,40,1.0,38
2STEP-VF,9,2,3.440291904737317,-0.28644103111115804,0.02192793643647274,-1.9128998749174928,False,9.600000000000001,36,40,1.0,39
2STEP-VF,9,2,3.4395974665244458,-0.28732361413337665,0.01955014755050599,-1.6064663645531962,False,9.600000000000001,36,40,1.0,40
2STEP-VF,9,2,3.4550202297013497,-0.3033125450873905,0.022557356396863303,-1.952090296806685,False,9.600000000000001,36,40,1.0,41
2STEP-VF,9,2,3.4472038488431784,-0.2899509050921682,0.021706622731906204,-1.8757333065322004,False,9.600000000000001,36,40,1.0,42
2STEP-VF,9,2,3.4302963274713445,-0.29058871410445514,0.02407355447077036,-2.178184278759634,False,9.600000000000001,36,40,1.0,43
2STEP-VF,9,2,3.4325182685519917,-0.29793648170658793,0.024556987494678155,-2.2222957471098743,False,9.600000000000001,36,40,1.0,44
2STEP-VF,9,2,3.438821438996991,-0.29257454920839904,0.025558551465050844,-2.3629863830865316,False,9.600000000000001,36,40,1.0,45
2STEP-VF,9,2,3.4341026097019505,-0.28029019699331326,0.022919830420388445,-2.0549956644436524,False,9.600000000000001,36,40,1.0,46
2STEP-VF,9,2,3.4474397599882125,-0.2825331910954043,0.027896808110432096,-2.6858653939070463,False,9.600000000000001,36,40,1.0,47
2STEP-VF,9,2,3.449041459814488,-0.2940040536485909,0.0198533115355002,-1.628671660198539,False,9.600000000000001,36,40,1.0,48
2STEP-VF,9,2,3.4292331257505615,-0.282855674011835,0.01936571559448916,-1.5942039909211756,False,9.600000000000001,36,40,1.0,49
2STEP-VF,9,2,3.438464765772843,-0.3033843769691591,0.024332592943122,-2.1801415060472644,False,9.600000000000001,36,40,1.0,50
2STEP-VF,9,2,3.4471333959998236,-0.28683823665045854,0.0239396486727399,-2.169035258389618,False,9.600000000000001,36,40,1.0,51
2STEP-VF,9,2,3.464128161150159,-0.2927305379965808,0.018416865920190335,-1.44695785692356,False,9.600000000000001,36,40,1.0,52
2STEP-VF,9,2,3.406831457994789,-0.28414000859425376,0.02478038682523226,-2.285543605523834,False,9.600000000000001,36,40,1.0,53
2STEP-VF,9,2,3.4333023176277124,-0.29049103167848334,0.02474831813451456,-2.264608106131842,False,9.600000000000001,36,40,1.0,54
2STEP-VF,9,2,3.4309059808945177,-0.28842313841057,0.024314246812458966,-2.2141537009557095,False,9.600000000000001,36,40,1.0,55
2STEP-VF,9,2,3.4485319684384748,-0.28613604540606585,0.022982472996005227,-2.048118116407803,False,9.600000000000001,36,40,1.0,56
2STEP-VF,9,2,3.4288532860283496,-0.2734328423831716,0.02083500132547738,-1.8049101507797922,False,9.600000000000001,36,40,1.0,57
2STEP-VF,9,2,3.4324161319191293,-0.2904945158146472,0.023383586695085057,-2.089967291100587,False,9.600000000000001,36,40,1.0,58
2STEP-VF,9,2,3.4397004550374652,-0.27963128537474946,0.025248659146035475,-2.354331258490895,False,9.600000000000001,36,40,1.0,59
2STEP-VF,9,2,3.4389147735495866,-0.28882653150966187,0.02150468588365536,-1.8530812310717228,False,9.600000000000001,36,40,1.0,60
2STEP-VF,9,2,3.448044863000526,-0.2820174371719355,0.019932329037678283,-1.6676135758301438,False,9.600000000000001,36,40,1.0,61
2STEP-VF,9,2,3.448923282589947,-0.2795427025596283,0.019184785504544794,-1.5778146614832294,False,9.600000000000001,36,40,1.0,62
2STEP-VF,9,2,3.4618767393153074,-0.277454480183027,0.02345581760834133,-2.128741297069508,False,9.600000000000001,36,40,1.0,63
2STEP-VF,9,2,3.420635155723534,-0.2809353782778982,0.03030711046306013,-2.9998271220613297,False,9.600000000000001,36,40,1.0,64
2STEP-VF,9,2,3.4422583283954586,-0.28509332702663287,0.027276191792921206,-2.6005930649262687,False,9.600000000000001,36,40,1.0,65
2STEP-VF,9,2,3.4323682564829756,-0.27449706390024264,0.019864719772125727,-1.6779490820825327,False,9.600000000000001,36,40,1.0,66
2STEP-VF,9,2,3.4142882801090115,-0.2922412915198122,0.025364078727060164,-2.3403656806096116,False,9.600000000000001,36,40,1.0,67
2STEP-VF,9,2,3.427459494570195,-0.28451796539865676,0.026928560876167632,-2.5583651055184697,False,9.600000000000001,36,40,1.0,68
2STEP-VF,9,2,3.398494360434587,-0.2922863851422513,0.03203087528572106,-3.194555050604818,False,9.600000000000001,36,40,1.0,69
2STEP-VF,9,2,3.4510440468633354,-0.2815745600463394,0.031184113756814878,-3.1087249739492906,False,9.600000000000001,36,40,1.0,70
2STEP-VF,9,2,3.440080506193313,-0.29102517745645207,0.022973707819078905,-2.0357693445750167,False,9.600000000000001,36,40,1.0,71
2STEP-VF,9,2,3.4324136299258217,-0.28368772656866925,0.020002117973498088,-1.6734757390474002,False,9.600000000000001,36,40,1.0,72
2STEP-VF,9,2,3.4358290289872446,-0.29302094064789075,0.021440437791592794,-1.8349760380297058,False,9.600000000000001,36,40,1.0,73
2STEP-VF,9,2,3.4434451523592826,-0.2753743054750072,0.025999369973594796,-2.4604143143385606,False,9.600000000000001,36,40,1.0,74
2STEP-VF,9,2,3.447468479556126,-0.2823022971544112,0.021412402689375287,-1.8564139222960827,False,9.600000000000001,36,40,1.0,75
2STEP-VF,9,2,3.4254147609335823,-0.2748061657896119,0.024724426516937396,-2.299666910616904,False,9.600000000000001,36,40,1.0,76
2STEP-VF,9,2,3.4632557152068966,-0.2962909762004731,0.020679018572421045,-1.728020691476345,False,9.600000000000001,36,40,1.0,77
2STEP-VF,9,2,3.394372956645184,-0.27793708432468006,0.024701074483326077,-2.2910261540877954,False,9.600000000000001,36,40,1.0,78
2STEP-VF,9,2,3.449387516831754,-0.28654299187704696,0.021339761721517487,-1.836823068839421,False,9.600000000000001,36,40,1.0,79
2STEP-VF,9,2,3.405045618028088,-0.2818802044535125,0.026921374624388632,-2.5651207241516305,False,9.600000000000001,36,40,1.0,80
2STEP-VF,9,2,3.443933415078225,-0.2875693104315211,0.02781199146862307,-2.6631325580434098,False,9.600000000000001,36,40,1.0,81
2STEP-VF,9,2,3.4443163399593897,-0.2858326886707636,0.027027957646591282,-2.566921145556289,False,9.600000000000001,36,40,1.0,82
2STEP-VF,9,2,3.4198873981720435,-0.2794933213396792,0.026190396641371034,-2.4763935549899405,False,9.600000000000001,36,40,1.0,83
2STEP-VF,9,2,3.4379854363460547,-0.28841600967045644,0.02354322481391173,-2.115055226790844,False,9.600000000000001,36,40,1.0,84
2STEP-VF,9,2,3.462240981923369,-0.2861248123116015,0.019517898136497007,-1.6038569530083717,False,9.600000000000001,36,40,1.0,85
2STEP-VF,9,2,3.4205565713867676,-0.29177522326848077,0.02062939370188866,-1.7350684637141893,False,9.600000000000001,36,40,1.0,86
2STEP-VF,9,2,3.4398467554546355,-0.29371706601865377,0.022504795642357685,-1.969302078449737,False,9.600000000000001,36,40,1.0,87
2STEP-VF,9,2,3.452391662050836,-0.28723498048353374,0.02057134448457557,-1.7366246411421422,False,9.600000000000001,36,40,1.0,88
2STEP-VF,9,2,3.477494601996866,-0.29252956484276166,0.017721354092190812,-1.3576126920579843,False,9.600000000000001,36,40,1.0,89
2STEP-VF,9,2,3.44695010681962,-0.30715632506907925,0.020441915026788042,-1.6725729368539024,False,9.600000000000001,36,40,1.0,90
2STEP-VF,9,2,3.4595207949630318,-0.2918428594823014,0.022823935087179534,-2.0134695807036755,False,9.600000000000001,36,40,1.0,91
2STEP-VF,9,2,3.455554542435179,-0.2838551725722555,0.020807118414937563,-1.7747254703924846,False,9.600000000000001,36,40,1.0,92
2STEP-VF,9,2,3.451915718030057,-0.2900178803684085,0.02229158473310317,-1.9501649898712228,False,9.600000000000001,36,40,1.0,93
2STEP-VF,9,2,3.43183751708187,-0.28088745777722746,0.02801286491997619,-2.705606560066695,False,9.600000000000001,36,40,1.0,94
2STEP-VF,9,2,3.3935161865305146,-0.27868671413756735,0.031165957518304338,-3.116783477220964,False,9.600000000000001,36,40,1.0,95
2STEP-VF,9,2,3.4432392428966403,-0.2816182250820782,0.020087884201071052,-1.6887710829663092,False,9.600000000000001,36,40,1.0,96
2STEP-VF,9,2,3.4718719660341275,-0.28839327335307724,0.014179112376965196,-0.9144702102421125,False,9.600000000000001,36,40,1.0,97
2STEP-VF,9,2,3.4150934346758235,-0.3043698825849713,0.01804985077727631,-1.3749875752068874,False,9.600000000000001,36,40,1.0,98
2STEP-VF,9,2,3.4231261208342194,-0.28502466759890455,0.02117632036896105,-1.821122237739591,False,9.600000000000001,36,40,1.0,99
2STEP-VF,9,2,5.306089285300238,-0.394706688679901,0.034157734099922656,-3.1065285548403243,False,9.600000000000001,40,40,1.0,0
2STEP-VF,9,2,5.331692914922702,-0.37392888132151336,0.027140147114613888,-2.256607940603584,False,9.600000000000001,40,40,1.0,1
2STEP-VF,9,2,5.298595232501683,-0.39120871341625474,0.03246725890380839,-2.8989925135383623,False,9.600000000000001,40,40,1.0,2
2STEP-VF,9,2,5.322262179222,-0.3945367470969241,0.026410955117463913,-2.114378331249444,False,9.600000000000001,40,40,1.0,3
2STEP-VF,9,2,5.326346191506863,-0.3884797216476944,0.02634957689425943,-2.1208137390203294,False,9.600000000000001,40,40,1.0,4
2STEP-VF,9,2,5.345384444378421,-0.3908764858641774,0.022263498169108335,-1.5909011329091363,False,9.600000000000001,40,40,1.0,5
2STEP-VF,9,2,5.329834159708258,-0.3912388901664735,0.02331593899196627,-1.7256768049896514,False,9.600000000000001,40,40,1.0,6
2STEP-VF,9,2,5.341319272943571,-0.3994067736366868,0.016211124134296165,-0.795968476085247,False,9.600000000000001,40,40,1.0,7
2STEP-VF,9,2,5.295081898501041,-0.37114105087073007,0.021300875831737662,-1.5180686704626065,False,9.600000000000001,40,40,1.0,8
2STEP-VF,9,2,5.3182713378187705,-0.38581017048300265,0.032021610054161986,-2.8537253975044026,False,9.600000000000001,40,40,1.0,9
2STEP-VF,9,2,5.348737521282687,-0.3942451074051178,0.03092230925793395,-2.6909430759663024,False,9.600000000000001,40,40,1.0,10
2STEP-VF,9,2,5.3514843229042075,-0.38704640737901735,0.023561233288291378,-1.7658374238174033,False,9.600000000000001,40,40,1.0,11
2STEP-VF,9,2,5.331497997761656,-0.3748436519308599,0.030014477820409335,-2.6223385165126327,False,9.600000000000001,40,40,1.0,12
2STEP-VF,9,2,5.319955313316518,-0.3907411696811667,0.026427109596320594,-2.1256939022952457,False,9.600000000000001,40,40,1.0,13
2STEP-VF,9,2,5.3034557478118325,-0.3807760961226658,0.028132498215681753,-2.3688897960441575,False,9.600000000000001,40,40,1.0,14
2STEP-VF,9,2,5.333752324456767,-0.3863791674600134,0.021701785754729783,-1.5304934352339745,False,9.600000000000001,40,40,1.0,15
2STEP-VF,9,2,5.2839779574275,-0.3962562338749969,0.02836288728208816,-2.3623959333616433,False,9.600000000000001,40,40,1.0,16
2STEP-VF,9,2,5.303892502820846,-0.40194453847049044,0.020620863091778324,-1.3565700332491981,False,9.600000000000001,40,40,1.0,17
2STEP-VF,9,2,5.313522154363227,-0.395297675915928,0.03162716935546522,-2.7807519260395286,False,9.600000000000001,40,40,1.0,18
2STEP-VF,9,2,5.2893267554343035,-0.3811288474060519,0.024295976864728286,-1.8778161995846387,False,9.600000000000001,40,40,1.0,19
2STEP-VF,9,2,5.303591891892803,-0.40222697930753826,0.03393316697000799,-3.0598851083093637,False,9.600000000000001,40,40,1.0,20
2STEP-VF,9,2,5.315455503678752,-0.3900088243927869,0.022535587075439678,-1.6296066368928657,False,9.600000000000001,40,40,1.0,21
2STEP-VF,9,2,5.297058296632802,-0.38635661576437413,0.023436124710424326,-1.7547445873018481,False,9.600000000000001,40,40,1.0,22
2STEP-VF,9,2,5.334854117854801,-0.37440152841528673,0.024923831997728695,-1.971595580441298,False,9.600000000000001,40,40,1.0,23
2STEP-VF,9,2,5.339629208941857,-0.3863691598423295,0.018391686195954868,-1.1064720969241213,False,9.600000000000001,40,40,1.0,24
2STEP-VF,9,2,5.312518885574073,-0.4017879992181257,0.02471170674454509,-1.8800561320438263,False,9.600000000000001,40,40,1.0,25
2STEP-VF,9,2,5.30172228062662,-0.40342716442849613,0.02960259940092016,-2.5028041918517934,False,9.600000000000001,40,40,1.0,26
2STEP-VF,9,2,5.303140926241392,-0.3791950259573798,0.032308586584762926,-2.9072425649774605,False,9.600000000000001,40,40,1.0,27
2STEP-VF,9,2,5.294294113207765,-0.39742190045683545,0.035491033336266235,-3.271382059153208,False,9.600000000000001,40,40,1.0,28
2STEP-VF,9,2,5.291033058495003,-0.38958644889238064,0.022474044693292547,-1.6242082598900327,False,9.600000000000001,40,40,1.0,29
2STEP-VF,9,2,5.301086759796499,-0.39039868139604444,0.026893711318785016,-2.1873730078661864,False,9.600000000000001,40,40,1.0,30
2STEP-VF,9,2,5.2983167557683934,-0.3941207919832089,0.026932748829757498,-2.1836029441031557,False,9.600000000000001,40,40,1.0,31
2STEP-VF,9,2,5.338561068800161,-0.38955995560625667,0.020765789117917998,-1.4027634495104786,False,9.600000000000001,40,40,1.0,32
2STEP-VF,9,2,5.3320674467197415,-0.3805352732058765,0.025257235546351193,-1.9997174474356656,False,9.600000000000001,40,40,1.0,33
2STEP-VF,9,2,5.289712231670941,-0.3926393942631124,0.0319689801607211,-2.8323121804405753,False,9.600000000000001,40,40,1.0,34
2STEP-VF,9,2,5.29479404889839,-0.3827733164656365,0.031568095761478794,-2.804372655017856,False,9.600000000000001,40,40,1.0,35
2STEP-VF,9,2,5.316365144558725,-0.4090695857810644,0.03657777853662753,-3.3812067381402473,False,9.600000000000001,40,40,1.0,36
2STEP-VF,9,2,5.313889009774853,-0.39885234980533213,0.035524741930036526,-3.271087986925388,False,9.600000000000001,40,40,1.0,37
2STEP-VF,9,2,5.252600997827202,-0.3821488557159941,0.03572687242908252,-3.340726357334545,False,9.600000000000001,40,40,1.0,38
2STEP-VF,9,2,5.344408767348252,-0.39703902129139235,0.022105983797680882,-1.5560077489629167,False,9.600000000000001,40,40,1.0,39
2STEP-VF,9,2,5.335676123561571,-0.38870121785280753,0.021458277530337112,-1.4936360336227186,False,9.600000000000001,40,40,1.0,40
2STEP-VF,9,2,5.289895726048651,-0.39167219035249273,0.024617089465083702,-1.8935804511218133,False,9.600000000000001,40,40,1.0,41
2STEP-VF,9,2,5.335179759760515,-0.3924982012329887,0.025922854331701346,-2.0560188859129696,False,9.600000000000001,40,40,1.0,42
2STEP-VF,9,2,5.327609439976748,-0.39731667109919044,0.024579560131976597,-1.8729671198563433,False,9.600000000000001,40,40,1.0,43
2STEP-VF,9,2,5.336818431973373,-0.39157770617989046,0.017609550099294446,-0.9940268119595501,False,9.600000000000001,40,40,1.0,44
2STEP-VF,9,2,5.27293227473105,-0.3861909784555999,0.03403170368473806,-3.11282378686917,False,9.600000000000001,40,40,1.0,45
2STEP-VF,9,2,5.324380267953182,-0.38575305210164207,0.025716342252733015,-2.046421667228695,False,9.600000000000001,40,40,1.0,46
2STEP-VF,9,2,5.310829846507227,-0.38875282713645737,0.02516941939696961,-1.9700291068941795,False,9.600000000000001,40,40,1.0,47
2STEP-VF,9,2,5.314595603263876,-0.3960634809955809,0.022893915821445135,-1.660993134559751,False,9.600000000000001,40,40,1.0,48
2STEP-VF,9,2,5.337071337064199,-0.3987603803140431,0.02477045043404333,-1.8933684625799916,False,9.600000000000001,40,40,1.0,49
2STEP-VF,9,2,5.295567549441786,-0.37886042817977156,0.03207277703906519,-2.878316380402387,False,9.600000000000001,40,40,1.0,50
2STEP-VF,9,2,5.279002285559612,-0.37766183381485885,0.035177896916113977,-3.279642266973352,False,9.600000000000001,40,40,1.0,51
2STEP-VF,9,2,5.293663911224577,-0.38442895855006576,0.0363710963006518,-3.415250991289799,False,9.600000000000001,40,40,1.0,52
2STEP-VF,9,2,5.3309112923297155,-0.3761690496391069,0.01940729656582219,-1.261473563751601,False,9.600000000000001,40,40,1.0,53
2STEP-VF,9,2,5.3289047629806765,-0.39297011894998407,0.024158197827138288,-1.8293867506148995,False,9.600000000000001,40,40,1.0,54
2STEP-VF,9,2,5.2579045266985895,-0.3999280460726092,0.041956751740910986,-4.09516264066043,False,9.600000000000001,40,40,1.0,55
2STEP-VF,9,2,5.279255412490793,-0.3871918624664613,0.0324594637851988,-2.908795569836493,False,9.600000000000001,40,40,1.0,56
2STEP-VF,9,2,5.341213172205629,-0.3814088743586897,0.02428615865911737,-1.8727742195738313,False,9.600000000000001,40,40,1.0,57
2STEP-VF,9,2,5.3118096700215265,-0.40146870931478124,0.02998322342465215,-2.5556191157987094,False,9.600000000000001,40,40,1.0,58
2STEP-VF,9,2,5.320536093439058,-0.3981659443659691,0.029888686786289215,-2.550921476560351,False,9.600000000000001,40,40,1.0,59
2STEP-VF,9,2,5.357691907319106,-0.40986727079525115,0.020380214388438962,-1.3035244773724386,False,9.600000000000001,40,40,1.0,60
2STEP-VF,9,2,5.300668960624999,-0.38789480187197595,0.03062760999294231,-2.671346416966374,False,9.600000000000001,40,40,1.0,61
2STEP-VF,9,2,5.297403498175998,-0.3994603441717714,0.03159334043880142,-2.767398540263772,False,9.600000000000001,40,40,1.0,62
2STEP-VF,9,2,5.310319926006524,-0.38228777196037783,0.02381018449277018,-1.8115937668092859,False,9.600000000000001,40,40,1.0,63
2STEP-VF,9,2,5.325944128307101,-0.3802654245534907,0.02975382266455142,-2.576295634435779,False,9.600000000000001,40,40,1.0,64
2STEP-VF,9,2,5.299283330720989,-0.39935430277934236,0.026672075836729182,-2.1376183805876554,False,9.600000000000001,40,40,1.0,65
2STEP-VF,9,2,5.331916952071253,-0.3679886386996576,0.027667011671249808,-2.3382897439165227,False,9.600000000000001,40,40,1.0,66
2STEP-VF,9,2,5.34108349939785,-0.39154564849690465,0.02401128038890142,-1.8132693234229407,False,9.600000000000001,40,40,1.0,67
2STEP-VF,9,2,5.306887168626994,-0.40185326834024193,0.03001664430771319,-2.559269397253089,False,9.600000000000001,40,40,1.0,68
2STEP-VF,9,2,5.29242278549013,-0.38244273242979404,0.017062294629944026,-0.9485657876719225,False,9.600000000000001,40,40,1.0,69
2STEP-VF,9,2,5.275995957841159,-0.3981929663789499,0.033485744893668346,-3.0139524696096,False,9.600000000000001,40,40,1.0,70
2STEP-VF,9,2,5.323561832487728,-0.4028524161887841,0.02245878783488206,-1.5884653340625587,False,9.600000000000001,40,40,1.0,71
2STEP-VF,9,2,5.303432220964488,-0.38342870951578906,0.021821171928654477,-1.5546751707720103,False,9.600000000000001,40,40,1.0,72
2STEP-VF,9,2,5.279825915740172,-0.38526722876455655,0.03434996235675922,-3.155364277685835,False,9.600000000000001,40,40,1.0,73
2STEP-VF,9,2,5.314329766092569,-0.3853187756668654,0.03165336127280954,-2.8080053953535904,False,9.600000000000001,40,40,1.0,74
2STEP-VF,9,2,5.329243142252021,-0.40185088362449295,0.02890186444372566,-2.415241939562981,False,9.600000000000001,40,40,1.0,75
2STEP-VF,9,2,5.3438382160551186,-0.3902931176734869,0.021614349279876034,-1.5093029324444571,False,9.600000000000001,40,40,1.0,76
2STEP-VF,9,2,5.330501990539987,-0.3942139430779989,0.021427769478249193,-1.4768109103963007,False,9.600000000000001,40,40,1.0,77
2STEP-VF,9,2,5.330569240508336,-0.38443336693679914,0.02375010957029168,-1.797539789918518,False,9.600000000000001,40,40,1.0,78
2STEP-VF,9,2,5.327201912361972,-0.3929134260543108,0.027353077313170628,-2.238569558813777,False,9.600000000000001,40,40,1.0,79
2STEP-VF,9,2,5.33102729200901,-0.39643942882703775,0.026035565786064033,-2.061236153910766,False,9.600000000000001,40,40,1.0,80
2STEP-VF,9,2,5.3689970059979,-0.4008809708295257,0.020604321057012612,-1.353098944946879,False,9.600000000000001,40,40,1.0,81
2STEP-VF,9,2,5.281730283301663,-0.39638061017402854,0.03394894268972025,-3.077247382868425,False,9.600000000000001,40,40,1.0,82
2STEP-VF,9,2,5.310389672614455,-0.396268900232037,0.023895841636655632,-1.7889989885781659,False,9.600000000000001,40,40,1.0,83
2STEP-VF,9,2,5.338729363604057,-0.40878688811769615,0.02814527364645244,-2.301182733447199,False,9.600000000000001,40,40,1.0,84
2STEP-VF,9,2,5.296310749267569,-0.38864289540078556,0.03303901427652677,-2.9784722334774885,False,9.600000000000001,40,40,1.0,85
2STEP-VF,9,2,5.276962438792979,-0.391638627153956,0.023396519882161116,-1.7382040934195502,False,9.600000000000001,40,40,1.0,86
2STEP-VF,9,2,5.334457735543464,-0.3775084571917222,0.021895801820081728,-1.5765748715777206,False,9.600000000000001,40,40,1.0,87
2STEP-VF,9,2,5.316692214598993,-0.3838119873567059,0.025894544130736392,-2.074351346202225,False,9.600000000000001,40,40,1.0,88
2STEP-VF,9,2,5.3247506862415515,-0.38212394473900824,0.027264458534614438,-2.253268183882536,False,9.600000000000001,40,40,1.0,89
2STEP-VF,9,2,5.334666085388142,-0.393398962829978,0.028543272554235746,-2.3893014110269406,False,9.600000000000001,40,40,1.0,90
2STEP-VF,9,2,5.302166210415169,-0.3857658835322258,0.03049054020631525,-2.658821053306101,False,9.600000000000001,40,40,1.0,91
2STEP-VF,9,2,5.323453749707801,-0.3946368049216944,0.029644510870099238,-2.5279618345781687,False,9.600000000000001,40,40,1.0,92
2STEP-VF,9,2,5.337132127638243,-0.38421249722603934,0.02327975975485689,-1.7374713276208933,False,9.600000000000001,40,40,1.0,93
2STEP-VF,9,2,5.2943381583395395,-0.39766209069626574,0.02442183181519772,-1.853945165173899,False,9.600000000000001,40,40,1.0,94
2STEP-VF,9,2,5.326529197138705,-0.39372307925860967,0.03299496797770174,-2.9588287590968383,False,9.600000000000001,40,40,1.0,95
2STEP-VF,9,2,5.296891505087191,-0.39956332721284227,0.029163825912094474,-2.4562042411320406,False,9.600000000000001,40,40,1.0,96
2STEP-VF,9,2,5.330625973856886,-0.3803290543442106,0.024596674825764327,-1.915747088840316,False,9.600000000000001,40,40,1.0,97
2STEP-VF,9,2,5.336704872660489,-0.381139264643855,0.021638984885625552,-1.5348535378551897,False,9.600000000000001,40,40,1.0,98
2STEP-VF,9,2,5.297716006268144,-0.3968752712644788,0.0291266638626747,-2.457849363011525,False,9.600000000000001,40,40,1.0,99
2STEP-VF,9,2,7.597781597742081,-0.502915897294583,0.024753854568577933,-1.5056283354064524,False,9.600000000000001,44,40,1.0,0
2STEP-VF,9,2,7.6098083718308525,-0.5110361774328076,0.027478531149225688,-1.8341766589522996,False,9.600000000000001,44,40,1.0,1
2STEP-VF,9,2,7.6531698404198965,-0.5069364213912211,0.019820402167825706,-0.8611738757175664,False,9.600000000000001,44,40,1.0,2
2STEP-VF,9,2,7.620909676667172,-0.5049439508852888,0.02859366338326248,-1.9908688503328749,False,9.600000000000001,44,40,1.0,3
2STEP-VF,9,2,7.607419375544853,-0.49537256587058637,0.02191298363443668,-1.159522584585797,False,9.600000000000001,44,40,1.0,4
2STEP-VF,9,2,7.617150048731415,-0.5017591441361412,0.026911945812610173,-1.7834781151634793,False,9.600000000000001,44,40,1.0,5
2STEP-VF,9,2,7.628391895917238,-0.5036794901313045,0.027740786000688418,-1.8842863180179532,False,9.600000000000001,44,40,1.0,6
2STEP-VF,9,2,7.548103778494769,-0.4850646035038282,0.028531525744820124,-2.034994020218103,False,9.600000000000001,44,40,1.0,7
2STEP-VF,9,2,7.59074531104466,-0.48879563001436427,0.029591390554964705,-2.1591437603383294,False,9.600000000000001,44,40,1.0,8
2STEP-VF,9,2,7.625985264302193,-0.50167655022964,0.027350676529436024,-1.8393037593585444,False,9.600000000000001,44,40,1.0,9
2STEP-VF,9,2,7.634321345134829,-0.4939217454462453,0.021751375678257776,-1.1407046170379176,False,9.600000000000001,44,40,1.0,10
2STEP-VF,9,2,7.6638827290511795,-0.5000637158820083,0.025154470631705995,-1.5597863589984777,False,9.600000000000001,44,40,1.0,11
2STEP-VF,9,2,7.599463248800664,-0.5109914071637939,0.03140458270877627,-2.337439414602218,False,9.600000000000001,44,40,1.0,12
2STEP-VF,9,2,7.642253517832594,-0.4869671345307417,0.024109323380232393,-1.4587370587260116,False,9.600000000000001,44,40,1.0,13
2STEP-VF,9,2,7.606664210620319,-0.4998986652783735,0.03391049351120412,-2.684386520128813,False,9.600000000000001,44,40,1.0,14
2STEP-VF,9,2,7.626008363783257,-0.49101632993644634,0.02389233555950668,-1.4222192579423893,False,9.600000000000001,44,40,1.0,15
2STEP-VF,9,2,7.614562336755563,-0.5011140309714701,0.03532814885919064,-2.8624556394395406,False,9.600000000000001,44,40,1.0,16
2STEP-VF,9,2,7.627123520632818,-0.5008059991909495,0.03553653479727328,-2.8891146447547325,False,9.600000000000001,44,40,1.0,17
2STEP-VF,9,2,7.600767321990312,-0.5103789434271376,0.029092648494927858,-2.0429035038062175,False,9.600000000000001,44,40,1.0,18
2STEP-VF,9,2,7.603735664456684,-0.5001225332534093,0.02327032534765397,-1.3220834248241253,False,9.600000000000001,44,40,1.0,19
2STEP-VF,9,2,7.605270205940065,-0.5065167816532414,0.02475267657455384,-1.496386113218709,False,9.600000000000001,44,40,1.0,20
2STEP-VF,9,2,7.589216255571348,-0.5128866327291364,0.028303916359363274,-1.9366204001142917,False,9.600000000000001,44,40,1.0,21
2STEP-VF,9,2,7.561877223920426,-0.5039966101716862,0.030869689457513397,-2.2880157527144434,False,9.600000000000001,44,40,1.0,22
2STEP-VF,9,2,7.59590389046112,-0.5241313634550969,0.035310916044179436,-2.8061277479350686,False,9.600000000000001,44,40,1.0,23
2STEP-VF,9,2,7.538694739408673,-0.49932380681461597,0.03276856622027521,-2.5436776554756286,False,9.600000000000001,44,40,1.0,24
2STEP-VF,9,2,7.576373291027829,-0.499220046153875,0.03557103313059528,-2.900381732485227,False,9.600000000000001,44,40,1.0,25
2STEP-VF,9,2,7.631641635842872,-0.5041376746143251,0.021990182737157752,-1.1469144731312402,False,9.600000000000001,44,40,1.0,26
2STEP-VF,9,2,7.631902827218317,-0.4970186290077489,0.037495565423872335,-3.1486734950039637,False,9.600000000000001,44,40,1.0,27
2STEP-VF,9,2,7.637297599169311,-0.4934112061650813,0.02999542561367562,-2.1969897278041266,False,9.600000000000001,44,40,1.0,28
2STEP-VF,9,2,7.6132109799243874,-0.49069027881229255,0.02723242526687713,-1.8513011062153082,False,9.600000000000001,44,40,1.0,29
2STEP-VF,9,2,7.598950118337215,-0.5018339072610581,0.033815805528372156,-2.6680847231048643,False,9.600000000000001,44,40,1.0,30
2STEP-VF,9,2,7.614510577641418,-0.4860709518818088,0.024996220308060722,-1.5760752802569473,False,9.600000000000001,44,40,1.0,31
2STEP-VF,9,2,7.60818878409739,-0.5105356092758124,0.033329380930550614,-2.5843839698026865,False,9.600000000000001,44,40,1.0,32
2STEP-VF,9,2,7.653463864767272,-0.4916932018359436,0.02247909204473983,-1.2380522654343977,False,9.600000000000001,44,40,1.0,33
2STEP-VF,9,2,7.640157029056255,-0.4816559182945661,0.022568249566777613,-1.274352318897201,False,9.600000000000001,44,40,1.0,34
2STEP-VF,9,2,7.625907962890288,-0.506473975050454,0.03512661832692185,-2.8231151279514908,False,9.600000000000001,44,40,1.0,35
2STEP-VF,9,2,7.638548940817839,-0.49771115593143084,0.021855250613398932,-1.1446523678305593,False,9.600000000000001,44,40,1.0,36
2STEP-VF,9,2,7.612622894838504,-0.518058905832955,0.02293159182822515,-1.2351450063234175,False,9.600000000000001,44,40,1.0,37
2STEP-VF,9,2,7.61882758925481,-0.49514015617220775,0.03385370915701207,-2.687808741928959,False,9.600000000000001,44,40,1.0,38
2STEP-VF,9,2,7.638154471700912,-0.4949845781264891,0.02878622730887398,-2.0383848397302415,False,9.600000000000001,44,40,1.0,39
2STEP-VF,9,2,7.633375855573277,-0.4984129312281624,0.02842158794384305,-1.983769670529925,False,9.600000000000001,44,40,1.0,40
2STEP-VF,9,2,7.642384861571837,-0.5001850475605611,0.03036231448178961,-2.227389047829414,False,9.600000000000001,44,40,1.0,41
2STEP-VF,9,2,7.64745709880321,-0.50200445787867,0.029283327811330046,-2.084607835013246,False,9.600000000000001,44,40,1.0,42
2STEP-VF,9,2,7.627702852822951,-0.4878488815032077,0.029308132445679005,-2.122941466269838,False,9.600000000000001,44,40,1.0,43
2STEP-VF,9,2,7.656560111478412,-0.4906092055356386,0.026695762336152944,-1.7802018790533403,False,9.600000000000001,44,40,1.0,44
2STEP-VF,9,2,7.589577438155308,-0.5007410817157442,0.02983404901618646,-2.161605031664763,False,9.600000000000001,44,40,1.0,45
2STEP-VF,9,2,7.63674919318299,-0.49847255987923883,0.02853410343498947,-1.9978261443775005,False,9.600000000000001,44,40,1.0,46
2STEP-VF,9,2,7.600660842784508,-0.5030242378098179,0.023393686993024868,-1.3310941137965502,False,9.600000000000001,44,40,1.0,47
2STEP-VF,9,2,7.6092153234558415,-0.49287095877492637,0.041744845461395716,-3.7038969985914787,False,9.600000000000001,44,40,1.0,48
2STEP-VF,9,2,7.608936054860339,-0.49757913750419464,0.030418775757872225,-2.2428772037059583,False,9.600000000000001,44,40,1.0,49
2STEP-VF,9,2,7.629207732954205,-0.48165315219186494,0.02843570448166733,-2.026050144415691,False,9.600000000000001,44,40,1.0,50
2STEP-VF,9,2,7.61813676058175,-0.49249630816625906,0.022926487869720426,-1.2955111020902883,False,9.600000000000001,44,40,1.0,51
2STEP-VF,9,2,7.618046281650807,-0.5044154889258167,0.028465629476729076,-1.975920622700314,False,9.600000000000001,44,40,1.0,52
2STEP-VF,9,2,7.645955440308363,-0.49576272553133655,0.023300381792663277,-1.3338610017671906,False,9.600000000000001,44,40,1.0,53
2STEP-VF,9,2,7.647883370409026,-0.5058582028868897,0.03146807685647078,-2.354981148475184,False,9.600000000000001,44,40,1.0,54
2STEP-VF,9,2,7.6127171149791,-0.4981088566359793,0.026738993830454274,-1.7703669274730518,False,9.600000000000001,44,40,1.0,55
2STEP-VF,9,2,7.567351011109806,-0.49446703816580384,0.025611772281553768,-1.6375448997743656,False,9.600000000000001,44,40,1.0,56
2STEP-VF,9,2,7.6229224045382535,-0.5040502201461681,0.024540371575657336,-1.4740716890610415,False,9.600000000000001,44,40,1.0,57
2STEP-VF,9,2,7.637698614944201,-0.49529728340192014,0.03377332522190542,-2.676010231342634,False,9.600000000000001,44,40,1.0,58
2STEP-VF,9,2,7.5812518750456785,-0.501731716771279,0.033376240087753625,-2.6131274984786548,False,9.600000000000001,44,40,1.0,59
2STEP-VF,9,2,7.6575791776511934,-0.5084533984023054,0.03365968632767726,-2.6286969431180855,False,9.600000000000001,44,40,1.0,60
2STEP-VF,9,2,7.634157652505903,-0.5037003120299064,0.027823444956837876,-1.8944707464531196,False,9.600000000000001,44,40,1.0,61
2STEP-VF,9,2,7.608182444255619,-0.4951871422219496,0.02554830644968712,-1.6252431375719363,False,9.600000000000001,44,40,1.0,62
2STEP-VF,9,2,7.640885494439751,-0.495795270299529,0.01651506333734798,-0.4655663287952869,False,9.600000000000001,44,40,1.0,63
2STEP-VF,9,2,7.635800636417304,-0.4942485097037977,0.031124803659816073,-2.3396304069823053,False,9.600000000000001,44,40,1.0,64
2STEP-VF,9,2,7.65434382635213,-0.5075465399762215,0.03841620862311248,-3.239902378234339,False,9.600000000000001,44,40,1.0,65
2STEP-VF,9,2,7.6139670944821365,-0.4805476300250022,0.030430060451539436,-2.284895400068115,False,9.600000000000001,44,40,1.0,66
2STEP-VF,9,2,7.605494599190752,-0.4847953362025637,0.033905831670104164,-2.720107970935736,False,9.600000000000001,44,40,1.0,67
2STEP-VF,9,2,7.621488344518804,-0.4935534313426532,0.03061886817863842,-2.277397590972223,False,9.600000000000001,44,40,1.0,68
2STEP-VF,9,2,7.5863733836191765,-0.500653260948101,0.025770283400444738,-1.6418460459643345,False,9.600000000000001,44,40,1.0,69
2STEP-VF,9,2,7.5791235536534645,-0.5010309783171252,0.03661873404547384,-3.029976196640344,False,9.600000000000001,44,40,1.0,70
2STEP-VF,9,2,7.645541911831249,-0.5099544511042137,0.022044645361895317,-1.1390914089626134,False,9.600000000000001,44,40,1.0,71
2STEP-VF,9,2,7.639264062428253,-0.5004267263275878,0.02500115141724387,-1.5407673944753106,False,9.600000000000001,44,40,1.0,72
2STEP-VF,9,2,7.5797621803251785,-0.4891999328402298,0.036680997710672125,-3.066302137329971,False,9.600000000000001,44,40,1.0,73
2STEP-VF,9,2,7.631420006164768,-0.5026717391707716,0.02775609053870211,-1.8884822145741333,False,9.600000000000001,44,40,1.0,74
2STEP-VF,9,2,7.6505885459480085,-0.495806239736175,0.030574478657419246,-2.264562980025964,False,9.600000000000001,44,40,1.0,75
2STEP-VF,9,2,7.6200121215772425,-0.5045465191646334,0.02152442470770786,-1.087013989296852,False,9.600000000000001,44,40,1.0,76
2STEP-VF,9,2,7.61771230254229,-0.4955478488730198,0.025475768435166794,-1.6145207842535658,False,9.600000000000001,44,40,1.0,77
2STEP-VF,9,2,7.615658136095563,-0.5040069328364971,0.033796985903411125,-2.659458068663298,False,9.600000000000001,44,40,1.0,78
2STEP-VF,9,2,7.57798836883508,-0.4949441812534211,0.0336863542498624,-2.669308006844073,False,9.600000000000001,44,40,1.0,79
2STEP-VF,9,2,7.6174548879029995,-0.49321367302278696,0.024281701021732473,-1.4672976222528886,False,9.600000000000001,44,40,1.0,80
2STEP-VF,9,2,7.562570955083624,-0.5144019625787055,0.033898440247212565,-2.6506813841492987,False,9.600000000000001,44,40,1.0,81
2STEP-VF,9,2,7.624840199010236,-0.4980120130912861,0.022279976667295677,-1.1991177700541464,False,9.600000000000001,44,40,1.0,82
2STEP-VF,9,2,7.553906140695601,-0.49621443915296704,0.036668190317792,-3.0493793382685195,False,9.600000000000001,44,40,1.0,83
2STEP-VF,9,2,7.593301498969762,-0.5003252018856351,0.03862782301640834,-3.287982771636558,False,9.600000000000001,44,40,1.0,84
2STEP-VF,9,2,7.600271830109776,-0.4837076471566774,0.030638284748819192,-2.304785784866245,False,9.600000000000001,44,40,1.0,85
2STEP-VF,9,2,7.612887811010631,-0.4888085610956626,0.03240873330779435,-2.518404048107449,False,9.600000000000001,44,40,1.0,86
2STEP-VF,9,2,7.648546776868196,-0.4898033992356277,0.03191870408592885,-2.451153158221296,False,9.600000000000001,44,40,1.0,87
2STEP-VF,9,2,7.591087074526179,-0.5112342766352842,0.03341622557917175,-2.5948493857377324,False,9.600000000000001,44,40,1.0,88
2STEP-VF,9,2,7.603393606067065,-0.4807300097525968,0.03723441880858389,-3.156049967728483,False,9.600000000000001,44,40,1.0,89
2STEP-VF,9,2,7.544782875952019,-0.502172810811129,0.03680120796965358,-3.052652901611829,False,9.600000000000001,44,40,1.0,90
2STEP-VF,9,2,7.6121072826567,-0.5064218145258207,0.01825578127352864,-0.6646012111902948,False,9.600000000000001,44,40,1.0,91
2STEP-VF,9,2,7.627088029235969,-0.46560831879275427,0.03129776408194783,-2.4310285556325546,False,9.600000000000001,44,40,1.0,92
2STEP-VF,9,2,7.6302770273393925,-0.5049310536006428,0.026625013993861534,-1.7383506409323708,False,9.600000000000001,44,40,1.0,93
2STEP-VF,9,2,7.602002880151827,-0.4852519451549413,0.03128830731860511,-2.3841784956004863,False,9.600000000000001,44,40,1.0,94
2STEP-VF,9,2,7.5524379751593775,-0.5024725455062427,0.03459366256885682,-2.768908421089129,False,9.600000000000001,44,40,1.0,95
2STEP-VF,9,2,7.6186054523894775,-0.4903555295332737,0.03689672896344558,-3.088811709297809,False,9.600000000000001,44,40,1.0,96
2STEP-VF,9,2,7.635472954341481,-0.5000361049261025,0.025386868795629684,-1.5913041767574654,False,9.600000000000001,44,40,1.0,97
2STEP-VF,9,2,7.595726808217038,-0.49062493053631834,0.03015338103751232,-2.226389331021392,False,9.600000000000001,44,40,1.0,98
2STEP-VF,9,2,7.623210949197769,-0.4904281307536431,0.020423093399276514,-0.9797357843467849,False,9.600000000000001,44,40,1.0,99
2STEP-VF,9,2,0.17093331784723628,-0.07634002054541053,0.02293879311589665,0.009961703452646242,False,3.394112549695429,36,10,2.0,0
2STEP-VF,9,2,0.16980187774591993,-0.07360688501011559,0.026322916887506282,-0.023738698411017722,False,3.394112549695429,36,10,2.0,1
2STEP-VF,9,2,0.16766517666090192,-0.07333524584335806,0.03773781157525029,-0.11583799197828892,False,3.394112549695429,36,10,2.0,2
2STEP-VF,9,2,0.17109219068563505,-0.07649356977486729,0.029664151088402407,-0.043463109806399725,False,3.394112549695429,36,10,2.0,3
2STEP-VF,9,2,0.17366367824863718,-0.07654226013188092,0.03163045949407524,-0.05892243094116953,False,3.394112549695429,36,10,2.0,4
2STEP-VF,9,2,0.17053728954082784,-0.07405342411125988,0.03724532766654452,-0.11000216609288285,False,3.394112549695429,36,10,2.0,5
2STEP-VF,9,2,0.1702613679968483,-0.07512389684551302,0.030040486194990456,-0.04981085505088159,False,3.394112549695429,36,10,2.0,6
2STEP-VF,9,2,0.16970565502885285,-0.07093552471543564,0.03360183958492906,-0.0883871180606558,False,3.394112549695429,36,10,2.0,7
2STEP-VF,9,2,0.17226858017277083,-0.07151584434243485,0.029414364203828532,-0.05334077239841842,False,3.394112549695429,36,10,2.0,8
2STEP-VF,9,2,0.1698155649689067,-0.07339986768991927,0.03520169994907853,-0.09526498323868762,False,3.394112549695429,36,10,2.0,9
2STEP-VF,9,2,0.17067353059628848,-0.0740965302361565,0.03127043461287261,-0.062091392500428,False,3.394112549695429,36,10,2.0,10
2STEP-VF,9,2,0.17178564011739633,-0.08192877414752758,0.02725445712933058,-0.011099460673534733,False,3.394112549695429,36,10,2.0,11
2STEP-VF,9,2,0.1713358274244606,-0.07846814208611481,0.03569152555157787,-0.0869285137604798,False,3.394112549695429,36,10,2.0,12
2STEP-VF,9,2,0.1742365505712804,-0.07829217966318225,0.03767875649449826,-0.10307462773007192,False,3.394112549695429,36,10,2.0,13
2STEP-VF,9,2,0.16999984969208626,-0.07431120754641907,0.02995923138721915,-0.05112696200482231,False,3.394112549695429,36,10,2.0,14
2STEP-VF,9,2,0.1716842183864301,-0.07427796706272904,0.03179179444261435,-0.06576618148717939,False,3.394112549695429,36,10,2.0,15
2STEP-VF,9,2,0.17044968040736938,-0.07049124753849777,0.03214669598706264,-0.0777675929796644,False,3.394112549695429,36,10,2.0,16
2STEP-VF,9,2,0.17653041587193244,-0.0728286926999727,0.021621326652973474,0.01241007420846263,False,3.394112549695429,36,10,2.0,17
2STEP-VF,9,2,0.16916593660382914,-0.07498945243135473,0.03401722058867917,-0.08201312267795233,False,3.394112549695429,36,10,2.0,18
2STEP-VF,9,2,0.17076662588274788,-0.07434075374608276,0.028719817676929507,-0.041094734871872624,False,3.394112549695429,36,10,2.0,19
2STEP-VF,9,2,0.1706307070912005,-0.07166965339009802,0.034098199497727126,-0.09054058542010979,False,3.394112549695429,36,10,2.0,20
2STEP-VF,9,2,0.16785048160137175,-0.06884994377914844,0.04038840790653903,-0.14779636928627377,False,3.394112549695429,36,10,2.0,21
2STEP-VF,9,2,0.17438094472243562,-0.07902654963207317,0.029343491703892107,-0.034621357830815186,False,3.394112549695429,36,10,2.0,22
2STEP-VF,9,2,0.17125666681382526,-0.078123882003431,0.029608782179675323,-0.03909754062033874,False,3.394112549695429,36,10,2.0,23
2STEP-VF,9,2,0.17029166499589954,-0.07519814424159321,0.028432954319145293,-0.03677058847358472,False,3.394112549695429,36,10,2.0,24
2STEP-VF,9,2,0.17282774203286114,-0.07454977999856952,0.031769417338626704,-0.0648662021904752,False,3.394112549695429,36,10,2.0,25
2STEP-VF,9,2,0.1710626868530345,-0.07581395821174376,0.024043479034585896,-0.00013057135732011393,False,3.394112549695429,36,10,2.0,26
2STEP-VF,9,2,0.17055409237203806,-0.07826739059587536,0.031738158210931657,-0.05583028271503018,False,3.394112549695429,36,10,2.0,27
2STEP-VF,9,2,0.16931901170443614,-0.07923711997625887,0.03732151831942346,-0.09824391791010026,False,3.394112549695429,36,10,2.0,28
2STEP-VF,9,2,0.1772588851821532,-0.0754847738337849,0.028524322143680943,-0.036395586837434685,False,3.394112549695429,36,10,2.0,29
2STEP-VF,9,2,0.17385691429239142,-0.06787440539349683,0.023284098048153914,-0.012942796583295474,False,3.394112549695429,36,10,2.0,30
2STEP-VF,9,2,0.17146342965073658,-0.07605765518659313,0.024143981537702627,-0.0003256740747533682,False,3.394112549695429,36,10,2.0,31
2STEP-VF,9,2,0.17183531197611512,-0.07092094269007125,0.030471460222615095,-0.06325130060618292,False,3.394112549695429,36,10,2.0,32
2STEP-VF,9,2,0.17022551679073472,-0.07692322172658209,0.028221228673461378,-0.03094056623645,False,3.394112549695429,36,10,2.0,33
2STEP-VF,9,2,0.17343017280446946,-0.07139061196348923,0.036245379322758946,-0.10821975550142932,False,3.394112549695429,36,10,2.0,34
2STEP-VF,9,2,0.17048539376317665,-0.07881062045496076,0.0374395826507048,-0.10014204848794206,False,3.394112549695429,36,10,2.0,35
2STEP-VF,9,2,0.16632580070706468,-0.07440791517644764,0.03778109115350331,-0.11369018476212833,False,3.394112549695429,36,10,2.0,36
2STEP-VF,9,2,0.17311573545323772,-0.07825069634801013,0.031192642588251454,-0.05135252534359311,False,3.394112549695429,36,10,2.0,37
2STEP-VF,9,2,0.1729210741742107,-0.0769623346704618,0.02775995354043665,-0.026994760663932305,False,3.394112549695429,36,10,2.0,38
2STEP-VF,9,2,0.17142970723026896,-0.07171998246890386,0.029286575354101774,-0.051878862473628856,False,3.394112549695429,36,10,2.0,39
2STEP-VF,9,2,0.17016366663994054,-0.07380952683066941,0.0369421773991739,-0.10818473480138827,False,3.394112549695429,36,10,2.0,40
2STEP-VF,9,2,0.17106861193109954,-0.07751448417749614,0.03357192669083089,-0.07227653478479046,False,3.394112549695429,36,10,2.0,41
2STEP-VF,9,2,0.17355597354313526,-0.07575148828788293,0.02691971281649107,-0.02314077222842148,False,3.394112549695429,36,10,2.0,42
2STEP-VF,9,2,0.17321820146666222,-0.07093786864179163,0.02754512197062199,-0.03971699893667632,False,3.394112549695429,36,10,2.0,43
2STEP-VF,9,2,0.16879635929804124,-0.07839737776081006,0.027306019719350948,-0.02016666957098104,False,3.394112549695429,36,10,2.0,44
2STEP-VF,9,2,0.17555744647225713,-0.07585105710722656,0.030436394465246177,-0.0509151718762903,False,3.394112549695429,36,10,2.0,45
2STEP-VF,9,2,0.17191610491790119,-0.07457920272294113,0.02904411578693871,-0.04304787346537697,False,3.394112549695429,36,10,2.0,46
2STEP-VF,9,2,0.1697758041333674,-0.075184335829979,0.03504614718572361,-0.0897402232458373,False,3.394112549695429,36,10,2.0,47
2STEP-VF,9,2,0.1702348811842687,-0.0736263850894361,0.03604826315578347,-0.10146868816056509,False,3.394112549695429,36,10,2.0,48
2STEP-VF,9,2,0.17536501486917627,-0.07891595507662115,0.02993659010414988,-0.03957252775715775,False,3.394112549695429,36,10,2.0,49
2STEP-VF,9,2,0.17291622152065336,-0.0774821426356934,0.03225534891710064,-0.061710675719901825,False,3.394112549695429,36,10,2.0,50
2STEP-VF,9,2,0.16772752022026938,-0.0764008872455865,0.03101326913619683,-0.05468037248695096,False,3.394112549695429,36,10,2.0,51
2STEP-VF,9,2,0.17290281351778045,-0.07877068591351696,0.023392278770974273,0.01228558483571332,False,3.394112549695429,36,10,2.0,52
2STEP-VF,9,2,0.17332085170153738,-0.07248600758591613,0.0250977891656601,-0.01641664401698989,False,3.394112549695429,36,10,2.0,53
2STEP-VF,9,2,0.1705907157124402,-0.07220585158891714,0.028636025011088966,-0.04555871333256423,False,3.394112549695429,36,10,2.0,54
2STEP-VF,9,2,0.1740326598761248,-0.0725221304458286,0.033823872792297,-0.0860959096758199,False,3.394112549695429,36,10,2.0,55
2STEP-VF,9,2,0.16943113907683588,-0.07730414645568705,0.03597657207508731,-0.0921167567624395,False,3.394112549695429,36,10,2.0,56
2STEP-VF,9,2,0.1697355214554856,-0.07313214748145527,0.03321674405638954,-0.08003266720829458,False,3.394112549695429,36,10,2.0,57
2STEP-VF,9,2,0.1698679449581346,-0.06844263655803032,0.03173423811045794,-0.07941950044690271,False,3.394112549695429,36,10,2.0,58
2STEP-VF,9,2,0.1707670440487083,-0.0803371102886084,0.038282058919073825,-0.10320138401700801,False,3.394112549695429,36,10,2.0,59
2STEP-VF,9,2,0.16884998544778748,-0.08019059648663258,0.04331718037506086,-0.1439490123057015,False,3.394112549695429,36,10,2.0,60
2STEP-VF,9,2,0.17417103892995742,-0.07637108600931634,0.029570383546754342,-0.04282219961587813,False,3.394112549695429,36,10,2.0,61
2STEP-VF,9,2,0.17569553236233051,-0.07259817593115583,0.02292134023132498,0.0014066323259139535,False,3.394112549695429,36,10,2.0,62
2STEP-VF,9,2,0.1730495698490821,-0.0771683344306856,0.028956355265376363,-0.036063865298420594,False,3.394112549695429,36,10,2.0,63
2STEP-VF,9,2,0.17291392443517398,-0.0776820138963997,0.024213331214054862,0.0031050191050307485,False,3.394112549695429,36,10,2.0,64
2STEP-VF,9,2,0.16650165581018125,-0.0757494840108891,0.03745630629196223,-0.10786158936095316,False,3.394112549695429,36,10,2.0,65
2STEP-VF,9,2,0.1710978672169803,-0.07651368434656784,0.030803552756263255,-0.052529707585324464,False,3.394112549695429,36,10,2.0,66
2STEP-VF,9,2,0.1722056064581812,-0.07742212607243745,0.031406715369489864,-0.055108283994578205,False,3.394112549695429,36,10,2.0,67
2STEP-VF,9,2,0.17280967812527226,-0.07651058228461904,0.035767851596585,-0.09214883460207801,False,3.394112549695429,36,10,2.0,68
2STEP-VF,9,2,0.1712416688166274,-0.08007976948912231,0.024469856430843265,0.006707095456144979,False,3.394112549695429,36,10,2.0,69
2STEP-VF,9,2,0.17487723406265657,-0.07718504230460556,0.023100579445675742,0.010932100009406753,False,3.394112549695429,36,10,2.0,70
2STEP-VF,9,2,0.17005295901987086,-0.07100161135774224,0.030523599780054828,-0.06358175344066505,False,3.394112549695429,36,10,2.0,71
2STEP-VF,9,2,0.169338985982594,-0.06839686131635352,0.030823982871688582,-0.07227905665530462,False,3.394112549695429,36,10,2.0,72
2STEP-VF,9,2,0.1739176851218491,-0.07074271003816475,0.034097521847193606,-0.09256260957864257,False,3.394112549695429,36,10,2.0,73
2STEP-VF,9,2,0.17443524452999754,-0.07903422848292886,0.028288233205522227,-0.026157602613348735,False,3.394112549695429,36,10,2.0,74
2STEP-VF,9,2,0.1766398937904464,-0.07715706278021761,0.02176723218188683,0.021637486844854392,False,3.394112549695429,36,10,2.0,75
2STEP-VF,9,2,0.17156771643392493,-0.0739238086419886,0.02160266764556576,0.014889862562282002,False,3.394112549695429,36,10,2.0,76
2STEP-VF,9,2,0.17196031473967197,-0.07749363536163352,0.02589865832649226,-0.010886922859637355,False,3.394112549695429,36,10,2.0,77
2STEP-VF,9,2,0.17308552651385992,-0.07960747540439031,0.01908164005867219,0.0487899520919908,False,3.394112549695429,36,10,2.0,78
2STEP-VF,9,2,0.16479776763655113,-0.0753648973811348,0.037012145647061415,-0.10533354540357479,False,3.394112549695429,36,10,2.0,79
2STEP-VF,9,2,0.17119344188599997,-0.0701895878816283,0.029364433147134973,-0.056188847748011944,False,3.394112549695429,36,10,2.0,80
2STEP-VF,9,2,0.1705739713764542,-0.07650951440124057,0.037290572404001326,-0.10446730638644605,False,3.394112549695429,36,10,2.0,81
2STEP-VF,9,2,0.17318526514382948,-0.08011467163230501,0.02965803078314593,-0.0345979184390057,False,3.394112549695429,36,10,2.0,82
2STEP-VF,9,2,0.17328981716993982,-0.07634488863631832,0.031881597703371484,-0.0614276598696116,False,3.394112549695429,36,10,2.0,83
2STEP-VF,9,2,0.17128743982854233,-0.0778046868763583,0.041139127904372776,-0.1321045283420098,False,3.394112549695429,36,10,2.0,84
2STEP-VF,9,2,0.1715092357140163,-0.07614539572389256,0.030709357547769107,-0.05263535650196979,False,3.394112549695429,36,10,2.0,85
2STEP-VF,9,2,0.16977361569821411,-0.07620646184899688,0.0408709105851112,-0.1338853593014043,False,3.394112549695429,36,10,2.0,86
2STEP-VF,9,2,0.16786943892056713,-0.07364183536308137,0.038195797678098,-0.11875381021815473,False,3.394112549695429,36,10,2.0,87
2STEP-VF,9,2,0.17345411759134885,-0.06944265195365633,0.02750850802214415,-0.04299845243289713,False,3.394112549695429,36,10,2.0,88
2STEP-VF,9,2,0.17100126933509574,-0.07707275260984502,0.03021662202840433,-0.04649829380350093,False,3.394112549695429,36,10,2.0,89
2STEP-VF,9,2,0.1738497821098235,-0.07978044539142107,0.034009155201211415,-0.07016918574369141,False,3.394112549695429,36,10,2.0,90
2STEP-VF,9,2,0.17298938625521323,-0.07487023121062886,0.025413187499345537,-0.013237581913942309,False,3.394112549695429,36,10,2.0,91
2STEP-VF,9,2,0.1739098971593743,-0.07741187992665803,0.03471759610875177,-0.08151766321647247,False,3.394112549695429,36,10,2.0,92
2STEP-VF,9,2,0.17000719028770103,-0.07077371306926925,0.018434655539316953,0.032580098468972585,False,3.394112549695429,36,10,2.0,93
2STEP-VF,9,2,0.17390951132850685,-0.07425637399189962,0.022028602640121728,0.012421047139295621,False,3.394112549695429,36,10,2.0,94
2STEP-VF,9,2,0.1705338908804897,-0.0796912992680124,0.0428878731572982,-0.14161183356232654,False,3.394112549695429,36,10,2.0,95
2STEP-VF,9,2,0.17137832283266105,-0.0770420729153864,0.029065664180562483,-0.037341639077612926,False,3.394112549695429,36,10,2.0,96
2STEP-VF,9,2,0.16907268666209327,-0.07186270557709733,0.03486343415873736,-0.09629261868513977,False,3.394112549695429,36,10,2.0,97
2STEP-VF,9,2,0.17421514216374648,-0.07795343348818481,0.021479939926984784,0.025701629485590016,False,3.394112549695429,36,10,2.0,98
2STEP-VF,9,2,0.1727849707924666,-0.07751546123050512,0.027809081425434288,-0.026068446202714063,False,3.394112549695429,36,10,2.0,99
2STEP-VF,9,2,1.0251276705850552,-0.36608552553265816,0.12810786667714358,-0.08475001190366593,False,3.394112549695429,40,10,2.0,0
2STEP-VF,9,2,1.0252579269927333,-0.3766051566227367,0.131695235715437,-0.08819403420936434,False,3.394112549695429,40,10,2.0,1
2STEP-VF,9,2,1.0214908369362832,-0.37464554688141527,0.12510587407498877,-0.04040822986833681,False,3.394112549695429,40,10,2.0,2
2STEP-VF,9,2,1.0374674487903615,-0.38855950676642553,0.11306339599242615,0.09028369522743351,False,3.394112549695429,40,10,2.0,3
2STEP-VF,9,2,1.0292732363512815,-0.36899215918458544,0.10765377042535264,0.08610741282126066,False,3.394112549695429,40,10,2.0,4
2STEP-VF,9,2,1.0365887502836875,-0.3773015726440903,0.1036143219704692,0.13880452359908413,False,3.394112549695429,40,10,2.0,5
2STEP-VF,9,2,1.0170089534955669,-0.3534954677990822,0.1482581772450053,-0.2766557580325115,False,3.394112549695429,40,10,2.0,6
2STEP-VF,9,2,1.0291050367992418,-0.36843644616183957,0.12304172904490321,-0.03834005936285645,False,3.394112549695429,40,10,2.0,7
2STEP-VF,9,2,1.0216066509303152,-0.36694887060137693,0.14078476343557814,-0.18430441898550176,False,3.394112549695429,40,10,2.0,8
2STEP-VF,9,2,1.0277541188775616,-0.3785921854663775,0.13071184780686065,-0.07540829020292583,False,3.394112549695429,40,10,2.0,9
2STEP-VF,9,2,1.0255634219778862,-0.3730669931512576,0.1274361876293768,-0.06259491215332336,False,3.394112549695429,40,10,2.0,10
2STEP-VF,9,2,1.0162578669460367,-0.37181272394996845,0.13634448454540227,-0.1374298668665319,False,3.394112549695429,40,10,2.0,11
2STEP-VF,9,2,1.0096248429664239,-0.37760632415276374,0.15415695803581286,-0.26642299574188477,False,3.394112549695429,40,10,2.0,12
2STEP-VF,9,2,1.0198193411539078,-0.3703540818341355,0.13516532832225026,-0.13128366970684258,False,3.394112549695429,40,10,2.0,13
2STEP-VF,9,2,1.0392597918092665,-0.3730507812581916,0.12354907469517247,-0.030715135033164254,False,3.394112549695429,40,10,2.0,14
2STEP-VF,9,2,1.0240181264899346,-0.3788027638673977,0.1282158725371177,-0.05515925942579125,False,3.394112549695429,40,10,2.0,15
2STEP-VF,9,2,1.028279482556174,-0.37664478914356536,0.1285919177104256,-0.06309107878547782,False,3.394112549695429,40,10,2.0,16
2STEP-VF,9,2,1.0273416517530602,-0.3789278410149524,0.10381400935614005,0.14055524269194886,False,3.394112549695429,40,10,2.0,17
2STEP-VF,9,2,1.030549412512915,-0.3693555973924058,0.10595674888907941,0.1006324073799133,False,3.394112549695429,40,10,2.0,18
2STEP-VF,9,2,1.0184358549420338,-0.36258844857966116,0.13943083780338197,-0.18412827453934733,False,3.394112549695429,40,10,2.0,19
2STEP-VF,9,2,1.0412336492514824,-0.3774813534695415,0.112883176144056,0.06536385812954026,False,3.394112549695429,40,10,2.0,20
2STEP-VF,9,2,1.014602401262131,-0.3811032105466337,0.12716232361436028,-0.04177473952723376,False,3.394112549695429,40,10,2.0,21
2STEP-VF,9,2,1.0286264633152313,-0.37950664397376926,0.13085101468242674,-0.07427458412345411,False,3.394112549695429,40,10,2.0,22
2STEP-VF,9,2,1.03045053056085,-0.37302675222832654,0.12351509737820539,-0.031029541844008635,False,3.394112549695429,40,10,2.0,23
2STEP-VF,9,2,1.0270521640605863,-0.37882006081437014,0.12464252780553012,-0.026348946646117755,False,3.394112549695429,40,10,2.0,24
2STEP-VF,9,2,1.0210356802342149,-0.3820626887562514,0.12952079271095912,-0.057953747858617066,False,3.394112549695429,40,10,2.0,25
2STEP-VF,9,2,1.0283993232725874,-0.3729567648592527,0.13647355093978708,-0.13498821245973514,False,3.394112549695429,40,10,2.0,26
2STEP-VF,9,2,1.0121726740347983,-0.3799650625051777,0.1642141342881823,-0.34106656385094425,False,3.394112549695429,40,10,2.0,27
2STEP-VF,9,2,1.0239364401810456,-0.37884925794728647,0.12213953679432883,-0.006441888870280743,False,3.394112549695429,40,10,2.0,28
2STEP-VF,9,2,1.0175229343236307,-0.37438199981924586,0.13866696238209714,-0.1497675234311695,False,3.394112549695429,40,10,2.0,29
2STEP-VF,9,2,1.027473205818182,-0.36927994457277646,0.10421755003291543,0.11417985906043082,False,3.394112549695429,40,10,2.0,30
2STEP-VF,9,2,1.0277356896069625,-0.38192142042179256,0.15359698248672626,-0.2505003095050905,False,3.394112549695429,40,10,2.0,31
2STEP-VF,9,2,1.026106425807588,-0.3629086738700851,0.13638095928841495,-0.15850047147066038,False,3.394112549695429,40,10,2.0,32
2STEP-VF,9,2,1.0177753711707005,-0.3675337280102062,0.11564961300097293,0.017950565486953174,False,3.394112549695429,40,10,2.0,33
2STEP-VF,9,2,1.0202926936129357,-0.3636714836887096,0.13933851647767645,-0.18067900935173264,False,3.394112549695429,40,10,2.0,34
2STEP-VF,9,2,1.0143308271618743,-0.37253687136391345,0.13144580268660597,-0.0966180805897432,False,3.394112549695429,40,10,2.0,35
2STEP-VF,9,2,1.0277306863552538,-0.3705579218724645,0.12102920718847994,-0.017230803832609776,False,3.394112549695429,40,10,2.0,36
2STEP-VF,9,2,1.0180585154343993,-0.37575552667725354,0.14496952439700359,-0.1968594202245566,False,3.394112549695429,40,10,2.0,37
2STEP-VF,9,2,1.030166004953824,-0.364440240112631,0.10586981623780503,0.08950800666510328,False,3.394112549695429,40,10,2.0,38
2STEP-VF,9,2,1.030412221847845,-0.37330447831402763,0.13044461040365382,-0.08580140196469377,False,3.394112549695429,40,10,2.0,39
2STEP-VF,9,2,1.0280625461136441,-0.37999702962003207,0.13796220100232393,-0.13002098416369612,False,3.394112549695429,40,10,2.0,40
2STEP-VF,9,2,1.0259653046573973,-0.37655516434619946,0.12502721207685993,-0.034927383904557296,False,3.394112549695429,40,10,2.0,41
2STEP-VF,9,2,1.0145553851112625,-0.3651689718715771,0.15259989336647015,-0.2835202913333007,False,3.394112549695429,40,10,2.0,42
2STEP-VF,9,2,1.0264608851330417,-0.3657034481576059,0.1309048174578046,-0.10796261097620041,False,3.394112549695429,40,10,2.0,43
2STEP-VF,9,2,1.0289040321895169,-0.3865798169836316,0.12085719837125909,0.02266821572201383,False,3.394112549695429,40,10,2.0,44
2STEP-VF,9,2,1.0226745216396074,-0.3649832789376879,0.12762567583279477,-0.08368506591353109,False,3.394112549695429,40,10,2.0,45
2STEP-VF,9,2,1.0328624496209613,-0.3774821070108095,0.12744898124540574,-0.05166304616004569,False,3.394112549695429,40,10,2.0,46
2STEP-VF,9,2,1.0127695106434877,-0.3675907913541159,0.14137802248556564,-0.18804010999603804,False,3.394112549695429,40,10,2.0,47
2STEP-VF,9,2,1.015708565573077,-0.37828324454651313,0.11650748705903703,0.03676240437371969,False,3.394112549695429,40,10,2.0,48
2STEP-VF,9,2,1.018587561559833,-0.37120059343756,0.13480840645192912,-0.12647057367169923,False,3.394112549695429,40,10,2.0,49
2STEP-VF,9,2,1.0241574518379466,-0.3736438573344767,0.1337027533225326,-0.11142732186724014,False,3.394112549695429,40,10,2.0,50
2STEP-VF,9,2,1.0319196080758561,-0.3680670571471792,0.11335989082978222,0.03839698699952343,False,3.394112549695429,40,10,2.0,51
2STEP-VF,9,2,1.0300310682235567,-0.37469469673149514,0.1203674115048663,-0.0018701557899288845,False,3.394112549695429,40,10,2.0,52
2STEP-VF,9,2,1.0223283530242826,-0.37450823015374246,0.13680584684654512,-0.13428732122192233,False,3.394112549695429,40,10,2.0,53
2STEP-VF,9,2,1.0199885979229097,-0.3607723351660848,0.14730632183291847,-0.2513976543893699,False,3.394112549695429,40,10,2.0,54
2STEP-VF,9,2,1.0255185395184083,-0.3798325718194587,0.11428391220639368,0.05885798708665568,False,3.394112549695429,40,10,2.0,55
2STEP-VF,9,2,1.0228672456051922,-0.3727743666777148,0.11447272261973704,0.04024873380493044,False,3.394112549695429,40,10,2.0,56
2STEP-VF,9,2,1.022615555108928,-0.3781840169774632,0.12781145141964737,-0.05349303730473187,False,3.394112549695429,40,10,2.0,57
2STEP-VF,9,2,1.0215298350956759,-0.37828611901599046,0.13207282461981826,-0.08740412121442864,False,3.394112549695429,40,10,2.0,58
2STEP-VF,9,2,1.0168998106411675,-0.3632383597684873,0.14097505313456626,-0.19501437299369084,False,3.394112549695429,40,10,2.0,59
2STEP-VF,9,2,1.025758855352256,-0.3845988967605904,0.12812985776998723,-0.04045597861334571,False,3.394112549695429,40,10,2.0,60
2STEP-VF,9,2,1.0223402994965316,-0.3728586934180631,0.13263310585800733,-0.10486356469091551,False,3.394112549695429,40,10,2.0,61
2STEP-VF,9,2,1.023773230667637,-0.386479063517531,0.14022999690195465,-0.1328638289335049,False,3.394112549695429,40,10,2.0,62
2STEP-VF,9,2,1.0259081046830627,-0.38040556772914513,0.12506547831868753,-0.02599597771856832,False,3.394112549695429,40,10,2.0,63
2STEP-VF,9,2,1.0216743219251865,-0.3682802271242307,0.1379321696281069,-0.15828435261119056,False,3.394112549695429,40,10,2.0,64
2STEP-VF,9,2,1.03206427000525,-0.3713482898989567,0.12637389629260698,-0.05783141838304495,False,3.394112549695429,40,10,2.0,65
2STEP-VF,9,2,1.023227621571379,-0.3803152327393149,0.12499376817306881,-0.025799929515912368,False,3.394112549695429,40,10,2.0,66
2STEP-VF,9,2,1.024919419068417,-0.37479410726713713,0.12000353184176059,0.0009727678511491922,False,3.394112549695429,40,10,2.0,67
2STEP-VF,9,2,1.027823302224378,-0.3813144948072589,0.11444110139480744,0.06129537451242417,False,3.394112549695429,40,10,2.0,68
2STEP-VF,9,2,1.0222949041534586,-0.36540722327247915,0.13519330264519241,-0.143231391058382,False,3.394112549695429,40,10,2.0,69
2STEP-VF,9,2,1.03825228091365,-0.3792414570799336,0.09362927236830317,0.22344045490023423,False,3.394112549695429,40,10,2.0,70
2STEP-VF,9,2,1.023361620844836,-0.3676849133134715,0.1171792872076304,0.006411191541978112,False,3.394112549695429,40,10,2.0,71
2STEP-VF,9,2,1.0182157513650505,-0.38512135764804006,0.14561951067375353,-0.17957188195282936,False,3.394112549695429,40,10,2.0,72
2STEP-VF,9,2,1.01516103082439,-0.3689642076095727,0.13205315798010187,-0.11000150372837725,False,3.394112549695429,40,10,2.0,73
2STEP-VF,9,2,1.0296702022117448,-0.37627921384739393,0.11168241496007494,0.07139100568585033,False,3.394112549695429,40,10,2.0,74
2STEP-VF,9,2,1.0225312801223545,-0.37326251699539825,0.11611304817984017,0.028277532157575447,False,3.394112549695429,40,10,2.0,75
2STEP-VF,9,2,1.0282663614517282,-0.3633993641606346,0.12790052699264906,-0.089349760268566,False,3.394112549695429,40,10,2.0,76
2STEP-VF,9,2,1.0174886823804712,-0.3633049535623492,0.13977360460862895,-0.1852076273765655,False,3.394112549695429,40,10,2.0,77
2STEP-VF,9,2,1.0317724804674024,-0.37616153921350076,0.10170213888750795,0.15107693184038207,False,3.394112549695429,40,10,2.0,78
2STEP-VF,9,2,1.0257635839347021,-0.3754115290329763,0.14335632383054936,-0.18431710592916983,False,3.394112549695429,40,10,2.0,79
2STEP-VF,9,2,1.025252064958455,-0.3855772743275395,0.12388685337932286,-0.004194244750981069,False,3.394112549695429,40,10,2.0,80
2STEP-VF,9,2,1.0281565175810927,-0.3725680848478438,0.10427259761754648,0.12167201374931869,False,3.394112549695429,40,10,2.0,81
2STEP-VF,9,2,1.0309194980923098,-0.3784439850943927,0.12782719433368636,-0.05249682055741001,False,3.394112549695429,40,10,2.0,82
2STEP-VF,9,2,1.0187594703913105,-0.3644297691629745,0.14858061456005847,-0.2528879022658507,False,3.394112549695429,40,10,2.0,83
2STEP-VF,9,2,1.0258241088476154,-0.3817385320252135,0.14399906854051045,-0.1742706249327145,False,3.394112549695429,40,10,2.0,84
2STEP-VF,9,2,1.0304027633019952,-0.37136892430931673,0.1219776390923847,-0.02271152859859804,False,3.394112549695429,40,10,2.0,85
2STEP-VF,9,2,1.0248860233935946,-0.36973522015616606,0.13041891567987582,-0.09449363566059255,False,3.394112549695429,40,10,2.0,86
2STEP-VF,9,2,1.0251353571199904,-0.36251812227492564,0.11499918187873612,0.011558159857131711,False,3.394112549695429,40,10,2.0,87
2STEP-VF,9,2,1.0247309054385256,-0.3725475258091682,0.11762716193814157,0.01458062076318245,False,3.394112549695429,40,10,2.0,88
2STEP-VF,9,2,1.0147570755743545,-0.38295752562380503,0.14707341886702133,-0.1966038649045776,False,3.394112549695429,40,10,2.0,89
2STEP-VF,9,2,1.0172403392215255,-0.36073676117470793,0.13069142916599613,-0.11872878615537874,False,3.394112549695429,40,10,2.0,90
2STEP-VF,9,2,1.0172106730888169,-0.368495243222481,0.1254096047502384,-0.05785561388262417,False,3.394112549695429,40,10,2.0,91
2STEP-VF,9,2,1.011695052803126,-0.3632023456633023,0.1366049835866464,-0.16045253593305853,False,3.394112549695429,40,10,2.0,92
2STEP-VF,9,2,1.01498784386409,-0.3736289182959916,0.1570260978988039,-0.2986001086482062,False,3.394112549695429,40,10,2.0,93
2STEP-VF,9,2,1.0111650840982662,-0.3828083829349414,0.1328499894480261,-0.08338989149445364,False,3.394112549695429,40,10,2.0,94
2STEP-VF,9,2,1.0321300039356447,-0.36904137235396545,0.1268390313458649,-0.06708515688126382,False,3.394112549695429,40,10,2.0,95
2STEP-VF,9,2,1.0197372070194586,-0.36152540324453325,0.1288503774883359,-0.10195781969864004,False,3.394112549695429,40,10,2.0,96
2STEP-VF,9,2,1.0171903744915733,-0.3701076168426059,0.13383882905575495,-0.12142092955429118,False,3.394112549695429,40,10,2.0,97
2STEP-VF,9,2,1.0204917264690228,-0.38741123317436044,0.12452283563581164,-0.005166221879886912,False,3.394112549695429,40,10,2.0,98
2STEP-VF,9,2,1.0224127471334663,-0.3719518956230424,0.13862400394040594,-0.15496271719993815,False,3.394112549695429,40,10,2.0,99
2STEP-VF,9,2,3.9472340750184336,-0.9890945483611367,0.007399670069331486,0.0,True,3.394112549695429,44,10,2.0,0
2STEP-VF,9,2,3.942454404750073,-0.9888837407585173,0.026740305176526064,0.0,True,3.394112549695429,44,10,2.0,1
2STEP-VF,9,2,3.949127404086528,-0.9910449614930357,0.02712483431800539,0.0,True,3.394112549695429,44,10,2.0,2
2STEP-VF,9,2,3.9467053695190146,-1.0044886746457702,0.005426469169854492,0.0,True,3.394112549695429,44,10,2.0,3
2STEP-VF,9,2,3.9534559595071714,-0.9966266643711754,0.026800090483704672,0.0,True,3.394112549695429,44,10,2.0,4
2STEP-VF,9,2,3.9455547783771014,-1.0122748160505408,0.014938578552879648,0.0,True,3.394112549695429,44,10,2.0,5
2STEP-VF,9,2,3.947774881235512,-0.9828147534566681,0.012555443367135636,0.0,True,3.394112549695429,44,10,2.0,6
2STEP-VF,9,2,3.9441487211701007,-0.9925666976001514,0.029430688402007108,0.0,True,3.394112549695429,44,10,2.0,7
2STEP-VF,9,2,3.9473100621902044,-0.994655444356262,0.024133730124591368,0.0,True,3.394112549695429,44,10,2.0,8
2STEP-VF,9,2,3.946630880863714,-1.001262479734458,0.02127764308907432,0.0,True,3.394112549695429,44,10,2.0,9
2STEP-VF,9,2,3.9462013297863927,-0.9997918212213169,0.02574966794343048,0.0,True,3.394112549695429,44,10,2.0,10
2STEP-VF,9,2,3.951109182156808,-0.9960963990779608,-0.004626211656177736,0.0,True,3.394112549695429,44,10,2.0,11
2STEP-VF,9,2,3.9527112287248776,-0.9926795967354679,0.01204496652872554,0.0,True,3.394112549695429,44,10,2.0,12
2STEP-VF,9,2,3.9516410297227873,-0.9908814160792876,0.009751589230460784,0.0,True,3.394112549695429,44,10,2.0,13
2STEP-VF,9,2,3.946382176063784,-0.9826705725471004,0.03172015013309641,0.0,True,3.394112549695429,44,10,2.0,14
2STEP-VF,9,2,3.942474739238739,-1.0095311270282543,0.02444816124373922,0.0,True,3.394112549695429,44,10,2.0,15
2STEP-VF,9,2,3.9452181068531647,-1.0050636673164106,0.001773712456271585,0.0,True,3.394112549695429,44,10,2.0,16
2STEP-VF,9,2,3.957712021620023,-0.9894287883598779,0.011990676101491946,0.0,True,3.394112549695429,44,10,2.0,17
2STEP-VF,9,2,3.948563407456277,-1.0057135491858344,0.03639574741427739,0.0,True,3.394112549695429,44,10,2.0,18
2STEP-VF,9,2,3.949429766212286,-0.9886058710344555,0.005296582398469951,0.0,True,3.394112549695429,44,10,2.0,19
2STEP-VF,9,2,3.9450985454610246,-0.9974745779398138,0.025380987423145013,0.0,True,3.394112549695429,44,10,2.0,20
2STEP-VF,9,2,3.951550869340873,-1.011052389348194,0.018700936080990906,0.0,True,3.394112549695429,44,10,2.0,21
2STEP-VF,9,2,3.948138946754493,-0.9902709135089696,0.02362685203585531,0.0,True,3.394112549695429,44,10,2.0,22
2STEP-VF,9,2,3.9573662914135763,-0.996160384918432,-0.019424558533088825,0.0,True,3.394112549695429,44,10,2.0,23
2STEP-VF,9,2,3.9439414507305584,-0.9945214568878776,0.04270666496248285,0.0,True,3.394112549695429,44,10,2.0,24
2STEP-VF,9,2,3.9484464564332398,-1.0024389928338493,0.031487258027634045,0.0,True,3.394112549695429,44,10,2.0,25
2STEP-VF,9,2,3.950474208321499,-0.9863465700402162,0.01212064765024293,0.0,True,3.394112549695429,44,10,2.0,26
2STEP-VF,9,2,3.950530910944762,-0.9980534660805167,0.0014835903565434095,0.0,True,3.394112549695429,44,10,2.0,27
2STEP-VF,9,2,3.955452476312754,-0.9960521418491648,-0.024415440117347573,0.0,True,3.394112549695429,44,10,2.0,28
2STEP-VF,9,2,3.9504234167659495,-0.9884574640499907,-4.454885411911709e-07,0.0,True,3.394112549695429,44,10,2.0,29
2STEP-VF,9,2,3.9430540049662337,-0.9934809743965318,0.018596147788941225,0.0,True,3.394112549695429,44,10,2.0,30
2STEP-VF,9,2,3.9461886902127716,-0.9894824424417724,0.015593722937149432,0.0,True,3.394112549695429,44,10,2.0,31
2STEP-VF,9,2,3.9434504115063542,-1.0008285684427765,0.03146712754514004,0.0,True,3.394112549695429,44,10,2.0,32
2STEP-VF,9,2,3.9519552898837444,-1.0016278678949164,0.017552275371267023,0.0,True,3.394112549695429,44,10,2.0,33
2STEP-VF,9,2,3.945190506287187,-0.9890270281200121,0.010705113721055962,0.0,True,3.394112549695429,44,10,2.0,34
2STEP-VF,9,2,3.948377799588373,-0.99009369922231,0.02014614760105444,0.0,True,3.394112549695429,44,10,2.0,35
2STEP-VF,9,2,3.947729576282521,-0.9931905561851472,0.034769547830552264,0.0,True,3.394112549695429,44,10,2.0,36
2STEP-VF,9,2,3.9411228015381177,-1.0101478265642467,0.0314031371552322,0.0,True,3.394112549695429,44,10,2.0,37
2STEP-VF,9,2,3.9513620659618347,-0.9938064648768152,-0.0006792673316319334,0.0,True,3.394112549695429,44,10,2.0,38
2STEP-VF,9,2,3.9473070787270412,-0.9970693597366925,0.01864767983904454,0.0,True,3.394112549695429,44,10,2.0,39
2STEP-VF,9,2,3.951864570146233,-0.9997236357814261,-5.1862789173458745e-05,0.0,True,3.394112549695429,44,10,2.0,40
2STEP-VF,9,2,3.9501325658289463,-0.9871492457183462,0.020432029679106838,0.0,True,3.394112549695429,44,10,2.0,41
2STEP-VF,9,2,3.946198812069597,-0.9907605310638578,0.01322759699588214,0.0,True,3.394112549695429,44,10,2.0,42
2STEP-VF,9,2,3.9407385217407107,-0.9990433757529398,0.030785104143090724,0.0,True,3.394112549695429,44,10,2.0,43
2STEP-VF,9,2,3.9437362130691715,-0.9908223082442816,0.025640920091503847,0.0,True,3.394112549695429,44,10,2.0,44
2STEP-VF,9,2,3.9446001779998583,-0.9986582530086303,0.020161583391153155,0.0,True,3.394112549695429,44,10,2.0,45
2STEP-VF,9,2,3.952050053346224,-0.9998382877872345,0.02313461167687344,0.0,True,3.394112549695429,44,10,2.0,46
2STEP-VF,9,2,3.9380653039969298,-1.0078984467656662,0.0499045167401856,0.0,True,3.394112549695429,44,10,2.0,47
2STEP-VF,9,2,3.9511012122538545,-0.9933190739501216,0.013696155437286363,0.0,True,3.394112549695429,44,10,2.0,48
2STEP-VF,9,2,3.9479793557947196,-1.0065405528847549,-0.0019600689983570478,0.0,True,3.394112549695429,44,10,2.0,49
2STEP-VF,9,2,3.9468960245894005,-1.0039076883969662,0.02594257748620602,0.0,True,3.394112549695429,44,10,2.0,50
2STEP-VF,9,2,3.9484812441605657,-0.9963257120927704,0.011422661708405819,0.0,True,3.394112549695429,44,10,2.0,51
2STEP-VF,9,2,3.950956362446452,-0.9919839579514224,-0.005957558398253639,0.0,True,3.394112549695429,44,10,2.0,52
2STEP-VF,9,2,3.954560523983648,-1.0046999879686738,0.008114569412729613,0.0,True,3.394112549695429,44,10,2.0,53
2STEP-VF,9,2,3.9522049879937637,-0.9909516818725449,-0.0016637128317262997,0.0,True,3.394112549695429,44,10,2.0,54
2STEP-VF,9,2,3.9514133862260907,-0.9990967601449899,0.0074809881749394345,0.0,True,3.394112549695429,44,10,2.0,55
2STEP-VF,9,2,3.9488132544413244,-0.9975548122740489,0.030821187977515676,0.0,True,3.394112549695429,44,10,2.0,56
2STEP-VF,9,2,3.945771515429264,-1.0010028614727258,0.02252103095518117,0.0,True,3.394112549695429,44,10,2.0,57
2STEP-VF,9,2,3.952335658081056,-1.0014484122071212,0.009945472030430143,0.0,True,3.394112549695429,44,10,2.0,58
2STEP-VF,9,2,3.947517849895128,-1.004584372824921,0.01883460475620768,0.0,True,3.394112549695429,44,10,2.0,59
2STEP-VF,9,2,3.9483947908065167,-1.0014918396434536,0.012028831232994096,0.0,True,3.394112549695429,44,10,2.0,60
2STEP-VF,9,2,3.943735989671841,-0.9901160784423225,0.03374038685974715,0.0,True,3.394112549695429,44,10,2.0,61
2STEP-VF,9,2,3.953689738040551,-0.9886208211493207,0.002689799110631983,0.0,True,3.394112549695429,44,10,2.0,62
2STEP-VF,9,2,3.94603935953516,-1.001935992429026,0.02036418534948498,0.0,True,3.394112549695429,44,10,2.0,63
2STEP-VF,9,2,3.9433875594053416,-0.9975449003334543,0.036021093344919874,0.0,True,3.394112549695429,44,10,2.0,64
2STEP-VF,9,2,3.948647926812063,-0.9911902213209535,0.02385999959265139,0.0,True,3.394112549695429,44,10,2.0,65
2STEP-VF,9,2,3.9481038504736756,-0.9990356507880823,0.022277235980810255,0.0,True,3.394112549695429,44,10,2.0,66
2STEP-VF,9,2,3.9512058587813,-0.9930633354048338,0.009398401196637386,0.0,True,3.394112549695429,44,10,2.0,67
2STEP-VF,9,2,3.941892192888673,-1.01099914219454,0.04153647531279763,0.0,True,3.394112549695429,44,10,2.0,68
2STEP-VF,9,2,3.95267397060377,-0.9931167411177503,0.010482095733811338,0.0,True,3.394112549695429,44,10,2.0,69
2STEP-VF,9,2,3.949405601017051,-0.9858480896401705,0.016729269063840903,0.0,True,3.394112549695429,44,10,2.0,70
2STEP-VF,9,2,3.9506133931920773,-1.0066669947475475,0.009863554610996616,0.0,True,3.394112549695429,44,10,2.0,71
2STEP-VF,9,2,3.948218874900229,-0.9886072141097278,0.008324870670332739,0.0,True,3.394112549695429,44,10,2.0,72
2STEP-VF,9,2,3.948677149949053,-1.0026131460447472,0.030460203515614365,0.0,True,3.394112549695429,44,10,2.0,73
2STEP-VF,9,2,3.9508134420573677,-0.9842016920166375,0.028885677288571936,0.0,True,3.394112549695429,44,10,2.0,74
2STEP-VF,9,2,3.948864422866876,-1.0075140598238912,-0.009325272234348012,0.0,True,3.394112549695429,44,10,2.0,75
2STEP-VF,9,2,3.9448332387798177,-0.9915186835779352,0.012254892239573118,0.0,True,3.394112549695429,44,10,2.0,76
2STEP-VF,9,2,3.943378597747665,-1.003897998063011,0.03795224514949964,0.0,True,3.394112549695429,44,10,2.0,77
2STEP-VF,9,2,3.9437511853497536,-1.0017517513455954,0.04931458460897986,0.0,True,3.394112549695429,44,10,2.0,78
2STEP-VF,9,2,3.9427955328606226,-0.9941414183374474,0.031093346360421836,0.0,True,3.394112549695429,44,10,2.0,79
2STEP-VF,9,2,3.9429609201092024,-1.002084335181251,0.037421270148270076,0.0,True,3.394112549695429,44,10,2.0,80
2STEP-VF,9,2,3.944093188888567,-0.9886609610780809,0.025641128496432228,0.0,True,3.394112549695429,44,10,2.0,81
2STEP-VF,9,2,3.945250999343629,-0.9940343858259298,0.032151163004837106,0.0,True,3.394112549695429,44,10,2.0,82
2STEP-VF,9,2,3.9542252019128137,-0.9918026718293299,0.023000383791083483,0.0,True,3.394112549695429,44,10,2.0,83
2STEP-VF,9,2,3.95109056428478,-1.0004018883533026,0.004015736036874944,0.0,True,3.394112549695429,44,10,2.0,84
2STEP-VF,9,2,3.94327646651077,-0.9984004377420831,0.032704874396365,0.0,True,3.394112549695429,44,10,2.0,85
2STEP-VF,9,2,3.949713847690778,-0.9960592112883614,0.016950966808402867,0.0,True,3.394112549695429,44,10,2.0,86
2STEP-VF,9,2,3.946569400784076,-1.0094345169403751,0.02808094125349584,0.0,True,3.394112549695429,44,10,2.0,87
2STEP-VF,9,2,3.945700937493461,-1.0008536938520523,0.020089481206881334,0.0,True,3.394112549695429,44,10,2.0,88
2STEP-VF,9,2,3.946687419069623,-0.9926565283018025,0.023012085090743685,0.0,True,3.394112549695429,44,10,2.0,89
2STEP-VF,9,2,3.947575006674534,-1.0052724589328508,0.01525949867254585,0.0,True,3.394112549695429,44,10,2.0,90
2STEP-VF,9,2,3.947851537787896,-0.9895104958606741,0.023108119874237668,0.0,True,3.394112549695429,44,10,2.0,91
2STEP-VF,9,2,3.9523516407805706,-1.0229221666004988,0.010420073712760049,0.0,True,3.394112549695429,44,10,2.0,92
2STEP-VF,9,2,3.9492543986411897,-0.988410688563484,0.0017322884468015333,0.0,True,3.394112549695429,44,10,2.0,93
2STEP-VF,9,2,3.9471104387863587,-0.9979727410482306,0.02817988562763246,0.0,True,3.394112549695429,44,10,2.0,94
2STEP-VF,9,2,3.948133011365208,-1.0012583765748602,0.014384086029495148,0.0,True,3.394112549695429,44,10,2.0,95
2STEP-VF,9,2,3.9472023476574956,-0.990262409651023,0.01200411975935194,0.0,True,3.394112549695429,44,10,2.0,96
2STEP-VF,9,2,3.9495982528624967,-1.0131270146560807,0.01573305480545597,0.0,True,3.394112549695429,44,10,2.0,97
2STEP-VF,9,2,3.9464950503903955,-0.9876263437714292,0.00557487707415416,0.0,True,3.394112549695429,44,10,2.0,98
2STEP-VF,9,2,3.94315615539775,-0.996824386945638,0.03593897252246348,0.0,True,3.394112549695429,44,10,2.0,99
2STEP-VF,9,2,1.438995727361762,-0.21900336121618338,0.027811975657272288,-0.2780354104721676,False,6.788225099390858,36,20,2.0,0
2STEP-VF,9,2,1.4291781262073409,-0.22559630723483798,0.032843113280045085,-0.42379780002539136,False,6.788225099390858,36,20,2.0,1
2STEP-VF,9,2,1.4320635508461121,-0.20842050978095827,0.02413428214101532,-0.18616399198742395,False,6.788225099390858,36,20,2.0,2
2STEP-VF,9,2,1.4434816586954333,-0.21926313413257828,0.021820949365099443,-0.08542995824326838,False,6.788225099390858,36,20,2.0,3
2STEP-VF,9,2,1.4358721103389478,-0.22058642970066714,0.033165254193415594,-0.4457283762873613,False,6.788225099390858,36,20,2.0,4
2STEP-VF,9,2,1.4385745615186531,-0.21670565799812336,0.028920586935467233,-0.3190507290483364,False,6.788225099390858,36,20,2.0,5
2STEP-VF,9,2,1.4442997452411452,-0.22258652008352117,0.026529089868691673,-0.22806524288321428,False,6.788225099390858,36,20,2.0,6
2STEP-VF,9,2,1.4372402465404719,-0.2131720118486966,0.027602941175347263,-0.2854468743818125,False,6.788225099390858,36,20,2.0,7
2STEP-VF,9,2,1.4282531764578044,-0.22196040230481515,0.028986302493009684,-0.30916152365728555,False,6.788225099390858,36,20,2.0,8
2STEP-VF,9,2,1.4163777360108745,-0.21125526599732578,0.036184153294990404,-0.5658976028854589,False,6.788225099390858,36,20,2.0,9
2STEP-VF,9,2,1.4396713209429406,-0.2293951179375987,0.030895034200067957,-0.3517125320953616,False,6.788225099390858,36,20,2.0,10
2STEP-VF,9,2,1.4308160671786212,-0.21229747757988815,0.027694790988344917,-0.29087040140458875,False,6.788225099390858,36,20,2.0,11
2STEP-VF,9,2,1.4286875342565908,-0.220676688508763,0.03221820345563566,-0.41563720610391475,False,6.788225099390858,36,20,2.0,12
2STEP-VF,9,2,1.444526996811888,-0.22065040307150846,0.033402922135683494,-0.45266092116153844,False,6.788225099390858,36,20,2.0,13
2STEP-VF,9,2,1.436938962286728,-0.22402793062424106,0.02277394357900205,-0.10488282329268339,False,6.788225099390858,36,20,2.0,14
2STEP-VF,9,2,1.4325380173084048,-0.22714092696245242,0.028273000813955493,-0.2736455202981859,False,6.788225099390858,36,20,2.0,15
2STEP-VF,9,2,1.4200875637215709,-0.21915368175126873,0.030853791944441086,-0.3761472521957758,False,6.788225099390858,36,20,2.0,16
2STEP-VF,9,2,1.4286609660131182,-0.2293224528077284,0.039587005024276194,-0.6306906160775032,False,6.788225099390858,36,20,2.0,17
2STEP-VF,9,2,1.4378655344583697,-0.20793569032023057,0.03588227335096475,-0.5629151583948167,False,6.788225099390858,36,20,2.0,18
2STEP-VF,9,2,1.429881091663631,-0.21047826400879804,0.03388142200835917,-0.49326480514656046,False,6.788225099390858,36,20,2.0,19
2STEP-VF,9,2,1.4128833893902415,-0.20178663407488015,0.037595793557295074,-0.6340044686903157,False,6.788225099390858,36,20,2.0,20
2STEP-VF,9,2,1.449019980947123,-0.22270807115304408,0.018888715546791918,0.01700167212679171,False,6.788225099390858,36,20,2.0,21
2STEP-VF,9,2,1.4332785678723874,-0.2263246158264913,0.03747038349488882,-0.5698764797805201,False,6.788225099390858,36,20,2.0,22
2STEP-VF,9,2,1.4139800208598494,-0.21156564221449947,0.025543412275668934,-0.2247928502550165,False,6.788225099390858,36,20,2.0,23
2STEP-VF,9,2,1.4160741214870782,-0.2133859063094165,0.03995790582619,-0.6815623640062559,False,6.788225099390858,36,20,2.0,24
2STEP-VF,9,2,1.4185842640857715,-0.21487117052582685,0.036129039493671106,-0.5553233986903449,False,6.788225099390858,36,20,2.0,25
2STEP-VF,9,2,1.4402789415358876,-0.21542649005267142,0.02350848331300472,-0.14883115339758668,False,6.788225099390858,36,20,2.0,26
2STEP-VF,9,2,1.4377703108154316,-0.20282243038577155,0.030595214692908324,-0.406006818598289,False,6.788225099390858,36,20,2.0,27
2STEP-VF,9,2,1.431081088495745,-0.22799167710541812,0.02819935309156458,-0.2693344085673186,False,6.788225099390858,36,20,2.0,28
2STEP-VF,9,2,1.4324329292199158,-0.2142073471662609,0.029595632575392012,-0.3470166334603235,False,6.788225099390858,36,20,2.0,29
2STEP-VF,9,2,1.457118472401416,-0.23224301724006605,0.021386870516142083,-0.03956950679630333,False,6.788225099390858,36,20,2.0,30
2STEP-VF,9,2,1.4203832619709402,-0.21425892918765801,0.02661447583495181,-0.2522188009498225,False,6.788225099390858,36,20,2.0,31
2STEP-VF,9,2,1.4242208183278253,-0.21329946523896642,0.028733125277810134,-0.32208804321673556,False,6.788225099390858,36,20,2.0,32
2STEP-VF,9,2,1.440954247089372,-0.21529801293611892,0.02849228310280913,-0.3085805734178446,False,6.788225099390858,36,20,2.0,33
2STEP-VF,9,2,1.4154608634084895,-0.21567727868471898,0.03920912278549236,-0.6521388084879208,False,6.788225099390858,36,20,2.0,34
2STEP-VF,9,2,1.443909853090988,-0.21725395004140874,0.025002088737980856,-0.19202276833054743,False,6.788225099390858,36,20,2.0,35
2STEP-VF,9,2,1.4429345132944578,-0.21291672704217243,0.015762661303500073,0.09317105398687886,False,6.788225099390858,36,20,2.0,36
2STEP-VF,9,2,1.4282780974039577,-0.21421173154941073,0.028059739732912464,-0.29810682989037585,False,6.788225099390858,36,20,2.0,37
2STEP-VF,9,2,1.4298688822547851,-0.2026295086494717,0.03289939757046728,-0.480677768560934,False,6.788225099390858,36,20,2.0,38
2STEP-VF,9,2,1.4265004435740776,-0.20704183788363778,0.0406600256033065,-0.7186303817706328,False,6.788225099390858,36,20,2.0,39
2STEP-VF,9,2,1.4376515651982338,-0.22378985873987461,0.03807456061753887,-0.5950311848736509,False,6.788225099390858,36,20,2.0,40
2STEP-VF,9,2,1.4228928573287611,-0.226399347183886,0.034350969994020666,-0.4704990351276095,False,6.788225099390858,36,20,2.0,41
2STEP-VF,9,2,1.435796458308478,-0.22009738340232116,0.03461902490121167,-0.49342728917469425,False,6.788225099390858,36,20,2.0,42
2STEP-VF,9,2,1.440773447731787,-0.2219519732439478,0.03606419776830284,-0.534923185936309,False,6.788225099390858,36,20,2.0,43
2STEP-VF,9,2,1.4271791972007957,-0.21488753947150888,0.03608671982696278,-0.5534141878991402,False,6.788225099390858,36,20,2.0,44
2STEP-VF,9,2,1.4496900934925827,-0.21212846398858803,0.026321335211750015,-0.24619300759383456,False,6.788225099390858,36,20,2.0,45
2STEP-VF,9,2,1.422963896990661,-0.22280826230407022,0.03900790870122291,-0.6281354150899251,False,6.788225099390858,36,20,2.0,46
2STEP-VF,9,2,1.4506952743424408,-0.21718144640830717,0.023364615675713487,-0.139390513782348,False,6.788225099390858,36,20,2.0,47
2STEP-VF,9,2,1.4228527817179129,-0.22169780144734622,0.03468562536411225,-0.49249412127488656,False,6.788225099390858,36,20,2.0,48
2STEP-VF,9,2,1.4285295076414877,-0.20899668906842409,0.031132003792856314,-0.40892029714869527,False,6.788225099390858,36,20,2.0,49
2STEP-VF,9,2,1.4651883602226061,-0.22326960648566438,0.027693906592843844,-0.26244665379205234,False,6.788225099390858,36,20,2.0,50
2STEP-VF,9,2,1.4207904923896146,-0.22851181702156437,0.045994572257632274,-0.8381505218491017,False,6.788225099390858,36,20,2.0,51
2STEP-VF,9,2,1.4350872783944357,-0.2231657820045297,0.0238764228936493,-0.14234241908224055,False,6.788225099390858,36,20,2.0,52
2STEP-VF,9,2,1.4411962359526842,-0.20772648646600378,0.031875410071028246,-0.43499778059733396,False,6.788225099390858,36,20,2.0,53
2STEP-VF,9,2,1.412275950262339,-0.21833859036325423,0.03599082787705216,-0.542957318178119,False,6.788225099390858,36,20,2.0,54
2STEP-VF,9,2,1.4201815432069012,-0.2140981223033863,0.028299146322121445,-0.3065262961873453,False,6.788225099390858,36,20,2.0,55
2STEP-VF,9,2,1.4430002607642616,-0.23008124901102306,0.025519232512250165,-0.1778404271196945,False,6.788225099390858,36,20,2.0,56
2STEP-VF,9,2,1.4176600775207722,-0.22017326771885223,0.033640657786588764,-0.46302560199434906,False,6.788225099390858,36,20,2.0,57
2STEP-VF,9,2,1.4263784013678609,-0.22464536388647005,0.03763739113477424,-0.579664938903176,False,6.788225099390858,36,20,2.0,58
2STEP-VF,9,2,1.4162521311735508,-0.2142286254980744,0.04184910962164457,-0.740047678826835,False,6.788225099390858,36,20,2.0,59
2STEP-VF,9,2,1.4310437442836577,-0.20910387060457086,0.02363174230807483,-0.16850383975040528,False,6.788225099390858,36,20,2.0,60
2STEP-VF,9,2,1.4285573194186434,-0.20809116042671694,0.03226731409928141,-0.447421826987766,False,6.788225099390858,36,20,2.0,61
2STEP-VF,9,2,1.437933143851128,-0.21395842892649647,0.016704870983681112,0.06522034657686349,False,6.788225099390858,36,20,2.0,62
2STEP-VF,9,2,1.4286679717558408,-0.21131636563786357,0.03504393496721299,-0.5285265631145929,False,6.788225099390858,36,20,2.0,63
2STEP-VF,9,2,1.4181742898301803,-0.202346932799402,0.0353359007201268,-0.5600257269356823,False,6.788225099390858,36,20,2.0,64
2STEP-VF,9,2,1.4153707619064706,-0.20896733489880978,0.02972521971786055,-0.3647631815000061,False,6.788225099390858,36,20,2.0,65
2STEP-VF,9,2,1.4372429204177493,-0.2203522254762251,0.0318268850809762,-0.40338040622323335,False,6.788225099390858,36,20,2.0,66
2STEP-VF,9,2,1.429917976419648,-0.21362209763009157,0.036331119236290024,-0.5641077026638823,False,6.788225099390858,36,20,2.0,67
2STEP-VF,9,2,1.4261937372912614,-0.21783476169504062,0.0366631297357004,-0.5648450992368399,False,6.788225099390858,36,20,2.0,68
2STEP-VF,9,2,1.4420486542916482,-0.21255918951392921,0.031538667182177814,-0.41257237573876127,False,6.788225099390858,36,20,2.0,69
2STEP-VF,9,2,1.4427247865212278,-0.2152756364926585,0.029810141323669003,-0.35069950758375423,False,6.788225099390858,36,20,2.0,70
2STEP-VF,9,2,1.425996588692434,-0.22284055235435413,0.03532581849215218,-0.5100490707768741,False,6.788225099390858,36,20,2.0,71
2STEP-VF,9,2,1.4306383251178263,-0.21520140629181603,0.0393608725817925,-0.6572262480099322,False,6.788225099390858,36,20,2.0,72
2STEP-VF,9,2,1.4379058843939359,-0.2197321431055249,0.026408097414952873,-0.23142762076159618,False,6.788225099390858,36,20,2.0,73
2STEP-VF,9,2,1.4273680210960165,-0.21601421823848196,0.023983496651647996,-0.16339568781461844,False,6.788225099390858,36,20,2.0,74
2STEP-VF,9,2,1.4201869131923623,-0.22317794136795457,0.03960098887023915,-0.6463933697730203,False,6.788225099390858,36,20,2.0,75
2STEP-VF,9,2,1.427108778522218,-0.21477650855231245,0.037466180131338254,-0.5978276169659414,False,6.788225099390858,36,20,2.0,76
2STEP-VF,9,2,1.4376705754555268,-0.20436371735544542,0.03135633849871873,-0.42666967577859904,False,6.788225099390858,36,20,2.0,77
2STEP-VF,9,2,1.4219631192118598,-0.21625639625906273,0.03801125705121782,-0.6120270874645084,False,6.788225099390858,36,20,2.0,78
2STEP-VF,9,2,1.4254776921938188,-0.22017902755394975,0.03433668588530015,-0.4848156206684966,False,6.788225099390858,36,20,2.0,79
2STEP-VF,9,2,1.4240030128013679,-0.21394245702437345,0.03955086290300198,-0.6667255352694852,False,6.788225099390858,36,20,2.0,80
2STEP-VF,9,2,1.4334143010083484,-0.22939298448632228,0.03297055479047833,-0.41850973246763234,False,6.788225099390858,36,20,2.0,81
2STEP-VF,9,2,1.4476943343170288,-0.21676007129690442,0.030666725907045757,-0.3742493978538721,False,6.788225099390858,36,20,2.0,82
2STEP-VF,9,2,1.4183482767025297,-0.21629559158222042,0.030034244313003576,-0.3568855016166339,False,6.788225099390858,36,20,2.0,83
2STEP-VF,9,2,1.4392911370710153,-0.21767218086140705,0.026645657515938215,-0.24389033821838524,False,6.788225099390858,36,20,2.0,84
2STEP-VF,9,2,1.4224634190407777,-0.20176896107832956,0.029233229169476595,-0.3658700216928137,False,6.788225099390858,36,20,2.0,85
2STEP-VF,9,2,1.4525376835400787,-0.22179319300818864,0.02695801253889829,-0.2432004770126881,False,6.788225099390858,36,20,2.0,86
2STEP-VF,9,2,1.4380274185645618,-0.2169998986093726,0.027291047882567844,-0.2662321304658033,False,6.788225099390858,36,20,2.0,87
2STEP-VF,9,2,1.4347209413400532,-0.22507044510165314,0.03416637413707618,-0.46707164766206744,False,6.788225099390858,36,20,2.0,88
2STEP-VF,9,2,1.4063319379692965,-0.21116442988790965,0.0469304871840801,-0.9106010418814227,False,6.788225099390858,36,20,2.0,89
2STEP-VF,9,2,1.4253040648694193,-0.22090161273983946,0.03459168485307821,-0.4912518008307232,False,6.788225099390858,36,20,2.0,90
2STEP-VF,9,2,1.4280838782851164,-0.205628860877523,0.03665701629363589,-0.5938302225931864,False,6.788225099390858,36,20,2.0,91
2STEP-VF,9,2,1.4457777629852084,-0.21526742752994077,0.027720465976684965,-0.2836664194029488,False,6.788225099390858,36,20,2.0,92
2STEP-VF,9,2,1.421481321592284,-0.21667824548083645,0.028539937779493478,-0.30796134049424695,False,6.788225099390858,36,20,2.0,93
2STEP-VF,9,2,1.4397904928130438,-0.214976152926955,0.03305246402013358,-0.4553486520508001,False,6.788225099390858,36,20,2.0,94
2STEP-VF,9,2,1.445856678539646,-0.21444377518048485,0.03346446148309472,-0.4694463063134888,False,6.788225099390858,36,20,2.0,95
2STEP-VF,9,2,1.4419876337511124,-0.21598261078352812,0.03022053560778554,-0.36217961554360323,False,6.788225099390858,36,20,2.0,96
2STEP-VF,9,2,1.4463396819126255,-0.2192464569711723,0.023263395756144847,-0.1314567865510643,False,6.788225099390858,36,20,2.0,97
2STEP-VF,9,2,1.4027306057752609,-0.22243023737035747,0.04202912432281336,-0.7269355722946541,False,6.788225099390858,36,20,2.0,98
2STEP-VF,9,2,1.4223675501507127,-0.2143751517106299,0.03749068496132651,-0.599859501647894,False,6.788225099390858,36,20,2.0,99
2STEP-VF,9,2,2.873547042923809,-0.3714542744886503,0.04752376192487182,-0.45685730024770943,False,6.788225099390858,40,20,2.0,0
2STEP-VF,9,2,2.877672831924787,-0.3833810872586473,0.048301270172676485,-0.45286566618940727,False,6.788225099390858,40,20,2.0,1
2STEP-VF,9,2,2.8992486033591653,-0.3953787072586312,0.04373779228321287,-0.27674553944054714,False,6.788225099390858,40,20,2.0,2
2STEP-VF,9,2,2.8909228811420205,-0.38933833613859564,0.04607717042871001,-0.36660207411756995,False,6.788225099390858,40,20,2.0,3
2STEP-VF,9,2,2.8740821358568347,-0.37109015008502444,0.04910636291286894,-0.5083423248563379,False,6.788225099390858,40,20,2.0,4
2STEP-VF,9,2,2.9093401382020354,-0.38870424974417594,0.03194794568281095,0.08511634582819361,False,6.788225099390858,40,20,2.0,5
2STEP-VF,9,2,2.9020273420499474,-0.39965298868910265,0.045358069193265106,-0.31816940080764056,False,6.788225099390858,40,20,2.0,6
2STEP-VF,9,2,2.879302692506699,-0.37123682620759535,0.03603417343103695,-0.08936700534455189,False,6.788225099390858,40,20,2.0,7
2STEP-VF,9,2,2.908207507412726,-0.37349573340732345,0.029976700030505347,0.11162780964616836,False,6.788225099390858,40,20,2.0,8
2STEP-VF,9,2,2.8791396794812063,-0.37349585549643044,0.04888743321304755,-0.49525942885721674,False,6.788225099390858,40,20,2.0,9
2STEP-VF,9,2,2.865121352543419,-0.37636989772816287,0.05103788079275921,-0.5580171496680992,False,6.788225099390858,40,20,2.0,10
2STEP-VF,9,2,2.859534359260876,-0.3726109555528177,0.05478717610032452,-0.68735128032797,False,6.788225099390858,40,20,2.0,11
2STEP-VF,9,2,2.915091648864361,-0.3780793740708957,0.04197599249148255,-0.26093576302543053,False,6.788225099390858,40,20,2.0,12
2STEP-VF,9,2,2.9079108704461687,-0.37366795640198885,0.03711640362102638,-0.11644716828130108,False,6.788225099390858,40,20,2.0,13
2STEP-VF,9,2,2.8873729488132156,-0.386242030130282,0.046786378758180626,-0.3969408710203106,False,6.788225099390858,40,20,2.0,14
2STEP-VF,9,2,2.9016335519625933,-0.3963985263308671,0.054483600170016,-0.6180207291286759,False,6.788225099390858,40,20,2.0,15
2STEP-VF,9,2,2.89500015465714,-0.38767145791014496,0.05027155954960234,-0.5045783973234992,False,6.788225099390858,40,20,2.0,16
2STEP-VF,9,2,2.9004648751243165,-0.3730904840717142,0.035998306323054056,-0.08250074805815699,False,6.788225099390858,40,20,2.0,17
2STEP-VF,9,2,2.890717676018506,-0.38470795464839397,0.048737298848282734,-0.46285141142779196,False,6.788225099390858,40,20,2.0,18
2STEP-VF,9,2,2.87729885637666,-0.38692589267914557,0.04530202788181834,-0.3484048184056383,False,6.788225099390858,40,20,2.0,19
2STEP-VF,9,2,2.8746690761359757,-0.36365062189532993,0.05217206556410463,-0.6242644609343984,False,6.788225099390858,40,20,2.0,20
2STEP-VF,9,2,2.8798189855807528,-0.3720457085857532,0.03413183154257291,-0.026519769621680567,False,6.788225099390858,40,20,2.0,21
2STEP-VF,9,2,2.8850323859539313,-0.3707173104225083,0.04959266062110339,-0.5241416517040531,False,6.788225099390858,40,20,2.0,22
2STEP-VF,9,2,2.870571479114212,-0.38402762541640817,0.05765943764454723,-0.7512014148792796,False,6.788225099390858,40,20,2.0,23
2STEP-VF,9,2,2.8779133429471133,-0.38534479193204174,0.04171034732635336,-0.237228813229581,False,6.788225099390858,40,20,2.0,24
2STEP-VF,9,2,2.8635226633980637,-0.3789194727751006,0.05276042728960602,-0.6071155788032678,False,6.788225099390858,40,20,2.0,25
2STEP-VF,9,2,2.8787644164790596,-0.3796112303292911,0.05813793957686933,-0.7766212486807769,False,6.788225099390858,40,20,2.0,26
2STEP-VF,9,2,2.866730798268801,-0.3748280040087166,0.05154515222732893,-0.5778538137574785,False,6.788225099390858,40,20,2.0,27
2STEP-VF,9,2,2.882416554884135,-0.37967557629913196,0.051834563394995474,-0.5745396522288908,False,6.788225099390858,40,20,2.0,28
2STEP-VF,9,2,2.907545634136043,-0.3745207340553306,0.05172303867753222,-0.5818347379000754,False,6.788225099390858,40,20,2.0,29
2STEP-VF,9,2,2.8941006303288015,-0.3852291322837176,0.04251457953860965,-0.26227058993485874,False,6.788225099390858,40,20,2.0,30
2STEP-VF,9,2,2.8991455143615266,-0.3658946773037419,0.05094838382517707,-0.5782523260149945,False,6.788225099390858,40,20,2.0,31
2STEP-VF,9,2,2.8853490897673812,-0.3778228479843483,0.037513567912052244,-0.12053839263719324,False,6.788225099390858,40,20,2.0,32
2STEP-VF,9,2,2.889723986507786,-0.38155779740992773,0.04802771635305523,-0.44776477032347395,False,6.788225099390858,40,20,2.0,33
2STEP-VF,9,2,2.894316244808211,-0.37109489903077264,0.04334553330818371,-0.3227703334995322,False,6.788225099390858,40,20,2.0,34
2STEP-VF,9,2,2.8798783640785284,-0.3884897266337718,0.05039541160129823,-0.5074851254757797,False,6.788225099390858,40,20,2.0,35
2STEP-VF,9,2,2.8929378804649315,-0.3611520197773038,0.04786117729952958,-0.4912165532915218,False,6.788225099390858,40,20,2.0,36
2STEP-VF,9,2,2.9074264674142967,-0.35965141085794605,0.035928507226788746,-0.11210325715331182,False,6.788225099390858,40,20,2.0,37
2STEP-VF,9,2,2.8612416430426824,-0.3674333693908065,0.05688046386680295,-0.7666602586171982,False,6.788225099390858,40,20,2.0,38
2STEP-VF,9,2,2.9021885495490465,-0.3820927402972879,0.05079190700140887,-0.5341871343586506,False,6.788225099390858,40,20,2.0,39
2STEP-VF,9,2,2.883448788968507,-0.36647142710220987,0.06621950560971952,-1.066485827127611,False,6.788225099390858,40,20,2.0,40
2STEP-VF,9,2,2.8707810783342174,-0.38658365200159883,0.05340936851506325,-0.6090521629781342,False,6.788225099390858,40,20,2.0,41
2STEP-VF,9,2,2.854627310372669,-0.38138851356039066,0.05790201893598425,-0.7662545347841987,False,6.788225099390858,40,20,2.0,42
2STEP-VF,9,2,2.8942726163134274,-0.3764089491600238,0.0640021400977799,-0.9710306481660944,False,6.788225099390858,40,20,2.0,43
2STEP-VF,9,2,2.8960095273799893,-0.38572467208954225,0.04742471161837497,-0.4180909871302987,False,6.788225099390858,40,20,2.0,44
2STEP-VF,9,2,2.8568833743239903,-0.3815469923419775,0.06563723484711034,-1.013265731027346,False,6.788225099390858,40,20,2.0,45
2STEP-VF,9,2,2.8677967820127024,-0.35953072790820256,0.060394879766219774,-0.8976945986185849,False,6.788225099390858,40,20,2.0,46
2STEP-VF,9,2,2.8759750475851944,-0.3806742060698024,0.04399398507377475,-0.3216309249381548,False,6.788225099390858,40,20,2.0,47
2STEP-VF,9,2,2.872346343127282,-0.3748310729075281,0.055461970219272606,-0.7028476914510196,False,6.788225099390858,40,20,2.0,48
2STEP-VF,9,2,2.8795421908158008,-0.3695015714296401,0.036445288995304616,-0.10667294496966373,False,6.788225099390858,40,20,2.0,49
2STEP-VF,9,2,2.8806302102870283,-0.37798440651408394,0.04558076315305358,-0.3785840326466916,False,6.788225099390858,40,20,2.0,50
2STEP-VF,9,2,2.875268764132718,-0.3803070555347277,0.05555493334904549,-0.6925048080381464,False,6.788225099390858,40,20,2.0,51
2STEP-VF,9,2,2.8936915438549944,-0.374387694608923,0.03884811046255866,-0.17098757510916252,False,6.788225099390858,40,20,2.0,52
2STEP-VF,9,2,2.8914877555922307,-0.3862899123652787,0.05129203119801599,-0.5407599433243093,False,6.788225099390858,40,20,2.0,53
2STEP-VF,9,2,2.8744886219415093,-0.38204257549469123,0.05031901437043919,-0.520836961350305,False,6.788225099390858,40,20,2.0,54
2STEP-VF,9,2,2.912427550314435,-0.37881286312920065,0.046921303299314036,-0.417585181049102,False,6.788225099390858,40,20,2.0,55
2STEP-VF,9,2,2.9016400823019906,-0.3719369694129244,0.0414492672489781,-0.2596294204381615,False,6.788225099390858,40,20,2.0,56
2STEP-VF,9,2,2.87866965929297,-0.3801526193459565,0.05013461725353873,-0.519221286125366,False,6.788225099390858,40,20,2.0,57
2STEP-VF,9,2,2.890504357301316,-0.38424218303463725,0.052407157478894455,-0.5814175386034146,False,6.788225099390858,40,20,2.0,58
2STEP-VF,9,2,2.8780198604469294,-0.3746599537210687,0.05056326718721185,-0.5461594694333991,False,6.788225099390858,40,20,2.0,59
2STEP-VF,9,2,2.901217572038253,-0.38111381934002725,0.041530524542254074,-0.24023056461377013,False,6.788225099390858,40,20,2.0,60
2STEP-VF,9,2,2.870254075604332,-0.369646150007667,0.0638514102871342,-0.9838791246336342,False,6.788225099390858,40,20,2.0,61
2STEP-VF,9,2,2.883393530508399,-0.40490890454982026,0.04732240873224962,-0.3695320966819158,False,6.788225099390858,40,20,2.0,62
2STEP-VF,9,2,2.9038451161507277,-0.38212686866302437,0.05214951266671875,-0.5774492135746985,False,6.788225099390858,40,20,2.0,63
2STEP-VF,9,2,2.8822342725442347,-0.37983284592907424,0.05267495304504234,-0.6010656108589232,False,6.788225099390858,40,20,2.0,64
2STEP-VF,9,2,2.8796055569640067,-0.37747054925719925,0.03937358966822186,-0.1812492177479812,False,6.788225099390858,40,20,2.0,65
2STEP-VF,9,2,2.8684819823833605,-0.37711288041335417,0.036678055326973345,-0.09651793852809565,False,6.788225099390858,40,20,2.0,66
2STEP-VF,9,2,2.87358015198476,-0.36647167928625013,0.04780743602042996,-0.4778911132476731,False,6.788225099390858,40,20,2.0,67
2STEP-VF,9,2,2.87923295223286,-0.37497912434482467,0.0499528788768827,-0.525788248498696,False,6.788225099390858,40,20,2.0,68
2STEP-VF,9,2,2.9069984376879012,-0.3880853043769343,0.03165031335037322,0.093014609553973,False,6.788225099390858,40,20,2.0,69
2STEP-VF,9,2,2.9106036711006262,-0.3921430687592067,0.027279633577159994,0.24283131081901355,False,6.788225099390858,40,20,2.0,70
2STEP-VF,9,2,2.876880470198144,-0.38571630582966754,0.05462747587131311,-0.6497472656789292,False,6.788225099390858,40,20,2.0,71
2STEP-VF,9,2,2.8854712584992743,-0.3750949045007229,0.05507600505350376,-0.6890761154004295,False,6.788225099390858,40,20,2.0,72
2STEP-VF,9,2,2.8690679491914906,-0.378923782360407,0.050594286360461926,-0.5374560089183158,False,6.788225099390858,40,20,2.0,73
2STEP-VF,9,2,2.9068619651958723,-0.3752984986285998,0.045841812533952774,-0.39180988646609705,False,6.788225099390858,40,20,2.0,74
2STEP-VF,9,2,2.895017236579748,-0.39097920860772967,0.050996761282780204,-0.519845226195631,False,6.788225099390858,40,20,2.0,75
2STEP-VF,9,2,2.8912802893356666,-0.37960455404511384,0.04143270814646986,-0.24131891361862268,False,6.788225099390858,40,20,2.0,76
2STEP-VF,9,2,2.9050134003126877,-0.38948105798351723,0.04428351576785539,-0.3080171613921703,False,6.788225099390858,40,20,2.0,77
2STEP-VF,9,2,2.8878864240010884,-0.37785256735665934,0.03703155453340092,-0.10489039797278199,False,6.788225099390858,40,20,2.0,78
2STEP-VF,9,2,2.873293691413185,-0.3973376160653231,0.04999335117205966,-0.4737793374643431,False,6.788225099390858,40,20,2.0,79
2STEP-VF,9,2,2.893788877411404,-0.38263059936988597,0.04739145966349512,-0.4245859380994337,False,6.788225099390858,40,20,2.0,80
2STEP-VF,9,2,2.8748676849120276,-0.36722324095785935,0.052921851713178265,-0.6396714154281209,False,6.788225099390858,40,20,2.0,81
2STEP-VF,9,2,2.870841037732348,-0.3610005136764297,0.05142708864148592,-0.6070151414401779,False,6.788225099390858,40,20,2.0,82
2STEP-VF,9,2,2.9045115537403148,-0.38384361252450944,0.038472963996106786,-0.135639484592176,False,6.788225099390858,40,20,2.0,83
2STEP-VF,9,2,2.8909527162921695,-0.36750267346652915,0.048135026677619173,-0.48485727438661397,False,6.788225099390858,40,20,2.0,84
2STEP-VF,9,2,2.8909140952446455,-0.38421438426322546,0.03908509222610837,-0.15515358328904827,False,6.788225099390858,40,20,2.0,85
2STEP-VF,9,2,2.9027450632653244,-0.37320854508103163,0.03859851646966,-0.16528731503872485,False,6.788225099390858,40,20,2.0,86
2STEP-VF,9,2,2.893843348894631,-0.38562425279877516,0.0429624845429377,-0.27567069772326835,False,6.788225099390858,40,20,2.0,87
2STEP-VF,9,2,2.889394225373668,-0.38503115926201387,0.04417258300852167,-0.3160842205214405,False,6.788225099390858,40,20,2.0,88
2STEP-VF,9,2,2.8594029107085337,-0.3870844199393065,0.050276312450917196,-0.5082752159325032,False,6.788225099390858,40,20,2.0,89
2STEP-VF,9,2,2.8597829800855505,-0.38901138454705747,0.05620574722531385,-0.6933696094919728,False,6.788225099390858,40,20,2.0,90
2STEP-VF,9,2,2.8766592606418677,-0.3902747732191103,0.05834084075776383,-0.7576478928840662,False,6.788225099390858,40,20,2.0,91
2STEP-VF,9,2,2.892913020325504,-0.3879731450827211,0.035612807352581176,-0.03489950586453694,False,6.788225099390858,40,20,2.0,92
2STEP-VF,9,2,2.8814371262942013,-0.3765807038457462,0.054441969386409314,-0.6654631035576555,False,6.788225099390858,40,20,2.0,93
2STEP-VF,9,2,2.9055366894815657,-0.3858010927811719,0.043391010197789744,-0.28825750228556557,False,6.788225099390858,40,20,2.0,94
2STEP-VF,9,2,2.890571711415152,-0.368482811240266,0.043838257217189,-0.34503118128850074,False,6.788225099390858,40,20,2.0,95
2STEP-VF,9,2,2.8919316354695743,-0.3902139252259486,0.042103863742374126,-0.23729432108552118,False,6.788225099390858,40,20,2.0,96
2STEP-VF,9,2,2.887357096891052,-0.3722687829051273,0.04060681662643756,-0.23273162726023355,False,6.788225099390858,40,20,2.0,97
2STEP-VF,9,2,2.8784667694984183,-0.37835165371604657,0.05302989537804617,-0.6162046770090612,False,6.788225099390858,40,20,2.0,98
2STEP-VF,9,2,2.89418945500599,-0.3818170052573839,0.04766491066237796,-0.4352649612780146,False,6.788225099390858,40,20,2.0,99
2STEP-VF,9,2,5.0993311331130355,-0.5857966256866974,0.056015636164312155,-0.08062858762313341,False,6.788225099390858,44,20,2.0,0
2STEP-VF,9,2,5.116507979258063,-0.6097576975166986,0.05549634441386636,-0.00547406844816356,False,6.788225099390858,44,20,2.0,1
2STEP-VF,9,2,5.066451011199866,-0.6013649905079408,0.07700805326905752,-0.7169946667187914,False,6.788225099390858,44,20,2.0,2
2STEP-VF,9,2,5.0815773296490745,-0.5755768819177377,0.07268628709699645,-0.6396820307223721,False,6.788225099390858,44,20,2.0,3
2STEP-VF,9,2,5.099174781276605,-0.5842713365731128,0.06960377852416104,-0.5191192181210866,False,6.788225099390858,44,20,2.0,4
2STEP-VF,9,2,5.089638652595379,-0.5981992048592176,0.06273883411460032,-0.26658628084936575,False,6.788225099390858,44,20,2.0,5
2STEP-VF,9,2,5.103226747556965,-0.5866291892028689,0.05463165622050536,-0.03410934011586875,False,6.788225099390858,44,20,2.0,6
2STEP-VF,9,2,5.073699161843069,-0.581045274992605,0.06697978566151873,-0.4444225314757637,False,6.788225099390858,44,20,2.0,7
2STEP-VF,9,2,5.076073201498753,-0.5809139741315571,0.061552323631771384,-0.2709164262110224,False,6.788225099390858,44,20,2.0,8
2STEP-VF,9,2,5.087671859012995,-0.58322660915097,0.058370747041250066,-0.16285973181689495,False,6.788225099390858,44,20,2.0,9
2STEP-VF,9,2,5.061135812051698,-0.5975395870172072,0.07520770682285104,-0.6688834607668344,False,6.788225099390858,44,20,2.0,10
2STEP-VF,9,2,5.055046931818426,-0.5925417256603868,0.07147689276619623,-0.5618576110242461,False,6.788225099390858,44,20,2.0,11
2STEP-VF,9,2,5.074396507184139,-0.5836985160558252,0.06647373201909533,-0.4218191956460222,False,6.788225099390858,44,20,2.0,12
2STEP-VF,9,2,5.090139825482145,-0.6047881207766693,0.04862256598854165,0.20097776775960186,False,6.788225099390858,44,20,2.0,13
2STEP-VF,9,2,5.070677398822348,-0.5937520686881471,0.06177980873335963,-0.24770827068661472,False,6.788225099390858,44,20,2.0,14
2STEP-VF,9,2,5.0750286801649676,-0.5733387510300231,0.05761758910720949,-0.16324812814875056,False,6.788225099390858,44,20,2.0,15
2STEP-VF,9,2,5.098616121079468,-0.5897581670980281,0.05983960275646726,-0.1935307199069174,False,6.788225099390858,44,20,2.0,16
2STEP-VF,9,2,5.089417535959461,-0.5934115722903658,0.06153043496684462,-0.23942109328458283,False,6.788225099390858,44,20,2.0,17
2STEP-VF,9,2,5.101121231739236,-0.575821573355468,0.04872795777958772,0.12874440101066975,False,6.788225099390858,44,20,2.0,18
2STEP-VF,9,2,5.095874609792241,-0.5816312779162639,0.07852031535491827,-0.8109825477708172,False,6.788225099390858,44,20,2.0,19
2STEP-VF,9,2,5.08693940713363,-0.588985933637938,0.06460632617161811,-0.348619832332711,False,6.788225099390858,44,20,2.0,20
2STEP-VF,9,2,5.071923276367163,-0.5876938733635402,0.0724990083707766,-0.6051875752103253,False,6.788225099390858,44,20,2.0,21
2STEP-VF,9,2,5.111821644638639,-0.5925537926587413,0.0564789752818812,-0.07848880796090141,False,6.788225099390858,44,20,2.0,22
2STEP-VF,9,2,5.084426473322143,-0.5998920568678601,0.06494174995403426,-0.33332947364690413,False,6.788225099390858,44,20,2.0,23
2STEP-VF,9,2,5.070379132008762,-0.5896020516886593,0.07922276269737002,-0.8158607343425333,False,6.788225099390858,44,20,2.0,24
2STEP-VF,9,2,5.110578809043598,-0.5905945508050693,0.04546009699385921,0.2693385466712872,False,6.788225099390858,44,20,2.0,25
2STEP-VF,9,2,5.057258147340033,-0.5803241250167624,0.07012963994567252,-0.5479350893808892,False,6.788225099390858,44,20,2.0,26
2STEP-VF,9,2,5.0489888989904825,-0.5989438122447367,0.07834177252688161,-0.7665322375334149,False,6.788225099390858,44,20,2.0,27
2STEP-VF,9,2,5.09406712849549,-0.5902452566505972,0.06283315981220754,-0.2884284703194788,False,6.788225099390858,44,20,2.0,28
2STEP-VF,9,2,5.089410944752534,-0.5844789792003016,0.058147432569913476,-0.15260363547135603,False,6.788225099390858,44,20,2.0,29
2STEP-VF,9,2,5.068005658579429,-0.5786790786481222,0.07625602594347558,-0.74728270192096,False,6.788225099390858,44,20,2.0,30
2STEP-VF,9,2,5.086340494448913,-0.5976765336693867,0.060749445911070246,-0.20437815868078557,False,6.788225099390858,44,20,2.0,31
2STEP-VF,9,2,5.0784601881671145,-0.5962362816501477,0.0667640358971155,-0.4007744614573152,False,6.788225099390858,44,20,2.0,32
2STEP-VF,9,2,5.061246084139702,-0.5886170600826856,0.06480799177592972,-0.3575000275829239,False,6.788225099390858,44,20,2.0,33
2STEP-VF,9,2,5.097692123810349,-0.5911596129588416,0.06057248270945901,-0.2136748481728481,False,6.788225099390858,44,20,2.0,34
2STEP-VF,9,2,5.1035342923657,-0.5928593995451689,0.06303640677049867,-0.2880904002056106,False,6.788225099390858,44,20,2.0,35
2STEP-VF,9,2,5.073021982536704,-0.5744853637805993,0.07741626191494262,-0.7941741892525238,False,6.788225099390858,44,20,2.0,36
2STEP-VF,9,2,5.08127664393161,-0.6011678284841451,0.05795186027176617,-0.10678014169867334,False,6.788225099390858,44,20,2.0,37
2STEP-VF,9,2,5.0646923878375985,-0.5978425550943779,0.06056836119651822,-0.1994838827918206,False,6.788225099390858,44,20,2.0,38
2STEP-VF,9,2,5.1104134816179245,-0.6009323447893881,0.0594971116255926,-0.15504513562735678,False,6.788225099390858,44,20,2.0,39
2STEP-VF,9,2,5.072710083156856,-0.594158407390073,0.06497279725692859,-0.3487867294961289,False,6.788225099390858,44,20,2.0,40
2STEP-VF,9,2,5.061609964407211,-0.5787923760604644,0.07406136564903214,-0.6771654003594818,False,6.788225099390858,44,20,2.0,41
2STEP-VF,9,2,5.082869624992376,-0.5740396328121508,0.05132236607496461,0.040351581849836116,False,6.788225099390858,44,20,2.0,42
2STEP-VF,9,2,5.056761904264897,-0.5957479806237859,0.05959469094066896,-0.17382924234842734,False,6.788225099390858,44,20,2.0,43
2STEP-VF,9,2,5.103851883597605,-0.6077580998098414,0.04984854418378123,0.16969713867847602,False,6.788225099390858,44,20,2.0,44
2STEP-VF,9,2,5.0633426706514415,-0.5919857274149695,0.08462168470278217,-0.9833276044540167,False,6.788225099390858,44,20,2.0,45
2STEP-VF,9,2,5.091807095988971,-0.6051979793913008,0.06162305264025108,-0.2139541081895746,False,6.788225099390858,44,20,2.0,46
2STEP-VF,9,2,5.059335483612619,-0.5932574913996582,0.08084441588667089,-0.8596431999975322,False,6.788225099390858,44,20,2.0,47
2STEP-VF,9,2,5.083599624041732,-0.5964537685259397,0.0646771190849883,-0.33316278881486694,False,6.788225099390858,44,20,2.0,48
2STEP-VF,9,2,5.078695372528059,-0.5871835814911999,0.07501552656145263,-0.6865345320359215,False,6.788225099390858,44,20,2.0,49
2STEP-VF,9,2,5.0426643455930735,-0.592606100238621,0.06532188497037526,-0.3654858177437341,False,6.788225099390858,44,20,2.0,50
2STEP-VF,9,2,5.082354328503866,-0.5867889706133946,0.07235139770562297,-0.6020099373975567,False,6.788225099390858,44,20,2.0,51
2STEP-VF,9,2,5.0570689277556164,-0.5966966057010699,0.0751700755250144,-0.6699464274525564,False,6.788225099390858,44,20,2.0,52
2STEP-VF,9,2,5.1123112299808255,-0.5981023860024334,0.04697553559130298,0.23896726128299384,False,6.788225099390858,44,20,2.0,53
2STEP-VF,9,2,5.058891125781823,-0.5933707202540529,0.07174835226659951,-0.5683240763745483,False,6.788225099390858,44,20,2.0,54
2STEP-VF,9,2,5.072747333018234,-0.5914151415332779,0.05159165634993674,0.072828176462985,False,6.788225099390858,44,20,2.0,55
2STEP-VF,9,2,5.107568653926423,-0.5975572964802031,0.06077047132186574,-0.20406345151163152,False,6.788225099390858,44,20,2.0,56
2STEP-VF,9,2,5.0799340753973965,-0.6012815095950413,0.05817299167620414,-0.11366406608658997,False,6.788225099390858,44,20,2.0,57
2STEP-VF,9,2,5.110853292024956,-0.5933262183406272,0.063500140700881,-0.3013703808891901,False,6.788225099390858,44,20,2.0,58
2STEP-VF,9,2,5.068014575643083,-0.5916729227011778,0.08110663799109065,-0.8713165266934897,False,6.788225099390858,44,20,2.0,59
2STEP-VF,9,2,5.093326005316919,-0.5966510098349764,0.05783320576804946,-0.11310060065462468,False,6.788225099390858,44,20,2.0,60
2STEP-VF,9,2,5.0789575349671905,-0.5654524083288671,0.05903737168492298,-0.2273726618302232,False,6.788225099390858,44,20,2.0,61
2STEP-VF,9,2,5.076912699083697,-0.5748328539941526,0.07197552469226882,-0.6190031786216146,False,6.788225099390858,44,20,2.0,62
2STEP-VF,9,2,5.086012897727884,-0.5926267674424172,0.06746732990447245,-0.4314895412176447,False,6.788225099390858,44,20,2.0,63
2STEP-VF,9,2,5.0821434093528595,-0.5707739188192145,0.06930281221433467,-0.5429039811314236,False,6.788225099390858,44,20,2.0,64
2STEP-VF,9,2,5.0692982732537075,-0.5921044149320562,0.06973335834558658,-0.5062589748266138,False,6.788225099390858,44,20,2.0,65
2STEP-VF,9,2,5.088187558776284,-0.5917752339165709,0.05404541311137124,-0.003901404637532746,False,6.788225099390858,44,20,2.0,66
2STEP-VF,9,2,5.05773916561836,-0.5920742034271856,0.0692754101602248,-0.492370686964847,False,6.788225099390858,44,20,2.0,67
2STEP-VF,9,2,5.095957300056312,-0.6069340877412079,0.06342253437571442,-0.2671218514405842,False,6.788225099390858,44,20,2.0,68
2STEP-VF,9,2,5.049977226297407,-0.5821706789799379,0.0801127808097344,-0.8634007227818059,False,6.788225099390858,44,20,2.0,69
2STEP-VF,9,2,5.110978505287108,-0.5804924689476095,0.05776040945111684,-0.14849246664424998,False,6.788225099390858,44,20,2.0,70
2STEP-VF,9,2,5.062771927932093,-0.6024645453249878,0.07942825705269158,-0.7920230012302345,False,6.788225099390858,44,20,2.0,71
2STEP-VF,9,2,5.098144084440153,-0.6067193932361227,0.05563056330145423,-0.018162836813432337,False,6.788225099390858,44,20,2.0,72
2STEP-VF,9,2,5.090097886526622,-0.57323615559306,0.04945024504901615,0.09876480504642404,False,6.788225099390858,44,20,2.0,73
2STEP-VF,9,2,5.106325386798817,-0.596805168748741,0.06272947463181151,-0.2686312600130616,False,6.788225099390858,44,20,2.0,74
2STEP-VF,9,2,5.081148109980665,-0.5724468127973256,0.06350594240370179,-0.3534489196060364,False,6.788225099390858,44,20,2.0,75
2STEP-VF,9,2,5.082358927757636,-0.5975437096653088,0.07046007594139758,-0.515675991262524,False,6.788225099390858,44,20,2.0,76
2STEP-VF,9,2,5.110996527209442,-0.5889459452957575,0.05418344221823125,-0.01374009064101589,False,6.788225099390858,44,20,2.0,77
2STEP-VF,9,2,5.094659006080695,-0.5843286925270487,0.06527917506508515,-0.38086519965296706,False,6.788225099390858,44,20,2.0,78
2STEP-VF,9,2,5.083910073887011,-0.6002138298184184,0.06404572465738376,-0.30391539303885584,False,6.788225099390858,44,20,2.0,79
2STEP-VF,9,2,5.104635569506675,-0.5938930956724358,0.058723529816974866,-0.1475313903589499,False,6.788225099390858,44,20,2.0,80
2STEP-VF,9,2,5.072464179141035,-0.5877851998879603,0.06148489056921157,-0.2524841677352039,False,6.788225099390858,44,20,2.0,81
2STEP-VF,9,2,5.08783908620548,-0.5584269654801156,0.07323028444723655,-0.6978740399869636,False,6.788225099390858,44,20,2.0,82
2STEP-VF,9,2,5.11291573654956,-0.5885473828966137,0.051214178186880566,0.08043496116466775,False,6.788225099390858,44,20,2.0,83
2STEP-VF,9,2,5.0839238049440745,-0.5937066264993306,0.06831276497283989,-0.4560771472358389,False,6.788225099390858,44,20,2.0,84
2STEP-VF,9,2,5.094390093246347,-0.5722323976181202,0.06099215418168994,-0.2727277739358094,False,6.788225099390858,44,20,2.0,85
2STEP-VF,9,2,5.061841050133568,-0.5711017941131128,0.07782914875749035,-0.816177991360207,False,6.788225099390858,44,20,2.0,86
2STEP-VF,9,2,5.070168235185986,-0.5962459941470354,0.061671023236192606,-0.23827226349411967,False,6.788225099390858,44,20,2.0,87
2STEP-VF,9,2,5.097014389475613,-0.5814194263416226,0.05028045685209537,0.09225286732137872,False,6.788225099390858,44,20,2.0,88
2STEP-VF,9,2,5.073869851650957,-0.579896131323881,0.053896131130749356,-0.028493289907608244,False,6.788225099390858,44,20,2.0,89
2STEP-VF,9,2,5.11058300349309,-0.5979643409826456,0.05280932260483446,0.051851075213231734,False,6.788225099390858,44,20,2.0,90
2STEP-VF,9,2,5.072444198721079,-0.5742799232102804,0.07846063957931458,-0.8281219989101294,False,6.788225099390858,44,20,2.0,91
2STEP-VF,9,2,5.093069058903426,-0.5799289509949089,0.059753153655801215,-0.21468729106365236,False,6.788225099390858,44,20,2.0,92
2STEP-VF,9,2,5.094169992282461,-0.580846507079233,0.06421714629950302,-0.35526686505699034,False,6.788225099390858,44,20,2.0,93
2STEP-VF,9,2,5.128652133481009,-0.5965790185254519,0.039808407126139964,0.4656397444334659,False,6.788225099390858,44,20,2.0,94
2STEP-VF,9,2,5.06564050808356,-0.5810833962693124,0.06669913278754384,-0.43583366767004006,False,6.788225099390858,44,20,2.0,95
2STEP-VF,9,2,5.082827344417851,-0.5750737661414885,0.05933272804351574,-0.21350061798786069,False,6.788225099390858,44,20,2.0,96
2STEP-VF,9,2,5.094226435059022,-0.574237133494051,0.060157217018987845,-0.2412082381183478,False,6.788225099390858,44,20,2.0,97
2STEP-VF,9,2,5.067301402310932,-0.5739216347570657,0.06591795026600457,-0.42792440095653306,False,6.788225099390858,44,20,2.0,98
2STEP-VF,9,2,5.0511834668743525,-0.5744572964036486,0.07057035387147656,-0.5764828045060324,False,6.788225099390858,44,20,2.0,99
2STEP-VF,9,2,4.978507020024945,-0.2911994287196536,0.01332291736198008,-0.7077443722047854,False,13.576450198781716,36,40,2.0,0
2STEP-VF,9,2,4.9758938697194175,-0.2765532962496124,0.0186545221241322,-1.4254972887066875,False,13.576450198781716,36,40,2.0,1
2STEP-VF,9,2,4.958745178775863,-0.27478273537129005,0.016840005341782024,-1.1985174081304517,False,13.576450198781716,36,40,2.0,2
2STEP-VF,9,2,5.019090203201825,-0.27703184789634466,0.01846868708899931,-1.3979701002485754,False,13.576450198781716,36,40,2.0,3
2STEP-VF,9,2,4.978996305402706,-0.27093996144765403,0.01783273950323701,-1.333594970615806,False,13.576450198781716,36,40,2.0,4
2STEP-VF,9,2,4.975603485380401,-0.2698977392933093,0.01459505063273238,-0.9218756975629788,False,13.576450198781716,36,40,2.0,5
2STEP-VF,9,2,4.987477683471491,-0.28144373586581733,0.014987404501630141,-0.9436741491224074,False,13.576450198781716,36,40,2.0,6
2STEP-VF,9,2,4.981644681839616,-0.29016790766384726,0.018245765335619318,-1.3401563036556627,False,13.576450198781716,36,40,2.0,7
2STEP-VF,9,2,4.94222659186032,-0.2868063550630534,0.015470918498614058,-0.9954087201596525,False,13.576450198781716,36,40,2.0,8
2STEP-VF,9,2,4.968778020278357,-0.2922235784621993,0.02016053169055538,-1.5810847868651092,False,13.576450198781716,36,40,2.0,9
2STEP-VF,9,2,4.980567582435745,-0.2804950545805643,0.01693110382926358,-1.19515910420624,False,13.576450198781716,36,40,2.0,10
2STEP-VF,9,2,4.87520084786448,-0.28193702389262193,0.02337767401859892,-2.023181366166501,False,13.576450198781716,36,40,2.0,11
2STEP-VF,9,2,4.984680434958261,-0.2804931362356517,0.011578165431612279,-0.5097408221833122,False,13.576450198781716,36,40,2.0,12
2STEP-VF,9,2,4.946922929434749,-0.2781352619413505,0.014768921621097258,-0.9260819630751232,False,13.576450198781716,36,40,2.0,13
2STEP-VF,9,2,4.966978106205425,-0.2774644023843908,0.01954524716249275,-1.537858384704209,False,13.576450198781716,36,40,2.0,14
2STEP-VF,9,2,4.967495257845667,-0.280795039736666,0.015467586003120535,-1.0078931975606906,False,13.576450198781716,36,40,2.0,15
2STEP-VF,9,2,4.995080656565386,-0.2869657548174474,0.017935112573349687,-1.3072717584329636,False,13.576450198781716,36,40,2.0,16
2STEP-VF,9,2,5.026708003758593,-0.2781692196300198,0.013894708211588695,-0.8093140437457904,False,13.576450198781716,36,40,2.0,17
2STEP-VF,9,2,4.926963747490905,-0.2685189559021915,0.01942600438042186,-1.5464652416792848,False,13.576450198781716,36,40,2.0,18
2STEP-VF,9,2,5.000707108392248,-0.28278548517274704,0.013193201588624168,-0.7100022124257661,False,13.576450198781716,36,40,2.0,19
2STEP-VF,9,2,5.00529135226556,-0.273473611982186,0.012571936858880523,-0.6525537680435274,False,13.576450198781716,36,40,2.0,20
2STEP-VF,9,2,4.979209765124174,-0.2755608411046276,0.015623237054417146,-1.0396757384068385,False,13.576450198781716,36,40,2.0,21
2STEP-VF,9,2,4.95080775183652,-0.2814211201670356,0.0233097974961295,-2.0111949259935,False,13.576450198781716,36,40,2.0,22
2STEP-VF,9,2,4.971381843314613,-0.2739832666251061,0.0121464914930152,-0.5989081606068147,False,13.576450198781716,36,40,2.0,23
2STEP-VF,9,2,4.969012285575562,-0.2799180030792565,0.013800879247438332,-0.7965685991473577,False,13.576450198781716,36,40,2.0,24
2STEP-VF,9,2,4.988851645655082,-0.29010227804023786,0.013499966906095518,-0.7324191979443511,False,13.576450198781716,36,40,2.0,25
2STEP-VF,9,2,4.946363902862801,-0.2799411035019994,0.02048685776226937,-1.6536773109939131,False,13.576450198781716,36,40,2.0,26
2STEP-VF,9,2,5.008627009601521,-0.2814327918554192,0.007221204155736825,0.051642189094783575,False,13.576450198781716,36,40,2.0,27
2STEP-VF,9,2,4.954754051464341,-0.28214437991586555,0.02206617495543054,-1.850038639409172,False,13.576450198781716,36,40,2.0,28
2STEP-VF,9,2,4.953438813397438,-0.27716599019015986,0.014782275114468472,-0.929726509391735,False,13.576450198781716,36,40,2.0,29
2STEP-VF,9,2,4.971786688414857,-0.2683299917306835,0.014925617533402394,-0.9681798628169751,False,13.576450198781716,36,40,2.0,30
2STEP-VF,9,2,4.974492115169643,-0.28906466614177295,0.015334693854350965,-0.9706160877064903,False,13.576450198781716,36,40,2.0,31
2STEP-VF,9,2,4.935054814001796,-0.2719271995185327,0.02014453748398436,-1.6297722302654123,False,13.576450198781716,36,40,2.0,32
2STEP-VF,9,2,4.960002758586316,-0.29171853982789653,0.014663809666745126,-0.8792429762412459,False,13.576450198781716,36,40,2.0,33
2STEP-VF,9,2,5.017737746915089,-0.28005092382346497,0.012508595542321695,-0.6279137474259562,False,13.576450198781716,36,40,2.0,34
2STEP-VF,9,2,4.951296275904177,-0.2817416263077593,0.01311462583948861,-0.7054144277616696,False,13.576450198781716,36,40,2.0,35
2STEP-VF,9,2,4.9707824450153355,-0.28313241931362915,0.021265043812722567,-1.7441608549748588,False,13.576450198781716,36,40,2.0,36
2STEP-VF,9,2,5.000632411024918,-0.26219142801932105,0.01529472456360988,-1.0284273722341997,False,13.576450198781716,36,40,2.0,37
2STEP-VF,9,2,5.017854959946648,-0.2811650092475657,0.012877747007982596,-0.672484297230816,False,13.576450198781716,36,40,2.0,38
2STEP-VF,9,2,4.987091648985697,-0.2810046160026364,0.013102090275644743,-0.7034309779370584,False,13.576450198781716,36,40,2.0,39
2STEP-VF,9,2,4.958533381948845,-0.27423084343130166,0.0188725073063928,-1.4600149080662241,False,13.576450198781716,36,40,2.0,40
2STEP-VF,9,2,4.9709738326797925,-0.26912002349705155,0.014798450049260172,-0.9500551199515912,False,13.576450198781716,36,40,2.0,41
2STEP-VF,9,2,4.9457004856441715,-0.27747020021172,0.01695242965365257,-1.2072404860207513,False,13.576450198781716,36,40,2.0,42
2STEP-VF,9,2,4.970471967199772,-0.28292567747387,0.018343025136010768,-1.3706572734401044,False,13.576450198781716,36,40,2.0,43
2STEP-VF,9,2,4.93999661201904,-0.2701475898168152,0.009120371036476237,-0.2226534803874598,False,13.576450198781716,36,40,2.0,44
2STEP-VF,9,2,4.939647169566192,-0.28708086889422446,0.019690736652850743,-1.5350413760447852,False,13.576450198781716,36,40,2.0,45
2STEP-VF,9,2,4.955036830109363,-0.28480497337309313,0.016546545101647252,-1.1371236271088634,False,13.576450198781716,36,40,2.0,46
2STEP-VF,9,2,5.002573125112165,-0.2783905090862788,0.01598418172916856,-1.077683652019777,False,13.576450198781716,36,40,2.0,47
2STEP-VF,9,2,4.967390798389134,-0.2720675110103184,0.017027565004580265,-1.228522846258162,False,13.576450198781716,36,40,2.0,48
2STEP-VF,9,2,4.991391003116043,-0.2784471514727599,0.012285603612524667,-0.6048006386815716,False,13.576450198781716,36,40,2.0,49
2STEP-VF,9,2,4.96475058802246,-0.282138838761831,0.015898161806857197,-1.0599464629679796,False,13.576450198781716,36,40,2.0,50
2STEP-VF,9,2,5.000165960773783,-0.2772283839467471,0.017528286443141916,-1.2782625856035457,False,13.576450198781716,36,40,2.0,51
2STEP-VF,9,2,4.964523826517398,-0.28388444980564825,0.017726457107112886,-1.28979240058585,False,13.576450198781716,36,40,2.0,52
2STEP-VF,9,2,4.958585325350546,-0.2740203051346314,0.013088024577841414,-0.7201032941195533,False,13.576450198781716,36,40,2.0,53
2STEP-VF,9,2,5.00393079673512,-0.2823347440677306,0.015467337279140113,-1.0019799381632741,False,13.576450198781716,36,40,2.0,54
2STEP-VF,9,2,4.946953966233972,-0.27764893954456993,0.016077570054716026,-1.0947542741226457,False,13.576450198781716,36,40,2.0,55
2STEP-VF,9,2,4.971814576249413,-0.2688156384777523,0.013826644850305207,-0.8263441339174966,False,13.576450198781716,36,40,2.0,56
2STEP-VF,9,2,4.972022283292814,-0.2644402059638243,0.016759542986553175,-1.2122436709680597,False,13.576450198781716,36,40,2.0,57
2STEP-VF,9,2,4.943752564250926,-0.28033679439598824,0.017226209162312423,-1.2355213123705633,False,13.576450198781716,36,40,2.0,58
2STEP-VF,9,2,4.981504530543642,-0.27556944009601647,0.010478422905323305,-0.38098120381832523,False,13.576450198781716,36,40,2.0,59
2STEP-VF,9,2,4.978125484469262,-0.2921293324915098,0.015870264798486192,-1.0315959671584538,False,13.576450198781716,36,40,2.0,60
2STEP-VF,9,2,4.9959848577661505,-0.2734998786439356,0.014775797437306532,-0.9351432717638221,False,13.576450198781716,36,40,2.0,61
2STEP-VF,9,2,4.982608264308744,-0.2865520544164471,0.01946029793288871,-1.5042367089517574,False,13.576450198781716,36,40,2.0,62
2STEP-VF,9,2,4.976684119012748,-0.2726814051380177,0.009856278391108888,-0.3085672145899305,False,13.576450198781716,36,40,2.0,63
2STEP-VF,9,2,4.969100622692762,-0.28561968906514373,0.020034999106322646,-1.5808465944913885,False,13.576450198781716,36,40,2.0,64
2STEP-VF,9,2,4.95873665661518,-0.27590140992628603,0.019267342971541937,-1.506532317137371,False,13.576450198781716,36,40,2.0,65
2STEP-VF,9,2,4.960093698605986,-0.2687936606245808,0.014751936768511928,-0.945537498954174,False,13.576450198781716,36,40,2.0,66
2STEP-VF,9,2,4.959170693320264,-0.2819475358600943,0.016428563086274967,-1.128631747379754,False,13.576450198781716,36,40,2.0,67
2STEP-VF,9,2,4.984770331622838,-0.269770225634435,0.014525116587616262,-0.9126801617948678,False,13.576450198781716,36,40,2.0,68
2STEP-VF,9,2,4.960719651246068,-0.2686006909200686,0.017907274508349513,-1.3498462997858094,False,13.576450198781716,36,40,2.0,69
2STEP-VF,9,2,4.941397239123704,-0.26121343236933786,0.013789645577511112,-0.8416785618875897,False,13.576450198781716,36,40,2.0,70
2STEP-VF,9,2,5.024600450252865,-0.2693481100155499,0.01366473655382782,-0.8011747878374698,False,13.576450198781716,36,40,2.0,71
2STEP-VF,9,2,4.960720870691335,-0.27613861441495724,0.019696752640913525,-1.5608084111995542,False,13.576450198781716,36,40,2.0,72
2STEP-VF,9,2,4.99343592377222,-0.28491569783332876,0.012765261707938935,-0.650549668389862,False,13.576450198781716,36,40,2.0,73
2STEP-VF,9,2,4.992435710168543,-0.2753499723078756,0.010462047628915254,-0.3787560203521386,False,13.576450198781716,36,40,2.0,74
2STEP-VF,9,2,4.9772783290021545,-0.275682752392256,0.015865852913749586,-1.0705538674784039,False,13.576450198781716,36,40,2.0,75
2STEP-VF,9,2,4.956713212964579,-0.2795625147275837,0.014338913947086597,-0.8670281571030092,False,13.576450198781716,36,40,2.0,76
2STEP-VF,9,2,4.9631010435799325,-0.2713871467604545,0.010173570385850081,-0.3531017945489239,False,13.576450198781716,36,40,2.0,77
2STEP-VF,9,2,5.020757023800827,-0.2880108011389518,0.012624936397542686,-0.6235205147239304,False,13.576450198781716,36,40,2.0,78
2STEP-VF,9,2,4.947930337680708,-0.29114709324147053,0.020279920811712177,-1.6002010198587873,False,13.576450198781716,36,40,2.0,79
2STEP-VF,9,2,4.979254406133497,-0.2822376475425248,0.01410655173863323,-0.8295130040749845,False,13.576450198781716,36,40,2.0,80
2STEP-VF,9,2,4.985670359158486,-0.2684058754734747,0.014658527193107633,-0.932977158031929,False,13.576450198781716,36,40,2.0,81
2STEP-VF,9,2,4.971285900261151,-0.2820078820212997,0.020166089947024235,-1.6061634423523141,False,13.576450198781716,36,40,2.0,82
2STEP-VF,9,2,4.977773226198311,-0.28157634434630735,0.013984643325464596,-0.8155847256564325,False,13.576450198781716,36,40,2.0,83
2STEP-VF,9,2,4.936507554430643,-0.28617333800135336,0.015244199562076422,-0.9682510794766958,False,13.576450198781716,36,40,2.0,84
2STEP-VF,9,2,4.9797700068327115,-0.2703518055889808,0.02002570009689904,-1.615659078579561,False,13.576450198781716,36,40,2.0,85
2STEP-VF,9,2,5.012686213193252,-0.29164392084245594,0.014982496214219135,-0.9170529326065604,False,13.576450198781716,36,40,2.0,86
2STEP-VF,9,2,4.9449938497381405,-0.28299433981087535,0.021565404436954837,-1.7844857213998302,False,13.576450198781716,36,40,2.0,87
2STEP-VF,9,2,4.959570956718377,-0.2726358679196675,0.016124932316238398,-1.1120909960682108,False,13.576450198781716,36,40,2.0,88
2STEP-VF,9,2,4.983117730445127,-0.281063843219331,0.01943186372913281,-1.513738269775898,False,13.576450198781716,36,40,2.0,89
2STEP-VF,9,2,4.9727391385594455,-0.277084759659574,0.016974035601666167,-1.2093087855167255,False,13.576450198781716,36,40,2.0,90
2STEP-VF,9,2,4.995618433670632,-0.28000508765492194,0.010944750074125405,-0.42917869309600154,False,13.576450198781716,36,40,2.0,91
2STEP-VF,9,2,5.008357603851458,-0.2755555812341353,0.006148245133491748,0.17485947410606828,False,13.576450198781716,36,40,2.0,92
2STEP-VF,9,2,4.9760543211297135,-0.28258579389478217,0.014211938628053311,-0.8423589797755643,False,13.576450198781716,36,40,2.0,93
2STEP-VF,9,2,4.952810346360677,-0.2789072542843834,0.01616423155559286,-1.102475608051726,False,13.576450198781716,36,40,2.0,94
2STEP-VF,9,2,4.979426817573764,-0.28142076593419574,0.0133554729308522,-0.7353250878525863,False,13.576450198781716,36,40,2.0,95
2STEP-VF,9,2,4.96218362717232,-0.2756612362091719,0.019454214057913928,-1.5308214148806316,False,13.576450198781716,36,40,2.0,96
2STEP-VF,9,2,4.970270377620643,-0.27721178131773,0.01619554534070144,-1.1095053057899944,False,13.576450198781716,36,40,2.0,97
2STEP-VF,9,2,4.949186816150445,-0.2652004326892479,0.01763769879602322,-1.3241931984677509,False,13.576450198781716,36,40,2.0,98
2STEP-VF,9,2,4.964427764072503,-0.27122187538946735,0.020923345910198125,-1.7293901097262885,False,13.576450198781716,36,40,2.0,99
2STEP-VF,9,2,6.988388804215373,-0.3338313844159772,0.01547137429111495,-0.7598372584114463,False,13.576450198781716,40,40,2.0,0
2STEP-VF,9,2,6.933734746472079,-0.3476798543919821,0.015188893627275173,-0.6937226489621409,False,13.576450198781716,40,40,2.0,1
2STEP-VF,9,2,6.940361474846215,-0.3471753703348116,0.020788892783675354,-1.411335699016125,False,13.576450198781716,40,40,2.0,2
2STEP-VF,9,2,6.893294020241434,-0.3500354029098029,0.02207844414520979,-1.5723582423888407,False,13.576450198781716,40,40,2.0,3
2STEP-VF,9,2,6.911697271799206,-0.35513456685462824,0.026003883769413785,-2.061472325725905,False,13.576450198781716,40,40,2.0,4
2STEP-VF,9,2,6.892666216416933,-0.32622395530679626,0.014046344615218552,-0.6014346450266481,False,13.576450198781716,40,40,2.0,5
2STEP-VF,9,2,6.895801182123179,-0.3491247421322509,0.02105635490786465,-1.4435659761618829,False,13.576450198781716,40,40,2.0,6
2STEP-VF,9,2,6.951511762749236,-0.34982973551074953,0.015028486860211864,-0.6669642471163661,False,13.576450198781716,40,40,2.0,7
2STEP-VF,9,2,6.860171355418866,-0.3432388277114216,0.021968963713827644,-1.5766438875373952,False,13.576450198781716,40,40,2.0,8
2STEP-VF,9,2,6.852305750783882,-0.36222957264641054,0.02167057550870464,-1.493344345715776,False,13.576450198781716,40,40,2.0,9
2STEP-VF,9,2,6.905830708404555,-0.36009742757044116,0.021877875493744505,-1.521784394525965,False,13.576450198781716,40,40,2.0,10
2STEP-VF,9,2,6.914442120554703,-0.35944034537239666,0.016979022561164157,-0.8957915317019784,False,13.576450198781716,40,40,2.0,11
2STEP-VF,9,2,6.91771502608526,-0.35721106417811443,0.017579615923227935,-0.9778213825805859,False,13.576450198781716,40,40,2.0,12
2STEP-VF,9,2,6.875905059268527,-0.34349314218624927,0.026097534336449443,-2.1035465502624198,False,13.576450198781716,40,40,2.0,13
2STEP-VF,9,2,6.953492249229899,-0.35772612144159466,0.017327693382349626,-0.9421925265271314,False,13.576450198781716,40,40,2.0,14
2STEP-VF,9,2,6.92003439661042,-0.36368004706529633,0.017697434097165912,-0.9772373876839009,False,13.576450198781716,40,40,2.0,15
2STEP-VF,9,2,6.902967296065596,-0.3764348652208847,0.023759683663813133,-1.723617794674023,False,13.576450198781716,40,40,2.0,16
2STEP-VF,9,2,6.921052956242136,-0.33828645358456616,0.021605364060606827,-1.5383359337801874,False,13.576450198781716,40,40,2.0,17
2STEP-VF,9,2,6.94550997833805,-0.3521177899834787,0.018414976879370566,-1.0953037458988009,False,13.576450198781716,40,40,2.0,18
2STEP-VF,9,2,6.928734203200148,-0.3500340315299745,0.014909265028597912,-0.6525801957965855,False,13.576450198781716,40,40,2.0,19
2STEP-VF,9,2,6.900200079199733,-0.33887672539694286,0.020125325595807233,-1.3487255305586796,False,13.576450198781716,40,40,2.0,20
2STEP-VF,9,2,6.935808093447556,-0.36989872884076364,0.014876408401113162,-0.6002748405177993,False,13.576450198781716,40,40,2.0,21
2STEP-VF,9,2,6.901939902658015,-0.34995928312557084,0.021905686960403726,-1.5499092572708264,False,13.576450198781716,40,40,2.0,22
2STEP-VF,9,2,6.908886695119437,-0.3505425087757469,0.016027806844459227,-0.7957240533218228,False,13.576450198781716,40,40,2.0,23
2STEP-VF,9,2,6.869103754632094,-0.3417002310477214,0.021636130749260022,-1.5371979561128264,False,13.576450198781716,40,40,2.0,24
2STEP-VF,9,2,6.880543509389214,-0.35698035773140796,0.017723151580799942,-0.9989779332236612,False,13.576450198781716,40,40,2.0,25
2STEP-VF,9,2,6.929704288436025,-0.34344775544174666,0.01881427647382945,-1.1681705182838165,False,13.576450198781716,40,40,2.0,26
2STEP-VF,9,2,6.956020565168574,-0.3448553377582271,0.012765753712774342,-0.38900243070525686,False,13.576450198781716,40,40,2.0,27
2STEP-VF,9,2,6.916330409321567,-0.3507715047021453,0.01806910878566111,-1.0560144887201797,False,13.576450198781716,40,40,2.0,28
2STEP-VF,9,2,6.866022468515203,-0.3558989148877902,0.023039005760617997,-1.6828739935174954,False,13.576450198781716,40,40,2.0,29
2STEP-VF,9,2,6.928803119656365,-0.3491561255780878,0.017385577385057444,-0.9716510167205605,False,13.576450198781716,40,40,2.0,30
2STEP-VF,9,2,6.8940308467682145,-0.34140180473345483,0.02217783370917423,-1.6057565326079177,False,13.576450198781716,40,40,2.0,31
2STEP-VF,9,2,6.936329277478262,-0.350228611052811,0.016617107454039225,-0.8702613309415792,False,13.576450198781716,40,40,2.0,32
2STEP-VF,9,2,6.854518635892529,-0.37298087636466665,0.026112565497238158,-2.0359831622177333,False,13.576450198781716,40,40,2.0,33
2STEP-VF,9,2,6.9456284991814625,-0.3618974727148046,0.019728572097361223,-1.2399655839958184,False,13.576450198781716,40,40,2.0,34
2STEP-VF,9,2,6.9204685830775725,-0.3610398128365702,0.0174945557384687,-0.9575794687315713,False,13.576450198781716,40,40,2.0,35
2STEP-VF,9,2,6.90194741315916,-0.34730542379950463,0.02143046618669776,-1.495449809988953,False,13.576450198781716,40,40,2.0,36
2STEP-VF,9,2,6.964890639266284,-0.3629238952595209,0.014645200989679233,-0.5856749397001151,False,13.576450198781716,40,40,2.0,37
2STEP-VF,9,2,6.933670487649648,-0.36972139041830804,0.021933420797717644,-1.5041262958449408,False,13.576450198781716,40,40,2.0,38
2STEP-VF,9,2,6.8750241421527685,-0.35704778097006407,0.02494910976265203,-1.9240699267621408,False,13.576450198781716,40,40,2.0,39
2STEP-VF,9,2,6.932677811919559,-0.3557418085092677,0.013659507651633747,-0.47867597027170405,False,13.576450198781716,40,40,2.0,40
2STEP-VF,9,2,6.897650544439951,-0.38152175329925203,0.024222033414881192,-1.7709090365201916,False,13.576450198781716,40,40,2.0,41
2STEP-VF,9,2,6.922687941493345,-0.3544560585067804,0.019686437356581037,-1.2538081647364994,False,13.576450198781716,40,40,2.0,42
2STEP-VF,9,2,6.925493071314516,-0.36182395256860983,0.019863400588711735,-1.2586082049115679,False,13.576450198781716,40,40,2.0,43
2STEP-VF,9,2,6.904316737539787,-0.3500893897054077,0.022796449918784246,-1.6634720500590183,False,13.576450198781716,40,40,2.0,44
2STEP-VF,9,2,6.948528278270671,-0.35163564875296527,0.01703318761665635,-0.9194107612286564,False,13.576450198781716,40,40,2.0,45
2STEP-VF,9,2,6.943718848610655,-0.35315668415946394,0.02146846893936147,-1.4837648513389161,False,13.576450198781716,40,40,2.0,46
2STEP-VF,9,2,6.952365020407911,-0.36164666875196794,0.02085685976823707,-1.3845841441051476,False,13.576450198781716,40,40,2.0,47
2STEP-VF,9,2,6.960930644534201,-0.36730089255583426,0.015752321024473638,-0.7171191103265719,False,13.576450198781716,40,40,2.0,48
2STEP-VF,9,2,6.824604596591309,-0.33656468704986603,0.029452108129878887,-2.5526383159093413,False,13.576450198781716,40,40,2.0,49
2STEP-VF,9,2,6.880840192879227,-0.35817231503525965,0.02235560679071202,-1.5890537015537622,False,13.576450198781716,40,40,2.0,50
2STEP-VF,9,2,6.935489388268502,-0.342932695088227,0.01735245742616312,-0.9819467190410249,False,13.576450198781716,40,40,2.0,51
2STEP-VF,9,2,6.927627351782101,-0.3459252624656059,0.017268120843323177,-0.964441196920987,False,13.576450198781716,40,40,2.0,52
2STEP-VF,9,2,7.005378040890119,-0.3540574050421464,0.007175986722903851,0.35153415402286525,False,13.576450198781716,40,40,2.0,53
2STEP-VF,9,2,6.944384192410256,-0.3607773781335825,0.014386975168916136,-0.5590040625560524,False,13.576450198781716,40,40,2.0,54
2STEP-VF,9,2,6.873692464899835,-0.34671042443053074,0.018195742754449663,-1.0845285060422936,False,13.576450198781716,40,40,2.0,55
2STEP-VF,9,2,6.995552268851758,-0.3803640485163927,0.0132918555816889,-0.3687506618857317,False,13.576450198781716,40,40,2.0,56
2STEP-VF,9,2,6.9189984237962845,-0.35945279194440255,0.01658205140311925,-0.8446759735049214,False,13.576450198781716,40,40,2.0,57
2STEP-VF,9,2,6.897070648332581,-0.3496002884335609,0.021305690797470873,-1.4742634909357712,False,13.576450198781716,40,40,2.0,58
2STEP-VF,9,2,6.905322731466559,-0.34190827066535556,0.025496549594409026,-2.0286591345995095,False,13.576450198781716,40,40,2.0,59
2STEP-VF,9,2,6.923191430445833,-0.3397576893276828,0.020811422024307,-1.4330520788981078,False,13.576450198781716,40,40,2.0,60
2STEP-VF,9,2,6.910029376938963,-0.3488422038637006,0.02502658701060608,-1.9515800854683603,False,13.576450198781716,40,40,2.0,61
2STEP-VF,9,2,6.96561666869209,-0.3543187022316493,0.012586801823215992,-0.3428087478941637,False,13.576450198781716,40,40,2.0,62
2STEP-VF,9,2,6.902747685240357,-0.35152028340454206,0.023361767709866834,-1.732492725577633,False,13.576450198781716,40,40,2.0,63
2STEP-VF,9,2,6.889363553494694,-0.3437486151676695,0.01808030746776867,-1.0759208662623019,False,13.576450198781716,40,40,2.0,64
2STEP-VF,9,2,6.916993760154275,-0.35134851671138095,0.019486692063253645,-1.2360405183798964,False,13.576450198781716,40,40,2.0,65
2STEP-VF,9,2,6.939005295948888,-0.3470315091496974,0.020675253282513757,-1.3972164804455542,False,13.576450198781716,40,40,2.0,66
2STEP-VF,9,2,6.9407201120728015,-0.35306526342025035,0.01511834717582126,-0.6713485995721526,False,13.576450198781716,40,40,2.0,67
2STEP-VF,9,2,6.892965339235142,-0.3630141118270099,0.017657936572589912,-0.9754040925525771,False,13.576450198781716,40,40,2.0,68
2STEP-VF,9,2,6.932767916334583,-0.35969087268037303,0.019819145087952156,-1.2576264018449061,False,13.576450198781716,40,40,2.0,69
2STEP-VF,9,2,6.89350757166575,-0.35938008077679856,0.02012893546457618,-1.30038109130149,False,13.576450198781716,40,40,2.0,70
2STEP-VF,9,2,6.849447565787816,-0.3592313176130201,0.023528262657195737,-1.738495603902538,False,13.576450198781716,40,40,2.0,71
2STEP-VF,9,2,6.924554813699337,-0.3699082988476495,0.023943378474755646,-1.7614992387124047,False,13.576450198781716,40,40,2.0,72
2STEP-VF,9,2,6.878578625219545,-0.34517585693288116,0.027035956582428324,-2.219465668398739,False,13.576450198781716,40,40,2.0,73
2STEP-VF,9,2,6.9380737968653206,-0.35177947295611345,0.019174553870193192,-1.1937877324781376,False,13.576450198781716,40,40,2.0,74
2STEP-VF,9,2,6.919598123581401,-0.3527738383089635,0.01870649729602664,-1.132598554535014,False,13.576450198781716,40,40,2.0,75
2STEP-VF,9,2,6.894423089128877,-0.36167678439188683,0.0235461545544392,-1.7322181150799574,False,13.576450198781716,40,40,2.0,76
2STEP-VF,9,2,6.85649655894037,-0.3522342438780757,0.026479237505271088,-2.132590421830896,False,13.576450198781716,40,40,2.0,77
2STEP-VF,9,2,6.928996544012139,-0.347324172863394,0.019135117966473148,-1.1999772921956895,False,13.576450198781716,40,40,2.0,78
2STEP-VF,9,2,6.874093813974362,-0.3441541651768125,0.02430278258699832,-1.8723405458729743,False,13.576450198781716,40,40,2.0,79
2STEP-VF,9,2,6.932764981370771,-0.33273838353079566,0.014113267515940265,-0.5919602226841985,False,13.576450198781716,40,40,2.0,80
2STEP-VF,9,2,6.958152520102116,-0.35649398128848353,0.013948142218973088,-0.5122874977300682,False,13.576450198781716,40,40,2.0,81
2STEP-VF,9,2,6.940124495128997,-0.3495055108951763,0.01968228198420266,-1.264111398121778,False,13.576450198781716,40,40,2.0,82
2STEP-VF,9,2,6.8892805013039835,-0.35821123710086183,0.01925214210137881,-1.191210389856181,False,13.576450198781716,40,40,2.0,83
2STEP-VF,9,2,6.916801649966109,-0.3619009614192823,0.01734875954674616,-0.9370708155792649,False,13.576450198781716,40,40,2.0,84
2STEP-VF,9,2,6.911340180371043,-0.36195243134669247,0.018910327019336638,-1.1371556124207656,False,13.576450198781716,40,40,2.0,85
2STEP-VF,9,2,6.903914623377879,-0.3508063341461731,0.015885103295280117,-0.7771231424423672,False,13.576450198781716,40,40,2.0,86
2STEP-VF,9,2,6.937751871108553,-0.3620921860490924,0.01925776438544611,-1.1797074825527676,False,13.576450198781716,40,40,2.0,87
2STEP-VF,9,2,6.893596865007769,-0.38035168428822913,0.020860144820360627,-1.3436386828139448,False,13.576450198781716,40,40,2.0,88
2STEP-VF,9,2,6.936028001509003,-0.3535747509388901,0.015090669870562502,-0.6668646610881241,False,13.576450198781716,40,40,2.0,89
2STEP-VF,9,2,6.948970476205775,-0.35019319450872555,0.018099358343123283,-1.059315972526493,False,13.576450198781716,40,40,2.0,90
2STEP-VF,9,2,6.944304361400173,-0.37370819336681516,0.014692324779417466,-0.5670596460010693,False,13.576450198781716,40,40,2.0,91
2STEP-VF,9,2,6.894357693934,-0.3658932965769826,0.021535103506806003,-1.4646878754503705,False,13.576450198781716,40,40,2.0,92
2STEP-VF,9,2,6.946902055218117,-0.350684396109475,0.02794443864115265,-2.318431472091713,False,13.576450198781716,40,40,2.0,93
2STEP-VF,9,2,6.963288690258442,-0.36022580541608934,0.015386873933585964,-0.6871806090848831,False,13.576450198781716,40,40,2.0,94
2STEP-VF,9,2,6.917474109598322,-0.3590156670556094,0.012023844915002156,-0.26236610161091467,False,13.576450198781716,40,40,2.0,95
2STEP-VF,9,2,6.857944832536586,-0.341413139149517,0.028031289475642845,-2.357136828971249,False,13.576450198781716,40,40,2.0,96
2STEP-VF,9,2,6.929572039842388,-0.3669448629900519,0.01969973870853041,-1.225124561125225,False,13.576450198781716,40,40,2.0,97
2STEP-VF,9,2,6.962240455452022,-0.3633347053773363,0.012495784684716484,-0.30972271941098195,False,13.576450198781716,40,40,2.0,98
2STEP-VF,9,2,6.934646542609446,-0.3556557888020097,0.01755360203867896,-0.9772083752695173,False,13.576450198781716,40,40,2.0,99
2STEP-VF,9,2,9.216712515646432,-0.4194115640669705,0.017345519852187824,-0.6606360363805268,False,13.576450198781716,44,40,2.0,0
2STEP-VF,9,2,9.137795326318942,-0.4413999256948651,0.03026227789475781,-2.265944029282188,False,13.576450198781716,44,40,2.0,1
2STEP-VF,9,2,9.2689453409015,-0.450208417181016,0.015428020450967124,-0.3381496960352639,False,13.576450198781716,44,40,2.0,2
2STEP-VF,9,2,9.251781342084252,-0.43106072486373365,0.014066321004895988,-0.2108364684286712,False,13.576450198781716,44,40,2.0,3
2STEP-VF,9,2,9.176168651941529,-0.446799418144428,0.026165053945380597,-1.7262381823455986,False,13.576450198781716,44,40,2.0,4
2STEP-VF,9,2,9.220560171893567,-0.4492658438448733,0.021083530779832545,-1.0672203042772566,False,13.576450198781716,44,40,2.0,5
2STEP-VF,9,2,9.19133227061427,-0.4548002290633433,0.02041661195399453,-0.9703258441224203,False,13.576450198781716,44,40,2.0,6
2STEP-VF,9,2,9.240302351323324,-0.4449021137157624,0.0155645288822472,-0.37007648293041306,False,13.576450198781716,44,40,2.0,7
2STEP-VF,9,2,9.149258416925617,-0.4352632251224483,0.02671166496071705,-1.8255058696623705,False,13.576450198781716,44,40,2.0,8
2STEP-VF,9,2,9.220207283234386,-0.42355594487354264,0.017163671584414782,-0.6272032581145273,False,13.576450198781716,44,40,2.0,9
2STEP-VF,9,2,9.17222126869238,-0.4278871009059401,0.024654783538875093,-1.5785499746802136,False,13.576450198781716,44,40,2.0,10
2STEP-VF,9,2,9.19144195785332,-0.41788575031918035,0.022618306018584274,-1.3407308521415555,False,13.576450198781716,44,40,2.0,11
2STEP-VF,9,2,9.192989549737009,-0.45679748483471894,0.020152000208919257,-0.9315626901541192,False,13.576450198781716,44,40,2.0,12
2STEP-VF,9,2,9.23528568563569,-0.4287811863737897,0.02253064501244068,-1.3007305731571708,False,13.576450198781716,44,40,2.0,13
2STEP-VF,9,2,9.203628996614285,-0.4318781228534969,0.021230446688678455,-1.128771941505593,False,13.576450198781716,44,40,2.0,14
2STEP-VF,9,2,9.186449700377972,-0.4451975635988195,0.020868481386831124,-1.051504482854539,False,13.576450198781716,44,40,2.0,15
2STEP-VF,9,2,9.148183913877478,-0.43907034227071234,0.026005928323295492,-1.7260989690994655,False,13.576450198781716,44,40,2.0,16
2STEP-VF,9,2,9.214839211291993,-0.43141614151139096,0.02146779594620581,-1.159588788809486,False,13.576450198781716,44,40,2.0,17
2STEP-VF,9,2,9.202106732684822,-0.4336468431392922,0.021351248942532347,-1.1400810371487502,False,13.576450198781716,44,40,2.0,18
2STEP-VF,9,2,9.199911607182202,-0.43652460704660523,0.01955179045681647,-0.902975425129724,False,13.576450198781716,44,40,2.0,19
2STEP-VF,9,2,9.268892505301718,-0.43059939668277436,0.020505976901601143,-1.0351929410481853,False,13.576450198781716,44,40,2.0,20
2STEP-VF,9,2,9.207986069691021,-0.426405710171299,0.023569588900923272,-1.441054510725601,False,13.576450198781716,44,40,2.0,21
2STEP-VF,9,2,9.142556315497226,-0.4322373015749893,0.026468985157148878,-1.8021071974052494,False,13.576450198781716,44,40,2.0,22
2STEP-VF,9,2,9.254343383995849,-0.4218626130721656,0.014582742738987834,-0.2988601961774948,False,13.576450198781716,44,40,2.0,23
2STEP-VF,9,2,9.144107065575147,-0.42808719718637106,0.03122950461140997,-2.4213208930786774,False,13.576450198781716,44,40,2.0,24
2STEP-VF,9,2,9.212166336532146,-0.4290773753371315,0.016670051331786614,-0.5512508894676427,False,13.576450198781716,44,40,2.0,25
2STEP-VF,9,2,9.211094752008291,-0.42847176071346704,0.020619449806160872,-1.0582916643557738,False,13.576450198781716,44,40,2.0,26
2STEP-VF,9,2,9.172211967030753,-0.45025017081512053,0.018955846395122117,-0.7954152105974972,False,13.576450198781716,44,40,2.0,27
2STEP-VF,9,2,9.175089735394291,-0.44150525691232945,0.02738230612060671,-1.8948171827244118,False,13.576450198781716,44,40,2.0,28
2STEP-VF,9,2,9.230167714492671,-0.4388093716014443,0.018932276449226813,-0.8163788307880062,False,13.576450198781716,44,40,2.0,29
2STEP-VF,9,2,9.190595961879806,-0.42195483248148624,0.015155013508752677,-0.3757143734519879,False,13.576450198781716,44,40,2.0,30
2STEP-VF,9,2,9.233134888001283,-0.416208296411606,0.018405817346258783,-0.8030566156531935,False,13.576450198781716,44,40,2.0,31
2STEP-VF,9,2,9.241409973856971,-0.4190614971174011,0.020301701524593825,-1.0383856036348291,False,13.576450198781716,44,40,2.0,32
2STEP-VF,9,2,9.200356408937095,-0.4295598710727837,0.01635486686531645,-0.5104578836495994,False,13.576450198781716,44,40,2.0,33
2STEP-VF,9,2,9.235317517852923,-0.43286145472597054,0.022356255289437563,-1.268614134634504,False,13.576450198781716,44,40,2.0,34
2STEP-VF,9,2,9.173779740707028,-0.42519473448529077,0.023220945673663996,-1.4013868990218725,False,13.576450198781716,44,40,2.0,35
2STEP-VF,9,2,9.158063031456608,-0.42155840942374584,0.020659347249117756,-1.0831724833826866,False,13.576450198781716,44,40,2.0,36
2STEP-VF,9,2,9.259479088556228,-0.4593346467226676,0.020747869461998487,-0.9977553936880308,False,13.576450198781716,44,40,2.0,37
2STEP-VF,9,2,9.158492036612591,-0.43928829306020506,0.019985267312785045,-0.9543127904952386,False,13.576450198781716,44,40,2.0,38
2STEP-VF,9,2,9.220431836774527,-0.44578386255520824,0.017144345157653427,-0.5713689998406677,False,13.576450198781716,44,40,2.0,39
2STEP-VF,9,2,9.18652726551182,-0.41655081807841676,0.024744447564913934,-1.616375688990075,False,13.576450198781716,44,40,2.0,40
2STEP-VF,9,2,9.214708777205319,-0.4330917491574359,0.020600286668663603,-1.0445339689787763,False,13.576450198781716,44,40,2.0,41
2STEP-VF,9,2,9.161667150393733,-0.4350201662531323,0.023331366012612344,-1.3926664215832392,False,13.576450198781716,44,40,2.0,42
2STEP-VF,9,2,9.182629325852206,-0.451187957701305,0.018700028560083112,-0.7597947976563746,False,13.576450198781716,44,40,2.0,43
2STEP-VF,9,2,9.156521914595277,-0.4397151368779277,0.018986042937792644,-0.8255058526547159,False,13.576450198781716,44,40,2.0,44
2STEP-VF,9,2,9.2734944313045,-0.4232779658212135,0.012170072999357191,0.01450743993146153,False,13.576450198781716,44,40,2.0,45
2STEP-VF,9,2,9.159921752172501,-0.42562145925087014,0.014602645312624972,-0.2980517926835584,False,13.576450198781716,44,40,2.0,46
2STEP-VF,9,2,9.245267019803453,-0.4410428027815474,0.01407596527991026,-0.1885048079645928,False,13.576450198781716,44,40,2.0,47
2STEP-VF,9,2,9.15982209431133,-0.4424823847426889,0.01980456517341932,-0.9234372931565402,False,13.576450198781716,44,40,2.0,48
2STEP-VF,9,2,9.154191250724333,-0.42965326977243523,0.027072673314815027,-1.8848828617990199,False,13.576450198781716,44,40,2.0,49
2STEP-VF,9,2,9.118326741759644,-0.4353651752446992,0.035360993941349984,-2.9342311993999424,False,13.576450198781716,44,40,2.0,50
2STEP-VF,9,2,9.237194395037626,-0.4211043086668475,0.019734612211498925,-0.9611483585691714,False,13.576450198781716,44,40,2.0,51
2STEP-VF,9,2,9.132113317133738,-0.4218578112569106,0.027998324602057048,-2.0234000030186934,False,13.576450198781716,44,40,2.0,52
2STEP-VF,9,2,9.209286229313637,-0.42729579661716227,0.018372689627125873,-0.7736371866321046,False,13.576450198781716,44,40,2.0,53
2STEP-VF,9,2,9.166993841552674,-0.43319320718563603,0.013354235357338828,-0.11965879800068357,False,13.576450198781716,44,40,2.0,54
2STEP-VF,9,2,9.169065084095163,-0.4462243407822565,0.03639186126213234,-3.0370759186298155,False,13.576450198781716,44,40,2.0,55
2STEP-VF,9,2,9.196547540439564,-0.4407505522123599,0.02353184715262014,-1.4024822577993412,False,13.576450198781716,44,40,2.0,56
2STEP-VF,9,2,9.19908595423679,-0.43663564704778346,0.023413120693978964,-1.3970087386604202,False,13.576450198781716,44,40,2.0,57
2STEP-VF,9,2,9.164356800503384,-0.43669756282341055,0.026093300809973498,-1.7420069448702202,False,13.576450198781716,44,40,2.0,58
2STEP-VF,9,2,9.173556515388862,-0.4296134789020926,0.021815431281784786,-1.210889463780099,False,13.576450198781716,44,40,2.0,59
2STEP-VF,9,2,9.181626833330679,-0.4570058342250687,0.02132225219905742,-1.0815366693393447,False,13.576450198781716,44,40,2.0,60
2STEP-VF,9,2,9.15876053605235,-0.4291137716996762,0.026189955976599823,-1.7729156807624145,False,13.576450198781716,44,40,2.0,61
2STEP-VF,9,2,9.201825105668753,-0.43983768012906793,0.022067158505304947,-1.2168763500291455,False,13.576450198781716,44,40,2.0,62
2STEP-VF,9,2,9.196127618181624,-0.42194128050751045,0.01951606766809662,-0.9336299312074456,False,13.576450198781716,44,40,2.0,63
2STEP-VF,9,2,9.14736902180976,-0.4317107847952841,0.030905465832898635,-2.3709516017937586,False,13.576450198781716,44,40,2.0,64
2STEP-VF,9,2,9.25466688210533,-0.43796152522330056,0.017619720621777742,-0.6489365661253104,False,13.576450198781716,44,40,2.0,65
2STEP-VF,9,2,9.187597205789011,-0.4289733056140737,0.020297443925177655,-1.0172810566016228,False,13.576450198781716,44,40,2.0,66
2STEP-VF,9,2,9.20564122484847,-0.4386471521147227,0.021705241702882263,-1.1731792994026873,False,13.576450198781716,44,40,2.0,67
2STEP-VF,9,2,9.142238471400386,-0.43250107124994236,0.023328485100816407,-1.3995092136206155,False,13.576450198781716,44,40,2.0,68
2STEP-VF,9,2,9.205933369985438,-0.4297559389612207,0.02369273293004846,-1.4488995593401477,False,13.576450198781716,44,40,2.0,69
2STEP-VF,9,2,9.274824470241128,-0.43605524743091745,0.014056529544416146,-0.19621371963659762,False,13.576450198781716,44,40,2.0,70
2STEP-VF,9,2,9.241822637212167,-0.440860761065786,0.01354110119508007,-0.12068576817963317,False,13.576450198781716,44,40,2.0,71
2STEP-VF,9,2,9.195211693361232,-0.41493929358393655,0.028445496941217886,-2.0934566022727688,False,13.576450198781716,44,40,2.0,72
2STEP-VF,9,2,9.128750445146542,-0.4248647376253015,0.023564246367829982,-1.4488231380727226,False,13.576450198781716,44,40,2.0,73
2STEP-VF,9,2,9.216870490452512,-0.43070796089207436,0.016017760659237924,-0.4635620288143256,False,13.576450198781716,44,40,2.0,74
2STEP-VF,9,2,9.223956286698645,-0.45752662283738643,0.0204412724224455,-0.9649815980613781,False,13.576450198781716,44,40,2.0,75
2STEP-VF,9,2,9.121271189794408,-0.4385806755771699,0.028125266980052074,-2.0001642806737943,False,13.576450198781716,44,40,2.0,76
2STEP-VF,9,2,9.130250316247096,-0.4426522509158782,0.03244950999278356,-2.543356857903363,False,13.576450198781716,44,40,2.0,77
2STEP-VF,9,2,9.165319705465118,-0.438644755971669,0.024444922294105952,-1.52628345698565,False,13.576450198781716,44,40,2.0,78
2STEP-VF,9,2,9.200953781242925,-0.4273908327619247,0.020623726586433702,-1.0620417775603195,False,13.576450198781716,44,40,2.0,79
2STEP-VF,9,2,9.182528837791939,-0.42567699045024093,0.023320952839852742,-1.412505456153057,False,13.576450198781716,44,40,2.0,80
2STEP-VF,9,2,9.208714948659756,-0.428488255712671,0.015823386370418524,-0.444498744783576,False,13.576450198781716,44,40,2.0,81
2STEP-VF,9,2,9.140538793702426,-0.44852120590586203,0.029836426645135805,-2.1941793887811696,False,13.576450198781716,44,40,2.0,82
2STEP-VF,9,2,9.147511010377578,-0.4264608960180573,0.022061014994252545,-1.251453108198334,False,13.576450198781716,44,40,2.0,83
2STEP-VF,9,2,9.244095873256752,-0.4488350230644058,0.01849104867511451,-0.7350044226646786,False,13.576450198781716,44,40,2.0,84
2STEP-VF,9,2,9.157715692587072,-0.43216977044717897,0.02243046634036937,-1.2844293009388261,False,13.576450198781716,44,40,2.0,85
2STEP-VF,9,2,9.148402033561524,-0.4344458672884604,0.02190116235870491,-1.2117745784082328,False,13.576450198781716,44,40,2.0,86
2STEP-VF,9,2,9.18336496400829,-0.437387873392986,0.023577360614690124,-1.417169364696673,False,13.576450198781716,44,40,2.0,87
2STEP-VF,9,2,9.13852308620365,-0.43064877427839726,0.025947579937001045,-1.7394217884957621,False,13.576450198781716,44,40,2.0,88
2STEP-VF,9,2,9.203897184345939,-0.43020493166306223,0.02003774571089542,-0.9801057839425087,False,13.576450198781716,44,40,2.0,89
2STEP-VF,9,2,9.184716303781235,-0.43238007904089437,0.022008086963528625,-1.2282399634066439,False,13.576450198781716,44,40,2.0,90
2STEP-VF,9,2,9.177786323265705,-0.4402009950103968,0.01979046454976974,-0.9260298949496328,False,13.576450198781716,44,40,2.0,91
2STEP-VF,9,2,9.1935292051906,-0.438770047882005,0.021405351813529868,-1.1352251649035754,False,13.576450198781716,44,40,2.0,92
2STEP-VF,9,2,9.172620521683397,-0.4454756275128491,0.021920619222526375,-1.186340523151535,False,13.576450198781716,44,40,2.0,93
2STEP-VF,9,2,9.202951039948761,-0.4267177098801374,0.021104217633304598,-1.1250402909537334,False,13.576450198781716,44,40,2.0,94
2STEP-VF,9,2,9.173591340204068,-0.42345443305505076,0.026083874010605964,-1.7720297536131984,False,13.576450198781716,44,40,2.0,95
2STEP-VF,9,2,9.175458086822177,-0.45663538462086234,0.025340686969423723,-1.5971555237868373,False,13.576450198781716,44,40,2.0,96
2STEP-VF,9,2,9.178288675832928,-0.4265339544408032,0.02132517861788231,-1.155244051881033,False,13.576450198781716,44,40,2.0,97
2STEP-VF,9,2,9.205949964099092,-0.4345609220279204,0.022423335707017534,-1.2748837597852904,False,13.576450198781716,44,40,2.0,98
2STEP-VF,9,2,9.191067150371103,-0.43811542210660104,0.01720513860960657,-0.5993166999515327,False,13.576450198781716,44,40,2.0,99
