method,M0,nu,price,delta,gamma,theta,ex_region,alpha_star,K,sigma,T,rep
2STEP-VF,9,2,0.029773543202466307,-0.02811208690826463,0.02992180057807738,-0.17011898345263599,False,1.5398767201798413,36,10,0.5,0
2STEP-VF,9,2,0.029684822152472787,-0.028388413900245612,0.0278813013161926,-0.15313712783980304,False,1.5957442527206631,36,10,0.5,1
2STEP-VF,9,2,0.03092431479955147,-0.03053032529589859,0.018040633359836623,-0.06919682728056331,False,1.558507143222678,36,10,0.5,2
2STEP-VF,9,2,0.030973193086828717,-0.02747046741215816,0.024786460316017233,-0.13050416915374863,False,1.408511145248941,36,10,0.5,3
2STEP-VF,9,2,0.031068320840628112,-0.02693172063257505,0.026193120447263907,-0.14304473480949348,False,1.4918168562854974,36,10,0.5,4
2STEP-VF,9,2,0.02931093680621212,-0.02641066471852587,0.02239609460668677,-0.11402450532065936,False,1.5476764844803295,36,10,0.5,5
2STEP-VF,9,2,0.031408363473114834,-0.028805033765240632,0.02898962497545067,-0.160900416958641,False,1.530139613064928,36,10,0.5,6
2STEP-VF,9,2,0.028916305307053563,-0.02609975351812299,0.024486025414065964,-0.1315138165506094,False,1.478775786401211,36,10,0.5,7
2STEP-VF,9,2,0.03046702656893845,-0.028781565168333478,0.021721796061062254,-0.1028705904903614,False,1.5400722406125777,36,10,0.5,8
2STEP-VF,9,2,0.030113295236984677,-0.028457186896709973,0.019896727490520995,-0.08906977365784496,False,1.567247243727494,36,10,0.5,9
2STEP-VF,9,2,0.030270837383084698,-0.026858697495476216,0.019159939122495313,-0.08700238874783453,False,1.4676233762869977,36,10,0.5,10
2STEP-VF,9,2,0.030397094195708255,-0.028263050459199263,0.02091028645387047,-0.09762714487714305,False,1.4717229312189364,36,10,0.5,11
2STEP-VF,9,2,0.03173970019954699,-0.027830492333255782,0.026967252682820422,-0.14704045785077674,False,1.5180376168182295,36,10,0.5,12
2STEP-VF,9,2,0.031193806057520083,-0.028186121628540353,0.025278992853272647,-0.1327136225542332,False,1.4145483780842203,36,10,0.5,13
2STEP-VF,9,2,0.030611411705874534,-0.02977138334449317,0.017785735585055973,-0.06899787995131174,False,1.4181913147422716,36,10,0.5,14
2STEP-VF,9,2,0.03022836058635404,-0.026184461532391297,0.027029350876782935,-0.15157839770134318,False,1.395038313806416,36,10,0.5,15
2STEP-VF,9,2,0.03013526833643001,-0.02742461508198046,0.022581756593666596,-0.11302686045239389,False,1.413354619868735,36,10,0.5,16
2STEP-VF,9,2,0.029839084987452347,-0.030006139344850965,0.030198313215188337,-0.1677814261946173,False,1.4029895451381176,36,10,0.5,17
2STEP-VF,9,2,0.030041274855458492,-0.02789041904975618,0.025025689728643646,-0.1314660356184069,False,1.3169544342233663,36,10,0.5,18
2STEP-VF,9,2,0.0294782999359152,-0.027514160583975548,0.017235384288951112,-0.0700803909139127,False,1.5097918593427753,36,10,0.5,19
2STEP-VF,9,2,0.030057242407563623,-0.026033830531498,0.018792030036993552,-0.08605161247589943,False,1.4752074809792952,36,10,0.5,20
2STEP-VF,9,2,0.030391222900270087,-0.02844124816559921,0.023671721980312303,-0.11929130687104418,False,1.6460169373482603,36,10,0.5,21
2STEP-VF,9,2,0.03067016545344672,-0.02909772320854327,0.029228732052552275,-0.1621551107927076,False,1.5085034383437268,36,10,0.5,22
2STEP-VF,9,2,0.031155497164168728,-0.029865492999048945,0.02531541238812773,-0.12897678607745433,False,1.3979419707265204,36,10,0.5,23
2STEP-VF,9,2,0.030393140246994577,-0.027569559574443566,0.022931994587796174,-0.11546542530888518,False,1.4276456401273516,36,10,0.5,24
2STEP-VF,9,2,0.029587851609785866,-0.027803227769545368,0.024442142388107456,-0.12703412136136366,False,1.5015832075120077,36,10,0.5,25
2STEP-VF,9,2,0.030490675399995334,-0.026977372737781908,0.017679875693091388,-0.07486387045005483,False,1.4906645654165958,36,10,0.5,26
2STEP-VF,9,2,0.030768362621338783,-0.02939831365379293,0.02282620076151037,-0.11020755156569964,False,1.5080917839568484,36,10,0.5,27
2STEP-VF,9,2,0.029282935997702896,-0.027309480800234234,0.02788388169627716,-0.155771323489793,False,1.370804039178876,36,10,0.5,28
2STEP-VF,9,2,0.030876049214526267,-0.027460615894158585,0.01680236444458128,-0.0666608744577981,False,1.5545950997856206,36,10,0.5,29
2STEP-VF,9,2,0.03127530848012278,-0.029453630153912717,0.024298823171653522,-0.12182535449503035,False,1.3903876801198742,36,10,0.5,30
2STEP-VF,9,2,0.0316860449728713,-0.028917517736259203,0.021225693282589598,-0.09850234099532246,False,1.432450064516306,36,10,0.5,31
2STEP-VF,9,2,0.030364991063566254,-0.02867977070422657,0.021552369973799026,-0.1017656106364345,False,1.6114004012528715,36,10,0.5,32
2STEP-VF,9,2,0.029930226005091754,-0.028145888033790006,0.021864663659605644,-0.10557136443544367,False,1.5453716741820385,36,10,0.5,33
2STEP-VF,9,2,0.029737262264648217,-0.026257213607736574,0.020993233845794063,-0.10314432237190586,False,1.4091673130006,36,10,0.5,34
2STEP-VF,9,2,0.03155794048511798,-0.03063350021128619,0.023793618828185332,-0.11493507368928878,False,1.5192754613460078,36,10,0.5,35
2STEP-VF,9,2,0.0300064604378335,-0.02794374457979612,0.030615192160610614,-0.17605616266710428,False,1.4892830481808226,36,10,0.5,36
2STEP-VF,9,2,0.030930450709586485,-0.031004970788026266,0.0316930921246257,-0.17727698006316742,False,1.4491979128102601,36,10,0.5,37
2STEP-VF,9,2,0.0318942672501384,-0.028923219053308746,0.02359387976099167,-0.11742165632498414,False,1.4431811413499527,36,10,0.5,38
2STEP-VF,9,2,0.030118366431476726,-0.027544871307411307,0.02898016131470165,-0.16392649739393753,False,1.4441446067144876,36,10,0.5,39
2STEP-VF,9,2,0.02994254509903311,-0.027287822566915625,0.019974755643243854,-0.09251071827941137,False,1.505983829335591,36,10,0.5,40
2STEP-VF,9,2,0.031452049933628635,-0.029412643755502527,0.027070758629181863,-0.14408860102423118,False,1.480392645420225,36,10,0.5,41
2STEP-VF,9,2,0.031320366334595985,-0.027714512621161706,0.02769300327910557,-0.15314997396198077,False,1.4627065231522842,36,10,0.5,42
2STEP-VF,9,2,0.0308479670555205,-0.02883854250115628,0.022958084396259633,-0.1126012951439708,False,1.565443368352934,36,10,0.5,43
2STEP-VF,9,2,0.03147291598427615,-0.028044681407303325,0.017278158882560322,-0.06902966072389806,False,1.4627343466117124,36,10,0.5,44
2STEP-VF,9,2,0.029462503290678774,-0.02788902866402121,0.026311078710896565,-0.14178721069608097,False,1.4891260012276215,36,10,0.5,45
2STEP-VF,9,2,0.029424741722890384,-0.026992481166075867,0.02901929883745695,-0.16560695139770015,False,1.4523501741803344,36,10,0.5,46
2STEP-VF,9,2,0.030467294455483438,-0.029306664887991756,0.023685767496658842,-0.11732210657476158,False,1.5287126573707395,36,10,0.5,47
2STEP-VF,9,2,0.03038181918236788,-0.02777286557585386,0.020883933018896173,-0.09859367761817808,False,1.4329194964756329,36,10,0.5,48
2STEP-VF,9,2,0.029402211591812336,-0.029034163922342305,0.02497873231197477,-0.12838373238666795,False,1.49047016095692,36,10,0.5,49
2STEP-VF,9,2,0.030513403538347875,-0.027936519937761816,0.027790055987150106,-0.15344199583427165,False,1.5310487707654294,36,10,0.5,50
2STEP-VF,9,2,0.02974641240481382,-0.02882010576399479,0.025579421313507173,-0.13368233193018114,False,1.4571225560067735,36,10,0.5,51
2STEP-VF,9,2,0.029615291712957986,-0.02960233226144888,0.0265185222578434,-0.13932566313249245,False,1.4191108194386146,36,10,0.5,52
2STEP-VF,9,2,0.030053008908766523,-0.027529928908306044,0.02950767283832006,-0.16818637279210005,False,1.4258416583637799,36,10,0.5,53
2STEP-VF,9,2,0.03070249352550053,-0.02669645026333112,0.026651941696136668,-0.14730190332556867,False,1.5999302427637132,36,10,0.5,54
2STEP-VF,9,2,0.028889052182296544,-0.027690222001963808,0.024078453284213534,-0.1244377503380574,False,1.489306050356174,36,10,0.5,55
2STEP-VF,9,2,0.030764656954396157,-0.0290231452709702,0.03388595007208779,-0.19958617250911015,False,1.4468440309782369,36,10,0.5,56
2STEP-VF,9,2,0.030352985075349073,-0.026167933438782025,0.030779767531981687,-0.18161392089825576,False,1.4302589133199195,36,10,0.5,57
2STEP-VF,9,2,0.03032962941315036,-0.02892044168832753,0.02389909496616331,-0.11996392191253144,False,1.5695124376646377,36,10,0.5,58
2STEP-VF,9,2,0.030775772751637204,-0.027358252219583157,0.020321085947715627,-0.09506233588962724,False,1.4590949573647019,36,10,0.5,59
2STEP-VF,9,2,0.031001757061773848,-0.02706756746930183,0.022736462203434667,-0.11506943027744654,False,1.4785167334596134,36,10,0.5,60
2STEP-VF,9,2,0.029216063927418722,-0.024710023934124043,0.028042017567926045,-0.16327911926586558,False,1.3897297030953615,36,10,0.5,61
2STEP-VF,9,2,0.0300175557437672,-0.027048142783001262,0.02064156843359876,-0.09841595144496106,False,1.5168279955059498,36,10,0.5,62
2STEP-VF,9,2,0.029973098732274047,-0.02654162010762063,0.02154933123494135,-0.10689637569730487,False,1.4627008033193996,36,10,0.5,63
2STEP-VF,9,2,0.02986623912140614,-0.025933530660237444,0.03147732560928441,-0.1877861569424211,False,1.4647098650538546,36,10,0.5,64
2STEP-VF,9,2,0.031657049914097644,-0.027444038622256577,0.019223081446439534,-0.08601953588325466,False,1.5378259911071073,36,10,0.5,65
2STEP-VF,9,2,0.03021872993349715,-0.02743140324765063,0.023812682873735308,-0.12285297139951118,False,1.3842608170435728,36,10,0.5,66
2STEP-VF,9,2,0.02987806381748892,-0.027047084976858968,0.02880190537131316,-0.16370955519699448,False,1.4821029566459663,36,10,0.5,67
2STEP-VF,9,2,0.030732361394725422,-0.02897586320646098,0.02412527590457455,-0.12161619385740656,False,1.417790317068505,36,10,0.5,68
2STEP-VF,9,2,0.03038007448183364,-0.027019486454892053,0.023329479684885628,-0.1199662655184341,False,1.437859883195066,36,10,0.5,69
2STEP-VF,9,2,0.030075516289904302,-0.02596354418041779,0.023056063117856178,-0.1203314679324525,False,1.5634380595621828,36,10,0.5,70
2STEP-VF,9,2,0.031135723126939643,-0.027764733640826607,0.021049045675810972,-0.09988886128088757,False,1.5771283991565592,36,10,0.5,71
2STEP-VF,9,2,0.02916992991615451,-0.027503973496597854,0.022464341433011164,-0.11195499927728522,False,1.4889350509051928,36,10,0.5,72
2STEP-VF,9,2,0.0302873875363819,-0.025325698858501965,0.02818630760090964,-0.16289154029468955,False,1.4926120458774839,36,10,0.5,73
2STEP-VF,9,2,0.029459958061642255,-0.02714400291521848,0.027253093920122665,-0.15111154688075848,False,1.4648303955088884,36,10,0.5,74
2STEP-VF,9,2,0.029139884394654078,-0.028547024036425648,0.027036133977423108,-0.14602782106828413,False,1.4436513456002182,36,10,0.5,75
2STEP-VF,9,2,0.030831343831598246,-0.028256269589365217,0.017559977347720135,-0.07081489113738869,False,1.4399514534660627,36,10,0.5,76
2STEP-VF,9,2,0.030740581354391207,-0.026132982103043642,0.019852621841884917,-0.09425738280651115,False,1.60658564322778,36,10,0.5,77
2STEP-VF,9,2,0.03137592939138864,-0.027009881351266384,0.02089533848125375,-0.10045643684350741,False,1.5884160642074823,36,10,0.5,78
2STEP-VF,9,2,0.030246214098720282,-0.028185875659314102,0.027661110509600764,-0.1518280096485291,False,1.4823000109373259,36,10,0.5,79
2STEP-VF,9,2,0.031236679033206493,-0.026582857538203757,0.020996478646463895,-0.10229877033802978,False,1.5474915237827855,36,10,0.5,80
2STEP-VF,9,2,0.030412530695901403,-0.028253456792939176,0.018482188766426082,-0.07822446198660059,False,1.4300055695628784,36,10,0.5,81
2STEP-VF,9,2,0.030879245204921288,-0.028218521625510886,0.022132808871981526,-0.10748526436233083,False,1.4061985903994405,36,10,0.5,82
2STEP-VF,9,2,0.030853505687155586,-0.028525838212341698,0.02319504807003881,-0.11524716250946111,False,1.4945066092039028,36,10,0.5,83
2STEP-VF,9,2,0.028919279005934936,-0.027639609799738483,0.03257106349967403,-0.19249828773766384,False,1.4944088679466412,36,10,0.5,84
2STEP-VF,9,2,0.02949688091964342,-0.02742169620610518,0.02527423256273186,-0.13461197675202388,False,1.5073696694177101,36,10,0.5,85
2STEP-VF,9,2,0.029887267054066653,-0.026935485876902435,0.0350431742780793,-0.21390699209682462,False,1.4378806512413531,36,10,0.5,86
2STEP-VF,9,2,0.02994198946856496,-0.028083019312432584,0.025275897741454494,-0.1330114162136839,False,1.4650175411837467,36,10,0.5,87
2STEP-VF,9,2,0.029944533978267414,-0.028140252931575124,0.02164343405393933,-0.10381419335703831,False,1.4229524826240811,36,10,0.5,88
2STEP-VF,9,2,0.03144835242718021,-0.030248284444043216,0.02111450892988957,-0.09443328762778205,False,1.3883951970276154,36,10,0.5,89
2STEP-VF,9,2,0.03039476599716725,-0.026707023727680006,0.019505207076052612,-0.09012111370215888,False,1.6026298778310772,36,10,0.5,90
2STEP-VF,9,2,0.030154360435419233,-0.0259255125128283,0.01715750207877333,-0.07322952497327359,False,1.4069917612342162,36,10,0.5,91
2STEP-VF,9,2,0.029774277594081876,-0.028350336846773877,0.021924372847797736,-0.10556771769447969,False,1.4095261119693934,36,10,0.5,92
2STEP-VF,9,2,0.030948709502834248,-0.02805340656514811,0.02325939436412215,-0.1168900565864517,False,1.4216035572301928,36,10,0.5,93
2STEP-VF,9,2,0.02975974501176059,-0.026887525152033458,0.02907976738451567,-0.16632249401053947,False,1.4624561741424167,36,10,0.5,94
2STEP-VF,9,2,0.031670765902308384,-0.02852208558778555,0.02717596262440881,-0.14705444963044673,False,1.4976291078995796,36,10,0.5,95
2STEP-VF,9,2,0.030587237436739235,-0.028403144055482953,0.028723979124554273,-0.1597890530170708,False,1.571531372957287,36,10,0.5,96
2STEP-VF,9,2,0.030916255168016965,-0.028683981654546487,0.028902498352716466,-0.1605234555407392,False,1.4749597256166465,36,10,0.5,97
2STEP-VF,9,2,0.030353863464739603,-0.028366043161958548,0.028846393576498458,-0.16087141321540283,False,1.415596976202978,36,10,0.5,98
2STEP-VF,9,2,0.03046469061057024,-0.028159940822952166,0.01899496649249949,-0.08254799252827655,False,1.500514800095024,36,10,0.5,99
2STEP-VF,9,2,0.7334315921357197,-0.4060382977749225,0.16750153697604742,-0.3215144856204224,False,2.6742822106124144,40,10,0.5,0
2STEP-VF,9,2,0.7344987748934128,-0.4079993579837236,0.1608474491192237,-0.26351120729924826,False,2.5584639008684893,40,10,0.5,1
2STEP-VF,9,2,0.7310474782507914,-0.4072300608648948,0.18984481492233485,-0.4975435246078843,False,2.0490705802678155,40,10,0.5,2
2STEP-VF,9,2,0.7386220422380088,-0.40603408120894807,0.16046582056484981,-0.26492744708304294,False,2.198143473082094,40,10,0.5,3
2STEP-VF,9,2,0.7290057804019273,-0.40673503936528815,0.17654827828578978,-0.39248178498551134,False,2.098393961735323,40,10,0.5,4
2STEP-VF,9,2,0.7365257058496764,-0.4087963598345946,0.18583539874440705,-0.4613803840012489,False,2.5454575960137813,40,10,0.5,5
2STEP-VF,9,2,0.7325301464450724,-0.41421590723850327,0.18131628348277,-0.41246028170304827,False,2.389671756290339,40,10,0.5,6
2STEP-VF,9,2,0.7317258291581814,-0.4105211784729339,0.21046114552985212,-0.6545347861542852,False,2.1552734006147416,40,10,0.5,7
2STEP-VF,9,2,0.740032120180275,-0.4015706852620925,0.1686575912846757,-0.34108915843756726,False,2.3967606847032945,40,10,0.5,8
2STEP-VF,9,2,0.739189038596132,-0.41531548965703147,0.18511109487928076,-0.439780241541603,False,2.3644813303365706,40,10,0.5,9
2STEP-VF,9,2,0.7376051384574651,-0.4042919134418745,0.18047213718811714,-0.42922019693699065,False,3.3539900024662943,40,10,0.5,10
2STEP-VF,9,2,0.734897558048155,-0.4182972069219318,0.18903793620440532,-0.4642963395397175,False,2.141595514950429,40,10,0.5,11
2STEP-VF,9,2,0.7354686374626762,-0.4121849573357642,0.16183608303848304,-0.26131664845426994,False,3.11679131692881,40,10,0.5,12
2STEP-VF,9,2,0.7261686781151595,-0.40495704164076485,0.19590619494203088,-0.5517825389115023,False,3.1588834744643224,40,10,0.5,13
2STEP-VF,9,2,0.7388600261330661,-0.4206259153171272,0.16872591553348446,-0.2959735259387868,False,3.1730836378539546,40,10,0.5,14
2STEP-VF,9,2,0.7353359931284948,-0.41799273326278275,0.19588541075292576,-0.5197805666050184,False,2.635995785087701,40,10,0.5,15
2STEP-VF,9,2,0.7319694111553484,-0.4168638906939069,0.2019244787152888,-0.5710043273876133,False,2.3368098909643744,40,10,0.5,16
2STEP-VF,9,2,0.7308143260862382,-0.4112954715103533,0.19250801984627341,-0.5091061675801656,False,3.1246137449752,40,10,0.5,17
2STEP-VF,9,2,0.736688564584051,-0.39884896913591494,0.18536219551433886,-0.48145872431347225,False,2.8986896109397646,40,10,0.5,18
2STEP-VF,9,2,0.7351742424383158,-0.40632900422243384,0.17789227168171987,-0.4038381087736189,False,3.8842696170786146,40,10,0.5,19
2STEP-VF,9,2,0.734558604612893,-0.4176158261329089,0.18943880953773226,-0.4691589773061038,False,2.24122146086846,40,10,0.5,20
2STEP-VF,9,2,0.7325728989146874,-0.4160308160879608,0.1832562431311476,-0.42362161250319397,False,3.053467458681625,40,10,0.5,21
2STEP-VF,9,2,0.7347576863897436,-0.40981450513756923,0.18762031714716276,-0.47332226366375196,False,2.417244888252705,40,10,0.5,22
2STEP-VF,9,2,0.7352351498198145,-0.41261756231077684,0.1842286176017284,-0.4394326822787742,False,2.0089571888855327,40,10,0.5,23
2STEP-VF,9,2,0.7357959730944619,-0.40227969544624476,0.22863672544713012,-0.8194747761203864,False,2.3722092537481014,40,10,0.5,24
2STEP-VF,9,2,0.7380011717125882,-0.41347907932153627,0.1755080581820963,-0.36743460478232826,False,3.700780784818854,40,10,0.5,25
2STEP-VF,9,2,0.7326241204849581,-0.40105804204048784,0.19207533831697574,-0.530105958409538,False,1.9722970952195722,40,10,0.5,26
2STEP-VF,9,2,0.7383074052597576,-0.4119325812412028,0.1864504404806056,-0.45866688455037297,False,2.3732855907330475,40,10,0.5,27
2STEP-VF,9,2,0.7396736515520123,-0.40669031805220585,0.162400742583749,-0.27876875825157765,False,2.9609940179175873,40,10,0.5,28
2STEP-VF,9,2,0.7345932377230551,-0.4122297055905025,0.18263268469637056,-0.4276345898903755,False,2.3995397329693966,40,10,0.5,29
2STEP-VF,9,2,0.7403010792669882,-0.42137057573921005,0.18258824117014963,-0.404998482831074,False,2.3836827030055376,40,10,0.5,30
2STEP-VF,9,2,0.7392471025640925,-0.4126048218453691,0.17679636042128888,-0.37976448478757985,False,3.253383217771705,40,10,0.5,31
2STEP-VF,9,2,0.7323509023234156,-0.4105932805363951,0.17201951099762733,-0.34679116055426573,False,2.075695833296355,40,10,0.5,32
2STEP-VF,9,2,0.7364860931286746,-0.4035852191918517,0.17053020913119554,-0.3514479814014,False,2.8036172274510753,40,10,0.5,33
2STEP-VF,9,2,0.7316459313327195,-0.40878409283736317,0.20248157962105726,-0.5948720582788238,False,2.593780878802438,40,10,0.5,34
2STEP-VF,9,2,0.7322480558765553,-0.40731487145726253,0.19815949551618078,-0.5637853892794233,False,2.4329030935731257,40,10,0.5,35
2STEP-VF,9,2,0.7218174726164007,-0.4002529397268826,0.20992009957015476,-0.6754446928597362,False,6.383434310695554,40,10,0.5,36
2STEP-VF,9,2,0.7321401090096646,-0.4303121677591578,0.20059942835112374,-0.5281178176464318,False,2.572152405443887,40,10,0.5,37
2STEP-VF,9,2,0.7355986055170047,-0.4031912351967944,0.1830244823919972,-0.452400978332651,False,3.4526498577896536,40,10,0.5,38
2STEP-VF,9,2,0.7356320992478583,-0.4094651302897627,0.1893450355224231,-0.48790604552908334,False,3.4223118889050053,40,10,0.5,39
2STEP-VF,9,2,0.7344891464158146,-0.3937321026042222,0.18551772972056002,-0.49511544272939834,False,2.596545715249802,40,10,0.5,40
2STEP-VF,9,2,0.738393673967993,-0.40623577352675444,0.17607938232072823,-0.38936558166353574,False,2.1130044188273036,40,10,0.5,41
2STEP-VF,9,2,0.731320199526986,-0.41497518931881916,0.19442468903096294,-0.5155778459109188,False,2.795379165052943,40,10,0.5,42
2STEP-VF,9,2,0.7289394034122545,-0.41688016912188264,0.18573378572946,-0.4416215157384267,False,2.5745741144228624,40,10,0.5,43
2STEP-VF,9,2,0.7344584711133233,-0.40584273932967063,0.19284437238588892,-0.524664896429103,False,2.2554656302456912,40,10,0.5,44
2STEP-VF,9,2,0.7364171360417698,-0.4005793575161196,0.170742280169386,-0.36036275515389504,False,2.5076413499871957,40,10,0.5,45
2STEP-VF,9,2,0.7386233715240763,-0.4021833001807008,0.1770880131957061,-0.40714678284052264,False,2.944014501853269,40,10,0.5,46
2STEP-VF,9,2,0.7324506175089499,-0.38954136244136867,0.17758407927440226,-0.4418263272853965,False,2.2895325579396095,40,10,0.5,47
2STEP-VF,9,2,0.7309924074544917,-0.4128566883505529,0.16254048762163545,-0.26560830448448747,False,1.989273876497539,40,10,0.5,48
2STEP-VF,9,2,0.7328352294002061,-0.40225702761255067,0.18204295745955631,-0.4469566796423168,False,2.571441953586251,40,10,0.5,49
2STEP-VF,9,2,0.7371963617050085,-0.41188740237645993,0.16425878081961012,-0.2813086991510769,False,3.336150779408768,40,10,0.5,50
2STEP-VF,9,2,0.7375843728867854,-0.40953475600738126,0.1847432008382785,-0.450807129915306,False,2.9595074912337758,40,10,0.5,51
2STEP-VF,9,2,0.7373473110494286,-0.4035900101458124,0.19298177496754218,-0.5309973367274223,False,2.1343705189090025,40,10,0.5,52
2STEP-VF,9,2,0.7385842669889082,-0.406161975424012,0.18087349988789292,-0.4278842020661804,False,3.3778759299145955,40,10,0.5,53
2STEP-VF,9,2,0.731125967771897,-0.3995375535545868,0.19860947604522594,-0.586118121764486,False,2.1455173646766195,40,10,0.5,54
2STEP-VF,9,2,0.7396272315438246,-0.42128187489333224,0.19249618245913563,-0.48451532603645875,False,2.569361663268542,40,10,0.5,55
2STEP-VF,9,2,0.7427902889106727,-0.40941093852957056,0.18220966295955995,-0.4305236338708702,False,3.243560155210874,40,10,0.5,56
2STEP-VF,9,2,0.7300604636068005,-0.40827083146870147,0.19863591015021473,-0.5654336578604267,False,3.859852281887779,40,10,0.5,57
2STEP-VF,9,2,0.7390062088990614,-0.40844421762032185,0.17220492436297805,-0.35303290008110855,False,3.0391470368610847,40,10,0.5,58
2STEP-VF,9,2,0.740713778574071,-0.42431035441640325,0.1340200927518127,-0.00937306470068977,False,2.08017355290137,40,10,0.5,59
2STEP-VF,9,2,0.7407279225088808,-0.41037186053862934,0.16284682597769712,-0.2734384671783341,False,3.2472296238855556,40,10,0.5,60
2STEP-VF,9,2,0.7357267285838689,-0.41835632404751727,0.1597360802067868,-0.2296898602252211,False,2.762637440836888,40,10,0.5,61
2STEP-VF,9,2,0.7393880505558351,-0.41155164793809124,0.17647506572559787,-0.3797132877200142,False,2.1360033468303565,40,10,0.5,62
2STEP-VF,9,2,0.7340109101857439,-0.41031546800667706,0.19985119773590224,-0.5700118040600488,False,2.6998645911550905,40,10,0.5,63
2STEP-VF,9,2,0.7306615082518315,-0.4191319628904635,0.21416678792421184,-0.6635779019614729,False,2.4581674384675054,40,10,0.5,64
2STEP-VF,9,2,0.734249115924114,-0.4000492644542771,0.18400994258739586,-0.46790635905345535,False,2.2404582782849998,40,10,0.5,65
2STEP-VF,9,2,0.7347760829976325,-0.4070084816991462,0.1748220698502926,-0.3776696377445323,False,2.637678734311374,40,10,0.5,66
2STEP-VF,9,2,0.732026494184524,-0.40434420093910356,0.16697318912411235,-0.321437841087979,False,2.3069516521827356,40,10,0.5,67
2STEP-VF,9,2,0.7332745019818652,-0.40953484716198046,0.18054261280711595,-0.41746079914926293,False,3.786567772858455,40,10,0.5,68
2STEP-VF,9,2,0.7383974913282302,-0.41413609369702375,0.1801336185618318,-0.40283847414210383,False,2.293055539459671,40,10,0.5,69
2STEP-VF,9,2,0.7379238655079641,-0.41256957095787056,0.1562597590371374,-0.2156356700677322,False,2.0827764402991376,40,10,0.5,70
2STEP-VF,9,2,0.7452242893688735,-0.4149350065816749,0.15229105409735522,-0.17777095962068978,False,2.4367674172762253,40,10,0.5,71
2STEP-VF,9,2,0.7379684621213677,-0.4178223394485804,0.17675201714830102,-0.3669644147825335,False,2.3344910059566253,40,10,0.5,72
2STEP-VF,9,2,0.7346501209821401,-0.4069635596510563,0.17581691709421665,-0.3857437863322699,False,3.0152451110083094,40,10,0.5,73
2STEP-VF,9,2,0.7358081121922221,-0.4105680128897121,0.186698257009124,-0.46407433840614987,False,3.8651435646784216,40,10,0.5,74
2STEP-VF,9,2,0.7343741732015086,-0.41780888437216984,0.17521576674794778,-0.35492236109828434,False,2.5980561378076428,40,10,0.5,75
2STEP-VF,9,2,0.7321452105217521,-0.40895100953672003,0.18430318969223616,-0.44901438201845645,False,3.9444129072672185,40,10,0.5,76
2STEP-VF,9,2,0.7339622069256146,-0.4089704581558784,0.17385404143181776,-0.36526549946489717,False,2.4635479373070774,40,10,0.5,77
2STEP-VF,9,2,0.7374027213052813,-0.4139811332869475,0.1761327692254974,-0.3712632706369885,False,2.0780626782886555,40,10,0.5,78
2STEP-VF,9,2,0.7367819322321333,-0.4058922318241835,0.18047956541613908,-0.4254882510171445,False,2.856152963273267,40,10,0.5,79
2STEP-VF,9,2,0.7419554495559614,-0.41272263707328166,0.18520379773602239,-0.44657872593894576,False,2.896949088257064,40,10,0.5,80
2STEP-VF,9,2,0.741112922621922,-0.4082859762752081,0.18821342115910553,-0.4813542508550299,False,4.638248278607972,40,10,0.5,81
2STEP-VF,9,2,0.7298774093353794,-0.4119168397373776,0.19484543459051049,-0.5263704167942556,False,1.9912605357823943,40,10,0.5,82
2STEP-VF,9,2,0.7361519452144586,-0.4121613061069357,0.1844320315410605,-0.44210000095897106,False,2.0866745864362435,40,10,0.5,83
2STEP-VF,9,2,0.7404179425513009,-0.4085858002765332,0.16023369678683774,-0.25683857707794444,False,2.3864451132761753,40,10,0.5,84
2STEP-VF,9,2,0.7260739248153253,-0.39620966906669,0.22574263522085525,-0.811473440517867,False,2.163010796961802,40,10,0.5,85
2STEP-VF,9,2,0.729309757350515,-0.41333037688960567,0.19075523520797438,-0.49029039168771105,False,2.589365339204499,40,10,0.5,86
2STEP-VF,9,2,0.7402827131152984,-0.41058478784627744,0.16296790792675067,-0.2739228097960218,False,2.4632323537203833,40,10,0.5,87
2STEP-VF,9,2,0.7308013122719366,-0.40865338946470536,0.19135823708682714,-0.5062496832430086,False,4.037998950550362,40,10,0.5,88
2STEP-VF,9,2,0.735504807637771,-0.40262448352022073,0.17447802813690308,-0.3853951761884289,False,2.282804868199786,40,10,0.5,89
2STEP-VF,9,2,0.7345635053771198,-0.41394257515135674,0.18387292666369603,-0.4334474226236851,False,3.1136972574056974,40,10,0.5,90
2STEP-VF,9,2,0.7400097192414644,-0.40234477969541244,0.1921487237664823,-0.5271617357083811,False,2.5415077173346896,40,10,0.5,91
2STEP-VF,9,2,0.7267437212552387,-0.3961561600836033,0.18732297560251554,-0.5042043973441622,False,2.799979993594063,40,10,0.5,92
2STEP-VF,9,2,0.7367840669367467,-0.4065108405496513,0.15010082263421307,-0.18097351973833686,False,2.3543847411299987,40,10,0.5,93
2STEP-VF,9,2,0.7373914103793706,-0.4083922854555385,0.1860589916396089,-0.4640869634008169,False,2.358358917407849,40,10,0.5,94
2STEP-VF,9,2,0.7357077689112104,-0.4058432523751118,0.19749738362893998,-0.5618127971965794,False,2.2190977283781974,40,10,0.5,95
2STEP-VF,9,2,0.73692757263191,-0.4071616899630704,0.18348860007796802,-0.44650509035446095,False,3.8642854716674067,40,10,0.5,96
2STEP-VF,9,2,0.7294629516255595,-0.4025269116570365,0.17736253219119863,-0.40906789245516806,False,2.2193325080656985,40,10,0.5,97
2STEP-VF,9,2,0.7333137196385945,-0.4033141808167603,0.17450710911568101,-0.384104015786908,False,2.4220894095156025,40,10,0.5,98
2STEP-VF,9,2,0.7287449940204931,-0.4043469360652914,0.18701509148641232,-0.48196338569337005,False,4.176802679222627,40,10,0.5,99
2STEP-VF,9,2,3.946673600302452,-0.9930580831570223,0.044467775143004463,0.0,True,2.3557353297069827,44,10,0.5,0
2STEP-VF,9,2,3.944038173666125,-0.9986366225818512,0.012878521062691332,0.0,True,2.0321416861528765,44,10,0.5,1
2STEP-VF,9,2,3.9446947989036834,-1.0067669043300187,0.017757702958932302,0.0,True,2.4822806742347785,44,10,0.5,2
2STEP-VF,9,2,3.944451590576069,-1.0002911184873793,0.03170110164277157,0.0,True,2.512951487926511,44,10,0.5,3
2STEP-VF,9,2,3.944513354487904,-1.0122419241972815,-0.0046229167826736094,0.0,True,2.27156355564034,44,10,0.5,4
2STEP-VF,9,2,3.948153677026374,-0.9945441419351616,-0.0142656343650013,0.0,True,2.177796003984001,44,10,0.5,5
2STEP-VF,9,2,3.946588248603513,-0.9988610595138937,0.028178903769960056,0.0,True,2.416965233097388,44,10,0.5,6
2STEP-VF,9,2,3.9461298144484758,-1.0103712331147463,0.012676407828351104,0.0,True,2.587782730476572,44,10,0.5,7
2STEP-VF,9,2,3.949224032307729,-1.0025748983638612,0.036217236712226146,0.0,True,2.1993012879184115,44,10,0.5,8
2STEP-VF,9,2,3.9493619789115577,-1.0212065416247396,0.020583292299605163,0.0,True,2.6311355772260905,44,10,0.5,9
2STEP-VF,9,2,3.951386880667757,-0.9858839543417289,-0.04489773023074459,0.0,True,2.1468696858853353,44,10,0.5,10
2STEP-VF,9,2,3.9443450599670555,-1.0182959117470751,0.002495182758434327,0.0,True,2.2592153736074483,44,10,0.5,11
2STEP-VF,9,2,3.9443330553305143,-0.9941497499190585,-0.022321307647012133,0.0,True,1.9701915872516742,44,10,0.5,12
2STEP-VF,9,2,3.9438882614056947,-1.0001822968136138,0.008079072941107875,0.0,True,2.3372907906399893,44,10,0.5,13
2STEP-VF,9,2,3.9473484465072053,-1.0015117545123582,0.031250427848173355,0.0,True,2.1551648342450904,44,10,0.5,14
2STEP-VF,9,2,3.944309499500356,-0.9887779055089038,0.025795627341306412,0.0,True,2.2502389368374827,44,10,0.5,15
2STEP-VF,9,2,3.945609960616593,-0.9847370198217283,-0.0010330752774065776,0.0,True,2.2696007101145494,44,10,0.5,16
2STEP-VF,9,2,3.9551247721544156,-0.9992198819825014,-0.059014247793379396,0.0,True,2.29559410515479,44,10,0.5,17
2STEP-VF,9,2,3.9460014193747717,-0.9976464506622388,0.07858648709919192,0.0,True,2.1223297188164922,44,10,0.5,18
2STEP-VF,9,2,3.9471928688869315,-1.0107593973001696,0.00592428764045974,0.0,True,2.399018347582706,44,10,0.5,19
2STEP-VF,9,2,3.9495670702572134,-1.0047561215441123,-0.012104751447541306,0.0,True,2.336624674216775,44,10,0.5,20
2STEP-VF,9,2,3.9485325024545137,-0.9976183418379376,-0.024788828205148137,0.0,True,2.1528452152334885,44,10,0.5,21
2STEP-VF,9,2,3.950099541534794,-1.0119197128554507,-0.010450739090556996,0.0,True,2.3761615257178867,44,10,0.5,22
2STEP-VF,9,2,3.952315849385077,-1.0032708865888496,-0.06292435561619064,0.0,True,2.2545943541558033,44,10,0.5,23
2STEP-VF,9,2,3.9438994889865167,-1.004642193513186,0.004038955959490347,0.0,True,2.4548345749021574,44,10,0.5,24
2STEP-VF,9,2,3.9427060194827086,-1.0223402181617134,0.028690534090652284,0.0,True,2.0681017242917297,44,10,0.5,25
2STEP-VF,9,2,3.9535626786751825,-0.9936524733192259,-0.052550432850315625,0.0,True,2.3848957621246747,44,10,0.5,26
2STEP-VF,9,2,3.948305428470667,-0.9890247219792857,0.0006147356479132672,0.0,True,1.9644024103144502,44,10,0.5,27
2STEP-VF,9,2,3.942820503333249,-0.9990852614568524,0.016572800503784187,0.0,True,2.191845069242313,44,10,0.5,28
2STEP-VF,9,2,3.9410590304532804,-0.9877251104416079,0.008133775439476274,0.0,True,2.5640808185639923,44,10,0.5,29
2STEP-VF,9,2,3.9470505026426896,-1.005913489874516,-0.01466917549500687,0.0,True,2.243738546280027,44,10,0.5,30
2STEP-VF,9,2,3.9459790541179167,-0.9968255309664824,0.00447950513686561,0.0,True,3.145153692762748,44,10,0.5,31
2STEP-VF,9,2,3.9431173607871264,-0.9957167084246119,0.019560213900069737,0.0,True,2.2900003726194655,44,10,0.5,32
2STEP-VF,9,2,3.9470430981882383,-1.0032126870912,-0.012923604205875483,0.0,True,2.549866183509536,44,10,0.5,33
2STEP-VF,9,2,3.9489017938851734,-0.9948270886582732,-0.005021527640440268,0.0,True,3.318455321681459,44,10,0.5,34
2STEP-VF,9,2,3.9462412312499966,-1.0138684036240555,-0.009447298555925049,0.0,True,2.2192430158181726,44,10,0.5,35
2STEP-VF,9,2,3.949350404789821,-0.9825571993421633,-0.08397489693110685,0.0,True,2.145412143833184,44,10,0.5,36
2STEP-VF,9,2,3.957402231224211,-1.0079074503680292,-0.11051049251595697,0.0,True,2.1810746684362954,44,10,0.5,37
2STEP-VF,9,2,3.949110266593595,-1.0013514584468979,-0.04858175509619131,0.0,True,2.1711716512737764,44,10,0.5,38
2STEP-VF,9,2,3.9470633260770267,-0.9801256687526663,0.010771900815666813,0.0,True,1.9499595056494454,44,10,0.5,39
2STEP-VF,9,2,3.9455757719578544,-0.9998336887539832,0.034349153767040105,0.0,True,2.057971993169474,44,10,0.5,40
2STEP-VF,9,2,3.9503569044276445,-0.9913385802073135,0.023187408541644368,0.0,True,2.052597082361906,44,10,0.5,41
2STEP-VF,9,2,3.9413744385404876,-0.981786946296317,0.035179138978806763,0.0,True,2.2927677438219063,44,10,0.5,42
2STEP-VF,9,2,3.9483161924996013,-0.9855702805372653,0.044000789299536526,0.0,True,2.0508494455516635,44,10,0.5,43
2STEP-VF,9,2,3.9431564593705035,-1.0171894318688877,-0.0011435977485736142,0.0,True,2.1056147509539676,44,10,0.5,44
2STEP-VF,9,2,3.9413436872957006,-0.992740053262055,0.04929027729664784,0.0,True,1.9238049331813336,44,10,0.5,45
2STEP-VF,9,2,3.9476622804726995,-1.011594828727738,0.012701194378669976,0.0,True,2.4780796068688042,44,10,0.5,46
2STEP-VF,9,2,3.946049387904481,-0.9787011579837865,0.013343307430562829,0.0,True,2.307736662678249,44,10,0.5,47
2STEP-VF,9,2,3.947815174808099,-0.9845352085264957,-0.004965222694758175,0.0,True,2.0857496699398914,44,10,0.5,48
2STEP-VF,9,2,3.943134304350197,-0.9726458255254834,0.04520100615826528,0.0,True,2.154977453853312,44,10,0.5,49
2STEP-VF,9,2,3.9453312906927147,-0.9904783214693185,0.015418608003641731,0.0,True,2.1600897196068205,44,10,0.5,50
2STEP-VF,9,2,3.94720561570484,-1.0226338725423725,-0.008890557503370007,0.0,True,2.220700089915775,44,10,0.5,51
2STEP-VF,9,2,3.9493583818221585,-1.01012021720282,0.0030948519332733315,0.0,True,2.281463294532163,44,10,0.5,52
2STEP-VF,9,2,3.946121740873322,-0.9964917170162569,0.005187822610885029,0.0,True,2.2996377511604487,44,10,0.5,53
2STEP-VF,9,2,3.9448096155001435,-1.0087885132434629,0.025300320951508883,0.0,True,2.3588808184671453,44,10,0.5,54
2STEP-VF,9,2,3.9491194586796814,-0.9948001072662173,-0.03457437570867997,0.0,True,2.319888340004813,44,10,0.5,55
2STEP-VF,9,2,3.947764008615108,-0.9982150223823908,-0.013261829737494546,0.0,True,2.224474107270485,44,10,0.5,56
2STEP-VF,9,2,3.9447213820588813,-1.01843654915114,0.014619067105447347,0.0,True,2.1732501608551495,44,10,0.5,57
2STEP-VF,9,2,3.9489015827172933,-0.9957198279552951,0.0012722756027323458,0.0,True,2.8654514409616287,44,10,0.5,58
2STEP-VF,9,2,3.9526452044150013,-0.9859824235251385,-0.006779553867033861,0.0,True,2.214001447068905,44,10,0.5,59
2STEP-VF,9,2,3.951930549298423,-1.0011243369023104,0.004262971911487998,0.0,True,2.4690742980206495,44,10,0.5,60
2STEP-VF,9,2,3.94814362686601,-0.9942305814069616,-0.0040774322004934254,0.0,True,2.2693900378361826,44,10,0.5,61
2STEP-VF,9,2,3.95040400862816,-1.007354795864531,-0.029201599870714082,0.0,True,2.3902933656346486,44,10,0.5,62
2STEP-VF,9,2,3.9512632137685766,-0.9801925494662095,-0.051309916750720386,0.0,True,2.006989331662503,44,10,0.5,63
2STEP-VF,9,2,3.9430759552400625,-0.987722477264008,0.04552446552586271,0.0,True,2.6926805205429423,44,10,0.5,64
2STEP-VF,9,2,3.9522222724285587,-0.9800275694367775,-0.020657145331970682,0.0,True,2.493233609708166,44,10,0.5,65
2STEP-VF,9,2,3.950319874477767,-0.9830624303433195,0.01858917295337426,0.0,True,2.0701267083705814,44,10,0.5,66
2STEP-VF,9,2,3.951962359209393,-1.0200500101492487,-0.06959386456233758,0.0,True,2.047110939243764,44,10,0.5,67
2STEP-VF,9,2,3.9451543039245074,-1.0024517831981052,0.034328358980502995,0.0,True,2.08141993605247,44,10,0.5,68
2STEP-VF,9,2,3.950931758240961,-0.9966748217370827,0.004367124873384539,0.0,True,2.014996618146292,44,10,0.5,69
2STEP-VF,9,2,3.9425324413381717,-1.0024800869317503,0.0431461753091161,0.0,True,2.415419150418242,44,10,0.5,70
2STEP-VF,9,2,3.9471987445418697,-0.9943557100175046,0.0009863745147265957,0.0,True,2.1675069628014025,44,10,0.5,71
2STEP-VF,9,2,3.945371186415398,-0.9940656719123685,0.017080339451890622,0.0,True,2.354969447752916,44,10,0.5,72
2STEP-VF,9,2,3.9440131603310635,-0.9898651020133267,0.019839821565106483,0.0,True,3.2237944583144373,44,10,0.5,73
2STEP-VF,9,2,3.9491251764403645,-0.999028440581759,-0.004981632270776697,0.0,True,2.29494300886919,44,10,0.5,74
2STEP-VF,9,2,3.944003979854596,-1.0074997391891414,0.10133918696026585,0.0,True,2.111335287796541,44,10,0.5,75
2STEP-VF,9,2,3.9524466556728166,-0.9964488453819415,-0.00669264759546023,0.0,True,2.325166525557,44,10,0.5,76
2STEP-VF,9,2,3.953095781775728,-0.9944923232235932,-0.0068263190783824056,0.0,True,2.8278079053572838,44,10,0.5,77
2STEP-VF,9,2,3.9425820040767094,-0.9955541003070689,0.030118328349751866,0.0,True,2.2395416384972626,44,10,0.5,78
2STEP-VF,9,2,3.945269299247336,-1.0284028362718303,0.020860687892537613,0.0,True,2.069255247177154,44,10,0.5,79
2STEP-VF,9,2,3.951036168605769,-0.9910740640490292,-0.00517729796068085,0.0,True,2.16585004983826,44,10,0.5,80
2STEP-VF,9,2,3.9464051728179887,-0.9972147925276721,0.02651790893349315,0.0,True,2.244000225479269,44,10,0.5,81
2STEP-VF,9,2,3.9449975174986647,-1.0033034349503345,0.0024602890124280916,0.0,True,2.6691447399015407,44,10,0.5,82
2STEP-VF,9,2,3.947224585136982,-1.0050471577544138,-0.032252091911649496,0.0,True,2.06461491584981,44,10,0.5,83
2STEP-VF,9,2,3.9428327137742345,-0.9777663996628242,0.003906646217703402,0.0,True,2.244335252136993,44,10,0.5,84
2STEP-VF,9,2,3.947646954036773,-0.9985637902145076,-0.019456790055409602,0.0,True,2.4221829302953624,44,10,0.5,85
2STEP-VF,9,2,3.952898070671486,-1.0074336833767394,-0.02089812992270457,0.0,True,2.2142413409433117,44,10,0.5,86
2STEP-VF,9,2,3.9529674508989725,-0.9928196782032711,-0.011388721701215326,0.0,True,2.1321108742906096,44,10,0.5,87
2STEP-VF,9,2,3.9560393013161277,-1.015868172814405,-0.10079229924931513,0.0,True,2.0561678902778304,44,10,0.5,88
2STEP-VF,9,2,3.9451936457434487,-0.9862362545767168,0.0040692726641115,0.0,True,2.3242353969458938,44,10,0.5,89
2STEP-VF,9,2,3.946209471989955,-1.0030539649752535,-0.004304145948577059,0.0,True,2.773237364155931,44,10,0.5,90
2STEP-VF,9,2,3.942079211586885,-0.9890533968106848,0.004526524743511848,0.0,True,2.046920433181345,44,10,0.5,91
2STEP-VF,9,2,3.944597802739915,-1.0109536615095023,0.04031415935447877,0.0,True,2.2975604028878083,44,10,0.5,92
2STEP-VF,9,2,3.9477509483540993,-1.0005040390970166,-0.01600174606591005,0.0,True,2.1846842786288323,44,10,0.5,93
2STEP-VF,9,2,3.954987026680079,-1.0059994020622054,-0.06436961973664204,0.0,True,2.1032974373026705,44,10,0.5,94
2STEP-VF,9,2,3.948812492842404,-0.9923275095576297,-0.017508279744904355,0.0,True,2.395613206624032,44,10,0.5,95
2STEP-VF,9,2,3.943974584936133,-0.9995587612993042,0.02536690209344788,0.0,True,2.215875581053298,44,10,0.5,96
2STEP-VF,9,2,3.9424322713289937,-0.9918397366821484,0.06682915498963263,0.0,True,2.07903560209458,44,10,0.5,97
2STEP-VF,9,2,3.9396821659602383,-0.9993156502516201,0.03336780276864466,0.0,True,2.2868677134192414,44,10,0.5,98
2STEP-VF,9,2,3.9402028222834575,-1.002338024356325,0.07962563771497524,0.0,True,2.072150032357176,44,10,0.5,99
2STEP-VF,9,2,0.5013892321607644,-0.16041070626221327,0.041877969525741666,-0.9250259758647759,False,4.955718582228099,36,20,0.5,0
2STEP-VF,9,2,0.5053587715491638,-0.1641271175619682,0.045088872050039905,-1.0186172971596037,False,4.487741581191068,36,20,0.5,1
2STEP-VF,9,2,0.5022182433387246,-0.1641581645569617,0.03880166191435124,-0.8175404917222084,False,3.603489350221729,36,20,0.5,2
2STEP-VF,9,2,0.500686032831786,-0.16757524843308863,0.04964882939226087,-1.1565407823430283,False,3.563732723916513,36,20,0.5,3
2STEP-VF,9,2,0.4910028614916149,-0.15952791757223345,0.051434163659363055,-1.233566063236761,False,3.501644703906987,36,20,0.5,4
2STEP-VF,9,2,0.504586828310076,-0.16479147702411423,0.036733597106031884,-0.7497003528365418,False,5.589887301100214,36,20,0.5,5
2STEP-VF,9,2,0.49964118228362525,-0.1572269234391115,0.04011084105706114,-0.8762238266350717,False,4.464887658324929,36,20,0.5,6
2STEP-VF,9,2,0.49871909528103675,-0.15989740702581257,0.03900828744574794,-0.834588275685122,False,3.4526481495116537,36,20,0.5,7
2STEP-VF,9,2,0.49792729891206117,-0.15608349523981133,0.03744675027025668,-0.7938199821379431,False,3.5651014972791004,36,20,0.5,8
2STEP-VF,9,2,0.4930126660871464,-0.16400164300349845,0.04944861860514552,-1.1591710921910319,False,5.924658448330817,36,20,0.5,9
2STEP-VF,9,2,0.48709295585167167,-0.16010229025652356,0.05239533970171134,-1.2631797964880065,False,5.551417274392389,36,20,0.5,10
2STEP-VF,9,2,0.4946327964440975,-0.1542211616250603,0.04591213683120699,-1.0693796229118333,False,7.963890975232598,36,20,0.5,11
2STEP-VF,9,2,0.5007049000233833,-0.16049002961260356,0.037837465972223414,-0.7955805460394979,False,3.75663264720429,36,20,0.5,12
2STEP-VF,9,2,0.4975261809052281,-0.15787387807249406,0.04122035543278952,-0.9103024956209654,False,3.453523920188699,36,20,0.5,13
2STEP-VF,9,2,0.49508889047451365,-0.16581382571625317,0.047779744672371484,-1.1012933143684096,False,3.4332211219424873,36,20,0.5,14
2STEP-VF,9,2,0.49636005681375855,-0.16194194448263552,0.03710692886458127,-0.7689794534994502,False,3.6194192220984864,36,20,0.5,15
2STEP-VF,9,2,0.4922744213426397,-0.16239936010534528,0.05127379935598297,-1.2214666498580684,False,5.285394620087609,36,20,0.5,16
2STEP-VF,9,2,0.4976103275125581,-0.15996827388073728,0.042866683161926114,-0.9579533842171128,False,5.15755257340503,36,20,0.5,17
2STEP-VF,9,2,0.5006782970135915,-0.15992023188310295,0.03326957096643003,-0.6507770165854987,False,3.303748437735107,36,20,0.5,18
2STEP-VF,9,2,0.4997213840139701,-0.1584348574895648,0.03760377303199573,-0.79309379600807,False,4.018978069618022,36,20,0.5,19
2STEP-VF,9,2,0.5135610298921343,-0.16063562188869698,0.03910628947038058,-0.8350621087257779,False,7.166391120129227,36,20,0.5,20
2STEP-VF,9,2,0.49631820046366615,-0.15881338742797171,0.04898956434851967,-1.1567348372976778,False,5.473153993355447,36,20,0.5,21
2STEP-VF,9,2,0.49229671545826154,-0.15774382609318707,0.0558960862798007,-1.3805517754024783,False,3.8924879403769927,36,20,0.5,22
2STEP-VF,9,2,0.49764303909024876,-0.15732151288181004,0.04511398183132581,-1.036217205340667,False,4.9997073154711345,36,20,0.5,23
2STEP-VF,9,2,0.48851548968096,-0.1641918828743105,0.050140054647096484,-1.1811103004278851,False,5.433766060343954,36,20,0.5,24
2STEP-VF,9,2,0.49291395966283985,-0.15578280838906217,0.05199210195627923,-1.2602936848874162,False,4.763489293074842,36,20,0.5,25
2STEP-VF,9,2,0.4914338337890132,-0.1582626649365281,0.04764618294848543,-1.115361428476526,False,5.407398700706576,36,20,0.5,26
2STEP-VF,9,2,0.4961847913069192,-0.16126066525924976,0.04408502136539883,-0.9939239995921483,False,3.6813272074806562,36,20,0.5,27
2STEP-VF,9,2,0.4967798133519788,-0.15809119891534787,0.04103755582779808,-0.9039761202915853,False,4.886771822723083,36,20,0.5,28
2STEP-VF,9,2,0.49882848554903286,-0.1600916276537404,0.042292946824879614,-0.939224682894229,False,5.787578263826444,36,20,0.5,29
2STEP-VF,9,2,0.4964482977623328,-0.16225049895839339,0.04555651736976711,-1.0386204604666638,False,9.50263818201709,36,20,0.5,30
2STEP-VF,9,2,0.4998655002473288,-0.16147396359147553,0.05065577547023407,-1.2034553724131096,False,3.4171262730122898,36,20,0.5,31
2STEP-VF,9,2,0.4964980760359585,-0.15867057280775632,0.050725178326999784,-1.2126064471632207,False,4.606955082405308,36,20,0.5,32
2STEP-VF,9,2,0.5073729519549316,-0.16041989503786652,0.0421060074611266,-0.931942113547876,False,4.597945928703833,36,20,0.5,33
2STEP-VF,9,2,0.5056554470419554,-0.15368452250895503,0.03983334654608169,-0.8754849086306049,False,4.1022842832383235,36,20,0.5,34
2STEP-VF,9,2,0.4893955964406165,-0.16134032891202926,0.046818010675053874,-1.081595816426417,False,8.034085528209065,36,20,0.5,35
2STEP-VF,9,2,0.49613556054745733,-0.16104151305511433,0.04128022813382153,-0.9046995353171674,False,3.314844789467014,36,20,0.5,36
2STEP-VF,9,2,0.5003238527483884,-0.1692685243553446,0.053725984074844836,-1.282967600777305,False,4.56864806050727,36,20,0.5,37
2STEP-VF,9,2,0.5023023666281773,-0.16202747654384825,0.040612015247649604,-0.8805804022218611,False,3.9609387489610013,36,20,0.5,38
2STEP-VF,9,2,0.49767545716106826,-0.1576903192858486,0.04438052730809852,-1.0118595801434522,False,3.4708982996009667,36,20,0.5,39
2STEP-VF,9,2,0.4977970205771334,-0.16489556784879733,0.03282392890274108,-0.6247485408159732,False,4.0699976674003375,36,20,0.5,40
2STEP-VF,9,2,0.4949874357296413,-0.1614001052553954,0.04635124997984048,-1.066180500598168,False,4.462254142163202,36,20,0.5,41
2STEP-VF,9,2,0.49758582394168344,-0.16201150761948374,0.05276557880116535,-1.2698157539140296,False,3.1452897603701326,36,20,0.5,42
2STEP-VF,9,2,0.5060985343922281,-0.16417077209432787,0.04166876937186995,-0.9090248548099182,False,3.641493146167351,36,20,0.5,43
2STEP-VF,9,2,0.4930058362840656,-0.15967448220981814,0.0448785690408104,-1.0233151018253255,False,5.601778147584378,36,20,0.5,44
2STEP-VF,9,2,0.5022915543007449,-0.1590866517683288,0.03136510421778187,-0.5917378774669861,False,3.429662705935755,36,20,0.5,45
2STEP-VF,9,2,0.4912285117885652,-0.1579554710865245,0.04338151420426532,-0.9796416132215179,False,4.844002052687211,36,20,0.5,46
2STEP-VF,9,2,0.5107232493436632,-0.16586980622947672,0.04492000578704752,-1.008709255274157,False,10.308943453661772,36,20,0.5,47
2STEP-VF,9,2,0.4931870410101793,-0.15387835161509333,0.048543110882063444,-1.154480281889196,False,3.2620461589314806,36,20,0.5,48
2STEP-VF,9,2,0.4963786211022581,-0.15998352249369327,0.04915767539650383,-1.1593024414371236,False,5.4432590214513,36,20,0.5,49
2STEP-VF,9,2,0.4993007490042799,-0.16246011469527702,0.04924443181840944,-1.155959497980181,False,4.7003404551549375,36,20,0.5,50
2STEP-VF,9,2,0.49105263111037395,-0.1619981898831346,0.0492286104648933,-1.1570567212904406,False,4.127831063685195,36,20,0.5,51
2STEP-VF,9,2,0.49821481048086996,-0.16151053062424764,0.0480497890836588,-1.1200750885500355,False,10.052514824478292,36,20,0.5,52
2STEP-VF,9,2,0.4954570984642663,-0.1610520819398998,0.04511169593130547,-1.0273218472381598,False,3.6955299757701776,36,20,0.5,53
2STEP-VF,9,2,0.49247446715793014,-0.15705691543117928,0.04475552273186482,-1.0256916623553685,False,4.583496054090092,36,20,0.5,54
2STEP-VF,9,2,0.4960015810240865,-0.1582118279007734,0.04345184990805388,-0.980990715234423,False,4.359843350896519,36,20,0.5,55
2STEP-VF,9,2,0.49544548006059136,-0.1622912162637947,0.043247070702455793,-0.964680614641843,False,4.041993033264312,36,20,0.5,56
2STEP-VF,9,2,0.4998038223301549,-0.16154008094635203,0.04778820641317356,-1.1115381816105,False,5.038073274617874,36,20,0.5,57
2STEP-VF,9,2,0.4981785751898984,-0.1580835686213193,0.050276959056229586,-1.199571410596787,False,6.001757195051304,36,20,0.5,58
2STEP-VF,9,2,0.4813809249751743,-0.15336843229529157,0.05383063255315302,-1.3256131486936868,False,3.2133333872541208,36,20,0.5,59
2STEP-VF,9,2,0.49086205828839186,-0.16122036035317444,0.04697299893872408,-1.086755377694249,False,3.9372101357070632,36,20,0.5,60
2STEP-VF,9,2,0.49003226179459997,-0.1635907336579792,0.047843732211269044,-1.1089797342737837,False,3.869402666769673,36,20,0.5,61
2STEP-VF,9,2,0.5029032747023158,-0.15730224074011087,0.041447386384484614,-0.9186167900451028,False,3.5110783451291048,36,20,0.5,62
2STEP-VF,9,2,0.4979001993082725,-0.15648290045981156,0.043676976560730815,-0.9922302768813422,False,7.20198655062503,36,20,0.5,63
2STEP-VF,9,2,0.5083270250631172,-0.16201939235977633,0.041731230088467124,-0.916053199663698,False,5.431921261445149,36,20,0.5,64
2STEP-VF,9,2,0.4963740448375514,-0.15803241800242568,0.040129945483193444,-0.8750980095661157,False,4.1958990005908,36,20,0.5,65
2STEP-VF,9,2,0.49247333590035486,-0.15577638879229186,0.04739644236576311,-1.1132744224488982,False,6.834463215776742,36,20,0.5,66
2STEP-VF,9,2,0.5014961270010522,-0.16377958857209818,0.0466399491870601,-1.0693175937928245,False,9.033847897421625,36,20,0.5,67
2STEP-VF,9,2,0.4909855095588002,-0.1637365739660954,0.04785190225111564,-1.1088339639435438,False,4.26932892796543,36,20,0.5,68
2STEP-VF,9,2,0.49445177330315454,-0.1619755260416797,0.04719564473280031,-1.0918522625513898,False,8.179011526520686,36,20,0.5,69
2STEP-VF,9,2,0.4893214599003448,-0.16089590828288947,0.05010892075344071,-1.1879759966371477,False,5.870023950629734,36,20,0.5,70
2STEP-VF,9,2,0.4972908655646576,-0.16239823559552202,0.04333793079261141,-0.9672205680004331,False,7.932371883810226,36,20,0.5,71
2STEP-VF,9,2,0.5000635594795512,-0.16336016072703255,0.05542311660218649,-1.3514715319563169,False,3.867001575864656,36,20,0.5,72
2STEP-VF,9,2,0.48679434183970227,-0.16067398977588887,0.04669248209513832,-1.079334191071911,False,9.765156836697534,36,20,0.5,73
2STEP-VF,9,2,0.49522408218109937,-0.16086265382544507,0.04580493532916413,-1.0499741164213183,False,4.509724502280736,36,20,0.5,74
2STEP-VF,9,2,0.4924840748340033,-0.16171112317404215,0.040845952434753405,-0.8894147378043677,False,4.617321106752613,36,20,0.5,75
2STEP-VF,9,2,0.49741151746675716,-0.16412012411659294,0.043598649768277584,-0.9714238036570544,False,4.688982334502896,36,20,0.5,76
2STEP-VF,9,2,0.5001510281429619,-0.16128168354853256,0.048600765523354864,-1.1381393945423002,False,4.702362572068058,36,20,0.5,77
2STEP-VF,9,2,0.4913906761415213,-0.15697788437355126,0.036497802023919765,-0.7616993017004183,False,3.309281886757978,36,20,0.5,78
2STEP-VF,9,2,0.4984055917988773,-0.1550744796308597,0.04031732364675426,-0.8880712700741407,False,4.8422150006602,36,20,0.5,79
2STEP-VF,9,2,0.49951851067903114,-0.1648867789740603,0.04529256754187473,-1.023662781161505,False,4.267776497975165,36,20,0.5,80
2STEP-VF,9,2,0.499279643285021,-0.15807065108662197,0.040622621242532214,-0.8905975385560371,False,5.166393767888552,36,20,0.5,81
2STEP-VF,9,2,0.5070640339043245,-0.16298283883053524,0.032091046651808085,-0.6053308376303149,False,3.650554705824461,36,20,0.5,82
2STEP-VF,9,2,0.5015462099867065,-0.15717492369228028,0.037044224395906336,-0.7781025912083279,False,3.4644645931719724,36,20,0.5,83
2STEP-VF,9,2,0.5016429192301252,-0.16452485712210585,0.03699559544707421,-0.7589008220595135,False,5.467313752802708,36,20,0.5,84
2STEP-VF,9,2,0.5015610695110532,-0.16218722002623734,0.03982960887815838,-0.8552044918674357,False,3.826577018443405,36,20,0.5,85
2STEP-VF,9,2,0.5045838144716713,-0.16473779447001138,0.03783644596603293,-0.7851205353167263,False,4.707274880830414,36,20,0.5,86
2STEP-VF,9,2,0.49894526740441314,-0.1598164950390704,0.04620268619510103,-1.0649896541051995,False,3.6396141665143684,36,20,0.5,87
2STEP-VF,9,2,0.4923039170380798,-0.1613123077556415,0.04543743314396728,-1.0373100869711287,False,8.398992671451158,36,20,0.5,88
2STEP-VF,9,2,0.4952980026841918,-0.16014941732679613,0.04599998904880461,-1.0579231678163856,False,10.223011626090388,36,20,0.5,89
2STEP-VF,9,2,0.49200636690673694,-0.156611812189071,0.04026212594161597,-0.8829992988635367,False,5.049579439169402,36,20,0.5,90
2STEP-VF,9,2,0.501887137304375,-0.16010625651380392,0.041999545325184004,-0.9296172065344964,False,3.776173850982379,36,20,0.5,91
2STEP-VF,9,2,0.5035143256314341,-0.1717984274940182,0.0431475060520954,-0.9381931081435233,False,3.7255850309635283,36,20,0.5,92
2STEP-VF,9,2,0.5044154546645615,-0.1626873958756676,0.04390951669318717,-0.9843898568005137,False,4.533602106887113,36,20,0.5,93
2STEP-VF,9,2,0.49951713405602494,-0.1590205405035434,0.03698927575582653,-0.7720364989345836,False,3.413889157535613,36,20,0.5,94
2STEP-VF,9,2,0.49077318685490284,-0.162283060605609,0.05017178078627352,-1.1865712484959974,False,3.8340365645396437,36,20,0.5,95
2STEP-VF,9,2,0.4941627265378237,-0.16192266414000733,0.04749477985712046,-1.101568797899568,False,4.785624288472628,36,20,0.5,96
2STEP-VF,9,2,0.4960136600329254,-0.1595999864801386,0.04833313035001046,-1.1338593840460272,False,5.7143256789826875,36,20,0.5,97
2STEP-VF,9,2,0.5015392019774454,-0.16044650065049773,0.04614472721167939,-1.0614673170938995,False,3.1830687501695305,36,20,0.5,98
2STEP-VF,9,2,0.4909344069919379,-0.1559676505656489,0.0468887701127754,-1.0966622178317398,False,3.7680525040460107,36,20,0.5,99
2STEP-VF,9,2,1.7934149356812115,-0.41728287962635424,0.08165070934317038,-1.50373889173733,False,4.5684289362682495,40,20,0.5,0
2STEP-VF,9,2,1.7864335682235493,-0.42482124275144106,0.08464194697775769,-1.5817853065913752,False,3.8744286165054467,40,20,0.5,1
2STEP-VF,9,2,1.7825163380791331,-0.41422742511875793,0.08730125690280714,-1.692543420320062,False,3.3419088443296636,40,20,0.5,2
2STEP-VF,9,2,1.7864273048925972,-0.4304642059767902,0.08029218639555898,-1.4290502320200353,False,3.923494379241378,40,20,0.5,3
2STEP-VF,9,2,1.7736265905622095,-0.4216231410913608,0.08906004341884592,-1.7316082553500716,False,3.992177309985554,40,20,0.5,4
2STEP-VF,9,2,1.7882256357020276,-0.4342455467862021,0.06904213011756864,-1.0598653133331903,False,3.804376827987976,40,20,0.5,5
2STEP-VF,9,2,1.7845681112311564,-0.4141570029362234,0.07881118617681654,-1.4209070639373242,False,4.868228828092321,40,20,0.5,6
2STEP-VF,9,2,1.789728599581198,-0.4252823226806289,0.07792645615033807,-1.3655853064024375,False,5.369767124352548,40,20,0.5,7
2STEP-VF,9,2,1.7885613622695158,-0.428753850141588,0.071612577694463,-1.1552795641468343,False,3.431968147681861,40,20,0.5,8
2STEP-VF,9,2,1.78936422630978,-0.4293173643140227,0.07610682488404955,-1.2976948683573448,False,8.936390117492829,40,20,0.5,9
2STEP-VF,9,2,1.7989847569464053,-0.42189243520042485,0.06260304566905073,-0.8828165315118197,False,4.500361272304954,40,20,0.5,10
2STEP-VF,9,2,1.7898819701093713,-0.42807776874623343,0.08351190703432916,-1.5376014619010112,False,6.139772824785661,40,20,0.5,11
2STEP-VF,9,2,1.7732699240105738,-0.43259080232565345,0.0844592429929419,-1.5580816547519385,False,5.5022982926169535,40,20,0.5,12
2STEP-VF,9,2,1.8005688363357601,-0.42998272747563876,0.08374577023383477,-1.5398719713610345,False,5.692178784740908,40,20,0.5,13
2STEP-VF,9,2,1.7855334902128661,-0.4365457296968344,0.08774958829365737,-1.6531450647118617,False,4.236725221107523,40,20,0.5,14
2STEP-VF,9,2,1.7973361519585103,-0.4149178110966593,0.0740403264247215,-1.2656475298415955,False,4.546159275640671,40,20,0.5,15
2STEP-VF,9,2,1.7798988838335041,-0.4316558698770593,0.0710500332601032,-1.1308330435883505,False,4.82341842563317,40,20,0.5,16
2STEP-VF,9,2,1.7718011279079444,-0.4305842851109723,0.10103194208200239,-2.093311794683267,False,3.512416820492692,40,20,0.5,17
2STEP-VF,9,2,1.7919173456052953,-0.43642208883696937,0.07686290487687973,-1.3046849021151077,False,3.5271000134884343,40,20,0.5,18
2STEP-VF,9,2,1.796647654382225,-0.42854183197985657,0.07631586303271164,-1.3058083610321836,False,4.923515330626562,40,20,0.5,19
2STEP-VF,9,2,1.799833903000666,-0.4222010292975135,0.0706186391753776,-1.1385239491180112,False,6.36065884355967,40,20,0.5,20
2STEP-VF,9,2,1.7930802864137736,-0.4378530537704706,0.08006402601112113,-1.4036166861219208,False,5.411025934746075,40,20,0.5,21
2STEP-VF,9,2,1.803319593261999,-0.4196401388258482,0.0765164392815425,-1.3331905482316049,False,4.204105965660267,40,20,0.5,22
2STEP-VF,9,2,1.7892612965586536,-0.41687657011052826,0.06190826259779898,-0.8732049570707809,False,4.431009098482197,40,20,0.5,23
2STEP-VF,9,2,1.7914214762242844,-0.4110955473835039,0.07957557671575326,-1.4523038526102383,False,4.1521950811220725,40,20,0.5,24
2STEP-VF,9,2,1.785936152047679,-0.4281027596941929,0.08738534657604362,-1.6617282980444723,False,4.040805178544489,40,20,0.5,25
2STEP-VF,9,2,1.7798220389986743,-0.42032530057573647,0.08990696268157604,-1.7614527620887457,False,4.736048721646816,40,20,0.5,26
2STEP-VF,9,2,1.795022649703931,-0.4274338362525815,0.08197515668592659,-1.48966244796122,False,4.952157273361173,40,20,0.5,27
2STEP-VF,9,2,1.784944250320207,-0.42915179864552905,0.0938526799719974,-1.8662247873354354,False,4.377719950993423,40,20,0.5,28
2STEP-VF,9,2,1.7963528438506324,-0.4331589891885647,0.07999673938680488,-1.4125329156941633,False,5.415397950595596,40,20,0.5,29
2STEP-VF,9,2,1.7836514805641732,-0.41412888435136497,0.08131238628023382,-1.5010679496903565,False,5.692015982070293,40,20,0.5,30
2STEP-VF,9,2,1.7854938487172995,-0.4242763905844958,0.04504427072481638,-0.3160236948682964,False,3.538458202379635,40,20,0.5,31
2STEP-VF,9,2,1.7868677612881725,-0.4356543078019246,0.0796289031049037,-1.3953424949550095,False,2.919258228673651,40,20,0.5,32
2STEP-VF,9,2,1.798345405680969,-0.4378668199414692,0.06746406351826131,-1.0000689403839784,False,4.600154270379771,40,20,0.5,33
2STEP-VF,9,2,1.7804880651028692,-0.42487595528949545,0.07327828337063622,-1.2183734912593982,False,3.5724758007386037,40,20,0.5,34
2STEP-VF,9,2,1.788739555539077,-0.4261175849824506,0.07120606683147084,-1.1485875613168413,False,4.63214776435631,40,20,0.5,35
2STEP-VF,9,2,1.7853395064390702,-0.4140938853422157,0.09014517810741518,-1.7837000042296245,False,4.2141301184326565,40,20,0.5,36
2STEP-VF,9,2,1.7953778868505486,-0.4365347542935077,0.07731259434326226,-1.3185969354689417,False,4.232794152306544,40,20,0.5,37
2STEP-VF,9,2,1.7836150802992565,-0.42252842745256974,0.09573686894657189,-1.9424946755861787,False,3.8275380713660203,40,20,0.5,38
2STEP-VF,9,2,1.7994953746512872,-0.43175523111232417,0.06649732235307174,-0.9837320381496408,False,4.482650555378628,40,20,0.5,39
2STEP-VF,9,2,1.77879524583405,-0.4196050737379845,0.08517660726864817,-1.6118715408755364,False,4.838545172164316,40,20,0.5,40
2STEP-VF,9,2,1.7864314599243258,-0.4274095365165321,0.08380156601849109,-1.5486813373565789,False,4.45126569301769,40,20,0.5,41
2STEP-VF,9,2,1.7898024694514214,-0.43700489622632377,0.0771244520815083,-1.3117825674980037,False,5.504163012678831,40,20,0.5,42
2STEP-VF,9,2,1.806469940113941,-0.41819417927174124,0.06575489623452023,-0.9921024528456324,False,4.874442243737812,40,20,0.5,43
2STEP-VF,9,2,1.797195914495651,-0.41333865100210376,0.08755937695712446,-1.7020555453531951,False,3.4719227063019313,40,20,0.5,44
2STEP-VF,9,2,1.7965766801977465,-0.4255597296956821,0.08054247933908085,-1.4482213867690856,False,3.532972314937757,40,20,0.5,45
2STEP-VF,9,2,1.7982817312887893,-0.43929730496145214,0.08017643315404485,-1.4034354251446233,False,5.011506419405372,40,20,0.5,46
2STEP-VF,9,2,1.78689693790608,-0.4133688356279964,0.07146468510586289,-1.1875709016060567,False,4.190810644257982,40,20,0.5,47
2STEP-VF,9,2,1.7935432152429092,-0.43069644203736357,0.08671907416599181,-1.6337263195074914,False,5.024751355951161,40,20,0.5,48
2STEP-VF,9,2,1.7942455729173388,-0.4214627468107546,0.08494875378262978,-1.5991947943233022,False,6.254556218348771,40,20,0.5,49
2STEP-VF,9,2,1.7895376344006444,-0.4313044711118255,0.08502595572258141,-1.5783275943901858,False,4.439952699149758,40,20,0.5,50
2STEP-VF,9,2,1.804647982565387,-0.4257400147867246,0.04520381320730119,-0.3164671081915762,False,3.2432912176673505,40,20,0.5,51
2STEP-VF,9,2,1.7794624378726684,-0.42671109228800846,0.08471856325749418,-1.5801196564762336,False,15.262165847994389,40,20,0.5,52
2STEP-VF,9,2,1.78894245695802,-0.4274647387465765,0.0957635370737408,-1.9311812659504417,False,4.158945224260901,40,20,0.5,53
2STEP-VF,9,2,1.7906182728144122,-0.41290564150332904,0.06584395474783279,-1.0085959159537954,False,3.9637180514810466,40,20,0.5,54
2STEP-VF,9,2,1.7760738719762317,-0.41657286489575757,0.0834482918287307,-1.5640060304509908,False,3.660772525243948,40,20,0.5,55
2STEP-VF,9,2,1.7707926632901159,-0.41722657414102365,0.09017009080941102,-1.7778515681652896,False,3.6049263765823394,40,20,0.5,56
2STEP-VF,9,2,1.8021702918124476,-0.40495748030065115,0.06724100015356302,-1.0716838346837074,False,3.657521039770603,40,20,0.5,57
2STEP-VF,9,2,1.7951503562386508,-0.4219431348491816,0.06739623195282433,-1.0363068774780242,False,3.896851180772604,40,20,0.5,58
2STEP-VF,9,2,1.7665582519895182,-0.417896600382538,0.09831605262865213,-2.037168348079407,False,4.351706335892826,40,20,0.5,59
2STEP-VF,9,2,1.7890183648124947,-0.42368384999427333,0.08907654135546564,-1.7262669814998954,False,4.824148206185419,40,20,0.5,60
2STEP-VF,9,2,1.789652710624766,-0.42687245844052385,0.07303958425283767,-1.2053936331960626,False,4.031380874183446,40,20,0.5,61
2STEP-VF,9,2,1.8049673508693533,-0.4280064958473109,0.08404662369149887,-1.5539783270422571,False,4.740208377394355,40,20,0.5,62
2STEP-VF,9,2,1.804030162201288,-0.421436816521826,0.07265145546035365,-1.2051564053468575,False,6.8048740606110085,40,20,0.5,63
2STEP-VF,9,2,1.7951793909442055,-0.41440908947928967,0.09566702353755999,-1.959052174994973,False,4.137596576176295,40,20,0.5,64
2STEP-VF,9,2,1.7795277661453983,-0.4247137314723093,0.08785487443472006,-1.6852713604087763,False,4.426105020740733,40,20,0.5,65
2STEP-VF,9,2,1.8108428450614307,-0.43897901538712536,0.06636936252480925,-0.9616193931611099,False,4.03293580062061,40,20,0.5,66
2STEP-VF,9,2,1.796869438949333,-0.4325389790681685,0.06579410521923855,-0.9595056509150697,False,3.908459130917765,40,20,0.5,67
2STEP-VF,9,2,1.7892859519086106,-0.41350192256550256,0.08031143496876245,-1.470204147728676,False,4.039255098224711,40,20,0.5,68
2STEP-VF,9,2,1.7987803692946636,-0.4281501107150218,0.06865024040426916,-1.0613206050628814,False,3.5463680127172186,40,20,0.5,69
2STEP-VF,9,2,1.7852056692237204,-0.41771518403306807,0.08350447646003825,-1.562514464888438,False,4.203642816698777,40,20,0.5,70
2STEP-VF,9,2,1.7878605919315331,-0.42252722696782385,0.09236824859631639,-1.8344469748434555,False,3.9344392615790804,40,20,0.5,71
2STEP-VF,9,2,1.7898775807868572,-0.41711283066131305,0.08732211810853337,-1.6858443310387055,False,4.0830378408005865,40,20,0.5,72
2STEP-VF,9,2,1.785070926452025,-0.42576571288229254,0.09039092352682597,-1.7635675863538078,False,5.1828697463623845,40,20,0.5,73
2STEP-VF,9,2,1.793302052689162,-0.42551859673656683,0.06474192947163268,-0.9428989877631362,False,4.003005507249506,40,20,0.5,74
2STEP-VF,9,2,1.7904328587920701,-0.4289972076386495,0.06927416693824084,-1.0797540721634244,False,4.413340493506755,40,20,0.5,75
2STEP-VF,9,2,1.7954344249190062,-0.4156670276640657,0.08898439769628248,-1.7421737943921418,False,3.7249711776228422,40,20,0.5,76
2STEP-VF,9,2,1.8072357254096862,-0.4224297555444524,0.06350494095722088,-0.9098925537998017,False,3.1242632271007365,40,20,0.5,77
2STEP-VF,9,2,1.7942921783040098,-0.432802064183071,0.07112843834358303,-1.1297275422570463,False,3.8127082839374724,40,20,0.5,78
2STEP-VF,9,2,1.7740179048743852,-0.432339225305585,0.0933724421638681,-1.8438629342179127,False,4.95175015844359,40,20,0.5,79
2STEP-VF,9,2,1.8016391639725697,-0.4397734917792574,0.07457312324145003,-1.2227852136178297,False,3.5804099477462454,40,20,0.5,80
2STEP-VF,9,2,1.7808357750831478,-0.4248154027687861,0.07796044410736637,-1.3683270982856488,False,3.960827199729505,40,20,0.5,81
2STEP-VF,9,2,1.783406572426814,-0.4156511271087949,0.07672619770222557,-1.3506712270645018,False,3.8541272111535423,40,20,0.5,82
2STEP-VF,9,2,1.7915209131365226,-0.4133370743366287,0.07537291048870551,-1.3124329024424766,False,4.8579056410446935,40,20,0.5,83
2STEP-VF,9,2,1.791540848394917,-0.4310987966394287,0.07893131529743465,-1.3836725266795855,False,5.795557366406521,40,20,0.5,84
2STEP-VF,9,2,1.7788149176752777,-0.42895705319884436,0.08289673263925926,-1.5164696217185536,False,4.066884876314084,40,20,0.5,85
2STEP-VF,9,2,1.7797478023932736,-0.41867579341623257,0.0871319408650873,-1.6766153353402395,False,6.536078797185368,40,20,0.5,86
2STEP-VF,9,2,1.7835887500736702,-0.42232582966085064,0.08854568689151282,-1.712864664337949,False,4.3057150347362265,40,20,0.5,87
2STEP-VF,9,2,1.7879033979840433,-0.4199025153332263,0.08119020943588201,-1.483046461269439,False,6.031878872241454,40,20,0.5,88
2STEP-VF,9,2,1.7997639760662925,-0.4262128680379532,0.08647752392396647,-1.6363840437118624,False,4.507712093128955,40,20,0.5,89
2STEP-VF,9,2,1.7983589188070361,-0.43224424981492304,0.08597259332071155,-1.6058352515785326,False,3.9690030949882416,40,20,0.5,90
2STEP-VF,9,2,1.7996087106930492,-0.4309880779254863,0.06843398105292031,-1.0475394840307004,False,4.5708360108467225,40,20,0.5,91
2STEP-VF,9,2,1.7963468573578234,-0.4191158880601376,0.06845130331036674,-1.0767827631459366,False,4.244397650378225,40,20,0.5,92
2STEP-VF,9,2,1.7871668066589612,-0.4234359193950302,0.08600361061694416,-1.6286393247946034,False,4.998506160019921,40,20,0.5,93
2STEP-VF,9,2,1.7970676115841406,-0.4124564893529439,0.06874759209121571,-1.1022033157767896,False,3.5129387178206315,40,20,0.5,94
2STEP-VF,9,2,1.801527879144333,-0.43519682478997446,0.0781103378971423,-1.3469667604639555,False,3.418082253568947,40,20,0.5,95
2STEP-VF,9,2,1.7746404755945733,-0.4182063714124499,0.07951406142994112,-1.4342762458325624,False,6.145399931670542,40,20,0.5,96
2STEP-VF,9,2,1.792710251730879,-0.42968743416660266,0.08650041158516858,-1.629200713621696,False,4.669926343397466,40,20,0.5,97
2STEP-VF,9,2,1.787784820974743,-0.4331323815736268,0.09183134286396391,-1.7918181666116566,False,3.915619621659011,40,20,0.5,98
2STEP-VF,9,2,1.7812591089420824,-0.42409665199157365,0.08734325401126415,-1.6702766170441516,False,4.031485201376818,40,20,0.5,99
2STEP-VF,9,2,4.319507327693605,-0.7529541032490412,0.09978253501439535,-1.126780833001337,False,3.67662475182584,44,20,0.5,0
2STEP-VF,9,2,4.3105819372381005,-0.756404648312871,0.07764818474252465,-0.4107358395756129,False,4.126829427060099,44,20,0.5,1
2STEP-VF,9,2,4.319522782148198,-0.7519195851890926,0.09326449579433714,-0.9206854940360749,False,3.672770357905848,44,20,0.5,2
2STEP-VF,9,2,4.319226986168718,-0.7534921149737496,0.07771083318341925,-0.41921196676229444,False,4.508433602782124,44,20,0.5,3
2STEP-VF,9,2,4.298841178994147,-0.7600013920713415,0.09418424457150719,-0.9319620145773624,False,4.3311149219992275,44,20,0.5,4
2STEP-VF,9,2,4.297402688568496,-0.7767830894329026,0.10123615086919979,-1.1174332518613181,False,3.8924618346875857,44,20,0.5,5
2STEP-VF,9,2,4.309625609767537,-0.7481952312877974,0.07026652968797875,-0.19428285833855474,False,4.034141984880571,44,20,0.5,6
2STEP-VF,9,2,4.302668702419413,-0.7464223091319605,0.12167368765347565,-1.8439843408493517,False,3.294131201452403,44,20,0.5,7
2STEP-VF,9,2,4.306185591079281,-0.765795010418965,0.09775351004308215,-1.031833160908357,False,3.856870595915555,44,20,0.5,8
2STEP-VF,9,2,4.335953853008953,-0.7353198919153825,0.07139168065532524,-0.2596088091929527,False,3.4585956185905986,44,20,0.5,9
2STEP-VF,9,2,4.292816542776468,-0.74446260246755,0.08868620573213526,-0.7936793449396204,False,3.4765953380399144,44,20,0.5,10
2STEP-VF,9,2,4.295133327430998,-0.7474605227648092,0.0941410262038754,-0.960899584242612,False,4.608858397622784,44,20,0.5,11
2STEP-VF,9,2,4.316847619776616,-0.7764050928721239,0.08023806724555022,-0.4452350717779132,False,4.328676794028542,44,20,0.5,12
2STEP-VF,9,2,4.310454565362296,-0.7472574114836676,0.0813798200544218,-0.5521091802589582,False,3.8877138674107634,44,20,0.5,13
2STEP-VF,9,2,4.303020798332426,-0.7439614853240268,0.12303959221471553,-1.8935781381932877,False,3.5822418586583016,44,20,0.5,14
2STEP-VF,9,2,4.302890777823226,-0.7312817862979482,0.12205945715071766,-1.8926528950384967,False,3.9144339249280864,44,20,0.5,15
2STEP-VF,9,2,4.310093412863208,-0.7647110490455146,0.09306197551774192,-0.8840710940867145,False,4.00753129442575,44,20,0.5,16
2STEP-VF,9,2,4.303122756834985,-0.7516104288120046,0.08208631166897196,-0.5647095788481931,False,4.462071920792334,44,20,0.5,17
2STEP-VF,9,2,4.3119807967386885,-0.7461538732812284,0.07790871837252533,-0.4435908442415415,False,4.413754592986776,44,20,0.5,18
2STEP-VF,9,2,4.298787877923916,-0.7626761119486714,0.09082910783037887,-0.8181815092198783,False,3.622572853403995,44,20,0.5,19
2STEP-VF,9,2,4.307115536310003,-0.7711592708591708,0.11787838058017755,-1.6628989963250724,False,3.589021545348606,44,20,0.5,20
2STEP-VF,9,2,4.3217203845352214,-0.7654576575827625,0.09844542983107415,-1.0538521533236307,False,3.651104801614798,44,20,0.5,21
2STEP-VF,9,2,4.337887512521069,-0.7710698251867912,0.058994636367431706,0.22301246744174796,False,3.685612599477687,44,20,0.5,22
2STEP-VF,9,2,4.310550314539901,-0.7406262227815018,0.06961499613144738,-0.191543922658318,False,3.3768861928989806,44,20,0.5,23
2STEP-VF,9,2,4.297490393052606,-0.762298697295369,0.09422938209784573,-0.9279739300390224,False,2.837720914508862,44,20,0.5,24
2STEP-VF,9,2,4.316353594434987,-0.7682068479328735,0.08945849514253114,-0.7599941938560013,False,3.753854980709912,44,20,0.5,25
2STEP-VF,9,2,4.285584615673699,-0.7586415724569097,0.09653614988082294,-1.0112819453493302,False,4.5031903235309185,44,20,0.5,26
2STEP-VF,9,2,4.30717258382139,-0.7393004700622623,0.0928447831488028,-0.9382815775829774,False,3.863939858864386,44,20,0.5,27
2STEP-VF,9,2,4.30278972187297,-0.7657493343900685,0.05921088924385172,0.2012173300452873,False,3.8249882053483795,44,20,0.5,28
2STEP-VF,9,2,4.324544664764152,-0.7376087209551195,0.08540012878143796,-0.7030705108278794,False,4.370933612258985,44,20,0.5,29
2STEP-VF,9,2,4.321414624654405,-0.7508622303686717,0.08540515831785164,-0.6716108358071766,False,4.879177159573793,44,20,0.5,30
2STEP-VF,9,2,4.301175594347562,-0.7601527983359544,0.11355855253325187,-1.5514364293969165,False,3.091492620501877,44,20,0.5,31
2STEP-VF,9,2,4.3018472922719315,-0.7566892646099642,0.09230888928648638,-0.879719384567335,False,5.044964248213983,44,20,0.5,32
2STEP-VF,9,2,4.3201161513232815,-0.7850196915506916,0.08658729669872436,-0.6275392655581236,False,3.14395603513614,44,20,0.5,33
2STEP-VF,9,2,4.319805233042486,-0.7464366385838952,0.08078619990261486,-0.5345221502997783,False,3.974823038634321,44,20,0.5,34
2STEP-VF,9,2,4.3134821457086705,-0.7532040596402796,0.08936594143229298,-0.7932114539541848,False,6.566969955629172,44,20,0.5,35
2STEP-VF,9,2,4.329329668160814,-0.7570930399482853,0.0973202309039303,-1.0374643129602372,False,3.781597606898616,44,20,0.5,36
2STEP-VF,9,2,4.318560314137921,-0.7425609764057878,0.04740402363131658,0.5243312060200351,False,3.5634761418949394,44,20,0.5,37
2STEP-VF,9,2,4.281216187292616,-0.7474525635350111,0.09974994015179006,-1.1412389611356994,False,3.5660242409851963,44,20,0.5,38
2STEP-VF,9,2,4.312780771051409,-0.7454170909397069,0.07546408093662119,-0.3670827254534976,False,3.9177162251577884,44,20,0.5,39
2STEP-VF,9,2,4.309310618930954,-0.7498770448841188,0.11975985620424333,-1.7740518536780452,False,3.9446873956381343,44,20,0.5,40
2STEP-VF,9,2,4.321127092729674,-0.7456257708214229,0.07115132487555505,-0.22807292048256667,False,4.366351203542002,44,20,0.5,41
2STEP-VF,9,2,4.31037388852482,-0.7778139811017777,0.08919066337658363,-0.7287252400949211,False,5.205038908608975,44,20,0.5,42
2STEP-VF,9,2,4.326160824821571,-0.7487294375274018,0.09712909435484123,-1.0516107197998616,False,4.2734740345718105,44,20,0.5,43
2STEP-VF,9,2,4.302353535926868,-0.7615043681119398,0.0961995908621826,-0.992635211965577,False,3.4950872961183186,44,20,0.5,44
2STEP-VF,9,2,4.305118900584893,-0.7537680187027815,0.09476608697699236,-0.9651644043419871,False,5.292799399112404,44,20,0.5,45
2STEP-VF,9,2,4.3071808862639,-0.7917871465067297,0.1260037847275468,-1.8734011064895135,False,3.205040328605621,44,20,0.5,46
2STEP-VF,9,2,4.304069589984099,-0.7775896654558421,0.0755020978521897,-0.29160775877700384,False,3.2595804778683646,44,20,0.5,47
2STEP-VF,9,2,4.318782594460615,-0.7644226532396678,0.06729394928031796,-0.05966505352733531,False,5.186339358759733,44,20,0.5,48
2STEP-VF,9,2,4.29523899093144,-0.7580639800182084,0.08906268939446595,-0.7729381691233241,False,3.3562640103211736,44,20,0.5,49
2STEP-VF,9,2,4.283841230348638,-0.7562058113862951,0.09340963824373576,-0.9171840026515183,False,4.442042084434889,44,20,0.5,50
2STEP-VF,9,2,4.336912491021918,-0.7642625893052435,0.06393423520369326,0.0485494372757147,False,3.378667174472058,44,20,0.5,51
2STEP-VF,9,2,4.311242014520877,-0.7502982123971289,0.10672879962253062,-1.355931357296619,False,4.704239671073196,44,20,0.5,52
2STEP-VF,9,2,4.295222039242857,-0.7437924215286488,0.14584797458694032,-2.6243200527587627,False,3.233157377087303,44,20,0.5,53
2STEP-VF,9,2,4.299795832686503,-0.746510973816106,0.1368518995807506,-2.3296466994641762,False,3.0631818474546253,44,20,0.5,54
2STEP-VF,9,2,4.294080815468552,-0.7769992150609336,0.07853970606077426,-0.3908276288704231,False,4.251311584449308,44,20,0.5,55
2STEP-VF,9,2,4.289031457248401,-0.7653014114779605,0.12377631523265534,-1.8667768124629625,False,3.7205595185481837,44,20,0.5,56
2STEP-VF,9,2,4.311098983920824,-0.7658241584454649,0.08380317348613094,-0.5850576322518255,False,6.7945906901206135,44,20,0.5,57
2STEP-VF,9,2,4.31782059379646,-0.7609464833014765,0.07068908206432156,-0.17670983050695943,False,5.739768941900963,44,20,0.5,58
2STEP-VF,9,2,4.318613343070899,-0.7843319100949167,0.10628100317159753,-1.2594787166790677,False,3.3781712555224543,44,20,0.5,59
2STEP-VF,9,2,4.2881454502094725,-0.749178714556922,0.10021569803061887,-1.1515846950306239,False,3.468097346840619,44,20,0.5,60
2STEP-VF,9,2,4.297560606515351,-0.7595579687854254,0.12589879573352888,-1.9479687019969831,False,3.2390773611171206,44,20,0.5,61
2STEP-VF,9,2,4.304735459339824,-0.7544252318639973,0.10250741981552175,-1.2113327500627138,False,3.748428351315228,44,20,0.5,62
2STEP-VF,9,2,4.305150355784655,-0.743396222294574,0.07329419546922114,-0.30295430016101976,False,3.4458458240634475,44,20,0.5,63
2STEP-VF,9,2,4.3088454786930805,-0.7590154024022726,0.10580114312110632,-1.3054688853883643,False,3.463480531074725,44,20,0.5,64
2STEP-VF,9,2,4.310317963713113,-0.7499364488878333,0.08589230965504906,-0.6900873538079839,False,3.29364851354825,44,20,0.5,65
2STEP-VF,9,2,4.312316771580952,-0.7448133865226702,0.09564937268753272,-1.0144887920517824,False,4.307132407192194,44,20,0.5,66
2STEP-VF,9,2,4.293487532091206,-0.7612869981669581,0.1073633047273242,-1.3509277037482033,False,3.329902000885437,44,20,0.5,67
2STEP-VF,9,2,4.321244886573619,-0.7630055658977716,0.0758392123199068,-0.3363667428879493,False,3.985519193766446,44,20,0.5,68
2STEP-VF,9,2,4.307644828728226,-0.7644834943714413,0.06050975098862749,0.15690704457907256,False,3.1290153744354328,44,20,0.5,69
2STEP-VF,9,2,4.298095427411609,-0.7594416786240306,0.08730603297058459,-0.7132473007163376,False,3.2730973943895845,44,20,0.5,70
2STEP-VF,9,2,4.300495994820524,-0.744318661018043,0.12194760864164603,-1.857928930400139,False,3.8185611712132523,44,20,0.5,71
2STEP-VF,9,2,4.32095569188917,-0.7427421234825465,0.08935005698928292,-0.8173633857855918,False,5.549825306454342,44,20,0.5,72
2STEP-VF,9,2,4.314215020721154,-0.7557928278234035,0.11707329963688072,-1.6735899003607462,False,3.6780983539659506,44,20,0.5,73
2STEP-VF,9,2,4.308264076904484,-0.7734807647448433,0.06828778693240546,-0.07035950183508222,False,3.0207752047480114,44,20,0.5,74
2STEP-VF,9,2,4.31124887507056,-0.7600846795744,0.04782536016368038,0.552466638245021,False,3.6467201094285415,44,20,0.5,75
2STEP-VF,9,2,4.320995765834038,-0.7430951216207918,0.0738202451292409,-0.31955980629576697,False,4.1308649691560335,44,20,0.5,76
2STEP-VF,9,2,4.317037738424683,-0.7646688817072765,0.10405286250887172,-1.2354640198809514,False,3.6966967806371813,44,20,0.5,77
2STEP-VF,9,2,4.311116813248931,-0.7658200619933503,0.06463865317237363,0.028198256063019844,False,4.172648739690424,44,20,0.5,78
2STEP-VF,9,2,4.294905244309788,-0.7568834121322342,0.12116416097904957,-1.8030386475536377,False,4.2716421775281725,44,20,0.5,79
2STEP-VF,9,2,4.290142539602752,-0.7713604746379105,0.08827208676248276,-0.7160330848922984,False,3.992449098500412,44,20,0.5,80
2STEP-VF,9,2,4.29276192336632,-0.7326366594222188,0.11598630096341307,-1.6956679328139148,False,3.5522643166432233,44,20,0.5,81
2STEP-VF,9,2,4.297311728150393,-0.7691798691376209,0.08555010077636249,-0.6337328352242864,False,4.062260461000917,44,20,0.5,82
2STEP-VF,9,2,4.3134581783814125,-0.7534154128328385,0.06861117027118138,-0.12855296717610765,False,4.015603825007786,44,20,0.5,83
2STEP-VF,9,2,4.2957349546293235,-0.7663945956173138,0.16650215870565885,-3.230977951821772,False,2.989424843533955,44,20,0.5,84
2STEP-VF,9,2,4.312419264705182,-0.7717869749005676,0.07721607378467021,-0.35988046546577435,False,4.276163902579713,44,20,0.5,85
2STEP-VF,9,2,4.307684504772635,-0.7607437793183152,0.1621111313520667,-3.103310062615821,False,3.261622880037038,44,20,0.5,86
2STEP-VF,9,2,4.311095961712616,-0.7585365638741209,0.07966363381290116,-0.4700827710121902,False,3.7813300108604495,44,20,0.5,87
2STEP-VF,9,2,4.303831722778527,-0.7714870026052134,0.08555937935276957,-0.6281014296694027,False,4.559616090019884,44,20,0.5,88
2STEP-VF,9,2,4.3001972012075536,-0.7593456217475193,0.0891163104253474,-0.7712806093446178,False,4.37118544331916,44,20,0.5,89
2STEP-VF,9,2,4.322189346573308,-0.7657596436428955,0.06209841661023093,0.11000517400995746,False,3.9802491037444607,44,20,0.5,90
2STEP-VF,9,2,4.310491606294468,-0.7539303446048665,0.09110554351966214,-0.8473150691998415,False,5.079675382249405,44,20,0.5,91
2STEP-VF,9,2,4.315723142010824,-0.7657006703580441,0.11708997553184643,-1.6502542196391312,False,3.560614144649442,44,20,0.5,92
2STEP-VF,9,2,4.292424904836019,-0.7691758114629167,0.09096598493574985,-0.8073440761428348,False,3.674849040553917,44,20,0.5,93
2STEP-VF,9,2,4.301725006605234,-0.7638284881478004,0.08969380910369228,-0.7789100193671183,False,13.710848527074097,44,20,0.5,94
2STEP-VF,9,2,4.302198229483121,-0.7642219949688798,0.11230896531159165,-1.5016222082766353,False,3.9037336186975065,44,20,0.5,95
2STEP-VF,9,2,4.282276526164733,-0.7653267827316133,0.15583566093023793,-2.893020279641859,False,3.4564090053352943,44,20,0.5,96
2STEP-VF,9,2,4.28229872217214,-0.7491060936199159,0.13628982715507099,-2.306481920944146,False,3.567356854911458,44,20,0.5,97
2STEP-VF,9,2,4.314463587395709,-0.7702016076979431,0.07626384922655134,-0.33309150153083733,False,4.542844499666206,44,20,0.5,98
2STEP-VF,9,2,4.3140298057896524,-0.7555895240500724,0.09782593699925832,-1.0581733379087144,False,3.1630451770131804,44,20,0.5,99
2STEP-VF,9,2,2.1992799353205355,-0.27129521610893625,0.03143721792878488,-3.240898580103786,False,8.658201610812416,36,40,0.5,0
2STEP-VF,9,2,2.20189478765117,-0.2672347860720608,0.02808166470605027,-2.8209759085424193,False,4.738983187710001,36,40,0.5,1
2STEP-VF,9,2,2.1795697100524754,-0.2748648522809731,0.03306730394658686,-3.4421650770856345,False,12.57540270245835,36,40,0.5,2
2STEP-VF,9,2,2.1821641660102173,-0.27651563794480816,0.04723846699152377,-5.251956393886892,False,4.5169415887307345,36,40,0.5,3
2STEP-VF,9,2,2.2043868997615994,-0.27995184782778365,0.022141369878987033,-2.029947695737964,False,5.336062726678908,36,40,0.5,4
2STEP-VF,9,2,2.200640337552912,-0.2881815479024737,0.022416634188546777,-2.0456550409148764,False,5.419728483013713,36,40,0.5,5
2STEP-VF,9,2,2.194879816196348,-0.2752004803551037,0.0284263287757648,-2.846396141473866,False,9.221109531603352,36,40,0.5,6
2STEP-VF,9,2,2.1818240628980408,-0.27462236748650976,0.04110459678486779,-4.471385262721572,False,5.139040386585811,36,40,0.5,7
2STEP-VF,9,2,2.195470019302811,-0.27884207237740055,0.031924419607813954,-3.2853765349362574,False,6.611558334260594,36,40,0.5,8
2STEP-VF,9,2,2.208151316459186,-0.2707241501321523,0.03975339222035149,-4.306207164900275,False,4.2769379853973195,36,40,0.5,9
2STEP-VF,9,2,2.2380634569373434,-0.29048076100058823,0.0228045349182219,-2.087542835714751,False,5.730631627229517,36,40,0.5,10
2STEP-VF,9,2,2.189931978007346,-0.27042035023823724,0.028220904672833454,-2.8318710388704726,False,5.254585301203348,36,40,0.5,11
2STEP-VF,9,2,2.2155793994266646,-0.28467028153647506,0.03439575584229533,-3.5865133081606633,False,6.900058909977565,36,40,0.5,12
2STEP-VF,9,2,2.208511523412063,-0.2767121306029745,0.026607886848162766,-2.6091897117129723,False,4.499049004871773,36,40,0.5,13
2STEP-VF,9,2,2.2035680105898785,-0.2707040560230523,0.028489762055978064,-2.864785728074475,False,9.130295474632879,36,40,0.5,14
2STEP-VF,9,2,2.1868271450060135,-0.27078613307340815,0.033819960497965935,-3.5478585956631004,False,6.247530411209663,36,40,0.5,15
2STEP-VF,9,2,2.1971251290934366,-0.2742454210761553,0.032842838091045386,-3.4138667573254313,False,12.112738534217206,36,40,0.5,16
2STEP-VF,9,2,2.2160843035637217,-0.2710724649460195,0.020920969831211243,-1.8943451643107694,False,7.046019341105079,36,40,0.5,17
2STEP-VF,9,2,2.1959806712253145,-0.2744111270187962,0.026410425632269308,-2.5901889358118426,False,5.722519962884061,36,40,0.5,18
2STEP-VF,9,2,2.2166436714937445,-0.27440239168261865,0.02875532988503627,-2.889117864956734,False,8.362633194821042,36,40,0.5,19
2STEP-VF,9,2,2.2034923766433154,-0.28427236673355905,0.022189552716815667,-2.025799524993265,False,6.346698384344507,36,40,0.5,20
2STEP-VF,9,2,2.200057699850288,-0.2732398380011135,0.02051923133397586,-1.8386825375552207,False,4.5253991544320895,36,40,0.5,21
2STEP-VF,9,2,2.1948148195808703,-0.27994095377164063,0.034547235978644106,-3.6184990270396566,False,4.512469019964423,36,40,0.5,22
2STEP-VF,9,2,2.193576322253156,-0.27071650973808875,0.02537348420403421,-2.4664717754097776,False,5.435046297915526,36,40,0.5,23
2STEP-VF,9,2,2.197974624288275,-0.26513624240311645,0.03034170655566425,-3.115532979900249,False,5.136568598573858,36,40,0.5,24
2STEP-VF,9,2,2.2037228525501944,-0.27005559476072927,0.024892855282131594,-2.4059286775340833,False,5.8435339187541775,36,40,0.5,25
2STEP-VF,9,2,2.1785333924781494,-0.2685703207930772,0.03693308055201563,-3.952153537205927,False,7.938424934124983,36,40,0.5,26
2STEP-VF,9,2,2.205622852535951,-0.2725651890741962,0.02984757288358958,-3.0339955041692392,False,7.078339439682792,36,40,0.5,27
2STEP-VF,9,2,2.1893504759394,-0.2817833694102572,0.0325582388079473,-3.359813452276274,False,6.387733572276769,36,40,0.5,28
2STEP-VF,9,2,2.2111657423596784,-0.2783609613503404,0.027539384406109778,-2.7243049521996547,False,4.95102397459456,36,40,0.5,29
2STEP-VF,9,2,2.2143207963064047,-0.2784872121976844,0.023469851834382962,-2.202912477748193,False,8.05415054382064,36,40,0.5,30
2STEP-VF,9,2,2.1992477800219246,-0.2711659644105804,0.027392939794875247,-2.723543112357324,False,7.9974956316906205,36,40,0.5,31
2STEP-VF,9,2,2.193733344229346,-0.27062845597795054,0.03184255993180806,-3.2947153762705907,False,7.30243888434241,36,40,0.5,32
2STEP-VF,9,2,2.202235384595787,-0.2674199672228331,0.02910665070818516,-2.951709246237155,False,5.844752857428928,36,40,0.5,33
2STEP-VF,9,2,2.1922682399257605,-0.2816097456114646,0.016990224186427705,-1.367349211999686,False,5.4267453704254605,36,40,0.5,34
2STEP-VF,9,2,2.19060886117819,-0.2709528014403549,0.021693666927347397,-1.9950661115729242,False,5.241235840649847,36,40,0.5,35
2STEP-VF,9,2,2.1906998622450455,-0.2773036236468089,0.03258231831782432,-3.37356605619447,False,4.272658220170126,36,40,0.5,36
2STEP-VF,9,2,2.210374987483458,-0.27941717558122325,0.029899022650493424,-3.023851178619216,False,9.673453246577076,36,40,0.5,37
2STEP-VF,9,2,2.206042711220036,-0.2760306218125527,0.029632311276756078,-2.99809978840145,False,5.880167974311796,36,40,0.5,38
2STEP-VF,9,2,2.2068998940156224,-0.2835335289834712,0.028021156391704962,-2.773813554936968,False,7.240790713517319,36,40,0.5,39
2STEP-VF,9,2,2.2029201722600056,-0.2772219456191549,0.035746409291061355,-3.7780325094342824,False,5.642312598483207,36,40,0.5,40
2STEP-VF,9,2,2.2065328736728307,-0.27086823250983727,0.0301249426487482,-3.073516928595791,False,12.659991448045071,36,40,0.5,41
2STEP-VF,9,2,2.1941349942833495,-0.2867244595346759,0.03399316829853055,-3.531338739671688,False,5.599211936644716,36,40,0.5,42
2STEP-VF,9,2,2.1991171101872915,-0.2776783104630355,0.034377206249917615,-3.6019074282669328,False,4.512323921885843,36,40,0.5,43
2STEP-VF,9,2,2.197496237805856,-0.27666321169416497,0.04948509863529663,-5.538251142983624,False,4.459226588671043,36,40,0.5,44
2STEP-VF,9,2,2.1923522001350277,-0.2727850082816719,0.03189114318088967,-3.2958411752697643,False,8.670430782313835,36,40,0.5,45
2STEP-VF,9,2,2.2099412547673314,-0.2804140883941498,0.03360922784160242,-3.496390876293111,False,7.211507226032333,36,40,0.5,46
2STEP-VF,9,2,2.177328516204604,-0.2731179296515934,0.03495117579478407,-3.687627759596262,False,8.187817931372294,36,40,0.5,47
2STEP-VF,9,2,2.2048845318459676,-0.2667261609579978,0.01768055309614404,-1.4906749380964848,False,4.262705782500999,36,40,0.5,48
2STEP-VF,9,2,2.2049634340397666,-0.26958059220654956,0.03065396149405987,-3.1444158439015593,False,6.028547442727727,36,40,0.5,49
2STEP-VF,9,2,2.1902391370727963,-0.2727682758240089,0.028152462266260298,-2.8174569598793298,False,5.202368431472209,36,40,0.5,50
2STEP-VF,9,2,2.212319421715555,-0.2715424874055718,0.030510917136763734,-3.1209562584294535,False,8.28038111602973,36,40,0.5,51
2STEP-VF,9,2,2.19583007373178,-0.28067340912408995,0.040035898729145813,-4.319229051008943,False,5.046159439020687,36,40,0.5,52
2STEP-VF,9,2,2.1852274297408116,-0.27256808481561856,0.027156896244453315,-2.690805669948092,False,7.615452313483133,36,40,0.5,53
2STEP-VF,9,2,2.196428825899637,-0.28323578728611043,0.033209556247797666,-3.4392715806774588,False,6.035769647459271,36,40,0.5,54
2STEP-VF,9,2,2.187410652471966,-0.2798346915392662,0.02788862436068697,-2.7668960193253764,False,6.743932651515555,36,40,0.5,55
2STEP-VF,9,2,2.1979843510088686,-0.2717918152800254,0.029883811932389145,-3.0409485096132185,False,7.311475611235921,36,40,0.5,56
2STEP-VF,9,2,2.1912075012178915,-0.275090388507671,0.0321304161792639,-3.321003888454296,False,8.145201548163383,36,40,0.5,57
2STEP-VF,9,2,2.209475190724835,-0.27570028406349534,0.0069463091871666185,-0.09487838276144855,False,4.394572514613085,36,40,0.5,58
2STEP-VF,9,2,2.172377437800268,-0.2795220922538468,0.029689302071919412,-2.9990349975284376,False,12.12904467065324,36,40,0.5,59
2STEP-VF,9,2,2.217495534095237,-0.26915399161590037,0.025639766890271354,-2.502870850030859,False,5.458059451794044,36,40,0.5,60
2STEP-VF,9,2,2.217668806256576,-0.271110462134719,0.024689562487943132,-2.3765387609580015,False,6.480164174194578,36,40,0.5,61
2STEP-VF,9,2,2.176803946698027,-0.2679414879964048,0.03595777019580596,-3.8289267770699107,False,5.895948457536863,36,40,0.5,62
2STEP-VF,9,2,2.2001230808573635,-0.27337447071310644,0.028412939503465053,-2.8487501418806302,False,7.741926124410813,36,40,0.5,63
2STEP-VF,9,2,2.1944688927989944,-0.27576496876185025,0.0281998222612577,-2.816073190844606,False,10.707432497105245,36,40,0.5,64
2STEP-VF,9,2,2.1921693041516934,-0.28026010329494744,0.024749895208948845,-2.363832180588478,False,6.209180720748101,36,40,0.5,65
2STEP-VF,9,2,2.2065977556854235,-0.27185691389724737,0.03155821044017921,-3.2545984776484205,False,8.48192129345518,36,40,0.5,66
2STEP-VF,9,2,2.1874979923607323,-0.2793610486547238,0.0216177222612518,-1.96535205312725,False,4.7076621374931,36,40,0.5,67
2STEP-VF,9,2,2.1941328472494903,-0.26873778014705263,0.029022409981652144,-2.93824983446358,False,5.457554925105301,36,40,0.5,68
2STEP-VF,9,2,2.2050311700177794,-0.2890355404219882,0.035810974105075,-3.7578175182357625,False,6.517262994023851,36,40,0.5,69
2STEP-VF,9,2,2.205448810337259,-0.28119545184625944,0.02559553625254146,-2.4690326272740495,False,5.911691993211308,36,40,0.5,70
2STEP-VF,9,2,2.2136589257775263,-0.2777552800998787,0.03250263751474116,-3.360905394100509,False,9.203696038586775,36,40,0.5,71
2STEP-VF,9,2,2.2182494866181974,-0.28328346552335076,0.027134147096038033,-2.6601955418397356,False,8.748130840902345,36,40,0.5,72
2STEP-VF,9,2,2.2092965946580025,-0.28028837744334445,0.03328995729580445,-3.455864632319464,False,7.476588510258213,36,40,0.5,73
2STEP-VF,9,2,2.1871690055994946,-0.26952860222887526,0.03149139153562246,-3.252799330874405,False,7.549880985310396,36,40,0.5,74
2STEP-VF,9,2,2.2048828085280623,-0.2730628909826549,0.03267937569825787,-3.395316182506953,False,6.871346569053742,36,40,0.5,75
2STEP-VF,9,2,2.174883003887254,-0.265074324910435,0.032147144046194114,-3.3481630778945686,False,5.042772069052913,36,40,0.5,76
2STEP-VF,9,2,2.211442022244437,-0.27266292977065404,0.026353744212850402,-2.5862017064606166,False,6.914983122902974,36,40,0.5,77
2STEP-VF,9,2,2.21107125781118,-0.27066255317071236,0.031632932031672695,-3.2667608969757254,False,8.249667633329505,36,40,0.5,78
2STEP-VF,9,2,2.200474988301645,-0.27211864632359456,0.025467661984602447,-2.4747474835543883,False,5.31993578946137,36,40,0.5,79
2STEP-VF,9,2,2.2022277017558443,-0.272671434354731,0.016254895924218575,-1.294081573743273,False,3.9857523888522772,36,40,0.5,80
2STEP-VF,9,2,2.192242993385459,-0.2738394617779256,0.040380326635497454,-4.379932521473526,False,6.261510618233031,36,40,0.5,81
2STEP-VF,9,2,2.2078557421751834,-0.27908151937213505,0.02449281305201427,-2.3328130796341924,False,6.754095987265952,36,40,0.5,82
2STEP-VF,9,2,2.2128749276871615,-0.28018838343241015,0.03500706515012464,-3.6756797233169407,False,5.5802388415263104,36,40,0.5,83
2STEP-VF,9,2,2.20005464681235,-0.27723855153764604,0.019432239567767125,-1.6899508621751012,False,5.930605312679979,36,40,0.5,84
2STEP-VF,9,2,2.2161809085736683,-0.27867695132883563,0.02816672366389239,-2.803545091274601,False,5.408388660733885,36,40,0.5,85
2STEP-VF,9,2,2.2039765258437085,-0.27054596895124033,0.03200711073041251,-3.3153612564592025,False,5.688165500049128,36,40,0.5,86
2STEP-VF,9,2,2.1921560885621503,-0.2803130717349686,0.034247010557329746,-3.579336613860555,False,4.957978841723968,36,40,0.5,87
2STEP-VF,9,2,2.2073113665646447,-0.27764781766623076,0.03737062245782197,-3.98464623020838,False,5.362275960581398,36,40,0.5,88
2STEP-VF,9,2,2.2215350190085057,-0.2804551509111258,0.02926123477837772,-2.939053588305137,False,9.01435544292603,36,40,0.5,89
2STEP-VF,9,2,2.199536823312589,-0.2787924144001613,0.028752074583510423,-2.879191542730193,False,8.863826394646054,36,40,0.5,90
2STEP-VF,9,2,2.213716249904864,-0.27660421125962115,0.03194310346167608,-3.2920441610771567,False,8.640149350386448,36,40,0.5,91
2STEP-VF,9,2,2.222071731208389,-0.2736983150587433,0.022882616815887068,-2.138774692420058,False,6.434706490595806,36,40,0.5,92
2STEP-VF,9,2,2.1784589226063193,-0.2676832885262809,0.0315419309646096,-3.2642197356505767,False,7.512622525857713,36,40,0.5,93
2STEP-VF,9,2,2.194669879316962,-0.2789870369759018,0.04259461153767278,-4.6508611953209344,False,5.6647161017094,36,40,0.5,94
2STEP-VF,9,2,2.201429685950229,-0.27061864182962575,0.03144360500715061,-3.2432109193671637,False,5.356690203397564,36,40,0.5,95
2STEP-VF,9,2,2.162421845363775,-0.2732616690160138,0.05634464177345558,-6.426540830642057,False,4.048660227170765,36,40,0.5,96
2STEP-VF,9,2,2.1992962847706945,-0.2742654644233693,0.028510898918662535,-2.8592001698864773,False,7.998255417053894,36,40,0.5,97
2STEP-VF,9,2,2.200154133421288,-0.27201218583739206,0.026463217424531164,-2.602453336324972,False,3.9256948444245654,36,40,0.5,98
2STEP-VF,9,2,2.18529882814046,-0.28086703580841743,0.03474533845627466,-3.6422045067745277,False,6.72641394136625,36,40,0.5,99
2STEP-VF,9,2,3.9807643979017655,-0.4237475114205585,0.025905413453014264,-2.06005303070238,False,8.316734174731895,40,40,0.5,0
2STEP-VF,9,2,3.9684364963433203,-0.42729046876642585,0.04269202359703996,-4.200975705601095,False,5.042609462659895,40,40,0.5,1
2STEP-VF,9,2,3.972560936708248,-0.44352259249843545,0.0587073838299371,-6.211737252033211,False,4.205732049626528,40,40,0.5,2
2STEP-VF,9,2,4.0044099220448786,-0.4284629533968718,0.03572766758061741,-3.3045657668438446,False,7.685038635067569,40,40,0.5,3
2STEP-VF,9,2,3.994955894880191,-0.41692701287016626,0.02751975159936464,-2.2822060201374645,False,6.7750312563395605,40,40,0.5,4
2STEP-VF,9,2,3.997993231536124,-0.417681485817539,0.03279807099645087,-2.9558379276914515,False,5.727235570463197,40,40,0.5,5
2STEP-VF,9,2,3.995449333744769,-0.4214598954888497,0.021250781937568335,-1.468869378810822,False,6.006716129208744,40,40,0.5,6
2STEP-VF,9,2,3.992826157042294,-0.4126415832768723,0.019017006761097983,-1.2042674961335111,False,6.677128271267912,40,40,0.5,7
2STEP-VF,9,2,3.963611984872276,-0.42459016583953296,0.03256094621560316,-2.9109679984899897,False,5.962281794258937,40,40,0.5,8
2STEP-VF,9,2,3.974597654937699,-0.41632126756469506,0.03723917142547954,-3.528967041009852,False,11.351584367741491,40,40,0.5,9
2STEP-VF,9,2,3.9657061101985587,-0.40985988427726655,0.0364304341007035,-3.4414894760126957,False,10.391653253026556,40,40,0.5,10
2STEP-VF,9,2,3.955967670027758,-0.4278011371790892,0.03753692610858534,-3.5406457524674453,False,7.602557730992375,40,40,0.5,11
2STEP-VF,9,2,3.9562497515139623,-0.4108990160106404,0.04032305766701013,-3.937818757860923,False,5.293247415181902,40,40,0.5,12
2STEP-VF,9,2,3.958265215407875,-0.4245424129924512,0.037170866189558234,-3.5014731681570996,False,7.438494368013409,40,40,0.5,13
2STEP-VF,9,2,3.9765928074659516,-0.4199352907614847,0.041027521834003544,-4.005082528476934,False,8.552706400217769,40,40,0.5,14
2STEP-VF,9,2,3.9708924595714734,-0.4027774631124327,0.035291387332295955,-3.3123781194897566,False,5.640114102589399,40,40,0.5,15
2STEP-VF,9,2,3.940739063887007,-0.4137622975864707,0.041686521895718726,-4.106400944611248,False,7.838665074783926,40,40,0.5,16
2STEP-VF,9,2,3.9758240837396226,-0.41927824316367307,0.03503272400287104,-3.239371443750301,False,10.116052839125075,40,40,0.5,17
2STEP-VF,9,2,3.9754078982856256,-0.4151456949197417,0.03544826876168854,-3.302504259791616,False,6.212344210898216,40,40,0.5,18
2STEP-VF,9,2,3.952168925706926,-0.431000209128981,0.03592535821022359,-3.326915213456651,False,5.180075856320425,40,40,0.5,19
2STEP-VF,9,2,3.976417011391262,-0.4068249037127409,0.04043647252573674,-3.9609036937002498,False,7.3989417130554145,40,40,0.5,20
2STEP-VF,9,2,3.9961354383148047,-0.4218104828356874,0.03532356420209407,-3.2693029327635044,False,8.835160516699975,40,40,0.5,21
2STEP-VF,9,2,3.9846498376663737,-0.4183070535392365,0.03691168673872695,-3.4816799838029002,False,8.933448675766078,40,40,0.5,22
2STEP-VF,9,2,3.974859881109385,-0.4117564504577635,0.02957016114371954,-2.5582735524309066,False,5.551452409603042,40,40,0.5,23
2STEP-VF,9,2,3.9843704185519986,-0.4132022439468353,0.033359580127809735,-3.0392786457741225,False,5.400896648929847,40,40,0.5,24
2STEP-VF,9,2,3.9856083675890694,-0.4202336930041092,0.045648254545738155,-4.595279216589279,False,5.703216266024516,40,40,0.5,25
2STEP-VF,9,2,3.9448342794840974,-0.41241547820479046,0.04250217588362542,-4.213791308643511,False,5.693976459271963,40,40,0.5,26
2STEP-VF,9,2,3.9485330094753275,-0.4308535988712286,0.04267773642217605,-4.191789644179067,False,8.132216009403715,40,40,0.5,27
2STEP-VF,9,2,3.955495297629941,-0.4152453993936726,0.0609957675959036,-6.573539575873052,False,4.429900213263352,40,40,0.5,28
2STEP-VF,9,2,3.99488413517074,-0.42424730420762014,0.03400408903195993,-3.094636817882339,False,9.578435176515645,40,40,0.5,29
2STEP-VF,9,2,3.985600572615256,-0.423526508133076,0.03387078954342858,-3.0798614076825612,False,7.6821178262059915,40,40,0.5,30
2STEP-VF,9,2,3.9768371246965044,-0.4257577146632069,-0.002932526356066803,1.6357921162500377,False,5.377923791942805,40,40,0.5,31
2STEP-VF,9,2,3.961925674765644,-0.4204011966703598,0.03324609192767218,-3.008821354247238,False,7.757407002917652,40,40,0.5,32
2STEP-VF,9,2,3.9786444749132777,-0.4382227143289624,0.022184997989835812,-1.549226559814678,False,5.883248355787216,40,40,0.5,33
2STEP-VF,9,2,3.974165174220155,-0.4218718221488947,0.03821068761858475,-3.6400257315682927,False,5.682499308876218,40,40,0.5,34
2STEP-VF,9,2,3.9612741669938334,-0.4216134183938569,0.03757677899375291,-3.560279057035487,False,10.229416733717816,40,40,0.5,35
2STEP-VF,9,2,3.9497283309106144,-0.43562792759941116,0.0684388169599358,-7.47767784477856,False,4.378763636963959,40,40,0.5,36
2STEP-VF,9,2,3.9903882202480627,-0.4109038215364719,0.03595464961404543,-3.3766026856953997,False,7.220974252077204,40,40,0.5,37
2STEP-VF,9,2,3.992667481813544,-0.41959963171680337,0.038734991933339666,-3.7114798024383377,False,7.771805759972994,40,40,0.5,38
2STEP-VF,9,2,3.964230449312675,-0.41248271337320136,0.03903195292911829,-3.7682776358726984,False,7.498612158090558,40,40,0.5,39
2STEP-VF,9,2,3.9625291023246603,-0.41056681792002814,0.03593148913025449,-3.3761184995250284,False,14.668377903247123,40,40,0.5,40
2STEP-VF,9,2,3.984529220751301,-0.42070089264184185,0.0448233221091173,-4.488631334381516,False,5.213686516476628,40,40,0.5,41
2STEP-VF,9,2,4.024242315702572,-0.4219286955903613,0.03302434997363502,-2.9730333882662623,False,11.018718153389827,40,40,0.5,42
2STEP-VF,9,2,3.988870123643328,-0.42204526756958927,0.039825326828553206,-3.8454009844691974,False,7.642909285042207,40,40,0.5,43
2STEP-VF,9,2,3.985648897860382,-0.4190616241695083,0.04553669038744804,-4.583809537714907,False,6.852952977206614,40,40,0.5,44
2STEP-VF,9,2,3.9945715699222406,-0.4280322551214926,0.028284562605791912,-2.353472307054449,False,5.883098713410165,40,40,0.5,45
2STEP-VF,9,2,3.955519102664183,-0.4102444473770875,0.046559343375676736,-4.737678132221762,False,7.598794194683539,40,40,0.5,46
2STEP-VF,9,2,3.9652246530147606,-0.4300798079367082,0.06279898879677005,-6.768165547757583,False,3.916829441915658,40,40,0.5,47
2STEP-VF,9,2,3.9431806184903695,-0.4180176572657174,0.04201383965095765,-4.137938260775437,False,7.0977789843452195,40,40,0.5,48
2STEP-VF,9,2,3.994067132679462,-0.4308168938547852,0.038530292118589174,-3.658272817967163,False,8.099382470737947,40,40,0.5,49
2STEP-VF,9,2,3.9666652712272397,-0.4142010661874651,0.03757366745297496,-3.5773469588572455,False,6.788476150241874,40,40,0.5,50
2STEP-VF,9,2,3.9611975175123786,-0.4118221662186035,0.036971374341105985,-3.506290865686176,False,6.3707731483957595,40,40,0.5,51
2STEP-VF,9,2,3.9807551722898475,-0.41570258480328814,0.03193275016741574,-2.850860507563933,False,8.00642094938951,40,40,0.5,52
2STEP-VF,9,2,3.9440169011886246,-0.4279224430976133,0.0544702055497351,-5.7085314328605055,False,5.843584754546624,40,40,0.5,53
2STEP-VF,9,2,3.9847883391262826,-0.3935507232064959,0.02954228804526058,-2.597803833750188,False,5.177249142741128,40,40,0.5,54
2STEP-VF,9,2,3.9584095073193604,-0.40920383744174704,0.03379339357799623,-3.105960597684164,False,9.367161920243346,40,40,0.5,55
2STEP-VF,9,2,3.977063421022612,-0.424018580990669,0.038021810428959364,-3.610523335267837,False,8.073209962209082,40,40,0.5,56
2STEP-VF,9,2,3.9567871196739586,-0.42260531801313,0.030531016536400037,-2.656310126247256,False,5.159521042348282,40,40,0.5,57
2STEP-VF,9,2,3.98174883267561,-0.41328791932899644,0.03360457591352764,-3.070589780581411,False,6.118140863921446,40,40,0.5,58
2STEP-VF,9,2,3.984184338621519,-0.4095834498166226,0.02694741619599234,-2.227217933209835,False,7.754739265262577,40,40,0.5,59
2STEP-VF,9,2,4.00869504605693,-0.41220515620485787,0.03344023846013494,-3.050536445242199,False,8.905031547718119,40,40,0.5,60
2STEP-VF,9,2,3.9969401008740415,-0.41776787824039596,0.03720953722934403,-3.520361451526644,False,13.345109333998053,40,40,0.5,61
2STEP-VF,9,2,3.9548779770508693,-0.41383440716487524,0.034520843075692025,-3.1881726578698273,False,8.630169786631779,40,40,0.5,62
2STEP-VF,9,2,3.957729191003991,-0.4179385670967547,0.0339628016236324,-3.106722295332498,False,5.354690418592577,40,40,0.5,63
2STEP-VF,9,2,3.97689110888018,-0.41963820894798354,0.025784331595514274,-2.054649276217857,False,4.520868163400385,40,40,0.5,64
2STEP-VF,9,2,3.9916301397018223,-0.4269309486864038,0.043303434297701594,-4.278707504876326,False,7.724878583600949,40,40,0.5,65
2STEP-VF,9,2,3.968941321676943,-0.41128094150074457,0.04014322899501966,-3.9131225724601135,False,7.5929008030477165,40,40,0.5,66
2STEP-VF,9,2,3.984198096843227,-0.4141417034832807,0.03623473487704766,-3.4050540900916344,False,13.433833484184696,40,40,0.5,67
2STEP-VF,9,2,3.960888871978256,-0.43034420826713843,0.04123380196990908,-4.007447219988535,False,5.100641527283585,40,40,0.5,68
2STEP-VF,9,2,3.9784476700697984,-0.42384187690781616,0.026895229583318903,-2.1866620218818738,False,6.7802182921502725,40,40,0.5,69
2STEP-VF,9,2,3.9599574550577246,-0.42201054746842437,0.046336137561318845,-4.680602846621131,False,6.534565750876685,40,40,0.5,70
2STEP-VF,9,2,4.000193626489804,-0.4164549194219493,0.03381965828156608,-3.0894128358383925,False,6.777504978896229,40,40,0.5,71
2STEP-VF,9,2,3.9728119999407476,-0.41670073172700356,0.054654894755826265,-5.75737605260451,False,4.884837761507902,40,40,0.5,72
2STEP-VF,9,2,3.962700144552272,-0.41505982816865744,0.03209584039743969,-2.8743619745943674,False,9.01719463719988,40,40,0.5,73
2STEP-VF,9,2,3.973387821170677,-0.41576945487003836,0.04148501008787429,-4.073831330289577,False,6.315459791711032,40,40,0.5,74
2STEP-VF,9,2,3.9562048843492987,-0.4073952888028242,0.05685628257475873,-6.062483183381383,False,4.842269189642696,40,40,0.5,75
2STEP-VF,9,2,3.9788828470757602,-0.42186510406131367,0.019127370346164924,-1.1970941837374125,False,4.969033736852429,40,40,0.5,76
2STEP-VF,9,2,3.965338599213178,-0.42388457593679035,0.0273469472806834,-2.2451659537263886,False,6.111358816905717,40,40,0.5,77
2STEP-VF,9,2,3.9670655198604967,-0.4043817976457756,0.030691089432844543,-2.719919201862611,False,7.3453690865926795,40,40,0.5,78
2STEP-VF,9,2,3.9831442763014375,-0.42913328288336416,-0.00499951644195656,1.9088466400686,False,4.295873441714012,40,40,0.5,79
2STEP-VF,9,2,3.965270334177916,-0.4213517745597166,0.0014749762131107806,1.0603635237158149,False,4.115403215752426,40,40,0.5,80
2STEP-VF,9,2,3.955775974691362,-0.4062631482566844,0.05512910010866863,-5.844146699612062,False,5.279859337585906,40,40,0.5,81
2STEP-VF,9,2,3.97785071320599,-0.41149132272215583,0.04116342815994333,-4.042668587147213,False,6.680224305319516,40,40,0.5,82
2STEP-VF,9,2,3.9582045297977153,-0.417027110634569,0.03683670780387816,-3.476741261585577,False,9.228978238250395,40,40,0.5,83
2STEP-VF,9,2,3.9816952651417123,-0.4190182847568925,0.03340165426584914,-3.0308661467036457,False,6.878785676015711,40,40,0.5,84
2STEP-VF,9,2,4.01321212384278,-0.42495358547511936,0.023410108024221277,-1.7358124945294706,False,5.377590226650928,40,40,0.5,85
2STEP-VF,9,2,3.9766800870674786,-0.4297216251576659,0.05305554230453703,-5.521176709378295,False,5.223038777174261,40,40,0.5,86
2STEP-VF,9,2,3.9562272489009365,-0.41824795676290905,0.04148891509307057,-4.069412400747996,False,6.020088667415486,40,40,0.5,87
2STEP-VF,9,2,3.994671340825697,-0.4212551029805592,0.037309924731892374,-3.524977838079341,False,6.438339407375588,40,40,0.5,88
2STEP-VF,9,2,3.939404781112262,-0.41052448259537533,0.04285807455958478,-4.264210498531216,False,5.568257756808851,40,40,0.5,89
2STEP-VF,9,2,3.9588694774077213,-0.40417976816735646,0.03281564418802078,-2.9928388438205413,False,9.06789124313824,40,40,0.5,90
2STEP-VF,9,2,3.9839928979733523,-0.4136296542418168,0.037513315163020707,-3.56995359680789,False,6.269771391526492,40,40,0.5,91
2STEP-VF,9,2,3.981513112375465,-0.3999289758396556,0.04563632965905649,-4.642729867601531,False,6.291309488148402,40,40,0.5,92
2STEP-VF,9,2,3.965278286137212,-0.39854141871439985,0.023918828771290528,-1.867193980642396,False,5.273636231921808,40,40,0.5,93
2STEP-VF,9,2,3.9603402206180265,-0.41131962106752107,0.03481888344433679,-3.232029577075978,False,7.613576029280005,40,40,0.5,94
2STEP-VF,9,2,3.9739706714357723,-0.40514959477738655,0.0499437520844692,-5.182002999060186,False,6.239411518246424,40,40,0.5,95
2STEP-VF,9,2,3.980491843664712,-0.42413415469922333,0.04839277211666714,-4.937523349035377,False,6.244673726013802,40,40,0.5,96
2STEP-VF,9,2,3.958457672719541,-0.43489877734408194,0.03399719186194035,-3.0703760323393965,False,4.655314370333729,40,40,0.5,97
2STEP-VF,9,2,3.975003247465008,-0.4166804590570224,0.026954589863850853,-2.2116542059881557,False,5.064986429057043,40,40,0.5,98
2STEP-VF,9,2,3.980653115913124,-0.4318686486690693,0.047327767389681454,-4.782630282118674,False,6.786667742228659,40,40,0.5,99
2STEP-VF,9,2,6.316849797099641,-0.5671064310062666,0.03779064503289691,-3.097136141969788,False,10.701735484178474,44,40,0.5,0
2STEP-VF,9,2,6.348760219174305,-0.5442831178802399,0.029895339803188998,-2.1393983987451586,False,6.107206746459486,44,40,0.5,1
2STEP-VF,9,2,6.36189728862692,-0.5683037565257442,0.03712514746374768,-3.0063760223803033,False,16.710122616318706,44,40,0.5,2
2STEP-VF,9,2,6.316890985912112,-0.5577693343774742,0.03619807729356339,-2.91569403191545,False,6.540784407806397,44,40,0.5,3
2STEP-VF,9,2,6.314938929855036,-0.584550803767436,0.0323758651321772,-2.3622924720855343,False,7.955997790093414,44,40,0.5,4
2STEP-VF,9,2,6.359861592782933,-0.5455995195458758,0.04355705592650414,-3.884272616115453,False,7.672168561484301,44,40,0.5,5
2STEP-VF,9,2,6.3339799912101835,-0.5697610167715487,0.043702540680644796,-3.846459967398207,False,8.413705815232005,44,40,0.5,6
2STEP-VF,9,2,6.2962831923929095,-0.5589859645348291,0.032304729398000526,-2.415662056516904,False,5.623128475298487,44,40,0.5,7
2STEP-VF,9,2,6.3337280207312965,-0.5740902686425525,0.03486597921955453,-2.7050050141169772,False,7.723371001790025,44,40,0.5,8
2STEP-VF,9,2,6.331868662424112,-0.5694604821796447,0.016335433632832658,-0.34431822802598666,False,5.535422219665507,44,40,0.5,9
2STEP-VF,9,2,6.323677330868166,-0.5533984439437711,0.0005270264740922885,1.640117516633328,False,5.048735689912121,44,40,0.5,10
2STEP-VF,9,2,6.351109440222222,-0.5686436308649538,0.03844363203166854,-3.1749736195643514,False,8.697345787293843,44,40,0.5,11
2STEP-VF,9,2,6.332878822110003,-0.5627871891979271,0.036060427729007256,-2.8850727659113042,False,6.7856526572046025,44,40,0.5,12
2STEP-VF,9,2,6.299359743494908,-0.5714548188451163,0.031168404898483958,-2.240102677167974,False,5.474303569818235,44,40,0.5,13
2STEP-VF,9,2,6.3356564248090415,-0.5724178462600399,0.03485517823949269,-2.707520598142427,False,7.3441305341888325,44,40,0.5,14
2STEP-VF,9,2,6.3491401178174405,-0.5745802428790789,0.03640132208381667,-2.899428236749699,False,13.274752690482087,44,40,0.5,15
2STEP-VF,9,2,6.325396007136634,-0.5583537486934196,0.042001946446352745,-3.656676387840747,False,7.546469392792507,44,40,0.5,16
2STEP-VF,9,2,6.292490502729039,-0.5571916579120705,0.04319076607395075,-3.813608648312985,False,6.831524603163902,44,40,0.5,17
2STEP-VF,9,2,6.305610440920026,-0.5524112933605542,0.04416666541813031,-3.949209443000149,False,6.312852375079804,44,40,0.5,18
2STEP-VF,9,2,6.3447933236302525,-0.5665628117079925,0.046883101886116496,-4.260598693905916,False,6.250016742111646,44,40,0.5,19
2STEP-VF,9,2,6.321048435059322,-0.579278802811663,0.04816927635770038,-4.3961353409341,False,5.981507646065455,44,40,0.5,20
2STEP-VF,9,2,6.32015116275904,-0.5734587922241401,0.04252042240937676,-3.687103897296747,False,7.565537437607882,44,40,0.5,21
2STEP-VF,9,2,6.345590073547741,-0.5703819992178862,0.03479088195268324,-2.703580687407664,False,10.68791356855352,44,40,0.5,22
2STEP-VF,9,2,6.315743165688118,-0.5813710439973467,0.06464509386834286,-6.500336919612968,False,4.437943068341468,44,40,0.5,23
2STEP-VF,9,2,6.325832691718726,-0.5554613570977207,0.037283418893061096,-3.059620399774168,False,9.690176524933756,44,40,0.5,24
2STEP-VF,9,2,6.343549261618492,-0.5619147823690226,0.03906980098151586,-3.2717260922512676,False,7.547198018533718,44,40,0.5,25
2STEP-VF,9,2,6.327048151178199,-0.574825490445963,0.04203589872683558,-3.6213909708939522,False,8.609998273322022,44,40,0.5,26
2STEP-VF,9,2,6.338971979172751,-0.5624503581980588,0.037084052745605355,-3.01653957301178,False,6.485051571771836,44,40,0.5,27
2STEP-VF,9,2,6.334318135680023,-0.5544129541604065,0.04427198902507352,-3.956164417083634,False,5.422626969155915,44,40,0.5,28
2STEP-VF,9,2,6.341811019473335,-0.5662366417058469,0.04384815473048367,-3.8730872042394777,False,7.686526597774557,44,40,0.5,29
2STEP-VF,9,2,6.324083283067922,-0.5684287907249774,0.050074910966164836,-4.66591450894508,False,5.379359773461957,44,40,0.5,30
2STEP-VF,9,2,6.322010112317419,-0.5610737778172106,0.030511958515139475,-2.1796330164375033,False,5.237370459595242,44,40,0.5,31
2STEP-VF,9,2,6.349935469688922,-0.5461213558921668,0.019308236775554804,-0.7797669249484795,False,5.36658144318652,44,40,0.5,32
2STEP-VF,9,2,6.325919099759354,-0.5584826572705637,0.04537620746145919,-4.088241031631863,False,7.5107111972973835,44,40,0.5,33
2STEP-VF,9,2,6.336413862557289,-0.5648165698741843,0.042072769378461106,-3.649569880991543,False,6.227702954350317,44,40,0.5,34
2STEP-VF,9,2,6.323937989602296,-0.5604943451532522,0.03169812937455865,-2.3327378521995654,False,9.765248564473042,44,40,0.5,35
2STEP-VF,9,2,6.2861062642153485,-0.5831149085223951,0.059276791134919266,-5.810787108962998,False,5.866868845827018,44,40,0.5,36
2STEP-VF,9,2,6.311420469442033,-0.5790359560154162,0.037519090342487654,-3.0340720412348996,False,6.706619234502546,44,40,0.5,37
2STEP-VF,9,2,6.3667435530618395,-0.5638018596573146,0.03908203087124648,-3.267370875158285,False,9.723788175034617,44,40,0.5,38
2STEP-VF,9,2,6.3362186729546215,-0.5488829656730707,0.021393068968475308,-1.040820589972193,False,6.513483679153458,44,40,0.5,39
2STEP-VF,9,2,6.3193991791353,-0.5649870532093023,0.05307006812273821,-5.05783584126005,False,6.563298407237967,44,40,0.5,40
2STEP-VF,9,2,6.331210184012524,-0.5479208872724254,0.04312041652343182,-3.824530574504702,False,8.370621182720624,44,40,0.5,41
2STEP-VF,9,2,6.324306251279969,-0.5679225613411417,0.05977558226997333,-5.90880200826105,False,4.819451289701952,44,40,0.5,42
2STEP-VF,9,2,6.31428391877061,-0.5606754168029822,0.019476858135577056,-0.7685598059004699,False,6.209149113655272,44,40,0.5,43
2STEP-VF,9,2,6.343054734729734,-0.5628761755978658,0.03605238047263633,-2.8832185949787887,False,6.513180111842489,44,40,0.5,44
2STEP-VF,9,2,6.317712085031726,-0.5552010068168101,0.037691357549740886,-3.1129486249045866,False,10.586318223885762,44,40,0.5,45
2STEP-VF,9,2,6.274134826478051,-0.5630034543664865,0.06037711196329064,-6.000613951232953,False,5.928069571041667,44,40,0.5,46
2STEP-VF,9,2,6.332366405513157,-0.545723081986775,0.021497090135421677,-1.0619501562349258,False,6.3709045383469265,44,40,0.5,47
2STEP-VF,9,2,6.351519490679118,-0.5830240493370804,0.056422287424679515,-5.441703902509239,False,4.494664315543072,44,40,0.5,48
2STEP-VF,9,2,6.333931938408416,-0.5892860258610791,0.03214900597775342,-2.320750386781344,False,6.192058068154846,44,40,0.5,49
2STEP-VF,9,2,6.328687796660581,-0.5519710035607811,0.039439191318867035,-3.343764812469472,False,6.4915529888823365,44,40,0.5,50
2STEP-VF,9,2,6.327025076555543,-0.5851381979832249,0.027580582139367656,-1.7463613340859885,False,5.694959484927603,44,40,0.5,51
2STEP-VF,9,2,6.359343650114277,-0.5510700060801677,0.03340938355604366,-2.5722724615743306,False,11.043986493383533,44,40,0.5,52
2STEP-VF,9,2,6.3049627128442,-0.5462191062038729,0.033039631375835724,-2.539849198447026,False,5.927092975977985,44,40,0.5,53
2STEP-VF,9,2,6.341205301850784,-0.5592445604748246,0.026085371188512403,-1.6162682488789624,False,7.138062148118641,44,40,0.5,54
2STEP-VF,9,2,6.3023277891914065,-0.5474092029921559,0.053060623864865535,-5.099838100170132,False,5.874837250139989,44,40,0.5,55
2STEP-VF,9,2,6.331819060473765,-0.55207739387511,0.03742731728410791,-3.0858017234371236,False,7.381107469311639,44,40,0.5,56
2STEP-VF,9,2,6.3167303054157395,-0.5406301530721144,0.04244302656634071,-3.7561912147935934,False,7.242755304752474,44,40,0.5,57
2STEP-VF,9,2,6.322706522925483,-0.5706163679871208,0.04258800883597078,-3.702423456459642,False,5.612096320898563,44,40,0.5,58
2STEP-VF,9,2,6.362847447465645,-0.5796249818649463,0.02881413333205606,-1.9153382631793665,False,8.10920487673947,44,40,0.5,59
2STEP-VF,9,2,6.335950878573235,-0.5668194891456355,0.03391666684080173,-2.6008095289587034,False,7.0876721218581205,44,40,0.5,60
2STEP-VF,9,2,6.325191381495407,-0.5683526961192982,0.03436524462849944,-2.6551933588718897,False,7.133809359263208,44,40,0.5,61
2STEP-VF,9,2,6.3045772864227185,-0.5589972497036669,0.0415325192661922,-3.5962944295984385,False,5.903599535616317,44,40,0.5,62
2STEP-VF,9,2,6.3327415426532765,-0.5784577734161455,0.0454722582726845,-4.052185910145671,False,6.63402367037098,44,40,0.5,63
2STEP-VF,9,2,6.351474306749954,-0.5662435315704774,0.03904285132145156,-3.257412034971658,False,7.85932748454255,44,40,0.5,64
2STEP-VF,9,2,6.312986194826539,-0.5625918950216585,0.03273856569704458,-2.461536689480134,False,7.609479756740247,44,40,0.5,65
2STEP-VF,9,2,6.335575113323645,-0.5592531408827686,0.05154600475808633,-4.875546564116989,False,5.879011394570123,44,40,0.5,66
2STEP-VF,9,2,6.335355612611267,-0.5649737954032957,0.03526021103779409,-2.777248567113058,False,6.825833717020737,44,40,0.5,67
2STEP-VF,9,2,6.3263931032160245,-0.5324624040077192,0.046372517529908786,-4.278188888016838,False,7.296665104585234,44,40,0.5,68
2STEP-VF,9,2,6.3524697305175195,-0.564688868197072,0.036012919841827945,-2.873252272249954,False,8.073725078212,44,40,0.5,69
2STEP-VF,9,2,6.313701005667848,-0.5594063055685333,0.03950668629967364,-3.335458652653676,False,6.571196631343396,44,40,0.5,70
2STEP-VF,9,2,6.303626013321799,-0.5843693441644117,0.05112014383408055,-4.7626744239684164,False,5.42235556473739,44,40,0.5,71
2STEP-VF,9,2,6.33150382757428,-0.5630668119103941,0.041489416346842924,-3.579394714156493,False,7.6624955089140405,44,40,0.5,72
2STEP-VF,9,2,6.3162395275435275,-0.5676568753254893,0.03562844379539939,-2.8190899333773367,False,8.083294723623645,44,40,0.5,73
2STEP-VF,9,2,6.345134317500056,-0.5628897788890682,0.04450277605950829,-3.9647118072332947,False,7.089506850612046,44,40,0.5,74
2STEP-VF,9,2,6.287866874701507,-0.5605164471766518,0.05203333160103924,-4.93775495922697,False,6.54210122923598,44,40,0.5,75
2STEP-VF,9,2,6.285123717585476,-0.5637028376541826,0.03800310551691458,-3.1344032727399007,False,6.867977204660767,44,40,0.5,76
2STEP-VF,9,2,6.358715703391449,-0.5512246012869533,0.020810835750224275,-0.9593249907365329,False,6.688718706968274,44,40,0.5,77
2STEP-VF,9,2,6.333834660261657,-0.5609063519826306,0.02796991947216618,-1.853944368063259,False,4.298803730913294,44,40,0.5,78
2STEP-VF,9,2,6.340684444128163,-0.578813648610057,0.011624645452583902,0.281639205381087,False,5.388687445363058,44,40,0.5,79
2STEP-VF,9,2,6.330863615326866,-0.5570073753002452,0.03942506221354755,-3.329738445693887,False,16.780570984293742,44,40,0.5,80
2STEP-VF,9,2,6.340812448504735,-0.5584211413332306,0.04664268118587935,-4.249603705682521,False,6.048655086301066,44,40,0.5,81
2STEP-VF,9,2,6.335278973651832,-0.5648576259895989,0.03425770812383894,-2.649211599057238,False,5.913144808897101,44,40,0.5,82
2STEP-VF,9,2,6.342760144604488,-0.5544162904985547,0.03539855370700614,-2.8198501686239865,False,6.695377975945977,44,40,0.5,83
2STEP-VF,9,2,6.341681779457131,-0.5705656486803163,0.041597217652941436,-3.5745853959763174,False,6.433750012053411,44,40,0.5,84
2STEP-VF,9,2,6.308346063825837,-0.5516082682524655,0.004904389901551571,1.0745987002368662,False,5.159416779310179,44,40,0.5,85
2STEP-VF,9,2,6.312484125415421,-0.5647533328498956,0.04138217545176624,-3.5627614114614055,False,15.848887277358688,44,40,0.5,86
2STEP-VF,9,2,6.313864119485842,-0.5643920241149374,0.055351526926772976,-5.351622741581942,False,5.828914707123187,44,40,0.5,87
2STEP-VF,9,2,6.3148697003221725,-0.5673378680363315,0.036691434054396246,-2.9560004936561945,False,9.486343570688712,44,40,0.5,88
2STEP-VF,9,2,6.376816535708399,-0.573065846994843,0.026504586927957933,-1.6346201018484892,False,7.867359559059972,44,40,0.5,89
2STEP-VF,9,2,6.333516500261634,-0.5692932184144124,0.03873421439616541,-3.2116647284988855,False,5.649383480911674,44,40,0.5,90
2STEP-VF,9,2,6.2463590853031326,-0.566438502835763,0.07984746485764857,-8.486241549855,False,5.536751607571882,44,40,0.5,91
2STEP-VF,9,2,6.354601767660972,-0.5699554388106085,0.03593539437170444,-2.8505613203730507,False,13.421661220928199,44,40,0.5,92
2STEP-VF,9,2,6.36927777242512,-0.5586917668562458,0.03439416229033288,-2.6794358663621125,False,10.063960974203185,44,40,0.5,93
2STEP-VF,9,2,6.327172587380972,-0.5604297698130056,0.04429931807134839,-3.945650910338523,False,11.97765688006908,44,40,0.5,94
2STEP-VF,9,2,6.318357707688714,-0.5664557978433162,0.03798900171949689,-3.1239968428103206,False,11.975583072375787,44,40,0.5,95
2STEP-VF,9,2,6.330822236527272,-0.5809586593791701,0.037563645231890465,-3.033996472980336,False,6.870574782310981,44,40,0.5,96
2STEP-VF,9,2,6.323809167027975,-0.5563385789169021,0.03253845801672119,-2.4502814867180702,False,6.98777365742743,44,40,0.5,97
2STEP-VF,9,2,6.3095954034714685,-0.5778025219594821,0.04567683053405319,-4.081332531447765,False,5.84028803873833,44,40,0.5,98
2STEP-VF,9,2,6.350572186584439,-0.5570328080142981,0.014151834133857906,-0.09352169870443072,False,6.116449559205397,44,40,0.5,99
2STEP-VF,9,2,0.08736139659518587,-0.05415459838836695,0.033920983541594146,-0.1361551484049614,False,1.6633460909984548,36,10,1.0,0
2STEP-VF,9,2,0.08929549857628087,-0.053706392279973154,0.040488418502967256,-0.18965427663722567,False,1.7592107061932605,36,10,1.0,1
2STEP-VF,9,2,0.08803932054965002,-0.056402202737393034,0.03147827159706357,-0.1111785269737863,False,1.765952587788846,36,10,1.0,2
2STEP-VF,9,2,0.0899930500296501,-0.053731431507172224,0.03147147041629956,-0.11741674471140418,False,1.754695893938252,36,10,1.0,3
2STEP-VF,9,2,0.08869044539910634,-0.05326993397999443,0.03242712375641155,-0.1262477217753594,False,1.6980062150488602,36,10,1.0,4
2STEP-VF,9,2,0.08968286509095814,-0.053039705958891854,0.031049747236980667,-0.11572171168904744,False,1.7396358385410902,36,10,1.0,5
2STEP-VF,9,2,0.09033133501738756,-0.0512817991797141,0.019511338437054722,-0.027594509364080727,False,1.7076398937309363,36,10,1.0,6
2STEP-VF,9,2,0.0884929123658939,-0.05023072811124952,0.03492715137315187,-0.15355388877626253,False,1.5911466895633826,36,10,1.0,7
2STEP-VF,9,2,0.0885113520444773,-0.05365785340941732,0.03299016387716864,-0.129831781712079,False,1.7910824333687594,36,10,1.0,8
2STEP-VF,9,2,0.09103050738627196,-0.0533248383610839,0.03084848795297252,-0.11334646111400254,False,1.9006560127031356,36,10,1.0,9
2STEP-VF,9,2,0.09181969111835901,-0.055047501272219676,0.024574477994443452,-0.058972639435118906,False,1.6619068979106615,36,10,1.0,10
2STEP-VF,9,2,0.0901672849370681,-0.0538348439238466,0.033041981512519664,-0.12972218958670145,False,1.681537583480184,36,10,1.0,11
2STEP-VF,9,2,0.0895228155250879,-0.05207823221774367,0.036418634144710936,-0.16098994690359747,False,1.6784223950400141,36,10,1.0,12
2STEP-VF,9,2,0.08890083919806453,-0.05506358707189585,0.04362065555006013,-0.21147858507604722,False,1.7427240614627066,36,10,1.0,13
2STEP-VF,9,2,0.09218590227772333,-0.05761857845355677,0.0313863833443561,-0.10727532432964926,False,1.8532701962496536,36,10,1.0,14
2STEP-VF,9,2,0.08783257232321767,-0.054048623302509216,0.04176396298725312,-0.19912505363260985,False,1.5952179178933203,36,10,1.0,15
2STEP-VF,9,2,0.09096277144513554,-0.05374937152499344,0.030770029657158724,-0.11170397931057746,False,1.7650176125747306,36,10,1.0,16
2STEP-VF,9,2,0.09063987025039158,-0.05431110169463034,0.0299070688122798,-0.10347151421610218,False,1.7814219778888647,36,10,1.0,17
2STEP-VF,9,2,0.08946044175843561,-0.057495626765450045,0.019037656899014238,-0.008944124449527718,False,1.6045063007506237,36,10,1.0,18
2STEP-VF,9,2,0.0902752059341691,-0.05291564907512745,0.02173211816627424,-0.041442875193837936,False,1.8884094964590465,36,10,1.0,19
2STEP-VF,9,2,0.08986785371931426,-0.05528389960243434,0.028729897538827178,-0.09176575004161622,False,1.7175976039055092,36,10,1.0,20
2STEP-VF,9,2,0.08831490721689035,-0.052896406229622356,0.03931195614145999,-0.1822453797475729,False,1.5715156785894424,36,10,1.0,21
2STEP-VF,9,2,0.08913069605119593,-0.05509880419719906,0.02843238728489627,-0.08987412644282072,False,1.844813674298719,36,10,1.0,22
2STEP-VF,9,2,0.08824722733602341,-0.0584501294588463,0.04322082865291888,-0.2001914848819586,False,1.7166749182542218,36,10,1.0,23
2STEP-VF,9,2,0.08841622383862426,-0.054767870414883825,0.03676747845271661,-0.15739196519569432,False,1.7399196407918354,36,10,1.0,24
2STEP-VF,9,2,0.08888371178329275,-0.05239426709137132,0.03475628610643683,-0.14697102512520596,False,1.881890956843007,36,10,1.0,25
2STEP-VF,9,2,0.09107042373737546,-0.05471331558945083,0.01761301344566488,-0.004127924726394561,False,1.6847078540882912,36,10,1.0,26
2STEP-VF,9,2,0.08868023620645657,-0.05129175122634115,0.03313451934730641,-0.13665513766284515,False,1.7051650478049734,36,10,1.0,27
2STEP-VF,9,2,0.08883255104190643,-0.05447565617780998,0.0262615909993281,-0.07402120010536653,False,1.753840345845729,36,10,1.0,28
2STEP-VF,9,2,0.09213758065188951,-0.057882734626764944,0.03093880174050054,-0.10306359598065515,False,2.0494204639694966,36,10,1.0,29
2STEP-VF,9,2,0.09207141750728544,-0.059110725644927885,0.029075603393915784,-0.0852148005530623,False,1.8059563923825943,36,10,1.0,30
2STEP-VF,9,2,0.09004547739297708,-0.057348590601596194,0.03284391015930217,-0.11971193518700796,False,1.7631879985612058,36,10,1.0,31
2STEP-VF,9,2,0.08860911542404722,-0.05446559849962168,0.03471461218461212,-0.14168291415236217,False,1.736788229365015,36,10,1.0,32
2STEP-VF,9,2,0.09046252318263082,-0.05691812261675058,0.030155060728228166,-0.09920924015466615,False,1.7156217867516401,36,10,1.0,33
2STEP-VF,9,2,0.08896576470211562,-0.054194051317984285,0.030759818894786937,-0.11067488211300633,False,1.8656392325752251,36,10,1.0,34
2STEP-VF,9,2,0.08882720047127135,-0.053343319330644255,0.016637457918759955,0.0002539350717428168,False,1.6603803993652988,36,10,1.0,35
2STEP-VF,9,2,0.08866451262351409,-0.055673565766123784,0.031072219879624042,-0.10964133044088448,False,1.5852037407097195,36,10,1.0,36
2STEP-VF,9,2,0.09083259343279876,-0.05571020596969088,0.0374265498795796,-0.16025794910341082,False,1.6928288939542202,36,10,1.0,37
2STEP-VF,9,2,0.08830534261642516,-0.05392793822948845,0.03281698750676509,-0.12781052774636298,False,1.56640435364855,36,10,1.0,38
2STEP-VF,9,2,0.090242408958562,-0.05622646209664759,0.02280253669667506,-0.04206224000393258,False,1.7573211598396072,36,10,1.0,39
2STEP-VF,9,2,0.09065034334527339,-0.05397271342717085,0.030441189196864032,-0.10855598074898587,False,1.7145096692760307,36,10,1.0,40
2STEP-VF,9,2,0.09121810701330575,-0.0527919808697764,0.030094055432633226,-0.10857860295280417,False,1.6789945562745812,36,10,1.0,41
2STEP-VF,9,2,0.09014188763660749,-0.055213405465503455,0.03257214763613971,-0.12265649471371304,False,1.6574402991313693,36,10,1.0,42
2STEP-VF,9,2,0.08999047655942108,-0.05426121265558338,0.02934401801111583,-0.09912580512196131,False,1.736883221491393,36,10,1.0,43
2STEP-VF,9,2,0.08755393374778049,-0.05601612459424679,0.04061974092470573,-0.18526599234658678,False,1.8664237032261812,36,10,1.0,44
2STEP-VF,9,2,0.09003622551710944,-0.054647952801722924,0.031259771300578755,-0.11352091014946852,False,1.7233624777351049,36,10,1.0,45
2STEP-VF,9,2,0.09134868811721307,-0.054703905206617096,0.017638944311514016,-0.004341260709198352,False,1.7114142074089618,36,10,1.0,46
2STEP-VF,9,2,0.0869677232631849,-0.05678179396155457,0.025004137597227017,-0.05853873187429415,False,2.295711686061146,36,10,1.0,47
2STEP-VF,9,2,0.08952590572154273,-0.054082358656018334,0.0322514096311173,-0.1228420619312019,False,2.000499794546186,36,10,1.0,48
2STEP-VF,9,2,0.08943251560257262,-0.05573496482185498,0.02462238378546937,-0.05784920377514874,False,1.9375585934289914,36,10,1.0,49
2STEP-VF,9,2,0.08914231364049062,-0.05514145833412886,0.03754015003900125,-0.16263316149167134,False,1.7408553067891623,36,10,1.0,50
2STEP-VF,9,2,0.08885653864779558,-0.05634174684931845,0.03306698665975059,-0.12398430852077275,False,1.7176555474845252,36,10,1.0,51
2STEP-VF,9,2,0.09002108575771564,-0.05263997723995049,0.03572391806388025,-0.15405413398969794,False,1.5865181368852903,36,10,1.0,52
2STEP-VF,9,2,0.08926874533638549,-0.05643907522678096,0.03245865587734037,-0.1188593417542656,False,1.779515335642524,36,10,1.0,53
2STEP-VF,9,2,0.08910156549225082,-0.05658306466813277,0.030907840314051995,-0.10611727337936233,False,2.168812566323213,36,10,1.0,54
2STEP-VF,9,2,0.09084858671253597,-0.05678074048582805,0.03032625682533612,-0.10088536223394956,False,1.9428634463364816,36,10,1.0,55
2STEP-VF,9,2,0.08992270935716744,-0.05268725137760006,0.020539973418461713,-0.03247502148002354,False,1.541019847920175,36,10,1.0,56
2STEP-VF,9,2,0.08842332686118573,-0.05589575241555735,0.022163197043981772,-0.03785037094284541,False,1.7343384172080367,36,10,1.0,57
2STEP-VF,9,2,0.09018349234944914,-0.05817997415482911,0.03828462601212435,-0.16123406058443807,False,1.821091323941841,36,10,1.0,58
2STEP-VF,9,2,0.08787459363709726,-0.05334959564862821,0.03234085823123452,-0.12541536067494266,False,1.8375731140115934,36,10,1.0,59
2STEP-VF,9,2,0.08897973084895006,-0.052767774025710236,0.02546887399598094,-0.071769550455206,False,1.5646721922881643,36,10,1.0,60
2STEP-VF,9,2,0.08901197660568631,-0.05239764614801731,0.039172997203777406,-0.18228890827863659,False,1.70823350793061,36,10,1.0,61
2STEP-VF,9,2,0.08927664840771299,-0.053864459010450894,0.031591304645731504,-0.11809913663630717,False,1.9158711623642213,36,10,1.0,62
2STEP-VF,9,2,0.08755511661880505,-0.05249844196447697,0.028814117361356445,-0.09926337117897857,False,1.8700858654894346,36,10,1.0,63
2STEP-VF,9,2,0.09014756412432366,-0.05335856599017809,0.02417202242685938,-0.05990676719098825,False,1.6946430130923378,36,10,1.0,64
2STEP-VF,9,2,0.08992380368910388,-0.0546482121137973,0.036235205128379175,-0.1533305037325737,False,2.1563555174617703,36,10,1.0,65
2STEP-VF,9,2,0.08857023944075065,-0.05541140090906595,0.03619244912082885,-0.15123801641842755,False,2.0246565725720416,36,10,1.0,66
2STEP-VF,9,2,0.08971211365610912,-0.0496643181481179,0.030429685504075932,-0.11886039365775801,False,1.8757277680047482,36,10,1.0,67
2STEP-VF,9,2,0.0887103653316398,-0.05436520629549762,0.032057325093443376,-0.12065948371845439,False,1.7210161344223542,36,10,1.0,68
2STEP-VF,9,2,0.09060489499542791,-0.05196597898746035,0.025366513130911705,-0.0727774617776632,False,1.7458143298585336,36,10,1.0,69
2STEP-VF,9,2,0.08964059467782301,-0.05434371196985199,0.03087590939468726,-0.11120393074918397,False,1.8779055853982767,36,10,1.0,70
2STEP-VF,9,2,0.08744343279467076,-0.05579530516501923,0.028471574549770767,-0.08861725803443979,False,1.888596297215295,36,10,1.0,71
2STEP-VF,9,2,0.09151163644249295,-0.05703342639754449,0.02156558037271131,-0.030153721441034176,False,1.678117987385471,36,10,1.0,72
2STEP-VF,9,2,0.08959329207337018,-0.055848616523343546,0.03058294377110106,-0.10525127298838183,False,1.7055831940526314,36,10,1.0,73
2STEP-VF,9,2,0.09074847186385748,-0.056569533308014903,0.03720340937147489,-0.156415486720732,False,1.8595654675551982,36,10,1.0,74
2STEP-VF,9,2,0.08868760920198816,-0.054281633459302224,0.03593145890263808,-0.1518544943666601,False,1.6589363134810335,36,10,1.0,75
2STEP-VF,9,2,0.08671200982470993,-0.05382407069573343,0.023665312150984767,-0.05494200694863538,False,1.61824013973128,36,10,1.0,76
2STEP-VF,9,2,0.08887442430130069,-0.05576348210996015,0.03220461982881062,-0.11847213610850266,False,1.6231505736381155,36,10,1.0,77
2STEP-VF,9,2,0.09129681157041182,-0.05524117009140435,0.03493050143217559,-0.14138739454380964,False,1.6724864539048843,36,10,1.0,78
2STEP-VF,9,2,0.09011746412969059,-0.057945926389048316,0.03122418584580572,-0.10531621558494841,False,1.7045490725020935,36,10,1.0,79
2STEP-VF,9,2,0.0860221377995694,-0.054333517977511736,0.040913465972001406,-0.19174595636200897,False,1.7184884288420619,36,10,1.0,80
2STEP-VF,9,2,0.08881834412182651,-0.056206370202312866,0.03254942654015303,-0.12017102318836384,False,1.765439454685726,36,10,1.0,81
2STEP-VF,9,2,0.09062062669546436,-0.05339981624671564,0.03285162406500662,-0.12921619592620762,False,1.8091978773782529,36,10,1.0,82
2STEP-VF,9,2,0.08721758525011375,-0.05301393447270986,0.02689011264501113,-0.0826544033105786,False,1.7271105663011073,36,10,1.0,83
2STEP-VF,9,2,0.0925562838772186,-0.05545637562241348,0.023799665699262465,-0.05174864706767432,False,1.7817406496563961,36,10,1.0,84
2STEP-VF,9,2,0.08972365300675601,-0.054355169196156856,0.03190954087588881,-0.11944050175592874,False,1.7849218028826823,36,10,1.0,85
2STEP-VF,9,2,0.08916884550086593,-0.05330543717967505,0.03691576929352787,-0.16204297438695095,False,1.6685906870650937,36,10,1.0,86
2STEP-VF,9,2,0.08995459158075418,-0.060219319937853594,0.03795290996976182,-0.15369963641240073,False,1.7988217726042708,36,10,1.0,87
2STEP-VF,9,2,0.08901148632237242,-0.0506445462796773,0.027479749949151394,-0.09295039934264335,False,1.8323568005508843,36,10,1.0,88
2STEP-VF,9,2,0.09312273607258291,-0.05239823880902748,0.017685216645943296,-0.010138595861525462,False,1.6304163317046987,36,10,1.0,89
2STEP-VF,9,2,0.09141251676214486,-0.05213404358581182,0.022400436245255537,-0.048597034350367274,False,1.7081434696634676,36,10,1.0,90
2STEP-VF,9,2,0.08980315168994879,-0.05120672802809265,0.025207814528849636,-0.07337817986197787,False,1.745039488801531,36,10,1.0,91
2STEP-VF,9,2,0.08928359389214928,-0.05557130273654815,0.029440696123299148,-0.09679742678514874,False,2.0466835731274204,36,10,1.0,92
2STEP-VF,9,2,0.09076188112299945,-0.05235406462515074,0.02019960767313516,-0.030501393417339567,False,1.8691120345311567,36,10,1.0,93
2STEP-VF,9,2,0.088985406237065,-0.04892454002505593,0.033436297374035244,-0.14473235855792388,False,1.6708406789014112,36,10,1.0,94
2STEP-VF,9,2,0.08880927737247904,-0.0567052024278338,0.030754365069083,-0.10461387808351419,False,1.6981653979305773,36,10,1.0,95
2STEP-VF,9,2,0.08770585830674121,-0.05426605384789598,0.035697920621171435,-0.15008248423601672,False,1.6507914860248187,36,10,1.0,96
2STEP-VF,9,2,0.09135402796869586,-0.05218487921738131,0.03217429493396405,-0.12666940767187557,False,1.8776691816099198,36,10,1.0,97
2STEP-VF,9,2,0.08839343927469956,-0.057143960988130835,0.033484752465173274,-0.1254289069933903,False,1.828490728658752,36,10,1.0,98
2STEP-VF,9,2,0.09135158690038128,-0.05404594617731649,0.03201137573671007,-0.12089963985409816,False,1.6932525813376855,36,10,1.0,99
2STEP-VF,9,2,0.8885807565910814,-0.38760263255082417,0.1713865819899716,-0.3875314924023301,False,2.3429976495794422,40,10,1.0,0
2STEP-VF,9,2,0.880756306275695,-0.38746911003415224,0.15552814661929673,-0.26145393049586707,False,3.6312304899865753,40,10,1.0,1
2STEP-VF,9,2,0.897609172956665,-0.393808249275063,0.14008577121751445,-0.12168982110256465,False,2.3621533532749006,40,10,1.0,2
2STEP-VF,9,2,0.884013236834514,-0.3926288819845148,0.1530860302401307,-0.2293381309481396,False,3.450679918213227,40,10,1.0,3
2STEP-VF,9,2,0.8886127749313169,-0.3892670093784624,0.1337111857451698,-0.08213189695716983,False,2.227753693016858,40,10,1.0,4
2STEP-VF,9,2,0.8949056942799469,-0.3841085587307381,0.14784816858563463,-0.207230466074509,False,2.5852476799417037,40,10,1.0,5
2STEP-VF,9,2,0.8873476057661162,-0.3981162162704155,0.1587221826766178,-0.2610576860179785,False,1.9898400962835334,40,10,1.0,6
2STEP-VF,9,2,0.8851508689213887,-0.39120054778658453,0.15565517238531537,-0.25325101225943714,False,4.976236827101804,40,10,1.0,7
2STEP-VF,9,2,0.8928695326325117,-0.40642222039157183,0.13930714987000953,-0.08547169806235333,False,2.882623351791432,40,10,1.0,8
2STEP-VF,9,2,0.885066902194842,-0.3709872130046599,0.15098094461922895,-0.2643742316109575,False,2.6648024096622884,40,10,1.0,9
2STEP-VF,9,2,0.88379635372515,-0.387932937335046,0.14534072732557232,-0.17865898777695932,False,2.1642457868543628,40,10,1.0,10
2STEP-VF,9,2,0.8940203606646896,-0.389030930411862,0.15330739400892232,-0.23914369744302866,False,2.403334645930741,40,10,1.0,11
2STEP-VF,9,2,0.8947849114922991,-0.4014147278877805,0.13962008130887013,-0.09987820885075016,False,3.1030598577130886,40,10,1.0,12
2STEP-VF,9,2,0.8821164646461772,-0.3843215109338155,0.16141048604612385,-0.3159852742490632,False,2.8509044561401424,40,10,1.0,13
2STEP-VF,9,2,0.8903994775216001,-0.3961563191276356,0.13141095257849372,-0.04708848607032867,False,2.2555094128270796,40,10,1.0,14
2STEP-VF,9,2,0.8907183869725498,-0.38672096211603785,0.13952987322730848,-0.13466557352162423,False,2.475060756185808,40,10,1.0,15
2STEP-VF,9,2,0.8849328880478352,-0.3861566586873744,0.17233357629488014,-0.39879665622647265,False,7.148735587534192,40,10,1.0,16
2STEP-VF,9,2,0.8866697929153002,-0.3983807090159858,0.14056560655768405,-0.11521096324818858,False,4.34382475208429,40,10,1.0,17
2STEP-VF,9,2,0.8829337862749569,-0.3893482151127936,0.15253103565150405,-0.2328365417648306,False,3.372946994307552,40,10,1.0,18
2STEP-VF,9,2,0.8900285848391063,-0.39715505168973253,0.1395245335688952,-0.1096224294054573,False,2.747391209869497,40,10,1.0,19
2STEP-VF,9,2,0.890309046509617,-0.3981221579448879,0.1269824111575916,-0.006947567402424859,False,2.1325115462376516,40,10,1.0,20
2STEP-VF,9,2,0.8865403599655346,-0.3880974602722769,0.1294859832612784,-0.05126153983883086,False,3.0722924515141896,40,10,1.0,21
2STEP-VF,9,2,0.8871270705489911,-0.3804756252003781,0.16405425398016055,-0.34606490712743776,False,2.3842042785860404,40,10,1.0,22
2STEP-VF,9,2,0.8872272844438279,-0.3792833413820842,0.14468866472974273,-0.19399566145431046,False,4.883643988284156,40,10,1.0,23
2STEP-VF,9,2,0.8841707482434209,-0.39043573459143965,0.14725035898861535,-0.18790686399486267,False,1.9836019949244932,40,10,1.0,24
2STEP-VF,9,2,0.8923013935861457,-0.3857792683610619,0.14388075738176892,-0.17163773137243432,False,2.642610411324947,40,10,1.0,25
2STEP-VF,9,2,0.8943616367605747,-0.37879477706812004,0.11350344229468302,0.05474162481165812,False,2.547067180495767,40,10,1.0,26
2STEP-VF,9,2,0.8867300701554506,-0.40910382515647153,0.1517421186845706,-0.17888396489170644,False,2.1615156544985097,40,10,1.0,27
2STEP-VF,9,2,0.8920050020813858,-0.3875327458399575,0.14251458277955767,-0.1565177720956804,False,2.1458655616091233,40,10,1.0,28
2STEP-VF,9,2,0.8866540327376764,-0.39008640703814274,0.16635330625549377,-0.3414198311881472,False,2.7706868673884006,40,10,1.0,29
2STEP-VF,9,2,0.8857257842842172,-0.39308451339365874,0.13621785464862204,-0.0931964579871426,False,2.1054405368043945,40,10,1.0,30
2STEP-VF,9,2,0.884949360198075,-0.385938507716672,0.149951953199464,-0.220266245463815,False,2.7915552671306374,40,10,1.0,31
2STEP-VF,9,2,0.8861874670809242,-0.3875004977108449,0.15118663395317733,-0.22632062909453576,False,2.864153647567091,40,10,1.0,32
2STEP-VF,9,2,0.8875520420802145,-0.38516079240300916,0.1496590703057011,-0.21963353815357434,False,2.5640399452562277,40,10,1.0,33
2STEP-VF,9,2,0.8957489957829596,-0.3916948983721915,0.13978472906682926,-0.12446513669439718,False,2.361125096780608,40,10,1.0,34
2STEP-VF,9,2,0.886535752639317,-0.389380360066261,0.1361233432453458,-0.10128173664538132,False,3.0277683057531792,40,10,1.0,35
2STEP-VF,9,2,0.8931330847889206,-0.38940230856605124,0.1306694197932708,-0.05720183270030843,False,2.7451104157015593,40,10,1.0,36
2STEP-VF,9,2,0.8865068274942742,-0.3762601268004764,0.1630309189025316,-0.3480326372494533,False,2.555890243098494,40,10,1.0,37
2STEP-VF,9,2,0.8880095876735445,-0.39287834680724676,0.13416705153877867,-0.07714780471242477,False,3.337728706504325,40,10,1.0,38
2STEP-VF,9,2,0.8872877452454275,-0.3805652980206664,0.15678429345880246,-0.28768036770609484,False,2.7605683134266563,40,10,1.0,39
2STEP-VF,9,2,0.891900858968841,-0.3856218354524334,0.13821050271084365,-0.12667756506277883,False,2.434128367717878,40,10,1.0,40
2STEP-VF,9,2,0.8866562015947793,-0.3834431388270142,0.1419821685599063,-0.16239444319872987,False,2.890024025513196,40,10,1.0,41
2STEP-VF,9,2,0.892532679717734,-0.3857147744318549,0.15243048377456309,-0.24017645077698913,False,2.3060253562252444,40,10,1.0,42
2STEP-VF,9,2,0.8864877953998629,-0.3940620025413665,0.13893172352521896,-0.11251571437848062,False,2.470374370316014,40,10,1.0,43
2STEP-VF,9,2,0.8899671991612899,-0.39544338909951576,0.15214559685239626,-0.2147026090306552,False,2.313953724983108,40,10,1.0,44
2STEP-VF,9,2,0.8945824528231743,-0.40503802009838563,0.13139548904477297,-0.025397716952668015,False,2.825830019608213,40,10,1.0,45
2STEP-VF,9,2,0.8893102936016501,-0.38904535750057334,0.16849220384899863,-0.36087015517451426,False,3.347094623364095,40,10,1.0,46
2STEP-VF,9,2,0.888187455609147,-0.39112988641070356,0.11646204140107741,0.06030664351361781,False,2.1283654131265464,40,10,1.0,47
2STEP-VF,9,2,0.8915323517626833,-0.3957016064338755,0.14531074644671135,-0.15931017502662903,False,4.176401993961608,40,10,1.0,48
2STEP-VF,9,2,0.8918482935964211,-0.38975914706004644,0.1404061026846308,-0.13431597091714986,False,3.1459489790115915,40,10,1.0,49
2STEP-VF,9,2,0.8866387941154126,-0.3922448951206897,0.14539381480591143,-0.16856444251071157,False,3.5572041916030357,40,10,1.0,50
2STEP-VF,9,2,0.8887315393256444,-0.38811798775688144,0.14337043922152917,-0.16215645079617946,False,3.5558533656981024,40,10,1.0,51
2STEP-VF,9,2,0.88364908204442,-0.39812799659857057,0.1542804335796198,-0.22571733187772414,False,2.2709907446681,40,10,1.0,52
2STEP-VF,9,2,0.888963190551945,-0.3895922063532374,0.11920945221631264,0.03468346895038499,False,2.4717684758434597,40,10,1.0,53
2STEP-VF,9,2,0.8834423894247805,-0.3820805266816068,0.15064838425403596,-0.2351872666309448,False,2.4279130970268317,40,10,1.0,54
2STEP-VF,9,2,0.8897365965915618,-0.3892708328256423,0.1602407981213631,-0.2942921903938699,False,2.2184109774440848,40,10,1.0,55
2STEP-VF,9,2,0.8970496161278004,-0.37456359376336557,0.15016758842703307,-0.24856510541651944,False,3.0302874248570495,40,10,1.0,56
2STEP-VF,9,2,0.8872961100530256,-0.3882795385324995,0.1641672011866427,-0.3282289504119613,False,3.253867346758999,40,10,1.0,57
2STEP-VF,9,2,0.8863767676472483,-0.3855768331337455,0.14991821751026393,-0.2207787345022877,False,2.981759029319963,40,10,1.0,58
2STEP-VF,9,2,0.8849800682436544,-0.39140197622085837,0.1353398191040876,-0.0902550058080217,False,2.0504780066399086,40,10,1.0,59
2STEP-VF,9,2,0.8861889087672024,-0.39120208210109764,0.1519119465970461,-0.22323924120770255,False,2.073974377927749,40,10,1.0,60
2STEP-VF,9,2,0.8886902537293295,-0.3902960390472602,0.12539875113975887,-0.013158100180887033,False,2.1082517894641577,40,10,1.0,61
2STEP-VF,9,2,0.8896651347063946,-0.3938067661017705,0.13200012442873524,-0.057484848703249214,False,2.005158871832184,40,10,1.0,62
2STEP-VF,9,2,0.8799249504762341,-0.3769543370572829,0.17554425197555393,-0.44686810983837877,False,2.175144730677905,40,10,1.0,63
2STEP-VF,9,2,0.8906559511330073,-0.3914611474125924,0.1437183752520268,-0.15680089115801243,False,2.0816428559141062,40,10,1.0,64
2STEP-VF,9,2,0.8824345288168144,-0.3860658278089237,0.1428119501653674,-0.16299154285251383,False,2.144930247729048,40,10,1.0,65
2STEP-VF,9,2,0.8858562457582828,-0.4010758012185419,0.14333997125723166,-0.130986472387856,False,2.3905668891373613,40,10,1.0,66
2STEP-VF,9,2,0.8853463914278563,-0.38687961524853526,0.15554748796039167,-0.2627480436009776,False,5.526592950562597,40,10,1.0,67
2STEP-VF,9,2,0.893959222157289,-0.39915314021815906,0.14295483855321647,-0.1320336185727129,False,2.103034950094279,40,10,1.0,68
2STEP-VF,9,2,0.8941775121093045,-0.39118514141972505,0.13183069959585622,-0.06215060663295169,False,2.55917533745915,40,10,1.0,69
2STEP-VF,9,2,0.8900818106768621,-0.3849844483162241,0.14343532780506615,-0.17011503784097992,False,4.06718206710158,40,10,1.0,70
2STEP-VF,9,2,0.8854756561534377,-0.39490850504846015,0.16010589228724825,-0.27993818681247573,False,2.765108567200339,40,10,1.0,71
2STEP-VF,9,2,0.8914147854775314,-0.38724743902895786,0.14402823782949073,-0.16934716183777543,False,2.981668355732253,40,10,1.0,72
2STEP-VF,9,2,0.8871279469463423,-0.39741213956349825,0.14547473780248193,-0.15678109065067947,False,2.2183638710464653,40,10,1.0,73
2STEP-VF,9,2,0.8807554809840145,-0.3876978686170095,0.14978125150060184,-0.21492979846495142,False,2.324769806165454,40,10,1.0,74
2STEP-VF,9,2,0.8847192923549597,-0.3944555574660175,0.15929420943749303,-0.2745771800402049,False,2.0176569304070204,40,10,1.0,75
2STEP-VF,9,2,0.902460660643456,-0.3789543506589285,0.10470427345936788,0.12600389354509256,False,2.3034801245059433,40,10,1.0,76
2STEP-VF,9,2,0.8898049935782278,-0.37444732506941764,0.1693835813340996,-0.40300677089150094,False,2.114592191684841,40,10,1.0,77
2STEP-VF,9,2,0.8836961418589989,-0.399707374226511,0.13622353829020728,-0.0774688396664922,False,2.454722978094803,40,10,1.0,78
2STEP-VF,9,2,0.8969484331837936,-0.397594485348315,0.11945147972325065,0.05243183304097809,False,2.2849824218422974,40,10,1.0,79
2STEP-VF,9,2,0.8881376746446394,-0.3865496271345364,0.15517269686496257,-0.26037420931813515,False,2.4466718873232245,40,10,1.0,80
2STEP-VF,9,2,0.8916788721256436,-0.38283063997367056,0.16898395366808888,-0.37957736108036333,False,2.463385490542526,40,10,1.0,81
2STEP-VF,9,2,0.8832131141689639,-0.38434054023694236,0.15730534817425906,-0.2830327019752732,False,2.7216846708467974,40,10,1.0,82
2STEP-VF,9,2,0.8844908854235289,-0.39784015571823017,0.19212393527356358,-0.529105655339345,False,2.1137770913702827,40,10,1.0,83
2STEP-VF,9,2,0.8866908806790553,-0.3783903604468711,0.1383508941477011,-0.14546883526837517,False,3.084999037048364,40,10,1.0,84
2STEP-VF,9,2,0.8870731459832564,-0.3926910691680538,0.15503177436122656,-0.2445712401274882,False,2.6614315151940375,40,10,1.0,85
2STEP-VF,9,2,0.8870616466190999,-0.39439412929054773,0.17201479797963778,-0.37634877474264206,False,2.8051106302310544,40,10,1.0,86
2STEP-VF,9,2,0.9017333066924204,-0.40095809850310316,0.12495740038987718,0.016744231689975075,False,2.387225178721982,40,10,1.0,87
2STEP-VF,9,2,0.8904839308096011,-0.3845266173907104,0.15570557880215027,-0.2693517128309214,False,2.73172366362076,40,10,1.0,88
2STEP-VF,9,2,0.890189698953807,-0.3848524060571311,0.1753869020059065,-0.4260380595729093,False,2.1580887071527743,40,10,1.0,89
2STEP-VF,9,2,0.8824921271330146,-0.39045607701997753,0.17462848961493188,-0.40698380444352833,False,2.969491206530766,40,10,1.0,90
2STEP-VF,9,2,0.8883732989115138,-0.40614644790829646,0.16098487744073908,-0.2598251466113106,False,2.8266346842770553,40,10,1.0,91
2STEP-VF,9,2,0.889633717671837,-0.3900094865052964,0.14458310734669205,-0.16726406810051508,False,2.316159391086531,40,10,1.0,92
2STEP-VF,9,2,0.8885376424453071,-0.4031439055828045,0.1727324251525329,-0.3610017692748142,False,1.99773910461915,40,10,1.0,93
2STEP-VF,9,2,0.891549517697676,-0.39120178628734137,0.1377919368924446,-0.10995823698807716,False,2.3981581976949315,40,10,1.0,94
2STEP-VF,9,2,0.8957811085465334,-0.3988780553413933,0.16591857716800873,-0.31629441801193425,False,3.0279706236111616,40,10,1.0,95
2STEP-VF,9,2,0.8847676631935402,-0.3928279051353661,0.12140743569683805,0.02461354654178627,False,2.209845264900926,40,10,1.0,96
2STEP-VF,9,2,0.8894101237821174,-0.38806386665496573,0.14803487397761472,-0.1995611044220732,False,4.285662225176064,40,10,1.0,97
2STEP-VF,9,2,0.884379451741742,-0.39603187786926075,0.17135777314294667,-0.3673229111528433,False,2.6013354192751548,40,10,1.0,98
2STEP-VF,9,2,0.8899385558960422,-0.3945005293842808,0.1443695472517558,-0.1547587941380102,False,2.101418180491187,40,10,1.0,99
2STEP-VF,9,2,3.9502011454236103,-0.9924607494617219,-0.03754192798232742,0.0,True,2.2039274360341787,44,10,1.0,0
2STEP-VF,9,2,3.9500185220374466,-1.0009605162691555,0.008464759666450813,0.0,True,2.3077481717075115,44,10,1.0,1
2STEP-VF,9,2,3.9500769558197133,-0.984799940084096,-0.01874382547279385,0.0,True,2.633326464975951,44,10,1.0,2
2STEP-VF,9,2,3.948805929809165,-0.9975045242281828,-0.017499381137596623,0.0,True,2.2052587137484205,44,10,1.0,3
2STEP-VF,9,2,3.945307323029978,-1.005482863150981,0.02669705259320254,0.0,True,2.483176322753183,44,10,1.0,4
2STEP-VF,9,2,3.9434158184015287,-1.0036047662533312,0.045986332304222964,0.0,True,2.082478605260451,44,10,1.0,5
2STEP-VF,9,2,3.954074544068483,-0.986573004311822,-0.018787293677947216,0.0,True,2.2201006168303103,44,10,1.0,6
2STEP-VF,9,2,3.9458876606568096,-1.0039831135943187,0.04530887003965343,0.0,True,2.1972500340215753,44,10,1.0,7
2STEP-VF,9,2,3.950655202760738,-0.9732927918713958,-0.02825121643351298,0.0,True,2.3136025296975737,44,10,1.0,8
2STEP-VF,9,2,3.9524422814828464,-0.9901258986894849,-0.022462049395305855,0.0,True,2.3218387118130956,44,10,1.0,9
2STEP-VF,9,2,3.942867048638212,-0.9958333027399502,0.0493943879864279,0.0,True,2.298261806621718,44,10,1.0,10
2STEP-VF,9,2,3.9476519669659584,-0.9843052982583668,-0.03390982840487712,0.0,True,2.483331700868621,44,10,1.0,11
2STEP-VF,9,2,3.9486897762025452,-0.9927151796217775,0.0003992434340216206,0.0,True,2.229850069542374,44,10,1.0,12
2STEP-VF,9,2,3.947224528582828,-0.9978758923766796,-0.01933651450284777,0.0,True,2.2616451536511386,44,10,1.0,13
2STEP-VF,9,2,3.9478353173496172,-0.9870008860708833,-0.011448334326360417,0.0,True,2.187490094210712,44,10,1.0,14
2STEP-VF,9,2,3.943527701829648,-1.0049442430009579,0.05027279309820793,0.0,True,2.1631817079670115,44,10,1.0,15
2STEP-VF,9,2,3.9444575008448037,-1.016577871407446,-0.002781638439477225,0.0,True,2.2458278072660094,44,10,1.0,16
2STEP-VF,9,2,3.94901429357276,-0.9931179776395361,-0.009303131624012657,0.0,True,2.6392713541293333,44,10,1.0,17
2STEP-VF,9,2,3.945846981411663,-1.006928664226708,0.013957734270380212,0.0,True,2.3917034552883587,44,10,1.0,18
2STEP-VF,9,2,3.950369671737972,-1.0147681201508278,-0.006169066844171346,0.0,True,2.194686692500397,44,10,1.0,19
2STEP-VF,9,2,3.948758166651579,-1.0050770265535338,-0.008621269708413704,0.0,True,2.6791732321361112,44,10,1.0,20
2STEP-VF,9,2,3.9459893834744433,-1.0043439727092782,0.04050423618408252,0.0,True,2.275640211777334,44,10,1.0,21
2STEP-VF,9,2,3.9524194446861673,-0.9830883380257751,0.009225195309506969,0.0,True,2.1025238945940306,44,10,1.0,22
2STEP-VF,9,2,3.941970870151558,-0.9953959550073188,0.03830496045235482,0.0,True,2.59439092070676,44,10,1.0,23
2STEP-VF,9,2,3.944747410379984,-1.012516864760113,0.04834597559005704,0.0,True,2.1485400811703372,44,10,1.0,24
2STEP-VF,9,2,3.9466404453940456,-1.0048637087080274,0.009383027730069058,0.0,True,2.4279123388542234,44,10,1.0,25
2STEP-VF,9,2,3.9495424584910035,-1.005013755127517,-0.009686613860489654,0.0,True,2.1656706993875514,44,10,1.0,26
2STEP-VF,9,2,3.947930493929618,-0.9954792470437518,-0.036366207557061075,0.0,True,2.1501877457506557,44,10,1.0,27
2STEP-VF,9,2,3.943875211943933,-1.0167624552808334,0.052987426899561756,0.0,True,2.143235286945307,44,10,1.0,28
2STEP-VF,9,2,3.938436463287428,-0.99173227053008,0.0025043830762363265,0.0,True,2.3054332040654466,44,10,1.0,29
2STEP-VF,9,2,3.9468954677380697,-1.0016556494278424,0.02803152160585034,0.0,True,2.523969421952297,44,10,1.0,30
2STEP-VF,9,2,3.9428026202040907,-0.9817621882325546,0.05951460095511378,0.0,True,2.195484395610906,44,10,1.0,31
2STEP-VF,9,2,3.947130334585262,-0.9935501987492535,0.031309989625083155,0.0,True,2.203815505112041,44,10,1.0,32
2STEP-VF,9,2,3.9521171316453674,-0.993177671847585,-0.029646112177121757,0.0,True,2.2577884053716124,44,10,1.0,33
2STEP-VF,9,2,3.9451771558031035,-0.9958332456855882,0.002767774388277604,0.0,True,2.3632694310051363,44,10,1.0,34
2STEP-VF,9,2,3.9454696181883544,-1.0080886419554984,-0.01747013119232104,0.0,True,2.469539577286376,44,10,1.0,35
2STEP-VF,9,2,3.945194681578139,-1.0131275696048563,0.011455890637748496,0.0,True,2.2666200195894333,44,10,1.0,36
2STEP-VF,9,2,3.95098870993564,-0.970146904735074,-0.032032327894357775,0.0,True,2.2124737083706676,44,10,1.0,37
2STEP-VF,9,2,3.953172199045431,-1.006279595553036,-0.059988847226272894,0.0,True,2.2536323780734855,44,10,1.0,38
2STEP-VF,9,2,3.9487701662679346,-1.027184920646344,0.03665908099694635,0.0,True,2.2361829499279575,44,10,1.0,39
2STEP-VF,9,2,3.9432129743550624,-0.990921822189227,-0.023231815549790792,0.0,True,2.465463794907191,44,10,1.0,40
2STEP-VF,9,2,3.9466543345214995,-1.001362884092243,0.007619017954721232,0.0,True,2.8108807736169696,44,10,1.0,41
2STEP-VF,9,2,3.9495958362506327,-0.98969548682557,-0.013159960885359962,0.0,True,2.420994521918506,44,10,1.0,42
2STEP-VF,9,2,3.9432294607718004,-0.99295503528918,-0.007866255393803067,0.0,True,2.174788474725064,44,10,1.0,43
2STEP-VF,9,2,3.9400424774166596,-0.9952445754215555,0.041457128607016225,0.0,True,2.2896786839260055,44,10,1.0,44
2STEP-VF,9,2,3.948958310224189,-0.998281640695786,-0.016687730705363682,0.0,True,2.5154782187608093,44,10,1.0,45
2STEP-VF,9,2,3.9438034047714012,-1.0001846984690173,0.02321847176249257,0.0,True,2.265482908096139,44,10,1.0,46
2STEP-VF,9,2,3.946583300621208,-0.9924197502598362,-0.0021784751507768893,0.0,True,2.101533582496678,44,10,1.0,47
2STEP-VF,9,2,3.9417371664727905,-0.9976578991290945,0.0415180088218674,0.0,True,2.485784728498824,44,10,1.0,48
2STEP-VF,9,2,3.946866478025133,-0.9907262868088923,-0.02009964220428947,0.0,True,2.299355811439201,44,10,1.0,49
2STEP-VF,9,2,3.9434894770668967,-0.9977835502455867,-0.004424602942902082,0.0,True,2.294700248369587,44,10,1.0,50
2STEP-VF,9,2,3.949578071162165,-0.9802365587561377,-0.0034008789322173844,0.0,True,2.3494512402718373,44,10,1.0,51
2STEP-VF,9,2,3.9470937940984223,-0.9967850521108915,0.011235645856831336,0.0,True,2.297720049435481,44,10,1.0,52
2STEP-VF,9,2,3.955221573267887,-1.018956881872225,-0.0702029740077381,0.0,True,2.169157905299806,44,10,1.0,53
2STEP-VF,9,2,3.9486772538175994,-0.9840557564096816,-0.007540754575426559,0.0,True,2.3497135933463964,44,10,1.0,54
2STEP-VF,9,2,3.9484422363549467,-0.9799095470164644,-0.03401106811210464,0.0,True,2.2781992401727855,44,10,1.0,55
2STEP-VF,9,2,3.9486190696779104,-0.9978237728304047,0.013746979014341432,0.0,True,2.7451572872417276,44,10,1.0,56
2STEP-VF,9,2,3.945874535756563,-1.0131248865028688,-0.0034844581079397983,0.0,True,2.2941840105085944,44,10,1.0,57
2STEP-VF,9,2,3.9509433019086155,-0.9943981400850066,-0.027242475536694875,0.0,True,2.3060890824779605,44,10,1.0,58
2STEP-VF,9,2,3.9450955055985655,-1.0124814436974987,0.0062618471777749945,0.0,True,2.3911948342849914,44,10,1.0,59
2STEP-VF,9,2,3.952973459536739,-1.0123971968890142,-0.026814621622152337,0.0,True,2.326380753505459,44,10,1.0,60
2STEP-VF,9,2,3.9441006548448714,-1.0178015410968668,0.03685042178866571,0.0,True,2.2327052365525164,44,10,1.0,61
2STEP-VF,9,2,3.9500377254170687,-1.006847679240325,0.0034622294628031893,0.0,True,2.8770780622638847,44,10,1.0,62
2STEP-VF,9,2,3.948665666010027,-1.00647296636347,-0.0008435743249129316,0.0,True,2.1966233862300233,44,10,1.0,63
2STEP-VF,9,2,3.9467884303218286,-1.001015703198332,-0.002294620374749579,0.0,True,2.202989814203018,44,10,1.0,64
2STEP-VF,9,2,3.94644853984046,-0.9985265255835056,0.01647483293075749,0.0,True,2.274066779442158,44,10,1.0,65
2STEP-VF,9,2,3.95146571617106,-1.006539483980035,-0.04652261630738822,0.0,True,2.179851089109456,44,10,1.0,66
2STEP-VF,9,2,3.9467943664534455,-1.0005287790046042,0.0189425009239511,0.0,True,2.383191422836273,44,10,1.0,67
2STEP-VF,9,2,3.949834270915954,-0.9817899646493071,0.006863776595440647,0.0,True,2.3072498257054854,44,10,1.0,68
2STEP-VF,9,2,3.948577451188113,-0.9957014858546231,0.004879619591963766,0.0,True,2.236717448990869,44,10,1.0,69
2STEP-VF,9,2,3.9496401839679374,-0.9821781064368533,-0.03560279898713883,0.0,True,2.3540453135869055,44,10,1.0,70
2STEP-VF,9,2,3.9499425293371253,-0.9958986260759142,-0.038485652627735734,0.0,True,2.2158856405806278,44,10,1.0,71
2STEP-VF,9,2,3.945719687188111,-0.9977973390472591,0.020197878633255603,0.0,True,3.164856293091432,44,10,1.0,72
2STEP-VF,9,2,3.94882277194278,-0.9989855882165753,0.025495068969415988,0.0,True,2.606087673920977,44,10,1.0,73
2STEP-VF,9,2,3.9501263305626764,-0.9964000105366928,-0.0001779298201350228,0.0,True,2.270158840485859,44,10,1.0,74
2STEP-VF,9,2,3.945815487478366,-0.9827142721762044,0.017917896689758878,0.0,True,2.126424912297232,44,10,1.0,75
2STEP-VF,9,2,3.9410365653448443,-0.9991943656696919,0.02096741804060796,0.0,True,2.2037086420357928,44,10,1.0,76
2STEP-VF,9,2,3.950465673352369,-1.0054024795533092,-0.015727481515867555,0.0,True,2.1497293252201795,44,10,1.0,77
2STEP-VF,9,2,3.947958318035987,-1.0154110373872378,-0.02059590161190375,0.0,True,2.247461516577239,44,10,1.0,78
2STEP-VF,9,2,3.946898813174764,-1.0153488377649444,0.013831901129849387,0.0,True,2.086152433090878,44,10,1.0,79
2STEP-VF,9,2,3.9482440666982828,-0.9961450581776177,-0.005983613253857045,0.0,True,2.2292525709052446,44,10,1.0,80
2STEP-VF,9,2,3.951298002323542,-0.9907377624325279,-0.054782339044347164,0.0,True,2.247852028182397,44,10,1.0,81
2STEP-VF,9,2,3.949572574253223,-0.9912563988248783,-0.015325696841864937,0.0,True,2.100467522535469,44,10,1.0,82
2STEP-VF,9,2,3.95156227570011,-0.9977238619075878,-0.020434288688391478,0.0,True,2.281530065186484,44,10,1.0,83
2STEP-VF,9,2,3.9469685143094297,-0.9890069420787856,0.03719000010198583,0.0,True,2.35989348234724,44,10,1.0,84
2STEP-VF,9,2,3.946263107350072,-0.995493600022183,0.014737443246593509,0.0,True,3.4647962397803593,44,10,1.0,85
2STEP-VF,9,2,3.952845867347447,-1.0014873535229987,-0.052188709503826536,0.0,True,2.141707467621211,44,10,1.0,86
2STEP-VF,9,2,3.9491505168056347,-0.9866757571501077,0.01626620056621043,0.0,True,2.1615726683415764,44,10,1.0,87
2STEP-VF,9,2,3.941528292694339,-0.9917725992315171,0.07211021425739567,0.0,True,2.159435036262238,44,10,1.0,88
2STEP-VF,9,2,3.9509535374021323,-0.9853520727142616,0.024320186056170173,0.0,True,2.4924600160710817,44,10,1.0,89
2STEP-VF,9,2,3.9438625508052785,-1.0069917946717748,0.04925550789262174,0.0,True,2.1687473809017654,44,10,1.0,90
2STEP-VF,9,2,3.950058720799339,-0.9977529427996588,-0.0073584259385915925,0.0,True,2.337839618835414,44,10,1.0,91
2STEP-VF,9,2,3.9436897602641,-0.9783666646986979,0.03924805546381969,0.0,True,2.09609327319746,44,10,1.0,92
2STEP-VF,9,2,3.94788105344545,-0.9908499987124141,-0.0020982087017946964,0.0,True,2.157264117199957,44,10,1.0,93
2STEP-VF,9,2,3.9444021341362707,-0.9996541254681164,0.03906222768963902,0.0,True,2.717161210624047,44,10,1.0,94
2STEP-VF,9,2,3.9429551043049336,-1.0076512756529945,-0.0016920414992193209,0.0,True,2.3024430933660582,44,10,1.0,95
2STEP-VF,9,2,3.949373238335786,-1.0056641382462588,-0.026241283185401195,0.0,True,2.262028082982894,44,10,1.0,96
2STEP-VF,9,2,3.9465443471937394,-1.004024154872582,0.04966681213057817,0.0,True,2.472784535917133,44,10,1.0,97
2STEP-VF,9,2,3.946233001534881,-1.0001630663018408,0.029548531279079117,0.0,True,2.1441617297388413,44,10,1.0,98
2STEP-VF,9,2,3.9487937019570873,-1.0060624333989654,-0.028355119546777004,0.0,True,2.2939757342798464,44,10,1.0,99
2STEP-VF,9,2,0.9022660701211282,-0.20080275381333115,0.0381765044585238,-0.6855855693134995,False,5.321246501389371,36,20,1.0,0
2STEP-VF,9,2,0.9154187990911063,-0.20176392225229667,0.04515332102914238,-0.9057477315815781,False,5.102029017521645,36,20,1.0,1
2STEP-VF,9,2,0.9275634764892927,-0.19952155577086644,0.042965216473126074,-0.8403813847005975,False,4.329748341945077,36,20,1.0,2
2STEP-VF,9,2,0.9266563955555576,-0.19195637609593177,0.033007201058583006,-0.5399357475110867,False,5.055273272088723,36,20,1.0,3
2STEP-VF,9,2,0.9113567261223159,-0.20326856350218012,0.032464294243498976,-0.4963314598193962,False,4.4366351566587285,36,20,1.0,4
2STEP-VF,9,2,0.9248099826475321,-0.19255470995590587,0.0379114232759122,-0.6955456419761648,False,4.639493195972039,36,20,1.0,5
2STEP-VF,9,2,0.9071682530781587,-0.19150832877738622,0.031070026786850957,-0.4801907729288144,False,4.062402144248701,36,20,1.0,6
2STEP-VF,9,2,0.9208895684169974,-0.1958093344413364,0.035484395524086096,-0.610304880006528,False,5.325588398080176,36,20,1.0,7
2STEP-VF,9,2,0.910852526382172,-0.19327746702491488,0.04300201114848262,-0.8575472843087181,False,4.207419120043115,36,20,1.0,8
2STEP-VF,9,2,0.9216226257615993,-0.19649643101625158,0.04047538932305854,-0.7683236663531737,False,4.511842134402733,36,20,1.0,9
2STEP-VF,9,2,0.9148772514332177,-0.2072839245547283,0.0324874277990862,-0.48722363555341763,False,6.007500914872271,36,20,1.0,10
2STEP-VF,9,2,0.9080944470307982,-0.19968995192492212,0.038933796289857034,-0.7121399298337644,False,5.309061670594009,36,20,1.0,11
2STEP-VF,9,2,0.9184261082885126,-0.19118309299124142,0.020918861171741663,-0.15545856781944312,False,3.4773184375839383,36,20,1.0,12
2STEP-VF,9,2,0.91467407329318,-0.19816598934263877,0.0386105773048431,-0.7050596549350557,False,4.83943947493552,36,20,1.0,13
2STEP-VF,9,2,0.9210398432821936,-0.1982675131016141,0.042794215964301816,-0.8383104888168529,False,4.812086438532811,36,20,1.0,14
2STEP-VF,9,2,0.9136745018897128,-0.19622581260576824,0.035159332490881066,-0.5993362193409678,False,4.171014048419017,36,20,1.0,15
2STEP-VF,9,2,0.9107585352824435,-0.19804010758930818,0.03225632768449656,-0.5022607155726039,False,3.6526563534823073,36,20,1.0,16
2STEP-VF,9,2,0.9179638410347741,-0.18913226452781728,0.036956689101651785,-0.6736187859240095,False,4.633747716915687,36,20,1.0,17
2STEP-VF,9,2,0.9151542920779552,-0.20289220507425904,0.039769379813863165,-0.7307696043407225,False,6.1929436628236125,36,20,1.0,18
2STEP-VF,9,2,0.9106345950731136,-0.18998734011917012,0.04524464970210944,-0.9372210984771071,False,6.392591248737012,36,20,1.0,19
2STEP-VF,9,2,0.9245323646170877,-0.192774780156646,0.03071082705415993,-0.46461505148014237,False,5.579721335321128,36,20,1.0,20
2STEP-VF,9,2,0.9030691508905203,-0.1944182814580441,0.03894355824317408,-0.7254058392288338,False,4.086269537743538,36,20,1.0,21
2STEP-VF,9,2,0.9400725901922979,-0.20067257030429583,0.030017542734172398,-0.42254284335166914,False,5.595160068997856,36,20,1.0,22
2STEP-VF,9,2,0.9191173598851696,-0.18926482563737132,0.04034861563087477,-0.7817730770651917,False,4.784919211352978,36,20,1.0,23
2STEP-VF,9,2,0.9193346370803225,-0.1966114211753511,0.029223554092344266,-0.40812624190935476,False,3.403808161982524,36,20,1.0,24
2STEP-VF,9,2,0.9141996285357205,-0.19546519256056638,0.033751274143044484,-0.5560723327199212,False,4.6126690298782185,36,20,1.0,25
2STEP-VF,9,2,0.9115366769644274,-0.18888992518430678,0.02447372497130875,-0.2751311780216784,False,3.408481739280098,36,20,1.0,26
2STEP-VF,9,2,0.9308714950578048,-0.19923880323923657,0.04449408179018019,-0.8897851998081303,False,4.185414547211589,36,20,1.0,27
2STEP-VF,9,2,0.9272890207892893,-0.1992149613311178,0.037212408561969966,-0.6570438255409992,False,5.731429125945099,36,20,1.0,28
2STEP-VF,9,2,0.9028714663224302,-0.19996127734008123,0.04437166517115886,-0.885813931881543,False,4.705912652488529,36,20,1.0,29
2STEP-VF,9,2,0.9079680128187942,-0.19964038297472853,0.04457179113341981,-0.8926823163609581,False,6.164862123395237,36,20,1.0,30
2STEP-VF,9,2,0.911211310781625,-0.18661098936237688,0.04375479084648761,-0.8976142539710018,False,4.980660626108131,36,20,1.0,31
2STEP-VF,9,2,0.92833125402117,-0.20141747989724873,0.03133459103493155,-0.4636050861231428,False,3.396804731133838,36,20,1.0,32
2STEP-VF,9,2,0.9158331496108066,-0.19348478504954672,0.0325866809518803,-0.5234603173646092,False,3.5331499499760275,36,20,1.0,33
2STEP-VF,9,2,0.9249698964378849,-0.19599894807521612,0.035126692015675566,-0.5981584753348266,False,4.7994818841365054,36,20,1.0,34
2STEP-VF,9,2,0.9276460892683869,-0.20276761267685342,0.03217062712045129,-0.48715903207389,False,10.643158968998435,36,20,1.0,35
2STEP-VF,9,2,0.911633492247895,-0.19429151527896962,0.038379366713872216,-0.7071420886395103,False,4.865008465459848,36,20,1.0,36
2STEP-VF,9,2,0.9285051393124847,-0.19876443478301964,0.038367429225700446,-0.6950127833844183,False,3.6883875147196767,36,20,1.0,37
2STEP-VF,9,2,0.9167775694408129,-0.19568144541832744,0.032365351843267436,-0.5110491358141236,False,3.571174908674403,36,20,1.0,38
2STEP-VF,9,2,0.9258327829361195,-0.20044433560607255,0.041039637851713315,-0.776652038824085,False,5.553043235698833,36,20,1.0,39
2STEP-VF,9,2,0.9176543920147685,-0.19685223213581554,0.03715726760634787,-0.6615279427562887,False,5.263940976237887,36,20,1.0,40
2STEP-VF,9,2,0.9225461684804922,-0.2003670236061827,0.036040348469183366,-0.6170575242502,False,4.072592957380175,36,20,1.0,41
2STEP-VF,9,2,0.9114691969625113,-0.20672150426577474,0.04355794653699658,-0.8430345271282808,False,3.8728776634826967,36,20,1.0,42
2STEP-VF,9,2,0.9245658782261166,-0.195342330151463,0.02104659532851887,-0.14919550545552573,False,4.236375849023036,36,20,1.0,43
2STEP-VF,9,2,0.9212496073001203,-0.20861869214864923,0.03447620077941012,-0.5472785873463586,False,3.132985925068749,36,20,1.0,44
2STEP-VF,9,2,0.9216742506822571,-0.19884414904961942,0.03689200573669657,-0.6480177708142685,False,13.54912000135146,36,20,1.0,45
2STEP-VF,9,2,0.9269741219106146,-0.19492199119154982,0.040695508995099675,-0.7788250616688334,False,3.3222783625125194,36,20,1.0,46
2STEP-VF,9,2,0.9282320371348259,-0.1960716631895492,0.038098610905747794,-0.692889635100922,False,6.295165752717968,36,20,1.0,47
2STEP-VF,9,2,0.9164024625814373,-0.19221119923323055,0.02295056111041007,-0.2181269296184829,False,4.17099462354096,36,20,1.0,48
2STEP-VF,9,2,0.9250649172562735,-0.20541168940877366,0.03162780266000394,-0.463597735503693,False,3.735398125431102,36,20,1.0,49
2STEP-VF,9,2,0.9137659428270896,-0.19814552998182247,0.03743595241965338,-0.6675752489029092,False,4.503211172922548,36,20,1.0,50
2STEP-VF,9,2,0.9150935904495774,-0.19904887455566148,0.03128096389230114,-0.46836793019307454,False,4.1366592692964,36,20,1.0,51
2STEP-VF,9,2,0.9082149296917816,-0.19637349326569076,0.04557865367269495,-0.932727637907074,False,3.7022036529580005,36,20,1.0,52
2STEP-VF,9,2,0.9093196077279303,-0.19962392526730824,0.042604829696020266,-0.8296979531674331,False,10.667808611438883,36,20,1.0,53
2STEP-VF,9,2,0.9216393012386166,-0.19680667860183296,0.039404978476087295,-0.7333249245160776,False,5.109310117221581,36,20,1.0,54
2STEP-VF,9,2,0.9256099688217121,-0.18831058343262208,0.03604225968507326,-0.6458703115547489,False,4.510351933667399,36,20,1.0,55
2STEP-VF,9,2,0.9113943392106845,-0.1862349553258052,0.033545423041906386,-0.571805984206431,False,4.135110229362872,36,20,1.0,56
2STEP-VF,9,2,0.9193126352833094,-0.1978907342911079,0.03046976343575669,-0.4449359095285569,False,4.923976004634145,36,20,1.0,57
2STEP-VF,9,2,0.9287222797311558,-0.196896186138455,0.01907215145142313,-0.082034662929379,False,3.8164624495360893,36,20,1.0,58
2STEP-VF,9,2,0.9081022739604498,-0.18269643179995976,0.04004414466939707,-0.7884550566631761,False,4.996835726121453,36,20,1.0,59
2STEP-VF,9,2,0.9167088079414354,-0.1921479526907864,0.03593590428042677,-0.6337913220392833,False,5.10781768126573,36,20,1.0,60
2STEP-VF,9,2,0.9262796860781417,-0.1938258036480042,0.044801029027714136,-0.9128742189669541,False,4.1940536863039535,36,20,1.0,61
2STEP-VF,9,2,0.9091774339774813,-0.1942534244304838,0.041025330819786016,-0.7920517215613427,False,4.721081894639498,36,20,1.0,62
2STEP-VF,9,2,0.8990033593439012,-0.19442762547584747,0.04748289466058381,-0.9988861264360143,False,6.692206146704229,36,20,1.0,63
2STEP-VF,9,2,0.9029532860203138,-0.19095237872069856,0.04010627415612751,-0.7709378669051852,False,9.521250230622375,36,20,1.0,64
2STEP-VF,9,2,0.915611366267001,-0.19946910270438617,0.04067516185633907,-0.7679426509363037,False,3.473472570676802,36,20,1.0,65
2STEP-VF,9,2,0.9229214815671951,-0.18791694402798384,0.03385415229854918,-0.576956918992381,False,4.918440606397449,36,20,1.0,66
2STEP-VF,9,2,0.923512642826321,-0.2052082806136599,0.04322389752046724,-0.835254088612589,False,4.439321863929731,36,20,1.0,67
2STEP-VF,9,2,0.9110510347212881,-0.19682344945168712,0.043011079353537464,-0.8493151985458727,False,6.721034483394917,36,20,1.0,68
2STEP-VF,9,2,0.9215839710250735,-0.19600124941867,0.039966415336119984,-0.7532272538895273,False,3.9374279906233034,36,20,1.0,69
2STEP-VF,9,2,0.8938858053102601,-0.19754456496459735,0.044359904181546,-0.8917768295758229,False,8.020563034687129,36,20,1.0,70
2STEP-VF,9,2,0.9105487476052644,-0.18868601095466567,0.04575457916915788,-0.9566671822655389,False,4.577278380615435,36,20,1.0,71
2STEP-VF,9,2,0.9204394301292613,-0.2023433413935376,0.02929705252030789,-0.3966552954976068,False,5.117047336096948,36,20,1.0,72
2STEP-VF,9,2,0.9269310022517256,-0.20017761701295272,0.03124356911416191,-0.4637520706869913,False,4.280831506710732,36,20,1.0,73
2STEP-VF,9,2,0.9106219358578934,-0.19484053876538415,0.04467947698995675,-0.9074886544902208,False,5.382886006184928,36,20,1.0,74
2STEP-VF,9,2,0.9196168159655895,-0.20248484243667478,0.026019325711888634,-0.29147779197448176,False,3.7167454884015925,36,20,1.0,75
2STEP-VF,9,2,0.9391905655446503,-0.1915375829330998,0.025164440360727944,-0.28922045857117584,False,5.438713956959331,36,20,1.0,76
2STEP-VF,9,2,0.9194112402857616,-0.19745106031655144,0.04088148142343254,-0.7791601863729725,False,6.777791804018301,36,20,1.0,77
2STEP-VF,9,2,0.8962874687511854,-0.19190677461293795,0.04773633074538492,-1.0132090766561959,False,5.559975089049016,36,20,1.0,78
2STEP-VF,9,2,0.943772877084599,-0.20596404242969438,0.03390565426613457,-0.5340408620599641,False,9.525578707964778,36,20,1.0,79
2STEP-VF,9,2,0.9170364773248942,-0.1882292523159629,0.04881088903771604,-1.0551760550091092,False,4.438073534992889,36,20,1.0,80
2STEP-VF,9,2,0.9130811055994569,-0.19650853242208294,0.041545403987832095,-0.8030475834616608,False,5.400992042796198,36,20,1.0,81
2STEP-VF,9,2,0.9172977110146926,-0.203446019873249,0.04456743663553954,-0.8828496619805863,False,7.302689262701219,36,20,1.0,82
2STEP-VF,9,2,0.9084627911497906,-0.19770850519878688,0.04009223542831715,-0.753943353760073,False,5.382235765534352,36,20,1.0,83
2STEP-VF,9,2,0.9083033651856789,-0.19986979266283675,0.04523311877491231,-0.9132740964952453,False,4.574763012149722,36,20,1.0,84
2STEP-VF,9,2,0.9168630775068335,-0.20373931499622353,0.04456394286107913,-0.8820600309131859,False,5.243633763769226,36,20,1.0,85
2STEP-VF,9,2,0.9209214174659424,-0.20023665581161262,0.03720020518425473,-0.6545833069003247,False,4.489889710642608,36,20,1.0,86
2STEP-VF,9,2,0.9211843291081271,-0.191953534542826,0.03568967758858735,-0.6261101401855254,False,5.2109786647993594,36,20,1.0,87
2STEP-VF,9,2,0.9248839928325243,-0.19728651222720317,0.04003085766677222,-0.7520067764214721,False,4.181173650780693,36,20,1.0,88
2STEP-VF,9,2,0.9335925879244008,-0.20270656245979218,0.03385873089538923,-0.5409680834734903,False,7.642350223770926,36,20,1.0,89
2STEP-VF,9,2,0.898805642787652,-0.19542185767211095,0.046659258926863886,-0.9701554886793192,False,5.336687448699272,36,20,1.0,90
2STEP-VF,9,2,0.9200004904633289,-0.19712880356305146,0.0416738329580667,-0.8052534966790115,False,5.396847137329161,36,20,1.0,91
2STEP-VF,9,2,0.9234723477733913,-0.20441809432681957,0.034218399705434686,-0.5489770233231398,False,4.954760245740866,36,20,1.0,92
2STEP-VF,9,2,0.9138087710511599,-0.193583222089329,0.029780819900884936,-0.433557977550859,False,4.172696222507833,36,20,1.0,93
2STEP-VF,9,2,0.9233066445075488,-0.20098813280227903,0.03351462150440163,-0.5346979707449299,False,4.209121723894517,36,20,1.0,94
2STEP-VF,9,2,0.9283787293827398,-0.18875366062019305,0.041220977229477325,-0.8103597620918469,False,3.936114209090008,36,20,1.0,95
2STEP-VF,9,2,0.9148421923415512,-0.19910478710096444,0.03339549694653632,-0.5359138817063547,False,4.6263953681740215,36,20,1.0,96
2STEP-VF,9,2,0.9162664852229692,-0.19407366773570084,0.028233178597595127,-0.3827089234439841,False,4.566953481377094,36,20,1.0,97
2STEP-VF,9,2,0.9296539485176173,-0.20296457594537679,0.03739894691423499,-0.6538720820755586,False,6.729902608638878,36,20,1.0,98
2STEP-VF,9,2,0.9068968773436183,-0.1908400699089257,0.041077295959545894,-0.80204349028343,False,4.852771233179311,36,20,1.0,99
2STEP-VF,9,2,2.2999353830932154,-0.41153453744706403,0.06094338397897147,-0.8245092744685409,False,3.586077375971963,40,20,1.0,0
2STEP-VF,9,2,2.3102695634350185,-0.40740201762598693,0.05832674011033204,-0.7500746674221559,False,5.307114317442176,40,20,1.0,1
2STEP-VF,9,2,2.3072527764104995,-0.4058738891541095,0.06587774268070032,-0.9955552652279178,False,3.158024767459403,40,20,1.0,2
2STEP-VF,9,2,2.302095066853925,-0.3936877056320316,0.0696861622673056,-1.1469809950256684,False,4.390844706015151,40,20,1.0,3
2STEP-VF,9,2,2.3054971908595174,-0.40519814255404984,0.052420066945386354,-0.5666367686710732,False,3.936877068482792,40,20,1.0,4
2STEP-VF,9,2,2.309806527906456,-0.3929052725644506,0.05354638013802192,-0.6319231185876331,False,5.35906389387749,40,20,1.0,5
2STEP-VF,9,2,2.3312060509218613,-0.40484526683171596,0.04725623196656454,-0.4006984194786358,False,4.2130566830749485,40,20,1.0,6
2STEP-VF,9,2,2.3056934700811698,-0.40137007697232835,0.062469287970515194,-0.8973874221180285,False,3.7234410931111612,40,20,1.0,7
2STEP-VF,9,2,2.306789208931461,-0.40077461138062004,0.04554563268127558,-0.3571938259514431,False,4.402866841442323,40,20,1.0,8
2STEP-VF,9,2,2.2990180667384315,-0.3946779297272624,0.07804777847664982,-1.4123607959030589,False,5.663394634875084,40,20,1.0,9
2STEP-VF,9,2,2.3059542204306243,-0.39239144326288855,0.061333140521513764,-0.882563779631671,False,3.439473402949491,40,20,1.0,10
2STEP-VF,9,2,2.331557189770408,-0.3830076838164086,0.05083133647799028,-0.5674908947500843,False,4.044425312579086,40,20,1.0,11
2STEP-VF,9,2,2.3040068784697323,-0.4048293590691946,0.06394243251800014,-0.9363269661017539,False,5.973419114657042,40,20,1.0,12
2STEP-VF,9,2,2.3256302491382748,-0.42003943892369633,0.06393512763303132,-0.898291615891835,False,4.544495558828722,40,20,1.0,13
2STEP-VF,9,2,2.3158680224177686,-0.4080070931243175,0.06668993518877984,-1.0159088211975273,False,6.745366630486298,40,20,1.0,14
2STEP-VF,9,2,2.313812979383853,-0.4087631810909079,0.04599717911432385,-0.35204931827715313,False,4.204138118082434,40,20,1.0,15
2STEP-VF,9,2,2.3278552830893338,-0.4092763437947406,0.05534870073717398,-0.6492238814968305,False,7.6567297516309045,40,20,1.0,16
2STEP-VF,9,2,2.33173479181673,-0.4184394635218126,0.04287954753689627,-0.22798672121932673,False,3.387855349872909,40,20,1.0,17
2STEP-VF,9,2,2.301231336631003,-0.39209339072759325,0.06263515434350808,-0.9252269210481752,False,3.898009307364908,40,20,1.0,18
2STEP-VF,9,2,2.280326182427136,-0.4165954954735673,0.079456416186539,-1.4059565578870588,False,4.413181600042967,40,20,1.0,19
2STEP-VF,9,2,2.3189069256893906,-0.4006370976544988,0.0595313277720681,-0.804339038794019,False,4.3053219975326416,40,20,1.0,20
2STEP-VF,9,2,2.3029270442717436,-0.39775749728215914,0.05005289591379458,-0.5088990531079405,False,4.225141691852296,40,20,1.0,21
2STEP-VF,9,2,2.3185733293290416,-0.4085492375357346,0.05686416452467122,-0.700020694943974,False,7.045096923298809,40,20,1.0,22
2STEP-VF,9,2,2.3206165235768337,-0.41098311713253016,0.0559891597661017,-0.6660566399825725,False,4.363687721622725,40,20,1.0,23
2STEP-VF,9,2,2.3017066341042405,-0.40309203298878254,0.06856580125718127,-1.0885823630104687,False,6.369323223962631,40,20,1.0,24
2STEP-VF,9,2,2.332809130156219,-0.405748361674802,0.048458235824757785,-0.4368989305633517,False,5.930918389017771,40,20,1.0,25
2STEP-VF,9,2,2.2964936620476943,-0.39747621983815956,0.06939085065086406,-1.1287746734932058,False,4.284146493739202,40,20,1.0,26
2STEP-VF,9,2,2.3249496081105754,-0.4130722006137594,0.06873546354895581,-1.0686645756069293,False,4.1964930560690386,40,20,1.0,27
2STEP-VF,9,2,2.3139184056797415,-0.41508531979448915,0.04955467027743483,-0.45070957703035663,False,3.5506773400312968,40,20,1.0,28
2STEP-VF,9,2,2.2999000781554995,-0.39506428429908547,0.0629598247797141,-0.9285661059437165,False,6.264023576388525,40,20,1.0,29
2STEP-VF,9,2,2.323049232915423,-0.40086040989374117,0.05046093051747935,-0.5133018388394357,False,4.337075235936644,40,20,1.0,30
2STEP-VF,9,2,2.321115978317769,-0.39661973729985,0.0556658986458743,-0.690154428449272,False,3.541162874623113,40,20,1.0,31
2STEP-VF,9,2,2.3035897646864085,-0.39880549338089966,0.05209805223971908,-0.5717891016756673,False,4.144358457109137,40,20,1.0,32
2STEP-VF,9,2,2.317761516038025,-0.4134672128407428,0.055678455339477836,-0.650323569083227,False,4.630296127506499,40,20,1.0,33
2STEP-VF,9,2,2.3134076866305673,-0.4088731153925306,0.05974828785654032,-0.7918452732693835,False,3.739963397381968,40,20,1.0,34
2STEP-VF,9,2,2.3084240753587753,-0.4068282401960089,0.07309992906735477,-1.2243045091634053,False,3.7258495178193756,40,20,1.0,35
2STEP-VF,9,2,2.3058304273094814,-0.4050573220626814,0.06903981588012449,-1.09878670957498,False,7.660158196541137,40,20,1.0,36
2STEP-VF,9,2,2.3266019179294055,-0.40486359887454454,0.036206268564994204,-0.047331841705143596,False,3.8031301495630263,40,20,1.0,37
2STEP-VF,9,2,2.318276054817837,-0.3979286458972746,0.054296183539763725,-0.6433525598299104,False,4.720429213732118,40,20,1.0,38
2STEP-VF,9,2,2.3099856193808495,-0.4196775631937819,0.05798048493529712,-0.7095502291015809,False,3.6403284770402213,40,20,1.0,39
2STEP-VF,9,2,2.3238654197437603,-0.4173007034753461,0.049244376824518585,-0.43486644485913883,False,3.744975103196452,40,20,1.0,40
2STEP-VF,9,2,2.3069354101279984,-0.4069132623713504,0.058193107368333066,-0.7471714814877377,False,4.326692811361237,40,20,1.0,41
2STEP-VF,9,2,2.321643401069345,-0.4087452061756948,0.06091446025693457,-0.8289756293360784,False,5.0043654291528945,40,20,1.0,42
2STEP-VF,9,2,2.3125804652111857,-0.3907699176352198,0.052478411025367225,-0.6027065225745529,False,4.245444433616691,40,20,1.0,43
2STEP-VF,9,2,2.313250292515043,-0.4274444647685952,0.08877781146175635,-1.6762282337806729,False,4.065653853859883,40,20,1.0,44
2STEP-VF,9,2,2.313480213051483,-0.4018712089489907,0.06815251579858357,-1.077580791294008,False,7.243821801287901,40,20,1.0,45
2STEP-VF,9,2,2.3004463841338056,-0.3966900409351566,0.050853239270213575,-0.5372207753544307,False,3.7231747780475914,40,20,1.0,46
2STEP-VF,9,2,2.295245569926895,-0.4060944914363136,0.08927006324353118,-1.7443005101502318,False,3.866918703885995,40,20,1.0,47
2STEP-VF,9,2,2.3231519260468905,-0.411328402322016,0.06081579880727425,-0.8195282806971247,False,4.689984253623465,40,20,1.0,48
2STEP-VF,9,2,2.3151396543283247,-0.415667777323741,0.04968420695986347,-0.45338357787895367,False,4.533867146534309,40,20,1.0,49
2STEP-VF,9,2,2.311334858614846,-0.4017882145661314,0.0626306883151034,-0.9012102196077034,False,4.725685593446969,40,20,1.0,50
2STEP-VF,9,2,2.3258940549917413,-0.40717077882529074,0.05999122144455304,-0.8029555737454954,False,4.18545796055632,40,20,1.0,51
2STEP-VF,9,2,2.3028870784996642,-0.42507293894682213,0.06193044463170422,-0.8234259500321826,False,4.582960811859883,40,20,1.0,52
2STEP-VF,9,2,2.3147994798139795,-0.41370805030930985,0.06611437721498845,-0.9838727813484485,False,4.463992623892185,40,20,1.0,53
2STEP-VF,9,2,2.31626831808203,-0.4063362023614582,0.04083989886949172,-0.1926937790713139,False,4.217984869697128,40,20,1.0,54
2STEP-VF,9,2,2.3079574828837672,-0.4028647956133794,0.07049251735702092,-1.1504075969795333,False,6.024067851548229,40,20,1.0,55
2STEP-VF,9,2,2.303053317592401,-0.4022986220110665,0.06413177992059178,-0.948517065576834,False,3.2760872084537325,40,20,1.0,56
2STEP-VF,9,2,2.3305001890866532,-0.40623620345633743,0.06209816087272937,-0.8723442482869312,False,7.032568439144676,40,20,1.0,57
2STEP-VF,9,2,2.315685441577251,-0.39599644154244124,0.055931164455338835,-0.7004646763743492,False,5.611696254446212,40,20,1.0,58
2STEP-VF,9,2,2.3171918734509673,-0.3991837151206355,0.06267020136712165,-0.90837401505131,False,4.038917027695859,40,20,1.0,59
2STEP-VF,9,2,2.3086653286876753,-0.39072274765769205,0.04547410462145108,-0.3789168337867135,False,3.5532535392230287,40,20,1.0,60
2STEP-VF,9,2,2.3269335704067164,-0.40098524981071165,0.05704953624376203,-0.7236045460302745,False,4.979799189245075,40,20,1.0,61
2STEP-VF,9,2,2.3371534817309274,-0.4079292755288005,0.05188713342870237,-0.5411287995454994,False,3.8949515717990137,40,20,1.0,62
2STEP-VF,9,2,2.3173877965924827,-0.4052295969973811,0.04776723353429686,-0.4169571725082366,False,3.7525006089820883,40,20,1.0,63
2STEP-VF,9,2,2.306641550016574,-0.412258391710247,0.03289724768733787,0.07510670711077494,False,3.5854221342590975,40,20,1.0,64
2STEP-VF,9,2,2.30772302241398,-0.4097043766879009,0.0704588417442668,-1.132929050420737,False,3.4620337007744943,40,20,1.0,65
2STEP-VF,9,2,2.3027834797800026,-0.40532809572989337,0.069823679403734,-1.1234033023809444,False,4.472687750222491,40,20,1.0,66
2STEP-VF,9,2,2.3112936737824046,-0.40765159496049336,0.053253754854154046,-0.5870787070008017,False,5.031108054160141,40,20,1.0,67
2STEP-VF,9,2,2.3211876763955965,-0.4209413518884899,0.052465055026397873,-0.5293512557286209,False,4.097520182980711,40,20,1.0,68
2STEP-VF,9,2,2.3192262326699935,-0.38839748000072766,0.05697751780310222,-0.7519730437373255,False,5.541749516818781,40,20,1.0,69
2STEP-VF,9,2,2.3161095046166693,-0.4076135480842202,0.06316666781962836,-0.9040942845489794,False,7.4440478457979875,40,20,1.0,70
2STEP-VF,9,2,2.31877098167399,-0.3939708536605499,0.07268134659005761,-1.2411467831960847,False,3.6337922874099005,40,20,1.0,71
2STEP-VF,9,2,2.3237137574919924,-0.3934201053762783,0.05770611671834136,-0.7629646566343367,False,4.4314724459945625,40,20,1.0,72
2STEP-VF,9,2,2.320843693856522,-0.3923384500268124,0.0473648956365785,-0.43481375867477157,False,4.402542341886129,40,20,1.0,73
2STEP-VF,9,2,2.322827603016988,-0.4141140054029258,0.06454380289685839,-0.9321584235514278,False,3.628051102375534,40,20,1.0,74
2STEP-VF,9,2,2.2914196881278404,-0.3997409208861365,0.050244510946083974,-0.5109609588602897,False,5.650881544743653,40,20,1.0,75
2STEP-VF,9,2,2.310597460983347,-0.37844521377536383,0.06336067594095156,-0.9806372693905763,False,4.228534935286038,40,20,1.0,76
2STEP-VF,9,2,2.3447359541128554,-0.4063605677339867,0.047328344844936136,-0.39855751522961747,False,5.774491362909746,40,20,1.0,77
2STEP-VF,9,2,2.3165320926058524,-0.3990801642026244,0.057297447322839166,-0.7367339946882041,False,10.225430544733873,40,20,1.0,78
2STEP-VF,9,2,2.294138039230734,-0.40366824689791725,0.07289541461767264,-1.2262011928566796,False,4.163436984466069,40,20,1.0,79
2STEP-VF,9,2,2.3226271314988454,-0.4049332939754758,0.056244305516852895,-0.6886202431082205,False,12.088931664047973,40,20,1.0,80
2STEP-VF,9,2,2.3073343181925208,-0.41320543727322984,0.06282156268150343,-0.8801568972608076,False,4.476318905111024,40,20,1.0,81
2STEP-VF,9,2,2.323758569285385,-0.4148467195048418,0.07045642436078856,-1.1195479385764908,False,6.408983565185683,40,20,1.0,82
2STEP-VF,9,2,2.3048245256751176,-0.41372711223926867,0.03850594965212286,-0.10095584795318002,False,3.301004557613601,40,20,1.0,83
2STEP-VF,9,2,2.3224921740917193,-0.4074250082224902,0.06337677380325146,-0.9108872115245676,False,5.043393234888379,40,20,1.0,84
2STEP-VF,9,2,2.2980930445599697,-0.4045906194707764,0.05982510791961206,-0.805500384024125,False,4.575919801686248,40,20,1.0,85
2STEP-VF,9,2,2.3207738530527497,-0.41538839750842405,0.05533969534492853,-0.6346916658343309,False,4.1639135515077506,40,20,1.0,86
2STEP-VF,9,2,2.3313801274519927,-0.4097789207437965,0.061941489755666795,-0.8587754547491069,False,4.343720852293647,40,20,1.0,87
2STEP-VF,9,2,2.3197528718141376,-0.4163796524294985,0.06564221065087554,-0.9620544026883733,False,6.0192486879440015,40,20,1.0,88
2STEP-VF,9,2,2.318767935291498,-0.40115903944879727,0.0678393627581274,-1.0689518374654738,False,3.844934043496878,40,20,1.0,89
2STEP-VF,9,2,2.3221721397837594,-0.4063808340009719,0.03855440767657969,-0.11909671566119218,False,5.333301088561134,40,20,1.0,90
2STEP-VF,9,2,2.30792084671405,-0.40880188673846096,0.06317006339305804,-0.9018422496027085,False,3.8325726140445413,40,20,1.0,91
2STEP-VF,9,2,2.3085961228590177,-0.407797208817125,0.06427899723740646,-0.939698843064366,False,6.68566618069468,40,20,1.0,92
2STEP-VF,9,2,2.3245549728008306,-0.3973894497155012,0.045580019476101505,-0.3653526455499956,False,5.676263896503819,40,20,1.0,93
2STEP-VF,9,2,2.3142602899444498,-0.40022934454018666,0.06290750523838182,-0.9136341233351035,False,9.000088484541804,40,20,1.0,94
2STEP-VF,9,2,2.3104971933156846,-0.3998048603431981,0.05631537746636818,-0.7039305825011657,False,4.12846706440459,40,20,1.0,95
2STEP-VF,9,2,2.311789229432545,-0.4033457516987356,0.03493118239749096,-0.011060678876792851,False,4.424200992500592,40,20,1.0,96
2STEP-VF,9,2,2.330144054396847,-0.41461082314804587,0.0613724604479345,-0.8290441155147836,False,5.508834763976206,40,20,1.0,97
2STEP-VF,9,2,2.3200020183893955,-0.3970334234208682,0.07415590425115291,-1.2809085987234463,False,4.249577227158624,40,20,1.0,98
2STEP-VF,9,2,2.295653394657915,-0.40565725236730127,0.07264457065376545,-1.213309651559497,False,4.7323090266774885,40,20,1.0,99
2STEP-VF,9,2,4.626819853672852,-0.6678978332878959,0.07108403823253744,-0.3941252323298772,False,4.389485330136465,44,20,1.0,0
2STEP-VF,9,2,4.647412828707128,-0.6842057848925897,0.09154188952817624,-1.0084018114369973,False,4.29972941556763,44,20,1.0,1
2STEP-VF,9,2,4.660195996368292,-0.655851641966163,0.08120827169532219,-0.7450089937494218,False,4.0682070578150515,44,20,1.0,2
2STEP-VF,9,2,4.645818343172113,-0.6874944009317904,0.11821060570007567,-1.854003719575799,False,3.7156957087613685,44,20,1.0,3
2STEP-VF,9,2,4.653237048897177,-0.6578075426516748,0.08125179785192936,-0.7421252059638896,False,3.885017834987688,44,20,1.0,4
2STEP-VF,9,2,4.659480756478286,-0.6700296209551287,0.07302823151104186,-0.4492634726723339,False,4.406353919597108,44,20,1.0,5
2STEP-VF,9,2,4.633140168991775,-0.6584836720327715,0.07618265220790583,-0.5794956476348292,False,5.241024737713903,44,20,1.0,6
2STEP-VF,9,2,4.655591005488429,-0.6695950864068511,0.07549522476990421,-0.5294835249311869,False,4.679531745883421,44,20,1.0,7
2STEP-VF,9,2,4.648442641091987,-0.6570436895025658,0.11362877111891989,-1.7803092625337604,False,3.963543056212763,44,20,1.0,8
2STEP-VF,9,2,4.650660564899201,-0.6671464623705716,0.0672499549456385,-0.27180741467710856,False,5.775341033924213,44,20,1.0,9
2STEP-VF,9,2,4.652396880749566,-0.6572655235032167,0.08626568977155341,-0.9039210034370158,False,5.304400638100918,44,20,1.0,10
2STEP-VF,9,2,4.63001475752729,-0.6571064879475023,0.08774973769315765,-0.9531351496554026,False,3.743803563603603,44,20,1.0,11
2STEP-VF,9,2,4.640544415748723,-0.6596058267289919,0.08455168409438364,-0.8441672419257731,False,5.956975584756602,44,20,1.0,12
2STEP-VF,9,2,4.615680974375024,-0.6537528097652621,0.11163143789709841,-1.7262584108080197,False,4.269162170048925,44,20,1.0,13
2STEP-VF,9,2,4.672426133325341,-0.6441846001949414,0.08252503278218096,-0.8144124405624114,False,3.840837699952884,44,20,1.0,14
2STEP-VF,9,2,4.645552537631855,-0.6672813306341239,0.08894805327352072,-0.966129358972855,False,5.973496909811651,44,20,1.0,15
2STEP-VF,9,2,4.682877517479921,-0.6647947409673812,0.07735270551563268,-0.5988065471297364,False,11.414395569036682,44,20,1.0,16
2STEP-VF,9,2,4.656795382515739,-0.6681887329077613,0.0910433929304926,-1.0303278918461922,False,3.698563843012583,44,20,1.0,17
2STEP-VF,9,2,4.655050237460246,-0.6785788907813651,0.10094250305739498,-1.3222677457137493,False,3.553009945386324,44,20,1.0,18
2STEP-VF,9,2,4.663299523772431,-0.6533422525969425,0.06146222736499815,-0.11897189802093355,False,4.743677934147492,44,20,1.0,19
2STEP-VF,9,2,4.663240904071611,-0.6858983680501658,0.06744312214944408,-0.2322293712175163,False,4.8024191036488775,44,20,1.0,20
2STEP-VF,9,2,4.66187320286492,-0.6575617924039654,0.08726246273994645,-0.9345381137368749,False,8.282033575837081,44,20,1.0,21
2STEP-VF,9,2,4.658509533139174,-0.6644205367359745,0.081355714749954,-0.7292630118438392,False,5.102098537714193,44,20,1.0,22
2STEP-VF,9,2,4.650119273260935,-0.6717720112103645,0.08433672701871424,-0.8075152812983255,False,3.692399466836479,44,20,1.0,23
2STEP-VF,9,2,4.658918147225117,-0.6765571462863453,0.061714370731452736,-0.0715876234857522,False,4.880646407867367,44,20,1.0,24
2STEP-VF,9,2,4.634393246424163,-0.6726873311731144,0.08844082108019904,-0.9375930849654457,False,3.795299292411691,44,20,1.0,25
2STEP-VF,9,2,4.6332121043992,-0.6747621605518787,0.09938505127274021,-1.2828997291392268,False,4.990564926944527,44,20,1.0,26
2STEP-VF,9,2,4.666237833092262,-0.6737537507873275,0.06014595636928475,-0.0276873319419908,False,4.991177508210663,44,20,1.0,27
2STEP-VF,9,2,4.684628879476713,-0.6762306254344871,0.06450001765366932,-0.15996933110604705,False,4.579587552000022,44,20,1.0,28
2STEP-VF,9,2,4.679358168733483,-0.6711904229575361,0.06909097156349378,-0.3192925848097059,False,7.211790808646089,44,20,1.0,29
2STEP-VF,9,2,4.634629532756339,-0.652441239538225,0.09119976755551792,-1.0744558149194536,False,4.721776800179083,44,20,1.0,30
2STEP-VF,9,2,4.645561772522524,-0.6446463594374334,0.0872785937494735,-0.9670300309819608,False,4.027158858967154,44,20,1.0,31
2STEP-VF,9,2,4.674114816677018,-0.6583450851823587,0.0748102794080719,-0.5334538476200195,False,5.070013602970292,44,20,1.0,32
2STEP-VF,9,2,4.642706277105421,-0.670647569063141,0.0807094610615047,-0.6945862115902872,False,6.412085167370969,44,20,1.0,33
2STEP-VF,9,2,4.619724678402588,-0.6592387510319987,0.08235443028733494,-0.7759852860137664,False,5.160299661223351,44,20,1.0,34
2STEP-VF,9,2,4.672217027153517,-0.6781620223801569,0.056975460701901334,0.08470713288074427,False,6.5733187832628746,44,20,1.0,35
2STEP-VF,9,2,4.6384268376040785,-0.6658270677402367,0.07680331015795737,-0.5814153522218235,False,5.090844112991086,44,20,1.0,36
2STEP-VF,9,2,4.634306033708497,-0.6786596982420577,0.08151410239302359,-0.7016096387733068,False,5.715191866424211,44,20,1.0,37
2STEP-VF,9,2,4.670482761263067,-0.654326345881296,0.07022929243676641,-0.39672516218563136,False,4.077494693805832,44,20,1.0,38
2STEP-VF,9,2,4.650398417890341,-0.6600738816101172,0.07345644775382719,-0.4874051071847689,False,4.251958385609098,44,20,1.0,39
2STEP-VF,9,2,4.657124772059777,-0.658916831655392,0.11600894793760244,-1.8514584517067516,False,3.2425990587109377,44,20,1.0,40
2STEP-VF,9,2,4.648526561867585,-0.651568680502736,0.05975540339929777,-0.06949648185890767,False,5.423808842945239,44,20,1.0,41
2STEP-VF,9,2,4.647147076603922,-0.653787950388108,0.11057195722316727,-1.6903827256136592,False,3.924572179503968,44,20,1.0,42
2STEP-VF,9,2,4.638801621683427,-0.6609609516496647,0.07902080990324188,-0.6640315356435398,False,4.338588395140186,44,20,1.0,43
2STEP-VF,9,2,4.66162274529987,-0.6573433687666682,0.07418411044941928,-0.5165700846234214,False,4.295030452455407,44,20,1.0,44
2STEP-VF,9,2,4.642867106769217,-0.6677094485843604,0.0959476440786867,-1.189249907509357,False,5.105795394218031,44,20,1.0,45
2STEP-VF,9,2,4.690953651337753,-0.6755388632676695,0.05800579838890574,0.04656494247768794,False,5.2051911302863525,44,20,1.0,46
2STEP-VF,9,2,4.651213279654185,-0.6601232206378069,0.07545831915321351,-0.5512976865928452,False,3.8065118785778007,44,20,1.0,47
2STEP-VF,9,2,4.643404143369424,-0.663703925693438,0.08306952995984164,-0.7867312884485165,False,3.8185321782068575,44,20,1.0,48
2STEP-VF,9,2,4.6483487581889085,-0.6815084396833664,0.09812827284694985,-1.225583550370982,False,4.608875552396505,44,20,1.0,49
2STEP-VF,9,2,4.658297164141842,-0.672644290182153,0.07855817648464493,-0.6200175212229606,False,4.229479247243978,44,20,1.0,50
2STEP-VF,9,2,4.649952625674612,-0.6557304857466905,0.07396123411916015,-0.5140091684805914,False,3.4895897129548787,44,20,1.0,51
2STEP-VF,9,2,4.668620920101703,-0.6653067987733926,0.0553241439629333,0.10648096544837826,False,4.1893736829619534,44,20,1.0,52
2STEP-VF,9,2,4.6465667910484205,-0.668327280648315,0.07436522060092392,-0.49690757821070464,False,3.445128400899716,44,20,1.0,53
2STEP-VF,9,2,4.639920279784644,-0.6635117601382199,0.07931560857072413,-0.6672760331443663,False,4.830939742646899,44,20,1.0,54
2STEP-VF,9,2,4.668197061907866,-0.6613434278546306,0.0604612314358216,-0.06744335538070634,False,5.158099607989494,44,20,1.0,55
2STEP-VF,9,2,4.666326424801171,-0.6435120391911724,0.07038714490320028,-0.4279801573555253,False,5.407793547388544,44,20,1.0,56
2STEP-VF,9,2,4.654904816381298,-0.6657944822513556,0.05756507161519536,0.03511875469987924,False,4.633976792518185,44,20,1.0,57
2STEP-VF,9,2,4.646567806338117,-0.6602822007726585,0.0817699504838962,-0.7531670652500113,False,4.180834568806016,44,20,1.0,58
2STEP-VF,9,2,4.664105245274233,-0.6554948386188333,0.06658678186629167,-0.2777430923196802,False,4.901104457003145,44,20,1.0,59
2STEP-VF,9,2,4.655850647439608,-0.6684795289039912,0.08433395238454043,-0.8149845680893388,False,4.33013626114158,44,20,1.0,60
2STEP-VF,9,2,4.6743761461897,-0.6509673109462337,0.07188409730268998,-0.4575069986437368,False,8.292706814491575,44,20,1.0,61
2STEP-VF,9,2,4.640372272110891,-0.6724960490872792,0.07703398033122219,-0.5726745164629872,False,5.926978237180695,44,20,1.0,62
2STEP-VF,9,2,4.655588312021334,-0.6545347995908622,0.059728595116922266,-0.06109622600216347,False,4.414763930789467,44,20,1.0,63
2STEP-VF,9,2,4.664227374581074,-0.6712030790693422,0.0744707645360065,-0.49232343291092295,False,6.024691533220722,44,20,1.0,64
2STEP-VF,9,2,4.660366259433899,-0.6535773049843007,0.057705779396699686,0.0016225668339651111,False,4.4022248596316675,44,20,1.0,65
2STEP-VF,9,2,4.644644670128463,-0.6588723007676259,0.08861147247245699,-0.975594917068614,False,4.267834869676473,44,20,1.0,66
2STEP-VF,9,2,4.663930725051109,-0.6683718627755715,0.06503278163728864,-0.19712069822879874,False,4.095218898577853,44,20,1.0,67
2STEP-VF,9,2,4.653745980660821,-0.6659366410044927,0.07497425123309959,-0.5217033422087556,False,4.546380615085399,44,20,1.0,68
2STEP-VF,9,2,4.660380445085008,-0.675426093187277,0.07715384166812472,-0.5682774830254265,False,3.632338642067076,44,20,1.0,69
2STEP-VF,9,2,4.671964621868305,-0.653448722237341,0.07124825757688825,-0.4313494317787081,False,7.227535768148794,44,20,1.0,70
2STEP-VF,9,2,4.644704614973618,-0.6649932376255885,0.08824161783205078,-0.9490657234257962,False,4.06320645474738,44,20,1.0,71
2STEP-VF,9,2,4.650843997580486,-0.6674527933278477,0.08025490032521193,-0.6872194665651188,False,4.965304974263472,44,20,1.0,72
2STEP-VF,9,2,4.658953341846411,-0.6715852522859628,0.07665292693286667,-0.5615518558546384,False,4.742017606660872,44,20,1.0,73
2STEP-VF,9,2,4.630370052291563,-0.668574480499861,0.1046521155432473,-1.4664667410467542,False,4.057798993771313,44,20,1.0,74
2STEP-VF,9,2,4.6259488024286455,-0.6476718140618903,0.08464879331208489,-0.8767921040924613,False,6.110767572823063,44,20,1.0,75
2STEP-VF,9,2,4.646769463033476,-0.6624954680809415,0.07266889391039161,-0.4566093139562637,False,4.304484941383652,44,20,1.0,76
2STEP-VF,9,2,4.665863401439396,-0.6605335792857668,0.06398569464033656,-0.18230983411856605,False,5.186321296955479,44,20,1.0,77
2STEP-VF,9,2,4.6635090533535255,-0.6638523318126356,0.06409111466515885,-0.1778595297335468,False,5.1347897139060095,44,20,1.0,78
2STEP-VF,9,2,4.6635109250920985,-0.6728228089624771,0.07546186635647185,-0.5201943263916287,False,9.186087223134026,44,20,1.0,79
2STEP-VF,9,2,4.641027559048607,-0.6805275789378268,0.08238833144692109,-0.7246987633077748,False,3.7067238486780796,44,20,1.0,80
2STEP-VF,9,2,4.671280309382679,-0.6694796251509062,0.06736680718335436,-0.2687099109422044,False,8.274130459555291,44,20,1.0,81
2STEP-VF,9,2,4.656731520751585,-0.6526664687354021,0.07432020264028928,-0.5324430682791972,False,4.160801761040892,44,20,1.0,82
2STEP-VF,9,2,4.664654717255399,-0.6928847754412978,0.05395361587375777,0.21628703613418931,False,5.077202895806381,44,20,1.0,83
2STEP-VF,9,2,4.661970685101508,-0.6505388382842101,0.08224179937275126,-0.7907261269398462,False,4.8375776412230245,44,20,1.0,84
2STEP-VF,9,2,4.659901758263771,-0.6816512066747241,0.09827302229182681,-1.229179711823295,False,4.042504366247056,44,20,1.0,85
2STEP-VF,9,2,4.651786517018854,-0.6469189399037844,0.08310457986398513,-0.8276339088573108,False,4.740820951532472,44,20,1.0,86
2STEP-VF,9,2,4.6518806695370705,-0.6629049863356229,0.07510102382786418,-0.5331479551139351,False,6.560445849969369,44,20,1.0,87
2STEP-VF,9,2,4.633026248587487,-0.6637676623842974,0.06868813013254986,-0.3269961996040329,False,4.287574184151579,44,20,1.0,88
2STEP-VF,9,2,4.6610110738803305,-0.6446855900535092,0.09225982781150467,-1.125408409406908,False,4.147238559933318,44,20,1.0,89
2STEP-VF,9,2,4.686518299717128,-0.6529734539648497,0.07120428382007057,-0.43020969474359183,False,7.728067808641127,44,20,1.0,90
2STEP-VF,9,2,4.624073565176504,-0.6629948208050302,0.0887125239431771,-0.9701687823390046,False,5.959982852969013,44,20,1.0,91
2STEP-VF,9,2,4.672757091737522,-0.6759340838102548,0.05646205666636655,0.09582141332513272,False,4.664966046380015,44,20,1.0,92
2STEP-VF,9,2,4.637900709003191,-0.6739267603212087,0.07168182240058783,-0.39812004950771884,False,4.787676103079336,44,20,1.0,93
2STEP-VF,9,2,4.64865587306942,-0.6636825982671629,0.0885355488194833,-0.9613799739981101,False,4.620896308824809,44,20,1.0,94
2STEP-VF,9,2,4.665217478326563,-0.6673625594809,0.07282692523340387,-0.44887841601517064,False,4.581958840797091,44,20,1.0,95
2STEP-VF,9,2,4.640464464217009,-0.6771136809529946,0.06906912373131943,-0.30671125726201476,False,4.325941268432658,44,20,1.0,96
2STEP-VF,9,2,4.656742232673141,-0.6857733934770717,0.07076486556714551,-0.33921501984329616,False,3.961320045844415,44,20,1.0,97
2STEP-VF,9,2,4.649560689271551,-0.6605712940360373,0.08264018385743904,-0.7801411363952673,False,4.835789701870612,44,20,1.0,98
2STEP-VF,9,2,4.66692244933599,-0.6590959522425935,0.09577945431846746,-1.2030969058485759,False,3.3363892212058417,44,20,1.0,99
2STEP-VF,9,2,3.449526579786162,-0.2787091962181817,0.027892506036527917,-2.6943671069647683,False,5.916059068763359,36,40,1.0,0
2STEP-VF,9,2,3.4486241740163033,-0.30540778526695267,0.020468870283034703,-1.680119261146778,False,4.350625248220138,36,40,1.0,1
2STEP-VF,9,2,3.435826987586913,-0.29881585905029606,0.029670039307402907,-2.8744573503716477,False,6.416976791381909,36,40,1.0,2
2STEP-VF,9,2,3.450973896901178,-0.29277506117712415,0.018897551944999896,-1.5091680683208186,False,4.420384959565514,36,40,1.0,3
2STEP-VF,9,2,3.4326206096359337,-0.29097808340081577,0.015553888340126852,-1.0865930707961238,False,4.463083422611766,36,40,1.0,4
2STEP-VF,9,2,3.424101483833704,-0.2867023186991335,0.021363710219922397,-1.8410232542421245,False,7.476556273648227,36,40,1.0,5
2STEP-VF,9,2,3.419108406843666,-0.2865707402491881,0.02263529412690794,-2.0044013672355456,False,5.9520430705650496,36,40,1.0,6
2STEP-VF,9,2,3.4113063534054855,-0.290629896551962,0.024165993220084767,-2.1910569992418134,False,7.435351011355622,36,40,1.0,7
2STEP-VF,9,2,3.4238693498698836,-0.28959243261601214,0.02341852183504806,-2.09711679561553,False,6.797956628361778,36,40,1.0,8
2STEP-VF,9,2,3.415295322712504,-0.28801813803651366,0.025019041665830303,-2.306276082575897,False,8.060459284985221,36,40,1.0,9
2STEP-VF,9,2,3.4251694759567997,-0.2772799546048926,0.03772457154376679,-3.9577630979929994,False,6.821674589733555,36,40,1.0,10
2STEP-VF,9,2,3.461253604928823,-0.2786930943157632,0.018691406765511096,-1.5159614233318597,False,12.86318415883707,36,40,1.0,11
2STEP-VF,9,2,3.4516167280251717,-0.28491340511488156,0.012344929115614458,-0.689261750841425,False,5.413092751634285,36,40,1.0,12
2STEP-VF,9,2,3.4286232201383293,-0.28626615784592896,0.023309198895339247,-2.090821286564895,False,12.993713201237563,36,40,1.0,13
2STEP-VF,9,2,3.4326063997895617,-0.2881105345856805,0.020264923417199605,-1.696488530408543,False,5.5067271327847065,36,40,1.0,14
2STEP-VF,9,2,3.4101290606392034,-0.2888847920364811,0.024038873783186452,-2.17904459972196,False,6.33179528182223,36,40,1.0,15
2STEP-VF,9,2,3.438530626368775,-0.2693721188541965,0.04749166778515456,-5.226128553667587,False,3.9025261477796445,36,40,1.0,16
2STEP-VF,9,2,3.4372509657406716,-0.2965155968524674,0.030402716307316575,-2.9736751969461603,False,4.596615089725922,36,40,1.0,17
2STEP-VF,9,2,3.439871654662702,-0.2920914871510006,0.0356177049993415,-3.6516543714735494,False,5.701274147980136,36,40,1.0,18
2STEP-VF,9,2,3.454983723627727,-0.29080561782344416,0.011143859598701143,-0.521181522439817,False,5.3705560602200695,36,40,1.0,19
2STEP-VF,9,2,3.4504879470974164,-0.29138840357700846,0.025574140376984546,-2.3671285228433576,False,6.542867915757061,36,40,1.0,20
2STEP-VF,9,2,3.4301759791344506,-0.283652331964045,0.02685820281495464,-2.5512738048524195,False,7.628160824787651,36,40,1.0,21
2STEP-VF,9,2,3.4292154798735095,-0.26901088478738516,0.011136912628914718,-0.5741457642189491,False,4.650434280074605,36,40,1.0,22
2STEP-VF,9,2,3.4421000316919805,-0.281274376664125,0.022983746646185146,-2.0603350648162806,False,15.946052612845483,36,40,1.0,23
2STEP-VF,9,2,3.4352792567467927,-0.2783581852132829,0.020419024252368124,-1.7394587043864336,False,6.773622980552904,36,40,1.0,24
2STEP-VF,9,2,3.4025308006518737,-0.2802385293693858,0.026680558202052035,-2.538387131337023,False,7.263508057243941,36,40,1.0,25
2STEP-VF,9,2,3.4549302840292517,-0.28716577097312573,0.01798253606483224,-1.4052709489212705,False,6.332350731059588,36,40,1.0,26
2STEP-VF,9,2,3.403323865059784,-0.28974679660766256,0.025121126078807326,-2.3159123943253617,False,7.2085140490994934,36,40,1.0,27
2STEP-VF,9,2,3.440895389127364,-0.2846051630498354,0.023243841181858717,-2.0857055566106695,False,4.834206713399727,36,40,1.0,28
2STEP-VF,9,2,3.422304535652224,-0.2982764683122558,0.021303091361797484,-1.8055938982215312,False,6.860824331029267,36,40,1.0,29
2STEP-VF,9,2,3.4460921245061433,-0.28459105036935567,0.04100080387722985,-4.358318847928599,False,4.15694641988161,36,40,1.0,30
2STEP-VF,9,2,3.449649202742079,-0.28189834663507124,0.021735747474014893,-1.898640692585211,False,9.531536044543753,36,40,1.0,31
2STEP-VF,9,2,3.4197502670166795,-0.28941527413042806,0.026764218458564297,-2.526038288762203,False,10.519855200103223,36,40,1.0,32
2STEP-VF,9,2,3.4181984039831086,-0.29588782639802697,0.02592345992199105,-2.402980182420604,False,5.456862616367183,36,40,1.0,33
2STEP-VF,9,2,3.4310956644647344,-0.27419076242133705,0.026352113030582217,-2.5091468982354317,False,5.928370956518862,36,40,1.0,34
2STEP-VF,9,2,3.449337897857275,-0.2922077933478502,0.024272223995767984,-2.198585693552026,False,5.474800593144082,36,40,1.0,35
2STEP-VF,9,2,3.429295002773963,-0.29066764179968946,0.025493185486471524,-2.3597677017826637,False,7.292585112967184,36,40,1.0,36
2STEP-VF,9,2,3.4364251191970787,-0.2876549768180786,0.02502741679524761,-2.306951898276482,False,7.885823259491961,36,40,1.0,37
2STEP-VF,9,2,3.4633637189417263,-0.28917837118055956,0.010596457775389475,-0.45451668128000655,False,5.1071816469048,36,40,1.0,38
2STEP-VF,9,2,3.435034225693043,-0.28775415168743335,0.02278978387938428,-2.020380318969766,False,8.251072399297497,36,40,1.0,39
2STEP-VF,9,2,3.437703500057612,-0.2900209194941511,0.027117524142503322,-2.568730673451007,False,4.930702654029461,36,40,1.0,40
2STEP-VF,9,2,3.460502723899337,-0.3205929847072107,0.015325474525088305,-0.9846074124800376,False,5.086634838446169,36,40,1.0,41
2STEP-VF,9,2,3.450446481348663,-0.28714256593663134,0.019596330916901713,-1.6121614102345847,False,7.170547929507536,36,40,1.0,42
2STEP-VF,9,2,3.425761404051342,-0.2899333955527255,0.02502072187837814,-2.301266566862781,False,8.042488201280763,36,40,1.0,43
2STEP-VF,9,2,3.431985218533284,-0.2964986796343485,0.019547374260373552,-1.5845479610933815,False,6.492507931993273,36,40,1.0,44
2STEP-VF,9,2,3.4339367320464196,-0.2846999192789243,0.02434785689599707,-2.2272096724954222,False,5.476190177185675,36,40,1.0,45
2STEP-VF,9,2,3.4353810210927205,-0.27959671788337404,0.021849202796475484,-1.9195429737632015,False,11.732050436720412,36,40,1.0,46
2STEP-VF,9,2,3.451183456437322,-0.2811595068006913,0.031075349825724415,-3.0957909539848276,False,7.139904641963958,36,40,1.0,47
2STEP-VF,9,2,3.446678499939445,-0.29249512324285654,0.016941123306872172,-1.259674777500416,False,5.14024490794408,36,40,1.0,48
2STEP-VF,9,2,3.4247376508676783,-0.28659470757095823,0.014974292166518492,-1.023397840092007,False,5.414865593874554,36,40,1.0,49
2STEP-VF,9,2,3.4366817988989276,-0.3045883011996935,0.02215011772339802,-1.898002237781747,False,5.354191655133478,36,40,1.0,50
2STEP-VF,9,2,3.4502526571320336,-0.284936282715945,0.023403545650155424,-2.1047916052737046,False,5.707134912839385,36,40,1.0,51
2STEP-VF,9,2,3.4582358776754774,-0.2854343353719339,0.017387637019283714,-1.3330809809151458,False,6.417993056639173,36,40,1.0,52
2STEP-VF,9,2,3.402948773034621,-0.2843610425800079,0.030455357894669785,-3.0116423819436373,False,6.0408938001716495,36,40,1.0,53
2STEP-VF,9,2,3.433364540843881,-0.29063106962952484,0.02475351962568902,-2.264934072526703,False,9.639616070938656,36,40,1.0,54
2STEP-VF,9,2,3.43630085780654,-0.2789471739450715,0.03294476203909692,-3.341278272067843,False,4.647246326842412,36,40,1.0,55
2STEP-VF,9,2,3.4494521861968623,-0.2852126089242611,0.022154683958555944,-1.944322154105123,False,8.406656718513409,36,40,1.0,56
2STEP-VF,9,2,3.4267138406419844,-0.2719460752720656,0.02161176564125624,-1.9080325909893228,False,7.874653071165876,36,40,1.0,57
2STEP-VF,9,2,3.4349177956263017,-0.2948518207818326,0.023562222894837424,-2.102225092925215,False,5.273884296100748,36,40,1.0,58
2STEP-VF,9,2,3.4399068120973557,-0.2835614937202551,0.02868342375957731,-2.784536247571443,False,7.611332331422668,36,40,1.0,59
2STEP-VF,9,2,3.436256459934476,-0.29116713735576794,0.024382222977096024,-2.21594802381838,False,6.879076629232555,36,40,1.0,60
2STEP-VF,9,2,3.444841345825146,-0.2849736993474242,0.017323934065912094,-1.3268362012534216,False,6.537001881650822,36,40,1.0,61
2STEP-VF,9,2,3.433378178876242,-0.2861289613425984,0.021062033706675847,-1.8032281164996982,False,5.3137103116274975,36,40,1.0,62
2STEP-VF,9,2,3.460434717344183,-0.27639540151484626,0.03847845258414381,-4.054266884094127,False,4.219327848848305,36,40,1.0,63
2STEP-VF,9,2,3.4304643454064023,-0.281318380269262,0.03205221698801513,-3.2216918010953246,False,5.9671908414814885,36,40,1.0,64
2STEP-VF,9,2,3.445228992420875,-0.28468438319022826,0.028429531946900483,-2.7490238300014624,False,7.967564011440705,36,40,1.0,65
2STEP-VF,9,2,3.4250372281440495,-0.27522091403578913,0.026591324514755755,-2.5376571105142007,False,5.198272235086113,36,40,1.0,66
2STEP-VF,9,2,3.428799149047452,-0.29760742472490737,0.020887851182381043,-1.7536591830621493,False,5.223498655728306,36,40,1.0,67
2STEP-VF,9,2,3.431553654213371,-0.28831644003337603,0.026099856675188108,-2.442928979091174,False,5.795625985670573,36,40,1.0,68
2STEP-VF,9,2,3.4143680978390227,-0.2885274665094168,0.03801110797593948,-3.9680938154273124,False,4.2012638381474465,36,40,1.0,69
2STEP-VF,9,2,3.4534221042234488,-0.28351666023669114,0.04260805719652354,-4.566186010333548,False,5.396615352567952,36,40,1.0,70
2STEP-VF,9,2,3.443929111159838,-0.2950684601661631,0.013769698481341082,-0.8477213545432772,False,4.792147977044597,36,40,1.0,71
2STEP-VF,9,2,3.4309953943498392,-0.28341748338107847,0.0171307655859528,-1.3066763112263802,False,6.737760100002018,36,40,1.0,72
2STEP-VF,9,2,3.4348602624563522,-0.28534085301541473,0.02294757773330918,-2.046380286879199,False,4.706312934682475,36,40,1.0,73
2STEP-VF,9,2,3.4409462917970113,-0.27689470905494795,0.028946186871371144,-2.8341078402958115,False,6.659464360452913,36,40,1.0,74
2STEP-VF,9,2,3.442966419880352,-0.27858046722928126,0.018160568114731653,-1.449381612142556,False,6.5847917746679565,36,40,1.0,75
2STEP-VF,9,2,3.433595439459011,-0.28319341513943674,0.023325514946439314,-2.099985990442044,False,5.669625944866257,36,40,1.0,76
2STEP-VF,9,2,3.458347786561272,-0.29592576188374475,0.012962334373669188,-0.7414561041149929,False,5.212696927699549,36,40,1.0,77
2STEP-VF,9,2,3.414367890227762,-0.2796854165203786,0.013076760358018129,-0.7977182527637466,False,4.834318854975286,36,40,1.0,78
2STEP-VF,9,2,3.4461142326125014,-0.28463321475496745,0.020834850394265993,-1.7769742810973757,False,6.1850644307802485,36,40,1.0,79
2STEP-VF,9,2,3.410001393475931,-0.277965401502674,0.0241024057103726,-2.2133908837127203,False,4.620355920014686,36,40,1.0,80
2STEP-VF,9,2,3.4325481034778633,-0.2847872789657299,0.03593336451481658,-3.7100283021700995,False,4.612113105138917,36,40,1.0,81
2STEP-VF,9,2,3.4467467088188184,-0.2888074598795401,0.029476851289445244,-2.8730942588089667,False,6.363899557788742,36,40,1.0,82
2STEP-VF,9,2,3.4235533083799523,-0.2874436821236633,0.03269101397323313,-3.289171752974253,False,5.774165119170225,36,40,1.0,83
2STEP-VF,9,2,3.435261605218489,-0.28781693885041515,0.02367572040494863,-2.1336158622793198,False,8.500587667520483,36,40,1.0,84
2STEP-VF,9,2,3.45283685940043,-0.28262932431632776,0.020577883655815667,-1.7484885180211935,False,6.478465298493077,36,40,1.0,85
2STEP-VF,9,2,3.416406849036451,-0.2932553486297805,0.021886374602632812,-1.8926587014833403,False,7.038739659439677,36,40,1.0,86
2STEP-VF,9,2,3.446894750699728,-0.2853380228829698,0.013579695723424238,-0.8465761126371918,False,5.621049468303992,36,40,1.0,87
2STEP-VF,9,2,3.450225332232265,-0.28613258353910753,0.020814205979168974,-1.7704866449058352,False,9.244738869761868,36,40,1.0,88
2STEP-VF,9,2,3.465510251974397,-0.28396274598524707,0.010695750315876686,-0.47961483494915935,False,5.588194406031019,36,40,1.0,89
2STEP-VF,9,2,3.4370081243258954,-0.3010526858802128,0.01748562385398585,-1.3094129197381248,False,6.040942935164745,36,40,1.0,90
2STEP-VF,9,2,3.455985660821901,-0.2919380757282293,0.0200729118305414,-1.6613221929122353,False,6.2875168051375265,36,40,1.0,91
2STEP-VF,9,2,3.4466326113422467,-0.2790725161510346,0.021916723774830327,-1.9287686477352644,False,5.575334801551924,36,40,1.0,92
2STEP-VF,9,2,3.4471882655290957,-0.28874286930066195,0.020484014446487328,-1.7221396668970441,False,6.192881129808219,36,40,1.0,93
2STEP-VF,9,2,3.435239096862559,-0.2674169860346464,0.035896456381557564,-3.746831304544464,False,4.904528940232924,36,40,1.0,94
2STEP-VF,9,2,3.403495543783612,-0.2730423234739396,0.034225127988860696,-3.5213050736096982,False,5.229064836806984,36,40,1.0,95
2STEP-VF,9,2,3.441177443872797,-0.2800377569683333,0.013844195424660068,-0.8934957510001215,False,6.192123994751963,36,40,1.0,96
2STEP-VF,9,2,3.4592227473412214,-0.2842346270207786,0.005685387311105537,0.16198689386883303,False,5.517633595655514,36,40,1.0,97
2STEP-VF,9,2,3.409055642268439,-0.3058208384092394,-0.0018964896704082377,1.1812640285305354,False,4.151162059919354,36,40,1.0,98
2STEP-VF,9,2,3.421140794990371,-0.28910678523722205,0.020721927371113707,-1.7532819712337997,False,5.798737406853646,36,40,1.0,99
2STEP-VF,9,2,5.305321361273722,-0.4005666189807089,0.059826091863438624,-6.378060591290021,False,5.000814483124335,40,40,1.0,0
2STEP-VF,9,2,5.331572999829669,-0.37330470314712305,0.027969893027566334,-2.3643206399856163,False,8.535530612942972,40,40,1.0,1
2STEP-VF,9,2,5.30382415325527,-0.381244781107687,0.03372073144507006,-3.083036701115204,False,4.9361988424290315,40,40,1.0,2
2STEP-VF,9,2,5.319496790172877,-0.39516617926283387,0.027575687728734897,-2.262119391636894,False,8.350065718139666,40,40,1.0,3
2STEP-VF,9,2,5.32566128140477,-0.39270911802359176,0.023405613674342993,-1.733876990174997,False,6.479278207256134,40,40,1.0,4
2STEP-VF,9,2,5.348740031336052,-0.38761598502355893,0.009261320893226269,0.06575369160374178,False,4.371440579902383,40,40,1.0,5
2STEP-VF,9,2,5.324345480189189,-0.3919485318055641,0.015283993711713127,-0.6962139899545756,False,5.1218422066786395,40,40,1.0,6
2STEP-VF,9,2,5.333961149295848,-0.4011066338594728,-0.011307654446857574,2.730073359418255,False,4.674861565254318,40,40,1.0,7
2STEP-VF,9,2,5.291875732313055,-0.3829228676726467,0.03291804304640262,-2.976982083586401,False,4.661403204460869,40,40,1.0,8
2STEP-VF,9,2,5.311844045479897,-0.3804427513156761,0.04458301655610801,-4.47485287329541,False,5.607823174821595,40,40,1.0,9
2STEP-VF,9,2,5.346487993584965,-0.3873287890131179,0.03290411059142317,-2.9613477824555856,False,5.897400762577616,40,40,1.0,10
2STEP-VF,9,2,5.348905769155233,-0.38867596170599134,0.024743355320678336,-1.9133928268031348,False,10.896453726857631,40,40,1.0,11
2STEP-VF,9,2,5.333035922701048,-0.37672696589586563,0.029551449227180844,-2.5584586275670085,False,10.093191529004901,40,40,1.0,12
2STEP-VF,9,2,5.3181667656752145,-0.4014808837810699,0.018921426232641175,-1.1392984307629903,False,6.010840200791482,40,40,1.0,13
2STEP-VF,9,2,5.303763976837185,-0.38051427186706216,0.028058970609186076,-2.3600881468846384,False,9.272554247850197,40,40,1.0,14
2STEP-VF,9,2,5.3339121168659505,-0.3792392190462786,0.007438178814494286,0.27812196446775683,False,5.068878196733688,40,40,1.0,15
2STEP-VF,9,2,5.285470124297908,-0.3961784345381364,0.028157137669203473,-2.3361571713086438,False,9.795159861724086,40,40,1.0,16
2STEP-VF,9,2,5.300654303419583,-0.4036643534400652,0.018596868549476616,-1.093565467871676,False,7.780566454738374,40,40,1.0,17
2STEP-VF,9,2,5.314990304886248,-0.3931868708193188,0.03651906346722008,-3.411892215544631,False,5.353593553655267,40,40,1.0,18
2STEP-VF,9,2,5.289247592558059,-0.38110244947096383,0.024442943635724534,-1.8966960510889446,False,8.807330436784893,40,40,1.0,19
2STEP-VF,9,2,5.296132677049876,-0.4108205814625515,0.041090148253020035,-3.955801620253449,False,4.93694152874366,40,40,1.0,20
2STEP-VF,9,2,5.31773032463484,-0.3881739724613865,0.01846637276844285,-1.1130143609752672,False,7.927103662443705,40,40,1.0,21
2STEP-VF,9,2,5.296894492040318,-0.38694708106826786,0.011780403486430183,-0.26140498217680186,False,5.687132948387322,40,40,1.0,22
2STEP-VF,9,2,5.326526903281763,-0.3714697679931665,0.025474641445031445,-2.0496350475835206,False,7.1271596719033505,40,40,1.0,23
2STEP-VF,9,2,5.321711299194333,-0.38044958257793354,0.010830993997952627,-0.1539855555992362,False,4.998376471839697,40,40,1.0,24
2STEP-VF,9,2,5.30775388773283,-0.40783859436416836,0.026077323743684985,-2.040619579453705,False,13.301541983652465,40,40,1.0,25
2STEP-VF,9,2,5.295983091918627,-0.4021777337449664,0.03334072118377991,-2.9846267650207925,False,6.316153388998675,40,40,1.0,26
2STEP-VF,9,2,5.314066527516598,-0.37659843476946064,0.024959848614803985,-1.9721803875972097,False,6.102695559480265,40,40,1.0,27
2STEP-VF,9,2,5.3004084845802435,-0.3832441312597491,0.04414815587894925,-4.4131535284072925,False,5.773540697622301,40,40,1.0,28
2STEP-VF,9,2,5.2735525018757095,-0.38921724491696835,0.028030236648452653,-2.337335753088674,False,5.956628208432512,40,40,1.0,29
2STEP-VF,9,2,5.308640097002583,-0.3905627168307931,0.027572776249252858,-2.2734464336903084,False,5.64790815070127,40,40,1.0,30
2STEP-VF,9,2,5.297482068200679,-0.4039888901875274,0.024122897190347842,-1.800308579822418,False,5.67792530572672,40,40,1.0,31
2STEP-VF,9,2,5.322720606015265,-0.3954495936239956,0.018756692753024384,-1.1324144113286163,False,5.910929429094964,40,40,1.0,32
2STEP-VF,9,2,5.328924301586158,-0.37705374922551266,0.02345864086800824,-1.778041574868656,False,6.823843762394435,40,40,1.0,33
2STEP-VF,9,2,5.295496343067739,-0.39322314924084134,0.02224752710234776,-1.58621813033843,False,5.178536884651568,40,40,1.0,34
2STEP-VF,9,2,5.3173196356441865,-0.3798707961946506,0.029268893176965894,-2.515689237645823,False,4.813535617242219,40,40,1.0,35
2STEP-VF,9,2,5.309692160843222,-0.4145357920245148,0.07016582336162991,-7.667757959779202,False,4.015022543448955,40,40,1.0,36
2STEP-VF,9,2,5.327714917468122,-0.3953478493818568,0.04609240682246348,-4.631330339710783,False,4.8275100751228655,40,40,1.0,37
2STEP-VF,9,2,5.262675709803384,-0.3837538332188246,0.03935926625521301,-3.8012163383538837,False,6.77052835706756,40,40,1.0,38
2STEP-VF,9,2,5.346234216857922,-0.3991181674031564,0.017683466449536823,-0.9848260507616631,False,7.020809776542217,40,40,1.0,39
2STEP-VF,9,2,5.3262025896128975,-0.38887596446267864,0.028457023139133265,-2.3896244917218565,False,5.4407800644519195,40,40,1.0,40
2STEP-VF,9,2,5.304576499468131,-0.38808816473119595,0.00933857265508586,0.05434888547196781,False,4.6867572986220996,40,40,1.0,41
2STEP-VF,9,2,5.3245241719093945,-0.3945648508409688,0.022989388882533202,-1.6762146846313615,False,5.378476353971055,40,40,1.0,42
2STEP-VF,9,2,5.31744081426323,-0.39572260028503414,0.024099326787832567,-1.8159331393026938,False,6.601663108636379,40,40,1.0,43
2STEP-VF,9,2,5.317923259293966,-0.39152569960510847,0.012609602904155168,-0.35529209712196375,False,5.451539044696072,40,40,1.0,44
2STEP-VF,9,2,5.2837058687142635,-0.38397246276760216,0.041974457818806814,-4.134174338042172,False,5.962450875887429,40,40,1.0,45
2STEP-VF,9,2,5.323259689741238,-0.39120958827747554,0.023471661082205712,-1.7460740252719165,False,6.396267710901208,40,40,1.0,46
2STEP-VF,9,2,5.3041406159494935,-0.3907501637868785,0.0243192288997852,-1.8568124691270285,False,5.511431052722908,40,40,1.0,47
2STEP-VF,9,2,5.30743875930156,-0.3968307339497996,0.015403096311556416,-0.700756240841609,False,5.626349575804139,40,40,1.0,48
2STEP-VF,9,2,5.331110918957223,-0.4017442641971453,0.02609219465220134,-2.0557480262711905,False,7.463677165836141,40,40,1.0,49
2STEP-VF,9,2,5.2955846004534655,-0.37939947693710324,0.03157463379041991,-2.8132593044974934,False,7.298090818400489,40,40,1.0,50
2STEP-VF,9,2,5.2825285985376755,-0.3896860390510085,0.04083569442695043,-3.974770677014975,False,5.604779821599092,40,40,1.0,51
2STEP-VF,9,2,5.31833399185911,-0.38825942577755956,0.036892576371355616,-3.47132711415583,False,5.405675261649119,40,40,1.0,52
2STEP-VF,9,2,5.318617530981147,-0.38510272863891426,0.03322968607789168,-3.010036217377873,False,4.1265333629693375,40,40,1.0,53
2STEP-VF,9,2,5.330419059786305,-0.39252829995111466,0.025117835440954684,-1.953189872972347,False,10.408881565366878,40,40,1.0,54
2STEP-VF,9,2,5.2694523326409515,-0.4098976911288373,0.07983723790846704,-8.919244853616117,False,4.3230556532511155,40,40,1.0,55
2STEP-VF,9,2,5.30096929311353,-0.38752046007169727,0.03550517901338307,-3.2965556519541486,False,4.299021041804436,40,40,1.0,56
2STEP-VF,9,2,5.3377625452066235,-0.3812096850995137,0.023023221073396147,-1.711803300443477,False,7.567565604184822,40,40,1.0,57
2STEP-VF,9,2,5.3099018504357485,-0.40201475616098215,0.02984440585793038,-2.5366544240025877,False,9.040248359299957,40,40,1.0,58
2STEP-VF,9,2,5.325819973321331,-0.39715465306484793,0.027171338373412523,-2.205210946041889,False,13.417063500708686,40,40,1.0,59
2STEP-VF,9,2,5.333614769525643,-0.4114846029963273,0.021411061376219682,-1.4330359227933958,False,6.556495440082201,40,40,1.0,60
2STEP-VF,9,2,5.303579759985157,-0.38841241084476774,0.029229361749182,-2.490953732268745,False,7.196120445445743,40,40,1.0,61
2STEP-VF,9,2,5.301749573582187,-0.39095004424670365,0.028384750395377963,-2.37686297000136,False,4.580707449511965,40,40,1.0,62
2STEP-VF,9,2,5.3014425245863865,-0.3852370830850943,0.022014824013155097,-1.5752419228044434,False,5.973745365743731,40,40,1.0,63
2STEP-VF,9,2,5.332360043475143,-0.3825332826704284,0.028878849087725356,-2.4584712022113098,False,8.105877578533626,40,40,1.0,64
2STEP-VF,9,2,5.29918828446702,-0.3998623154352769,0.02674573086536194,-2.1458326966536436,False,9.493983598372987,40,40,1.0,65
2STEP-VF,9,2,5.344101685673593,-0.3632560791788443,0.035191496172474405,-3.3120508189070827,False,5.099543735325546,40,40,1.0,66
2STEP-VF,9,2,5.34413117238064,-0.3910537051548597,0.023761524516314973,-1.7822983753738157,False,9.281973895154765,40,40,1.0,67
2STEP-VF,9,2,5.3083764798715105,-0.4090807219223491,0.03164771747304264,-2.75061151514353,False,7.263071189978434,40,40,1.0,68
2STEP-VF,9,2,5.286058550218898,-0.3784846403556614,0.005485730404167514,0.5233531581332793,False,5.091773104094736,40,40,1.0,69
2STEP-VF,9,2,5.283307616804782,-0.3973699324766939,0.035010519719020285,-3.210660229082245,False,5.939044599932411,40,40,1.0,70
2STEP-VF,9,2,5.30611504548651,-0.40111939303475297,0.023737616114123557,-1.7573614165952185,False,7.173938104173279,40,40,1.0,71
2STEP-VF,9,2,5.312712449018542,-0.38075896688098854,-0.004798969999577779,1.8468524274014408,False,4.204040854839818,40,40,1.0,72
2STEP-VF,9,2,5.28807011500435,-0.384773337305928,0.04077753929175542,-3.978784812910207,False,5.897763751993603,40,40,1.0,73
2STEP-VF,9,2,5.311950447806496,-0.3846956468005616,0.031823869822618055,-2.831468758105374,False,9.80641594564691,40,40,1.0,74
2STEP-VF,9,2,5.333783692811282,-0.4026337760557765,0.029673707654020207,-2.511886495612047,False,8.206654811856847,40,40,1.0,75
2STEP-VF,9,2,5.323472318083305,-0.3872694478397126,0.03256505071982143,-2.919471478236835,False,6.374569407051631,40,40,1.0,76
2STEP-VF,9,2,5.327333258902199,-0.39378782561713954,0.020028317365504825,-1.298893845769351,False,8.040100427061812,40,40,1.0,77
2STEP-VF,9,2,5.337996508797196,-0.3810587138938662,0.02192498117877566,-1.5715768870101745,False,7.14562722326174,40,40,1.0,78
2STEP-VF,9,2,5.326143266345839,-0.40150074575180034,0.02138256687053703,-1.4537981736436691,False,6.075140510843432,40,40,1.0,79
2STEP-VF,9,2,5.324126429860477,-0.39488497042104576,0.027076132879762644,-2.198573493807481,False,8.339004590074882,40,40,1.0,80
2STEP-VF,9,2,5.3662200840957865,-0.4008421597208862,0.017834595047035332,-0.998833777644649,False,8.242481670722626,40,40,1.0,81
2STEP-VF,9,2,5.303065133762691,-0.38814280159830206,0.04088114114993968,-3.9830594353305937,False,5.068360437694021,40,40,1.0,82
2STEP-VF,9,2,5.312056770075432,-0.40367141021363007,0.018704983991387196,-1.1067031601803237,False,6.979460769609243,40,40,1.0,83
2STEP-VF,9,2,5.341722120140552,-0.4053758790636887,0.027656820875412037,-2.2466676350914554,False,7.05193919826992,40,40,1.0,84
2STEP-VF,9,2,5.295687240083738,-0.38794332160380324,0.03438698885839985,-3.15272936762103,False,8.37354006910128,40,40,1.0,85
2STEP-VF,9,2,5.291013130611769,-0.3960449321675497,0.020678834159330188,-1.3789221473554392,False,5.834497394226325,40,40,1.0,86
2STEP-VF,9,2,5.329166436805267,-0.37225519565521004,0.020610523878470198,-1.4249846006633657,False,5.963754023835561,40,40,1.0,87
2STEP-VF,9,2,5.293084114922807,-0.36544169694732764,0.03246197450837566,-2.9604876175031305,False,5.579679149093159,40,40,1.0,88
2STEP-VF,9,2,5.326192381953801,-0.3814267726367363,0.026470355344885083,-2.1532096868998964,False,8.864502624020037,40,40,1.0,89
2STEP-VF,9,2,5.339151579199518,-0.38436083833385104,0.028343179282435314,-2.3851118413985075,False,7.084370886701005,40,40,1.0,90
2STEP-VF,9,2,5.29638558503144,-0.3860640814424846,0.02773879077536128,-2.3062282886823953,False,6.765811333373307,40,40,1.0,91
2STEP-VF,9,2,5.332664790017443,-0.39806223898991155,0.04186365245563512,-4.083238253344462,False,5.035937907666034,40,40,1.0,92
2STEP-VF,9,2,5.329260225351718,-0.3832651439808111,0.022474513560687377,-1.637145776692935,False,7.616253976089933,40,40,1.0,93
2STEP-VF,9,2,5.289910078171232,-0.3989977953511462,0.025260111904978247,-1.9583050103041917,False,7.091750298159087,40,40,1.0,94
2STEP-VF,9,2,5.315860874342544,-0.38817401468698154,0.040642822185653814,-3.9517119520543806,False,5.531935774223065,40,40,1.0,95
2STEP-VF,9,2,5.292030131358459,-0.3977537328146032,0.031048708363454493,-2.7021039038856207,False,7.618501242600386,40,40,1.0,96
2STEP-VF,9,2,5.3066580127515985,-0.3773262366898115,0.036191911746975065,-3.408582254792166,False,4.569579532777936,40,40,1.0,97
2STEP-VF,9,2,5.327663995441698,-0.3762579380933195,0.018483079117934797,-1.143155235945186,False,4.644153649835189,40,40,1.0,98
2STEP-VF,9,2,5.290257300542515,-0.39252094686203653,0.04240724258605923,-4.168661340514143,False,4.580328523986124,40,40,1.0,99
2STEP-VF,9,2,7.596493583124633,-0.5069391054767325,0.027319876277982016,-1.8245006954500629,False,12.303768973454483,44,40,1.0,0
2STEP-VF,9,2,7.626095700805812,-0.5102561118020795,0.020472659091534652,-0.9383199533430964,False,5.704052430497356,44,40,1.0,1
2STEP-VF,9,2,7.6109685578254815,-0.4915227145789694,0.02623666944340035,-1.72198106029619,False,5.436883916155504,44,40,1.0,2
2STEP-VF,9,2,7.621998463836356,-0.4980566127752736,0.023452991068148996,-1.3493270782322346,False,7.144266199864251,44,40,1.0,3
2STEP-VF,9,2,7.600443795579812,-0.4881066987111458,0.002274879499415931,1.3362981287162994,False,5.028609160216657,44,40,1.0,4
2STEP-VF,9,2,7.620640172501149,-0.49890248610940513,0.015222886447924907,-0.29392508832174746,False,4.585582690506075,44,40,1.0,5
2STEP-VF,9,2,7.629494728871387,-0.5142400135020713,0.03353784056782724,-2.600897876544634,False,4.781365066321098,44,40,1.0,6
2STEP-VF,9,2,7.543707978803769,-0.47887781545130925,0.028790962247407657,-2.0833139318568126,False,6.7947692993574895,44,40,1.0,7
2STEP-VF,9,2,7.580485955876203,-0.48457405387038033,0.03516090052365461,-2.8827883803863057,False,7.234554010518731,44,40,1.0,8
2STEP-VF,9,2,7.625364098031288,-0.5001509578405876,0.02706647477751966,-1.8066246268232298,False,8.37468516920287,44,40,1.0,9
2STEP-VF,9,2,7.6206834119284235,-0.5023611253609179,0.011466955702309135,0.19513737568633882,False,4.680246589310655,44,40,1.0,10
2STEP-VF,9,2,7.660867331847189,-0.4953415590850364,0.024050177718498048,-1.4299509662528322,False,6.381831756349737,44,40,1.0,11
2STEP-VF,9,2,7.593856484669079,-0.5110020950915273,0.031663539125363765,-2.370896590746753,False,8.874300567559008,44,40,1.0,12
2STEP-VF,9,2,7.629263873846697,-0.4833699383581168,0.025488553560921962,-1.64469117130773,False,6.383450782409031,44,40,1.0,13
2STEP-VF,9,2,7.607077877894213,-0.5011551847942125,0.03348814206643167,-2.6272850683234923,False,5.977801040577097,44,40,1.0,14
2STEP-VF,9,2,7.632541534046571,-0.4988600205740295,0.001463814659481002,1.4678482650068967,False,4.11795446995537,44,40,1.0,15
2STEP-VF,9,2,7.612454789288222,-0.4981655035785742,0.04522056498015341,-4.135887821513766,False,6.479903171494353,44,40,1.0,16
2STEP-VF,9,2,7.626349095571608,-0.5014563008699541,0.037302280455218516,-3.1136158304457844,False,8.412460760945997,44,40,1.0,17
2STEP-VF,9,2,7.591676877951842,-0.5041476302897469,0.03296173861949298,-2.5536476179225995,False,6.738321354129152,44,40,1.0,18
2STEP-VF,9,2,7.586237019385581,-0.49009777938211385,0.024772402189634293,-1.5394585885929823,False,5.348420932932242,44,40,1.0,19
2STEP-VF,9,2,7.60475311043258,-0.4955246290438538,0.018399749622997782,-0.7096236554125126,False,6.695582006674471,44,40,1.0,20
2STEP-VF,9,2,7.585668644107506,-0.5169081779370432,0.025918307118388224,-1.6218235654583395,False,6.6492644826680865,44,40,1.0,21
2STEP-VF,9,2,7.56461809333099,-0.5037710423147553,0.032927069902801955,-2.551737360403379,False,6.298265897100702,44,40,1.0,22
2STEP-VF,9,2,7.599847630387077,-0.5197016027369498,0.03683362117136502,-3.01142880554282,False,7.5517067085063845,44,40,1.0,23
2STEP-VF,9,2,7.5393323557497975,-0.49838449554925857,0.03300548503135641,-2.576219353350413,False,7.6891183637157186,44,40,1.0,24
2STEP-VF,9,2,7.595567564112075,-0.48242723124403375,0.04614582312099631,-4.293105950655123,False,4.393328197480056,44,40,1.0,25
2STEP-VF,9,2,7.622675622748511,-0.4968151111617809,0.018017206924585215,-0.6564856821937233,False,6.080751317473908,44,40,1.0,26
2STEP-VF,9,2,7.620780296117059,-0.4972133628034781,0.05491950643917164,-5.379137935718601,False,5.78188210877124,44,40,1.0,27
2STEP-VF,9,2,7.638853782145373,-0.4907319628637098,0.02979102598771352,-2.177163388625706,False,7.75782852821679,44,40,1.0,28
2STEP-VF,9,2,7.606457409664834,-0.4984230543051845,0.02979165347683159,-2.1607288701221115,False,6.578759438376378,44,40,1.0,29
2STEP-VF,9,2,7.600360048656075,-0.5065391476728587,0.03400560353858392,-2.6810016956045177,False,6.224763739956106,44,40,1.0,30
2STEP-VF,9,2,7.621605468765916,-0.4948760069326131,0.016339641611583487,-0.44647538151846056,False,4.976653714704267,44,40,1.0,31
2STEP-VF,9,2,7.590605432194666,-0.5042448758142778,0.036438104129330864,-2.998453300668405,False,6.732736626008985,44,40,1.0,32
2STEP-VF,9,2,7.643629939869195,-0.4878993013570332,0.02156742770320514,-1.1310546263612271,False,6.826949237037412,44,40,1.0,33
2STEP-VF,9,2,7.633226068962488,-0.47487383912716186,0.022179885819508673,-1.2413346068541729,False,6.136110507132955,44,40,1.0,34
2STEP-VF,9,2,7.623308100737927,-0.5063850274171271,0.03686584700899029,-3.046105865305377,False,10.522244195044172,44,40,1.0,35
2STEP-VF,9,2,7.637805447447513,-0.49741311148056966,0.0211228108900419,-1.0516599995251457,False,9.228622488690787,44,40,1.0,36
2STEP-VF,9,2,7.581915380709505,-0.5280841399654899,0.045698228669816425,-4.127056410976758,False,4.953253421656142,44,40,1.0,37
2STEP-VF,9,2,7.6174260893073855,-0.5008009153369716,0.03465757169209472,-2.7772014144209503,False,6.328128545606285,44,40,1.0,38
2STEP-VF,9,2,7.635239122607189,-0.4957144004146039,0.027362451726183918,-1.8545649126000618,False,6.31449707276003,44,40,1.0,39
2STEP-VF,9,2,7.627777624888851,-0.49234002111287295,0.02898886524657175,-2.071292043396959,False,12.164537851007445,44,40,1.0,40
2STEP-VF,9,2,7.639457680217203,-0.501408492772834,0.02955944697134266,-2.1218613688640273,False,9.097052881572845,44,40,1.0,41
2STEP-VF,9,2,7.633419455522776,-0.489399902004676,0.030789498609341742,-2.308490889853155,False,4.8280704886205505,44,40,1.0,42
2STEP-VF,9,2,7.632604102450695,-0.4828742365567531,0.028549822081031056,-2.037522812488727,False,5.612661541801383,44,40,1.0,43
2STEP-VF,9,2,7.6606482099250774,-0.4971328012277759,0.017178574375641704,-0.5460999045399717,False,5.008576762162387,44,40,1.0,44
2STEP-VF,9,2,7.591607781307143,-0.49900471538275,0.02177436014927294,-1.1340103153099084,False,6.042217016854358,44,40,1.0,45
2STEP-VF,9,2,7.63279554824504,-0.49832259083500524,0.03158673800222061,-2.389160513385524,False,11.486597477763295,44,40,1.0,46
2STEP-VF,9,2,7.6060212049831195,-0.4999256487329331,0.017415242056303674,-0.5729681539488443,False,5.847632162203621,44,40,1.0,47
2STEP-VF,9,2,7.612497200075218,-0.4935641329951011,0.04254046714108744,-3.8038760428664373,False,9.27535682791754,44,40,1.0,48
2STEP-VF,9,2,7.621882110514207,-0.5066392839212205,0.03339802685967707,-2.6017002299968843,False,5.600418320461867,44,40,1.0,49
2STEP-VF,9,2,7.630853779137944,-0.4817219926950493,0.028886523783394933,-2.0834910350581577,False,9.216005110240301,44,40,1.0,50
2STEP-VF,9,2,7.626223379137831,-0.4907797483548731,-0.000844928144537264,1.743595601300735,False,5.062720007888279,44,40,1.0,51
2STEP-VF,9,2,7.613616812910996,-0.5049590701600347,0.011191306141136989,0.23623159109320824,False,5.546542664403281,44,40,1.0,52
2STEP-VF,9,2,7.638770428617524,-0.5010630707200737,0.01660405850815331,-0.4644418935983956,False,6.090136512196052,44,40,1.0,53
2STEP-VF,9,2,7.658219746922863,-0.5078375951145311,0.02773064206586823,-1.871218771340888,False,7.935306433147988,44,40,1.0,54
2STEP-VF,9,2,7.617100544199593,-0.48864123632203355,0.024783261544724603,-1.542492477899894,False,5.927522765347561,44,40,1.0,55
2STEP-VF,9,2,7.581033752369074,-0.4914402739568331,0.004419923396350713,1.0685684879056525,False,4.439962365988158,44,40,1.0,56
2STEP-VF,9,2,7.622352841675099,-0.5084276861065322,0.02457544467955217,-1.4680893018264953,False,8.122825707577087,44,40,1.0,57
2STEP-VF,9,2,7.629976483318072,-0.5033975659058568,0.05020967124387802,-4.760885172043247,False,4.651759191788489,44,40,1.0,58
2STEP-VF,9,2,7.592313957368491,-0.5007114248806259,0.038352771112994365,-3.251908445307668,False,6.182162136572807,44,40,1.0,59
2STEP-VF,9,2,7.652487781862819,-0.5032428963686674,0.044186997827345705,-3.98900350370368,False,5.056308005942333,44,40,1.0,60
2STEP-VF,9,2,7.64529557163726,-0.4995894704780925,0.02218954913464882,-1.1825298257893917,False,6.5080597108636296,44,40,1.0,61
2STEP-VF,9,2,7.593413172830167,-0.5015960049410493,0.03135470007402343,-2.353966407246672,False,13.98768804434072,44,40,1.0,62
2STEP-VF,9,2,7.621564239925365,-0.4947189845080518,0.001711536875963785,1.4255426970914815,False,5.145009342677717,44,40,1.0,63
2STEP-VF,9,2,7.640425626070654,-0.4925130256210231,0.03155301288358631,-2.3983288500443534,False,8.877805849084565,44,40,1.0,64
2STEP-VF,9,2,7.656937880999991,-0.5066884388987504,0.03762746272634677,-3.140846702755387,False,7.396757002830979,44,40,1.0,65
2STEP-VF,9,2,7.609336608811365,-0.48091630076351116,0.030302380767255152,-2.2679454198475515,False,8.94301532848215,44,40,1.0,66
2STEP-VF,9,2,7.622233501860695,-0.489766817763684,0.028569852703262153,-2.0241667732730733,False,15.739406676053429,44,40,1.0,67
2STEP-VF,9,2,7.618271882343601,-0.5019317433048947,0.03065156558942713,-2.26166789857431,False,5.5900746262757535,44,40,1.0,68
2STEP-VF,9,2,7.5820005508792825,-0.49900565284295273,0.028180525009370825,-1.954573601323623,False,7.3425374582120435,44,40,1.0,69
2STEP-VF,9,2,7.5902551683530906,-0.5002174172682908,0.043398843187947206,-3.89911481651216,False,5.222167013683402,44,40,1.0,70
2STEP-VF,9,2,7.633815616915308,-0.49659835633016114,0.009277154516408238,0.4623892141070505,False,5.526185064950043,44,40,1.0,71
2STEP-VF,9,2,7.638324446421559,-0.49982649649808314,0.022243782652031294,-1.189321121079313,False,7.017265610630184,44,40,1.0,72
2STEP-VF,9,2,7.589510778613261,-0.4928348589416729,0.034116650303797263,-2.72875693070924,False,6.445979577326236,44,40,1.0,73
2STEP-VF,9,2,7.6427220125021655,-0.4987018906756645,0.02674709057140186,-1.7681797347677144,False,12.626060470261812,44,40,1.0,74
2STEP-VF,9,2,7.638111052149114,-0.503529016288765,0.032684924192618724,-2.5169139944332146,False,13.550314224708657,44,40,1.0,75
2STEP-VF,9,2,7.605091778659829,-0.5015691119249603,0.019591018056252348,-0.8475789358608066,False,5.5619969067166695,44,40,1.0,76
2STEP-VF,9,2,7.612929145565825,-0.4852179029319906,0.031415446757414686,-2.399878469178354,False,4.846738474362982,44,40,1.0,77
2STEP-VF,9,2,7.617441327638607,-0.5020848845185276,0.038932725323584924,-3.3213386389160884,False,7.166808077498539,44,40,1.0,78
2STEP-VF,9,2,7.5918282660366545,-0.4891277114627411,0.030256088315077746,-2.2433631008571746,False,4.98391474002582,44,40,1.0,79
2STEP-VF,9,2,7.603252643845849,-0.4941750636025025,0.02582048599479213,-1.662806896056637,False,7.6784199172756615,44,40,1.0,80
2STEP-VF,9,2,7.557948844316269,-0.510721754881074,0.03943608865504606,-3.368610205472343,False,5.642588385536359,44,40,1.0,81
2STEP-VF,9,2,7.633909853674452,-0.5085342040137864,0.010298555258911716,0.36030160771285447,False,4.065936706985165,44,40,1.0,82
2STEP-VF,9,2,7.595686701307785,-0.4859655613321839,0.030584114785528273,-2.292708143271912,False,4.642115025751954,44,40,1.0,83
2STEP-VF,9,2,7.6074968973081685,-0.49445626903584206,0.03560224525241098,-2.9139425327840955,False,7.338618473336656,44,40,1.0,84
2STEP-VF,9,2,7.58350629143545,-0.4887777727498028,0.04227003801222555,-3.782487833479218,False,5.500112210199063,44,40,1.0,85
2STEP-VF,9,2,7.622172765081823,-0.4911893945162845,0.035347907909886546,-2.8883472997214867,False,4.878469938249421,44,40,1.0,86
2STEP-VF,9,2,7.639801213381689,-0.4892555222898446,0.037932568686605,-3.222767465586913,False,7.490355521911769,44,40,1.0,87
2STEP-VF,9,2,7.593525656815396,-0.5097126985794537,0.03458190462889547,-2.7475617764990083,False,6.904561687201583,44,40,1.0,88
2STEP-VF,9,2,7.611234479435964,-0.47762675013972744,0.04023768281341396,-3.5474451310154835,False,4.37606470734384,44,40,1.0,89
2STEP-VF,9,2,7.54440073414558,-0.5043649388202045,0.034565062880235496,-2.761188151452919,False,12.045008422146791,44,40,1.0,90
2STEP-VF,9,2,7.5926224656626555,-0.5098452421677305,0.013219137691424136,-0.012863695359977445,False,5.590605241510378,44,40,1.0,91
2STEP-VF,9,2,7.62057338844123,-0.47096804035643436,0.032092614176240146,-2.5202969143968232,False,11.295757519808289,44,40,1.0,92
2STEP-VF,9,2,7.633459394013303,-0.5046649795570743,0.026937346091662425,-1.778776785155015,False,10.135163082626784,44,40,1.0,93
2STEP-VF,9,2,7.592270140020596,-0.4875339649958343,0.03273257413101987,-2.5641517643793064,False,5.684802052056365,44,40,1.0,94
2STEP-VF,9,2,7.555984787584728,-0.5000321507180377,0.0339388959283533,-2.6907424298508493,False,7.221877222038638,44,40,1.0,95
2STEP-VF,9,2,7.6251518243898895,-0.49326049507244835,0.03803251429844436,-3.22682753256361,False,5.229524958972315,44,40,1.0,96
2STEP-VF,9,2,7.600120422113166,-0.4928235216212686,0.03420027272867008,-2.7388512320519363,False,4.99014541953639,44,40,1.0,97
2STEP-VF,9,2,7.5921434203669,-0.4866293275886222,0.02936987388664803,-2.135904866056242,False,6.854071731856613,44,40,1.0,98
2STEP-VF,9,2,7.61792749276687,-0.48497105490930503,0.01817804314989948,-0.7057833418387895,False,7.531282736809893,44,40,1.0,99
2STEP-VF,9,2,0.16960834198520972,-0.07571073900572964,0.02518284532317629,-0.009580488452546665,False,1.9210168517319641,36,10,2.0,0
2STEP-VF,9,2,0.16833068741192703,-0.07632345624715534,0.032536722606084825,-0.06701764461079024,False,2.0540246475781005,36,10,2.0,1
2STEP-VF,9,2,0.16945365116437405,-0.07368395716721993,0.04131052300328362,-0.14347546775507872,False,1.9781127945605803,36,10,2.0,2
2STEP-VF,9,2,0.1716708939001935,-0.07765514050236541,0.031802863424209696,-0.057750316553989045,False,1.838945167788511,36,10,2.0,3
2STEP-VF,9,2,0.17355646683275283,-0.07411210834732132,0.02089044696963213,0.021158872286479252,False,2.1374266102698622,36,10,2.0,4
2STEP-VF,9,2,0.17456456262704845,-0.07807385807710134,0.03332898356232241,-0.06878073535591323,False,1.7866947278967549,36,10,2.0,5
2STEP-VF,9,2,0.17091887704568756,-0.07191615058009508,0.029830429957028753,-0.05578954564126065,False,1.8759413903228774,36,10,2.0,6
2STEP-VF,9,2,0.17267332162988777,-0.0711823658948959,0.0218385765116005,0.006489465352739393,False,1.8197814292897743,36,10,2.0,7
2STEP-VF,9,2,0.17300730446622684,-0.07052618792715831,0.032131948974021385,-0.0774123024990176,False,2.0826049822173727,36,10,2.0,8
2STEP-VF,9,2,0.17080422405365484,-0.07588186464572398,0.03657160993554497,-0.100208150891403,False,2.0458250699470306,36,10,2.0,9
2STEP-VF,9,2,0.1709033396726421,-0.07708254847745426,0.027860376039017608,-0.02763069158589218,False,2.0265299065265627,36,10,2.0,10
2STEP-VF,9,2,0.17058996018338518,-0.08095083793013622,0.03496695167929185,-0.0752182047910048,False,1.8661170813881243,36,10,2.0,11
2STEP-VF,9,2,0.17267829230454515,-0.07553134851689795,0.027810532168465744,-0.03084832336889823,False,1.883592935617907,36,10,2.0,12
2STEP-VF,9,2,0.17365922073222026,-0.0801931251659953,0.038345054726192825,-0.10387738416722073,False,2.086710617752798,36,10,2.0,13
2STEP-VF,9,2,0.1696929261932596,-0.07513559303177926,0.027658467470326607,-0.03076074091474712,False,2.163577944631768,36,10,2.0,14
2STEP-VF,9,2,0.1708110008180061,-0.07289334758327905,0.02526801679466615,-0.01695144010837918,False,1.9666392871510698,36,10,2.0,15
2STEP-VF,9,2,0.1706772554721944,-0.06855521975899077,0.04196060147019197,-0.1609116490116263,False,1.9179247825694752,36,10,2.0,16
2STEP-VF,9,2,0.17534265286131895,-0.07279299271314676,0.0254245017452784,-0.0181722722789959,False,1.9612256430958643,36,10,2.0,17
2STEP-VF,9,2,0.16985499619640546,-0.07412925128672636,0.03491377878603123,-0.09120872742832234,False,1.843267581370128,36,10,2.0,18
2STEP-VF,9,2,0.17247485339639562,-0.07591588933170951,0.032211706243696014,-0.06514702434968164,False,1.9465378164240785,36,10,2.0,19
2STEP-VF,9,2,0.17241985214818772,-0.07242366455497033,0.02301171570372385,6.826043102922674e-05,False,1.8361216030443184,36,10,2.0,20
2STEP-VF,9,2,0.16813155043812278,-0.07025934381944787,0.04110119782568458,-0.15009926441251445,False,2.30780353053576,36,10,2.0,21
2STEP-VF,9,2,0.17144391644559917,-0.07705077324739626,0.03183932153355188,-0.05950608148792813,False,1.804716843005016,36,10,2.0,22
2STEP-VF,9,2,0.1718868160614396,-0.07727147294873425,0.02432252335392597,0.0011845572092407386,False,1.7160553685075082,36,10,2.0,23
2STEP-VF,9,2,0.1701397036419667,-0.07506460896310217,0.03492993026111469,-0.08907599835895438,False,2.0605920024226245,36,10,2.0,24
2STEP-VF,9,2,0.1735303088044846,-0.07589678397168259,0.027486998984185815,-0.02733189181317927,False,1.9652531465974206,36,10,2.0,25
2STEP-VF,9,2,0.17051668868233158,-0.07832062093855008,0.020205599720456803,0.03655569380980564,False,1.9922918851975933,36,10,2.0,26
2STEP-VF,9,2,0.1716116912286522,-0.07675746184837481,0.025193704577909943,-0.007035026713460901,False,2.035769383791732,36,10,2.0,27
2STEP-VF,9,2,0.17059421875487626,-0.07928456876738052,0.034596889848194146,-0.07625650061854741,False,2.159385489428619,36,10,2.0,28
2STEP-VF,9,2,0.17543031737808348,-0.07653164664557657,0.03269638132023449,-0.06736927956980718,False,1.9064578815343274,36,10,2.0,29
2STEP-VF,9,2,0.17243867233187485,-0.07226664827121115,0.02033420730922322,0.02111261771703346,False,1.9460684079281192,36,10,2.0,30
2STEP-VF,9,2,0.17033337121608902,-0.07638835151755333,0.019990191309501845,0.03363051543907855,False,2.1425241563910236,36,10,2.0,31
2STEP-VF,9,2,0.17183542178334305,-0.07389697375421146,0.03500107824292212,-0.0923457636262689,False,1.848994527111482,36,10,2.0,32
2STEP-VF,9,2,0.1689705146292366,-0.0753678898318563,0.035699540995603664,-0.09457516149062006,False,1.7200297488542882,36,10,2.0,33
2STEP-VF,9,2,0.17450667982351598,-0.07181983727245257,0.0325217124929324,-0.07733568970016214,False,2.028578610149339,36,10,2.0,34
2STEP-VF,9,2,0.17153417860552875,-0.07728000175772592,0.03458704116810635,-0.08093227440997691,False,1.9142554552143323,36,10,2.0,35
2STEP-VF,9,2,0.16792737153228185,-0.0753755872650757,0.030685203140258008,-0.054504573393945516,False,1.8738137804720163,36,10,2.0,36
2STEP-VF,9,2,0.17137521084155344,-0.07877058438344617,0.030091161338418566,-0.04139737553658457,False,1.9339279617087168,36,10,2.0,37
2STEP-VF,9,2,0.1738911613612875,-0.075396386055975,0.03172129774037626,-0.06238558570699293,False,1.791890557305532,36,10,2.0,38
2STEP-VF,9,2,0.17104105821760424,-0.0708984007661429,0.024404686975137986,-0.014818870469304718,False,2.386291687445162,36,10,2.0,39
2STEP-VF,9,2,0.17068571372059782,-0.07504155257946817,0.03932229023673266,-0.12423745287990184,False,1.905166611405182,36,10,2.0,40
2STEP-VF,9,2,0.17066214322693954,-0.07651288277915444,0.04472952441659465,-0.1639655480691702,False,1.7528161090826988,36,10,2.0,41
2STEP-VF,9,2,0.17310104101553844,-0.07179523030244882,0.01942217626300006,0.027317205082808965,False,2.0050390371561724,36,10,2.0,42
2STEP-VF,9,2,0.1732005027697365,-0.0681862764706674,0.02695155965522641,-0.04157338354602538,False,2.125956743696421,36,10,2.0,43
2STEP-VF,9,2,0.16900191604342732,-0.07672649848713761,0.017334490549387193,0.05560778693663834,False,1.8540904478765028,36,10,2.0,44
2STEP-VF,9,2,0.17396819523926801,-0.07307726235141043,0.03268105506337854,-0.07562491914928726,False,1.7262676644085697,36,10,2.0,45
2STEP-VF,9,2,0.1718851126969073,-0.07415488613683205,0.02337004978580914,0.0013244352037382057,False,2.3341100166262443,36,10,2.0,46
2STEP-VF,9,2,0.1712918262606309,-0.07583528022748455,0.013485538836101797,0.08439787143278638,False,1.8381630103552373,36,10,2.0,47
2STEP-VF,9,2,0.17249794927441978,-0.07388251832167649,0.03170771299207196,-0.06599378300808698,False,2.0735255331483398,36,10,2.0,48
2STEP-VF,9,2,0.17292595312832626,-0.07753173940011696,0.03210268360364606,-0.06036973708118823,False,2.173546572309487,36,10,2.0,49
2STEP-VF,9,2,0.17296838086592548,-0.07754117063137642,0.031522318552172135,-0.055701636050118214,False,1.8933118246312621,36,10,2.0,50
2STEP-VF,9,2,0.16831521378818562,-0.07438046136272858,0.043948667294541395,-0.1629773182584915,False,1.9604752223507862,36,10,2.0,51
2STEP-VF,9,2,0.1705091344561378,-0.07399587810926475,0.020108648088808755,0.02695147081913357,False,1.9022201744827483,36,10,2.0,52
2STEP-VF,9,2,0.17364411966769142,-0.07113089910828006,0.02186052757265767,0.006248584458672268,False,1.8504389870386933,36,10,2.0,53
2STEP-VF,9,2,0.17052457375954574,-0.07477091525631516,0.03285361522789618,-0.07314725078244036,False,1.923799817626668,36,10,2.0,54
2STEP-VF,9,2,0.17331393532069486,-0.07545666150505499,0.030843250802152743,-0.05525118268584833,False,1.962481082523276,36,10,2.0,55
2STEP-VF,9,2,0.17169747160646742,-0.07336649307407044,0.022567502643680598,0.005841410524712293,False,1.8209308161272655,36,10,2.0,56
2STEP-VF,9,2,0.17010398183890107,-0.07398653118411087,0.03937581259463126,-0.12723258700484996,False,2.553127678963592,36,10,2.0,57
2STEP-VF,9,2,0.169346544141945,-0.07010073267051956,0.031477553139100264,-0.07341787405503855,False,1.8632422511150397,36,10,2.0,58
2STEP-VF,9,2,0.17195282936951145,-0.07975000661401156,0.04101864645630004,-0.12643198601460195,False,1.8437716571655718,36,10,2.0,59
2STEP-VF,9,2,0.16903668611526407,-0.07646760850981311,0.045590551892042544,-0.1710599535458731,False,1.9284295144621406,36,10,2.0,60
2STEP-VF,9,2,0.17393569023074917,-0.07862633348965475,0.0231131951869435,0.014233780293468334,False,1.7865787887939601,36,10,2.0,61
2STEP-VF,9,2,0.1747087786465988,-0.07352845207889826,0.02187345094388172,0.011963204157097979,False,2.111689457775868,36,10,2.0,62
2STEP-VF,9,2,0.17042771942207124,-0.07472610953944159,0.031143097365744714,-0.059576452865973684,False,1.9863766231153985,36,10,2.0,63
2STEP-VF,9,2,0.17230461553675425,-0.07768934096120533,0.03865788822106105,-0.11247041052939041,False,1.7736009882266777,36,10,2.0,64
2STEP-VF,9,2,0.16771786192792776,-0.07828047813616916,0.04215005806696487,-0.13926424529323736,False,1.976286733982248,36,10,2.0,65
2STEP-VF,9,2,0.1711294273299226,-0.07466886259100779,0.0329351927509382,-0.07400850614929164,False,1.8867465702897808,36,10,2.0,66
2STEP-VF,9,2,0.17099696760364363,-0.0805828503376091,0.02708144959599968,-0.012992937901517038,False,2.0811884432338363,36,10,2.0,67
2STEP-VF,9,2,0.17222269595300277,-0.07719251193272195,0.03619781546194655,-0.09398713329985964,False,2.0935402724356855,36,10,2.0,68
2STEP-VF,9,2,0.16929830827524667,-0.0770592238287821,0.027646819137815585,-0.026074517416932924,False,1.8491001376740612,36,10,2.0,69
2STEP-VF,9,2,0.17357598719893996,-0.0747043488126539,0.01183157143893458,0.09505242487082911,False,1.9376477164731554,36,10,2.0,70
2STEP-VF,9,2,0.1706724743679152,-0.07399074403196759,0.03509534348878713,-0.09294461377149996,False,2.0332594644828443,36,10,2.0,71
2STEP-VF,9,2,0.16938178791536865,-0.0715231425004274,0.040019998625740745,-0.13834153972997815,False,1.7699473412533624,36,10,2.0,72
2STEP-VF,9,2,0.1743080917821579,-0.07718460913867399,0.03287240613254662,-0.06727770162062599,False,2.019001792093344,36,10,2.0,73
2STEP-VF,9,2,0.1734418954860804,-0.07887759257622913,0.027334435272418377,-0.01896274626723235,False,1.7885404967534708,36,10,2.0,74
2STEP-VF,9,2,0.175138545662758,-0.07362276127786006,0.02513747183010911,-0.01389683483424331,False,1.863785855505064,36,10,2.0,75
2STEP-VF,9,2,0.17043131660598915,-0.07566496414626121,0.021329709333811304,0.021184118276895786,False,2.0576075409958094,36,10,2.0,76
2STEP-VF,9,2,0.17101673480527155,-0.07365267756713156,0.027390642014167785,-0.03209770586391031,False,1.9674239396445405,36,10,2.0,77
2STEP-VF,9,2,0.17180999420657334,-0.0772632371506736,0.01671569401674586,0.062014816680044105,False,1.96630493302084,36,10,2.0,78
2STEP-VF,9,2,0.16677251482289157,-0.07328309312428721,0.03370061305558644,-0.0837191300570288,False,1.8242673286969555,36,10,2.0,79
2STEP-VF,9,2,0.1699524198830601,-0.06935584495765196,0.03157283177481303,-0.075931481107156,False,2.038516322617152,36,10,2.0,80
2STEP-VF,9,2,0.17110580036483508,-0.07837592220044645,0.030766270808206795,-0.047761605162692816,False,1.8185522734389246,36,10,2.0,81
2STEP-VF,9,2,0.1721089627096257,-0.07662353292593442,0.0269406090922972,-0.02130185595355749,False,2.2842956720439047,36,10,2.0,82
2STEP-VF,9,2,0.1725184711216149,-0.07429265347834475,0.036965752341079836,-0.10707254211331443,False,1.9894920191862575,36,10,2.0,83
2STEP-VF,9,2,0.17234827941004643,-0.07647644866317871,0.034891015256156066,-0.08524374849301691,False,1.914137495631258,36,10,2.0,84
2STEP-VF,9,2,0.1715525631750389,-0.07774691520153267,0.025798010861682014,-0.009498336619275433,False,1.9967816097156093,36,10,2.0,85
2STEP-VF,9,2,0.17019056140840297,-0.0751349686739212,0.03892467559243346,-0.1208620462375527,False,1.948489134122699,36,10,2.0,86
2STEP-VF,9,2,0.16730843320224592,-0.07132436627054056,0.046452322468450484,-0.19040159470617182,False,2.033265516002931,36,10,2.0,87
2STEP-VF,9,2,0.17257729560286225,-0.07137603522927058,0.02566200521721504,-0.023638919451299256,False,1.8422469355372106,36,10,2.0,88
2STEP-VF,9,2,0.17097930395222102,-0.07639508331168186,0.030057367221286387,-0.04685197958512141,False,2.717762583620362,36,10,2.0,89
2STEP-VF,9,2,0.1736063474953812,-0.07955235446512501,0.03381171720061899,-0.06915170603892909,False,1.6778167104353825,36,10,2.0,90
2STEP-VF,9,2,0.17261745087147887,-0.07698192272095554,0.024323929396008234,0.0005222264145161026,False,1.9666764266596664,36,10,2.0,91
2STEP-VF,9,2,0.17481848003358685,-0.07643187354198422,0.03546639811190133,-0.08980557959243338,False,1.7345606463674816,36,10,2.0,92
2STEP-VF,9,2,0.16810544339781078,-0.06984358384525453,0.025560611318088705,-0.026773962712230176,False,1.8965650963153937,36,10,2.0,93
2STEP-VF,9,2,0.17356329803013204,-0.07204744554212224,0.013167515427882314,0.07798754375984276,False,2.1235457470798376,36,10,2.0,94
2STEP-VF,9,2,0.17157665193871402,-0.08063070803231509,0.041854436020945636,-0.1310271897736861,False,1.992438877580396,36,10,2.0,95
2STEP-VF,9,2,0.17036424152145735,-0.07479912502490932,0.025465751586471973,-0.01398625814070606,False,1.9228053288428777,36,10,2.0,96
2STEP-VF,9,2,0.17115060605377885,-0.07030844746163711,0.028451680452668354,-0.04860413335019109,False,1.8995462202698115,36,10,2.0,97
2STEP-VF,9,2,0.17171535326212295,-0.076216412775769,0.028265161599842457,-0.03289898094116675,False,2.129011633094125,36,10,2.0,98
2STEP-VF,9,2,0.1710913161303269,-0.07749406040726756,0.03641184468703895,-0.09504353355104991,False,2.015843530974156,36,10,2.0,99
2STEP-VF,9,2,1.0267529748270818,-0.36463313904208294,0.12038673813560982,-0.026369192894254878,False,2.561680950761722,40,10,2.0,0
2STEP-VF,9,2,1.0247695872755072,-0.37469686464455904,0.1350081298354264,-0.11930638829993934,False,2.968588699485709,40,10,2.0,1
2STEP-VF,9,2,1.022024498933623,-0.37356990437021825,0.10782834499233065,0.0952624804858957,False,2.582973234280738,40,10,2.0,2
2STEP-VF,9,2,1.0323917386204762,-0.38360904067154794,0.1144018942627989,0.06739004782655222,False,2.18976007509997,40,10,2.0,3
2STEP-VF,9,2,1.0278556889064603,-0.3686217514950232,0.10857885598243211,0.07773269706298613,False,2.825718581251671,40,10,2.0,4
2STEP-VF,9,2,1.0343637322226027,-0.37771088076857284,0.10040443669359808,0.16533244422914606,False,3.0193277657408593,40,10,2.0,5
2STEP-VF,9,2,1.017226070138931,-0.3535401728973132,0.151773749469326,-0.3046600165927208,False,3.21160309590713,40,10,2.0,6
2STEP-VF,9,2,1.0257212430167957,-0.3703859842085843,0.13488562701061632,-0.12861537940332068,False,2.4982563444178183,40,10,2.0,7
2STEP-VF,9,2,1.0239285249550307,-0.3651407677543667,0.13995139465650527,-0.18183760314426045,False,2.6141079967089906,40,10,2.0,8
2STEP-VF,9,2,1.0283477516736987,-0.3817615390505326,0.13095923348581895,-0.06974530906485166,False,3.106244280589471,40,10,2.0,9
2STEP-VF,9,2,1.0251550134464942,-0.37268687445256504,0.12832731909370446,-0.07066075325669019,False,3.460116247060226,40,10,2.0,10
2STEP-VF,9,2,1.016740981968989,-0.3698487978536964,0.13719205764988315,-0.1488948874320548,False,2.9595743521093074,40,10,2.0,11
2STEP-VF,9,2,1.012366067328513,-0.3737759578959987,0.1435340365005179,-0.1904680290140358,False,2.4671578492737436,40,10,2.0,12
2STEP-VF,9,2,1.0210526036112646,-0.3738787063558581,0.14528563559835594,-0.20371303331611246,False,2.2065990736386976,40,10,2.0,13
2STEP-VF,9,2,1.038902000237786,-0.3724898663191411,0.12315774589479075,-0.02895216797812039,False,2.8349920223610754,40,10,2.0,14
2STEP-VF,9,2,1.022408608207731,-0.383520557058341,0.13557903729163925,-0.1028384449006321,False,2.166441218812018,40,10,2.0,15
2STEP-VF,9,2,1.0300475062955752,-0.3768519124347931,0.12138197316134389,-0.004808345069513442,False,2.363148121618001,40,10,2.0,16
2STEP-VF,9,2,1.0210188991217948,-0.3722950635652556,0.11121173162777637,0.06507543348170997,False,2.3070531489630586,40,10,2.0,17
2STEP-VF,9,2,1.0311086609109428,-0.3700732711399637,0.10312968538712844,0.12500488729354176,False,2.5398656921449154,40,10,2.0,18
2STEP-VF,9,2,1.02017347266543,-0.3666941907670766,0.14776591914804846,-0.24085088698347834,False,2.783224083847057,40,10,2.0,19
2STEP-VF,9,2,1.0401326568763376,-0.37709242976745977,0.11150702216431542,0.07537361353996008,False,2.5106547343807346,40,10,2.0,20
2STEP-VF,9,2,1.0151395571328075,-0.374350094751259,0.12025561657868133,-0.0026963317984608492,False,2.425629998433506,40,10,2.0,21
2STEP-VF,9,2,1.0268004853869277,-0.3778862222281671,0.1360629896656488,-0.11996895485437409,False,2.5830746571922294,40,10,2.0,22
2STEP-VF,9,2,1.0310430891360427,-0.37669870567594893,0.1192398683796323,0.012020531933381373,False,2.457695045983793,40,10,2.0,23
2STEP-VF,9,2,1.0256986136400057,-0.37964262414891825,0.12723552311144604,-0.045199970115764376,False,3.260572473414685,40,10,2.0,24
2STEP-VF,9,2,1.0196207739139154,-0.3865612023621051,0.14694870010808056,-0.1866654687607575,False,2.4081827185407207,40,10,2.0,25
2STEP-VF,9,2,1.0272773309732048,-0.37041619000882464,0.14100792999592632,-0.17742794408783935,False,2.44408283799015,40,10,2.0,26
2STEP-VF,9,2,1.0134751080844293,-0.3804370469459201,0.17026721430854797,-0.3882802953131099,False,2.7601123421602045,40,10,2.0,27
2STEP-VF,9,2,1.0246361441364595,-0.3766119656995179,0.11745430623253023,0.025712436466788446,False,2.8352151962437957,40,10,2.0,28
2STEP-VF,9,2,1.019111506852261,-0.3777653484342381,0.1296774647821495,-0.06963619160388923,False,2.6184962197266928,40,10,2.0,29
2STEP-VF,9,2,1.022697186248303,-0.3751626665648604,0.11239545071743384,0.0625886251910921,False,2.1746806228583893,40,10,2.0,30
2STEP-VF,9,2,1.0297609504984753,-0.38113548535665265,0.1657658241245141,-0.3496157711102381,False,2.3288684347984647,40,10,2.0,31
2STEP-VF,9,2,1.0256808289249835,-0.3696374999307733,0.13882974378069945,-0.16196710067624098,False,2.7609883687691434,40,10,2.0,32
2STEP-VF,9,2,1.0161594679462027,-0.3669177629489857,0.11347040625045628,0.03380894915068733,False,2.6981777678366052,40,10,2.0,33
2STEP-VF,9,2,1.0203230781057004,-0.36460880128554196,0.14799632403065024,-0.24769008447355945,False,2.4810586131173733,40,10,2.0,34
2STEP-VF,9,2,1.0153957323117064,-0.3680036244049304,0.13890957883603014,-0.16714418817770604,False,2.3398039048897026,40,10,2.0,35
2STEP-VF,9,2,1.0281159547214007,-0.3696646238702917,0.12067310336641536,-0.016502772359339057,False,3.1900782898128996,40,10,2.0,36
2STEP-VF,9,2,1.0194429856260911,-0.37198564429149894,0.1623702997111043,-0.3450302722516717,False,2.156731291766103,40,10,2.0,37
2STEP-VF,9,2,1.0282813932116488,-0.37167432798682776,0.10734567718025678,0.09494985331903094,False,2.1103404843793654,40,10,2.0,38
2STEP-VF,9,2,1.0274109286533117,-0.36903899626180575,0.13055324566817703,-0.0970877185978839,False,2.637903448188753,40,10,2.0,39
2STEP-VF,9,2,1.0305862003210489,-0.384690530216626,0.12470751948568479,-0.012567711346313182,False,2.1579615184551386,40,10,2.0,40
2STEP-VF,9,2,1.0247782271734125,-0.37088775358531556,0.1139752515679947,0.03981528969120418,False,2.4506908267297574,40,10,2.0,41
2STEP-VF,9,2,1.0147037748299883,-0.36509624384095996,0.14987298384391518,-0.2618706590432185,False,3.6476483715307744,40,10,2.0,42
2STEP-VF,9,2,1.0271587959175592,-0.3653132088477784,0.12517114722557898,-0.06298794881491032,False,2.7397107998046364,40,10,2.0,43
2STEP-VF,9,2,1.022679912184959,-0.3815820499178086,0.14747112768189474,-0.20261130692132,False,2.0373344758172074,40,10,2.0,44
2STEP-VF,9,2,1.02329437203141,-0.3641189525356277,0.11909559374167462,-0.017481601526006196,False,2.7142372216175072,40,10,2.0,45
2STEP-VF,9,2,1.0328780493584098,-0.3785480038161473,0.12819719583653594,-0.055089674572029734,False,4.134192317721892,40,10,2.0,46
2STEP-VF,9,2,1.011533326992408,-0.3682124418094843,0.1484091085214318,-0.24287100820914775,False,3.0137378612220234,40,10,2.0,47
2STEP-VF,9,2,1.0153297704348727,-0.3795043388240997,0.11640812458740597,0.04046520270468357,False,3.2969361517777855,40,10,2.0,48
2STEP-VF,9,2,1.017038046791946,-0.36771044237010464,0.13531472531850922,-0.13899045805230603,False,2.946655644309437,40,10,2.0,49
2STEP-VF,9,2,1.0243364910614081,-0.37902448204734324,0.1315091015839049,-0.08095386629393131,False,2.9908067968881125,40,10,2.0,50
2STEP-VF,9,2,1.0316121285762265,-0.367974816650289,0.1132342186977904,0.03916253809294368,False,3.34742067431981,40,10,2.0,51
2STEP-VF,9,2,1.027023288422801,-0.36717680928022134,0.12092535847593303,-0.02455712822956513,False,2.3034774312045814,40,10,2.0,52
2STEP-VF,9,2,1.0238996803630147,-0.37931115693199613,0.1427598411717491,-0.17029797191542162,False,2.074145518385274,40,10,2.0,53
2STEP-VF,9,2,1.010171849961306,-0.3845769660988448,0.16040085375246507,-0.29961180038481505,False,10.407478092714715,40,10,2.0,54
2STEP-VF,9,2,1.0221571919705426,-0.3759420480033677,0.1305904311470018,-0.08113310244969962,False,2.354993408325245,40,10,2.0,55
2STEP-VF,9,2,1.0232418656635018,-0.37535246907376474,0.1155445462543522,0.03788406768202768,False,3.031735424638528,40,10,2.0,56
2STEP-VF,9,2,1.0225163266698563,-0.3810915279468657,0.1361325870977673,-0.1130900501094696,False,2.577245119351451,40,10,2.0,57
2STEP-VF,9,2,1.024221809048416,-0.37545587546657033,0.12179907540914912,-0.0118451936105195,False,4.032016932834772,40,10,2.0,58
2STEP-VF,9,2,1.0171205721605554,-0.3608123548798094,0.13930705528758988,-0.1874795562595435,False,3.0507528676661595,40,10,2.0,59
2STEP-VF,9,2,1.0287053219473261,-0.37591207658298875,0.11247171607492296,0.06413757451662871,False,2.0670113897007183,40,10,2.0,60
2STEP-VF,9,2,1.0243029792369263,-0.37204865447982294,0.12523121826521091,-0.04747479661589693,False,3.7823224420037205,40,10,2.0,61
2STEP-VF,9,2,1.0211626742547095,-0.38577131553115296,0.155241112728972,-0.25480798410172667,False,2.3145092535577283,40,10,2.0,62
2STEP-VF,9,2,1.0244929694714,-0.3828788056287676,0.12570402860356078,-0.02525351715116031,False,2.639829347383274,40,10,2.0,63
2STEP-VF,9,2,1.0199270283609132,-0.3713427991283154,0.14513453144806387,-0.20865791197489947,False,2.6051828302629865,40,10,2.0,64
2STEP-VF,9,2,1.0280586968984473,-0.3754000272311294,0.13752005373282214,-0.13751684269396003,False,2.5517696310304765,40,10,2.0,65
2STEP-VF,9,2,1.0222600667691395,-0.37643109276751396,0.13012563520870685,-0.0762348550214732,False,2.706989829259378,40,10,2.0,66
2STEP-VF,9,2,1.0239744221970555,-0.3733665387602647,0.11848679373462237,0.009623808479479412,False,2.9075619781959845,40,10,2.0,67
2STEP-VF,9,2,1.0287999345786114,-0.38176782266504494,0.11371642743696889,0.06823935097507317,False,3.522545409672773,40,10,2.0,68
2STEP-VF,9,2,1.0213818453809482,-0.3616018186665746,0.14924576041898668,-0.26483880782925784,False,2.1820141193072766,40,10,2.0,69
2STEP-VF,9,2,1.0362531435534896,-0.3849356535437431,0.09210765475191832,0.24915951910284606,False,2.527616199229237,40,10,2.0,70
2STEP-VF,9,2,1.0224003584434118,-0.3608737823993408,0.11358022182442655,0.018799324669609985,False,2.2165160786806664,40,10,2.0,71
2STEP-VF,9,2,1.0185440049550125,-0.3856842740313498,0.1502160308416971,-0.2149733487610368,False,3.224587417263252,40,10,2.0,72
2STEP-VF,9,2,1.017319703932128,-0.36842330675225465,0.14053683960184746,-0.17903959837344108,False,2.1144041868127514,40,10,2.0,73
2STEP-VF,9,2,1.027775968548651,-0.3751743755730766,0.10957387204901792,0.08549408309615936,False,3.0197407505949627,40,10,2.0,74
2STEP-VF,9,2,1.0210787399863783,-0.3719216511158262,0.11996353247725795,-0.005831572740898294,False,2.9732390792821812,40,10,2.0,75
2STEP-VF,9,2,1.025992083897358,-0.36233094637453606,0.12822942117697164,-0.09468157308304537,False,2.6954318264375106,40,10,2.0,76
2STEP-VF,9,2,1.018361597825097,-0.36613654411303836,0.1355128993206658,-0.14427379282452868,False,2.725222073721623,40,10,2.0,77
2STEP-VF,9,2,1.0309377671881566,-0.3752154701086071,0.09243638464387606,0.22288231714093776,False,2.612085141960928,40,10,2.0,78
2STEP-VF,9,2,1.0285256390095467,-0.37686924023428137,0.1389021123485529,-0.14501918388557544,False,2.6778928590105666,40,10,2.0,79
2STEP-VF,9,2,1.0228529292702742,-0.38679039847167723,0.1257212059497176,-0.016101515509499342,False,2.93490777919735,40,10,2.0,80
2STEP-VF,9,2,1.024264356658794,-0.3703055529750836,0.10566571217664472,0.10486349112657023,False,2.6653783080636524,40,10,2.0,81
2STEP-VF,9,2,1.0309431885259779,-0.37948883852677184,0.12824894525056074,-0.05336175822867517,False,3.334398562243433,40,10,2.0,82
2STEP-VF,9,2,1.018381296625231,-0.3688344506321349,0.1554838183503686,-0.2975649874883114,False,2.4136198357839587,40,10,2.0,83
2STEP-VF,9,2,1.0251127118896968,-0.38421206906212496,0.14443759239894516,-0.1718850107290798,False,3.5040416001886094,40,10,2.0,84
2STEP-VF,9,2,1.0278205802869351,-0.3696274666037087,0.13020856518272597,-0.09289336679569105,False,2.325680648462127,40,10,2.0,85
2STEP-VF,9,2,1.0225394432081745,-0.36374694982565237,0.1224975039270431,-0.04563498524228893,False,2.364636588233502,40,10,2.0,86
2STEP-VF,9,2,1.0252041923645683,-0.35589425056609775,0.11549072412349029,-0.00826734008741381,False,2.546613418604684,40,10,2.0,87
2STEP-VF,9,2,1.0238294226279985,-0.3660990225295212,0.11073200729116513,0.05421136109920943,False,2.675578556822524,40,10,2.0,88
2STEP-VF,9,2,1.0157281420685544,-0.3836939970617619,0.144599999115015,-0.17499071144777856,False,2.90242601941171,40,10,2.0,89
2STEP-VF,9,2,1.0165680111465099,-0.361084749405932,0.13135350807976207,-0.12323058539506937,False,3.13514654989532,40,10,2.0,90
2STEP-VF,9,2,1.0174163859284338,-0.36972448965527865,0.12263158665736236,-0.03266893493052425,False,2.544972805850724,40,10,2.0,91
2STEP-VF,9,2,1.014634256244903,-0.3638502481375203,0.1390873888367454,-0.17858045978922055,False,2.8471427446471114,40,10,2.0,92
2STEP-VF,9,2,1.0165427412927672,-0.375447705597736,0.15786204569121187,-0.30082930761756277,False,2.85501472267518,40,10,2.0,93
2STEP-VF,9,2,1.0112498053951333,-0.3869960465812711,0.13357560706949953,-0.0791393564372378,False,4.2167189644046355,40,10,2.0,94
2STEP-VF,9,2,1.0306892100362004,-0.3725288753850592,0.13595822884273573,-0.13175517721557195,False,2.4177669370266783,40,10,2.0,95
2STEP-VF,9,2,1.0197664961407766,-0.3631820112718891,0.13142762073300043,-0.11859814904302335,False,3.2052980636653294,40,10,2.0,96
2STEP-VF,9,2,1.0205808093731095,-0.368647988567177,0.10767147295232524,0.0846182375050093,False,2.2203317079815004,40,10,2.0,97
2STEP-VF,9,2,1.0210035117958587,-0.38853646963219546,0.12972315003146748,-0.044037462426719465,False,2.376404140015554,40,10,2.0,98
2STEP-VF,9,2,1.0230531694896026,-0.37104519829523747,0.13242972916586612,-0.10754616724898325,False,3.6070701561809098,40,10,2.0,99
2STEP-VF,9,2,3.9473533376891843,-0.9860205508266658,-0.0031665355271586685,0.0,True,2.616101526538736,44,10,2.0,0
2STEP-VF,9,2,3.9424029717117426,-0.9850914033872484,0.031823962910396984,0.0,True,2.305111680885746,44,10,2.0,1
2STEP-VF,9,2,3.9493119912111743,-0.9884996807156677,0.027377711016602926,0.0,True,2.4974644864123987,44,10,2.0,2
2STEP-VF,9,2,3.947015177642344,-1.0067483129746464,-0.010462893531712937,0.0,True,2.2957049320057523,44,10,2.0,3
2STEP-VF,9,2,3.95356724848728,-0.9965440203908501,0.024653662785966125,0.0,True,3.2040781803820577,44,10,2.0,4
2STEP-VF,9,2,3.9461485376028396,-1.0159420459790982,0.013634808811762978,0.0,True,2.3312272043079316,44,10,2.0,5
2STEP-VF,9,2,3.948185048989959,-0.977416939991674,0.01032398278184922,0.0,True,2.7454991437534093,44,10,2.0,6
2STEP-VF,9,2,3.9443623983796687,-0.9914205980467035,0.02572006916538517,0.0,True,2.3085571439052663,44,10,2.0,7
2STEP-VF,9,2,3.947596353802979,-0.9930380396129133,0.024836040556648925,0.0,True,2.682514126293123,44,10,2.0,8
2STEP-VF,9,2,3.947151316372709,-1.0001986260671367,0.027380317844052787,0.0,True,2.5759306325409903,44,10,2.0,9
2STEP-VF,9,2,3.946373356695614,-0.9993806433862297,0.03520528051761635,0.0,True,2.7023398117256914,44,10,2.0,10
2STEP-VF,9,2,3.9514183748123632,-0.9937196434090457,-0.02341238001086968,0.0,True,2.4150729164525604,44,10,2.0,11
2STEP-VF,9,2,3.9530950817456754,-0.991402309457753,-0.00469059314997155,0.0,True,2.6079641291924376,44,10,2.0,12
2STEP-VF,9,2,3.95189311309414,-0.9853990941309799,-0.004013499710989855,0.0,True,2.2509142011689125,44,10,2.0,13
2STEP-VF,9,2,3.9467902066245544,-0.9723788964375061,0.048700040350259405,0.0,True,2.2275771699942974,44,10,2.0,14
2STEP-VF,9,2,3.9425839464323884,-1.0119742722650384,0.024905954610522713,0.0,True,2.779385820851601,44,10,2.0,15
2STEP-VF,9,2,3.94562590158049,-1.005573738633439,-0.010735960799868058,0.0,True,2.527557771458153,44,10,2.0,16
2STEP-VF,9,2,3.9578024642972176,-0.9879117169945533,0.0006498960057384935,0.0,True,2.71219498128728,44,10,2.0,17
2STEP-VF,9,2,3.9486276357283474,-1.0071810431479684,0.03397184730056077,0.0,True,3.093440111244068,44,10,2.0,18
2STEP-VF,9,2,3.949630453277132,-0.9847748978453896,-0.017239351565219677,0.0,True,2.38346695383548,44,10,2.0,19
2STEP-VF,9,2,3.9452175952647512,-0.9964023179956526,0.0327014457426867,0.0,True,2.47055117846419,44,10,2.0,20
2STEP-VF,9,2,3.951738094313532,-1.0146585197225124,0.011833773266832078,0.0,True,2.7569275518107745,44,10,2.0,21
2STEP-VF,9,2,3.9481370306196575,-0.9893921980887838,0.016588090911635274,0.0,True,2.60808303481534,44,10,2.0,22
2STEP-VF,9,2,3.9580042225858256,-0.993563785051433,-0.0863521711691737,0.0,True,2.118692160117269,44,10,2.0,23
2STEP-VF,9,2,3.9440228363181165,-0.9934578203112354,0.060462590125361225,0.0,True,2.411181254795361,44,10,2.0,24
2STEP-VF,9,2,3.9488121095060356,-1.0021172419057929,0.035075249001047755,0.0,True,2.8080151657701,44,10,2.0,25
2STEP-VF,9,2,3.9506525793564116,-0.982716972553858,0.010307024742457064,0.0,True,2.79322137579206,44,10,2.0,26
2STEP-VF,9,2,3.9509496981481522,-0.9964074254703332,-0.014542068841291635,0.0,True,2.451746966350019,44,10,2.0,27
2STEP-VF,9,2,3.9556494760762266,-0.9954216645717026,-0.06304960760302347,0.0,True,2.578775297123949,44,10,2.0,28
2STEP-VF,9,2,3.9508066909422337,-0.9847450485952425,-0.017601408572233367,0.0,True,2.6104218672259547,44,10,2.0,29
2STEP-VF,9,2,3.943503571423333,-0.9895443261873248,0.01902837874369075,0.0,True,2.3180897318307445,44,10,2.0,30
2STEP-VF,9,2,3.946673704649961,-0.9842550400004613,0.01623576319385788,0.0,True,2.518393541872948,44,10,2.0,31
2STEP-VF,9,2,3.943684746367464,-1.000627492206517,0.048258136665046684,0.0,True,2.3196660149966384,44,10,2.0,32
2STEP-VF,9,2,3.9521309369857196,-1.0032975955615802,0.00977533897306908,0.0,True,2.2887891579321717,44,10,2.0,33
2STEP-VF,9,2,3.945186403596531,-0.9849016506423319,-0.006080983125155102,0.0,True,2.2824797694161645,44,10,2.0,34
2STEP-VF,9,2,3.9487169873431234,-0.9871599992142718,0.013576040657100403,0.0,True,2.649247229927406,44,10,2.0,35
2STEP-VF,9,2,3.948145675419272,-0.9902620061274,0.032644365729585824,0.0,True,2.2401582453469318,44,10,2.0,36
2STEP-VF,9,2,3.941327483758873,-1.012574522986951,0.03762645200427314,0.0,True,2.710517972352815,44,10,2.0,37
2STEP-VF,9,2,3.9517335833553044,-0.9900619533054117,-0.019644592888845774,0.0,True,2.3305187585198244,44,10,2.0,38
2STEP-VF,9,2,3.9473721272911724,-0.9979888199804468,0.006328992749177486,0.0,True,2.229462022616994,44,10,2.0,39
2STEP-VF,9,2,3.9519267810064793,-1.0010513046248162,-0.025262152315591882,0.0,True,2.3116049906775307,44,10,2.0,40
2STEP-VF,9,2,3.9502063924584827,-0.9843035734867487,0.01574708234713357,0.0,True,2.578427911372148,44,10,2.0,41
2STEP-VF,9,2,3.9468814568490287,-0.9856055508850696,0.0037760405371683923,0.0,True,2.427539216160775,44,10,2.0,42
2STEP-VF,9,2,3.940873478195845,-0.9990870170374027,0.03494256875793968,0.0,True,2.5695693451892954,44,10,2.0,43
2STEP-VF,9,2,3.9439658428159894,-0.9880788928430593,0.028734305085501222,0.0,True,2.6294247577993772,44,10,2.0,44
2STEP-VF,9,2,3.944704648031983,-0.9985146480078312,0.019539652528458237,0.0,True,2.2777059970983515,44,10,2.0,45
2STEP-VF,9,2,3.9518201990107986,-1.001425386446908,0.03413521116483325,0.0,True,2.3028663652584527,44,10,2.0,46
2STEP-VF,9,2,3.938159048529112,-1.0102431147101805,0.06877388869680892,0.0,True,2.685942288819276,44,10,2.0,47
2STEP-VF,9,2,3.951405380596245,-0.9922816947839092,-0.003626392186985946,0.0,True,2.5250696735050364,44,10,2.0,48
2STEP-VF,9,2,3.9480463674718957,-1.0090823221698735,-0.020299378476536352,0.0,True,2.6859662873560803,44,10,2.0,49
2STEP-VF,9,2,3.946881004781465,-1.0059927367375663,0.03407682603384408,0.0,True,2.473171149765031,44,10,2.0,50
2STEP-VF,9,2,3.948438556673622,-0.9962443948335663,0.005681123004893436,0.0,True,2.5099696743602684,44,10,2.0,51
2STEP-VF,9,2,3.9507758875025774,-0.9888004081594656,-0.03122508631370765,0.0,True,2.264063239329648,44,10,2.0,52
2STEP-VF,9,2,3.9541776477293356,-1.0048493667144724,0.011620060997683089,0.0,True,3.745217770875314,44,10,2.0,53
2STEP-VF,9,2,3.952535420855435,-0.9863799709178455,-0.022490076260393503,0.0,True,2.331813256537124,44,10,2.0,54
2STEP-VF,9,2,3.951247295964181,-1.0010544480894932,-0.007504058336491243,0.0,True,2.673584095086897,44,10,2.0,55
2STEP-VF,9,2,3.949211173908643,-0.9959181666256621,0.040209068480603134,0.0,True,2.4320201962515275,44,10,2.0,56
2STEP-VF,9,2,3.946184701117315,-1.0006470491050952,0.028912831370208964,0.0,True,2.429559227331183,44,10,2.0,57
2STEP-VF,9,2,3.952634722829621,-1.002017091771834,-0.001966551270641632,0.0,True,2.8011795764728027,44,10,2.0,58
2STEP-VF,9,2,3.9479811117796446,-1.0056156626986708,0.017495014169664817,0.0,True,2.228403488219401,44,10,2.0,59
2STEP-VF,9,2,3.9483968755523953,-1.0040404011222301,-0.005939629936634788,0.0,True,2.4105667984015584,44,10,2.0,60
2STEP-VF,9,2,3.943818235736753,-0.9877935721695398,0.041711025868919456,0.0,True,2.782886029418009,44,10,2.0,61
2STEP-VF,9,2,3.9540374594943395,-0.9849033100353894,-0.0361975326091906,0.0,True,2.3012968743403985,44,10,2.0,62
2STEP-VF,9,2,3.9462018917385047,-1.0031430444850895,0.013814805019418449,0.0,True,2.7561090764371468,44,10,2.0,63
2STEP-VF,9,2,3.9433109748516855,-0.9979803550017978,0.043472935600404446,0.0,True,2.6176660639453453,44,10,2.0,64
2STEP-VF,9,2,3.9487717794448853,-0.9901426679898104,0.02266449211012144,0.0,True,3.0088942709713464,44,10,2.0,65
2STEP-VF,9,2,3.9484166684336537,-1.0004318919086772,0.009656820498969236,0.0,True,2.1833989846160375,44,10,2.0,66
2STEP-VF,9,2,3.95150758056972,-0.990678173737482,-0.011852353026023029,0.0,True,2.3380205004667194,44,10,2.0,67
2STEP-VF,9,2,3.9420163122331933,-1.0152492599279677,0.06465853421422343,0.0,True,2.455379664973376,44,10,2.0,68
2STEP-VF,9,2,3.952990323664009,-0.9908700979249115,-0.008647313636055923,0.0,True,2.2698366950064375,44,10,2.0,69
2STEP-VF,9,2,3.949648178534394,-0.9813900891750792,0.003616226548889306,0.0,True,2.4465400073736245,44,10,2.0,70
2STEP-VF,9,2,3.9507773574914924,-1.0088308250231077,0.006285628161442892,0.0,True,2.3099393783738695,44,10,2.0,71
2STEP-VF,9,2,3.9485572973252827,-0.9859250818759897,-0.003311505971867995,0.0,True,2.755310711629453,44,10,2.0,72
2STEP-VF,9,2,3.9487351266635535,-1.0031148307783488,0.04598837957408414,0.0,True,2.558875294337425,44,10,2.0,73
2STEP-VF,9,2,3.951220629482605,-0.9795167431655156,0.02126906832166773,0.0,True,2.50015513816065,44,10,2.0,74
2STEP-VF,9,2,3.9488659253089233,-1.011045164942065,-0.03295825890009124,0.0,True,2.457826610677062,44,10,2.0,75
2STEP-VF,9,2,3.945158958164357,-0.9895670005732184,-0.006431913416496098,0.0,True,2.5655983093145016,44,10,2.0,76
2STEP-VF,9,2,3.943467596137582,-1.0049461859822473,0.04444000017989494,0.0,True,2.8057994110388838,44,10,2.0,77
2STEP-VF,9,2,3.943879177987058,-1.0038838923268791,0.07015546300262389,0.0,True,2.4274251483558236,44,10,2.0,78
2STEP-VF,9,2,3.9427778329181744,-0.9929844205708273,0.0367553873580576,0.0,True,2.4111689502499027,44,10,2.0,79
2STEP-VF,9,2,3.9430907804270414,-1.0023829192834697,0.060293549378226764,0.0,True,2.3392997559802593,44,10,2.0,80
2STEP-VF,9,2,3.944286018155084,-0.9842302648448363,0.028379418024553533,0.0,True,2.362495653701919,44,10,2.0,81
2STEP-VF,9,2,3.945403502176331,-0.9916991595076586,0.04371189573957368,0.0,True,2.5111179574624534,44,10,2.0,82
2STEP-VF,9,2,3.954377667707561,-0.9897951467926891,0.01709847128165884,0.0,True,2.334129937174623,44,10,2.0,83
2STEP-VF,9,2,3.9511279792676026,-1.0002621926395332,0.003957121434342123,0.0,True,3.352336008324199,44,10,2.0,84
2STEP-VF,9,2,3.943508387702534,-0.9982119906597282,0.04476197249778466,0.0,True,2.2460445085563707,44,10,2.0,85
2STEP-VF,9,2,3.9498060333917273,-0.9958314208856334,0.015175820413185633,0.0,True,3.2065039005827396,44,10,2.0,86
2STEP-VF,9,2,3.946876760959914,-1.0137696320108847,0.04145284313961525,0.0,True,2.3654258221621944,44,10,2.0,87
2STEP-VF,9,2,3.94596887931934,-1.0012342350138046,0.0157981213177741,0.0,True,2.7220119889564547,44,10,2.0,88
2STEP-VF,9,2,3.9469337227247663,-0.9893530146927332,0.029015055226855872,0.0,True,2.335156081610964,44,10,2.0,89
2STEP-VF,9,2,3.9476499101283475,-1.0055851913438147,0.014783551139342488,0.0,True,3.136024919248603,44,10,2.0,90
2STEP-VF,9,2,3.9481831347119507,-0.9874350088636739,0.016049667760616435,0.0,True,2.7676870667706996,44,10,2.0,91
2STEP-VF,9,2,3.952459274174787,-1.035381057733296,-0.0030265541842649578,0.0,True,2.2720903817323705,44,10,2.0,92
2STEP-VF,9,2,3.949265480688401,-0.9883971046578001,-0.0008468733297125423,0.0,True,3.3036608572109314,44,10,2.0,93
2STEP-VF,9,2,3.9473175214553478,-0.9975402806943188,0.03578690392445412,0.0,True,2.478710772142833,44,10,2.0,94
2STEP-VF,9,2,3.948300238554535,-1.0029804077738815,0.004451023906836413,0.0,True,2.350770003519315,44,10,2.0,95
2STEP-VF,9,2,3.947234779761398,-0.98808864448754,0.0027825449835096297,0.0,True,2.530681185707994,44,10,2.0,96
2STEP-VF,9,2,3.9499478401310157,-1.0191067757140502,0.00938362504652033,0.0,True,2.3855508594324975,44,10,2.0,97
2STEP-VF,9,2,3.946722479010068,-0.9843955708324917,-0.009852172366533239,0.0,True,2.6368053693369133,44,10,2.0,98
2STEP-VF,9,2,3.937296306144596,-0.9878762883529124,0.061012782083644475,0.0,True,7.347708342770505,44,10,2.0,99
2STEP-VF,9,2,1.4405410471112439,-0.21857763844862407,0.02881433654037437,-0.31103997418860774,False,9.317704322386835,36,20,2.0,0
2STEP-VF,9,2,1.4236583967029242,-0.22766271594149765,0.03391150247740702,-0.45335805721525513,False,4.410338138387808,36,20,2.0,1
2STEP-VF,9,2,1.4285452335158326,-0.2088783771337017,0.030307728568201468,-0.38282649505061317,False,3.6667474737511743,36,20,2.0,2
2STEP-VF,9,2,1.44267020688417,-0.21690837702886048,0.022281213298409226,-0.10585850826678,False,5.503216726145786,36,20,2.0,3
2STEP-VF,9,2,1.431507774587087,-0.21769039257419584,0.037622890858629555,-0.5955850988228507,False,4.730597691835297,36,20,2.0,4
2STEP-VF,9,2,1.433923624315587,-0.22063399774318065,0.026531658741219172,-0.2334560676764449,False,4.4133076760622645,36,20,2.0,5
2STEP-VF,9,2,1.4370701699858994,-0.22345126895151451,0.030967365809680604,-0.3684484502269908,False,3.860088463615845,36,20,2.0,6
2STEP-VF,9,2,1.4368429749172422,-0.2153466132792778,0.030084490099510208,-0.3596612328190256,False,8.482388078727233,36,20,2.0,7
2STEP-VF,9,2,1.428118736612761,-0.22306968828072735,0.023486515227107926,-0.13051411119694267,False,4.78555965576788,36,20,2.0,8
2STEP-VF,9,2,1.41763656623755,-0.2130010365834311,0.03604101948774993,-0.5570519418335104,False,6.18045308104313,36,20,2.0,9
2STEP-VF,9,2,1.4391114044233235,-0.23549848877703813,0.022650177015430154,-0.07326260716347421,False,4.437265412985678,36,20,2.0,10
2STEP-VF,9,2,1.428371604708426,-0.20842155043650815,0.026429954204669412,-0.25984451721929624,False,5.090179655182936,36,20,2.0,11
2STEP-VF,9,2,1.4278541383888752,-0.21891608652464517,0.03510619015272614,-0.5123282289247558,False,4.155170099889539,36,20,2.0,12
2STEP-VF,9,2,1.4372650351280003,-0.2240981633652063,0.03248725147184397,-0.41552055291483203,False,3.9747552988037,36,20,2.0,13
2STEP-VF,9,2,1.4275154682358215,-0.22845485524301948,0.034217696576164455,-0.46102370975986673,False,3.4513019098799624,36,20,2.0,14
2STEP-VF,9,2,1.4315214947795776,-0.22739572779126788,0.02857165525185111,-0.2826519316734183,False,6.03570143693962,36,20,2.0,15
2STEP-VF,9,2,1.4206698140539427,-0.2235667466318186,0.027041468931083838,-0.24352662503508182,False,3.9147566924190933,36,20,2.0,16
2STEP-VF,9,2,1.4326894584270171,-0.2272897797666413,0.04155665618631278,-0.6983561590164491,False,4.16118609074888,36,20,2.0,17
2STEP-VF,9,2,1.4375303597545326,-0.21082655981271428,0.03331841039351628,-0.473953567456735,False,4.744274540772343,36,20,2.0,18
2STEP-VF,9,2,1.4296078873904086,-0.2096555488219768,0.0347491618147488,-0.5230233876557929,False,4.936543959574444,36,20,2.0,19
2STEP-VF,9,2,1.4202357292826007,-0.20868703307551037,0.04466037901852612,-0.8430691054546551,False,3.9340525062695795,36,20,2.0,20
2STEP-VF,9,2,1.438570912424571,-0.2295673859514251,0.02061070785082747,-0.02226667019758466,False,3.9463479164422006,36,20,2.0,21
2STEP-VF,9,2,1.434736160544192,-0.2195672160525311,0.03245256157093663,-0.4254364821112462,False,3.853339773477489,36,20,2.0,22
2STEP-VF,9,2,1.4100720535495592,-0.2107767820903377,0.03453611071903718,-0.514686942779406,False,4.111309993104784,36,20,2.0,23
2STEP-VF,9,2,1.4160198454401305,-0.2134152413696339,0.04047142213384361,-0.6979277382694665,False,6.637567187733018,36,20,2.0,24
2STEP-VF,9,2,1.4230036886299202,-0.20914623119091727,0.038618293125065095,-0.6484542038260867,False,4.111037982439104,36,20,2.0,25
2STEP-VF,9,2,1.4297522002987992,-0.21066081497223585,0.029358956496986586,-0.3481155199522771,False,3.254611967499029,36,20,2.0,26
2STEP-VF,9,2,1.4404784187865343,-0.20163738293941952,0.026796179061631748,-0.28711930579041733,False,7.789203238319182,36,20,2.0,27
2STEP-VF,9,2,1.4316647503176876,-0.2265501402517147,0.025909546409283144,-0.1994852634738844,False,4.9787240748870625,36,20,2.0,28
2STEP-VF,9,2,1.4258140651666826,-0.21059016568286518,0.03405764882064288,-0.49887952071169517,False,4.538692043973438,36,20,2.0,29
2STEP-VF,9,2,1.4535148384395564,-0.23077145876924246,0.015461977489756628,0.14627911168034308,False,5.176433223546003,36,20,2.0,30
2STEP-VF,9,2,1.4290964532281982,-0.20781934334772506,0.02410147520728674,-0.18673499540494387,False,10.997020360416972,36,20,2.0,31
2STEP-VF,9,2,1.424077446469783,-0.21559941675377597,0.029639824636125925,-0.34559114135878055,False,4.610189650232781,36,20,2.0,32
2STEP-VF,9,2,1.4405410139037902,-0.21479088942594934,0.023213756238129143,-0.14090960416362686,False,4.4804539657045686,36,20,2.0,33
2STEP-VF,9,2,1.4226241105152875,-0.21701123134884356,0.03900942126524456,-0.6421170786196843,False,4.86453960596799,36,20,2.0,34
2STEP-VF,9,2,1.4448496473804893,-0.22084336919843503,0.021147706142072006,-0.06001153162723083,False,4.874189547612987,36,20,2.0,35
2STEP-VF,9,2,1.4337516290291241,-0.21905399536143141,0.013501124713927977,0.17971869576348748,False,2.9854528210203926,36,20,2.0,36
2STEP-VF,9,2,1.4361924870152678,-0.21277932874633332,0.02187045104039633,-0.10301249508056665,False,5.064017020819968,36,20,2.0,37
2STEP-VF,9,2,1.4302679938835658,-0.21198196978087297,0.041524322493177244,-0.734205512674563,False,4.786525595969865,36,20,2.0,38
2STEP-VF,9,2,1.4400624758213478,-0.2043959713403809,0.046476190922978874,-0.9102840297691291,False,3.665717381375105,36,20,2.0,39
2STEP-VF,9,2,1.440359324400854,-0.222566462486034,0.03923816197581097,-0.6350401137954182,False,4.417823105404171,36,20,2.0,40
2STEP-VF,9,2,1.41981623863629,-0.2221831014675474,0.03568772673610805,-0.5235788377151668,False,4.641307855405876,36,20,2.0,41
2STEP-VF,9,2,1.4342676972809658,-0.22108101009468606,0.03479038045343835,-0.49664168844592294,False,5.233550370208085,36,20,2.0,42
2STEP-VF,9,2,1.4441240265165498,-0.22288118578407237,0.02946509241898508,-0.32132066993475616,False,4.296138245714324,36,20,2.0,43
2STEP-VF,9,2,1.4288684465459782,-0.2167848912678545,0.037785969153896794,-0.6031351670890882,False,3.5528630505044343,36,20,2.0,44
2STEP-VF,9,2,1.446356319799933,-0.21743054464525935,0.027095861284568597,-0.2584528747695769,False,3.6622342015899907,36,20,2.0,45
2STEP-VF,9,2,1.425072077789587,-0.22065432270520524,0.038739725004055064,-0.6245965009698945,False,4.16069377584055,36,20,2.0,46
2STEP-VF,9,2,1.4445159974258936,-0.2116970473337876,0.025375349028076154,-0.21726729545179335,False,4.749284834114896,36,20,2.0,47
2STEP-VF,9,2,1.42524031769291,-0.22754093920390514,0.03096738560570756,-0.3593436662316952,False,4.45495567708083,36,20,2.0,48
2STEP-VF,9,2,1.4271667460585273,-0.20119526942500465,0.029126042953403306,-0.36353472312538315,False,4.114631620075981,36,20,2.0,49
2STEP-VF,9,2,1.4576810088917138,-0.23028369550840633,0.021854356969612312,-0.05919769327391611,False,3.7021834654618715,36,20,2.0,50
2STEP-VF,9,2,1.4226520759518582,-0.22965865830673193,0.05080433716080059,-0.9891988846523513,False,3.7843246444716203,36,20,2.0,51
2STEP-VF,9,2,1.4256809420410756,-0.22051976048688293,0.034468670368555575,-0.4882091701027951,False,4.092919105316317,36,20,2.0,52
2STEP-VF,9,2,1.4385636650107243,-0.21007583895902962,0.03193337611710559,-0.43137220234506457,False,4.62142486809211,36,20,2.0,53
2STEP-VF,9,2,1.41508864860782,-0.21801627369219712,0.03725604895366578,-0.5840491907395629,False,3.8551019151741155,36,20,2.0,54
2STEP-VF,9,2,1.4184723069826628,-0.2074052181838375,0.03595127339193661,-0.5675598864818019,False,4.346014838782518,36,20,2.0,55
2STEP-VF,9,2,1.441570199937765,-0.23257614778834856,0.02550336682932593,-0.17143077185012756,False,5.349186116164325,36,20,2.0,56
2STEP-VF,9,2,1.4176473213527065,-0.21576578469382668,0.03583917262431752,-0.5439568014318144,False,4.304517513183315,36,20,2.0,57
2STEP-VF,9,2,1.4300814914587283,-0.2230032705639249,0.0433284405106218,-0.7654973574989542,False,4.230428676334004,36,20,2.0,58
2STEP-VF,9,2,1.4197851704078785,-0.21235647476801062,0.04596576227171837,-0.8760617430272899,False,4.171252669500677,36,20,2.0,59
2STEP-VF,9,2,1.4282264745574667,-0.21016991537024843,0.026817498826758834,-0.26805857709423875,False,4.2925494097430565,36,20,2.0,60
2STEP-VF,9,2,1.4272085428019265,-0.20744683602201838,0.0329925757287348,-0.47225750429855406,False,5.953640198067237,36,20,2.0,61
2STEP-VF,9,2,1.4301412711232893,-0.21178936998492434,0.003833064077977545,0.4714449137359342,False,3.217921012899262,36,20,2.0,62
2STEP-VF,9,2,1.431151466218085,-0.21865758853263795,0.03298395566415596,-0.44483928080157487,False,3.790014919277876,36,20,2.0,63
2STEP-VF,9,2,1.4193795394853033,-0.20417164071361085,0.03981845867934945,-0.6990159676573985,False,4.896782387675357,36,20,2.0,64
2STEP-VF,9,2,1.415864242789488,-0.21368662764121038,0.039116647378159834,-0.6539329551948407,False,3.2241345891021016,36,20,2.0,65
2STEP-VF,9,2,1.434890489587222,-0.21844731601677397,0.03371943240418024,-0.46865484911827704,False,5.36550765611398,36,20,2.0,66
2STEP-VF,9,2,1.4360422777997255,-0.20884354760319299,0.03331225881976046,-0.4786052313166882,False,4.589282837799652,36,20,2.0,67
2STEP-VF,9,2,1.4203370805334696,-0.21478824901471638,0.04325141623600066,-0.7833332970846938,False,4.121537383021462,36,20,2.0,68
2STEP-VF,9,2,1.4432967635408809,-0.21348460956837453,0.02781413394321559,-0.29109141740634736,False,4.664608027887351,36,20,2.0,69
2STEP-VF,9,2,1.4417942275426299,-0.21603174372777056,0.028586036282827593,-0.3097693224512761,False,5.705758827951475,36,20,2.0,70
2STEP-VF,9,2,1.4259798751066568,-0.22505772449947076,0.034105646315952275,-0.46568335080534384,False,4.91092965693577,36,20,2.0,71
2STEP-VF,9,2,1.4334668257323646,-0.22093609685048565,0.039146704525682835,-0.6364399028367436,False,4.20416174814164,36,20,2.0,72
2STEP-VF,9,2,1.433929226830127,-0.2245166559499592,0.02631879290575515,-0.2173256450944553,False,4.688202804530846,36,20,2.0,73
2STEP-VF,9,2,1.4245294624773777,-0.21721663034501143,0.028262325953898562,-0.2976027499480842,False,3.795169990215279,36,20,2.0,74
2STEP-VF,9,2,1.4306440958693407,-0.22700974891741843,0.03270731282213022,-0.4159719671542026,False,3.6251753513187763,36,20,2.0,75
2STEP-VF,9,2,1.429044521688619,-0.21535412335181942,0.03634404713242307,-0.5604169408918547,False,3.59203835326275,36,20,2.0,76
2STEP-VF,9,2,1.439079571624646,-0.2107194341866569,0.03101904861575448,-0.4005381393586882,False,4.5161201453872755,36,20,2.0,77
2STEP-VF,9,2,1.4267969364562214,-0.21115144069022268,0.03790698699708404,-0.6206523100627817,False,3.7935879802485166,36,20,2.0,78
2STEP-VF,9,2,1.4274078652611257,-0.22711772615770798,0.04193944123833745,-0.711335104932632,False,4.1726791526060305,36,20,2.0,79
2STEP-VF,9,2,1.428951478092108,-0.21718409879692438,0.03833479962691057,-0.6197346622629935,False,4.608829752558935,36,20,2.0,80
2STEP-VF,9,2,1.433987828313186,-0.22872581921765664,0.03224958268695348,-0.3970054101613445,False,6.901530306718449,36,20,2.0,81
2STEP-VF,9,2,1.4474354795670115,-0.21658099921298007,0.03081787329139922,-0.3795314184396025,False,6.800081186172375,36,20,2.0,82
2STEP-VF,9,2,1.4160381930377206,-0.2090640282474336,0.03852443375914238,-0.6460659209164525,False,3.539907552227656,36,20,2.0,83
2STEP-VF,9,2,1.4349256264713506,-0.21438472861876168,0.0266859224699054,-0.25333063276366397,False,4.562368517846448,36,20,2.0,84
2STEP-VF,9,2,1.422268707870257,-0.20020284506601735,0.03263953730899407,-0.47864224325715343,False,5.626632196411783,36,20,2.0,85
2STEP-VF,9,2,1.449143249346444,-0.2189458381964424,0.025491396386948736,-0.20330607775011145,False,4.302429702917176,36,20,2.0,86
2STEP-VF,9,2,1.4354490302031147,-0.2176869008882007,0.031220940712695686,-0.3904945988623937,False,4.4194559012658425,36,20,2.0,87
2STEP-VF,9,2,1.429880943011071,-0.221749761604036,0.04727598971020022,-0.8948393862960569,False,3.278750332788416,36,20,2.0,88
2STEP-VF,9,2,1.415989960632831,-0.21298206119147953,0.044745685125421084,-0.8357455795159542,False,4.33134013311903,36,20,2.0,89
2STEP-VF,9,2,1.4243577610656084,-0.2201178866788953,0.03902464723573,-0.635044317850075,False,3.5078938869169423,36,20,2.0,90
2STEP-VF,9,2,1.43159553380078,-0.20605896624660913,0.03792639419177862,-0.6332073631170074,False,5.430907537981104,36,20,2.0,91
2STEP-VF,9,2,1.438229327341375,-0.22260087732080128,0.03851992303110157,-0.612101671784845,False,3.72076068353032,36,20,2.0,92
2STEP-VF,9,2,1.4239411129213282,-0.21868115506715088,0.02922981190303275,-0.3250827419606064,False,7.907298893702604,36,20,2.0,93
2STEP-VF,9,2,1.4403578871024814,-0.21486001978232327,0.03204851640209577,-0.42346700416334015,False,6.228428596857142,36,20,2.0,94
2STEP-VF,9,2,1.4447769886538215,-0.217916221945795,0.042341488924659665,-0.7452420935999723,False,3.8045188269540824,36,20,2.0,95
2STEP-VF,9,2,1.4383513325395123,-0.21046712314285326,0.029337559182489266,-0.34737971834443826,False,4.255503637261747,36,20,2.0,96
2STEP-VF,9,2,1.4458038440573546,-0.21788646468039935,0.022236519609738603,-0.10189288163523569,False,4.723157745231088,36,20,2.0,97
2STEP-VF,9,2,1.4067720720170533,-0.22541474578190454,0.048156160368954495,-0.9155954176089501,False,4.061345673721786,36,20,2.0,98
2STEP-VF,9,2,1.4245299509263343,-0.21028635440228044,0.035485418119997336,-0.5453743322188619,False,4.3806600483742315,36,20,2.0,99
2STEP-VF,9,2,2.87146655216957,-0.3700340962151367,0.05277397878765879,-0.6283974971585795,False,5.6708139321000095,40,20,2.0,0
2STEP-VF,9,2,2.8780993275483473,-0.3728498936849693,0.0509559713424132,-0.5630653784603956,False,4.425764364638961,40,20,2.0,1
2STEP-VF,9,2,2.9033753489588627,-0.406878091149555,0.04066370010376252,-0.15052846362393724,False,4.193642713546828,40,20,2.0,2
2STEP-VF,9,2,2.882916923746969,-0.38344757982005295,0.04969187783195334,-0.49689088362956224,False,4.181752727110564,40,20,2.0,3
2STEP-VF,9,2,2.872171906900327,-0.373458568375806,0.049273878203454614,-0.5081332239945942,False,8.656961473698964,40,20,2.0,4
2STEP-VF,9,2,2.889290394114866,-0.3833831296165997,0.04623985247327631,-0.38619834441811096,False,3.633898591080174,40,20,2.0,5
2STEP-VF,9,2,2.89976073552367,-0.3981735693968658,0.04828384397286348,-0.4154807964477336,False,11.252132709271015,40,20,2.0,6
2STEP-VF,9,2,2.8664295000736595,-0.368279977177136,0.04784789712948915,-0.47527499291410735,False,3.732032907723588,40,20,2.0,7
2STEP-VF,9,2,2.8913622986724636,-0.3818225180399866,0.02498343311665282,0.29038592148342524,False,4.477692392163096,40,20,2.0,8
2STEP-VF,9,2,2.88701665547176,-0.3746545979120869,0.04429029923613546,-0.3448975412390207,False,5.943330646217954,40,20,2.0,9
2STEP-VF,9,2,2.8596580666469644,-0.3775245835528534,0.0550979742270693,-0.6854966907405522,False,7.255838117020309,40,20,2.0,10
2STEP-VF,9,2,2.860134430603067,-0.3792806426063036,0.053562970992905676,-0.6321334636816693,False,9.88149685838528,40,20,2.0,11
2STEP-VF,9,2,2.908116017607665,-0.37531021354479405,0.03831888876875676,-0.15097296703625118,False,3.754011773520677,40,20,2.0,12
2STEP-VF,9,2,2.9080915961111424,-0.3750534914826267,0.04445783155966705,-0.34803673458437334,False,11.06805076547586,40,20,2.0,13
2STEP-VF,9,2,2.87136077579063,-0.382151690827044,0.04934799401297733,-0.48969010388293155,False,17.772634126597957,40,20,2.0,14
2STEP-VF,9,2,2.906150302467131,-0.397466707387364,0.05186183846333704,-0.5312897149490845,False,6.12305178875098,40,20,2.0,15
2STEP-VF,9,2,2.896368814352244,-0.3918724794959027,0.04893556802739227,-0.4516620972252521,False,7.731049935211631,40,20,2.0,16
2STEP-VF,9,2,2.894678659562356,-0.37588322515898803,0.020971394026699793,0.4047158511009191,False,3.4440487221284255,40,20,2.0,17
2STEP-VF,9,2,2.895029674497364,-0.38413863715191093,0.04413079880879124,-0.31655105224689195,False,6.181424750633428,40,20,2.0,18
2STEP-VF,9,2,2.8828387263130963,-0.3895660990355875,0.042847488017568075,-0.263190655297983,False,4.7625449378946465,40,20,2.0,19
2STEP-VF,9,2,2.876880157566984,-0.3653360438211429,0.053413188285864326,-0.659802710522897,False,5.873624971696544,40,20,2.0,20
2STEP-VF,9,2,2.862686761130678,-0.3620422450872553,0.050822413384864956,-0.5856546344384257,False,3.6340951859744965,40,20,2.0,21
2STEP-VF,9,2,2.8835971055663028,-0.3728636686750617,0.06608197707962853,-1.046734635393987,False,3.653942003885863,40,20,2.0,22
2STEP-VF,9,2,2.873102260444095,-0.38003182679634034,0.05508934658549366,-0.6783965707979351,False,5.656040797576829,40,20,2.0,23
2STEP-VF,9,2,2.87544786236803,-0.3832599242935939,0.04234820200905768,-0.26279177424313893,False,6.377959198147018,40,20,2.0,24
2STEP-VF,9,2,2.8558574210829226,-0.38505625305524066,0.05073780373931211,-0.528123267060435,False,10.215336219911954,40,20,2.0,25
2STEP-VF,9,2,2.8794934444534652,-0.38730418446378295,0.06815435020489545,-1.0786395571763678,False,4.538300438648542,40,20,2.0,26
2STEP-VF,9,2,2.863445744766861,-0.3721969055181462,0.051399407925533144,-0.5797017356874985,False,5.676907729326202,40,20,2.0,27
2STEP-VF,9,2,2.8797790494902,-0.380885185995256,0.057472980586999456,-0.7522241894259567,False,5.087933881914552,40,20,2.0,28
2STEP-VF,9,2,2.9117513864486306,-0.37154780606161464,0.050593109692771136,-0.5525596924338838,False,5.521748629650695,40,20,2.0,29
2STEP-VF,9,2,2.894412003066481,-0.3845813060112532,0.03775077771210526,-0.11136503217637217,False,5.269846031874879,40,20,2.0,30
2STEP-VF,9,2,2.894221776851339,-0.3737790725846285,0.06095680774404922,-0.8798947669953867,False,3.8895470348724355,40,20,2.0,31
2STEP-VF,9,2,2.88190863328636,-0.3819527924439715,0.03665782457474096,-0.08344916652899781,False,4.020991995527448,40,20,2.0,32
2STEP-VF,9,2,2.8923412298267097,-0.3873356849975117,0.05490604502125965,-0.6538473228966786,False,3.9676796823789267,40,20,2.0,33
2STEP-VF,9,2,2.8950148913383082,-0.37139142928849517,0.03900815760516647,-0.1832207195926403,False,5.396037934340114,40,20,2.0,34
2STEP-VF,9,2,2.8813257804853447,-0.39185715469740234,0.05617301952876527,-0.6841999068176028,False,5.120800713520439,40,20,2.0,35
2STEP-VF,9,2,2.892395297301914,-0.35941835350127194,0.050589384004215324,-0.5827125218937235,False,5.080034713616204,40,20,2.0,36
2STEP-VF,9,2,2.8996517889405453,-0.3616458417928956,0.0426583876415525,-0.3231392768902981,False,4.297718887225367,40,20,2.0,37
2STEP-VF,9,2,2.8653285991614186,-0.37406935781399575,0.06226270849289089,-0.922720497069234,False,4.629370798749416,40,20,2.0,38
2STEP-VF,9,2,2.902865460701907,-0.3781467705160836,0.05207986501219194,-0.5848315035094276,False,4.677152824613962,40,20,2.0,39
2STEP-VF,9,2,2.888592434122797,-0.37172224511918056,0.07048549074567115,-1.1900867695280761,False,4.525627781265323,40,20,2.0,40
2STEP-VF,9,2,2.870368732528725,-0.38347122295669184,0.05639064039400722,-0.7119474335604477,False,5.347650040655528,40,20,2.0,41
2STEP-VF,9,2,2.8575306170337154,-0.37998421515043806,0.057878591920595746,-0.7687009880759901,False,6.072435152016163,40,20,2.0,42
2STEP-VF,9,2,2.8961739961269832,-0.37478653846067983,0.07311280870517907,-1.26635174649248,False,4.664721862251064,40,20,2.0,43
2STEP-VF,9,2,2.8873071557232888,-0.3890753537522199,0.044810315249769576,-0.3269108096439015,False,4.655606998754347,40,20,2.0,44
2STEP-VF,9,2,2.859231858641327,-0.38317611326493184,0.066567331208867,-1.0389780153294286,False,5.946910584610456,40,20,2.0,45
2STEP-VF,9,2,2.8703864897841393,-0.35878214136045955,0.06925155688398309,-1.182749491635308,False,5.053139990196898,40,20,2.0,46
2STEP-VF,9,2,2.8763077515567526,-0.37864081222984053,0.04389305955813275,-0.32326149141522587,False,7.4000315858282555,40,20,2.0,47
2STEP-VF,9,2,2.877513945355439,-0.37306280690340976,0.05614370581299294,-0.7285970127262646,False,4.741167059319606,40,20,2.0,48
2STEP-VF,9,2,2.8783422916854975,-0.3684902471006507,0.036879994682086366,-0.12308269928407234,False,6.649363855309347,40,20,2.0,49
2STEP-VF,9,2,2.878207362750451,-0.3835691398002914,0.051166138412872104,-0.5440580519261815,False,3.731911969862302,40,20,2.0,50
2STEP-VF,9,2,2.875492409942188,-0.3815090060273677,0.05972942730063966,-0.8231905145582559,False,5.665272986130196,40,20,2.0,51
2STEP-VF,9,2,2.884508536189944,-0.3732550825375286,0.04072607214030587,-0.23435159822832285,False,5.768902744798731,40,20,2.0,52
2STEP-VF,9,2,2.8948175200097532,-0.3817773433856922,0.05206061362550701,-0.5759849606899783,False,5.614338726305754,40,20,2.0,53
2STEP-VF,9,2,2.869400649726161,-0.3864039956782393,0.045534516642613376,-0.3575709039522843,False,3.809225234060462,40,20,2.0,54
2STEP-VF,9,2,2.9083125875237767,-0.37408604586687066,0.04133092970656451,-0.2502844852781483,False,5.26275116865574,40,20,2.0,55
2STEP-VF,9,2,2.8869035688883637,-0.3707112072771685,0.05103497173508928,-0.5701979839243512,False,3.7592769794899876,40,20,2.0,56
2STEP-VF,9,2,2.8843816734218364,-0.37427825189856,0.04003296979508238,-0.20972432848078237,False,4.236256619234142,40,20,2.0,57
2STEP-VF,9,2,2.894202831226988,-0.38367130506717345,0.04722648205481064,-0.41678412371910545,False,5.197420585170715,40,20,2.0,58
2STEP-VF,9,2,2.877872012773696,-0.3780610286432371,0.04958632237421903,-0.5067435264648188,False,5.906188663451568,40,20,2.0,59
2STEP-VF,9,2,2.9003372190366616,-0.3797480362215944,0.04124983429018654,-0.2345791772119432,False,6.5925891089798725,40,20,2.0,60
2STEP-VF,9,2,2.871331375537973,-0.37147220696128,0.0745705669533287,-1.3224449632671684,False,4.721086422770745,40,20,2.0,61
2STEP-VF,9,2,2.880138188750178,-0.39570307784871933,0.04154390071536899,-0.20690914472987076,False,4.695613781336911,40,20,2.0,62
2STEP-VF,9,2,2.9070784126316047,-0.38251236412837125,0.05199459030267877,-0.5713725110197339,False,6.163356151783172,40,20,2.0,63
2STEP-VF,9,2,2.887767004691245,-0.38042279133959134,0.04890484889834895,-0.47867444525067304,False,3.831357767189699,40,20,2.0,64
2STEP-VF,9,2,2.8682746852777,-0.38015382541450826,0.0463537167053855,-0.39885327246085445,False,5.040152453766418,40,20,2.0,65
2STEP-VF,9,2,2.870984659998847,-0.3759651311854448,0.03392944786980697,-0.011166937388825016,False,7.189734948389149,40,20,2.0,66
2STEP-VF,9,2,2.8732499017421143,-0.3665802785294752,0.04832803771297866,-0.49430954424005,False,6.708024188104333,40,20,2.0,67
2STEP-VF,9,2,2.878079058942739,-0.37338946554383584,0.05059595807413512,-0.550251197530554,False,5.579643986752035,40,20,2.0,68
2STEP-VF,9,2,2.8866165516098548,-0.3840531050373246,0.030143928694478,0.13031872696287394,False,3.7342747466129675,40,20,2.0,69
2STEP-VF,9,2,2.8823956903369874,-0.38521759516784093,0.03272987533807378,0.050109959004676075,False,3.376079311846804,40,20,2.0,70
2STEP-VF,9,2,2.8848680893358054,-0.38058349622483445,0.04964484990023841,-0.5021427205078786,False,5.3205682023897065,40,20,2.0,71
2STEP-VF,9,2,2.8869739992486076,-0.3773341236917857,0.05592714281321411,-0.71084823320765,False,3.941928984609398,40,20,2.0,72
2STEP-VF,9,2,2.87027684749304,-0.3810316013030886,0.04130294477525053,-0.23500177883102236,False,4.1167674580489955,40,20,2.0,73
2STEP-VF,9,2,2.903552343766624,-0.37916473183509103,0.04867838938842945,-0.47349996339952694,False,8.614906066265897,40,20,2.0,74
2STEP-VF,9,2,2.8926105666556268,-0.3892319915568137,0.05076000749215975,-0.5166068260134222,False,6.118044121386275,40,20,2.0,75
2STEP-VF,9,2,2.8915042140963374,-0.3803289087100014,0.04211206357498598,-0.26130640064976807,False,6.909365692604893,40,20,2.0,76
2STEP-VF,9,2,2.9074285545158007,-0.381132649178506,0.04075106409930823,-0.21486997987850143,False,4.386658241497862,40,20,2.0,77
2STEP-VF,9,2,2.877485168774692,-0.3778272816444654,0.040650030369082706,-0.22136638573744838,False,3.4164317280642327,40,20,2.0,78
2STEP-VF,9,2,2.871998056501259,-0.3962562329361563,0.050022584499419695,-0.4773878615445799,False,5.423395958602204,40,20,2.0,79
2STEP-VF,9,2,2.8951788924954105,-0.38001174841443147,0.04699114584500399,-0.41797773729576804,False,5.986779011539805,40,20,2.0,80
2STEP-VF,9,2,2.87363061924679,-0.3679759334422348,0.05347691769600136,-0.6557012888558731,False,7.374987130650602,40,20,2.0,81
2STEP-VF,9,2,2.8751901971321545,-0.36406109628520567,0.05103026513149579,-0.5867104412954429,False,5.6018751439927135,40,20,2.0,82
2STEP-VF,9,2,2.8982054037312213,-0.3933711786621175,0.027689236575211603,0.23192758260618385,False,3.8314721887570973,40,20,2.0,83
2STEP-VF,9,2,2.8895634828676937,-0.3683555529216332,0.04563175537482498,-0.40278903601041827,False,5.943271994934592,40,20,2.0,84
2STEP-VF,9,2,2.889433685056764,-0.38194230523238076,0.031262588648756764,0.08962471690090301,False,4.5515698291685505,40,20,2.0,85
2STEP-VF,9,2,2.8953798508653112,-0.37052648758180373,0.03978641664716867,-0.21017897146114994,False,5.331508910721366,40,20,2.0,86
2STEP-VF,9,2,2.8978679176455238,-0.38593166359261993,0.03868983361081637,-0.13796660786510473,False,4.785657964618284,40,20,2.0,87
2STEP-VF,9,2,2.889308318662894,-0.39086089866506707,0.04415769116785271,-0.3016214614553525,False,5.267155011094671,40,20,2.0,88
2STEP-VF,9,2,2.849900658170793,-0.38081787122019606,0.05536196227866534,-0.6866258624985733,False,3.5268428750474294,40,20,2.0,89
2STEP-VF,9,2,2.859942777454469,-0.38868755297429497,0.05645122151071319,-0.7019923945572466,False,6.850565362804771,40,20,2.0,90
2STEP-VF,9,2,2.891732085796459,-0.3950875614299975,0.043583793471614556,-0.2729673185118846,False,4.0324204990468875,40,20,2.0,91
2STEP-VF,9,2,2.8894177142804254,-0.3829129449564206,0.02654431691510521,0.24293798946886802,False,4.1057309435825475,40,20,2.0,92
2STEP-VF,9,2,2.87848347536453,-0.3724518536320343,0.05869940626271568,-0.811787543168148,False,5.304203376358932,40,20,2.0,93
2STEP-VF,9,2,2.908247981849739,-0.3836141014248881,0.03969730625108572,-0.17514507770402754,False,5.197885328904567,40,20,2.0,94
2STEP-VF,9,2,2.887648513723372,-0.3657671492633492,0.04790203681470985,-0.48176510901527525,False,5.550088548455604,40,20,2.0,95
2STEP-VF,9,2,2.890051844101532,-0.3891111322077354,0.03885097092291244,-0.1359612415885414,False,5.520990595123962,40,20,2.0,96
2STEP-VF,9,2,2.8815136311885525,-0.36779229874066177,0.04636249923509071,-0.42800764067400165,False,3.260299618530046,40,20,2.0,97
2STEP-VF,9,2,2.882912015237895,-0.37894799288567044,0.049191742004053234,-0.4916858402898212,False,5.879949854414582,40,20,2.0,98
2STEP-VF,9,2,2.8966245658827914,-0.38054400636137276,0.04492203943073944,-0.35040217256340034,False,5.236325246027638,40,20,2.0,99
2STEP-VF,9,2,5.104101434364278,-0.5809055097838917,0.060083540532001344,-0.2222539874808469,False,4.74175925872081,44,20,2.0,0
2STEP-VF,9,2,5.105206458491124,-0.5994048315194653,0.0553402540576145,-0.0260041466874803,False,3.851394241573884,44,20,2.0,1
2STEP-VF,9,2,5.076156759395453,-0.6088554150107294,0.09203556990892382,-1.179315835496085,False,3.3743486450589377,44,20,2.0,2
2STEP-VF,9,2,5.077117368184859,-0.5688857627710764,0.06402381914993026,-0.3788093400560939,False,4.324172724704415,44,20,2.0,3
2STEP-VF,9,2,5.1024083906340305,-0.5836261593134991,0.06589922067357186,-0.4019277757638602,False,10.447741219078184,44,20,2.0,4
2STEP-VF,9,2,5.083524806990355,-0.5841665572811335,0.06272671981455945,-0.3002438081717611,False,8.611259597514199,44,20,2.0,5
2STEP-VF,9,2,5.09111857109799,-0.5909011589745382,0.06105660827851714,-0.23018156910777776,False,3.2258441913359674,44,20,2.0,6
2STEP-VF,9,2,5.092404121227673,-0.5853344069147562,0.04350851132905821,0.31807446133921236,False,3.7106412151406527,44,20,2.0,7
2STEP-VF,9,2,5.071472681296379,-0.5862055210419431,0.055585268627147424,-0.06754698469027165,False,4.521760794861572,44,20,2.0,8
2STEP-VF,9,2,5.082853076494107,-0.5854320175665245,0.06358923162101154,-0.32484738512306466,False,10.047908076730803,44,20,2.0,9
2STEP-VF,9,2,5.05169468938853,-0.5976322193212039,0.08986001961858146,-1.1381016200604062,False,5.35638620538062,44,20,2.0,10
2STEP-VF,9,2,5.061686541718741,-0.5901010046505253,0.06967084919710395,-0.509523570642942,False,4.208310260664633,44,20,2.0,11
2STEP-VF,9,2,5.083695060319078,-0.5849538312868904,0.05471010906464879,-0.04181259136108029,False,4.386077317883065,44,20,2.0,12
2STEP-VF,9,2,5.065504430948919,-0.6070521752517437,0.07122526800793161,-0.5183530897926918,False,18.162377458548608,44,20,2.0,13
2STEP-VF,9,2,5.0754744312218945,-0.5912521851399869,0.049712845168036285,0.13272266483212047,False,4.8045586091042995,44,20,2.0,14
2STEP-VF,9,2,5.070392169009497,-0.5700121077982492,0.06226665158469168,-0.32028026185376657,False,5.569759397159697,44,20,2.0,15
2STEP-VF,9,2,5.108466956835565,-0.5926598149715774,0.05788567932326706,-0.12345016500262673,False,7.74931393686219,44,20,2.0,16
2STEP-VF,9,2,5.0840849423299534,-0.5848121442926095,0.0712574625963424,-0.571644560240897,False,4.156175954162583,44,20,2.0,17
2STEP-VF,9,2,5.0890699587743224,-0.575751348620293,0.0519156414924415,0.025846906457033914,False,4.334862823531104,44,20,2.0,18
2STEP-VF,9,2,5.100983551440948,-0.5901280356081238,0.0906363640168873,-1.17799734999444,False,4.979226178524171,44,20,2.0,19
2STEP-VF,9,2,5.0888596815949585,-0.5946307017157195,0.06543657072520018,-0.3615249981929818,False,5.503935244338969,44,20,2.0,20
2STEP-VF,9,2,5.071530341760589,-0.5833621019663854,0.07865749891795287,-0.8126791001495322,False,4.476570813112576,44,20,2.0,21
2STEP-VF,9,2,5.115121083711822,-0.5920692598962107,0.0596943696381631,-0.1823463396476046,False,8.876968257455307,44,20,2.0,22
2STEP-VF,9,2,5.077318769468049,-0.6095578756470039,0.07872748926327802,-0.7517016287040048,False,4.601929759053526,44,20,2.0,23
2STEP-VF,9,2,5.0826613842922495,-0.5888557364491716,0.09808865970956251,-1.4206236601704547,False,3.8632835157923013,44,20,2.0,24
2STEP-VF,9,2,5.110495820451882,-0.5921318332421837,0.04447874587893032,0.3044262808825833,False,6.595843689409865,44,20,2.0,25
2STEP-VF,9,2,5.06327563777695,-0.5854271952506586,0.09648508894502324,-1.378701039372547,False,3.6759608619601942,44,20,2.0,26
2STEP-VF,9,2,5.047883804558676,-0.6045705895511398,0.09895712545327766,-1.4127855713086297,False,4.098458211509877,44,20,2.0,27
2STEP-VF,9,2,5.086091443084287,-0.58534149208608,0.0641929476390871,-0.3441892568591385,False,7.555373253623323,44,20,2.0,28
2STEP-VF,9,2,5.090500613908971,-0.592926287459003,0.05201361723836344,0.06401737510851513,False,4.166830154425957,44,20,2.0,29
2STEP-VF,9,2,5.088217968276725,-0.5826743556171088,0.06035958498521641,-0.227795187949261,False,4.340095069724118,44,20,2.0,30
2STEP-VF,9,2,5.081275011704564,-0.5923080877620347,0.06729516295313452,-0.4270293031691481,False,4.866951524380502,44,20,2.0,31
2STEP-VF,9,2,5.075848494397947,-0.600608046899181,0.07701460114061547,-0.7184570142777842,False,5.0191198389047935,44,20,2.0,32
2STEP-VF,9,2,5.058290565987548,-0.5907193136980335,0.06932040640479967,-0.49702921811905654,False,6.172163559477313,44,20,2.0,33
2STEP-VF,9,2,5.097533178830313,-0.5920712445236633,0.06265164500877134,-0.2780296626940726,False,6.424638251996196,44,20,2.0,34
2STEP-VF,9,2,5.092893905363554,-0.5923957341669879,0.07216022441246159,-0.5818037848761872,False,4.164176258752052,44,20,2.0,35
2STEP-VF,9,2,5.083059825978373,-0.5734408076474024,0.0709342892649443,-0.5886557285657501,False,4.926348994121163,44,20,2.0,36
2STEP-VF,9,2,5.086779750260564,-0.5997561617311978,0.05605826620955236,-0.049242945535167504,False,4.341541517561148,44,20,2.0,37
2STEP-VF,9,2,5.0661430515789005,-0.6070426040505805,0.07837160362124371,-0.7470204830636717,False,3.671408587419493,44,20,2.0,38
2STEP-VF,9,2,5.114957069464086,-0.6060257498813276,0.051029105049905,0.12842786228607084,False,4.9631592441254275,44,20,2.0,39
2STEP-VF,9,2,5.065884205808464,-0.5853739127091694,0.06789250330020044,-0.4637096627559001,False,5.616703127430267,44,20,2.0,40
2STEP-VF,9,2,5.074076115146447,-0.5779459786284392,0.07697584705883977,-0.7717121902658322,False,3.7606747133926213,44,20,2.0,41
2STEP-VF,9,2,5.07142834021348,-0.5834436467222064,0.05081738557679487,0.07839411408866792,False,3.783824966220504,44,20,2.0,42
2STEP-VF,9,2,5.055186802724793,-0.5969542561609941,0.06025996702954466,-0.19231752199555618,False,6.274279418144494,44,20,2.0,43
2STEP-VF,9,2,5.087219899024514,-0.5915720155721425,0.05306897064286174,0.026798970743036277,False,3.797390788853447,44,20,2.0,44
2STEP-VF,9,2,5.0774620285589975,-0.6027748883213736,0.09256384211538772,-1.210735494007571,False,5.292406562738414,44,20,2.0,45
2STEP-VF,9,2,5.089090763593327,-0.6024874225342415,0.06093396632607141,-0.1985716625365066,False,7.948133484483738,44,20,2.0,46
2STEP-VF,9,2,5.0608962407687095,-0.5804285554117058,0.09070829249256412,-1.205983052327836,False,4.360815191527242,44,20,2.0,47
2STEP-VF,9,2,5.067660244436123,-0.6024834215212465,0.07212247492074896,-0.5578993711468081,False,3.9529486193770924,44,20,2.0,48
2STEP-VF,9,2,5.085205524470495,-0.58841450397563,0.06894910312791659,-0.4890641590835898,False,5.9986975429584515,44,20,2.0,49
2STEP-VF,9,2,5.048395484515012,-0.591807285965851,0.06110446744965918,-0.2321017430001513,False,7.333707163845423,44,20,2.0,50
2STEP-VF,9,2,5.090543514071638,-0.5878241175949036,0.06654716058256786,-0.4132986455701051,False,4.605357707964191,44,20,2.0,51
2STEP-VF,9,2,5.054686080399333,-0.5973914003690504,0.07805750917966707,-0.760819768039666,False,5.859095237418659,44,20,2.0,52
2STEP-VF,9,2,5.09643595753521,-0.6068831116124542,0.04906042036310281,0.1923721737027122,False,4.070986743234417,44,20,2.0,53
2STEP-VF,9,2,5.068341511308718,-0.5843324806753076,0.0779625122215985,-0.7883019467918913,False,4.1374166703141855,44,20,2.0,54
2STEP-VF,9,2,5.062314427672178,-0.5897847011859441,0.052918949737951006,0.025815756892163977,False,4.208347955798683,44,20,2.0,55
2STEP-VF,9,2,5.106011402714657,-0.5924320319029793,0.05376907178695163,0.0075872635475771055,False,4.3997678514898055,44,20,2.0,56
2STEP-VF,9,2,5.080771448784861,-0.5948226204028241,0.041635893227017065,0.400071992629323,False,4.29902757952625,44,20,2.0,57
2STEP-VF,9,2,5.0964737439472785,-0.5846637792690014,0.07021652591601638,-0.5379473344300845,False,3.979114805373531,44,20,2.0,58
2STEP-VF,9,2,5.080790486009814,-0.5958066793094112,0.08745066486474186,-1.0636378161685642,False,4.220645282889151,44,20,2.0,59
2STEP-VF,9,2,5.0858570448119975,-0.5980792928053127,0.06817266499765758,-0.4409835545035725,False,3.86181340679855,44,20,2.0,60
2STEP-VF,9,2,5.079691413098877,-0.5686739739593706,0.056922304242236675,-0.151914713463152,False,6.123654441982827,44,20,2.0,61
2STEP-VF,9,2,5.0801104126799705,-0.5715026894953932,0.07394912369250266,-0.6899588786103439,False,3.9806256177357073,44,20,2.0,62
2STEP-VF,9,2,5.082943365485432,-0.5931961008571486,0.07189884544746761,-0.5721158103326813,False,6.007800621365599,44,20,2.0,63
2STEP-VF,9,2,5.0819546557247115,-0.580459879889573,0.06696274356496536,-0.44478680300043405,False,3.4913795342864646,44,20,2.0,64
2STEP-VF,9,2,5.070546674180155,-0.5873298653975125,0.07121419045474445,-0.5650296171469835,False,5.245498236658872,44,20,2.0,65
2STEP-VF,9,2,5.0759220898714394,-0.5899933945829678,0.05478687538109828,-0.03264053980373616,False,3.626773017530454,44,20,2.0,66
2STEP-VF,9,2,5.047699709117001,-0.5950024190508639,0.08876463672600231,-1.1096005869629808,False,4.122519242428661,44,20,2.0,67
2STEP-VF,9,2,5.086403722700954,-0.6147274102830436,0.05843690218795467,-0.08945086197318819,False,3.903254120366232,44,20,2.0,68
2STEP-VF,9,2,5.055677857740467,-0.5816958814934812,0.08240110661554143,-0.9374246246485434,False,5.8710504708941995,44,20,2.0,69
2STEP-VF,9,2,5.10887760425646,-0.5758972819749416,0.048534365517045194,0.13558643644980073,False,5.442412376912101,44,20,2.0,70
2STEP-VF,9,2,5.065514007542982,-0.6038606064698454,0.08556525552868895,-0.9848918809378389,False,4.630460866917501,44,20,2.0,71
2STEP-VF,9,2,5.088028079513393,-0.596008738510384,0.061987299260112094,-0.2478909191278622,False,4.167300475905252,44,20,2.0,72
2STEP-VF,9,2,5.073661834534025,-0.5819760583907272,0.05898452564884922,-0.18634257055338876,False,3.298430965285199,44,20,2.0,73
2STEP-VF,9,2,5.099135299262195,-0.589982529107703,0.06433142246936957,-0.3366993312056079,False,3.7342488343942066,44,20,2.0,74
2STEP-VF,9,2,5.081299044042612,-0.5763051398276076,0.05523729558894947,-0.07958318061756864,False,4.195137054252316,44,20,2.0,75
2STEP-VF,9,2,5.088065448510396,-0.5953873546224073,0.07149839874775282,-0.5537351819236895,False,5.185521243768344,44,20,2.0,76
2STEP-VF,9,2,5.1014322392158755,-0.5902183387018625,0.048707123632497275,0.1639819909975091,False,3.693719064178188,44,20,2.0,77
2STEP-VF,9,2,5.094106646338056,-0.5823635877660682,0.05782768761882295,-0.14716699438348768,False,4.455851936080829,44,20,2.0,78
2STEP-VF,9,2,5.088649226407806,-0.5990567601137717,0.06787076529177123,-0.42880931147915957,False,5.543988674372736,44,20,2.0,79
2STEP-VF,9,2,5.107393510545353,-0.6024374395702268,0.056168880186995014,-0.0451107003825757,False,3.878275435761091,44,20,2.0,80
2STEP-VF,9,2,5.0765584062043185,-0.5925630875013601,0.06693529874193406,-0.415184645366367,False,8.879018848926927,44,20,2.0,81
2STEP-VF,9,2,5.090141602189373,-0.5641360332282889,0.08849422906724896,-1.1724803542727118,False,3.6650769784915562,44,20,2.0,82
2STEP-VF,9,2,5.111492432321287,-0.5899286886987273,0.052836488739546786,0.031750759150725116,False,4.521962405648313,44,20,2.0,83
2STEP-VF,9,2,5.093074731617509,-0.588806344206788,0.06158174139647833,-0.2518960146939653,False,4.503763445431328,44,20,2.0,84
2STEP-VF,9,2,5.093452193806689,-0.5752105308526672,0.07235421740372106,-0.6292225512442717,False,3.8496269959467018,44,20,2.0,85
2STEP-VF,9,2,5.066899949306306,-0.5846533495468296,0.07544762724061721,-0.7071420358289819,False,3.8778738870248497,44,20,2.0,86
2STEP-VF,9,2,5.068469007168812,-0.5966102799172336,0.06270172221080592,-0.2704822985143005,False,6.454924008287273,44,20,2.0,87
2STEP-VF,9,2,5.085699010310515,-0.5891128616637696,0.04593706738026935,0.24902665244305866,False,4.354684951865226,44,20,2.0,88
2STEP-VF,9,2,5.067468000510989,-0.5847035029210337,0.04931962563040592,0.12910846686815014,False,4.207334019013728,44,20,2.0,89
2STEP-VF,9,2,5.114225458233206,-0.5871499284019591,0.04561860294062998,0.25621806155853455,False,3.491307730016766,44,20,2.0,90
2STEP-VF,9,2,5.067341520241874,-0.5781401713779921,0.08284398000228915,-0.9594304575515598,False,4.677372005595754,44,20,2.0,91
2STEP-VF,9,2,5.087160509962747,-0.5839327645652757,0.06230459648552413,-0.28707882198234635,False,5.918110027700762,44,20,2.0,92
2STEP-VF,9,2,5.106161057721923,-0.5964783582171544,0.050975031532771546,0.10671671413579609,False,4.208724598925432,44,20,2.0,93
2STEP-VF,9,2,5.111539335227698,-0.5840854138246606,0.04199185228505794,0.3647580801709931,False,3.6239800892968237,44,20,2.0,94
2STEP-VF,9,2,5.067195617736323,-0.5848278235078505,0.0740078283659337,-0.6606319942268584,False,4.395871798114195,44,20,2.0,95
2STEP-VF,9,2,5.084819542949773,-0.573506577974699,0.053651485567058635,-0.03534257842961286,False,6.1325017186086175,44,20,2.0,96
2STEP-VF,9,2,5.092553615188794,-0.5767424371832546,0.060189326661656536,-0.23632338702187106,False,7.898395607590047,44,20,2.0,97
2STEP-VF,9,2,5.070844512153982,-0.5737498952965062,0.06419936940242996,-0.3731294014369053,False,4.73244791397171,44,20,2.0,98
2STEP-VF,9,2,5.054356116791724,-0.5862629515390179,0.068016107846097,-0.46622300037395825,False,3.610165858797046,44,20,2.0,99
2STEP-VF,9,2,4.987063668411929,-0.27784613222429466,-0.000580282823280944,1.0403307388229839,False,4.293519983154895,36,40,2.0,0
2STEP-VF,9,2,4.987334495343479,-0.2790952859415203,0.02056146582797832,-1.662798870000968,False,4.81253818941722,36,40,2.0,1
2STEP-VF,9,2,4.957751423421846,-0.2768470679306363,0.016733317459628902,-1.1799665863936621,False,4.500509423048438,36,40,2.0,2
2STEP-VF,9,2,5.006346232296622,-0.2775100676314322,0.0238875829065608,-2.091205675786549,False,5.395170193866766,36,40,2.0,3
2STEP-VF,9,2,4.971665966968698,-0.2790202341283398,0.00984167007996111,-0.2917852503088847,False,5.3141687545081595,36,40,2.0,4
2STEP-VF,9,2,4.956847398819116,-0.2753634320953296,0.012782953450830723,-0.677934960748395,False,6.022022580002147,36,40,2.0,5
2STEP-VF,9,2,4.98729407289024,-0.2928897954527085,0.004308070637150931,0.4507401119045955,False,3.8770252343291545,36,40,2.0,6
2STEP-VF,9,2,4.9885467570192965,-0.2844825402204215,0.029943606895205147,-2.8507107806360903,False,5.3728694017993,36,40,2.0,7
2STEP-VF,9,2,4.935037112086161,-0.2960574810138522,0.02109942832132728,-1.6940866439714775,False,5.2879623437437555,36,40,2.0,8
2STEP-VF,9,2,4.987005747416858,-0.2932456356383106,0.014674859262349198,-0.875372115203741,False,6.139656572187531,36,40,2.0,9
2STEP-VF,9,2,4.97666595113957,-0.2823715359870452,0.025171233783782193,-2.245626280886839,False,6.38919550224142,36,40,2.0,10
2STEP-VF,9,2,4.924446735703898,-0.29270925633756134,0.01762355158964065,-1.2578455841216225,False,5.234835800306044,36,40,2.0,11
2STEP-VF,9,2,4.974389358005248,-0.28478575528529787,0.013972363607228673,-0.806513367560241,False,5.119923321125222,36,40,2.0,12
2STEP-VF,9,2,4.959752356863267,-0.2968490708330001,0.001962361175661069,0.7588406809263792,False,5.091617354595852,36,40,2.0,13
2STEP-VF,9,2,4.974334152257951,-0.2820778516935426,0.014552240112775445,-0.887239841235278,False,5.650140925450162,36,40,2.0,14
2STEP-VF,9,2,4.964987800110162,-0.2914031964515526,0.01215700808861716,-0.5588300958526609,False,7.619619391034721,36,40,2.0,15
2STEP-VF,9,2,4.9991451159533495,-0.28371352487439555,0.009722249785790725,-0.2635868059254627,False,5.528685172157082,36,40,2.0,16
2STEP-VF,9,2,4.994704626544659,-0.27344559024014037,0.0123441892053291,-0.6241045241131087,False,5.758356741595511,36,40,2.0,17
2STEP-VF,9,2,4.932393361154876,-0.276954754512147,0.04912784971858215,-5.327729751480072,False,4.565296048782206,36,40,2.0,18
2STEP-VF,9,2,4.972532091843126,-0.2850308196698798,0.028449155051485896,-2.6590659538718966,False,4.683929680643414,36,40,2.0,19
2STEP-VF,9,2,4.975851394473928,-0.2615768813293993,0.008559522412910402,-0.1692832699935377,False,4.822971960931149,36,40,2.0,20
2STEP-VF,9,2,4.9669024442271885,-0.26748322222588405,0.015980805933428186,-1.1055692794830552,False,9.506031002908374,36,40,2.0,21
2STEP-VF,9,2,4.956588107800464,-0.2793865742052869,0.0391480595006642,-4.043028551524301,False,4.214292349275815,36,40,2.0,22
2STEP-VF,9,2,4.95724112838713,-0.27034997731590266,0.008317228710198599,-0.11833086164402673,False,6.479226972430141,36,40,2.0,23
2STEP-VF,9,2,4.9673284620638425,-0.28983427214224206,0.02056579758532859,-1.6387801300568487,False,4.265963333457748,36,40,2.0,24
2STEP-VF,9,2,4.985026032976034,-0.29775215161222834,0.013672891978329889,-0.7364234473783162,False,6.9237235401704655,36,40,2.0,25
2STEP-VF,9,2,4.963048536746313,-0.2703510023884751,0.021936472010474165,-1.8612430994035747,False,5.468952471912762,36,40,2.0,26
2STEP-VF,9,2,4.970812772015983,-0.2710526632793756,0.0007832478706776296,0.8485194307447238,False,3.6130734380739433,36,40,2.0,27
2STEP-VF,9,2,4.988477829276506,-0.28775473468267604,0.02007004560818391,-1.5790458048525284,False,5.26154555139023,36,40,2.0,28
2STEP-VF,9,2,4.94954655005682,-0.27453641281545293,0.012653200310243137,-0.6637494559506256,False,5.3074568821467105,36,40,2.0,29
2STEP-VF,9,2,4.971110713682697,-0.28522575759052005,0.0231069839750999,-1.9748854877745778,False,6.3677053327896305,36,40,2.0,30
2STEP-VF,9,2,4.948887910053877,-0.2837333014177839,0.022748704876062623,-1.9339410261301022,False,5.767942099401139,36,40,2.0,31
2STEP-VF,9,2,4.945673709241791,-0.2844742018927285,0.022824616430848897,-1.9420723960516035,False,5.8373205204714935,36,40,2.0,32
2STEP-VF,9,2,4.9378773653718975,-0.2833596417505585,0.017076984043631373,-1.209518175461162,False,6.520607003502039,36,40,2.0,33
2STEP-VF,9,2,4.9933502756505135,-0.2801959078343601,0.010611232273147185,-0.38616653562134495,False,6.5688642781392135,36,40,2.0,34
2STEP-VF,9,2,4.948955861122654,-0.28286705355868264,0.016944458988321368,-1.1930724702969382,False,5.994752568397156,36,40,2.0,35
2STEP-VF,9,2,4.96768580635743,-0.2921443626684271,0.02346066031868006,-2.0037569020053776,False,5.880367940127031,36,40,2.0,36
2STEP-VF,9,2,4.995526015149928,-0.269329074174087,0.020765090423498087,-1.711810235280951,False,6.077425132766577,36,40,2.0,37
2STEP-VF,9,2,4.982635030390841,-0.284672335993888,0.02417733549220375,-2.1125272347932995,False,5.637877714411313,36,40,2.0,38
2STEP-VF,9,2,4.968015566484816,-0.27460818148498006,0.008246855190638395,-0.0984568948486737,False,6.157362330315026,36,40,2.0,39
2STEP-VF,9,2,4.961335878817651,-0.27640698493012766,0.021862796378701164,-1.8373810199123841,False,7.771201788930168,36,40,2.0,40
2STEP-VF,9,2,4.958262856705908,-0.27247717235706753,0.016388680867545375,-1.1463101659864918,False,5.16021666462806,36,40,2.0,41
2STEP-VF,9,2,4.968652597558451,-0.27551993652140516,0.016814903053227647,-1.19294058730826,False,4.116984240390233,36,40,2.0,42
2STEP-VF,9,2,4.969552493996109,-0.28904032423378223,0.021125902712626297,-1.7122456194153226,False,5.17440229393796,36,40,2.0,43
2STEP-VF,9,2,4.919446284119005,-0.27182429531537383,0.016672085294189287,-1.1864818318521917,False,4.832611883513084,36,40,2.0,44
2STEP-VF,9,2,4.943719038130909,-0.27687721821892897,0.01659405994388383,-1.1629112068038467,False,6.95561912126217,36,40,2.0,45
2STEP-VF,9,2,4.942128708772671,-0.2853894172599576,0.02542746195788785,-2.2732528066593876,False,5.508229702914249,36,40,2.0,46
2STEP-VF,9,2,5.003954664518382,-0.2838850948987372,0.01301728377872974,-0.684650816049335,False,5.341718237344771,36,40,2.0,47
2STEP-VF,9,2,4.954823355304735,-0.2716107354986748,0.01866040156968918,-1.439376234405112,False,6.102948912689986,36,40,2.0,48
2STEP-VF,9,2,4.991115392633049,-0.2768367583478438,-0.003546854009291247,1.4178724567820877,False,5.16070926742805,36,40,2.0,49
2STEP-VF,9,2,4.959780104836471,-0.28225507984816917,0.01411670577189246,-0.8319393408764411,False,4.852948911279217,36,40,2.0,50
2STEP-VF,9,2,4.996853891274133,-0.2725638690951568,0.012665911069485898,-0.6672720975893711,False,7.445103810593242,36,40,2.0,51
2STEP-VF,9,2,4.961634583974715,-0.29071165699026724,0.0235307961553331,-2.0165358560675135,False,7.298535711092454,36,40,2.0,52
2STEP-VF,9,2,4.931059107511303,-0.27252395807220164,0.019667034126208294,-1.5674593223306998,False,5.338999608538908,36,40,2.0,53
2STEP-VF,9,2,4.989280032128394,-0.28435935548253133,0.013021436003146033,-0.6849245533169138,False,4.875178859410671,36,40,2.0,54
2STEP-VF,9,2,4.956678143590872,-0.28574043229768253,0.02367157635104214,-2.0467840468035043,False,8.245771075764429,36,40,2.0,55
2STEP-VF,9,2,4.956865634569075,-0.2735677552733498,0.010729023912854295,-0.41934051011516593,False,4.555647847158614,36,40,2.0,56
2STEP-VF,9,2,4.9640721486886505,-0.26294578154492554,0.016796529982396106,-1.2210416331175618,False,8.71338989378093,36,40,2.0,57
2STEP-VF,9,2,4.9516266409477385,-0.2732398649870569,0.017313097225977785,-1.263203170499356,False,8.471559172745284,36,40,2.0,58
2STEP-VF,9,2,4.966626450545279,-0.26871953301498713,0.006143232861935752,0.15659065994090937,False,4.448982655570093,36,40,2.0,59
2STEP-VF,9,2,4.97659247044495,-0.29604813568621124,0.009810269195068,-0.24660338309510021,False,6.7177540162226705,36,40,2.0,60
2STEP-VF,9,2,4.972229100280008,-0.27970280688574095,0.0207944130011958,-1.6920643816104843,False,6.929079972943993,36,40,2.0,61
2STEP-VF,9,2,4.991047074950437,-0.29627746602919447,0.014286855464394295,-0.8181887564753771,False,5.64764994221355,36,40,2.0,62
2STEP-VF,9,2,4.949587952593965,-0.2727181642930152,0.010394408373624603,-0.378985400365075,False,5.25511522425845,36,40,2.0,63
2STEP-VF,9,2,4.969902941522567,-0.29474193594114084,0.017060443192102485,-1.1781619058390265,False,4.854319323245068,36,40,2.0,64
2STEP-VF,9,2,4.968501409258818,-0.2754502773299364,0.017908160371869774,-1.333053777451955,False,9.447694707549353,36,40,2.0,65
2STEP-VF,9,2,4.957694160240738,-0.26858255470093095,0.014909027759079341,-0.9662957722654775,False,13.81506214765948,36,40,2.0,66
2STEP-VF,9,2,4.959821166905984,-0.2762139925912125,0.020288536411123437,-1.6364298083905313,False,4.985413336260338,36,40,2.0,67
2STEP-VF,9,2,4.999842543279366,-0.27011301877509347,0.01029365029841411,-0.36932544054002014,False,5.558845965232089,36,40,2.0,68
2STEP-VF,9,2,4.966001493866354,-0.2740519270704516,0.006255763002270222,0.1549470503104765,False,6.059699204124974,36,40,2.0,69
2STEP-VF,9,2,4.939114017301001,-0.27959688776144054,0.032937455152358304,-3.2486148878363466,False,3.823513844461952,36,40,2.0,70
2STEP-VF,9,2,5.007954725759771,-0.27554925853301426,0.020654275029208292,-1.6819516997138413,False,8.754859502012803,36,40,2.0,71
2STEP-VF,9,2,4.9698511636707465,-0.26778875950560993,0.013646938554919063,-0.8059240423959319,False,6.156941162398686,36,40,2.0,72
2STEP-VF,9,2,4.9896842992581085,-0.286815920366188,0.002233108934043872,0.701901323276722,False,4.329514315821245,36,40,2.0,73
2STEP-VF,9,2,4.962678150559058,-0.2691421791067109,0.0032487214382747277,0.5278655747904843,False,4.496921024343621,36,40,2.0,74
2STEP-VF,9,2,4.966488808350127,-0.27905893412618304,0.017422760681870736,-1.2623825968756077,False,7.821635411879021,36,40,2.0,75
2STEP-VF,9,2,4.9516052356766815,-0.2800656098490817,0.015796632810814334,-1.0527152220058382,False,7.978393491845481,36,40,2.0,76
2STEP-VF,9,2,4.94125315208473,-0.28199892975409635,0.024973254857392636,-2.2233040012113436,False,5.177903380351372,36,40,2.0,77
2STEP-VF,9,2,4.991517539566273,-0.2791734452710306,0.008716181747584798,-0.14616394266640453,False,5.84876300956412,36,40,2.0,78
2STEP-VF,9,2,4.980783999162217,-0.29145762584934337,0.014179400540477933,-0.8166179271930187,False,5.998347135619006,36,40,2.0,79
2STEP-VF,9,2,4.962601480835776,-0.28118858626133425,0.016101730845234398,-1.0884128523126546,False,9.756946296816208,36,40,2.0,80
2STEP-VF,9,2,4.980884267965962,-0.27243620627819487,0.0216812203545088,-1.8224962542315013,False,7.166898768279665,36,40,2.0,81
2STEP-VF,9,2,4.993830421161212,-0.27372885924622675,0.010341852936337409,-0.36717808839057176,False,5.162687201402729,36,40,2.0,82
2STEP-VF,9,2,4.960131089086695,-0.27823409462161747,0.013775228788827823,-0.7978595925328782,False,7.507626007064667,36,40,2.0,83
2STEP-VF,9,2,4.933623574315258,-0.2867916113357041,0.013800940484482712,-0.7822031003491823,False,5.311247613095695,36,40,2.0,84
2STEP-VF,9,2,4.987239328138221,-0.26834448296196195,0.022792965564618597,-1.974238473474179,False,6.401485290108397,36,40,2.0,85
2STEP-VF,9,2,4.977166291272522,-0.284712681174238,0.012543266452328542,-0.6235976936035313,False,6.033615642226211,36,40,2.0,86
2STEP-VF,9,2,4.9502625494779915,-0.27170075357564283,0.02450964776659163,-2.1881373525735075,False,6.3387974968147125,36,40,2.0,87
2STEP-VF,9,2,4.968823251533256,-0.2731237490225521,0.013635380147819454,-0.7917022661747701,False,8.927391638619547,36,40,2.0,88
2STEP-VF,9,2,4.992226494450878,-0.2845325287339826,0.015880134209072395,-1.0502455201326562,False,6.603904095464541,36,40,2.0,89
2STEP-VF,9,2,4.968580102977412,-0.2771174792572811,0.01427131692785199,-0.863531810368936,False,20.571245691950093,36,40,2.0,90
2STEP-VF,9,2,4.975199057664952,-0.2729676758441808,-0.011291048212945829,2.398888536742997,False,4.718544807668916,36,40,2.0,91
2STEP-VF,9,2,5.0079358287294715,-0.2761355550265229,0.0058859684558770515,0.20979751943516045,False,12.82871146741422,36,40,2.0,92
2STEP-VF,9,2,4.973833473869749,-0.2820020292104337,0.014892733369563068,-0.9310349927668473,False,14.461604718010575,36,40,2.0,93
2STEP-VF,9,2,4.950303565452296,-0.282241520687698,0.009307832429144736,-0.21700468735291345,False,4.933471306782169,36,40,2.0,94
2STEP-VF,9,2,4.96178996543013,-0.2860167714346358,0.019275041903004515,-1.4830577142156447,False,7.567137440486791,36,40,2.0,95
2STEP-VF,9,2,4.978042794296988,-0.2841375072803495,0.008629351961569505,-0.12394446595023889,False,5.371722695387877,36,40,2.0,96
2STEP-VF,9,2,4.954890922150615,-0.27385728081228006,0.026796143268143988,-2.4753554090439223,False,5.9469016964659005,36,40,2.0,97
2STEP-VF,9,2,4.949322140750938,-0.26578723882653166,0.01835479673360318,-1.4145652802724755,False,6.754603011809116,36,40,2.0,98
2STEP-VF,9,2,4.961158012462875,-0.2641109444097054,0.02681375351375017,-2.500624702428957,False,7.415664572923141,36,40,2.0,99
2STEP-VF,9,2,6.963354151720754,-0.34182896057154566,0.006634954339138888,0.38891659906517695,False,5.068921238463773,40,40,2.0,0
2STEP-VF,9,2,6.94596677084301,-0.35401433623134754,0.008429879656414908,0.1873678171847062,False,5.771058032624708,40,40,2.0,1
2STEP-VF,9,2,6.9493380431767955,-0.34600763952041674,0.016890238749698177,-0.9145719425217593,False,6.451028716065393,40,40,2.0,2
2STEP-VF,9,2,6.887876522242046,-0.3483843238412549,0.023187901908406132,-1.718656475722451,False,11.4986736727522,40,40,2.0,3
2STEP-VF,9,2,6.929056591018072,-0.36527065709461887,0.018293799840873797,-1.049213407143677,False,6.3637060786836885,40,40,2.0,4
2STEP-VF,9,2,6.8739616625641435,-0.3293492753662697,0.013978123633334269,-0.5863238644338911,False,8.348215402230162,40,40,2.0,5
2STEP-VF,9,2,6.894412813175146,-0.3457227421535461,0.02583866285223057,-2.0639494951264945,False,7.4912897020184035,40,40,2.0,6
2STEP-VF,9,2,6.953609474749371,-0.3535736618764792,0.008453972649123767,0.18368485790067002,False,7.608868058344455,40,40,2.0,7
2STEP-VF,9,2,6.868118076912383,-0.34581051112689326,0.02516338192206067,-1.9788805747044798,False,10.458389989491648,40,40,2.0,8
2STEP-VF,9,2,6.846876134374348,-0.3621772806444668,0.02494162583263494,-1.9124900649680918,False,8.135814700562326,40,40,2.0,9
2STEP-VF,9,2,6.9460711767664876,-0.33275722661509777,-0.01642251580763616,3.317463637859653,False,4.272924330441032,40,40,2.0,10
2STEP-VF,9,2,6.911169057730184,-0.35538787711884795,0.014546590740212249,-0.5943625661981222,False,7.577109193941117,40,40,2.0,11
2STEP-VF,9,2,6.906501048306401,-0.3492931870026834,0.01665861291720459,-0.8796087416973637,False,8.328402596872875,40,40,2.0,12
2STEP-VF,9,2,6.914017593830996,-0.3459355510001034,-0.00630631526333618,2.052294731737139,False,3.7172240806368655,40,40,2.0,13
2STEP-VF,9,2,6.929050728737252,-0.3479750901133472,0.020508192433526393,-1.3741653714951103,False,5.958148360308373,40,40,2.0,14
2STEP-VF,9,2,6.889923269760764,-0.3603516438134176,0.02170318397889033,-1.4997682079601147,False,5.5334302175730565,40,40,2.0,15
2STEP-VF,9,2,6.894153290738931,-0.36374699318064657,0.05150116283212652,-5.305506861434308,False,4.356517054715535,40,40,2.0,16
2STEP-VF,9,2,6.908950814945383,-0.3532426839166038,0.03028026459395823,-2.6135543777300825,False,4.549312917526598,40,40,2.0,17
2STEP-VF,9,2,6.948391765686877,-0.34960738038540995,0.015614668534763797,-0.7427163535835701,False,8.155814539437314,40,40,2.0,18
2STEP-VF,9,2,6.919257763861762,-0.3497001119280743,-0.004413456007119696,1.8193581033704054,False,4.915767555194353,40,40,2.0,19
2STEP-VF,9,2,6.890546203721783,-0.3376658338253005,0.020904097452971806,-1.4518937005763632,False,9.509528492390569,40,40,2.0,20
2STEP-VF,9,2,6.915897247690006,-0.36668222912352444,0.01443537648684995,-0.5527370055589351,False,8.376165273260442,40,40,2.0,21
2STEP-VF,9,2,6.897954106883128,-0.34109529926587423,0.01453386264789692,-0.6278284542797203,False,6.53428424626781,40,40,2.0,22
2STEP-VF,9,2,6.893226278157977,-0.35824968154084436,0.024551225866354307,-1.869164098505847,False,5.769026161394292,40,40,2.0,23
2STEP-VF,9,2,6.8779935857729795,-0.34852931986210783,0.02435974264750033,-1.8688970760646058,False,6.992934256981578,40,40,2.0,24
2STEP-VF,9,2,6.892996251374473,-0.35527344135591354,-0.0019539386199668588,1.516340177692419,False,4.927578291639705,40,40,2.0,25
2STEP-VF,9,2,6.931202835561657,-0.3458435067296709,0.016701616413899428,-0.8919103146942176,False,4.730890849451815,40,40,2.0,26
2STEP-VF,9,2,6.934439831641212,-0.34607218145308,0.007806994574976844,0.24734431978882843,False,3.843083560254375,40,40,2.0,27
2STEP-VF,9,2,6.927688703087096,-0.3525092553868838,0.017181684960333576,-0.9375721398089512,False,5.69051908534753,40,40,2.0,28
2STEP-VF,9,2,6.91471581894468,-0.3535529297921601,0.013515358544640506,-0.4665559130761203,False,5.006586160624204,40,40,2.0,29
2STEP-VF,9,2,6.885364064016445,-0.3696706707399281,0.02870996728405954,-2.374544358742808,False,5.897640394972099,40,40,2.0,30
2STEP-VF,9,2,6.897227957465245,-0.3515292417870819,0.02148483898352335,-1.492555532154078,False,6.43411094150448,40,40,2.0,31
2STEP-VF,9,2,6.925308236341231,-0.3515696223599085,0.017504981208184674,-0.9813520068033843,False,10.258001104485686,40,40,2.0,32
2STEP-VF,9,2,6.889202741327784,-0.3739119053903812,0.024403097880611957,-1.8128557913017493,False,5.624450571122495,40,40,2.0,33
2STEP-VF,9,2,6.938727478549868,-0.36972400624321217,0.021019867484391816,-1.3868817743054516,False,8.250266668085969,40,40,2.0,34
2STEP-VF,9,2,6.897695924794664,-0.357204918811699,0.024477975099665247,-1.8620272521213952,False,6.982430053212513,40,40,2.0,35
2STEP-VF,9,2,6.901765495157901,-0.3461861814504044,0.01746935298154582,-0.9911244164474209,False,6.281526896629617,40,40,2.0,36
2STEP-VF,9,2,6.933645065289748,-0.3721077482917112,0.01571359860247302,-0.7022633212990554,False,4.974680145186092,40,40,2.0,37
2STEP-VF,9,2,6.927955629352607,-0.37982784975873185,0.03783148641720197,-3.5151660842197403,False,3.4911769493590508,40,40,2.0,38
2STEP-VF,9,2,6.878773944791721,-0.3515473106772445,0.027849751968057716,-2.3083282695984986,False,9.1959818555263,40,40,2.0,39
2STEP-VF,9,2,6.912068432290038,-0.3616583901245852,0.015559764141844528,-0.7089455679196932,False,5.290968406540098,40,40,2.0,40
2STEP-VF,9,2,6.901632978538918,-0.36386608352250327,0.041146625727068134,-3.979391513898379,False,4.630188873580457,40,40,2.0,41
2STEP-VF,9,2,6.9213828692003565,-0.35572616289689757,0.015136490802612165,-0.668445059629782,False,8.67398056470937,40,40,2.0,42
2STEP-VF,9,2,6.919180185786696,-0.348121329359009,0.021721391125780965,-1.5296960624911407,False,6.606311248211015,40,40,2.0,43
2STEP-VF,9,2,6.927605536998059,-0.3489266370039996,0.037748824833365474,-3.578769317641299,False,5.85743394425705,40,40,2.0,44
2STEP-VF,9,2,6.93904082056962,-0.3639997797468379,0.01943565130798825,-1.1978214467959085,False,5.091497090514706,40,40,2.0,45
2STEP-VF,9,2,6.946048548587045,-0.3555493053710773,0.021912665571497427,-1.5347399473458627,False,11.824872916803592,40,40,2.0,46
2STEP-VF,9,2,6.931073036234118,-0.36942219216658273,0.025484782086265933,-1.9595744636681947,False,5.949308109670871,40,40,2.0,47
2STEP-VF,9,2,6.938768951810784,-0.3623833337228094,0.0011238619043907013,1.1421918142813798,False,6.133179266030047,40,40,2.0,48
2STEP-VF,9,2,6.884853921341642,-0.34368092684711293,0.0551805612740044,-5.825186383358995,False,4.09254103640474,40,40,2.0,49
2STEP-VF,9,2,6.89817560253346,-0.36742003447218974,0.01639752188701009,-0.803184182652029,False,7.027757454788964,40,40,2.0,50
2STEP-VF,9,2,6.915701372996178,-0.3440450409973397,0.012918967495435524,-0.41297765864236147,False,7.434237879184997,40,40,2.0,51
2STEP-VF,9,2,6.903437082711408,-0.3367701268608911,0.01306061282615178,-0.44930391231860534,False,4.746887263448948,40,40,2.0,52
2STEP-VF,9,2,6.941867365953741,-0.36248226796978694,0.010795449068532461,-0.09534799568744212,False,4.990144518297258,40,40,2.0,53
2STEP-VF,9,2,6.929424864173134,-0.35633905613468414,0.004518854089042921,0.692565903176136,False,5.5376929724050035,40,40,2.0,54
2STEP-VF,9,2,6.895231601198034,-0.33549872531519714,0.01377055196713522,-0.5437198149649534,False,4.749106906283449,40,40,2.0,55
2STEP-VF,9,2,6.957006484585764,-0.36313129753860846,0.017739901233454466,-0.9817718547143661,False,5.787613819592384,40,40,2.0,56
2STEP-VF,9,2,6.904289930328664,-0.34797270702020144,0.01617283204053871,-0.820730608520752,False,6.620689547446286,40,40,2.0,57
2STEP-VF,9,2,6.896204576802337,-0.3380188436560987,0.019969936477548186,-1.3311343697433913,False,7.353378245272321,40,40,2.0,58
2STEP-VF,9,2,6.9118369609795005,-0.33982014808941235,0.034662123417284314,-3.2064732243390335,False,5.879436989647815,40,40,2.0,59
2STEP-VF,9,2,6.931355096535625,-0.3455715597055496,0.026412644195464786,-2.135565407934037,False,8.003567437157345,40,40,2.0,60
2STEP-VF,9,2,6.941525650924707,-0.35258672493616494,0.0238324747940912,-1.7878570947413959,False,4.761767165904184,40,40,2.0,61
2STEP-VF,9,2,6.942197602097338,-0.35414447664648047,0.006220623497536366,0.47023879239273825,False,5.906938063134731,40,40,2.0,62
2STEP-VF,9,2,6.931282457002279,-0.3623863866473608,0.011030729795937038,-0.12632913850613847,False,4.191709229223033,40,40,2.0,63
2STEP-VF,9,2,6.880662019175903,-0.34725792764244257,0.016167647433454058,-0.8232001239897035,False,8.423767147531807,40,40,2.0,64
2STEP-VF,9,2,6.917811048501084,-0.35088019099337114,0.019651495648762615,-1.2582103217474594,False,14.52610375087991,40,40,2.0,65
2STEP-VF,9,2,6.937710676985287,-0.3547389711132555,0.0020383750835019994,1.0067241606026744,False,4.369834558621534,40,40,2.0,66
2STEP-VF,9,2,6.931338974165367,-0.3537730587130448,0.016609216391860963,-0.8610440187969743,False,5.61006827639971,40,40,2.0,67
2STEP-VF,9,2,6.890094659090638,-0.3606041872404125,0.01929615237922992,-1.1910517756190018,False,9.05689919293491,40,40,2.0,68
2STEP-VF,9,2,6.933307737137418,-0.3560331142950474,0.019953590582917603,-1.2835816560770947,False,8.598797336768243,40,40,2.0,69
2STEP-VF,9,2,6.904202818835346,-0.35958121024518713,0.015684314030788456,-0.7303451222223529,False,6.071253845525963,40,40,2.0,70
2STEP-VF,9,2,6.877160913488143,-0.3581746364773394,0.027275066584474265,-2.2189597404578034,False,5.794294415447294,40,40,2.0,71
2STEP-VF,9,2,6.942993158799048,-0.3623699528508922,0.024449975280846456,-1.8433293595782632,False,6.618348196965887,40,40,2.0,72
2STEP-VF,9,2,6.909389182276454,-0.3527953383458654,0.019039115272674947,-1.1757345919357296,False,7.110708300150773,40,40,2.0,73
2STEP-VF,9,2,6.941268681253945,-0.35237460460932285,0.017863366892973832,-1.0243357903630395,False,7.291816246480148,40,40,2.0,74
2STEP-VF,9,2,6.91408197881198,-0.35619650229729316,0.023672587910718752,-1.7603747283297788,False,5.622573356846351,40,40,2.0,75
2STEP-VF,9,2,6.917381261229084,-0.3549630375835348,0.030864404982916073,-2.68368967193903,False,5.943449401602996,40,40,2.0,76
2STEP-VF,9,2,6.880210729226388,-0.36280913745124765,0.04395551303610785,-4.3427510949852275,False,5.1158719356053,40,40,2.0,77
2STEP-VF,9,2,6.922267407720792,-0.347201301554842,0.023309447532124373,-1.7349901159170518,False,11.182806381763069,40,40,2.0,78
2STEP-VF,9,2,6.9079774086464925,-0.3537443246971063,0.019762258045918656,-1.2661040060857438,False,6.039102359535565,40,40,2.0,79
2STEP-VF,9,2,6.915286668494309,-0.3392346397479567,0.0068766268037046005,0.3488721046305655,False,4.637445237434229,40,40,2.0,80
2STEP-VF,9,2,6.949858986546442,-0.35285810427481235,0.012416768038464062,-0.32549531947106436,False,5.45337242890646,40,40,2.0,81
2STEP-VF,9,2,6.922249794642412,-0.347960203417061,0.018245041126501688,-1.0849257883127255,False,5.989388445228872,40,40,2.0,82
2STEP-VF,9,2,6.880976337857977,-0.3631868895814064,0.026439664196379064,-2.099769901869667,False,6.804465220472804,40,40,2.0,83
2STEP-VF,9,2,6.897625202589614,-0.3644938231359369,0.010857401226961485,-0.10110466936944507,False,5.646015867448633,40,40,2.0,84
2STEP-VF,9,2,6.90961774056289,-0.3504926138306071,0.004454601383448329,0.6855703605458442,False,5.310076724391973,40,40,2.0,85
2STEP-VF,9,2,6.903455582561312,-0.35963221807930407,0.023081642808518904,-1.6771256211464116,False,7.890456852439517,40,40,2.0,86
2STEP-VF,9,2,6.934319133159362,-0.359801531934806,0.011582265132510445,-0.20294711232824092,False,5.158236938777332,40,40,2.0,87
2STEP-VF,9,2,6.901536439386702,-0.3673662184520804,0.03443048794486193,-3.1113313462941328,False,5.540472336199604,40,40,2.0,88
2STEP-VF,9,2,6.907064681530209,-0.35316508438959665,0.010621196856783944,-0.09749311424150053,False,5.130498979241604,40,40,2.0,89
2STEP-VF,9,2,6.951810174134258,-0.3493975248316342,0.017706745048644702,-1.0108006961825446,False,16.672630048866065,40,40,2.0,90
2STEP-VF,9,2,6.934836382750681,-0.3750057104060798,0.019833424770596575,-1.2225744826967297,False,7.966834664966003,40,40,2.0,91
2STEP-VF,9,2,6.89376295738901,-0.35578120188770956,0.02210731197475392,-1.5622352707946587,False,6.281362174770998,40,40,2.0,92
2STEP-VF,9,2,6.952006842222852,-0.3431429846880092,0.026879662698204198,-2.199933251585545,False,4.797198934808989,40,40,2.0,93
2STEP-VF,9,2,6.944316704167656,-0.34947603688734197,0.01477949249646223,-0.636373548767486,False,8.527073232299095,40,40,2.0,94
2STEP-VF,9,2,6.910564964209137,-0.35697298388363935,0.011060476533529243,-0.14437193711846064,False,10.504366257796,40,40,2.0,95
2STEP-VF,9,2,6.901802144687766,-0.36127503989927495,0.027802845375360232,-2.277595983606585,False,4.520952942189179,40,40,2.0,96
2STEP-VF,9,2,6.923368831484134,-0.36303089191673377,0.017567004247070448,-0.9619002731358086,False,5.654087818565845,40,40,2.0,97
2STEP-VF,9,2,6.935178775235236,-0.3537621488638761,0.01803135214290054,-1.0428731905038529,False,4.938215387470554,40,40,2.0,98
2STEP-VF,9,2,6.939677093179123,-0.3570805929679988,8.48253712829587e-05,1.2625164011897256,False,4.831194744992123,40,40,2.0,99
2STEP-VF,9,2,9.204829953376601,-0.4255331813412273,0.02772618629794751,-1.9753824137157405,False,7.657099625787499,44,40,2.0,0
2STEP-VF,9,2,9.157740480823886,-0.44442747481201883,0.047192999020964334,-4.424613506285159,False,6.63221894005409,44,40,2.0,1
2STEP-VF,9,2,9.261517911035236,-0.4521539381707333,0.01580191865602025,-0.3817850616987184,False,11.639483485518436,44,40,2.0,2
2STEP-VF,9,2,9.214983757385719,-0.4279204606212293,0.016829789634537844,-0.574304942286751,False,4.7930913162933155,44,40,2.0,3
2STEP-VF,9,2,9.19188174019146,-0.440596809847687,0.024521825395150777,-1.5298484025333638,False,8.14441852694566,44,40,2.0,4
2STEP-VF,9,2,9.221883456777306,-0.4554632694885097,0.020679647395994497,-1.0005700125082344,False,4.955548843171762,44,40,2.0,5
2STEP-VF,9,2,9.202429407942475,-0.4624081197720261,0.013895969796649395,-0.11675888204171181,False,7.020825426689397,44,40,2.0,6
2STEP-VF,9,2,9.197187653579853,-0.43840514617404847,0.02483469609734288,-1.574837490427382,False,5.320927741596022,44,40,2.0,7
2STEP-VF,9,2,9.155426074212649,-0.4316519738049265,0.0295927489557758,-2.202581564754721,False,7.482399910647296,44,40,2.0,8
2STEP-VF,9,2,9.218887763366089,-0.42534801596492555,-0.0023668378031585107,1.876923742922076,False,3.980260392900253,44,40,2.0,9
2STEP-VF,9,2,9.19736575375176,-0.4367292455225768,0.019913913371442788,-0.9489887770653875,False,7.659142712990766,44,40,2.0,10
2STEP-VF,9,2,9.197113447477408,-0.4240018245232411,0.02641355956643449,-1.8115044387991925,False,8.867227451055959,44,40,2.0,11
2STEP-VF,9,2,9.182329179901163,-0.46408027375645183,0.02158448368062473,-1.098081503310412,False,4.92733718169,44,40,2.0,12
2STEP-VF,9,2,9.230682921337362,-0.4387559332816598,0.02566266886606216,-1.677966399699732,False,7.540113906909585,44,40,2.0,13
2STEP-VF,9,2,9.213974264736917,-0.4355507831364543,0.012624136892475657,-0.01772918682517921,False,6.252097848633345,44,40,2.0,14
2STEP-VF,9,2,9.187881101194785,-0.4479948269393871,0.012563815152442545,0.018292111213569884,False,6.99335006937353,44,40,2.0,15
2STEP-VF,9,2,9.172974737272483,-0.4548225722966959,0.025661056252023855,-1.6426625425106351,False,5.610719410177063,44,40,2.0,16
2STEP-VF,9,2,9.235610218785906,-0.4361804650771704,0.020824132338758634,-1.0645192100487424,False,5.758046070364825,44,40,2.0,17
2STEP-VF,9,2,9.195238120576109,-0.4372359253352872,0.02342084655692,-1.3967878512465046,False,9.77272977785927,44,40,2.0,18
2STEP-VF,9,2,9.190479598184018,-0.4295577671583003,-0.003439929718120523,2.0226784209903887,False,5.092240829841583,44,40,2.0,19
2STEP-VF,9,2,9.262170128160344,-0.4257116704900814,0.00845143713430238,0.4956542636751109,False,6.903236875876264,44,40,2.0,20
2STEP-VF,9,2,9.203769127505632,-0.4326435441474588,0.027758611145424213,-1.962531573010061,False,7.6509303850242825,44,40,2.0,21
2STEP-VF,9,2,9.168756549267428,-0.43478713916382594,0.0186841860138651,-0.7979612828255052,False,5.935195664094157,44,40,2.0,22
2STEP-VF,9,2,9.189744720038801,-0.41381980582878897,0.001029414908083149,1.4127871089567785,False,4.318023784868531,44,40,2.0,23
2STEP-VF,9,2,9.153299936758854,-0.4198987351781684,0.03552417062577863,-2.9901388794665302,False,3.671898086988302,44,40,2.0,24
2STEP-VF,9,2,9.208676842018432,-0.4287615735448391,0.019750651233375004,-0.9465349708432811,False,15.911754498710302,44,40,2.0,25
2STEP-VF,9,2,9.209441481475995,-0.4337961184432191,0.014097574883154145,-0.21081241189144562,False,7.756875041107911,44,40,2.0,26
2STEP-VF,9,2,9.186880309322598,-0.46025201454911774,0.008054997241811229,0.6247780065254009,False,4.433951467069457,44,40,2.0,27
2STEP-VF,9,2,9.179034356243916,-0.43772137992632515,0.02721322001269017,-1.8820187884265276,False,5.710983270505223,44,40,2.0,28
2STEP-VF,9,2,9.23156411916432,-0.4435402696649561,0.01704076744699593,-0.562827738869726,False,6.226769007083816,44,40,2.0,29
2STEP-VF,9,2,9.171423118257778,-0.4382342750075989,0.02149665771805699,-1.1495245407975916,False,6.031935102256436,44,40,2.0,30
2STEP-VF,9,2,9.1963996509579,-0.4175014122217634,0.011692752945327683,0.05711499138776244,False,5.191933934780211,44,40,2.0,31
2STEP-VF,9,2,9.22133943496002,-0.4063629394808915,0.01989834632424782,-1.0184369086519807,False,7.84380379997529,44,40,2.0,32
2STEP-VF,9,2,9.17590090042225,-0.43042963135877144,-0.02117729499567003,4.294278928732151,False,3.6069291067584452,44,40,2.0,33
2STEP-VF,9,2,9.215719467321165,-0.4352786710375226,0.013099509129891256,-0.07912519009675734,False,5.9827673769059935,44,40,2.0,34
2STEP-VF,9,2,9.187899926631026,-0.4235965911704354,0.01971312229420865,-0.9553738392518012,False,9.86856777434313,44,40,2.0,35
2STEP-VF,9,2,9.141687568301732,-0.4344908678323772,0.024032976719973915,-1.4849416832608529,False,6.718640744591288,44,40,2.0,36
2STEP-VF,9,2,9.225750011845852,-0.44349132212091774,0.04293553052642064,-3.8778237335808896,False,5.301979656827112,44,40,2.0,37
2STEP-VF,9,2,9.153017657278905,-0.44000482044963407,0.02187562403058754,-1.1948872473993495,False,11.950554031648434,44,40,2.0,38
2STEP-VF,9,2,9.2126740667078,-0.4508982870143168,0.015667895154140514,-0.3705742468931579,False,6.948423647840695,44,40,2.0,39
2STEP-VF,9,2,9.214642694251237,-0.42484764206759124,0.012714919440361475,-0.05499678574897615,False,7.025841918134832,44,40,2.0,40
2STEP-VF,9,2,9.215623807710935,-0.4347791358460998,0.019232718215346837,-0.8653805770710998,False,10.607979634351747,44,40,2.0,41
2STEP-VF,9,2,9.195930485178549,-0.439722830364897,0.0004146498484653834,1.5540154413828966,False,4.272309960583117,44,40,2.0,42
2STEP-VF,9,2,9.176190859474032,-0.4428753428086481,0.02336298053194805,-1.3769892337801535,False,4.966573930204212,44,40,2.0,43
2STEP-VF,9,2,9.143736830904244,-0.44790703146205135,0.01838408773969006,-0.7295621453171501,False,8.164155420888155,44,40,2.0,44
2STEP-VF,9,2,9.243796389506535,-0.42948357983501256,0.01835421984550056,-0.7639517652496499,False,6.771058628351097,44,40,2.0,45
2STEP-VF,9,2,9.13188572063471,-0.43528014871294346,0.021566426474753125,-1.1679170886192536,False,6.0108701827405335,44,40,2.0,46
2STEP-VF,9,2,9.22254898829642,-0.4429431307722133,0.011397527342742757,0.15753295328002404,False,5.922172216400759,44,40,2.0,47
2STEP-VF,9,2,9.174465449038825,-0.4337735645137387,0.014983873865288412,-0.3264113729816147,False,6.714535476055874,44,40,2.0,48
2STEP-VF,9,2,9.18436069577496,-0.4247214567851821,0.02270212027436515,-1.3354782570878054,False,6.091839842497072,44,40,2.0,49
2STEP-VF,9,2,9.150966101903267,-0.43281592204581376,0.04727444884946876,-4.463313273707854,False,5.318406584136152,44,40,2.0,50
2STEP-VF,9,2,9.222436311347012,-0.4303988854271798,0.01771095286491106,-0.6806984630025641,False,4.994693656581445,44,40,2.0,51
2STEP-VF,9,2,9.141207845307326,-0.42572943543687125,0.027344870923646993,-1.9299203624598853,False,10.506594767731167,44,40,2.0,52
2STEP-VF,9,2,9.192201891964226,-0.4266923910895894,0.009557325173985415,0.35225622986273497,False,5.642209571770473,44,40,2.0,53
2STEP-VF,9,2,9.131929727995756,-0.4329912432787694,0.029486250892245013,-2.1871453466585704,False,7.254302444814524,44,40,2.0,54
2STEP-VF,9,2,9.199133338751414,-0.4262534176351855,0.048018927192151936,-4.57146647794592,False,5.485923805429765,44,40,2.0,55
2STEP-VF,9,2,9.214594107878076,-0.4371591789286797,0.0013048798142088448,1.4350330596827836,False,6.571980329794422,44,40,2.0,56
2STEP-VF,9,2,9.202610968769198,-0.4340226620433862,0.018468955732639365,-0.7702152867475605,False,8.775012727195781,44,40,2.0,57
2STEP-VF,9,2,9.179571155168386,-0.4391554588886291,0.026368593484934828,-1.7704325954288458,False,10.754595664196335,44,40,2.0,58
2STEP-VF,9,2,9.159283131689337,-0.4191522671357264,0.023591661214703383,-1.4642102064549305,False,8.58258027106095,44,40,2.0,59
2STEP-VF,9,2,9.16505836750678,-0.45033357196562557,0.041433622160617314,-3.672799561791109,False,4.4761986875756685,44,40,2.0,60
2STEP-VF,9,2,9.16247286725849,-0.42545671725703443,0.020304614600021642,-1.0281461753503787,False,7.09571323576009,44,40,2.0,61
2STEP-VF,9,2,9.206397785313007,-0.44038576965172177,0.017598565363770163,-0.6433066522796687,False,7.264158916954784,44,40,2.0,62
2STEP-VF,9,2,9.203921452446234,-0.4209186244702114,0.020959228154503816,-1.1203412179012076,False,7.427315803142391,44,40,2.0,63
2STEP-VF,9,2,9.199774997122413,-0.4231275138477802,0.020227096564450882,-1.0215758271876962,False,6.070767910001219,44,40,2.0,64
2STEP-VF,9,2,9.252200378357353,-0.4558927037557711,0.008802172063030016,0.5225964876474496,False,7.5796854412517645,44,40,2.0,65
2STEP-VF,9,2,9.1773558999476,-0.44124976746102723,0.022725935537770386,-1.2992789529312887,False,6.406655573715651,44,40,2.0,66
2STEP-VF,9,2,9.199543205282158,-0.4439724454617478,0.01799919854252524,-0.6863909520181073,False,6.4751542222747736,44,40,2.0,67
2STEP-VF,9,2,9.138120030770734,-0.43430239253357567,0.026903619350510055,-1.8530503329384622,False,8.813854856105918,44,40,2.0,68
2STEP-VF,9,2,9.203527146173254,-0.429552982167195,0.023769982049518506,-1.4594189163667064,False,12.605100869740363,44,40,2.0,69
2STEP-VF,9,2,9.266116090032526,-0.4312279185613075,0.017499411169819557,-0.6490106597878142,False,9.136160145062746,44,40,2.0,70
2STEP-VF,9,2,9.203271912861709,-0.45186234930498453,0.01787894455989016,-0.6518389505622757,False,7.666841861764331,44,40,2.0,71
2STEP-VF,9,2,9.223671369844432,-0.4030867068010178,0.025377348237666877,-1.7274721959082524,False,5.8865116750193405,44,40,2.0,72
2STEP-VF,9,2,9.140286256720133,-0.4189195769454968,0.03351561830164376,-2.736174982538002,False,6.344482171481712,44,40,2.0,73
2STEP-VF,9,2,9.179977609514209,-0.42501129404092436,0.01805254283405931,-0.7398997204905211,False,6.306145455993007,44,40,2.0,74
2STEP-VF,9,2,9.202595610594111,-0.44567972590399996,0.008575646736524592,0.5241042965300984,False,5.334605095763948,44,40,2.0,75
2STEP-VF,9,2,9.150054673635992,-0.4460905970487555,0.0323387281965642,-2.519736495825046,False,6.76171637886209,44,40,2.0,76
2STEP-VF,9,2,9.168190593344512,-0.4374233982841193,0.044668624221178684,-4.117676308828315,False,4.7410596508273635,44,40,2.0,77
2STEP-VF,9,2,9.17232357705845,-0.4317264025630488,0.025258170332970776,-1.6465630218454361,False,4.812072670236386,44,40,2.0,78
2STEP-VF,9,2,9.206375048093463,-0.42336257975721453,0.019538988689513835,-0.9325378579548487,False,7.600155457389689,44,40,2.0,79
2STEP-VF,9,2,9.20786725988448,-0.4201672753667768,0.018801501096812976,-0.8457186439187283,False,5.6335482555589635,44,40,2.0,80
2STEP-VF,9,2,9.209448716926277,-0.43058708317617056,0.010502509302415792,0.2416547319291642,False,5.103631039141443,44,40,2.0,81
2STEP-VF,9,2,9.172843932644522,-0.43919362054400246,0.062173881560870344,-6.353821514527128,False,4.124291602695462,44,40,2.0,82
2STEP-VF,9,2,9.157059760092029,-0.4355874585498869,0.02397889251862585,-1.4744647562588593,False,7.419799766841576,44,40,2.0,83
2STEP-VF,9,2,9.215145330155897,-0.4288689946877945,0.025078564527520938,-1.6278619524626206,False,4.978953263982756,44,40,2.0,84
2STEP-VF,9,2,9.175082377603381,-0.4362497672358518,0.02137262463610811,-1.1381915693995914,False,8.770438393054663,44,40,2.0,85
2STEP-VF,9,2,9.166016251215169,-0.4543940469291646,0.0035914945100005364,1.1807953904228363,False,6.465221849392685,44,40,2.0,86
2STEP-VF,9,2,9.204565705248303,-0.43736922371769144,-0.028885526806962936,5.299307510528614,False,3.957453136560602,44,40,2.0,87
2STEP-VF,9,2,9.159789028644267,-0.432205039043874,0.034142151347741234,-2.7833159370869254,False,7.61750049540918,44,40,2.0,88
2STEP-VF,9,2,9.204739136079256,-0.4370468907154711,0.01280822783506209,-0.038256277006062156,False,4.746039578644676,44,40,2.0,89
2STEP-VF,9,2,9.184759297257742,-0.43267108477485583,0.02125827003910286,-1.1315624037100482,False,4.800367549106144,44,40,2.0,90
2STEP-VF,9,2,9.172370035696321,-0.44887410884683565,0.027069357479059586,-1.837237693945443,False,6.684931220010951,44,40,2.0,91
2STEP-VF,9,2,9.171783743807069,-0.43384474855810323,0.030603894937398502,-2.3257641308191372,False,5.232522340153353,44,40,2.0,92
2STEP-VF,9,2,9.161386194620807,-0.428010938116135,0.01496234966690306,-0.3382713342076198,False,5.4186545680556355,44,40,2.0,93
2STEP-VF,9,2,9.211155479872914,-0.42076013426895675,0.020783224061206654,-1.097759028796581,False,9.241939401332536,44,40,2.0,94
2STEP-VF,9,2,9.184867218647248,-0.4143584984712875,0.018440726475386908,-0.8148605593995999,False,7.814767781473499,44,40,2.0,95
2STEP-VF,9,2,9.192809083764152,-0.4508753585162688,0.059418001683750915,-5.971834810055224,False,4.800762353382027,44,40,2.0,96
2STEP-VF,9,2,9.168778178986598,-0.44619082844103064,0.027666414962391476,-1.9203164361884406,False,7.471152915953374,44,40,2.0,97
2STEP-VF,9,2,9.212139483760462,-0.43125341555176555,0.02056658138689473,-1.0447858511726607,False,12.013449680569073,44,40,2.0,98
2STEP-VF,9,2,9.166375530444625,-0.43969156246037316,0.0176498049801675,-0.6539327557298675,False,5.657516372500941,44,40,2.0,99
