method,M0,nu,price,delta,gamma,theta,ex_region,alpha_star,T,sigma,r,d,K,rep
2STEP-VF,9,2,0.03000804654011197,-0.029084402686258004,0.02296887395082808,-0.11214794236719874,False,1.6970562748477145,0.5,0.1,0.06,0.0,36,0
2STEP-VF,9,2,0.030124900641357758,-0.026722885841719154,0.023192961612841522,-0.11960127284412478,False,1.6970562748477145,0.5,0.1,0.06,0.0,36,1
2STEP-VF,9,2,0.03039562801818684,-0.028272178002907142,0.017650545318621074,-0.07152739766090027,False,1.6970562748477145,0.5,0.1,0.06,0.0,36,2
2STEP-VF,9,2,0.030957929899832218,-0.029279837753961247,0.026615150059376886,-0.14079211407151823,False,1.6970562748477145,0.5,0.1,0.06,0.0,36,3
2STEP-VF,9,2,0.031895729293870315,-0.030105823346118603,0.0222821145549255,-0.10408919665108717,False,1.6970562748477145,0.5,0.1,0.06,0.0,36,4
2STEP-VF,9,2,0.03029922260632345,-0.027005655025453046,0.020666600721561845,-0.09870128035502808,False,1.6970562748477145,0.5,0.1,0.06,0.0,36,5
2STEP-VF,9,2,0.03038490432847769,-0.028273216475319458,0.02547828121527191,-0.13414743592169998,False,1.6970562748477145,0.5,0.1,0.06,0.0,36,6
2STEP-VF,9,2,0.028549188432145628,-0.026651357493169853,0.02623173590404878,-0.1441776779428539,False,1.6970562748477145,0.5,0.1,0.06,0.0,36,7
2STEP-VF,9,2,0.029621332494038668,-0.027938505297730787,0.026992582408493164,-0.14711096660374917,False,1.6970562748477145,0.5,0.1,0.06,0.0,36,8
2STEP-VF,9,2,0.029947544212669392,-0.02866323938081486,0.02433808536254603,-0.12411605573365248,False,1.6970562748477145,0.5,0.1,0.06,0.0,36,9
2STEP-VF,9,2,0.0305049522937091,-0.027402593476963787,0.025031495638292236,-0.1326554436240023,False,1.6970562748477145,0.5,0.1,0.06,0.0,36,10
2STEP-VF,9,2,0.02959252814258511,-0.02783611581577407,0.022407606725691184,-0.11067862415911663,False,1.6970562748477145,0.5,0.1,0.06,0.0,36,11
2STEP-VF,9,2,0.02996497829930385,-0.03038014610832765,0.025452235830543603,-0.1289076372864043,False,1.6970562748477145,0.5,0.1,0.06,0.0,36,12
2STEP-VF,9,2,0.031004615814818306,-0.028118783429784498,0.026441766367978518,-0.1421887737634563,False,1.6970562748477145,0.5,0.1,0.06,0.0,36,13
2STEP-VF,9,2,0.029660488961529972,-0.02668825742924616,0.022914026277724688,-0.11748076305391496,False,1.6970562748477145,0.5,0.1,0.06,0.0,36,14
2STEP-VF,9,2,0.030112193584468386,-0.026853551833114546,0.021423795585262684,-0.1051351086675585,False,1.6970562748477145,0.5,0.1,0.06,0.0,36,15
2STEP-VF,9,2,0.03085737003681074,-0.027588675520394342,0.026401610060511,-0.143148617032933,False,1.6970562748477145,0.5,0.1,0.06,0.0,36,16
2STEP-VF,9,2,0.03140476788163168,-0.029655588255805606,0.02450291990397309,-0.12296566134495342,False,1.6970562748477145,0.5,0.1,0.06,0.0,36,17
2STEP-VF,9,2,0.03103313114020323,-0.028838563795877056,0.023640715816038525,-0.11805118554979112,False,1.6970562748477145,0.5,0.1,0.06,0.0,36,18
2STEP-VF,9,2,0.030554862827752636,-0.026566595818050508,0.02102555056017681,-0.10261128274842815,False,1.6970562748477145,0.5,0.1,0.06,0.0,36,19
2STEP-VF,9,2,0.030309046267943857,-0.027184275225217873,0.01914278972509204,-0.08608151448413683,False,1.6970562748477145,0.5,0.1,0.06,0.0,36,20
2STEP-VF,9,2,0.030552878507108052,-0.029385111283690805,0.025126389105642136,-0.12865367305385272,False,1.6970562748477145,0.5,0.1,0.06,0.0,36,21
2STEP-VF,9,2,0.02959258666320552,-0.027874193121282934,0.0250623679422398,-0.13182532484704707,False,1.6970562748477145,0.5,0.1,0.06,0.0,36,22
2STEP-VF,9,2,0.031303367708697086,-0.02911843437971158,0.025037809691969785,-0.12854003296192873,False,1.6970562748477145,0.5,0.1,0.06,0.0,36,23
2STEP-VF,9,2,0.02829873056834161,-0.024840214210710677,0.030221684836281144,-0.18045904075044308,False,1.6970562748477145,0.5,0.1,0.06,0.0,36,24
2STEP-VF,9,2,0.031228172193087038,-0.029000819312672052,0.027117678616289623,-0.1454657722483189,False,1.6970562748477145,0.5,0.1,0.06,0.0,36,25
2STEP-VF,9,2,0.030713190487314072,-0.02917420143667501,0.02145655564418179,-0.09979157027619548,False,1.6970562748477145,0.5,0.1,0.06,0.0,36,26
2STEP-VF,9,2,0.03019784739971065,-0.028032324047489215,0.027069731913238627,-0.1474684067479523,False,1.6970562748477145,0.5,0.1,0.06,0.0,36,27
2STEP-VF,9,2,0.02963205468671616,-0.02738477074056128,0.01651783476661212,-0.06464130507434694,False,1.6970562748477145,0.5,0.1,0.06,0.0,36,28
2STEP-VF,9,2,0.0283946240604064,-0.02750562244115329,0.03030755358640416,-0.17474325738884106,False,1.6970562748477145,0.5,0.1,0.06,0.0,36,29
2STEP-VF,9,2,0.030917225251531504,-0.029494187870590122,0.023174596387256077,-0.11275568669354046,False,1.6970562748477145,0.5,0.1,0.06,0.0,36,30
2STEP-VF,9,2,0.029320437056849627,-0.026072772597724288,0.029136921620179237,-0.1687614925034847,False,1.6970562748477145,0.5,0.1,0.06,0.0,36,31
2STEP-VF,9,2,0.029409504156643698,-0.029486888465262654,0.02415225674727163,-0.12068495141214411,False,1.6970562748477145,0.5,0.1,0.06,0.0,36,32
2STEP-VF,9,2,0.030619756649640444,-0.028809633640179185,0.026158965401728036,-0.13829141707841586,False,1.6970562748477145,0.5,0.1,0.06,0.0,36,33
2STEP-VF,9,2,0.02994739146100992,-0.030433231539152842,0.02076747393630423,-0.09130319230880646,False,1.6970562748477145,0.5,0.1,0.06,0.0,36,34
2STEP-VF,9,2,0.030499706349447746,-0.028384479588226066,0.02340098433388626,-0.11725514127838067,False,1.6970562748477145,0.5,0.1,0.06,0.0,36,35
2STEP-VF,9,2,0.029508398867352216,-0.028431540417887747,0.02433391375711131,-0.12466510912191882,False,1.6970562748477145,0.5,0.1,0.06,0.0,36,36
2STEP-VF,9,2,0.032454316482064295,-0.028909609345732546,0.021189597209505116,-0.09818645625735899,False,1.6970562748477145,0.5,0.1,0.06,0.0,36,37
2STEP-VF,9,2,0.030785958975303743,-0.02851415120219907,0.02222676036040249,-0.10753296245942397,False,1.6970562748477145,0.5,0.1,0.06,0.0,36,38
2STEP-VF,9,2,0.030162123110438616,-0.029053205806210274,0.024650107574498852,-0.1256634392744599,False,1.6970562748477145,0.5,0.1,0.06,0.0,36,39
2STEP-VF,9,2,0.0306900201921738,-0.02858681050372009,0.024957129178645492,-0.12920728700870537,False,1.6970562748477145,0.5,0.1,0.06,0.0,36,40
2STEP-VF,9,2,0.030276858507110798,-0.027989229073596102,0.018868547412671733,-0.08195761801431661,False,1.6970562748477145,0.5,0.1,0.06,0.0,36,41
2STEP-VF,9,2,0.030316082385949062,-0.029147881419558545,0.023115924879120932,-0.11315351868287003,False,1.6970562748477145,0.5,0.1,0.06,0.0,36,42
2STEP-VF,9,2,0.028073388587253584,-0.027506522125247818,0.0278054171020079,-0.15474328040023327,False,1.6970562748477145,0.5,0.1,0.06,0.0,36,43
2STEP-VF,9,2,0.029665057956871334,-0.025735170883920716,0.020441760686788234,-0.0999897718954839,False,1.6970562748477145,0.5,0.1,0.06,0.0,36,44
2STEP-VF,9,2,0.030327175145085657,-0.027597842468766662,0.0275381700195489,-0.15225090772264616,False,1.6970562748477145,0.5,0.1,0.06,0.0,36,45
2STEP-VF,9,2,0.02987741472112571,-0.026307496893681052,0.02804182180680302,-0.15940393702632216,False,1.6970562748477145,0.5,0.1,0.06,0.0,36,46
2STEP-VF,9,2,0.031175324750645248,-0.02869074387348436,0.017636689125320567,-0.07036520822116339,False,1.6970562748477145,0.5,0.1,0.06,0.0,36,47
2STEP-VF,9,2,0.030862778226484266,-0.028778979461860525,0.021312061295259175,-0.09957517296001912,False,1.6970562748477145,0.5,0.1,0.06,0.0,36,48
2STEP-VF,9,2,0.029615387423487936,-0.027521743991614805,0.022290813391345837,-0.11049739830548191,False,1.6970562748477145,0.5,0.1,0.06,0.0,36,49
2STEP-VF,9,2,0.030919846279081054,-0.02872457682443267,0.01802537794937844,-0.07340884843964426,False,1.6970562748477145,0.5,0.1,0.06,0.0,36,50
2STEP-VF,9,2,0.03106503583678385,-0.028003092760548774,0.017126951217817515,-0.06794428496701607,False,1.6970562748477145,0.5,0.1,0.06,0.0,36,51
2STEP-VF,9,2,0.03028708991201341,-0.026981899699561402,0.021522142516987884,-0.10560335546223494,False,1.6970562748477145,0.5,0.1,0.06,0.0,36,52
2STEP-VF,9,2,0.029713153033445548,-0.02619761708642034,0.02319398901168112,-0.12089484190403343,False,1.6970562748477145,0.5,0.1,0.06,0.0,36,53
2STEP-VF,9,2,0.030941606011142528,-0.028558063612667498,0.024963149483515853,-0.12930934683705633,False,1.6970562748477145,0.5,0.1,0.06,0.0,36,54
2STEP-VF,9,2,0.029126150864781677,-0.026315714848016314,0.02602332565337937,-0.14328132053990897,False,1.6970562748477145,0.5,0.1,0.06,0.0,36,55
2STEP-VF,9,2,0.031186808038743824,-0.028566712900930765,0.02259528372399698,-0.11033095034741743,False,1.6970562748477145,0.5,0.1,0.06,0.0,36,56
2STEP-VF,9,2,0.030530863512800932,-0.028547394088057326,0.027224596602407808,-0.1474511751971569,False,1.6970562748477145,0.5,0.1,0.06,0.0,36,57
2STEP-VF,9,2,0.029830221380973874,-0.026318152546583946,0.017065655396280133,-0.0715718637755812,False,1.6970562748477145,0.5,0.1,0.06,0.0,36,58
2STEP-VF,9,2,0.02988834115561209,-0.028580495300823766,0.025749163129897654,-0.13560681584786755,False,1.6970562748477145,0.5,0.1,0.06,0.0,36,59
2STEP-VF,9,2,0.02934343086178011,-0.027346071725015384,0.02412234075790801,-0.1255875480715204,False,1.6970562748477145,0.5,0.1,0.06,0.0,36,60
2STEP-VF,9,2,0.030688963364940574,-0.030055550095379514,0.03160912879499789,-0.17889837232917588,False,1.6970562748477145,0.5,0.1,0.06,0.0,36,61
2STEP-VF,9,2,0.030806772955293493,-0.027694768559851153,0.02333485374235073,-0.11836297901784548,False,1.6970562748477145,0.5,0.1,0.06,0.0,36,62
2STEP-VF,9,2,0.030609509353219953,-0.027828871271021464,0.023622188401757987,-0.12035164560241925,False,1.6970562748477145,0.5,0.1,0.06,0.0,36,63
2STEP-VF,9,2,0.029428626969963134,-0.028565621755322016,0.02470218339627344,-0.12729425733921695,False,1.6970562748477145,0.5,0.1,0.06,0.0,36,64
2STEP-VF,9,2,0.03020592423953533,-0.026894534550396063,0.025383881360575983,-0.13671181250928524,False,1.6970562748477145,0.5,0.1,0.06,0.0,36,65
2STEP-VF,9,2,0.031085450901735107,-0.02873762628665882,0.019333679646234163,-0.08383400702778807,False,1.6970562748477145,0.5,0.1,0.06,0.0,36,66
2STEP-VF,9,2,0.030793480739682806,-0.029022620019121172,0.027370335228133813,-0.14746078493479878,False,1.6970562748477145,0.5,0.1,0.06,0.0,36,67
2STEP-VF,9,2,0.0309815516144743,-0.02866369363049995,0.02524947015990797,-0.13134400346919545,False,1.6970562748477145,0.5,0.1,0.06,0.0,36,68
2STEP-VF,9,2,0.030801089615927504,-0.027260560259302943,0.02401300487926408,-0.12483062903482997,False,1.6970562748477145,0.5,0.1,0.06,0.0,36,69
2STEP-VF,9,2,0.030051597185193103,-0.027666816549010508,0.019720005106560547,-0.0895565853037476,False,1.6970562748477145,0.5,0.1,0.06,0.0,36,70
2STEP-VF,9,2,0.03040299679296075,-0.02714422361806796,0.023047270758340156,-0.11740784957578054,False,1.6970562748477145,0.5,0.1,0.06,0.0,36,71
2STEP-VF,9,2,0.03085520781329484,-0.027487309665453336,0.028649269502276326,-0.16137330035232497,False,1.6970562748477145,0.5,0.1,0.06,0.0,36,72
2STEP-VF,9,2,0.030024033098780153,-0.027338821155212068,0.026308173740061835,-0.14305077716205897,False,1.6970562748477145,0.5,0.1,0.06,0.0,36,73
2STEP-VF,9,2,0.02931508807161959,-0.025598233220558396,0.022961218718506936,-0.1204950847344182,False,1.6970562748477145,0.5,0.1,0.06,0.0,36,74
2STEP-VF,9,2,0.02922813250230628,-0.027804416089554806,0.028095515273797788,-0.15627983562531245,False,1.6970562748477145,0.5,0.1,0.06,0.0,36,75
2STEP-VF,9,2,0.03053684690085027,-0.026913214775441945,0.023237265003701057,-0.11947419375449679,False,1.6970562748477145,0.5,0.1,0.06,0.0,36,76
2STEP-VF,9,2,0.03125971911692411,-0.0280142244292046,0.013256361000073791,-0.03694116622348388,False,1.6970562748477145,0.5,0.1,0.06,0.0,36,77
2STEP-VF,9,2,0.030397100968441417,-0.027277323215365547,0.023714255599967968,-0.12242464302476001,False,1.6970562748477145,0.5,0.1,0.06,0.0,36,78
2STEP-VF,9,2,0.029194934313417856,-0.027134329695309375,0.028418898800078963,-0.1604771030730842,False,1.6970562748477145,0.5,0.1,0.06,0.0,36,79
2STEP-VF,9,2,0.03083633567091331,-0.03091577022305127,0.018612382469812873,-0.07285103108292516,False,1.6970562748477145,0.5,0.1,0.06,0.0,36,80
2STEP-VF,9,2,0.030232548540952302,-0.029031090751394144,0.019183905924560048,-0.08198267668067734,False,1.6970562748477145,0.5,0.1,0.06,0.0,36,81
2STEP-VF,9,2,0.03154909638384821,-0.029001603524454425,0.02227591973337487,-0.10671056362527746,False,1.6970562748477145,0.5,0.1,0.06,0.0,36,82
2STEP-VF,9,2,0.030111419014563736,-0.030036887448098234,0.02581922277812632,-0.132658567208701,False,1.6970562748477145,0.5,0.1,0.06,0.0,36,83
2STEP-VF,9,2,0.029370256633327308,-0.027021686472826614,0.0208126616886257,-0.09988703057622213,False,1.6970562748477145,0.5,0.1,0.06,0.0,36,84
2STEP-VF,9,2,0.02978655365219653,-0.026551126035006117,0.024472838330400967,-0.13027281094006132,False,1.6970562748477145,0.5,0.1,0.06,0.0,36,85
2STEP-VF,9,2,0.029381004763255888,-0.026719161248906255,0.02898934931624733,-0.16602594724680836,False,1.6970562748477145,0.5,0.1,0.06,0.0,36,86
2STEP-VF,9,2,0.029610793916283917,-0.02914912974674855,0.028981208417731295,-0.16011510831467685,False,1.6970562748477145,0.5,0.1,0.06,0.0,36,87
2STEP-VF,9,2,0.03089854881372012,-0.02739269842948919,0.02627176015720007,-0.14257769209800336,False,1.6970562748477145,0.5,0.1,0.06,0.0,36,88
2STEP-VF,9,2,0.030184324459861966,-0.028556580007749924,0.025302950210808372,-0.13207675020027548,False,1.6970562748477145,0.5,0.1,0.06,0.0,36,89
2STEP-VF,9,2,0.030428390106436297,-0.027960195963439863,0.02768621734442534,-0.15255956503676094,False,1.6970562748477145,0.5,0.1,0.06,0.0,36,90
2STEP-VF,9,2,0.030292080718838425,-0.027214894971021846,0.026594866101823007,-0.14562565604100136,False,1.6970562748477145,0.5,0.1,0.06,0.0,36,91
2STEP-VF,9,2,0.030279827606698326,-0.026503659397991663,0.027175908184722437,-0.15198169326619765,False,1.6970562748477145,0.5,0.1,0.06,0.0,36,92
2STEP-VF,9,2,0.02940444207222279,-0.02773670590135955,0.024764355166514956,-0.1297824806445234,False,1.6970562748477145,0.5,0.1,0.06,0.0,36,93
2STEP-VF,9,2,0.029987848819937678,-0.028054352986871936,0.022927866297808054,-0.11429321228477556,False,1.6970562748477145,0.5,0.1,0.06,0.0,36,94
2STEP-VF,9,2,0.029939428013644732,-0.02879832310697185,0.026927121329381708,-0.1445046294975026,False,1.6970562748477145,0.5,0.1,0.06,0.0,36,95
2STEP-VF,9,2,0.030483923806226557,-0.027827341447344035,0.018271173726370694,-0.0775547349089663,False,1.6970562748477145,0.5,0.1,0.06,0.0,36,96
2STEP-VF,9,2,0.029920632611692064,-0.027758362518325006,0.021400857344937383,-0.10279155075881755,False,1.6970562748477145,0.5,0.1,0.06,0.0,36,97
2STEP-VF,9,2,0.029218979593885377,-0.02729245898768835,0.028948604023729126,-0.1643337918437479,False,1.6970562748477145,0.5,0.1,0.06,0.0,36,98
2STEP-VF,9,2,0.029725386790538186,-0.028603044575176494,0.029132510111081936,-0.16262925070079967,False,1.6970562748477145,0.5,0.1,0.06,0.0,36,99
2STEP-VF,9,2,0.7374411853766235,-0.3995545115984668,0.16117672633212637,-0.2862365116980936,False,1.6970562748477145,0.5,0.1,0.06,0.0,40,0
2STEP-VF,9,2,0.7335254522302654,-0.40506597481021306,0.2370756554214741,-0.880435376693466,False,1.6970562748477145,0.5,0.1,0.06,0.0,40,1
2STEP-VF,9,2,0.736932358084916,-0.41794627287248864,0.15913928920503811,-0.2258273172612375,False,1.6970562748477145,0.5,0.1,0.06,0.0,40,2
2STEP-VF,9,2,0.7395785194936434,-0.4192736333479307,0.22362056705606456,-0.7383331052438646,False,1.6970562748477145,0.5,0.1,0.06,0.0,40,3
2STEP-VF,9,2,0.7337040048998801,-0.4042054952314729,0.17966682766655626,-0.4232191924829225,False,1.6970562748477145,0.5,0.1,0.06,0.0,40,4
2STEP-VF,9,2,0.7357323665270546,-0.4057980013038698,0.2098740829272936,-0.6609335182974385,False,1.6970562748477145,0.5,0.1,0.06,0.0,40,5
2STEP-VF,9,2,0.7313067881676265,-0.3944105654212393,0.2190346526637497,-0.7618134570089661,False,1.6970562748477145,0.5,0.1,0.06,0.0,40,6
2STEP-VF,9,2,0.7384901441052497,-0.3998022446058394,0.14713596614760108,-0.17325293348047932,False,1.6970562748477145,0.5,0.1,0.06,0.0,40,7
2STEP-VF,9,2,0.7283605908345653,-0.41211723177589993,0.2550730790835779,-1.00780164095639,False,1.6970562748477145,0.5,0.1,0.06,0.0,40,8
2STEP-VF,9,2,0.7348401484975204,-0.4238353071664979,0.1864657787532817,-0.43043108391680773,False,1.6970562748477145,0.5,0.1,0.06,0.0,40,9
2STEP-VF,9,2,0.7369713278833879,-0.40900735813065464,0.2254808561007365,-0.7780109096193182,False,1.6970562748477145,0.5,0.1,0.06,0.0,40,10
2STEP-VF,9,2,0.7310691490481901,-0.40877575497801066,0.24555676396892803,-0.9395281508613078,False,1.6970562748477145,0.5,0.1,0.06,0.0,40,11
2STEP-VF,9,2,0.7349413967066464,-0.41080622596914823,0.18823116607300042,-0.47581790245564926,False,1.6970562748477145,0.5,0.1,0.06,0.0,40,12
2STEP-VF,9,2,0.7378674370340156,-0.40992225913056546,0.13438102853627018,-0.04696276015476375,False,1.6970562748477145,0.5,0.1,0.06,0.0,40,13
2STEP-VF,9,2,0.7331936400566907,-0.40692588662761725,0.22609074003383042,-0.7881121739609611,False,1.6970562748477145,0.5,0.1,0.06,0.0,40,14
2STEP-VF,9,2,0.7344193311329084,-0.40257308352882093,0.13928220923378812,-0.10401711353316045,False,1.6970562748477145,0.5,0.1,0.06,0.0,40,15
2STEP-VF,9,2,0.73562301802057,-0.4166163266172271,0.20365128519751988,-0.5851937166175802,False,1.6970562748477145,0.5,0.1,0.06,0.0,40,16
2STEP-VF,9,2,0.7357207477731349,-0.41610327799112456,0.19035422671674643,-0.48004270168888485,False,1.6970562748477145,0.5,0.1,0.06,0.0,40,17
2STEP-VF,9,2,0.74225679673505,-0.42725647914789955,0.18234272800758375,-0.3887908663016084,False,1.6970562748477145,0.5,0.1,0.06,0.0,40,18
2STEP-VF,9,2,0.740304263219131,-0.4210389010488822,0.21520744550282384,-0.6667479457121261,False,1.6970562748477145,0.5,0.1,0.06,0.0,40,19
2STEP-VF,9,2,0.7323818159078781,-0.403790096426471,0.1476224158127511,-0.16794018612400596,False,1.6970562748477145,0.5,0.1,0.06,0.0,40,20
2STEP-VF,9,2,0.7302674829534683,-0.41458486208473233,0.26870933616969267,-1.1108549713769762,False,1.6970562748477145,0.5,0.1,0.06,0.0,40,21
2STEP-VF,9,2,0.7275295301173224,-0.40852837994398716,0.24674955587710065,-0.9498765633441972,False,1.6970562748477145,0.5,0.1,0.06,0.0,40,22
2STEP-VF,9,2,0.7344956499248831,-0.4069214654750366,0.20427989551292627,-0.6135579079678299,False,1.6970562748477145,0.5,0.1,0.06,0.0,40,23
2STEP-VF,9,2,0.7349214904015304,-0.4032060770723808,0.16757638659480406,-0.32882121836062694,False,1.6970562748477145,0.5,0.1,0.06,0.0,40,24
2STEP-VF,9,2,0.731621816409514,-0.3928692869587591,0.19138659868348215,-0.5443091917822649,False,1.6970562748477145,0.5,0.1,0.06,0.0,40,25
2STEP-VF,9,2,0.7338946790243808,-0.40730450505349447,0.20711228267398074,-0.6353337685219969,False,1.6970562748477145,0.5,0.1,0.06,0.0,40,26
2STEP-VF,9,2,0.7261799436514659,-0.4125455575894835,0.19230921573391752,-0.5047935910374921,False,1.6970562748477145,0.5,0.1,0.06,0.0,40,27
2STEP-VF,9,2,0.7283068517482464,-0.40501566861853794,0.22844505331914375,-0.8118244107637647,False,1.6970562748477145,0.5,0.1,0.06,0.0,40,28
2STEP-VF,9,2,0.733178145919973,-0.42381659002127997,0.19106690327081066,-0.46738472136021536,False,1.6970562748477145,0.5,0.1,0.06,0.0,40,29
2STEP-VF,9,2,0.734998211689963,-0.4076960074384839,0.19288656872790283,-0.520522239269464,False,1.6970562748477145,0.5,0.1,0.06,0.0,40,30
2STEP-VF,9,2,0.733086845407466,-0.39240934773403463,0.2524100985880883,-1.033513143418576,False,1.6970562748477145,0.5,0.1,0.06,0.0,40,31
2STEP-VF,9,2,0.7298611394357597,-0.41313503757299613,0.1999254965309052,-0.5640882137059056,False,1.6970562748477145,0.5,0.1,0.06,0.0,40,32
2STEP-VF,9,2,0.7359849197513092,-0.41670202345307134,0.16013847467265827,-0.2368638459088166,False,1.6970562748477145,0.5,0.1,0.06,0.0,40,33
2STEP-VF,9,2,0.730662909519782,-0.40958716272211065,0.21501240709533456,-0.6932502916584244,False,1.6970562748477145,0.5,0.1,0.06,0.0,40,34
2STEP-VF,9,2,0.7343544184106047,-0.3969400005772472,0.18058204920684018,-0.4479391271646921,False,1.6970562748477145,0.5,0.1,0.06,0.0,40,35
2STEP-VF,9,2,0.7336510521139523,-0.40728012719747714,0.16045614945432676,-0.2621578272338321,False,1.6970562748477145,0.5,0.1,0.06,0.0,40,36
2STEP-VF,9,2,0.735135806080053,-0.39884943864065486,0.20747063560334023,-0.6584182837243475,False,1.6970562748477145,0.5,0.1,0.06,0.0,40,37
2STEP-VF,9,2,0.7329686980845336,-0.4067986898576878,0.19309770078641922,-0.5244866287478314,False,1.6970562748477145,0.5,0.1,0.06,0.0,40,38
2STEP-VF,9,2,0.7291939013003835,-0.41730562580251057,0.19425505187853387,-0.5087552790242229,False,1.6970562748477145,0.5,0.1,0.06,0.0,40,39
2STEP-VF,9,2,0.7311192768395594,-0.41573995680807857,0.20956277609967114,-0.6348591558476073,False,1.6970562748477145,0.5,0.1,0.06,0.0,40,40
2STEP-VF,9,2,0.7369699052694688,-0.4124147757291041,0.1628615912486629,-0.26887907392328536,False,1.6970562748477145,0.5,0.1,0.06,0.0,40,41
2STEP-VF,9,2,0.7402379769047056,-0.41007536073461925,0.2206032518599498,-0.7362308705022305,False,1.6970562748477145,0.5,0.1,0.06,0.0,40,42
2STEP-VF,9,2,0.7439081770314669,-0.4073205714390929,0.11158826072549037,0.12949777627178782,False,1.6970562748477145,0.5,0.1,0.06,0.0,40,43
2STEP-VF,9,2,0.7332003354544543,-0.41058400379489085,0.21883401036835815,-0.7212784537118604,False,1.6970562748477145,0.5,0.1,0.06,0.0,40,44
2STEP-VF,9,2,0.7345465494752377,-0.42173337301577546,0.23674700968690085,-0.8377431892888318,False,1.6970562748477145,0.5,0.1,0.06,0.0,40,45
2STEP-VF,9,2,0.7313859019537525,-0.4090770980801315,0.1467381187050645,-0.14823676013097553,False,1.6970562748477145,0.5,0.1,0.06,0.0,40,46
2STEP-VF,9,2,0.7294462058733301,-0.40612264191761394,0.24151343000171469,-0.9136463270590447,False,1.6970562748477145,0.5,0.1,0.06,0.0,40,47
2STEP-VF,9,2,0.7341525642884073,-0.4086030216257079,0.15982753612520983,-0.25392388324267556,False,1.6970562748477145,0.5,0.1,0.06,0.0,40,48
2STEP-VF,9,2,0.7367042414540699,-0.40754447953711104,0.17611130353929336,-0.38658142293803643,False,1.6970562748477145,0.5,0.1,0.06,0.0,40,49
2STEP-VF,9,2,0.7366928404320415,-0.4113193219519147,0.1702971276777908,-0.3310090783118089,False,1.6970562748477145,0.5,0.1,0.06,0.0,40,50
2STEP-VF,9,2,0.7406111021820277,-0.40217095761124044,0.15853879649557134,-0.2586634075666723,False,1.6970562748477145,0.5,0.1,0.06,0.0,40,51
2STEP-VF,9,2,0.7352690916801251,-0.4039815405780772,0.1894553376657028,-0.5019708584374301,False,1.6970562748477145,0.5,0.1,0.06,0.0,40,52
2STEP-VF,9,2,0.7337586060603439,-0.41312622228052,0.20342675019990328,-0.591885551762358,False,1.6970562748477145,0.5,0.1,0.06,0.0,40,53
2STEP-VF,9,2,0.7411363497958303,-0.4014699023386043,0.16014628247846416,-0.27317431322731345,False,1.6970562748477145,0.5,0.1,0.06,0.0,40,54
2STEP-VF,9,2,0.7358562944859184,-0.41585025861465125,0.1420771018835524,-0.09442481672410152,False,1.6970562748477145,0.5,0.1,0.06,0.0,40,55
2STEP-VF,9,2,0.7433759632286111,-0.4172094431528121,0.16718636599401,-0.29158570659161454,False,1.6970562748477145,0.5,0.1,0.06,0.0,40,56
2STEP-VF,9,2,0.7359170945538724,-0.4027624923567,0.12844926943905294,-0.01680914818311141,False,1.6970562748477145,0.5,0.1,0.06,0.0,40,57
2STEP-VF,9,2,0.7291509880671064,-0.4014419015239992,0.25589486434217806,-1.0399492917958004,False,1.6970562748477145,0.5,0.1,0.06,0.0,40,58
2STEP-VF,9,2,0.7306088738905655,-0.40255165237609436,0.20067103772739234,-0.5954078036830788,False,1.6970562748477145,0.5,0.1,0.06,0.0,40,59
2STEP-VF,9,2,0.7393631002498704,-0.4041084609075048,0.1535558307497277,-0.2142245538048182,False,1.6970562748477145,0.5,0.1,0.06,0.0,40,60
2STEP-VF,9,2,0.7345175538266889,-0.4122539700786436,0.1955029782792737,-0.5305432448158443,False,1.6970562748477145,0.5,0.1,0.06,0.0,40,61
2STEP-VF,9,2,0.7397886639698575,-0.4150112293603844,0.17079546612213878,-0.3259494586739964,False,1.6970562748477145,0.5,0.1,0.06,0.0,40,62
2STEP-VF,9,2,0.7276679814632827,-0.39937090156743543,0.20881341788133748,-0.6683571004010582,False,1.6970562748477145,0.5,0.1,0.06,0.0,40,63
2STEP-VF,9,2,0.7334507708068116,-0.41518537754725693,0.17210540155399073,-0.3363912600701007,False,1.6970562748477145,0.5,0.1,0.06,0.0,40,64
2STEP-VF,9,2,0.7376334700502443,-0.41160429904496965,0.1402162092740922,-0.08962134828179602,False,1.6970562748477145,0.5,0.1,0.06,0.0,40,65
2STEP-VF,9,2,0.7385941292452844,-0.4216224565907259,0.2389948220297187,-0.8557490326652908,False,1.6970562748477145,0.5,0.1,0.06,0.0,40,66
2STEP-VF,9,2,0.7331267126123505,-0.42547390236336713,0.2107472250446414,-0.6208528319283098,False,1.6970562748477145,0.5,0.1,0.06,0.0,40,67
2STEP-VF,9,2,0.7247685173104393,-0.41090769033364144,0.16391528538758252,-0.28165771526129446,False,1.6970562748477145,0.5,0.1,0.06,0.0,40,68
2STEP-VF,9,2,0.7394277059920198,-0.410793223784128,0.17288330307260286,-0.3527970251393946,False,1.6970562748477145,0.5,0.1,0.06,0.0,40,69
2STEP-VF,9,2,0.7341180683754656,-0.3951415315036162,0.19012156576182299,-0.5285857663833776,False,1.6970562748477145,0.5,0.1,0.06,0.0,40,70
2STEP-VF,9,2,0.7368680068608392,-0.40964889863661824,0.19881741654568183,-0.563169895225921,False,1.6970562748477145,0.5,0.1,0.06,0.0,40,71
2STEP-VF,9,2,0.7352813005381953,-0.41468357352264135,0.14853860411140632,-0.14895137840461992,False,1.6970562748477145,0.5,0.1,0.06,0.0,40,72
2STEP-VF,9,2,0.7387898922774173,-0.4196197947711189,0.178964090008237,-0.38029781907856575,False,1.6970562748477145,0.5,0.1,0.06,0.0,40,73
2STEP-VF,9,2,0.736533779479637,-0.3999086270826518,0.19746955466030303,-0.5757837055152821,False,1.6970562748477145,0.5,0.1,0.06,0.0,40,74
2STEP-VF,9,2,0.7292034964147627,-0.41036816873888166,0.23426255046439104,-0.845464588956927,False,1.6970562748477145,0.5,0.1,0.06,0.0,40,75
2STEP-VF,9,2,0.7330754317877975,-0.4065119470985517,0.22990121824119977,-0.8195965469858069,False,1.6970562748477145,0.5,0.1,0.06,0.0,40,76
2STEP-VF,9,2,0.7360007802092471,-0.41866369385907276,0.19913978227216253,-0.5441653461029712,False,1.6970562748477145,0.5,0.1,0.06,0.0,40,77
2STEP-VF,9,2,0.7327699050695594,-0.40716083734448805,0.17096087027584425,-0.3465347582758094,False,1.6970562748477145,0.5,0.1,0.06,0.0,40,78
2STEP-VF,9,2,0.7313466485124533,-0.4148462354233485,0.24259474646057397,-0.9012462077578087,False,1.6970562748477145,0.5,0.1,0.06,0.0,40,79
2STEP-VF,9,2,0.7267919058979389,-0.4118211100466555,0.25827910730247006,-1.0342546799539114,False,1.6970562748477145,0.5,0.1,0.06,0.0,40,80
2STEP-VF,9,2,0.7257098776094268,-0.4151553126307186,0.21839697669844543,-0.7072604706172738,False,1.6970562748477145,0.5,0.1,0.06,0.0,40,81
2STEP-VF,9,2,0.7376558668382983,-0.40353712715143075,0.184639900901753,-0.4643707500402925,False,1.6970562748477145,0.5,0.1,0.06,0.0,40,82
2STEP-VF,9,2,0.7371784317673375,-0.41532372042160093,0.17561990160079863,-0.36395157788850674,False,1.6970562748477145,0.5,0.1,0.06,0.0,40,83
2STEP-VF,9,2,0.7391537897949311,-0.40497838859520957,0.21757016661883602,-0.72426397293449,False,1.6970562748477145,0.5,0.1,0.06,0.0,40,84
2STEP-VF,9,2,0.7327942907474364,-0.40855453842465783,0.1453784368555312,-0.13852894518022496,False,1.6970562748477145,0.5,0.1,0.06,0.0,40,85
2STEP-VF,9,2,0.733914783386571,-0.41210570469544283,0.22567199408974406,-0.772287374445696,False,1.6970562748477145,0.5,0.1,0.06,0.0,40,86
2STEP-VF,9,2,0.7345777907189062,-0.4096020008644945,0.15521609337955944,-0.21460927751855463,False,1.6970562748477145,0.5,0.1,0.06,0.0,40,87
2STEP-VF,9,2,0.736010678997594,-0.4173823312649372,0.17583391496275227,-0.3607930839263136,False,1.6970562748477145,0.5,0.1,0.06,0.0,40,88
2STEP-VF,9,2,0.7324927300296326,-0.3968966489772982,0.14823928701224348,-0.18941277475065443,False,1.6970562748477145,0.5,0.1,0.06,0.0,40,89
2STEP-VF,9,2,0.7313744345700537,-0.40374795569367916,0.17931808571448105,-0.42166712597681544,False,1.6970562748477145,0.5,0.1,0.06,0.0,40,90
2STEP-VF,9,2,0.7342068994924336,-0.4087569803566866,0.21310323581871618,-0.6797567197241361,False,1.6970562748477145,0.5,0.1,0.06,0.0,40,91
2STEP-VF,9,2,0.7302739495637639,-0.40212699371129546,0.17223743375806658,-0.3689782481835979,False,1.6970562748477145,0.5,0.1,0.06,0.0,40,92
2STEP-VF,9,2,0.7396399745430694,-0.4078767085066448,0.23085950947159653,-0.8235935768842411,False,1.6970562748477145,0.5,0.1,0.06,0.0,40,93
2STEP-VF,9,2,0.7400691007013694,-0.41234801579898406,0.17705866380219715,-0.3824299264579336,False,1.6970562748477145,0.5,0.1,0.06,0.0,40,94
2STEP-VF,9,2,0.7408246822017823,-0.39895570207814857,0.1255535190165993,-0.0024849862131313127,False,1.6970562748477145,0.5,0.1,0.06,0.0,40,95
2STEP-VF,9,2,0.7366020651990671,-0.4207564699170003,0.1788630108969705,-0.37689243546301965,False,1.6970562748477145,0.5,0.1,0.06,0.0,40,96
2STEP-VF,9,2,0.7361779732023543,-0.4045438801042558,0.1885787510617244,-0.4935540178514406,False,1.6970562748477145,0.5,0.1,0.06,0.0,40,97
2STEP-VF,9,2,0.7338619957035892,-0.4036332430038435,0.1925210068443741,-0.5274165518035534,False,1.6970562748477145,0.5,0.1,0.06,0.0,40,98
2STEP-VF,9,2,0.7376861718562767,-0.4002183800409203,0.1967828748762655,-0.5694777166005391,False,1.6970562748477145,0.5,0.1,0.06,0.0,40,99
2STEP-VF,9,2,3.9556598879441616,-0.9917944691946502,-0.0878867687264723,0.0,True,1.6970562748477145,0.5,0.1,0.06,0.0,44,0
2STEP-VF,9,2,3.942421792324509,-0.990747429602599,0.03920844343797285,0.0,True,1.6970562748477145,0.5,0.1,0.06,0.0,44,1
2STEP-VF,9,2,3.951815428850509,-1.0138186755836505,-0.08204670464654247,0.0,True,1.6970562748477145,0.5,0.1,0.06,0.0,44,2
2STEP-VF,9,2,3.943996319487753,-1.0121048390425702,0.05235573102753684,0.0,True,1.6970562748477145,0.5,0.1,0.06,0.0,44,3
2STEP-VF,9,2,3.9526025052093217,-0.9709513734755618,-0.051151629504148435,0.0,True,1.6970562748477145,0.5,0.1,0.06,0.0,44,4
2STEP-VF,9,2,3.941085235134881,-1.0010615598256678,-0.0025218364637980754,0.0,True,1.6970562748477145,0.5,0.1,0.06,0.0,44,5
2STEP-VF,9,2,3.9474398783878355,-0.9828099041882691,0.012383009178747205,0.0,True,1.6970562748477145,0.5,0.1,0.06,0.0,44,6
2STEP-VF,9,2,3.9484519022324465,-0.9998212000018974,-0.07878139671741029,0.0,True,1.6970562748477145,0.5,0.1,0.06,0.0,44,7
2STEP-VF,9,2,3.951194331684926,-0.9709775541988032,-0.1612589515764778,0.0,True,1.6970562748477145,0.5,0.1,0.06,0.0,44,8
2STEP-VF,9,2,3.9439229379499947,-0.9915180605933908,0.02671170320859793,0.0,True,1.6970562748477145,0.5,0.1,0.06,0.0,44,9
2STEP-VF,9,2,3.9468820566358915,-1.0082534580776659,-0.04639761948518501,0.0,True,1.6970562748477145,0.5,0.1,0.06,0.0,44,10
2STEP-VF,9,2,3.9465253563803357,-0.9894812599550842,0.0820790551508311,0.0,True,1.6970562748477145,0.5,0.1,0.06,0.0,44,11
2STEP-VF,9,2,3.946954981467181,-0.9882136696086962,0.004347301947356618,0.0,True,1.6970562748477145,0.5,0.1,0.06,0.0,44,12
2STEP-VF,9,2,3.951016111606331,-0.9802058222313877,-0.06629580298425221,0.0,True,1.6970562748477145,0.5,0.1,0.06,0.0,44,13
2STEP-VF,9,2,3.9524731148690875,-0.9512952199929535,-0.12105786670279241,0.0,True,1.6970562748477145,0.5,0.1,0.06,0.0,44,14
2STEP-VF,9,2,3.949699693468396,-1.0140541561869922,0.001865579543672027,0.0,True,1.6970562748477145,0.5,0.1,0.06,0.0,44,15
2STEP-VF,9,2,3.946846484998495,-0.9934571259954407,0.008695596580112982,0.0,True,1.6970562748477145,0.5,0.1,0.06,0.0,44,16
2STEP-VF,9,2,3.9507124213749982,-0.9894845057013989,-0.01923258215723019,0.0,True,1.6970562748477145,0.5,0.1,0.06,0.0,44,17
2STEP-VF,9,2,3.9488909837898962,-0.99960022326703,-0.004125192781233336,0.0,True,1.6970562748477145,0.5,0.1,0.06,0.0,44,18
2STEP-VF,9,2,3.9497096139315473,-0.9869590837468508,0.054856332813611595,0.0,True,1.6970562748477145,0.5,0.1,0.06,0.0,44,19
2STEP-VF,9,2,3.949070531094954,-1.025450291918667,-0.04659513033843969,0.0,True,1.6970562748477145,0.5,0.1,0.06,0.0,44,20
2STEP-VF,9,2,3.95434214008077,-1.0151205884387229,0.015482239373011943,0.0,True,1.6970562748477145,0.5,0.1,0.06,0.0,44,21
2STEP-VF,9,2,3.949035715531348,-1.0132609047083379,-0.08197757853923415,0.0,True,1.6970562748477145,0.5,0.1,0.06,0.0,44,22
2STEP-VF,9,2,3.947757341935927,-0.9994202815371688,-0.03344257429524983,0.0,True,1.6970562748477145,0.5,0.1,0.06,0.0,44,23
2STEP-VF,9,2,3.9470523457212274,-1.0206322373126393,0.044195180984314915,0.0,True,1.6970562748477145,0.5,0.1,0.06,0.0,44,24
2STEP-VF,9,2,3.948389364990551,-0.9924838196293436,-0.0001285491394884111,0.0,True,1.6970562748477145,0.5,0.1,0.06,0.0,44,25
2STEP-VF,9,2,3.941565303162047,-0.9811051661350866,0.04058574478790457,0.0,True,1.6970562748477145,0.5,0.1,0.06,0.0,44,26
2STEP-VF,9,2,3.948727276612425,-0.9976571759592076,0.03685917191981483,0.0,True,1.6970562748477145,0.5,0.1,0.06,0.0,44,27
2STEP-VF,9,2,3.9466872332267213,-0.9874167080136971,0.014992406856688397,0.0,True,1.6970562748477145,0.5,0.1,0.06,0.0,44,28
2STEP-VF,9,2,3.949460893381503,-1.0090537746295727,-0.050521898019872946,0.0,True,1.6970562748477145,0.5,0.1,0.06,0.0,44,29
2STEP-VF,9,2,3.9527498193965624,-0.9838745577246433,-0.04766927722509357,0.0,True,1.6970562748477145,0.5,0.1,0.06,0.0,44,30
2STEP-VF,9,2,3.9444759157893867,-0.9931109683853833,0.05052907419012752,0.0,True,1.6970562748477145,0.5,0.1,0.06,0.0,44,31
2STEP-VF,9,2,3.9466134469424135,-0.9893287105846703,0.04654414217529517,0.0,True,1.6970562748477145,0.5,0.1,0.06,0.0,44,32
2STEP-VF,9,2,3.9511528749644462,-0.9713031907301894,-0.08684285319630854,0.0,True,1.6970562748477145,0.5,0.1,0.06,0.0,44,33
2STEP-VF,9,2,3.9462113793419653,-0.9845804724080528,0.020177993940927376,0.0,True,1.6970562748477145,0.5,0.1,0.06,0.0,44,34
2STEP-VF,9,2,3.950286761041864,-0.9934596313987821,-0.060461342995433535,0.0,True,1.6970562748477145,0.5,0.1,0.06,0.0,44,35
2STEP-VF,9,2,3.9490571079604533,-0.9800413621450866,-0.018986722694667547,0.0,True,1.6970562748477145,0.5,0.1,0.06,0.0,44,36
2STEP-VF,9,2,3.9463976250266195,-0.9820842089666257,0.10232152724818136,0.0,True,1.6970562748477145,0.5,0.1,0.06,0.0,44,37
2STEP-VF,9,2,3.9498216398092976,-0.9832127982063563,-0.09588382538491819,0.0,True,1.6970562748477145,0.5,0.1,0.06,0.0,44,38
2STEP-VF,9,2,3.943124479503236,-0.9972367226486126,-0.02341037362687172,0.0,True,1.6970562748477145,0.5,0.1,0.06,0.0,44,39
2STEP-VF,9,2,3.9429695139047745,-0.9871541700898636,-0.0034459085582761863,0.0,True,1.6970562748477145,0.5,0.1,0.06,0.0,44,40
2STEP-VF,9,2,3.949530619295672,-0.9976568305901812,-0.08646175358766142,0.0,True,1.6970562748477145,0.5,0.1,0.06,0.0,44,41
2STEP-VF,9,2,3.9504342119694646,-0.9843865197797087,0.00122663871171722,0.0,True,1.6970562748477145,0.5,0.1,0.06,0.0,44,42
2STEP-VF,9,2,3.9444376415592983,-1.0203162884086137,0.01729612204789994,0.0,True,1.6970562748477145,0.5,0.1,0.06,0.0,44,43
2STEP-VF,9,2,3.951797815407075,-1.0087770244924825,-0.025932692759549684,0.0,True,1.6970562748477145,0.5,0.1,0.06,0.0,44,44
2STEP-VF,9,2,3.9514974715760047,-1.0154013891260785,-0.1306638866050343,0.0,True,1.6970562748477145,0.5,0.1,0.06,0.0,44,45
2STEP-VF,9,2,3.9499031748338598,-1.013337458084285,-0.038971237812022316,0.0,True,1.6970562748477145,0.5,0.1,0.06,0.0,44,46
2STEP-VF,9,2,3.9468421608284863,-0.9839649781730132,0.07489536064215736,0.0,True,1.6970562748477145,0.5,0.1,0.06,0.0,44,47
2STEP-VF,9,2,3.9520584023442518,-1.0051424192968,-0.1305896430966126,0.0,True,1.6970562748477145,0.5,0.1,0.06,0.0,44,48
2STEP-VF,9,2,3.94599958950317,-1.0314326153765077,0.019575521549987214,0.0,True,1.6970562748477145,0.5,0.1,0.06,0.0,44,49
2STEP-VF,9,2,3.9498088852144386,-0.9692344549990278,0.035061738314849156,0.0,True,1.6970562748477145,0.5,0.1,0.06,0.0,44,50
2STEP-VF,9,2,3.9472419929155502,-1.031533179005715,-0.0526886132609651,0.0,True,1.6970562748477145,0.5,0.1,0.06,0.0,44,51
2STEP-VF,9,2,3.947505061430639,-1.0064746832557476,0.06612160402252862,0.0,True,1.6970562748477145,0.5,0.1,0.06,0.0,44,52
2STEP-VF,9,2,3.9532611016938404,-1.008932764938388,-0.083248635968336,0.0,True,1.6970562748477145,0.5,0.1,0.06,0.0,44,53
2STEP-VF,9,2,3.9444259771123416,-1.0172559327580553,0.060162292986155406,0.0,True,1.6970562748477145,0.5,0.1,0.06,0.0,44,54
2STEP-VF,9,2,3.9474599257160303,-0.9778826975640147,-0.0013565205457629602,0.0,True,1.6970562748477145,0.5,0.1,0.06,0.0,44,55
2STEP-VF,9,2,3.9453246074682187,-0.9937539766974369,0.07772891583594092,0.0,True,1.6970562748477145,0.5,0.1,0.06,0.0,44,56
2STEP-VF,9,2,3.951310235456558,-1.0082737356279805,-0.0289985776927894,0.0,True,1.6970562748477145,0.5,0.1,0.06,0.0,44,57
2STEP-VF,9,2,3.953305705583238,-1.0101074473210951,-0.10592062106799004,0.0,True,1.6970562748477145,0.5,0.1,0.06,0.0,44,58
2STEP-VF,9,2,3.945008184337481,-1.0006481967764185,0.06278678168092025,0.0,True,1.6970562748477145,0.5,0.1,0.06,0.0,44,59
2STEP-VF,9,2,3.945773669366201,-1.015550484278464,0.01336110634684812,0.0,True,1.6970562748477145,0.5,0.1,0.06,0.0,44,60
2STEP-VF,9,2,3.9494089606713914,-0.9938494161766769,-0.04322692418518753,0.0,True,1.6970562748477145,0.5,0.1,0.06,0.0,44,61
2STEP-VF,9,2,3.9508760357099555,-0.9981206597240013,-0.05949757441295183,0.0,True,1.6970562748477145,0.5,0.1,0.06,0.0,44,62
2STEP-VF,9,2,3.9541288593432222,-0.9862372190122102,-0.11455154366435004,0.0,True,1.6970562748477145,0.5,0.1,0.06,0.0,44,63
2STEP-VF,9,2,3.9484056884097685,-0.9753060324397657,-0.08266423301949534,0.0,True,1.6970562748477145,0.5,0.1,0.06,0.0,44,64
2STEP-VF,9,2,3.949801979287809,-0.9905175809081844,0.03705727256380097,0.0,True,1.6970562748477145,0.5,0.1,0.06,0.0,44,65
2STEP-VF,9,2,3.9443526178610746,-0.9739417620795601,0.0328030729278083,0.0,True,1.6970562748477145,0.5,0.1,0.06,0.0,44,66
2STEP-VF,9,2,3.949515283222723,-1.0117535998704366,-0.059444410472726736,0.0,True,1.6970562748477145,0.5,0.1,0.06,0.0,44,67
2STEP-VF,9,2,3.94349409592391,-0.9770093306410179,0.06692546404528157,0.0,True,1.6970562748477145,0.5,0.1,0.06,0.0,44,68
2STEP-VF,9,2,3.9551888860976008,-1.0261354870752322,-0.05974879995015513,0.0,True,1.6970562748477145,0.5,0.1,0.06,0.0,44,69
2STEP-VF,9,2,3.9450756177791373,-1.0136087751662128,0.05791626588403299,0.0,True,1.6970562748477145,0.5,0.1,0.06,0.0,44,70
2STEP-VF,9,2,3.950360445943784,-0.9810834540892608,-0.05163225015650823,0.0,True,1.6970562748477145,0.5,0.1,0.06,0.0,44,71
2STEP-VF,9,2,3.9459739987602767,-0.9804227218623535,0.06384460998269323,0.0,True,1.6970562748477145,0.5,0.1,0.06,0.0,44,72
2STEP-VF,9,2,3.9479504126446705,-1.0018308995983858,-0.037269146008708426,0.0,True,1.6970562748477145,0.5,0.1,0.06,0.0,44,73
2STEP-VF,9,2,3.947010409628904,-1.015379893551135,0.04715068594212703,0.0,True,1.6970562748477145,0.5,0.1,0.06,0.0,44,74
2STEP-VF,9,2,3.948039191158985,-1.0353691398827791,-0.07615731999428095,0.0,True,1.6970562748477145,0.5,0.1,0.06,0.0,44,75
2STEP-VF,9,2,3.950619069802112,-1.003595678297761,0.017171321822592265,0.0,True,1.6970562748477145,0.5,0.1,0.06,0.0,44,76
2STEP-VF,9,2,3.945236193955589,-1.0385488385921187,-0.02319532591851249,0.0,True,1.6970562748477145,0.5,0.1,0.06,0.0,44,77
2STEP-VF,9,2,3.9456383288957184,-1.0073476345623997,0.034733195010428417,0.0,True,1.6970562748477145,0.5,0.1,0.06,0.0,44,78
2STEP-VF,9,2,3.9495864671577072,-1.0185567922691667,-0.03465529090145738,0.0,True,1.6970562748477145,0.5,0.1,0.06,0.0,44,79
2STEP-VF,9,2,3.948554202374499,-0.9864104159273069,-0.08111325726735885,0.0,True,1.6970562748477145,0.5,0.1,0.06,0.0,44,80
2STEP-VF,9,2,3.948804672933423,-0.9791718785300707,-0.04383484069715655,0.0,True,1.6970562748477145,0.5,0.1,0.06,0.0,44,81
2STEP-VF,9,2,3.9367465527060257,-1.0035716407120538,0.14056074401691704,0.0,True,1.6970562748477145,0.5,0.1,0.06,0.0,44,82
2STEP-VF,9,2,3.945706540298636,-0.9972307602047688,0.06419896937275242,0.0,True,1.6970562748477145,0.5,0.1,0.06,0.0,44,83
2STEP-VF,9,2,3.94502025000476,-1.0004322773173777,-0.03271983231331054,0.0,True,1.6970562748477145,0.5,0.1,0.06,0.0,44,84
2STEP-VF,9,2,3.9464556316472397,-0.9974246409790468,-0.023025627323058413,0.0,True,1.6970562748477145,0.5,0.1,0.06,0.0,44,85
2STEP-VF,9,2,3.95291101815109,-1.0100448864840277,-0.0791010088987572,0.0,True,1.6970562748477145,0.5,0.1,0.06,0.0,44,86
2STEP-VF,9,2,3.949128035353415,-1.013391492820933,-0.020774475935886015,0.0,True,1.6970562748477145,0.5,0.1,0.06,0.0,44,87
2STEP-VF,9,2,3.948005093557288,-1.0232202104744341,-0.08891681709515294,0.0,True,1.6970562748477145,0.5,0.1,0.06,0.0,44,88
2STEP-VF,9,2,3.949562031475638,-0.9711653035282808,-0.040045863415741074,0.0,True,1.6970562748477145,0.5,0.1,0.06,0.0,44,89
2STEP-VF,9,2,3.9462521130946056,-0.9921747507130795,0.020129797869394707,0.0,True,1.6970562748477145,0.5,0.1,0.06,0.0,44,90
2STEP-VF,9,2,3.9505727209083568,-0.9980393846136634,0.00545532589772243,0.0,True,1.6970562748477145,0.5,0.1,0.06,0.0,44,91
2STEP-VF,9,2,3.9468442542953137,-1.0011281501513882,0.035842442357598606,0.0,True,1.6970562748477145,0.5,0.1,0.06,0.0,44,92
2STEP-VF,9,2,3.948010301438163,-1.0376268788947969,0.029935017359183698,0.0,True,1.6970562748477145,0.5,0.1,0.06,0.0,44,93
2STEP-VF,9,2,3.9483496399149263,-1.009170824753938,0.07180021961602392,0.0,True,1.6970562748477145,0.5,0.1,0.06,0.0,44,94
2STEP-VF,9,2,3.9402660238791554,-0.9921508680362903,0.07354892434468743,0.0,True,1.6970562748477145,0.5,0.1,0.06,0.0,44,95
2STEP-VF,9,2,3.9484954264367302,-1.0135675625824438,0.06095199163580485,0.0,True,1.6970562748477145,0.5,0.1,0.06,0.0,44,96
2STEP-VF,9,2,3.9467338741280966,-1.0139628262277351,0.029804597781954156,0.0,True,1.6970562748477145,0.5,0.1,0.06,0.0,44,97
2STEP-VF,9,2,3.9410593380751116,-0.989191801484741,0.11522335890794785,0.0,True,1.6970562748477145,0.5,0.1,0.06,0.0,44,98
2STEP-VF,9,2,3.9482896084365455,-0.9740289580653521,-0.0376951243387126,0.0,True,1.6970562748477145,0.5,0.1,0.06,0.0,44,99
2STEP-VF,9,2,0.498936729335675,-0.15844449085847778,0.04718182954563384,-1.0996155636397962,False,3.394112549695429,0.5,0.2,0.06,0.0,36,0
2STEP-VF,9,2,0.4973501841135714,-0.1567357192461137,0.04632850088116482,-1.0765052909597874,False,3.394112549695429,0.5,0.2,0.06,0.0,36,1
2STEP-VF,9,2,0.49634056025251433,-0.15552826523750735,0.05664142406244713,-1.40947729981314,False,3.394112549695429,0.5,0.2,0.06,0.0,36,2
2STEP-VF,9,2,0.4899358493061662,-0.16101091398982306,0.05583375043276934,-1.3708576693146741,False,3.394112549695429,0.5,0.2,0.06,0.0,36,3
2STEP-VF,9,2,0.49534996362287453,-0.15379451208017428,0.052125851991780166,-1.269199436927175,False,3.394112549695429,0.5,0.2,0.06,0.0,36,4
2STEP-VF,9,2,0.4940912903871085,-0.15920580163116288,0.045825579200301315,-1.054679133071625,False,3.394112549695429,0.5,0.2,0.06,0.0,36,5
2STEP-VF,9,2,0.5027404025526286,-0.16369278563370834,0.039270881583667074,-0.8336411010032888,False,3.394112549695429,0.5,0.2,0.06,0.0,36,6
2STEP-VF,9,2,0.49198761392588897,-0.15898692090840863,0.05580985489781841,-1.3748274897144555,False,3.394112549695429,0.5,0.2,0.06,0.0,36,7
2STEP-VF,9,2,0.5025589206022336,-0.1612289530013538,0.0469738393824306,-1.0860598377983965,False,3.394112549695429,0.5,0.2,0.06,0.0,36,8
2STEP-VF,9,2,0.4945833382235867,-0.15922917756752228,0.03676816948888642,-0.7647563971888971,False,3.394112549695429,0.5,0.2,0.06,0.0,36,9
2STEP-VF,9,2,0.49401822895756736,-0.15918400330374716,0.04805548752789627,-1.1260928992262338,False,3.394112549695429,0.5,0.2,0.06,0.0,36,10
2STEP-VF,9,2,0.494569759867213,-0.16038182280793123,0.05868696117813121,-1.4633921973691313,False,3.394112549695429,0.5,0.2,0.06,0.0,36,11
2STEP-VF,9,2,0.4992742708015593,-0.16702018243022923,0.04888449151275679,-1.133498834327574,False,3.394112549695429,0.5,0.2,0.06,0.0,36,12
2STEP-VF,9,2,0.4857152772738597,-0.16762925341994972,0.0421234709678076,-0.9164979461255325,False,3.394112549695429,0.5,0.2,0.06,0.0,36,13
2STEP-VF,9,2,0.4993146812512966,-0.1580854507946227,0.04435199475796987,-1.0098998694728638,False,3.394112549695429,0.5,0.2,0.06,0.0,36,14
2STEP-VF,9,2,0.4918316816251275,-0.1653110773318532,0.054736297112564176,-1.3253050211080988,False,3.394112549695429,0.5,0.2,0.06,0.0,36,15
2STEP-VF,9,2,0.49773013410423245,-0.16136425072696947,0.0534958946882212,-1.294730620232098,False,3.394112549695429,0.5,0.2,0.06,0.0,36,16
2STEP-VF,9,2,0.49561948076627305,-0.16041538797979524,0.0468092817344986,-1.0831629155064706,False,3.394112549695429,0.5,0.2,0.06,0.0,36,17
2STEP-VF,9,2,0.4988961714121796,-0.1559474503734635,0.03907511976164337,-0.846196181191545,False,3.394112549695429,0.5,0.2,0.06,0.0,36,18
2STEP-VF,9,2,0.49674155069157544,-0.15843462314082354,0.048261820027101075,-1.1343306522877639,False,3.394112549695429,0.5,0.2,0.06,0.0,36,19
2STEP-VF,9,2,0.49377122536398177,-0.16178910465001461,0.045045584957587724,-1.0235385939609334,False,3.394112549695429,0.5,0.2,0.06,0.0,36,20
2STEP-VF,9,2,0.5008672212783952,-0.16232752331223005,0.04617824022236317,-1.058065597889566,False,3.394112549695429,0.5,0.2,0.06,0.0,36,21
2STEP-VF,9,2,0.5010279818219013,-0.15765013178698714,0.0618412576360715,-1.5704982491562052,False,3.394112549695429,0.5,0.2,0.06,0.0,36,22
2STEP-VF,9,2,0.5061494733063634,-0.16101105869265972,0.04803351513504493,-1.1202769750606731,False,3.394112549695429,0.5,0.2,0.06,0.0,36,23
2STEP-VF,9,2,0.4955854737107932,-0.15668169628961112,0.0385874215462796,-0.8290262899632332,False,3.394112549695429,0.5,0.2,0.06,0.0,36,24
2STEP-VF,9,2,0.5028459960860007,-0.16321382943909887,0.047083690839719215,-1.084794156452018,False,3.394112549695429,0.5,0.2,0.06,0.0,36,25
2STEP-VF,9,2,0.5008264454642739,-0.16494734779114245,0.045638987036884654,-1.034524363753711,False,3.394112549695429,0.5,0.2,0.06,0.0,36,26
2STEP-VF,9,2,0.49711569511545883,-0.16065391012999528,0.044354924589804806,-1.0039612608548378,False,3.394112549695429,0.5,0.2,0.06,0.0,36,27
2STEP-VF,9,2,0.5015744879959074,-0.15745712150034935,0.04410420073247525,-1.0033428625586154,False,3.394112549695429,0.5,0.2,0.06,0.0,36,28
2STEP-VF,9,2,0.49441272857471136,-0.158495862796483,0.053226720354544343,-1.2932002169193775,False,3.394112549695429,0.5,0.2,0.06,0.0,36,29
2STEP-VF,9,2,0.4999971851488652,-0.16125842798271225,0.04670758928263837,-1.0776227987769869,False,3.394112549695429,0.5,0.2,0.06,0.0,36,30
2STEP-VF,9,2,0.5011063861937357,-0.16086852199983906,0.04782139864829842,-1.1141339207743122,False,3.394112549695429,0.5,0.2,0.06,0.0,36,31
2STEP-VF,9,2,0.5004785506445428,-0.1606795164273231,0.05062180137999043,-1.2042380916954463,False,3.394112549695429,0.5,0.2,0.06,0.0,36,32
2STEP-VF,9,2,0.4928581840821923,-0.16912720314654983,0.0391955380274947,-0.8187804382831796,False,3.394112549695429,0.5,0.2,0.06,0.0,36,33
2STEP-VF,9,2,0.49438708396510783,-0.15990599198909608,0.04104431474165214,-0.8999804659211317,False,3.394112549695429,0.5,0.2,0.06,0.0,36,34
2STEP-VF,9,2,0.4950599960551044,-0.16181190794338013,0.0448782807637246,-1.0180528056117688,False,3.394112549695429,0.5,0.2,0.06,0.0,36,35
2STEP-VF,9,2,0.4993793083989714,-0.1649641043701006,0.04634270322053544,-1.0570898940649547,False,3.394112549695429,0.5,0.2,0.06,0.0,36,36
2STEP-VF,9,2,0.49818171514337006,-0.16217955520119565,0.05267909468314398,-1.2666091944691362,False,3.394112549695429,0.5,0.2,0.06,0.0,36,37
2STEP-VF,9,2,0.4981407438919113,-0.16278823785513927,0.04062759848562447,-0.8795029360541344,False,3.394112549695429,0.5,0.2,0.06,0.0,36,38
2STEP-VF,9,2,0.49534461636659066,-0.15746401621497452,0.04445202601157802,-1.0148305164725626,False,3.394112549695429,0.5,0.2,0.06,0.0,36,39
2STEP-VF,9,2,0.49406851199424756,-0.16613114494178843,0.03933388282662753,-0.8303253918721342,False,3.394112549695429,0.5,0.2,0.06,0.0,36,40
2STEP-VF,9,2,0.49814696218310267,-0.1645020376104523,0.04308744648903113,-0.9541045796529247,False,3.394112549695429,0.5,0.2,0.06,0.0,36,41
2STEP-VF,9,2,0.4973964302383915,-0.15466774705301148,0.04411902698609549,-1.0107624848135248,False,3.394112549695429,0.5,0.2,0.06,0.0,36,42
2STEP-VF,9,2,0.5015521935372685,-0.16285967652891015,0.04435971054681326,-0.998554382216404,False,3.394112549695429,0.5,0.2,0.06,0.0,36,43
2STEP-VF,9,2,0.5017138616480673,-0.1579877620943259,0.04301509571495546,-0.9672096021533088,False,3.394112549695429,0.5,0.2,0.06,0.0,36,44
2STEP-VF,9,2,0.49112264478334344,-0.16014434497892177,0.05321071172201178,-1.2889289884679644,False,3.394112549695429,0.5,0.2,0.06,0.0,36,45
2STEP-VF,9,2,0.4912572262188803,-0.16226194692188553,0.03935177905511322,-0.8403528235779653,False,3.394112549695429,0.5,0.2,0.06,0.0,36,46
2STEP-VF,9,2,0.4961132380089957,-0.16266008869402424,0.04188853860877667,-0.9202822283346558,False,3.394112549695429,0.5,0.2,0.06,0.0,36,47
2STEP-VF,9,2,0.5049474665138741,-0.162839388042617,0.03110726832921575,-0.5743212072417909,False,3.394112549695429,0.5,0.2,0.06,0.0,36,48
2STEP-VF,9,2,0.5017849673823395,-0.1590886238315192,0.049066366004383404,-1.158203916901683,False,3.394112549695429,0.5,0.2,0.06,0.0,36,49
2STEP-VF,9,2,0.5072768454818034,-0.1658418512732762,0.04617272765757311,-1.0490702312575686,False,3.394112549695429,0.5,0.2,0.06,0.0,36,50
2STEP-VF,9,2,0.4932260971633189,-0.15812243973928156,0.051285743634993955,-1.2320563751157323,False,3.394112549695429,0.5,0.2,0.06,0.0,36,51
2STEP-VF,9,2,0.5048328414917478,-0.1628894936069872,0.03780936464273541,-0.7886749134212592,False,3.394112549695429,0.5,0.2,0.06,0.0,36,52
2STEP-VF,9,2,0.4954858647848382,-0.15777206998302942,0.04917477700402903,-1.1652107442825685,False,3.394112549695429,0.5,0.2,0.06,0.0,36,53
2STEP-VF,9,2,0.492061595639711,-0.16057542124936533,0.04656044764326663,-1.075029617847673,False,3.394112549695429,0.5,0.2,0.06,0.0,36,54
2STEP-VF,9,2,0.494616165577615,-0.1595316640738953,0.04607125550460902,-1.0617272124354833,False,3.394112549695429,0.5,0.2,0.06,0.0,36,55
2STEP-VF,9,2,0.5001396439759611,-0.16459697330184656,0.04564536694162504,-1.0356106275690122,False,3.394112549695429,0.5,0.2,0.06,0.0,36,56
2STEP-VF,9,2,0.5017429730126305,-0.15509396775382095,0.03794708566848495,-0.8119766404015907,False,3.394112549695429,0.5,0.2,0.06,0.0,36,57
2STEP-VF,9,2,0.5030579894014884,-0.161832847920492,0.02462869784417915,-0.369536016640463,False,3.394112549695429,0.5,0.2,0.06,0.0,36,58
2STEP-VF,9,2,0.5018025973120028,-0.15762996202047302,0.04467617873286537,-1.0212176547638365,False,3.394112549695429,0.5,0.2,0.06,0.0,36,59
2STEP-VF,9,2,0.4936724070973102,-0.15867903485601903,0.03218391979586806,-0.6194354053874938,False,3.394112549695429,0.5,0.2,0.06,0.0,36,60
2STEP-VF,9,2,0.4996067092785404,-0.16074417539497224,0.037612158749385616,-0.7878266564756942,False,3.394112549695429,0.5,0.2,0.06,0.0,36,61
2STEP-VF,9,2,0.4910349531400935,-0.16052761824667597,0.04970265514126318,-1.1757565835399943,False,3.394112549695429,0.5,0.2,0.06,0.0,36,62
2STEP-VF,9,2,0.4970002858057624,-0.15982589495622063,0.04825574923516453,-1.13078181048199,False,3.394112549695429,0.5,0.2,0.06,0.0,36,63
2STEP-VF,9,2,0.5008930618391189,-0.16454401461125773,0.04361107468888757,-0.9705951712670369,False,3.394112549695429,0.5,0.2,0.06,0.0,36,64
2STEP-VF,9,2,0.4966871859430077,-0.15924689863147234,0.046397612163127724,-1.0727298013479734,False,3.394112549695429,0.5,0.2,0.06,0.0,36,65
2STEP-VF,9,2,0.49979308373925224,-0.16007360069995394,0.0477021184825083,-1.1123035647360213,False,3.394112549695429,0.5,0.2,0.06,0.0,36,66
2STEP-VF,9,2,0.4898309874165396,-0.16226456181394275,0.05113422110929239,-1.2174702678989018,False,3.394112549695429,0.5,0.2,0.06,0.0,36,67
2STEP-VF,9,2,0.4951043415088232,-0.16257413673210463,0.04614518029655689,-1.0567615808422404,False,3.394112549695429,0.5,0.2,0.06,0.0,36,68
2STEP-VF,9,2,0.49855928707080843,-0.1625900706047958,0.050017245294932185,-1.180422122762072,False,3.394112549695429,0.5,0.2,0.06,0.0,36,69
2STEP-VF,9,2,0.4990789234208622,-0.15919675805126962,0.04628150162489949,-1.068991097268485,False,3.394112549695429,0.5,0.2,0.06,0.0,36,70
2STEP-VF,9,2,0.5042468833017296,-0.1589080851217795,0.04415520163678438,-1.0013322350867258,False,3.394112549695429,0.5,0.2,0.06,0.0,36,71
2STEP-VF,9,2,0.5063035254682029,-0.1645194965244198,0.0332620648426167,-0.6391610717770349,False,3.394112549695429,0.5,0.2,0.06,0.0,36,72
2STEP-VF,9,2,0.504218314370153,-0.16261629599320337,0.03662359877723368,-0.7514229516255808,False,3.394112549695429,0.5,0.2,0.06,0.0,36,73
2STEP-VF,9,2,0.49782281844257176,-0.16248908177822843,0.05496780823331267,-1.3391266980917034,False,3.394112549695429,0.5,0.2,0.06,0.0,36,74
2STEP-VF,9,2,0.5016412049008492,-0.16775316837608742,0.03065348254401712,-0.5482053650118872,False,3.394112549695429,0.5,0.2,0.06,0.0,36,75
2STEP-VF,9,2,0.4967805715300923,-0.15742092208622,0.05277714512267879,-1.2812515966269882,False,3.394112549695429,0.5,0.2,0.06,0.0,36,76
2STEP-VF,9,2,0.4913952168822569,-0.15703151660328477,0.0518123722579051,-1.251636559392145,False,3.394112549695429,0.5,0.2,0.06,0.0,36,77
2STEP-VF,9,2,0.49676607348167795,-0.1655247934045222,0.036242916131453605,-0.7327078476267617,False,3.394112549695429,0.5,0.2,0.06,0.0,36,78
2STEP-VF,9,2,0.49127677129209246,-0.1620921718345511,0.05398273748522412,-1.308949780846724,False,3.394112549695429,0.5,0.2,0.06,0.0,36,79
2STEP-VF,9,2,0.499489582123935,-0.1682685396270082,0.03953579717571605,-0.831331639590658,False,3.394112549695429,0.5,0.2,0.06,0.0,36,80
2STEP-VF,9,2,0.49588408945853313,-0.15930412793960122,0.04857340901555694,-1.1422661360752677,False,3.394112549695429,0.5,0.2,0.06,0.0,36,81
2STEP-VF,9,2,0.5048644155527611,-0.15961914043292172,0.04242035696286535,-0.9440736208395136,False,3.394112549695429,0.5,0.2,0.06,0.0,36,82
2STEP-VF,9,2,0.493178713770684,-0.16183564304752915,0.043631862434752804,-0.978223331771779,False,3.394112549695429,0.5,0.2,0.06,0.0,36,83
2STEP-VF,9,2,0.49903477027271714,-0.1592469503410275,0.041175449985100546,-0.9054796324883887,False,3.394112549695429,0.5,0.2,0.06,0.0,36,84
2STEP-VF,9,2,0.5015349806088756,-0.15825788109193334,0.046996214267211824,-1.0939678430936062,False,3.394112549695429,0.5,0.2,0.06,0.0,36,85
2STEP-VF,9,2,0.4989885146126507,-0.1590419409858248,0.04184951401288143,-0.9275444791694674,False,3.394112549695429,0.5,0.2,0.06,0.0,36,86
2STEP-VF,9,2,0.4998673851698421,-0.162079865614498,0.03855981123371917,-0.8149302388940278,False,3.394112549695429,0.5,0.2,0.06,0.0,36,87
2STEP-VF,9,2,0.5012267243467845,-0.15679784831027344,0.03814987256721486,-0.8144074827454124,False,3.394112549695429,0.5,0.2,0.06,0.0,36,88
2STEP-VF,9,2,0.5001536337850335,-0.15608463444520193,0.03605476548036737,-0.7491401546761696,False,3.394112549695429,0.5,0.2,0.06,0.0,36,89
2STEP-VF,9,2,0.49100158829452856,-0.15601557539141567,0.05261212508674362,-1.279690526538727,False,3.394112549695429,0.5,0.2,0.06,0.0,36,90
2STEP-VF,9,2,0.49749405151349146,-0.16079422246925756,0.05846017433398138,-1.454969801670377,False,3.394112549695429,0.5,0.2,0.06,0.0,36,91
2STEP-VF,9,2,0.49725203243023247,-0.15819000449626586,0.04360154684333159,-0.9857583662497591,False,3.394112549695429,0.5,0.2,0.06,0.0,36,92
2STEP-VF,9,2,0.5000745273605736,-0.1611820511756676,0.04621932751044348,-1.062177085870955,False,3.394112549695429,0.5,0.2,0.06,0.0,36,93
2STEP-VF,9,2,0.49952658698715047,-0.1617406433053834,0.04610242155712326,-1.0571283506757954,False,3.394112549695429,0.5,0.2,0.06,0.0,36,94
2STEP-VF,9,2,0.4904652569473245,-0.16056344121617713,0.043192427288059894,-0.9673774988822522,False,3.394112549695429,0.5,0.2,0.06,0.0,36,95
2STEP-VF,9,2,0.498759541934061,-0.16415125305741537,0.04475494858171639,-1.0082697747610843,False,3.394112549695429,0.5,0.2,0.06,0.0,36,96
2STEP-VF,9,2,0.4948795033020017,-0.1610411102716715,0.03959229504554205,-0.8507620066072141,False,3.394112549695429,0.5,0.2,0.06,0.0,36,97
2STEP-VF,9,2,0.500817450483646,-0.15690409547761758,0.03488090041512271,-0.7095699371086261,False,3.394112549695429,0.5,0.2,0.06,0.0,36,98
2STEP-VF,9,2,0.49704171529868246,-0.15200499304284232,0.04808600533584823,-1.1441176845264014,False,3.394112549695429,0.5,0.2,0.06,0.0,36,99
2STEP-VF,9,2,1.7975767390728419,-0.42455438165294795,0.07853314958813379,-1.3862756665088363,False,3.394112549695429,0.5,0.2,0.06,0.0,40,0
2STEP-VF,9,2,1.8011882221735913,-0.4299174020269884,0.05784075507930831,-0.7110311043426787,False,3.394112549695429,0.5,0.2,0.06,0.0,40,1
2STEP-VF,9,2,1.789076042920895,-0.422308012684734,0.08263807120033363,-1.5235344853920616,False,3.394112549695429,0.5,0.2,0.06,0.0,40,2
2STEP-VF,9,2,1.7830278684755683,-0.4167385950091007,0.07364237095588831,-1.2494015704580506,False,3.394112549695429,0.5,0.2,0.06,0.0,40,3
2STEP-VF,9,2,1.803081723796418,-0.43079063993446315,0.060356481934863225,-0.789324982645127,False,3.394112549695429,0.5,0.2,0.06,0.0,40,4
2STEP-VF,9,2,1.793201807228288,-0.43141020187506596,0.08149828427278662,-1.4649685037953166,False,3.394112549695429,0.5,0.2,0.06,0.0,40,5
2STEP-VF,9,2,1.7993259887712176,-0.4249083368751771,0.08291668310278728,-1.5255942914624956,False,3.394112549695429,0.5,0.2,0.06,0.0,40,6
2STEP-VF,9,2,1.7673562120874107,-0.4307158058708282,0.09113521189948492,-1.7765674739682857,False,3.394112549695429,0.5,0.2,0.06,0.0,40,7
2STEP-VF,9,2,1.7911644163182252,-0.42620258616578893,0.06326419365673423,-0.894098125238509,False,3.394112549695429,0.5,0.2,0.06,0.0,40,8
2STEP-VF,9,2,1.794079401776704,-0.41088420684548477,0.0666774334572423,-1.0399110100959883,False,3.394112549695429,0.5,0.2,0.06,0.0,40,9
2STEP-VF,9,2,1.7946907533027374,-0.4182662519447518,0.048461008746384066,-0.4392318300187219,False,3.394112549695429,0.5,0.2,0.06,0.0,40,10
2STEP-VF,9,2,1.7973658513106257,-0.4341014451155922,0.07113497320590947,-1.126633723233045,False,3.394112549695429,0.5,0.2,0.06,0.0,40,11
2STEP-VF,9,2,1.799121076367406,-0.43790071460892227,0.058494382971371515,-0.7129112754404312,False,3.394112549695429,0.5,0.2,0.06,0.0,40,12
2STEP-VF,9,2,1.8051797522297441,-0.42354417722026655,0.04896101208254587,-0.441935576179044,False,3.394112549695429,0.5,0.2,0.06,0.0,40,13
2STEP-VF,9,2,1.7953216467673632,-0.42840503592903395,0.08509780381838042,-1.5872383371524506,False,3.394112549695429,0.5,0.2,0.06,0.0,40,14
2STEP-VF,9,2,1.800960626369162,-0.4297092760439981,0.07138095476490149,-1.1448306523891028,False,3.394112549695429,0.5,0.2,0.06,0.0,40,15
2STEP-VF,9,2,1.7952546611437143,-0.42612306225923335,0.08236314170373123,-1.5052099054286168,False,3.394112549695429,0.5,0.2,0.06,0.0,40,16
2STEP-VF,9,2,1.802974974553523,-0.4418721713113887,0.07284804737567378,-1.1624658064010172,False,3.394112549695429,0.5,0.2,0.06,0.0,40,17
2STEP-VF,9,2,1.7924164572400312,-0.42285217335536823,0.08221729772936891,-1.5085633238525198,False,3.394112549695429,0.5,0.2,0.06,0.0,40,18
2STEP-VF,9,2,1.7831327985919145,-0.4341020187312789,0.08547767650535444,-1.5864528353007585,False,3.394112549695429,0.5,0.2,0.06,0.0,40,19
2STEP-VF,9,2,1.7871001600528045,-0.4170496161973774,0.07000482528236845,-1.132009320558917,False,3.394112549695429,0.5,0.2,0.06,0.0,40,20
2STEP-VF,9,2,1.7951299091935946,-0.42071296852820683,0.0645448990740999,-0.9480178513518851,False,3.394112549695429,0.5,0.2,0.06,0.0,40,21
2STEP-VF,9,2,1.788049417600961,-0.4252562775758452,0.08922326636453025,-1.7272464924268822,False,3.394112549695429,0.5,0.2,0.06,0.0,40,22
2STEP-VF,9,2,1.7935905171981297,-0.41231885299375587,0.08593110117959922,-1.6526145595302737,False,3.394112549695429,0.5,0.2,0.06,0.0,40,23
2STEP-VF,9,2,1.791404636609517,-0.4126956581444809,0.0810106313672428,-1.494386346008445,False,3.394112549695429,0.5,0.2,0.06,0.0,40,24
2STEP-VF,9,2,1.7908529877413382,-0.4264034707704682,0.06446395946207711,-0.9320271936728641,False,3.394112549695429,0.5,0.2,0.06,0.0,40,25
2STEP-VF,9,2,1.7890542815761312,-0.42188051386314646,0.09565476300961682,-1.94109592614162,False,3.394112549695429,0.5,0.2,0.06,0.0,40,26
2STEP-VF,9,2,1.8037521861981978,-0.4392359776053086,0.05367151882952489,-0.5550971251201644,False,3.394112549695429,0.5,0.2,0.06,0.0,40,27
2STEP-VF,9,2,1.7951693416440933,-0.4026805437119227,0.0751803820912793,-1.3316287615136777,False,3.394112549695429,0.5,0.2,0.06,0.0,40,28
2STEP-VF,9,2,1.8025990726553403,-0.42455967410035733,0.06431537918040572,-0.9309929715728056,False,3.394112549695429,0.5,0.2,0.06,0.0,40,29
2STEP-VF,9,2,1.7895377011393248,-0.4291511335436055,0.05588020716706568,-0.6508316467730897,False,3.394112549695429,0.5,0.2,0.06,0.0,40,30
2STEP-VF,9,2,1.7945487632278259,-0.4219063743740144,0.05804989794974842,-0.7373485101006458,False,3.394112549695429,0.5,0.2,0.06,0.0,40,31
2STEP-VF,9,2,1.7964544782827085,-0.43674685652125966,0.06971594079423084,-1.0749303810674016,False,3.394112549695429,0.5,0.2,0.06,0.0,40,32
2STEP-VF,9,2,1.7847946753851205,-0.4172189352155749,0.07283390770267172,-1.2222719214450084,False,3.394112549695429,0.5,0.2,0.06,0.0,40,33
2STEP-VF,9,2,1.7920632931132081,-0.4343979228073119,0.07814391478486647,-1.3505264607913867,False,3.394112549695429,0.5,0.2,0.06,0.0,40,34
2STEP-VF,9,2,1.7854070882849442,-0.43428907428462904,0.08540592211204251,-1.5835713040051544,False,3.394112549695429,0.5,0.2,0.06,0.0,40,35
2STEP-VF,9,2,1.794038016892434,-0.4347935649898356,0.08501842188692896,-1.5694426633925755,False,3.394112549695429,0.5,0.2,0.06,0.0,40,36
2STEP-VF,9,2,1.78250040436322,-0.4101211154513163,0.0798019950048388,-1.4624231388098896,False,3.394112549695429,0.5,0.2,0.06,0.0,40,37
2STEP-VF,9,2,1.7872548441753375,-0.4237720064381661,0.08564228839879522,-1.6162651226593285,False,3.394112549695429,0.5,0.2,0.06,0.0,40,38
2STEP-VF,9,2,1.7991511150387756,-0.4131805909966288,0.06282616058838525,-0.9108546535340927,False,3.394112549695429,0.5,0.2,0.06,0.0,40,39
2STEP-VF,9,2,1.7892465205160797,-0.4318887064892216,0.1019147609492483,-2.11738466357085,False,3.394112549695429,0.5,0.2,0.06,0.0,40,40
2STEP-VF,9,2,1.7912469813122314,-0.43800969484525615,0.09182531382225215,-1.7797119558047207,False,3.394112549695429,0.5,0.2,0.06,0.0,40,41
2STEP-VF,9,2,1.7864228510279438,-0.41947583028286267,0.0940360814064143,-1.8952272412647115,False,3.394112549695429,0.5,0.2,0.06,0.0,40,42
2STEP-VF,9,2,1.7760583572933915,-0.42429445631705076,0.10043643013705265,-2.0890955677871608,False,3.394112549695429,0.5,0.2,0.06,0.0,40,43
2STEP-VF,9,2,1.7927056551547458,-0.43559741957009607,0.082796867335474,-1.4965036084576533,False,3.394112549695429,0.5,0.2,0.06,0.0,40,44
2STEP-VF,9,2,1.7861500871328446,-0.41693422298762756,0.06876427841349168,-1.0926457688334577,False,3.394112549695429,0.5,0.2,0.06,0.0,40,45
2STEP-VF,9,2,1.8030591487744154,-0.42041026773636814,0.08036622235420912,-1.454550923840944,False,3.394112549695429,0.5,0.2,0.06,0.0,40,46
2STEP-VF,9,2,1.8054065130043526,-0.4240141769746406,0.07011841558457187,-1.1178308831869017,False,3.394112549695429,0.5,0.2,0.06,0.0,40,47
2STEP-VF,9,2,1.7819719146182718,-0.4190084220930485,0.06574051420806866,-0.991157926757785,False,3.394112549695429,0.5,0.2,0.06,0.0,40,48
2STEP-VF,9,2,1.7969788067826056,-0.43501968394710216,0.06884538275999488,-1.0511862784398354,False,3.394112549695429,0.5,0.2,0.06,0.0,40,49
2STEP-VF,9,2,1.795097294626911,-0.4340481785815626,0.04260577551513183,-0.21396335021085422,False,3.394112549695429,0.5,0.2,0.06,0.0,40,50
2STEP-VF,9,2,1.7974895341071448,-0.438228271225167,0.08276288377843997,-1.4888150579232502,False,3.394112549695429,0.5,0.2,0.06,0.0,40,51
2STEP-VF,9,2,1.789692184532088,-0.42998099372414755,0.07145873573373625,-1.147343627469681,False,3.394112549695429,0.5,0.2,0.06,0.0,40,52
2STEP-VF,9,2,1.7800407845663528,-0.4355522065708489,0.10613164932244473,-2.244085035474214,False,3.394112549695429,0.5,0.2,0.06,0.0,40,53
2STEP-VF,9,2,1.8108123550745139,-0.41582450870858145,0.030486007533133682,0.13107532114478826,False,3.394112549695429,0.5,0.2,0.06,0.0,40,54
2STEP-VF,9,2,1.791262588032894,-0.4388339385767824,0.08726349188146582,-1.6317545323406553,False,3.394112549695429,0.5,0.2,0.06,0.0,40,55
2STEP-VF,9,2,1.80796365539847,-0.41545733879187013,0.08191539515609036,-1.5157172125704956,False,3.394112549695429,0.5,0.2,0.06,0.0,40,56
2STEP-VF,9,2,1.7950941918112286,-0.41858754804924464,0.08939470506213544,-1.748314795161474,False,3.394112549695429,0.5,0.2,0.06,0.0,40,57
2STEP-VF,9,2,1.7846849774682412,-0.41884388909149,0.08159129261289161,-1.4986149311448613,False,3.394112549695429,0.5,0.2,0.06,0.0,40,58
2STEP-VF,9,2,1.7807398352502861,-0.4069261417574646,0.0858828175470425,-1.664783031172428,False,3.394112549695429,0.5,0.2,0.06,0.0,40,59
2STEP-VF,9,2,1.801244936666243,-0.41892512316311076,0.08589847107368638,-1.6352560825665243,False,3.394112549695429,0.5,0.2,0.06,0.0,40,60
2STEP-VF,9,2,1.77804957777635,-0.4259221504201905,0.09272178043120534,-1.8382008381235333,False,3.394112549695429,0.5,0.2,0.06,0.0,40,61
2STEP-VF,9,2,1.8055388503374115,-0.4140435092920456,0.0735066654057552,-1.250176539663013,False,3.394112549695429,0.5,0.2,0.06,0.0,40,62
2STEP-VF,9,2,1.803391906325636,-0.4226196428784807,0.06621639443232394,-0.9964339645464748,False,3.394112549695429,0.5,0.2,0.06,0.0,40,63
2STEP-VF,9,2,1.7808787812691065,-0.430266161001142,0.07868395620583574,-1.3783950853078568,False,3.394112549695429,0.5,0.2,0.06,0.0,40,64
2STEP-VF,9,2,1.774823591031493,-0.415924173273512,0.11091487821481961,-2.4445686715559103,False,3.394112549695429,0.5,0.2,0.06,0.0,40,65
2STEP-VF,9,2,1.7907145892778376,-0.4246721800132865,0.08248029107764271,-1.5127132070960092,False,3.394112549695429,0.5,0.2,0.06,0.0,40,66
2STEP-VF,9,2,1.7962800500674123,-0.4242687662133837,0.08011113066603129,-1.437534339396836,False,3.394112549695429,0.5,0.2,0.06,0.0,40,67
2STEP-VF,9,2,1.789708027260223,-0.4310541087760502,0.0733069199956175,-1.2039090971616266,False,3.394112549695429,0.5,0.2,0.06,0.0,40,68
2STEP-VF,9,2,1.790495996256724,-0.4192743871289072,0.09066626600222563,-1.7876322231864399,False,3.394112549695429,0.5,0.2,0.06,0.0,40,69
2STEP-VF,9,2,1.7897712072464582,-0.4320794155775036,0.08860060788708864,-1.6908425825660407,False,3.394112549695429,0.5,0.2,0.06,0.0,40,70
2STEP-VF,9,2,1.7750223135728893,-0.4299912438027942,0.09481768206634936,-1.8956855021821009,False,3.394112549695429,0.5,0.2,0.06,0.0,40,71
2STEP-VF,9,2,1.8071596814390383,-0.41955047332976114,0.085591484290682,-1.6235767804240555,False,3.394112549695429,0.5,0.2,0.06,0.0,40,72
2STEP-VF,9,2,1.7861748110026876,-0.4114623950334675,0.08570793184463459,-1.647973582287824,False,3.394112549695429,0.5,0.2,0.06,0.0,40,73
2STEP-VF,9,2,1.795929379499581,-0.4331828604712694,0.07213902008294162,-1.161054014753111,False,3.394112549695429,0.5,0.2,0.06,0.0,40,74
2STEP-VF,9,2,1.7972355691301412,-0.42502649504131745,0.06808759279468993,-1.050905247183108,False,3.394112549695429,0.5,0.2,0.06,0.0,40,75
2STEP-VF,9,2,1.7935557084574079,-0.43352851162956013,0.07815167885337379,-1.3527719528895732,False,3.394112549695429,0.5,0.2,0.06,0.0,40,76
2STEP-VF,9,2,1.7875333166222191,-0.4305238335889861,0.0644037700723399,-0.9204114427039776,False,3.394112549695429,0.5,0.2,0.06,0.0,40,77
2STEP-VF,9,2,1.7920799483204215,-0.41592316820718195,0.08523291205682393,-1.6217127852219042,False,3.394112549695429,0.5,0.2,0.06,0.0,40,78
2STEP-VF,9,2,1.786740768671031,-0.42918621026309667,0.07083505100014768,-1.1294702812530324,False,3.394112549695429,0.5,0.2,0.06,0.0,40,79
2STEP-VF,9,2,1.8032974149140617,-0.42364641321009133,0.052050496913752735,-0.540666664641025,False,3.394112549695429,0.5,0.2,0.06,0.0,40,80
2STEP-VF,9,2,1.7841420189188972,-0.42424459698035155,0.0926229142575066,-1.8386977023522342,False,3.394112549695429,0.5,0.2,0.06,0.0,40,81
2STEP-VF,9,2,1.7992502922174405,-0.4319493001621896,0.06765912336370367,-1.0204586097162165,False,3.394112549695429,0.5,0.2,0.06,0.0,40,82
2STEP-VF,9,2,1.798476658127168,-0.42017136018106277,0.06074587809117349,-0.8275482349953713,False,3.394112549695429,0.5,0.2,0.06,0.0,40,83
2STEP-VF,9,2,1.78405695611972,-0.416483629953794,0.0693791664849347,-1.113529198261622,False,3.394112549695429,0.5,0.2,0.06,0.0,40,84
2STEP-VF,9,2,1.7821794996456102,-0.42744132525355794,0.10405533309314932,-2.196980708393504,False,3.394112549695429,0.5,0.2,0.06,0.0,40,85
2STEP-VF,9,2,1.78826865484519,-0.42453463804309594,0.08137145090668631,-1.4777071784198208,False,3.394112549695429,0.5,0.2,0.06,0.0,40,86
2STEP-VF,9,2,1.776866244138936,-0.41242782846674647,0.07531873992156592,-1.3137609145215823,False,3.394112549695429,0.5,0.2,0.06,0.0,40,87
2STEP-VF,9,2,1.780909406024831,-0.4132822128826655,0.09448175302426555,-1.9246842214966116,False,3.394112549695429,0.5,0.2,0.06,0.0,40,88
2STEP-VF,9,2,1.785809777813201,-0.4397674888887749,0.08419538055390217,-1.5316616177230182,False,3.394112549695429,0.5,0.2,0.06,0.0,40,89
2STEP-VF,9,2,1.8057268629507506,-0.42202093453251965,0.05708448691403792,-0.7055097265941217,False,3.394112549695429,0.5,0.2,0.06,0.0,40,90
2STEP-VF,9,2,1.812391596828393,-0.4266360798834941,0.04145159946798071,-0.19378109544529343,False,3.394112549695429,0.5,0.2,0.06,0.0,40,91
2STEP-VF,9,2,1.7940220856852584,-0.4233287784240635,0.059038393198967754,-0.7655981890081007,False,3.394112549695429,0.5,0.2,0.06,0.0,40,92
2STEP-VF,9,2,1.7891526260150048,-0.4238697762270255,0.08626693068793025,-1.635905161508007,False,3.394112549695429,0.5,0.2,0.06,0.0,40,93
2STEP-VF,9,2,1.7735453632185665,-0.42937969423773814,0.08143803079709121,-1.4690929975432336,False,3.394112549695429,0.5,0.2,0.06,0.0,40,94
2STEP-VF,9,2,1.782811294011742,-0.41785385839611383,0.09952160511244545,-2.074873425806878,False,3.394112549695429,0.5,0.2,0.06,0.0,40,95
2STEP-VF,9,2,1.7884406561770791,-0.42488564647792343,0.09450720230789092,-1.8971984829348694,False,3.394112549695429,0.5,0.2,0.06,0.0,40,96
2STEP-VF,9,2,1.7749121251804287,-0.43691689556487556,0.0675088645297406,-1.0051883880851726,False,3.394112549695429,0.5,0.2,0.06,0.0,40,97
2STEP-VF,9,2,1.7944022090065128,-0.41526283200628916,0.07304985181182487,-1.2333003286229116,False,3.394112549695429,0.5,0.2,0.06,0.0,40,98
2STEP-VF,9,2,1.7898746973094637,-0.4230338799823423,0.08681977780944126,-1.6555590961059314,False,3.394112549695429,0.5,0.2,0.06,0.0,40,99
2STEP-VF,9,2,4.284737336970432,-0.7564272340332314,0.14254844882048914,-2.489040760357672,False,3.394112549695429,0.5,0.2,0.06,0.0,44,0
2STEP-VF,9,2,4.294856090220982,-0.7594744037664074,0.07588074232792312,-0.3477538200409036,False,3.394112549695429,0.5,0.2,0.06,0.0,44,1
2STEP-VF,9,2,4.303722055012933,-0.7326749942183248,0.09759726965952623,-1.1064693196800848,False,3.394112549695429,0.5,0.2,0.06,0.0,44,2
2STEP-VF,9,2,4.317832515989014,-0.7565937714414279,0.1066185719110788,-1.3368992987357546,False,3.394112549695429,0.5,0.2,0.06,0.0,44,3
2STEP-VF,9,2,4.306259753103364,-0.7571535365153897,0.08894736982653255,-0.7707717616259049,False,3.394112549695429,0.5,0.2,0.06,0.0,44,4
2STEP-VF,9,2,4.326090037129685,-0.768731217384284,0.0595010714900101,0.2004860362697387,False,3.394112549695429,0.5,0.2,0.06,0.0,44,5
2STEP-VF,9,2,4.315895664593177,-0.7569849412329724,0.09420459440356752,-0.9388294220794369,False,3.394112549695429,0.5,0.2,0.06,0.0,44,6
2STEP-VF,9,2,4.332839224885719,-0.7730654788005933,0.04624435931737523,0.6355080044585595,False,3.394112549695429,0.5,0.2,0.06,0.0,44,7
2STEP-VF,9,2,4.309469167634963,-0.7813786335042648,0.06946453047415133,-0.08898810470450957,False,3.394112549695429,0.5,0.2,0.06,0.0,44,8
2STEP-VF,9,2,4.289405195372356,-0.7318090212893701,0.1413251167755141,-2.5086977739996223,False,3.394112549695429,0.5,0.2,0.06,0.0,44,9
2STEP-VF,9,2,4.303283060523584,-0.7423900011471493,0.11571674413398382,-1.6630028259029102,False,3.394112549695429,0.5,0.2,0.06,0.0,44,10
2STEP-VF,9,2,4.314354847650308,-0.7420537358773805,0.08673677010959126,-0.735786386542189,False,3.394112549695429,0.5,0.2,0.06,0.0,44,11
2STEP-VF,9,2,4.3076804291269095,-0.7504563559379235,0.06308857306724956,0.040721741846644566,False,3.394112549695429,0.5,0.2,0.06,0.0,44,12
2STEP-VF,9,2,4.307440866425976,-0.7591956422899228,0.08251867822484465,-0.5600817097136561,False,3.394112549695429,0.5,0.2,0.06,0.0,44,13
2STEP-VF,9,2,4.302878037770463,-0.7647375708750591,0.09577740565549342,-0.971334128609421,False,3.394112549695429,0.5,0.2,0.06,0.0,44,14
2STEP-VF,9,2,4.326990593838449,-0.7359725702437283,0.07171028565609235,-0.2687755367797009,False,3.394112549695429,0.5,0.2,0.06,0.0,44,15
2STEP-VF,9,2,4.3404279025673524,-0.7344512260097691,0.06267301766425923,0.017572051321191218,False,3.394112549695429,0.5,0.2,0.06,0.0,44,16
2STEP-VF,9,2,4.298988119179102,-0.7570810737874756,0.09414763429943654,-0.9377904333412825,False,3.394112549695429,0.5,0.2,0.06,0.0,44,17
2STEP-VF,9,2,4.301625686708964,-0.7587991552744707,0.12583083569099265,-1.9473712282504985,False,3.394112549695429,0.5,0.2,0.06,0.0,44,18
2STEP-VF,9,2,4.297090016977755,-0.7328161081651431,0.11613531447048091,-1.6997460024403814,False,3.394112549695429,0.5,0.2,0.06,0.0,44,19
2STEP-VF,9,2,4.324789371789614,-0.7395190272468491,0.06830196683049591,-0.15132991087605507,False,3.394112549695429,0.5,0.2,0.06,0.0,44,20
2STEP-VF,9,2,4.310155509290073,-0.7728061571625482,0.06579606890082534,0.007869902921108451,False,3.394112549695429,0.5,0.2,0.06,0.0,44,21
2STEP-VF,9,2,4.312653287789207,-0.7484392590776561,0.11820597703624151,-1.7275778461060023,False,3.394112549695429,0.5,0.2,0.06,0.0,44,22
2STEP-VF,9,2,4.31376269290556,-0.7611812304303694,0.0877268593770392,-0.7215987854580344,False,3.394112549695429,0.5,0.2,0.06,0.0,44,23
2STEP-VF,9,2,4.304010461588352,-0.7515587626993053,0.08387357463686522,-0.6219727302060534,False,3.394112549695429,0.5,0.2,0.06,0.0,44,24
2STEP-VF,9,2,4.288204543324386,-0.7494298896757575,0.13400053441914608,-2.2320930935913945,False,3.394112549695429,0.5,0.2,0.06,0.0,44,25
2STEP-VF,9,2,4.317381593679418,-0.7767021788491051,0.10101075794252502,-1.1092161293021845,False,3.394112549695429,0.5,0.2,0.06,0.0,44,26
2STEP-VF,9,2,4.311692969272583,-0.7577480636610239,0.05919848892928614,0.18294528520565523,False,3.394112549695429,0.5,0.2,0.06,0.0,44,27
2STEP-VF,9,2,4.304805614400616,-0.7488955630647774,0.09612725495087654,-1.0204344702085475,False,3.394112549695429,0.5,0.2,0.06,0.0,44,28
2STEP-VF,9,2,4.327730143700292,-0.7407209203658308,0.06954994770288947,-0.18820430899245233,False,3.394112549695429,0.5,0.2,0.06,0.0,44,29
2STEP-VF,9,2,4.286541438429589,-0.7830865874036864,0.15143039324079643,-2.709172287630864,False,3.394112549695429,0.5,0.2,0.06,0.0,44,30
2STEP-VF,9,2,4.323971154416129,-0.7748011854065059,0.057726902979655464,0.27170021889160667,False,3.394112549695429,0.5,0.2,0.06,0.0,44,31
2STEP-VF,9,2,4.293041446113298,-0.778495325639529,0.08763356508308738,-0.6783028143571292,False,3.394112549695429,0.5,0.2,0.06,0.0,44,32
2STEP-VF,9,2,4.285457096929357,-0.7576935896664858,0.08765546333056304,-0.7293827855626902,False,3.394112549695429,0.5,0.2,0.06,0.0,44,33
2STEP-VF,9,2,4.301291275754606,-0.7531628124061042,0.11257962364581783,-1.5368797303462451,False,3.394112549695429,0.5,0.2,0.06,0.0,44,34
2STEP-VF,9,2,4.310055330165994,-0.7673097432588137,0.09671734621088378,-0.9948083751171692,False,3.394112549695429,0.5,0.2,0.06,0.0,44,35
2STEP-VF,9,2,4.295993410840656,-0.7688378812903763,0.06291785093366944,0.08959928986991983,False,3.394112549695429,0.5,0.2,0.06,0.0,44,36
2STEP-VF,9,2,4.324169526545948,-0.7501535220486092,0.10336082087256615,-1.247727643412699,False,3.394112549695429,0.5,0.2,0.06,0.0,44,37
2STEP-VF,9,2,4.29072473040133,-0.7473744232112015,0.10785451640265577,-1.400202425354022,False,3.394112549695429,0.5,0.2,0.06,0.0,44,38
2STEP-VF,9,2,4.309688661587014,-0.7615653948297437,0.08979419844896584,-0.7870760830803016,False,3.394112549695429,0.5,0.2,0.06,0.0,44,39
2STEP-VF,9,2,4.309127062862606,-0.7413518367206653,0.11165741385191047,-1.5352452113597828,False,3.394112549695429,0.5,0.2,0.06,0.0,44,40
2STEP-VF,9,2,4.311932043093552,-0.7576833435210796,0.08687727720418452,-0.7029169234977011,False,3.394112549695429,0.5,0.2,0.06,0.0,44,41
2STEP-VF,9,2,4.331511655517908,-0.7373075263279565,0.0711128378149748,-0.2461820475610237,False,3.394112549695429,0.5,0.2,0.06,0.0,44,42
2STEP-VF,9,2,4.302353887946628,-0.75665092736141,0.11037017235414359,-1.457742056388414,False,3.394112549695429,0.5,0.2,0.06,0.0,44,43
2STEP-VF,9,2,4.314202404285399,-0.7368808425902598,0.11161762694440798,-1.5443978957473088,False,3.394112549695429,0.5,0.2,0.06,0.0,44,44
2STEP-VF,9,2,4.303816595043965,-0.7632048274660694,0.10329560487481748,-1.215538774372956,False,3.394112549695429,0.5,0.2,0.06,0.0,44,45
2STEP-VF,9,2,4.312174828249501,-0.7336850685350133,0.07111458808462916,-0.2560921645291314,False,3.394112549695429,0.5,0.2,0.06,0.0,44,46
2STEP-VF,9,2,4.318921759632321,-0.739350514908497,0.07378616969650088,-0.3275808889296967,False,3.394112549695429,0.5,0.2,0.06,0.0,44,47
2STEP-VF,9,2,4.29865681009287,-0.7557938438371232,0.13668149795858206,-2.301983300859959,False,3.394112549695429,0.5,0.2,0.06,0.0,44,48
2STEP-VF,9,2,4.30562045534311,-0.7749512485731128,0.09614133693268377,-0.9583025579498243,False,3.394112549695429,0.5,0.2,0.06,0.0,44,49
2STEP-VF,9,2,4.311275738607112,-0.7672896273347272,0.10867291121643624,-1.3773615090061888,False,3.394112549695429,0.5,0.2,0.06,0.0,44,50
2STEP-VF,9,2,4.301860293761691,-0.7531691777516679,0.09939966483320593,-1.1150716304328863,False,3.394112549695429,0.5,0.2,0.06,0.0,44,51
2STEP-VF,9,2,4.320788418811151,-0.7358910364605822,0.07096163238081565,-0.24538644355203498,False,3.394112549695429,0.5,0.2,0.06,0.0,44,52
2STEP-VF,9,2,4.321427286491157,-0.7627201653720819,0.07468224196057513,-0.3000177086559388,False,3.394112549695429,0.5,0.2,0.06,0.0,44,53
2STEP-VF,9,2,4.306222581031062,-0.7521600120112678,0.104118762201999,-1.2682430067750627,False,3.394112549695429,0.5,0.2,0.06,0.0,44,54
2STEP-VF,9,2,4.308059350081904,-0.7208028499991315,0.10264335814977608,-1.296177059790006,False,3.394112549695429,0.5,0.2,0.06,0.0,44,55
2STEP-VF,9,2,4.299719008632483,-0.7579031176962976,0.08278822534152006,-0.5722725879395791,False,3.394112549695429,0.5,0.2,0.06,0.0,44,56
2STEP-VF,9,2,4.294354054353916,-0.7674467394244963,0.12781352774244953,-1.99049946987836,False,3.394112549695429,0.5,0.2,0.06,0.0,44,57
2STEP-VF,9,2,4.326064068869625,-0.752778635136791,0.08145344363779118,-0.5402776279488424,False,3.394112549695429,0.5,0.2,0.06,0.0,44,58
2STEP-VF,9,2,4.32070716164103,-0.7648368982553448,0.07231525341736506,-0.2192371238443931,False,3.394112549695429,0.5,0.2,0.06,0.0,44,59
2STEP-VF,9,2,4.318499662360406,-0.7672387491074931,0.09767242930088373,-1.0250347600286722,False,3.394112549695429,0.5,0.2,0.06,0.0,44,60
2STEP-VF,9,2,4.325185980557023,-0.7597717364783754,0.058470793423034434,0.21189793684441982,False,3.394112549695429,0.5,0.2,0.06,0.0,44,61
2STEP-VF,9,2,4.316236651004653,-0.7250367583880374,0.08181174950009124,-0.6189135648113511,False,3.394112549695429,0.5,0.2,0.06,0.0,44,62
2STEP-VF,9,2,4.295793114908399,-0.7396518432460408,0.10996029810679672,-1.4858175287324942,False,3.394112549695429,0.5,0.2,0.06,0.0,44,63
2STEP-VF,9,2,4.303111503806573,-0.7371849342936687,0.09759072821812947,-1.095472770446945,False,3.394112549695429,0.5,0.2,0.06,0.0,44,64
2STEP-VF,9,2,4.302070621107516,-0.7826808043706291,0.10157053883808553,-1.1136990750627769,False,3.394112549695429,0.5,0.2,0.06,0.0,44,65
2STEP-VF,9,2,4.304370348340033,-0.7514566202676104,0.07956035047463478,-0.48417310564564664,False,3.394112549695429,0.5,0.2,0.06,0.0,44,66
2STEP-VF,9,2,4.311231020737371,-0.7502272888273668,0.0634850127847336,0.027698945318446633,False,3.394112549695429,0.5,0.2,0.06,0.0,44,67
2STEP-VF,9,2,4.309900031884113,-0.744822779472424,0.06242324432952522,0.048624854102056636,False,3.394112549695429,0.5,0.2,0.06,0.0,44,68
2STEP-VF,9,2,4.322610655454693,-0.7526059036900603,0.05759053007420057,0.22271384580900766,False,3.394112549695429,0.5,0.2,0.06,0.0,44,69
2STEP-VF,9,2,4.307465368240952,-0.7568203567756591,0.051641497450555116,0.42228885993827436,False,3.394112549695429,0.5,0.2,0.06,0.0,44,70
2STEP-VF,9,2,4.313757772403199,-0.7687074237657682,0.09017111900651298,-0.7817525248263801,False,3.394112549695429,0.5,0.2,0.06,0.0,44,71
2STEP-VF,9,2,4.307792676623783,-0.7403142994957199,0.08226316235401393,-0.5971993159412916,False,3.394112549695429,0.5,0.2,0.06,0.0,44,72
2STEP-VF,9,2,4.330471471259796,-0.7365046509300788,0.03593430644092822,0.8775416443980735,False,3.394112549695429,0.5,0.2,0.06,0.0,44,73
2STEP-VF,9,2,4.300122438330849,-0.757480484315783,0.101978538366801,-1.187352719079903,False,3.394112549695429,0.5,0.2,0.06,0.0,44,74
2STEP-VF,9,2,4.296892205554099,-0.7577851564401826,0.10586309678277031,-1.3111211892589667,False,3.394112549695429,0.5,0.2,0.06,0.0,44,75
2STEP-VF,9,2,4.309070251077626,-0.7571017375461184,0.11255759803557842,-1.5262547519631688,False,3.394112549695429,0.5,0.2,0.06,0.0,44,76
2STEP-VF,9,2,4.298904030522487,-0.7588809264620235,0.11046304737098375,-1.4555690505312753,False,3.394112549695429,0.5,0.2,0.06,0.0,44,77
2STEP-VF,9,2,4.307136739638877,-0.7743232810726399,0.07763727012626523,-0.36758856508781923,False,3.394112549695429,0.5,0.2,0.06,0.0,44,78
2STEP-VF,9,2,4.3013064795625064,-0.7438593414744357,0.11644395597153787,-1.6828657827768168,False,3.394112549695429,0.5,0.2,0.06,0.0,44,79
2STEP-VF,9,2,4.325167462041748,-0.7550917985799249,0.09752985501722403,-1.0492249962368452,False,3.394112549695429,0.5,0.2,0.06,0.0,44,80
2STEP-VF,9,2,4.312218940277685,-0.758518846575087,0.05191013465022114,0.4180540593897928,False,3.394112549695429,0.5,0.2,0.06,0.0,44,81
2STEP-VF,9,2,4.318123039293813,-0.7629560514142857,0.06756873439021807,-0.07201759473506453,False,3.394112549695429,0.5,0.2,0.06,0.0,44,82
2STEP-VF,9,2,4.309123924885798,-0.7477714691594224,0.12196987716952033,-1.8498371079488902,False,3.394112549695429,0.5,0.2,0.06,0.0,44,83
2STEP-VF,9,2,4.304254967152682,-0.7526278352929084,0.09046600899738924,-0.8303501851843151,False,3.394112549695429,0.5,0.2,0.06,0.0,44,84
2STEP-VF,9,2,4.308537234924458,-0.7698268944124443,0.06329758946175446,0.08057391790919066,False,3.394112549695429,0.5,0.2,0.06,0.0,44,85
2STEP-VF,9,2,4.320611759260105,-0.7730444334646803,0.06661043776523148,-0.016990662616569008,False,3.394112549695429,0.5,0.2,0.06,0.0,44,86
2STEP-VF,9,2,4.308515992573682,-0.7744312842971018,0.08028037053857964,-0.45182581536708355,False,3.394112549695429,0.5,0.2,0.06,0.0,44,87
2STEP-VF,9,2,4.300741384285394,-0.7501937883250566,0.10379716495682756,-1.2629997035812233,False,3.394112549695429,0.5,0.2,0.06,0.0,44,88
2STEP-VF,9,2,4.289877688005234,-0.7564617002805654,0.11859821600268444,-1.7222421701322324,False,3.394112549695429,0.5,0.2,0.06,0.0,44,89
2STEP-VF,9,2,4.302488377261504,-0.7527932338168369,0.091147252170252,-0.8518590056519657,False,3.394112549695429,0.5,0.2,0.06,0.0,44,90
2STEP-VF,9,2,4.282576579389207,-0.7392108760141333,0.13483771278457496,-2.2837461119091276,False,3.394112549695429,0.5,0.2,0.06,0.0,44,91
2STEP-VF,9,2,4.300566609840162,-0.7437319864468989,0.09373629030721882,-0.9565705257680355,False,3.394112549695429,0.5,0.2,0.06,0.0,44,92
2STEP-VF,9,2,4.308148519765769,-0.7593578021210285,0.0809284754899141,-0.5087635794008367,False,3.394112549695429,0.5,0.2,0.06,0.0,44,93
2STEP-VF,9,2,4.305249434319827,-0.765502692572176,0.14500809599676856,-2.544737643664183,False,3.394112549695429,0.5,0.2,0.06,0.0,44,94
2STEP-VF,9,2,4.29537872633026,-0.7371569574184671,0.09024603173846646,-0.8609735942467904,False,3.394112549695429,0.5,0.2,0.06,0.0,44,95
2STEP-VF,9,2,4.288131025676011,-0.7523866449148424,0.12645279081854396,-1.9834734968572256,False,3.394112549695429,0.5,0.2,0.06,0.0,44,96
2STEP-VF,9,2,4.2990674987682365,-0.7461436053721034,0.09421343626125948,-0.9661412575411621,False,3.394112549695429,0.5,0.2,0.06,0.0,44,97
2STEP-VF,9,2,4.307942469519333,-0.7419119335050978,0.10687545228443897,-1.3809492845186533,False,3.394112549695429,0.5,0.2,0.06,0.0,44,98
2STEP-VF,9,2,4.310590276245278,-0.7574997105287451,0.14879136822472958,-2.684689061347642,False,3.394112549695429,0.5,0.2,0.06,0.0,44,99
2STEP-VF,9,2,2.2015057429887013,-0.28119976356422205,0.029689299666793165,-2.993260580216071,False,6.788225099390858,0.5,0.4,0.06,0.0,36,0
2STEP-VF,9,2,2.2164167978310774,-0.2710467568750833,0.018533450492622353,-1.5887844386855972,False,6.788225099390858,0.5,0.4,0.06,0.0,36,1
2STEP-VF,9,2,2.2009884074626966,-0.2730552871492031,0.03646821526531685,-3.8805395603547086,False,6.788225099390858,0.5,0.4,0.06,0.0,36,2
2STEP-VF,9,2,2.195719501419426,-0.26988709487953344,0.03186042061709794,-3.2986616411924916,False,6.788225099390858,0.5,0.4,0.06,0.0,36,3
2STEP-VF,9,2,2.231446469543033,-0.2926998703258722,0.02629852644207148,-2.529844907630475,False,6.788225099390858,0.5,0.4,0.06,0.0,36,4
2STEP-VF,9,2,2.189964258957321,-0.27594464278998065,0.031145709400488112,-3.1929858050290862,False,6.788225099390858,0.5,0.4,0.06,0.0,36,5
2STEP-VF,9,2,2.2219677886531377,-0.28011986025367824,0.026366868287917112,-2.5693534089253753,False,6.788225099390858,0.5,0.4,0.06,0.0,36,6
2STEP-VF,9,2,2.188777091819981,-0.27623725152396494,0.026894176848392085,-2.648158607427473,False,6.788225099390858,0.5,0.4,0.06,0.0,36,7
2STEP-VF,9,2,2.1980409412349293,-0.2791938528062632,0.033413032337059605,-3.4749204359345027,False,6.788225099390858,0.5,0.4,0.06,0.0,36,8
2STEP-VF,9,2,2.178650815617283,-0.27491923102684984,0.02790485940811081,-2.7812968008367083,False,6.788225099390858,0.5,0.4,0.06,0.0,36,9
2STEP-VF,9,2,2.2116505500228643,-0.27744639522746983,0.023986028413448813,-2.2716412553741496,False,6.788225099390858,0.5,0.4,0.06,0.0,36,10
2STEP-VF,9,2,2.1971858745631954,-0.283764545976935,0.04099935280972692,-4.435051096826611,False,6.788225099390858,0.5,0.4,0.06,0.0,36,11
2STEP-VF,9,2,2.2241041059953184,-0.2842003464848391,0.030629738559202993,-3.105079457654651,False,6.788225099390858,0.5,0.4,0.06,0.0,36,12
2STEP-VF,9,2,2.1734370930011044,-0.27497384854992096,0.04491876857943967,-4.959258916068402,False,6.788225099390858,0.5,0.4,0.06,0.0,36,13
2STEP-VF,9,2,2.210866574102905,-0.2756671580357507,0.03272822641074996,-3.39495980684402,False,6.788225099390858,0.5,0.4,0.06,0.0,36,14
2STEP-VF,9,2,2.1827564602762335,-0.27000298193632627,0.03157565661997991,-3.262711503093672,False,6.788225099390858,0.5,0.4,0.06,0.0,36,15
2STEP-VF,9,2,2.1959375244125376,-0.2724360075861043,0.03146916141612873,-3.242449991593076,False,6.788225099390858,0.5,0.4,0.06,0.0,36,16
2STEP-VF,9,2,2.1827826397018875,-0.2751818289241115,0.0339623894725461,-3.5557825046859213,False,6.788225099390858,0.5,0.4,0.06,0.0,36,17
2STEP-VF,9,2,2.1905825262555623,-0.2695985720195362,0.0363189913645851,-3.8703593702446732,False,6.788225099390858,0.5,0.4,0.06,0.0,36,18
2STEP-VF,9,2,2.1986571969723907,-0.27726879352929185,0.03259153017523017,-3.374351326140819,False,6.788225099390858,0.5,0.4,0.06,0.0,36,19
2STEP-VF,9,2,2.191714776404727,-0.26863510536175483,0.03912478894010752,-4.231745844881268,False,6.788225099390858,0.5,0.4,0.06,0.0,36,20
2STEP-VF,9,2,2.169736687883106,-0.26431541312657025,0.04029533991342888,-4.393262316142143,False,6.788225099390858,0.5,0.4,0.06,0.0,36,21
2STEP-VF,9,2,2.1982739644553897,-0.274147546051656,0.026432967021185298,-2.5935692303204214,False,6.788225099390858,0.5,0.4,0.06,0.0,36,22
2STEP-VF,9,2,2.1786895343554087,-0.27936484198755057,0.03325249708874624,-3.4551226345280734,False,6.788225099390858,0.5,0.4,0.06,0.0,36,23
2STEP-VF,9,2,2.18767642847397,-0.2686872668657992,0.032801344763735085,-3.4224621035717355,False,6.788225099390858,0.5,0.4,0.06,0.0,36,24
2STEP-VF,9,2,2.216981919801202,-0.2830992973937852,0.03701885806238511,-3.9259566030521387,False,6.788225099390858,0.5,0.4,0.06,0.0,36,25
2STEP-VF,9,2,2.209792961914319,-0.2623534299756396,0.030537501420919305,-3.1465643722212775,False,6.788225099390858,0.5,0.4,0.06,0.0,36,26
2STEP-VF,9,2,2.2100923600599702,-0.2835953125326535,0.028430275785326364,-2.825841008839809,False,6.788225099390858,0.5,0.4,0.06,0.0,36,27
2STEP-VF,9,2,2.199980806381841,-0.27753057020170224,0.03203067329475383,-3.301853964861495,False,6.788225099390858,0.5,0.4,0.06,0.0,36,28
2STEP-VF,9,2,2.169743054568563,-0.27246505746960115,0.031840534219122724,-3.291487658846553,False,6.788225099390858,0.5,0.4,0.06,0.0,36,29
2STEP-VF,9,2,2.1959759746242558,-0.27371878534457234,0.03364540773560443,-3.5179285468529384,False,6.788225099390858,0.5,0.4,0.06,0.0,36,30
2STEP-VF,9,2,2.230457049767408,-0.27324799311037334,0.029548097673088965,-2.9925338957044483,False,6.788225099390858,0.5,0.4,0.06,0.0,36,31
2STEP-VF,9,2,2.204769045765224,-0.27503269980210326,0.02342781569714989,-2.206395786964225,False,6.788225099390858,0.5,0.4,0.06,0.0,36,32
2STEP-VF,9,2,2.1759247488881828,-0.2678243667300283,0.03024112905519575,-3.097530553979698,False,6.788225099390858,0.5,0.4,0.06,0.0,36,33
2STEP-VF,9,2,2.2044543002204415,-0.2779053076482681,0.03186490477317131,-3.2794678145968588,False,6.788225099390858,0.5,0.4,0.06,0.0,36,34
2STEP-VF,9,2,2.2004536752957167,-0.272186522881738,0.03470296298927411,-3.656704387193173,False,6.788225099390858,0.5,0.4,0.06,0.0,36,35
2STEP-VF,9,2,2.179666842408128,-0.27286578130640304,0.035624703274674104,-3.7743041334784313,False,6.788225099390858,0.5,0.4,0.06,0.0,36,36
2STEP-VF,9,2,2.200573174749039,-0.270026745182032,0.030385459079886774,-3.109240183303689,False,6.788225099390858,0.5,0.4,0.06,0.0,36,37
2STEP-VF,9,2,2.2184965756891306,-0.2821608551728421,0.025555455786118533,-2.4608024936670043,False,6.788225099390858,0.5,0.4,0.06,0.0,36,38
2STEP-VF,9,2,2.2313075793901738,-0.2736077238790678,0.024756515598776764,-2.3782970045702534,False,6.788225099390858,0.5,0.4,0.06,0.0,36,39
2STEP-VF,9,2,2.2001200896066067,-0.2841514864893211,0.03586458022987142,-3.776695496472776,False,6.788225099390858,0.5,0.4,0.06,0.0,36,40
2STEP-VF,9,2,2.1997690829685363,-0.2698143861819932,0.035580245602499415,-3.77473076530503,False,6.788225099390858,0.5,0.4,0.06,0.0,36,41
2STEP-VF,9,2,2.1847427293629145,-0.27364378117436644,0.02719429623460623,-2.693040279449344,False,6.788225099390858,0.5,0.4,0.06,0.0,36,42
2STEP-VF,9,2,2.2066706615169323,-0.2896024660342157,0.02849624261243354,-2.8200728962183605,False,6.788225099390858,0.5,0.4,0.06,0.0,36,43
2STEP-VF,9,2,2.212124263121437,-0.2710294456741038,0.03568941274813948,-3.785046706356719,False,6.788225099390858,0.5,0.4,0.06,0.0,36,44
2STEP-VF,9,2,2.2090056766187627,-0.2812544804874682,0.030645619886358732,-3.115088251686869,False,6.788225099390858,0.5,0.4,0.06,0.0,36,45
2STEP-VF,9,2,2.1932451043306083,-0.2738100266219808,0.027844960781698447,-2.7754162099048116,False,6.788225099390858,0.5,0.4,0.06,0.0,36,46
2STEP-VF,9,2,2.204178909433632,-0.2620305294634954,0.03568644070358107,-3.806740404779971,False,6.788225099390858,0.5,0.4,0.06,0.0,36,47
2STEP-VF,9,2,2.196035176379364,-0.2749975812549879,0.03478326566955923,-3.660501700108849,False,6.788225099390858,0.5,0.4,0.06,0.0,36,48
2STEP-VF,9,2,2.21740689185556,-0.27092560018342493,0.02684529126735387,-2.652931428269743,False,6.788225099390858,0.5,0.4,0.06,0.0,36,49
2STEP-VF,9,2,2.2007885481522598,-0.26994332236403795,0.02755206943059454,-2.7467536005532756,False,6.788225099390858,0.5,0.4,0.06,0.0,36,50
2STEP-VF,9,2,2.187550613978235,-0.2753001263356565,0.04041733251325591,-4.381445221652488,False,6.788225099390858,0.5,0.4,0.06,0.0,36,51
2STEP-VF,9,2,2.1974658616862306,-0.2755511867057893,0.03417187385829268,-3.5808290540663954,False,6.788225099390858,0.5,0.4,0.06,0.0,36,52
2STEP-VF,9,2,2.186980634331439,-0.2773677399982807,0.03403351548157149,-3.559388567585392,False,6.788225099390858,0.5,0.4,0.06,0.0,36,53
2STEP-VF,9,2,2.2142457392984123,-0.2751353441688377,0.032938285182329725,-3.4229209329750905,False,6.788225099390858,0.5,0.4,0.06,0.0,36,54
2STEP-VF,9,2,2.2121586674089304,-0.2797955252276985,0.020644105319619386,-1.8382067003202696,False,6.788225099390858,0.5,0.4,0.06,0.0,36,55
2STEP-VF,9,2,2.198507449199884,-0.26522999945011466,0.029177824594382798,-2.9662991024487306,False,6.788225099390858,0.5,0.4,0.06,0.0,36,56
2STEP-VF,9,2,2.206962551069144,-0.27497227382962414,0.022940988181491425,-2.1440952769756563,False,6.788225099390858,0.5,0.4,0.06,0.0,36,57
2STEP-VF,9,2,2.1986415920575606,-0.28309436073218075,0.031141853538084144,-3.174812291594084,False,6.788225099390858,0.5,0.4,0.06,0.0,36,58
2STEP-VF,9,2,2.2021195167158414,-0.2721792853559311,0.028793315417670245,-2.900186917604607,False,6.788225099390858,0.5,0.4,0.06,0.0,36,59
2STEP-VF,9,2,2.2002142542219882,-0.2803359992245403,0.03096143516894631,-3.158244448232913,False,6.788225099390858,0.5,0.4,0.06,0.0,36,60
2STEP-VF,9,2,2.2021046563683835,-0.2696762887846993,0.027580624502318577,-2.7509705638313973,False,6.788225099390858,0.5,0.4,0.06,0.0,36,61
2STEP-VF,9,2,2.2221639743960058,-0.28051311509765864,0.02400315597696788,-2.2658426503537483,False,6.788225099390858,0.5,0.4,0.06,0.0,36,62
2STEP-VF,9,2,2.2174600268441904,-0.2786000305855814,0.026371445802077537,-2.5738573876498787,False,6.788225099390858,0.5,0.4,0.06,0.0,36,63
2STEP-VF,9,2,2.2020849678078,-0.27029829221449453,0.031374074966544804,-3.235040596334481,False,6.788225099390858,0.5,0.4,0.06,0.0,36,64
2STEP-VF,9,2,2.204649991022455,-0.2772549142916085,0.029270477475733296,-2.948930323132655,False,6.788225099390858,0.5,0.4,0.06,0.0,36,65
2STEP-VF,9,2,2.208727431815513,-0.27150220366299205,0.03273031056631635,-3.405350817788382,False,6.788225099390858,0.5,0.4,0.06,0.0,36,66
2STEP-VF,9,2,2.199592727056259,-0.2734354280383213,0.0332438227746942,-3.4669887242455113,False,6.788225099390858,0.5,0.4,0.06,0.0,36,67
2STEP-VF,9,2,2.2066739425560047,-0.27083938742205493,0.028354431273068983,-2.8469522365865387,False,6.788225099390858,0.5,0.4,0.06,0.0,36,68
2STEP-VF,9,2,2.169698675462616,-0.26813080564660785,0.03618864648073087,-3.8584508954539363,False,6.788225099390858,0.5,0.4,0.06,0.0,36,69
2STEP-VF,9,2,2.1962218547472157,-0.2703053440446476,0.032376331316617026,-3.3636642715349927,False,6.788225099390858,0.5,0.4,0.06,0.0,36,70
2STEP-VF,9,2,2.192022671859086,-0.28509735785739937,0.03228051504754956,-3.3161509069170405,False,6.788225099390858,0.5,0.4,0.06,0.0,36,71
2STEP-VF,9,2,2.2014271154974336,-0.2773747136231246,0.026690631214539982,-2.6186158558357735,False,6.788225099390858,0.5,0.4,0.06,0.0,36,72
2STEP-VF,9,2,2.211864916603289,-0.27972355898104717,0.027216250796911083,-2.679631665453909,False,6.788225099390858,0.5,0.4,0.06,0.0,36,73
2STEP-VF,9,2,2.191094445886221,-0.2818786040802362,0.035619788201973965,-3.7513585733069283,False,6.788225099390858,0.5,0.4,0.06,0.0,36,74
2STEP-VF,9,2,2.1909282023055834,-0.274226852005384,0.03294652804604017,-3.4275554529418857,False,6.788225099390858,0.5,0.4,0.06,0.0,36,75
2STEP-VF,9,2,2.1769933294447044,-0.27005721441802233,0.039550939974713796,-4.283763402393431,False,6.788225099390858,0.5,0.4,0.06,0.0,36,76
2STEP-VF,9,2,2.224533983173224,-0.2745966784144184,0.032228295654453176,-3.33271777658501,False,6.788225099390858,0.5,0.4,0.06,0.0,36,77
2STEP-VF,9,2,2.2040696991730298,-0.2761951191704852,0.031294051511875795,-3.2105261255605564,False,6.788225099390858,0.5,0.4,0.06,0.0,36,78
2STEP-VF,9,2,2.194424744842552,-0.27003157391576915,0.03405068349459588,-3.578746225219875,False,6.788225099390858,0.5,0.4,0.06,0.0,36,79
2STEP-VF,9,2,2.208221566741008,-0.27012509388951944,0.02442627333753637,-2.345769467865349,False,6.788225099390858,0.5,0.4,0.06,0.0,36,80
2STEP-VF,9,2,2.201239251706771,-0.28423320702315313,0.030207533544728025,-3.0523302417672142,False,6.788225099390858,0.5,0.4,0.06,0.0,36,81
2STEP-VF,9,2,2.227939611479232,-0.2673711771640783,0.033784275025088684,-3.5490200013288105,False,6.788225099390858,0.5,0.4,0.06,0.0,36,82
2STEP-VF,9,2,2.1826151943385583,-0.2636281307013735,0.037843037280706024,-4.080244346586762,False,6.788225099390858,0.5,0.4,0.06,0.0,36,83
2STEP-VF,9,2,2.20109493317245,-0.2747765164766902,0.03495698152830201,-3.682964300088255,False,6.788225099390858,0.5,0.4,0.06,0.0,36,84
2STEP-VF,9,2,2.2227995820083,-0.27499662875848824,0.03520307303879284,-3.7126334650246147,False,6.788225099390858,0.5,0.4,0.06,0.0,36,85
2STEP-VF,9,2,2.172006144907825,-0.27764719486279504,0.03276769997884244,-3.397591960926656,False,6.788225099390858,0.5,0.4,0.06,0.0,36,86
2STEP-VF,9,2,2.1972537164125376,-0.27932007260179265,0.03386195305408318,-3.5321265936935937,False,6.788225099390858,0.5,0.4,0.06,0.0,36,87
2STEP-VF,9,2,2.1725501031827443,-0.26439286210432955,0.03233460671221945,-3.3739337839227352,False,6.788225099390858,0.5,0.4,0.06,0.0,36,88
2STEP-VF,9,2,2.2072108754491215,-0.28156211724603253,0.03108563014485892,-3.1707789246245173,False,6.788225099390858,0.5,0.4,0.06,0.0,36,89
2STEP-VF,9,2,2.1773196099650374,-0.2794433623540711,0.03941783315266399,-4.244179397293319,False,6.788225099390858,0.5,0.4,0.06,0.0,36,90
2STEP-VF,9,2,2.1936901948341765,-0.27377509550817514,0.03874067422680369,-4.1701246601212025,False,6.788225099390858,0.5,0.4,0.06,0.0,36,91
2STEP-VF,9,2,2.2240888648290067,-0.273908122438126,0.026975464392851038,-2.662034616543691,False,6.788225099390858,0.5,0.4,0.06,0.0,36,92
2STEP-VF,9,2,2.2058596236782217,-0.2840581059746771,0.027939201316540464,-2.7621267367572617,False,6.788225099390858,0.5,0.4,0.06,0.0,36,93
2STEP-VF,9,2,2.183352373039848,-0.2762893692183975,0.03733723278130334,-3.9850701675002833,False,6.788225099390858,0.5,0.4,0.06,0.0,36,94
2STEP-VF,9,2,2.1786650576239928,-0.2723581343554992,0.033294606492421344,-3.477330205119295,False,6.788225099390858,0.5,0.4,0.06,0.0,36,95
2STEP-VF,9,2,2.1754577010209073,-0.268409994896521,0.030588756390981336,-3.1406493682327072,False,6.788225099390858,0.5,0.4,0.06,0.0,36,96
2STEP-VF,9,2,2.2051710073721695,-0.28094911801305267,0.03148401606767814,-3.223365912989146,False,6.788225099390858,0.5,0.4,0.06,0.0,36,97
2STEP-VF,9,2,2.207012881972133,-0.27013628091056385,0.02148844949719179,-1.9697736885368684,False,6.788225099390858,0.5,0.4,0.06,0.0,36,98
2STEP-VF,9,2,2.2013449659707494,-0.2750684628453888,0.03286715390972831,-3.4147506916580466,False,6.788225099390858,0.5,0.4,0.06,0.0,36,99
2STEP-VF,9,2,3.9844307573472477,-0.4255016260205626,0.0416676409732289,-4.073188296683115,False,6.788225099390858,0.5,0.4,0.06,0.0,40,0
2STEP-VF,9,2,3.9771186430458765,-0.42346151522295283,0.03271218592237396,-2.9322250429460284,False,6.788225099390858,0.5,0.4,0.06,0.0,40,1
2STEP-VF,9,2,3.9545087390102434,-0.40719866742014194,0.04409659451525008,-4.429816771803056,False,6.788225099390858,0.5,0.4,0.06,0.0,40,2
2STEP-VF,9,2,3.954731368006931,-0.43289700782841956,0.030244212746605482,-2.59502253069688,False,6.788225099390858,0.5,0.4,0.06,0.0,40,3
2STEP-VF,9,2,3.9754046605565394,-0.40266375471610616,0.045059688296495745,-4.562722810999409,False,6.788225099390858,0.5,0.4,0.06,0.0,40,4
2STEP-VF,9,2,3.9550612074830243,-0.42643452240955104,0.04959843103993314,-5.08785264687954,False,6.788225099390858,0.5,0.4,0.06,0.0,40,5
2STEP-VF,9,2,3.9622717597037185,-0.40395490447607235,0.039635952663527124,-3.866173864606676,False,6.788225099390858,0.5,0.4,0.06,0.0,40,6
2STEP-VF,9,2,3.983830242556367,-0.4190743297921561,0.03632110210452707,-3.404292863324909,False,6.788225099390858,0.5,0.4,0.06,0.0,40,7
2STEP-VF,9,2,3.9712575493218982,-0.42125686835654386,0.022977449943764865,-1.6918216557868841,False,6.788225099390858,0.5,0.4,0.06,0.0,40,8
2STEP-VF,9,2,3.9474122804994165,-0.41815722399655136,0.04686663569805331,-4.758507294929137,False,6.788225099390858,0.5,0.4,0.06,0.0,40,9
2STEP-VF,9,2,3.957900810827313,-0.4239511665004743,0.03573136659674689,-3.3186580761328255,False,6.788225099390858,0.5,0.4,0.06,0.0,40,10
2STEP-VF,9,2,4.002098423495426,-0.410432692347137,0.03140386990442428,-2.7945309807234544,False,6.788225099390858,0.5,0.4,0.06,0.0,40,11
2STEP-VF,9,2,3.9800730298179783,-0.4120674097729157,0.044514514487620095,-4.470091689171296,False,6.788225099390858,0.5,0.4,0.06,0.0,40,12
2STEP-VF,9,2,3.9604760877038667,-0.4119988391981508,0.037041888566612106,-3.5149359571885563,False,6.788225099390858,0.5,0.4,0.06,0.0,40,13
2STEP-VF,9,2,3.9766542328788836,-0.4271922036369582,0.038688353706895495,-3.688248731781192,False,6.788225099390858,0.5,0.4,0.06,0.0,40,14
2STEP-VF,9,2,3.983254700130779,-0.43216242355431095,0.02711924760162615,-2.1950785944699556,False,6.788225099390858,0.5,0.4,0.06,0.0,40,15
2STEP-VF,9,2,3.9696542491845848,-0.4113945049052296,0.04687709726540794,-4.774742383248592,False,6.788225099390858,0.5,0.4,0.06,0.0,40,16
2STEP-VF,9,2,3.950201883048037,-0.39995952090780645,0.04475520586992821,-4.531751388189194,False,6.788225099390858,0.5,0.4,0.06,0.0,40,17
2STEP-VF,9,2,3.969073004052648,-0.4392596244980599,0.04264002518907888,-4.165555745163595,False,6.788225099390858,0.5,0.4,0.06,0.0,40,18
2STEP-VF,9,2,3.978979003437378,-0.42536341768387587,0.03728480341597529,-3.5128438945972933,False,6.788225099390858,0.5,0.4,0.06,0.0,40,19
2STEP-VF,9,2,3.973734986539325,-0.42509329547549246,0.02982756667295239,-2.5592805258043656,False,6.788225099390858,0.5,0.4,0.06,0.0,40,20
2STEP-VF,9,2,3.946104900631263,-0.4177719101385069,0.04199110615554117,-4.135442709538978,False,6.788225099390858,0.5,0.4,0.06,0.0,40,21
2STEP-VF,9,2,3.9790758468674197,-0.4099946096851166,0.048931450040479024,-5.0404939911249915,False,6.788225099390858,0.5,0.4,0.06,0.0,40,22
2STEP-VF,9,2,3.9910530029621825,-0.4249988809123974,0.0397200485160794,-3.82470571569068,False,6.788225099390858,0.5,0.4,0.06,0.0,40,23
2STEP-VF,9,2,3.969462742708235,-0.42128975749043485,0.035134345074837633,-3.2479329870396807,False,6.788225099390858,0.5,0.4,0.06,0.0,40,24
2STEP-VF,9,2,3.987326464972882,-0.4208465523514152,0.04921654397462358,-5.050446315210051,False,6.788225099390858,0.5,0.4,0.06,0.0,40,25
2STEP-VF,9,2,3.9586714237559435,-0.4133166224168512,0.043963323959762116,-4.3978252876237525,False,6.788225099390858,0.5,0.4,0.06,0.0,40,26
2STEP-VF,9,2,3.9726661878467735,-0.41489602587377594,0.04139492492017968,-4.064439956415132,False,6.788225099390858,0.5,0.4,0.06,0.0,40,27
2STEP-VF,9,2,3.95340731292887,-0.4265281622897596,0.0500943242409673,-5.151201474572661,False,6.788225099390858,0.5,0.4,0.06,0.0,40,28
2STEP-VF,9,2,3.993757724956598,-0.4373331700905112,0.03341286406129578,-2.987621528131238,False,6.788225099390858,0.5,0.4,0.06,0.0,40,29
2STEP-VF,9,2,3.992126775059233,-0.4164228360538939,0.04114224004634359,-4.0272643128990815,False,6.788225099390858,0.5,0.4,0.06,0.0,40,30
2STEP-VF,9,2,3.9844487355945857,-0.4385704685526333,0.03089992999399536,-2.663554990569412,False,6.788225099390858,0.5,0.4,0.06,0.0,40,31
2STEP-VF,9,2,3.9853794041345134,-0.43012851895537996,0.03083087076651272,-2.674920248372646,False,6.788225099390858,0.5,0.4,0.06,0.0,40,32
2STEP-VF,9,2,3.952272656303856,-0.41764761208185974,0.04167526581372554,-4.094943395782176,False,6.788225099390858,0.5,0.4,0.06,0.0,40,33
2STEP-VF,9,2,3.956413608445175,-0.4160526369370571,0.03585810547454964,-3.353926355586707,False,6.788225099390858,0.5,0.4,0.06,0.0,40,34
2STEP-VF,9,2,3.9465781043091215,-0.41808850404188286,0.04762396825152421,-4.855660840236034,False,6.788225099390858,0.5,0.4,0.06,0.0,40,35
2STEP-VF,9,2,3.9690688424369984,-0.43012027330948327,0.04242532343806915,-4.160008613583873,False,6.788225099390858,0.5,0.4,0.06,0.0,40,36
2STEP-VF,9,2,3.9736613402779657,-0.3969363401762209,0.03712190777571743,-3.560537298452224,False,6.788225099390858,0.5,0.4,0.06,0.0,40,37
2STEP-VF,9,2,3.946821158811782,-0.4268935492217347,0.036721289546914754,-3.438971274344219,False,6.788225099390858,0.5,0.4,0.06,0.0,40,38
2STEP-VF,9,2,3.998104561535102,-0.40954939705474913,0.037649650080521034,-3.5963503836831894,False,6.788225099390858,0.5,0.4,0.06,0.0,40,39
2STEP-VF,9,2,3.9669911928212294,-0.40227011810942315,0.042684015184080125,-4.260086188530368,False,6.788225099390858,0.5,0.4,0.06,0.0,40,40
2STEP-VF,9,2,3.979062380980054,-0.4355009971429152,0.02948376585336408,-2.489975893228803,False,6.788225099390858,0.5,0.4,0.06,0.0,40,41
2STEP-VF,9,2,3.971311146857282,-0.42430561541859524,0.045644459693269766,-4.5858786949224655,False,6.788225099390858,0.5,0.4,0.06,0.0,40,42
2STEP-VF,9,2,3.947129589769976,-0.4025298441694001,0.028897647059331896,-2.4959994222017245,False,6.788225099390858,0.5,0.4,0.06,0.0,40,43
2STEP-VF,9,2,3.9781558920662556,-0.4366455127068591,0.04528575051159549,-4.509937481463786,False,6.788225099390858,0.5,0.4,0.06,0.0,40,44
2STEP-VF,9,2,3.95577245839981,-0.4105100906314911,0.042388630092304064,-4.203174086795354,False,6.788225099390858,0.5,0.4,0.06,0.0,40,45
2STEP-VF,9,2,4.001267768395302,-0.427623171390691,0.0406484202471062,-3.936626114188218,False,6.788225099390858,0.5,0.4,0.06,0.0,40,46
2STEP-VF,9,2,3.980398539251592,-0.41960338345888387,0.04310242437432568,-4.271238287257272,False,6.788225099390858,0.5,0.4,0.06,0.0,40,47
2STEP-VF,9,2,3.9667423506283614,-0.4217593469882041,0.03406235353652293,-3.109754278865544,False,6.788225099390858,0.5,0.4,0.06,0.0,40,48
2STEP-VF,9,2,3.9720247303112255,-0.4127025761565078,0.04314691409414903,-4.293997337456784,False,6.788225099390858,0.5,0.4,0.06,0.0,40,49
2STEP-VF,9,2,4.005524597886575,-0.41673173100401684,0.029442998791500447,-2.5282162150292233,False,6.788225099390858,0.5,0.4,0.06,0.0,40,50
2STEP-VF,9,2,3.9841401589816177,-0.43654193263540203,0.029511761324285016,-2.4907564016446213,False,6.788225099390858,0.5,0.4,0.06,0.0,40,51
2STEP-VF,9,2,3.978219857030598,-0.4172356177956601,0.032926964606237764,-2.974592795467015,False,6.788225099390858,0.5,0.4,0.06,0.0,40,52
2STEP-VF,9,2,3.978687128357225,-0.42990798308616684,0.0337080319701814,-3.0441277050749864,False,6.788225099390858,0.5,0.4,0.06,0.0,40,53
2STEP-VF,9,2,3.94901745187264,-0.42359489020154,0.0332439792066027,-3.001660554849092,False,6.788225099390858,0.5,0.4,0.06,0.0,40,54
2STEP-VF,9,2,3.969183210657198,-0.4281177031606907,0.04266040541006103,-4.194898412262724,False,6.788225099390858,0.5,0.4,0.06,0.0,40,55
2STEP-VF,9,2,3.99098550979599,-0.4195776577452884,0.039141356599875166,-3.7636481356075704,False,6.788225099390858,0.5,0.4,0.06,0.0,40,56
2STEP-VF,9,2,3.9724218447883426,-0.40867903398171157,0.03585578885937794,-3.3703659817569696,False,6.788225099390858,0.5,0.4,0.06,0.0,40,57
2STEP-VF,9,2,3.9844022046125396,-0.42469832694501575,0.04635043604409248,-4.674515696699048,False,6.788225099390858,0.5,0.4,0.06,0.0,40,58
2STEP-VF,9,2,3.9835093513910333,-0.41562633668786814,0.03495861032858061,-3.2381883529239732,False,6.788225099390858,0.5,0.4,0.06,0.0,40,59
2STEP-VF,9,2,3.961448399832458,-0.4143652855411818,0.037196241245447265,-3.528955290128467,False,6.788225099390858,0.5,0.4,0.06,0.0,40,60
2STEP-VF,9,2,3.979598911962048,-0.4068398446297312,0.024025889074387807,-1.8601222396925623,False,6.788225099390858,0.5,0.4,0.06,0.0,40,61
2STEP-VF,9,2,3.940200945380185,-0.4218773320507722,0.04129863597964876,-4.037307751750378,False,6.788225099390858,0.5,0.4,0.06,0.0,40,62
2STEP-VF,9,2,3.921454354157929,-0.4096300296343391,0.040123821237267356,-3.917449785998333,False,6.788225099390858,0.5,0.4,0.06,0.0,40,63
2STEP-VF,9,2,3.9943467220890296,-0.42634181510056507,0.025583754157156885,-2.0118393725493844,False,6.788225099390858,0.5,0.4,0.06,0.0,40,64
2STEP-VF,9,2,3.9831132403945078,-0.4286079991066108,0.024903312269458532,-1.9199779782111566,False,6.788225099390858,0.5,0.4,0.06,0.0,40,65
2STEP-VF,9,2,3.9703367015374478,-0.41597705580147787,0.031050014060438117,-2.7378366637202864,False,6.788225099390858,0.5,0.4,0.06,0.0,40,66
2STEP-VF,9,2,3.9740776162087412,-0.42458841183548157,0.039294638168883275,-3.77225684023938,False,6.788225099390858,0.5,0.4,0.06,0.0,40,67
2STEP-VF,9,2,4.000133149423347,-0.4253450943738545,0.025384831584722923,-1.9884222273818835,False,6.788225099390858,0.5,0.4,0.06,0.0,40,68
2STEP-VF,9,2,3.9711478888150706,-0.42712725054239653,0.03929254525752854,-3.766071518332998,False,6.788225099390858,0.5,0.4,0.06,0.0,40,69
2STEP-VF,9,2,4.005200805772005,-0.42262888648491614,0.036596653522319424,-3.429750274946768,False,6.788225099390858,0.5,0.4,0.06,0.0,40,70
2STEP-VF,9,2,3.984405973488861,-0.41987988721549074,0.03571722716093704,-3.3250289888734326,False,6.788225099390858,0.5,0.4,0.06,0.0,40,71
2STEP-VF,9,2,3.984594926615622,-0.4142053552012643,0.039742094417220014,-3.853819537324191,False,6.788225099390858,0.5,0.4,0.06,0.0,40,72
2STEP-VF,9,2,3.982571716413857,-0.42202193848903263,0.03199304354269169,-2.8433026181060272,False,6.788225099390858,0.5,0.4,0.06,0.0,40,73
2STEP-VF,9,2,3.97978002223282,-0.4128546931594844,0.03169430935179288,-2.827233532112758,False,6.788225099390858,0.5,0.4,0.06,0.0,40,74
2STEP-VF,9,2,3.958627457169781,-0.42231292811975285,0.03885060254907032,-3.721808451363408,False,6.788225099390858,0.5,0.4,0.06,0.0,40,75
2STEP-VF,9,2,3.9716821209337145,-0.41394465810755043,0.0191054994144455,-1.2137358183348805,False,6.788225099390858,0.5,0.4,0.06,0.0,40,76
2STEP-VF,9,2,3.9755652640884924,-0.4121725069386037,0.03019685694989965,-2.6374497570891977,False,6.788225099390858,0.5,0.4,0.06,0.0,40,77
2STEP-VF,9,2,3.979799462479589,-0.43025750615558955,0.03253337774254831,-2.892866368523994,False,6.788225099390858,0.5,0.4,0.06,0.0,40,78
2STEP-VF,9,2,3.9498865355201125,-0.4004862447405051,0.04368665478193019,-4.393731632578646,False,6.788225099390858,0.5,0.4,0.06,0.0,40,79
2STEP-VF,9,2,3.9884831139694716,-0.4263263477513956,0.030552745212967955,-2.6482591658183816,False,6.788225099390858,0.5,0.4,0.06,0.0,40,80
2STEP-VF,9,2,3.9385353352060033,-0.4259247355925985,0.04354718608510848,-4.31550833335929,False,6.788225099390858,0.5,0.4,0.06,0.0,40,81
2STEP-VF,9,2,3.9753474935017645,-0.40775571298991536,0.033119190147872075,-3.022121778141724,False,6.788225099390858,0.5,0.4,0.06,0.0,40,82
2STEP-VF,9,2,3.952263009513228,-0.4290449930285128,0.03313629118042772,-2.9746015072555245,False,6.788225099390858,0.5,0.4,0.06,0.0,40,83
2STEP-VF,9,2,3.995636350260391,-0.411101558084423,0.038711865515512846,-3.7287368655674067,False,6.788225099390858,0.5,0.4,0.06,0.0,40,84
2STEP-VF,9,2,3.9877062549346443,-0.40760711197261074,0.04227218184877693,-4.193319832613104,False,6.788225099390858,0.5,0.4,0.06,0.0,40,85
2STEP-VF,9,2,3.9628904879192812,-0.43720521721939315,0.04255334037848182,-4.159761617843973,False,6.788225099390858,0.5,0.4,0.06,0.0,40,86
2STEP-VF,9,2,3.984590037631122,-0.42069967710329764,0.032839675966067815,-2.9547238963508997,False,6.788225099390858,0.5,0.4,0.06,0.0,40,87
2STEP-VF,9,2,3.958271578282485,-0.42183270073530904,0.03714154367050562,-3.5042228133630298,False,6.788225099390858,0.5,0.4,0.06,0.0,40,88
2STEP-VF,9,2,3.961095453886557,-0.4055512181013547,0.04877246380443709,-5.031886716291504,False,6.788225099390858,0.5,0.4,0.06,0.0,40,89
2STEP-VF,9,2,3.9892695948475643,-0.41968096949052064,0.033044990158520096,-2.98316823782247,False,6.788225099390858,0.5,0.4,0.06,0.0,40,90
2STEP-VF,9,2,3.9635736692699317,-0.4299190226929739,0.05022861512703641,-5.15964266164133,False,6.788225099390858,0.5,0.4,0.06,0.0,40,91
2STEP-VF,9,2,3.9573980799301367,-0.4193025109001957,0.03030023973227827,-2.6346607747753414,False,6.788225099390858,0.5,0.4,0.06,0.0,40,92
2STEP-VF,9,2,3.986926784469171,-0.4141653227986485,0.03316875420972487,-3.0123881570598776,False,6.788225099390858,0.5,0.4,0.06,0.0,40,93
2STEP-VF,9,2,3.9701356155919925,-0.42950378290088,0.040337641244396254,-3.89420086338509,False,6.788225099390858,0.5,0.4,0.06,0.0,40,94
2STEP-VF,9,2,3.984756343455229,-0.4148296410036318,0.051039709830751734,-5.298406339320193,False,6.788225099390858,0.5,0.4,0.06,0.0,40,95
2STEP-VF,9,2,3.948232267718231,-0.4095079437398718,0.047523292330528384,-4.8632684172688485,False,6.788225099390858,0.5,0.4,0.06,0.0,40,96
2STEP-VF,9,2,3.959052936583039,-0.4172532367219113,0.043159459876750225,-4.285459919896461,False,6.788225099390858,0.5,0.4,0.06,0.0,40,97
2STEP-VF,9,2,4.000853352151454,-0.4293240302239224,0.03569370671773548,-3.2983655862036416,False,6.788225099390858,0.5,0.4,0.06,0.0,40,98
2STEP-VF,9,2,3.9652027547696336,-0.40776890093770773,0.018405676150306943,-1.1393690197026127,False,6.788225099390858,0.5,0.4,0.06,0.0,40,99
2STEP-VF,9,2,6.3265081273049795,-0.5456024620449301,0.03897797421279636,-3.3001443026918045,False,6.788225099390858,0.5,0.4,0.06,0.0,44,0
2STEP-VF,9,2,6.3009726292880215,-0.5557454990998291,0.04909247194989634,-4.571988853989863,False,6.788225099390858,0.5,0.4,0.06,0.0,44,1
2STEP-VF,9,2,6.356060264940599,-0.5761619905214114,0.040298746646294716,-3.3940871775779016,False,6.788225099390858,0.5,0.4,0.06,0.0,44,2
2STEP-VF,9,2,6.288613790995617,-0.5666459620557298,0.06093623304507463,-6.062570693376066,False,6.788225099390858,0.5,0.4,0.06,0.0,44,3
2STEP-VF,9,2,6.323017110637616,-0.5779227959403314,0.05125662753995166,-4.794452588218762,False,6.788225099390858,0.5,0.4,0.06,0.0,44,4
2STEP-VF,9,2,6.337063043206439,-0.5648255863707341,0.042017609462876956,-3.642448821366103,False,6.788225099390858,0.5,0.4,0.06,0.0,44,5
2STEP-VF,9,2,6.30654031523593,-0.5760399792988558,0.043751064605087486,-3.8392479002197897,False,6.788225099390858,0.5,0.4,0.06,0.0,44,6
2STEP-VF,9,2,6.346855122499665,-0.5821941300244814,0.034044308960271406,-2.5795943275060056,False,6.788225099390858,0.5,0.4,0.06,0.0,44,7
2STEP-VF,9,2,6.369901664140033,-0.5605490188840517,0.029811482646364185,-2.0883580335644902,False,6.788225099390858,0.5,0.4,0.06,0.0,44,8
2STEP-VF,9,2,6.32451714940342,-0.5663854162405303,0.044303993806660974,-3.9321151793111278,False,6.788225099390858,0.5,0.4,0.06,0.0,44,9
2STEP-VF,9,2,6.341260133732163,-0.5568481503507884,0.052038549627759466,-4.944023183487392,False,6.788225099390858,0.5,0.4,0.06,0.0,44,10
2STEP-VF,9,2,6.307806073513378,-0.5680782562472536,0.048554559867126326,-4.473127483587961,False,6.788225099390858,0.5,0.4,0.06,0.0,44,11
2STEP-VF,9,2,6.312214620307828,-0.551795756775816,0.04762926914930412,-4.393503757630501,False,6.788225099390858,0.5,0.4,0.06,0.0,44,12
2STEP-VF,9,2,6.36804154231237,-0.5504418053194867,0.03218911252981424,-2.4170635785107133,False,6.788225099390858,0.5,0.4,0.06,0.0,44,13
2STEP-VF,9,2,6.306587960634271,-0.576799074016171,0.034660082550600955,-2.6737775112000564,False,6.788225099390858,0.5,0.4,0.06,0.0,44,14
2STEP-VF,9,2,6.291386328787564,-0.5547852934823782,0.04380837142119967,-3.898503657828597,False,6.788225099390858,0.5,0.4,0.06,0.0,44,15
2STEP-VF,9,2,6.348644064079627,-0.5774921500594247,0.04246122571120912,-3.6681370870473713,False,6.788225099390858,0.5,0.4,0.06,0.0,44,16
2STEP-VF,9,2,6.325666454402568,-0.5771427677393017,0.045421998730407157,-4.049333207653639,False,6.788225099390858,0.5,0.4,0.06,0.0,44,17
2STEP-VF,9,2,6.36482518019337,-0.5723038279643538,0.033298018564210996,-2.506727678292957,False,6.788225099390858,0.5,0.4,0.06,0.0,44,18
2STEP-VF,9,2,6.346159394148463,-0.5843268451887391,0.03715617686362247,-2.9728366464417957,False,6.788225099390858,0.5,0.4,0.06,0.0,44,19
2STEP-VF,9,2,6.316736459758137,-0.5775513223355634,0.03801671064919066,-3.101011601905565,False,6.788225099390858,0.5,0.4,0.06,0.0,44,20
2STEP-VF,9,2,6.306007818932046,-0.5567444891903964,0.04824524201094867,-4.460843734208558,False,6.788225099390858,0.5,0.4,0.06,0.0,44,21
2STEP-VF,9,2,6.32384168016856,-0.5449568085648373,0.02740086344967605,-1.8199836801928124,False,6.788225099390858,0.5,0.4,0.06,0.0,44,22
2STEP-VF,9,2,6.339977357745976,-0.5729186428091662,0.03951356157254036,-3.3023324970784094,False,6.788225099390858,0.5,0.4,0.06,0.0,44,23
2STEP-VF,9,2,6.330589657681904,-0.5620891395322245,0.0663731858027191,-6.766918468409794,False,6.788225099390858,0.5,0.4,0.06,0.0,44,24
2STEP-VF,9,2,6.302303423247202,-0.5633711197324561,0.04681779974476082,-4.262449474576659,False,6.788225099390858,0.5,0.4,0.06,0.0,44,25
2STEP-VF,9,2,6.318081745996153,-0.5441638153358264,0.041809003519733254,-3.666474388960105,False,6.788225099390858,0.5,0.4,0.06,0.0,44,26
2STEP-VF,9,2,6.350736177059507,-0.5577438586705185,0.048603218535368815,-4.501582541094395,False,6.788225099390858,0.5,0.4,0.06,0.0,44,27
2STEP-VF,9,2,6.358519797824967,-0.5688993071059115,0.026040748314774285,-1.5863462593674238,False,6.788225099390858,0.5,0.4,0.06,0.0,44,28
2STEP-VF,9,2,6.343720272491443,-0.5644460412559484,0.027120167614908368,-1.736087739344509,False,6.788225099390858,0.5,0.4,0.06,0.0,44,29
2STEP-VF,9,2,6.322867799592912,-0.5727118949388044,0.034726824852583126,-2.691152965301936,False,6.788225099390858,0.5,0.4,0.06,0.0,44,30
2STEP-VF,9,2,6.32715359996,-0.5627180351321486,0.039624582658148194,-3.341794079928213,False,6.788225099390858,0.5,0.4,0.06,0.0,44,31
2STEP-VF,9,2,6.334757498357201,-0.564600498691351,0.028751711863493873,-1.945092471766542,False,6.788225099390858,0.5,0.4,0.06,0.0,44,32
2STEP-VF,9,2,6.335806514253651,-0.5565626784695109,0.042808745329641344,-3.763620583012048,False,6.788225099390858,0.5,0.4,0.06,0.0,44,33
2STEP-VF,9,2,6.36269320752314,-0.5568228026913199,0.05245053290191719,-4.995531892534846,False,6.788225099390858,0.5,0.4,0.06,0.0,44,34
2STEP-VF,9,2,6.3276927198483435,-0.5707913398271399,0.03745294957562246,-3.0444167669036393,False,6.788225099390858,0.5,0.4,0.06,0.0,44,35
2STEP-VF,9,2,6.313481999924457,-0.5471286385815488,0.0437796523273842,-3.9118778453139935,False,6.788225099390858,0.5,0.4,0.06,0.0,44,36
2STEP-VF,9,2,6.345224080179368,-0.5607824724964026,0.04399311812984026,-3.904527741817426,False,6.788225099390858,0.5,0.4,0.06,0.0,44,37
2STEP-VF,9,2,6.316939579374302,-0.5830025944960742,0.027170127375350746,-1.69955370249186,False,6.788225099390858,0.5,0.4,0.06,0.0,44,38
2STEP-VF,9,2,6.332353144875238,-0.6021309223395107,0.017783944247797848,-0.45128946141078496,False,6.788225099390858,0.5,0.4,0.06,0.0,44,39
2STEP-VF,9,2,6.353531066302932,-0.5429662379023416,0.04227123322678457,-3.72638701808463,False,6.788225099390858,0.5,0.4,0.06,0.0,44,40
2STEP-VF,9,2,6.335844255306135,-0.5550211467461053,0.03290794396411023,-2.50001541989709,False,6.788225099390858,0.5,0.4,0.06,0.0,44,41
2STEP-VF,9,2,6.3297933841745095,-0.565422051236694,0.037303426347310174,-3.0380380464371672,False,6.788225099390858,0.5,0.4,0.06,0.0,44,42
2STEP-VF,9,2,6.36572520709317,-0.5729640795147447,0.04037544474887808,-3.410999624595418,False,6.788225099390858,0.5,0.4,0.06,0.0,44,43
2STEP-VF,9,2,6.338810101541498,-0.5839063289926474,0.019797128592802856,-0.7523286642039224,False,6.788225099390858,0.5,0.4,0.06,0.0,44,44
2STEP-VF,9,2,6.311291010149834,-0.5583021158896614,0.03653273460018627,-2.957587490079667,False,6.788225099390858,0.5,0.4,0.06,0.0,44,45
2STEP-VF,9,2,6.2579428045774765,-0.5596339450231216,0.05030526028116584,-4.720475279659089,False,6.788225099390858,0.5,0.4,0.06,0.0,44,46
2STEP-VF,9,2,6.322212832879702,-0.555904230811611,0.036674563521370857,-2.980841206814822,False,6.788225099390858,0.5,0.4,0.06,0.0,44,47
2STEP-VF,9,2,6.311899185803999,-0.5613231068801862,0.04862539749587652,-4.49816147181151,False,6.788225099390858,0.5,0.4,0.06,0.0,44,48
2STEP-VF,9,2,6.371535992661981,-0.5714132875460284,0.04223488739074052,-3.652381536344601,False,6.788225099390858,0.5,0.4,0.06,0.0,44,49
2STEP-VF,9,2,6.316731848621904,-0.5447206600581757,0.04553567262395094,-4.142232600808786,False,6.788225099390858,0.5,0.4,0.06,0.0,44,50
2STEP-VF,9,2,6.3303553962752535,-0.5620152131875745,0.03338257926813432,-2.5443123108945,False,6.788225099390858,0.5,0.4,0.06,0.0,44,51
2STEP-VF,9,2,6.364653757176072,-0.5696856108899307,0.04284368339062922,-3.7348667824341426,False,6.788225099390858,0.5,0.4,0.06,0.0,44,52
2STEP-VF,9,2,6.303531931977055,-0.5614603492904687,0.043784631434151566,-3.8787160693556535,False,6.788225099390858,0.5,0.4,0.06,0.0,44,53
2STEP-VF,9,2,6.292321796347877,-0.575377468703747,0.05297030535786957,-5.021753853137442,False,6.788225099390858,0.5,0.4,0.06,0.0,44,54
2STEP-VF,9,2,6.348922229528702,-0.5685221004562263,0.043086181203887436,-3.7696428192309277,False,6.788225099390858,0.5,0.4,0.06,0.0,44,55
2STEP-VF,9,2,6.323222719843688,-0.5614430192648796,0.04739317466453209,-4.339469747633777,False,6.788225099390858,0.5,0.4,0.06,0.0,44,56
2STEP-VF,9,2,6.340925246954056,-0.5445602156260121,0.03711569098261627,-3.0634084134552113,False,6.788225099390858,0.5,0.4,0.06,0.0,44,57
2STEP-VF,9,2,6.35810843308129,-0.5806087657669049,0.03271936934912289,-2.413131732862282,False,6.788225099390858,0.5,0.4,0.06,0.0,44,58
2STEP-VF,9,2,6.3558159547122735,-0.5579991764239572,0.04247770461253737,-3.716599209704551,False,6.788225099390858,0.5,0.4,0.06,0.0,44,59
2STEP-VF,9,2,6.3382531855314355,-0.5813437873431402,0.03724030329308084,-2.9912385407589257,False,6.788225099390858,0.5,0.4,0.06,0.0,44,60
2STEP-VF,9,2,6.315511254900331,-0.574351366647333,0.033723947107314564,-2.559291274488646,False,6.788225099390858,0.5,0.4,0.06,0.0,44,61
2STEP-VF,9,2,6.365045082932735,-0.5625048808987588,0.028953812874778464,-1.974173628838659,False,6.788225099390858,0.5,0.4,0.06,0.0,44,62
2STEP-VF,9,2,6.359475699365556,-0.5495878719866432,0.03949012142069064,-3.3541561071185257,False,6.788225099390858,0.5,0.4,0.06,0.0,44,63
2STEP-VF,9,2,6.326003733669863,-0.5640633531980238,0.043199058372917244,-3.796167200037959,False,6.788225099390858,0.5,0.4,0.06,0.0,44,64
2STEP-VF,9,2,6.348566206445416,-0.5704439916407827,0.031006415959016605,-2.2188416904295227,False,6.788225099390858,0.5,0.4,0.06,0.0,44,65
2STEP-VF,9,2,6.28282650586293,-0.5582838204247101,0.057231670822931506,-5.608803105964155,False,6.788225099390858,0.5,0.4,0.06,0.0,44,66
2STEP-VF,9,2,6.358543908977125,-0.5621065170100997,0.034189691780105794,-2.645712272490676,False,6.788225099390858,0.5,0.4,0.06,0.0,44,67
2STEP-VF,9,2,6.324992469811499,-0.5744367434182265,0.041502491609159024,-3.5541711935799225,False,6.788225099390858,0.5,0.4,0.06,0.0,44,68
2STEP-VF,9,2,6.32177659903591,-0.5588040999441823,0.039980436531089646,-3.3970594401712835,False,6.788225099390858,0.5,0.4,0.06,0.0,44,69
2STEP-VF,9,2,6.325104780158006,-0.5652973628824814,0.035422562474853314,-2.7978680390537893,False,6.788225099390858,0.5,0.4,0.06,0.0,44,70
2STEP-VF,9,2,6.359189170145645,-0.5626679367593614,0.01900247566929289,-0.7003624872382843,False,6.788225099390858,0.5,0.4,0.06,0.0,44,71
2STEP-VF,9,2,6.339174649698258,-0.5833075023350124,0.0483947834138274,-4.414243792383984,False,6.788225099390858,0.5,0.4,0.06,0.0,44,72
2STEP-VF,9,2,6.3384651194324455,-0.5647840579729663,0.026786152987133563,-1.6928379360520311,False,6.788225099390858,0.5,0.4,0.06,0.0,44,73
2STEP-VF,9,2,6.310574451079069,-0.5761625976689486,0.04072015432345528,-3.450755051932056,False,6.788225099390858,0.5,0.4,0.06,0.0,44,74
2STEP-VF,9,2,6.343749160040742,-0.5547271331105891,0.03383358642374969,-2.6187289931721027,False,6.788225099390858,0.5,0.4,0.06,0.0,44,75
2STEP-VF,9,2,6.308810668296409,-0.5719134490260822,0.0559601139308345,-5.411773665386436,False,6.788225099390858,0.5,0.4,0.06,0.0,44,76
2STEP-VF,9,2,6.323354026436133,-0.571582663105094,0.019772996791837156,-0.7797439563167627,False,6.788225099390858,0.5,0.4,0.06,0.0,44,77
2STEP-VF,9,2,6.335768117972739,-0.5620360094946604,0.0351942143251777,-2.7758269237571973,False,6.788225099390858,0.5,0.4,0.06,0.0,44,78
2STEP-VF,9,2,6.343623084119858,-0.5659862221846482,0.03447026802704803,-2.6732099891718013,False,6.788225099390858,0.5,0.4,0.06,0.0,44,79
2STEP-VF,9,2,6.333872123893543,-0.5394641104516413,0.031808657493473794,-2.3967619666470945,False,6.788225099390858,0.5,0.4,0.06,0.0,44,80
2STEP-VF,9,2,6.338095750523839,-0.5627241528856478,0.032205746968430295,-2.3915119000020937,False,6.788225099390858,0.5,0.4,0.06,0.0,44,81
2STEP-VF,9,2,6.329723486988285,-0.5651921847517766,0.037036200718329054,-3.004389039322559,False,6.788225099390858,0.5,0.4,0.06,0.0,44,82
2STEP-VF,9,2,6.312104449928039,-0.5667899779935971,0.04341113221125653,-3.8176027088605213,False,6.788225099390858,0.5,0.4,0.06,0.0,44,83
2STEP-VF,9,2,6.2958330567777,-0.5479375172175521,0.049716137570492494,-4.670865584294254,False,6.788225099390858,0.5,0.4,0.06,0.0,44,84
2STEP-VF,9,2,6.340218145365944,-0.572123122838374,0.025291490448839316,-1.4838021939173793,False,6.788225099390858,0.5,0.4,0.06,0.0,44,85
2STEP-VF,9,2,6.325974357773489,-0.5659486859862108,0.04530228827509473,-4.060857591378811,False,6.788225099390858,0.5,0.4,0.06,0.0,44,86
2STEP-VF,9,2,6.301918971197269,-0.5556379412117646,0.032190059073752164,-2.4086813642602065,False,6.788225099390858,0.5,0.4,0.06,0.0,44,87
2STEP-VF,9,2,6.273444373784336,-0.5698154161595592,0.048548798610999463,-4.470282560997931,False,6.788225099390858,0.5,0.4,0.06,0.0,44,88
2STEP-VF,9,2,6.3040049578073285,-0.5761323912605301,0.04773106476671187,-4.34861825364541,False,6.788225099390858,0.5,0.4,0.06,0.0,44,89
2STEP-VF,9,2,6.371579459611092,-0.5728293584961618,0.012940097391663423,0.10075276183453519,False,6.788225099390858,0.5,0.4,0.06,0.0,44,90
2STEP-VF,9,2,6.291338006700802,-0.5596516983107549,0.047444855710935006,-4.352297174651823,False,6.788225099390858,0.5,0.4,0.06,0.0,44,91
2STEP-VF,9,2,6.300590479948822,-0.5812425110130158,0.039889655075691026,-3.3328583944602848,False,6.788225099390858,0.5,0.4,0.06,0.0,44,92
2STEP-VF,9,2,6.31809635818258,-0.5646755673906717,0.025526262511078052,-1.5330544581894248,False,6.788225099390858,0.5,0.4,0.06,0.0,44,93
2STEP-VF,9,2,6.3321056826057385,-0.5533492040801286,0.04437027058109468,-3.9714302036314675,False,6.788225099390858,0.5,0.4,0.06,0.0,44,94
2STEP-VF,9,2,6.2871240273968585,-0.5543236625216053,0.04753475466085891,-4.376844364894278,False,6.788225099390858,0.5,0.4,0.06,0.0,44,95
2STEP-VF,9,2,6.295887276521505,-0.5695394306841689,0.044700966732362596,-3.9770758715091175,False,6.788225099390858,0.5,0.4,0.06,0.0,44,96
2STEP-VF,9,2,6.322999174108867,-0.5700736801341411,0.05490437334495331,-5.280203005385554,False,6.788225099390858,0.5,0.4,0.06,0.0,44,97
2STEP-VF,9,2,6.324744663425625,-0.5686570718069415,0.03978039829519962,-3.3476293296433557,False,6.788225099390858,0.5,0.4,0.06,0.0,44,98
2STEP-VF,9,2,6.29022739549713,-0.5618228545823705,0.04075108153312267,-3.490349941512186,False,6.788225099390858,0.5,0.4,0.06,0.0,44,99
2STEP-VF,9,2,0.09113698634750278,-0.054098074190738976,0.02768439508824558,-0.086171563467341,False,2.4000000000000004,1.0,0.1,0.06,0.0,36,0
2STEP-VF,9,2,0.09102925672368486,-0.05240389166923554,0.023793627607984726,-0.05911792545429148,False,2.4000000000000004,1.0,0.1,0.06,0.0,36,1
2STEP-VF,9,2,0.08992892487670719,-0.055045530138017634,0.031999334226029984,-0.11848966598439517,False,2.4000000000000004,1.0,0.1,0.06,0.0,36,2
2STEP-VF,9,2,0.08955946337682262,-0.05781533438565101,0.03532124071356911,-0.13843955538038116,False,2.4000000000000004,1.0,0.1,0.06,0.0,36,3
2STEP-VF,9,2,0.08888189496764026,-0.054431912171288774,0.020731082635801572,-0.02987915817726114,False,2.4000000000000004,1.0,0.1,0.06,0.0,36,4
2STEP-VF,9,2,0.090665129005384,-0.055324931842762284,0.03177262597360754,-0.11596126362590786,False,2.4000000000000004,1.0,0.1,0.06,0.0,36,5
2STEP-VF,9,2,0.08924248420857389,-0.05534620712954069,0.021872192613766783,-0.03679209474672221,False,2.4000000000000004,1.0,0.1,0.06,0.0,36,6
2STEP-VF,9,2,0.0912780083267357,-0.05494576504128313,0.029051844604238725,-0.0950682402352262,False,2.4000000000000004,1.0,0.1,0.06,0.0,36,7
2STEP-VF,9,2,0.08944297171402762,-0.05401065360334068,0.029345478859692565,-0.09977168392668129,False,2.4000000000000004,1.0,0.1,0.06,0.0,36,8
2STEP-VF,9,2,0.09073993307103691,-0.05303211239426383,0.02803567341492057,-0.09156392158886922,False,2.4000000000000004,1.0,0.1,0.06,0.0,36,9
2STEP-VF,9,2,0.09203876531337457,-0.05549332737701233,0.028172617398519267,-0.08667462756452213,False,2.4000000000000004,1.0,0.1,0.06,0.0,36,10
2STEP-VF,9,2,0.09032107197568714,-0.057179691753089505,0.020843231107875084,-0.02409532433704467,False,2.4000000000000004,1.0,0.1,0.06,0.0,36,11
2STEP-VF,9,2,0.0859217887975364,-0.05436451355938105,0.03349882991150856,-0.1323604994217018,False,2.4000000000000004,1.0,0.1,0.06,0.0,36,12
2STEP-VF,9,2,0.08984693499563214,-0.05709365681223488,0.033689750448060635,-0.12710241113538348,False,2.4000000000000004,1.0,0.1,0.06,0.0,36,13
2STEP-VF,9,2,0.0894268831412346,-0.05640217540216994,0.030170780340399123,-0.1006354087695111,False,2.4000000000000004,1.0,0.1,0.06,0.0,36,14
2STEP-VF,9,2,0.09080285058770739,-0.05440683252191244,0.029059520731923853,-0.09645159676753859,False,2.4000000000000004,1.0,0.1,0.06,0.0,36,15
2STEP-VF,9,2,0.08789392450171087,-0.05328781870383551,0.020781067460395843,-0.0330841393238589,False,2.4000000000000004,1.0,0.1,0.06,0.0,36,16
2STEP-VF,9,2,0.08544438047934534,-0.054454931624240865,0.03567937601955604,-0.1496165094295096,False,2.4000000000000004,1.0,0.1,0.06,0.0,36,17
2STEP-VF,9,2,0.09240652674529894,-0.06151484587170331,0.026328709142520338,-0.0574496514433569,False,2.4000000000000004,1.0,0.1,0.06,0.0,36,18
2STEP-VF,9,2,0.08954735081164633,-0.052339928383765985,0.024799450123041626,-0.06740693181459592,False,2.4000000000000004,1.0,0.1,0.06,0.0,36,19
2STEP-VF,9,2,0.08973877857592533,-0.05428846207701927,0.026967457811946476,-0.08006302679617011,False,2.4000000000000004,1.0,0.1,0.06,0.0,36,20
2STEP-VF,9,2,0.09075539949228431,-0.05446881005537221,0.01202183132576317,0.03999581749632497,False,2.4000000000000004,1.0,0.1,0.06,0.0,36,21
2STEP-VF,9,2,0.0871316763374203,-0.05585040373114882,0.030304776782226914,-0.10316934472281297,False,2.4000000000000004,1.0,0.1,0.06,0.0,36,22
2STEP-VF,9,2,0.0911055596215264,-0.053424926466621635,0.023379186859129826,-0.053347337775855125,False,2.4000000000000004,1.0,0.1,0.06,0.0,36,23
2STEP-VF,9,2,0.09128350893157157,-0.05961701753328612,0.03129310969418914,-0.10178702493773223,False,2.4000000000000004,1.0,0.1,0.06,0.0,36,24
2STEP-VF,9,2,0.08879871567204102,-0.054004505935571503,0.03166818961530078,-0.11840677973671224,False,2.4000000000000004,1.0,0.1,0.06,0.0,36,25
2STEP-VF,9,2,0.0912433465082005,-0.05596223160710981,0.02843076896777356,-0.087662195094633,False,2.4000000000000004,1.0,0.1,0.06,0.0,36,26
2STEP-VF,9,2,0.08878109941974702,-0.058683478785492606,0.030395662473456375,-0.096998084737284,False,2.4000000000000004,1.0,0.1,0.06,0.0,36,27
2STEP-VF,9,2,0.08627803507836657,-0.053398232046311445,0.035034713173040626,-0.1469452663684756,False,2.4000000000000004,1.0,0.1,0.06,0.0,36,28
2STEP-VF,9,2,0.09096589068813564,-0.05537552229738403,0.032335662470939275,-0.12032609281250445,False,2.4000000000000004,1.0,0.1,0.06,0.0,36,29
2STEP-VF,9,2,0.09016379245884089,-0.057210797393905125,0.032034317888742045,-0.11355880181703368,False,2.4000000000000004,1.0,0.1,0.06,0.0,36,30
2STEP-VF,9,2,0.0908796034767869,-0.05504460105182868,0.02981518706794302,-0.10096167781054818,False,2.4000000000000004,1.0,0.1,0.06,0.0,36,31
2STEP-VF,9,2,0.08975891672177867,-0.05273601388345905,0.03526181305561,-0.15014253612127162,False,2.4000000000000004,1.0,0.1,0.06,0.0,36,32
2STEP-VF,9,2,0.08856678434923189,-0.05284932899787455,0.04121897370376259,-0.19759939297424794,False,2.4000000000000004,1.0,0.1,0.06,0.0,36,33
2STEP-VF,9,2,0.08860130216688676,-0.055635914236216895,0.03438444318944622,-0.1362332732186361,False,2.4000000000000004,1.0,0.1,0.06,0.0,36,34
2STEP-VF,9,2,0.0888042581802565,-0.05571328078554628,0.03238555190932981,-0.1200442858985121,False,2.4000000000000004,1.0,0.1,0.06,0.0,36,35
2STEP-VF,9,2,0.08906264647755154,-0.056748562010359695,0.035265907522528575,-0.1405869525667123,False,2.4000000000000004,1.0,0.1,0.06,0.0,36,36
2STEP-VF,9,2,0.09049361183247392,-0.05492188699144689,0.025232932996923262,-0.0646213184859652,False,2.4000000000000004,1.0,0.1,0.06,0.0,36,37
2STEP-VF,9,2,0.08870834699484148,-0.05421187782401804,0.033313173803313584,-0.13107438282917494,False,2.4000000000000004,1.0,0.1,0.06,0.0,36,38
2STEP-VF,9,2,0.09177192171845963,-0.053259319873181575,0.027597330517650516,-0.08744996114246084,False,2.4000000000000004,1.0,0.1,0.06,0.0,36,39
2STEP-VF,9,2,0.08906283886657325,-0.055855016027037865,0.027713637882002696,-0.08231329425913636,False,2.4000000000000004,1.0,0.1,0.06,0.0,36,40
2STEP-VF,9,2,0.09173489151159214,-0.057212688108283366,0.03112929032013504,-0.10621977761050477,False,2.4000000000000004,1.0,0.1,0.06,0.0,36,41
2STEP-VF,9,2,0.0894910379397885,-0.055330494994495306,0.028270052287764795,-0.08799776803894235,False,2.4000000000000004,1.0,0.1,0.06,0.0,36,42
2STEP-VF,9,2,0.08784268386255967,-0.05327124241198119,0.038157434372349475,-0.17213793215828743,False,2.4000000000000004,1.0,0.1,0.06,0.0,36,43
2STEP-VF,9,2,0.08897890256551765,-0.05400548933628442,0.031674280566967854,-0.11844233597472922,False,2.4000000000000004,1.0,0.1,0.06,0.0,36,44
2STEP-VF,9,2,0.09156641578389016,-0.053426215167822644,0.023341319386329353,-0.053013653740827116,False,2.4000000000000004,1.0,0.1,0.06,0.0,36,45
2STEP-VF,9,2,0.08555567398309011,-0.05330119344734594,0.03692928299341381,-0.16237805923469487,False,2.4000000000000004,1.0,0.1,0.06,0.0,36,46
2STEP-VF,9,2,0.09052929907033287,-0.049964570178866186,0.025059161678687766,-0.07512656705600337,False,2.4000000000000004,1.0,0.1,0.06,0.0,36,47
2STEP-VF,9,2,0.09103340000541509,-0.05880563141211028,0.033315367054781,-0.11992741704885848,False,2.4000000000000004,1.0,0.1,0.06,0.0,36,48
2STEP-VF,9,2,0.09080758542417708,-0.05711319933964964,0.029296927513004025,-0.09185528656342251,False,2.4000000000000004,1.0,0.1,0.06,0.0,36,49
2STEP-VF,9,2,0.08952177112051357,-0.052232655172000306,0.030503884115823995,-0.11330139424656047,False,2.4000000000000004,1.0,0.1,0.06,0.0,36,50
2STEP-VF,9,2,0.0891477618691185,-0.05434541048064609,0.033740052720193016,-0.13414257089584647,False,2.4000000000000004,1.0,0.1,0.06,0.0,36,51
2STEP-VF,9,2,0.08786352162232444,-0.05324867091880281,0.025290893634238577,-0.06925852757144246,False,2.4000000000000004,1.0,0.1,0.06,0.0,36,52
2STEP-VF,9,2,0.08889222204325357,-0.054459273390464184,0.028979077014337502,-0.09579682665499084,False,2.4000000000000004,1.0,0.1,0.06,0.0,36,53
2STEP-VF,9,2,0.09132706209234981,-0.0526383938483806,0.02548807667293654,-0.07209284442183797,False,2.4000000000000004,1.0,0.1,0.06,0.0,36,54
2STEP-VF,9,2,0.0897031446725222,-0.05225451723732479,0.025162647712426257,-0.07050815164947927,False,2.4000000000000004,1.0,0.1,0.06,0.0,36,55
2STEP-VF,9,2,0.08885406845038658,-0.05182682206145855,0.03793040689993716,-0.1737276381449736,False,2.4000000000000004,1.0,0.1,0.06,0.0,36,56
2STEP-VF,9,2,0.09127052530484249,-0.05346900273421647,0.0300460473986091,-0.10656654110846278,False,2.4000000000000004,1.0,0.1,0.06,0.0,36,57
2STEP-VF,9,2,0.08980445482746141,-0.05425462718852181,0.02853768755108399,-0.09270212786657195,False,2.4000000000000004,1.0,0.1,0.06,0.0,36,58
2STEP-VF,9,2,0.08811418995082658,-0.052387195278320225,0.03222357598791351,-0.12677248783829,False,2.4000000000000004,1.0,0.1,0.06,0.0,36,59
2STEP-VF,9,2,0.09037018776808821,-0.05719156194644013,0.022828607069144465,-0.03994689661561415,False,2.4000000000000004,1.0,0.1,0.06,0.0,36,60
2STEP-VF,9,2,0.09089168375769607,-0.05327512276858159,0.03297661274847847,-0.13049910631777023,False,2.4000000000000004,1.0,0.1,0.06,0.0,36,61
2STEP-VF,9,2,0.08929564305501256,-0.05183176749436578,0.032138133652831094,-0.1273510886528702,False,2.4000000000000004,1.0,0.1,0.06,0.0,36,62
2STEP-VF,9,2,0.08902215457664213,-0.05394401441199631,0.031539355551724255,-0.11750788055040443,False,2.4000000000000004,1.0,0.1,0.06,0.0,36,63
2STEP-VF,9,2,0.09180898496967693,-0.055139785759243776,0.028797614955377786,-0.09253689472265669,False,2.4000000000000004,1.0,0.1,0.06,0.0,36,64
2STEP-VF,9,2,0.08700727881673531,-0.0556701677837468,0.02686473083494435,-0.07608900726955839,False,2.4000000000000004,1.0,0.1,0.06,0.0,36,65
2STEP-VF,9,2,0.0880848998734164,-0.053101731829694444,0.035723119563981644,-0.15305570612818156,False,2.4000000000000004,1.0,0.1,0.06,0.0,36,66
2STEP-VF,9,2,0.08635794895438598,-0.05444929379865433,0.03661844410154475,-0.15708777075832453,False,2.4000000000000004,1.0,0.1,0.06,0.0,36,67
2STEP-VF,9,2,0.08926983723470591,-0.052997740894439996,0.025911657511608496,-0.07474249171212968,False,2.4000000000000004,1.0,0.1,0.06,0.0,36,68
2STEP-VF,9,2,0.0887725102953421,-0.05678207284691537,0.030293551903990582,-0.10074508978160732,False,2.4000000000000004,1.0,0.1,0.06,0.0,36,69
2STEP-VF,9,2,0.09034659106082182,-0.054612575229220056,0.026210504494240654,-0.07319305994014785,False,2.4000000000000004,1.0,0.1,0.06,0.0,36,70
2STEP-VF,9,2,0.08883962001255183,-0.05577502755912861,0.0302809718948723,-0.10305733181631671,False,2.4000000000000004,1.0,0.1,0.06,0.0,36,71
2STEP-VF,9,2,0.08894170716451943,-0.05292995687683454,0.026445360376459018,-0.07919448407739815,False,2.4000000000000004,1.0,0.1,0.06,0.0,36,72
2STEP-VF,9,2,0.08524772547538943,-0.051162182304800484,0.0389134446273876,-0.18340345595905633,False,2.4000000000000004,1.0,0.1,0.06,0.0,36,73
2STEP-VF,9,2,0.09018874537843317,-0.05115707211288209,0.02573650488552756,-0.07770374129059754,False,2.4000000000000004,1.0,0.1,0.06,0.0,36,74
2STEP-VF,9,2,0.08998946126211957,-0.05261564982658341,0.025741910489948165,-0.074258356660058,False,2.4000000000000004,1.0,0.1,0.06,0.0,36,75
2STEP-VF,9,2,0.09170747496114008,-0.055162459042741654,0.026540157307843912,-0.07442890826250298,False,2.4000000000000004,1.0,0.1,0.06,0.0,36,76
2STEP-VF,9,2,0.08975893554317531,-0.05473991901927129,0.027422277369517568,-0.08261687717729899,False,2.4000000000000004,1.0,0.1,0.06,0.0,36,77
2STEP-VF,9,2,0.08943799827885947,-0.055512061305773616,0.03118266681763539,-0.11086610751049494,False,2.4000000000000004,1.0,0.1,0.06,0.0,36,78
2STEP-VF,9,2,0.08873365757950337,-0.0572822436536456,0.025296620735828702,-0.059571561663110034,False,2.4000000000000004,1.0,0.1,0.06,0.0,36,79
2STEP-VF,9,2,0.08843219534595187,-0.05193144585395999,0.034067410416258076,-0.14259788155980357,False,2.4000000000000004,1.0,0.1,0.06,0.0,36,80
2STEP-VF,9,2,0.08962298146373733,-0.05686527526108688,0.02907140632379353,-0.09071721107591554,False,2.4000000000000004,1.0,0.1,0.06,0.0,36,81
2STEP-VF,9,2,0.09085774697870795,-0.05508047039060993,0.02645486381748951,-0.07399431678372984,False,2.4000000000000004,1.0,0.1,0.06,0.0,36,82
2STEP-VF,9,2,0.08968523745461286,-0.051306976792950584,0.028260827616772333,-0.09756876238382056,False,2.4000000000000004,1.0,0.1,0.06,0.0,36,83
2STEP-VF,9,2,0.09013896338489821,-0.05588456441000927,0.028063282245474018,-0.08497496557667608,False,2.4000000000000004,1.0,0.1,0.06,0.0,36,84
2STEP-VF,9,2,0.08615427526732244,-0.05448626370822568,0.035478902005595524,-0.1478949266289833,False,2.4000000000000004,1.0,0.1,0.06,0.0,36,85
2STEP-VF,9,2,0.0887860764593597,-0.05135990991405671,0.030760292716754466,-0.11749139335273812,False,2.4000000000000004,1.0,0.1,0.06,0.0,36,86
2STEP-VF,9,2,0.08764445303654618,-0.05594417296450185,0.038462368823865264,-0.16817426829392496,False,2.4000000000000004,1.0,0.1,0.06,0.0,36,87
2STEP-VF,9,2,0.08878483405672975,-0.054041929496100705,0.0335847887710182,-0.13365058933410018,False,2.4000000000000004,1.0,0.1,0.06,0.0,36,88
2STEP-VF,9,2,0.09118931160986551,-0.05312153923491525,0.02726034161440472,-0.08511968005484927,False,2.4000000000000004,1.0,0.1,0.06,0.0,36,89
2STEP-VF,9,2,0.08844718264741668,-0.050904366742997136,0.029557123177506542,-0.10897967427801428,False,2.4000000000000004,1.0,0.1,0.06,0.0,36,90
2STEP-VF,9,2,0.08815677301936096,-0.053299281333305054,0.03779214193085077,-0.16912945386571246,False,2.4000000000000004,1.0,0.1,0.06,0.0,36,91
2STEP-VF,9,2,0.08975480155733928,-0.052582978552510234,0.028481947234111318,-0.09627114125342567,False,2.4000000000000004,1.0,0.1,0.06,0.0,36,92
2STEP-VF,9,2,0.09235222163480578,-0.055387682226283506,0.0228482308056384,-0.044314275803938485,False,2.4000000000000004,1.0,0.1,0.06,0.0,36,93
2STEP-VF,9,2,0.09001708935361137,-0.055994806184716306,0.02989678066950987,-0.0993856851515432,False,2.4000000000000004,1.0,0.1,0.06,0.0,36,94
2STEP-VF,9,2,0.08727850012217199,-0.053040688682377136,0.03721752727737635,-0.16520585537397545,False,2.4000000000000004,1.0,0.1,0.06,0.0,36,95
2STEP-VF,9,2,0.08761773269703164,-0.05449723678249134,0.03227261971492249,-0.12213052547957887,False,2.4000000000000004,1.0,0.1,0.06,0.0,36,96
2STEP-VF,9,2,0.09065115254745154,-0.053768035617457625,0.029808733784073973,-0.10398751563784644,False,2.4000000000000004,1.0,0.1,0.06,0.0,36,97
2STEP-VF,9,2,0.08819325948267533,-0.05563250903238934,0.027957670810750124,-0.0848517492393061,False,2.4000000000000004,1.0,0.1,0.06,0.0,36,98
2STEP-VF,9,2,0.08826150098873457,-0.0548765042562067,0.032964443459034994,-0.12671624739805987,False,2.4000000000000004,1.0,0.1,0.06,0.0,36,99
2STEP-VF,9,2,0.8898154869073527,-0.39891429260532196,0.16866398415308245,-0.338528641757446,False,2.4000000000000004,1.0,0.1,0.06,0.0,40,0
2STEP-VF,9,2,0.8812569495811798,-0.38122797644899326,0.16576600151972962,-0.35830545170538264,False,2.4000000000000004,1.0,0.1,0.06,0.0,40,1
2STEP-VF,9,2,0.8837444194766948,-0.37726428556171393,0.15128260890413225,-0.2518019207163431,False,2.4000000000000004,1.0,0.1,0.06,0.0,40,2
2STEP-VF,9,2,0.8859633406277646,-0.39122261091269217,0.16340296887336905,-0.31513168435882566,False,2.4000000000000004,1.0,0.1,0.06,0.0,40,3
2STEP-VF,9,2,0.8815482597915455,-0.39116775045710306,0.1587653175168318,-0.2784270434501145,False,2.4000000000000004,1.0,0.1,0.06,0.0,40,4
2STEP-VF,9,2,0.8831966685610674,-0.3856501178611816,0.14188797644632634,-0.15655172859011113,False,2.4000000000000004,1.0,0.1,0.06,0.0,40,5
2STEP-VF,9,2,0.8855658192542964,-0.3877788972793686,0.17150376926597144,-0.3882268515020293,False,2.4000000000000004,1.0,0.1,0.06,0.0,40,6
2STEP-VF,9,2,0.8877284357966166,-0.3923773211577247,0.1676642843607826,-0.3463449979599247,False,2.4000000000000004,1.0,0.1,0.06,0.0,40,7
2STEP-VF,9,2,0.8882238656812579,-0.392083399015908,0.15415288321019693,-0.23892947610252113,False,2.4000000000000004,1.0,0.1,0.06,0.0,40,8
2STEP-VF,9,2,0.8833091644431263,-0.392177905815046,0.16374141294726555,-0.3157057797554266,False,2.4000000000000004,1.0,0.1,0.06,0.0,40,9
2STEP-VF,9,2,0.8909900771250638,-0.39533301536272536,0.15137563962221223,-0.20874647547965353,False,2.4000000000000004,1.0,0.1,0.06,0.0,40,10
2STEP-VF,9,2,0.8906859522636061,-0.39816276315411997,0.14429269084688243,-0.14530973806935532,False,2.4000000000000004,1.0,0.1,0.06,0.0,40,11
2STEP-VF,9,2,0.8819386927802988,-0.3821197947224352,0.14142449944936025,-0.16139216669421996,False,2.4000000000000004,1.0,0.1,0.06,0.0,40,12
2STEP-VF,9,2,0.8874183611344546,-0.38503492891150914,0.17332696065974149,-0.4092867542222429,False,2.4000000000000004,1.0,0.1,0.06,0.0,40,13
2STEP-VF,9,2,0.894829727846343,-0.3936690603718634,0.14453570127711865,-0.1577900816536968,False,2.4000000000000004,1.0,0.1,0.06,0.0,40,14
2STEP-VF,9,2,0.9003371764608611,-0.3858346498316857,0.1275839852334588,-0.04064849168397322,False,2.4000000000000004,1.0,0.1,0.06,0.0,40,15
2STEP-VF,9,2,0.8818687823068987,-0.3883746460877476,0.1805373182896441,-0.45928726876814485,False,2.4000000000000004,1.0,0.1,0.06,0.0,40,16
2STEP-VF,9,2,0.887862130424132,-0.3913997468641454,0.11993208804717241,0.03317441592201731,False,2.4000000000000004,1.0,0.1,0.06,0.0,40,17
2STEP-VF,9,2,0.8863136123733456,-0.37746295446102723,0.13942460595241496,-0.15630694017045377,False,2.4000000000000004,1.0,0.1,0.06,0.0,40,18
2STEP-VF,9,2,0.893737890526285,-0.3872174885132425,0.15044884942546394,-0.22064454954035273,False,2.4000000000000004,1.0,0.1,0.06,0.0,40,19
2STEP-VF,9,2,0.8897462042172118,-0.3840804505407891,0.1365403556541908,-0.11714499168259995,False,2.4000000000000004,1.0,0.1,0.06,0.0,40,20
2STEP-VF,9,2,0.8890499594503279,-0.38315842858856686,0.1596791757850628,-0.30451018010092257,False,2.4000000000000004,1.0,0.1,0.06,0.0,40,21
2STEP-VF,9,2,0.8849904431296219,-0.3924955874021475,0.17526508498177895,-0.4070318435013005,False,2.4000000000000004,1.0,0.1,0.06,0.0,40,22
2STEP-VF,9,2,0.8910396484410359,-0.39135176415152323,0.14994622183053027,-0.20686316177412456,False,2.4000000000000004,1.0,0.1,0.06,0.0,40,23
2STEP-VF,9,2,0.890909900783168,-0.39207431829067757,0.15106820576970728,-0.2141126882130423,False,2.4000000000000004,1.0,0.1,0.06,0.0,40,24
2STEP-VF,9,2,0.897446510160274,-0.3977650830520036,0.13178428842038398,-0.04579131742864706,False,2.4000000000000004,1.0,0.1,0.06,0.0,40,25
2STEP-VF,9,2,0.884857959052399,-0.3886681218315454,0.15343826735440852,-0.24161116889641554,False,2.4000000000000004,1.0,0.1,0.06,0.0,40,26
2STEP-VF,9,2,0.8852451510020365,-0.4022725994663762,0.15579298920596385,-0.22777496586828594,False,2.4000000000000004,1.0,0.1,0.06,0.0,40,27
2STEP-VF,9,2,0.8956632446826135,-0.3834861833862781,0.14963799442411435,-0.22299732058489086,False,2.4000000000000004,1.0,0.1,0.06,0.0,40,28
2STEP-VF,9,2,0.8810986328665728,-0.3878137704814844,0.16030209159240738,-0.29879776561170235,False,2.4000000000000004,1.0,0.1,0.06,0.0,40,29
2STEP-VF,9,2,0.8929203802228877,-0.38424874183247576,0.14402084115442415,-0.17639452602407846,False,2.4000000000000004,1.0,0.1,0.06,0.0,40,30
2STEP-VF,9,2,0.8859114603195639,-0.3873285780943388,0.13881431313877265,-0.12777123006459457,False,2.4000000000000004,1.0,0.1,0.06,0.0,40,31
2STEP-VF,9,2,0.8866997977904646,-0.3965144638860711,0.15022268729281263,-0.19694479714850277,False,2.4000000000000004,1.0,0.1,0.06,0.0,40,32
2STEP-VF,9,2,0.885075296723135,-0.39030873486259804,0.14808017872180643,-0.19479594830082825,False,2.4000000000000004,1.0,0.1,0.06,0.0,40,33
2STEP-VF,9,2,0.8867396424199642,-0.39648500204076714,0.158470828425247,-0.26299824395893734,False,2.4000000000000004,1.0,0.1,0.06,0.0,40,34
2STEP-VF,9,2,0.8931945473283648,-0.4023311146623356,0.14464009228184704,-0.13793439022546927,False,2.4000000000000004,1.0,0.1,0.06,0.0,40,35
2STEP-VF,9,2,0.880095168258643,-0.3840211793546763,0.1583008815057424,-0.2919505114991978,False,2.4000000000000004,1.0,0.1,0.06,0.0,40,36
2STEP-VF,9,2,0.8836666495028964,-0.39288485537142187,0.15818685585408748,-0.2695511949711139,False,2.4000000000000004,1.0,0.1,0.06,0.0,40,37
2STEP-VF,9,2,0.8944852562374072,-0.41266505369235895,0.17482137300418682,-0.35450573979758904,False,2.4000000000000004,1.0,0.1,0.06,0.0,40,38
2STEP-VF,9,2,0.886278838997014,-0.3799968419648106,0.15814819489346357,-0.30001640809234253,False,2.4000000000000004,1.0,0.1,0.06,0.0,40,39
2STEP-VF,9,2,0.8906502538044837,-0.40457926802346456,0.16553223697428263,-0.29982863730967724,False,2.4000000000000004,1.0,0.1,0.06,0.0,40,40
2STEP-VF,9,2,0.8919882238542797,-0.3773124450564724,0.15432605010024186,-0.2755392392351448,False,2.4000000000000004,1.0,0.1,0.06,0.0,40,41
2STEP-VF,9,2,0.8852702068762629,-0.39502314509170633,0.14602314839554406,-0.16701342653168183,False,2.4000000000000004,1.0,0.1,0.06,0.0,40,42
2STEP-VF,9,2,0.9040434815911004,-0.4039823550553034,0.10046101006194412,0.2201121805326408,False,2.4000000000000004,1.0,0.1,0.06,0.0,40,43
2STEP-VF,9,2,0.8891655474064825,-0.38938203837751567,0.1505374192195583,-0.21643252880604003,False,2.4000000000000004,1.0,0.1,0.06,0.0,40,44
2STEP-VF,9,2,0.890748180776044,-0.3903347961438291,0.16389401260950748,-0.3209036992843076,False,2.4000000000000004,1.0,0.1,0.06,0.0,40,45
2STEP-VF,9,2,0.8884938992602459,-0.40816958233746997,0.1663694428723393,-0.29803891141317185,False,2.4000000000000004,1.0,0.1,0.06,0.0,40,46
2STEP-VF,9,2,0.8984047613466906,-0.3968529003714702,0.13086210182868738,-0.04054556805716936,False,2.4000000000000004,1.0,0.1,0.06,0.0,40,47
2STEP-VF,9,2,0.8960761330562135,-0.3925547540660859,0.1356471105397447,-0.08928090657597887,False,2.4000000000000004,1.0,0.1,0.06,0.0,40,48
2STEP-VF,9,2,0.8868190529540192,-0.3895797285208197,0.12245220408317928,0.00858285896177391,False,2.4000000000000004,1.0,0.1,0.06,0.0,40,49
2STEP-VF,9,2,0.8914338876327585,-0.38441382428631954,0.13304015637212996,-0.08824203943190756,False,2.4000000000000004,1.0,0.1,0.06,0.0,40,50
2STEP-VF,9,2,0.8972445464040574,-0.3853620240039401,0.15436595279775928,-0.2562240919883748,False,2.4000000000000004,1.0,0.1,0.06,0.0,40,51
2STEP-VF,9,2,0.8909839147227976,-0.3905561841052637,0.1608992326616223,-0.2963999845569778,False,2.4000000000000004,1.0,0.1,0.06,0.0,40,52
2STEP-VF,9,2,0.8849177071916138,-0.40156415372624715,0.16732990671425022,-0.32179022233951193,False,2.4000000000000004,1.0,0.1,0.06,0.0,40,53
2STEP-VF,9,2,0.8931479352682568,-0.39761254874794755,0.18304307888898386,-0.45648563800070163,False,2.4000000000000004,1.0,0.1,0.06,0.0,40,54
2STEP-VF,9,2,0.890160851677453,-0.3784488867886382,0.1489124024829691,-0.2296122404703742,False,2.4000000000000004,1.0,0.1,0.06,0.0,40,55
2STEP-VF,9,2,0.891348217163798,-0.3888640725454432,0.14140594822365501,-0.14449291865034886,False,2.4000000000000004,1.0,0.1,0.06,0.0,40,56
2STEP-VF,9,2,0.8895148492428091,-0.39185620037379515,0.14242992675080063,-0.14561364215472838,False,2.4000000000000004,1.0,0.1,0.06,0.0,40,57
2STEP-VF,9,2,0.8945686058257445,-0.39170429169149895,0.16280392495695112,-0.308666983246467,False,2.4000000000000004,1.0,0.1,0.06,0.0,40,58
2STEP-VF,9,2,0.887840765369595,-0.3897062783997377,0.13896413205604563,-0.12314754236681913,False,2.4000000000000004,1.0,0.1,0.06,0.0,40,59
2STEP-VF,9,2,0.8954736867263194,-0.3886193259171345,0.1289886318184765,-0.04549425114311034,False,2.4000000000000004,1.0,0.1,0.06,0.0,40,60
2STEP-VF,9,2,0.887688517508564,-0.3865154381773325,0.16513525783427746,-0.34018369999810805,False,2.4000000000000004,1.0,0.1,0.06,0.0,40,61
2STEP-VF,9,2,0.8819860154168393,-0.3770686427000801,0.15776378912185599,-0.30422640956964553,False,2.4000000000000004,1.0,0.1,0.06,0.0,40,62
2STEP-VF,9,2,0.8891152533467744,-0.3904913047041071,0.1632871793957436,-0.31577138867528565,False,2.4000000000000004,1.0,0.1,0.06,0.0,40,63
2STEP-VF,9,2,0.8906670964612936,-0.3929866107954867,0.1367863499208556,-0.09768290766999932,False,2.4000000000000004,1.0,0.1,0.06,0.0,40,64
2STEP-VF,9,2,0.8867135648570246,-0.38549264771152975,0.13422076172208677,-0.09538092537760157,False,2.4000000000000004,1.0,0.1,0.06,0.0,40,65
2STEP-VF,9,2,0.8877285471664307,-0.39864734807923413,0.13278656517390347,-0.052275173171080214,False,2.4000000000000004,1.0,0.1,0.06,0.0,40,66
2STEP-VF,9,2,0.8889871900918584,-0.38056548717448163,0.17246929499773034,-0.4130579593575755,False,2.4000000000000004,1.0,0.1,0.06,0.0,40,67
2STEP-VF,9,2,0.8951173177390275,-0.3883468579314829,0.1283635975557668,-0.04116928234623407,False,2.4000000000000004,1.0,0.1,0.06,0.0,40,68
2STEP-VF,9,2,0.8994622762386597,-0.3874285146794419,0.1328649755159111,-0.07912363232230879,False,2.4000000000000004,1.0,0.1,0.06,0.0,40,69
2STEP-VF,9,2,0.8893467735028084,-0.38854968084495284,0.15049757636001138,-0.218100570442036,False,2.4000000000000004,1.0,0.1,0.06,0.0,40,70
2STEP-VF,9,2,0.8841475786565917,-0.3858925579957947,0.1409866147336789,-0.14870192396012882,False,2.4000000000000004,1.0,0.1,0.06,0.0,40,71
2STEP-VF,9,2,0.8889176833487199,-0.40277232910448624,0.15723990106625038,-0.23793055767831328,False,2.4000000000000004,1.0,0.1,0.06,0.0,40,72
2STEP-VF,9,2,0.889940291259585,-0.40737989204666775,0.1579422487555489,-0.23242983165681386,False,2.4000000000000004,1.0,0.1,0.06,0.0,40,73
2STEP-VF,9,2,0.8904027844487669,-0.4006652688495245,0.17683787068775372,-0.3996821531962451,False,2.4000000000000004,1.0,0.1,0.06,0.0,40,74
2STEP-VF,9,2,0.8931071057885345,-0.3908210189142385,0.14864450247246622,-0.19759914803824563,False,2.4000000000000004,1.0,0.1,0.06,0.0,40,75
2STEP-VF,9,2,0.8905396057288336,-0.38804467825446376,0.1512543844100655,-0.22529547112608128,False,2.4000000000000004,1.0,0.1,0.06,0.0,40,76
2STEP-VF,9,2,0.8871512525153318,-0.38726943892784615,0.1565539951592123,-0.26975623269594806,False,2.4000000000000004,1.0,0.1,0.06,0.0,40,77
2STEP-VF,9,2,0.8935625180758169,-0.39301962031869914,0.13087318372704201,-0.05012462996690947,False,2.4000000000000004,1.0,0.1,0.06,0.0,40,78
2STEP-VF,9,2,0.8957765411480998,-0.40190971950445964,0.15365447515018135,-0.21090588192186188,False,2.4000000000000004,1.0,0.1,0.06,0.0,40,79
2STEP-VF,9,2,0.8908276483516193,-0.3958882375400633,0.1527391011494801,-0.218331380198592,False,2.4000000000000004,1.0,0.1,0.06,0.0,40,80
2STEP-VF,9,2,0.8934594109447643,-0.39206745814431226,0.155101778947659,-0.24624476737823708,False,2.4000000000000004,1.0,0.1,0.06,0.0,40,81
2STEP-VF,9,2,0.8881606944078805,-0.3910055337254044,0.16168040177702644,-0.30174029161076843,False,2.4000000000000004,1.0,0.1,0.06,0.0,40,82
2STEP-VF,9,2,0.8937766779883398,-0.38651807122767773,0.11076223985341636,0.09517205279839569,False,2.4000000000000004,1.0,0.1,0.06,0.0,40,83
2STEP-VF,9,2,0.8853339391858357,-0.3875268451782786,0.14358163287072107,-0.16546859818674997,False,2.4000000000000004,1.0,0.1,0.06,0.0,40,84
2STEP-VF,9,2,0.9020277443501963,-0.3988893835129202,0.1223628955211862,0.03255302092253043,False,2.4000000000000004,1.0,0.1,0.06,0.0,40,85
2STEP-VF,9,2,0.8908870784566084,-0.38877306821334456,0.15905378615776605,-0.2859217008427052,False,2.4000000000000004,1.0,0.1,0.06,0.0,40,86
2STEP-VF,9,2,0.885165297561461,-0.3871879401319234,0.15127934527068168,-0.2278737879951498,False,2.4000000000000004,1.0,0.1,0.06,0.0,40,87
2STEP-VF,9,2,0.8881655440439726,-0.3848337854823133,0.15423124867129065,-0.25695897157013525,False,2.4000000000000004,1.0,0.1,0.06,0.0,40,88
2STEP-VF,9,2,0.8924148913195538,-0.3966556238776042,0.14968900699741766,-0.19199366519391825,False,2.4000000000000004,1.0,0.1,0.06,0.0,40,89
2STEP-VF,9,2,0.888870309530253,-0.39219824539164333,0.16614252415478492,-0.33453218572652055,False,2.4000000000000004,1.0,0.1,0.06,0.0,40,90
2STEP-VF,9,2,0.8849572109350766,-0.3985448114826499,0.180805107004484,-0.4368358758214077,False,2.4000000000000004,1.0,0.1,0.06,0.0,40,91
2STEP-VF,9,2,0.8876712195087393,-0.3883944238859482,0.15757186163026055,-0.2751680025452846,False,2.4000000000000004,1.0,0.1,0.06,0.0,40,92
2STEP-VF,9,2,0.8857311472144179,-0.3951827014365703,0.13103144848283468,-0.046669235582043944,False,2.4000000000000004,1.0,0.1,0.06,0.0,40,93
2STEP-VF,9,2,0.8886008400110726,-0.3786636156906107,0.14888668526872934,-0.22898475409170493,False,2.4000000000000004,1.0,0.1,0.06,0.0,40,94
2STEP-VF,9,2,0.8869231209678949,-0.3826255529406438,0.17562877934859558,-0.43351352047314606,False,2.4000000000000004,1.0,0.1,0.06,0.0,40,95
2STEP-VF,9,2,0.8957721098457481,-0.3920923755487709,0.13299672686125588,-0.06920578698225233,False,2.4000000000000004,1.0,0.1,0.06,0.0,40,96
2STEP-VF,9,2,0.8892049482568625,-0.3910431322424153,0.15634711904236223,-0.2589211380616896,False,2.4000000000000004,1.0,0.1,0.06,0.0,40,97
2STEP-VF,9,2,0.88798447067351,-0.3809298617145738,0.14913511547820255,-0.22557018747023283,False,2.4000000000000004,1.0,0.1,0.06,0.0,40,98
2STEP-VF,9,2,0.8802469751019822,-0.3931549219148321,0.15814743343673734,-0.2687928363921831,False,2.4000000000000004,1.0,0.1,0.06,0.0,40,99
2STEP-VF,9,2,3.949586298453341,-1.0015104062660363,-0.002268029073188622,0.0,True,2.4000000000000004,1.0,0.1,0.06,0.0,44,0
2STEP-VF,9,2,3.9501239842543527,-1.0024282820239858,-0.04057590446508192,0.0,True,2.4000000000000004,1.0,0.1,0.06,0.0,44,1
2STEP-VF,9,2,3.9465738729822912,-0.9903519722979002,-0.009742764022159872,0.0,True,2.4000000000000004,1.0,0.1,0.06,0.0,44,2
2STEP-VF,9,2,3.950666440697512,-0.9840123671141985,-0.000822193734225189,0.0,True,2.4000000000000004,1.0,0.1,0.06,0.0,44,3
2STEP-VF,9,2,3.946649883068275,-1.0004133720165815,0.014486940286471463,0.0,True,2.4000000000000004,1.0,0.1,0.06,0.0,44,4
2STEP-VF,9,2,3.9503527310315865,-1.00442643260408,-0.025169416310005875,0.0,True,2.4000000000000004,1.0,0.1,0.06,0.0,44,5
2STEP-VF,9,2,3.950112985447848,-1.0068090179052709,-0.04784586238511649,0.0,True,2.4000000000000004,1.0,0.1,0.06,0.0,44,6
2STEP-VF,9,2,3.941846604789986,-1.0033640585342867,0.017950818973816323,0.0,True,2.4000000000000004,1.0,0.1,0.06,0.0,44,7
2STEP-VF,9,2,3.9481897499491727,-0.9918078228925482,-0.014668244756246217,0.0,True,2.4000000000000004,1.0,0.1,0.06,0.0,44,8
2STEP-VF,9,2,3.945675429519963,-1.028114229712088,0.013306511904465235,0.0,True,2.4000000000000004,1.0,0.1,0.06,0.0,44,9
2STEP-VF,9,2,3.9502126704749325,-1.009576575394274,3.9911189337351215e-05,0.0,True,2.4000000000000004,1.0,0.1,0.06,0.0,44,10
2STEP-VF,9,2,3.941802683167594,-1.0240337838353613,0.06349305489822119,0.0,True,2.4000000000000004,1.0,0.1,0.06,0.0,44,11
2STEP-VF,9,2,3.9477163237263344,-1.0146566485862467,0.04512272659031321,0.0,True,2.4000000000000004,1.0,0.1,0.06,0.0,44,12
2STEP-VF,9,2,3.9471828506478737,-0.9893090227682263,-0.001997338072361274,0.0,True,2.4000000000000004,1.0,0.1,0.06,0.0,44,13
2STEP-VF,9,2,3.9487700781169277,-1.002055677424074,0.026575670617782238,0.0,True,2.4000000000000004,1.0,0.1,0.06,0.0,44,14
2STEP-VF,9,2,3.9448776113138693,-1.0114268176353431,0.01662852517060955,0.0,True,2.4000000000000004,1.0,0.1,0.06,0.0,44,15
2STEP-VF,9,2,3.945409067194222,-1.0120681235388553,0.008631109675683169,0.0,True,2.4000000000000004,1.0,0.1,0.06,0.0,44,16
2STEP-VF,9,2,3.9490313779219064,-1.0036318914902764,0.016236197949721014,0.0,True,2.4000000000000004,1.0,0.1,0.06,0.0,44,17
2STEP-VF,9,2,3.952053949816278,-0.9957084859729955,-0.032448898413746215,0.0,True,2.4000000000000004,1.0,0.1,0.06,0.0,44,18
2STEP-VF,9,2,3.947832028441656,-0.9951910054031872,0.010279169183755965,0.0,True,2.4000000000000004,1.0,0.1,0.06,0.0,44,19
2STEP-VF,9,2,3.950535626009578,-1.0028948768475547,0.02206491394939491,0.0,True,2.4000000000000004,1.0,0.1,0.06,0.0,44,20
2STEP-VF,9,2,3.937157867733326,-1.0052584090391554,0.07968202539631454,0.0,True,2.4000000000000004,1.0,0.1,0.06,0.0,44,21
2STEP-VF,9,2,3.946773643444812,-1.0039250440292484,0.012230724866285262,0.0,True,2.4000000000000004,1.0,0.1,0.06,0.0,44,22
2STEP-VF,9,2,3.9520640615429863,-1.0155229730198794,-0.042556792278741346,0.0,True,2.4000000000000004,1.0,0.1,0.06,0.0,44,23
2STEP-VF,9,2,3.94957376370101,-1.001025037889358,0.00414034267470059,0.0,True,2.4000000000000004,1.0,0.1,0.06,0.0,44,24
2STEP-VF,9,2,3.948454889824629,-1.0077734045949713,0.009376852091660755,0.0,True,2.4000000000000004,1.0,0.1,0.06,0.0,44,25
2STEP-VF,9,2,3.943874376469416,-1.0028908929249358,0.02144295475071046,0.0,True,2.4000000000000004,1.0,0.1,0.06,0.0,44,26
2STEP-VF,9,2,3.947082889255779,-0.9918798813378422,0.0034925230380614685,0.0,True,2.4000000000000004,1.0,0.1,0.06,0.0,44,27
2STEP-VF,9,2,3.9533216444010657,-1.0093868123672771,-0.004520096591147048,0.0,True,2.4000000000000004,1.0,0.1,0.06,0.0,44,28
2STEP-VF,9,2,3.9461719512907436,-1.0015674784307553,-5.922130980779527e-05,0.0,True,2.4000000000000004,1.0,0.1,0.06,0.0,44,29
2STEP-VF,9,2,3.9482795727700664,-1.0019919057631568,0.04067632908470689,0.0,True,2.4000000000000004,1.0,0.1,0.06,0.0,44,30
2STEP-VF,9,2,3.9431243022085014,-1.0227310527510713,0.03980349770308982,0.0,True,2.4000000000000004,1.0,0.1,0.06,0.0,44,31
2STEP-VF,9,2,3.948994207490195,-0.9994798549319164,0.01556138416480879,0.0,True,2.4000000000000004,1.0,0.1,0.06,0.0,44,32
2STEP-VF,9,2,3.943491731588874,-0.9896358389856009,-0.013732603351078669,0.0,True,2.4000000000000004,1.0,0.1,0.06,0.0,44,33
2STEP-VF,9,2,3.946455476405176,-1.0021591918007073,0.05744847372290173,0.0,True,2.4000000000000004,1.0,0.1,0.06,0.0,44,34
2STEP-VF,9,2,3.947373217750645,-1.0010772616765509,0.015173495096655438,0.0,True,2.4000000000000004,1.0,0.1,0.06,0.0,44,35
2STEP-VF,9,2,3.9503964429523433,-0.998438403905075,-0.010134220101382091,0.0,True,2.4000000000000004,1.0,0.1,0.06,0.0,44,36
2STEP-VF,9,2,3.9487941916370186,-1.000168763278643,-0.019805911431306188,0.0,True,2.4000000000000004,1.0,0.1,0.06,0.0,44,37
2STEP-VF,9,2,3.940694567660349,-0.9881154633810353,0.06970219363027236,0.0,True,2.4000000000000004,1.0,0.1,0.06,0.0,44,38
2STEP-VF,9,2,3.942868761158573,-1.0176410792953205,0.0478164155240626,0.0,True,2.4000000000000004,1.0,0.1,0.06,0.0,44,39
2STEP-VF,9,2,3.9500759020354654,-0.9877841778495382,-0.033001436220553904,0.0,True,2.4000000000000004,1.0,0.1,0.06,0.0,44,40
2STEP-VF,9,2,3.948637618691129,-1.0093503452671946,0.016877189762082582,0.0,True,2.4000000000000004,1.0,0.1,0.06,0.0,44,41
2STEP-VF,9,2,3.94954515870954,-0.9938158368796781,-0.010124214081871507,0.0,True,2.4000000000000004,1.0,0.1,0.06,0.0,44,42
2STEP-VF,9,2,3.9475706681629337,-0.981476655344149,0.03302960357941444,0.0,True,2.4000000000000004,1.0,0.1,0.06,0.0,44,43
2STEP-VF,9,2,3.9478555864145086,-0.9958291819032024,0.006038824450817613,0.0,True,2.4000000000000004,1.0,0.1,0.06,0.0,44,44
2STEP-VF,9,2,3.9452314269277795,-1.0041967423017106,0.016982100392556505,0.0,True,2.4000000000000004,1.0,0.1,0.06,0.0,44,45
2STEP-VF,9,2,3.943184257958796,-0.9786211780181427,0.020274289678986337,0.0,True,2.4000000000000004,1.0,0.1,0.06,0.0,44,46
2STEP-VF,9,2,3.9524472094035272,-0.9921867364369824,-0.029818327854472526,0.0,True,2.4000000000000004,1.0,0.1,0.06,0.0,44,47
2STEP-VF,9,2,3.946485563868382,-0.986306637199511,-0.0013661138839104784,0.0,True,2.4000000000000004,1.0,0.1,0.06,0.0,44,48
2STEP-VF,9,2,3.953613884777937,-0.9923507202050604,-0.037091223311312226,0.0,True,2.4000000000000004,1.0,0.1,0.06,0.0,44,49
2STEP-VF,9,2,3.946001367594654,-0.9978403312561802,0.016990575481595365,0.0,True,2.4000000000000004,1.0,0.1,0.06,0.0,44,50
2STEP-VF,9,2,3.9544399423900076,-0.9982105002779411,-0.007808815314857633,0.0,True,2.4000000000000004,1.0,0.1,0.06,0.0,44,51
2STEP-VF,9,2,3.9441916857084527,-1.0129159351061898,0.033777108077540835,0.0,True,2.4000000000000004,1.0,0.1,0.06,0.0,44,52
2STEP-VF,9,2,3.9489525404653962,-1.009601560602951,0.006422889576938705,0.0,True,2.4000000000000004,1.0,0.1,0.06,0.0,44,53
2STEP-VF,9,2,3.9525504323914036,-1.0036575690341352,-0.05470825708387931,0.0,True,2.4000000000000004,1.0,0.1,0.06,0.0,44,54
2STEP-VF,9,2,3.9533669513501013,-0.9970411231685857,-0.06895517190069488,0.0,True,2.4000000000000004,1.0,0.1,0.06,0.0,44,55
2STEP-VF,9,2,3.9512314032962066,-1.004667692865491,-0.02467558946647936,0.0,True,2.4000000000000004,1.0,0.1,0.06,0.0,44,56
2STEP-VF,9,2,3.944310948858325,-1.0038688303601786,0.03350174470577033,0.0,True,2.4000000000000004,1.0,0.1,0.06,0.0,44,57
2STEP-VF,9,2,3.949157818123256,-0.9996247497441921,-0.027038845873923908,0.0,True,2.4000000000000004,1.0,0.1,0.06,0.0,44,58
2STEP-VF,9,2,3.946700009575362,-0.9929245186118644,0.023132862665285452,0.0,True,2.4000000000000004,1.0,0.1,0.06,0.0,44,59
2STEP-VF,9,2,3.9493068811332823,-0.9820919276627568,0.014447925570224146,0.0,True,2.4000000000000004,1.0,0.1,0.06,0.0,44,60
2STEP-VF,9,2,3.9493071485514415,-0.9891438923943601,0.00784960028090818,0.0,True,2.4000000000000004,1.0,0.1,0.06,0.0,44,61
2STEP-VF,9,2,3.9446905212298384,-1.0086164524293124,0.021424503640636583,0.0,True,2.4000000000000004,1.0,0.1,0.06,0.0,44,62
2STEP-VF,9,2,3.951600176311524,-0.9957893639578969,-0.006039157486452537,0.0,True,2.4000000000000004,1.0,0.1,0.06,0.0,44,63
2STEP-VF,9,2,3.943065695436391,-0.9966450153848444,0.0027595449405752315,0.0,True,2.4000000000000004,1.0,0.1,0.06,0.0,44,64
2STEP-VF,9,2,3.9444595844589876,-1.0098966480106806,0.03821656877222118,0.0,True,2.4000000000000004,1.0,0.1,0.06,0.0,44,65
2STEP-VF,9,2,3.9464740759795442,-1.0153051296229716,-0.029015294205753238,0.0,True,2.4000000000000004,1.0,0.1,0.06,0.0,44,66
2STEP-VF,9,2,3.944507526638189,-0.992647103293343,0.014855757731177109,0.0,True,2.4000000000000004,1.0,0.1,0.06,0.0,44,67
2STEP-VF,9,2,3.949115500650364,-1.0071248594740292,0.009989606898480618,0.0,True,2.4000000000000004,1.0,0.1,0.06,0.0,44,68
2STEP-VF,9,2,3.94617866386912,-0.992414124677349,0.021439115303555488,0.0,True,2.4000000000000004,1.0,0.1,0.06,0.0,44,69
2STEP-VF,9,2,3.9514155993231155,-1.0047386481658547,0.03324600076754214,0.0,True,2.4000000000000004,1.0,0.1,0.06,0.0,44,70
2STEP-VF,9,2,3.952140089486201,-1.0111184764881669,-0.013691667949244923,0.0,True,2.4000000000000004,1.0,0.1,0.06,0.0,44,71
2STEP-VF,9,2,3.9473444221228067,-1.0126144611739434,-0.015136399975115821,0.0,True,2.4000000000000004,1.0,0.1,0.06,0.0,44,72
2STEP-VF,9,2,3.937771128868042,-0.9938532081995709,0.0891288273057332,0.0,True,2.4000000000000004,1.0,0.1,0.06,0.0,44,73
2STEP-VF,9,2,3.9468757937319534,-0.9969320318123922,-0.007732034377103181,0.0,True,2.4000000000000004,1.0,0.1,0.06,0.0,44,74
2STEP-VF,9,2,3.9512194388189537,-0.9942829342717777,0.0015881837494718524,0.0,True,2.4000000000000004,1.0,0.1,0.06,0.0,44,75
2STEP-VF,9,2,3.950710842813312,-1.0110082052300677,-0.027962358283908615,0.0,True,2.4000000000000004,1.0,0.1,0.06,0.0,44,76
2STEP-VF,9,2,3.946223518580723,-1.014906715876893,0.004431184345891319,0.0,True,2.4000000000000004,1.0,0.1,0.06,0.0,44,77
2STEP-VF,9,2,3.950417956082144,-1.0065057514068967,-0.01076830960256317,0.0,True,2.4000000000000004,1.0,0.1,0.06,0.0,44,78
2STEP-VF,9,2,3.9565282161328317,-1.0125884535759122,-0.0395359456448448,0.0,True,2.4000000000000004,1.0,0.1,0.06,0.0,44,79
2STEP-VF,9,2,3.953126931663697,-0.9913009083500602,-0.013469684241391442,0.0,True,2.4000000000000004,1.0,0.1,0.06,0.0,44,80
2STEP-VF,9,2,3.93941431349689,-0.9932858426077104,0.00447879228489631,0.0,True,2.4000000000000004,1.0,0.1,0.06,0.0,44,81
2STEP-VF,9,2,3.9581474691200498,-1.0086930943878778,-0.05114361575380745,0.0,True,2.4000000000000004,1.0,0.1,0.06,0.0,44,82
2STEP-VF,9,2,3.9492902952788436,-1.0107971942926999,-0.04327278884243198,0.0,True,2.4000000000000004,1.0,0.1,0.06,0.0,44,83
2STEP-VF,9,2,3.9474660436326974,-0.9939591981571326,0.01675410696883613,0.0,True,2.4000000000000004,1.0,0.1,0.06,0.0,44,84
2STEP-VF,9,2,3.947879653064312,-0.9791552217002634,0.006951643656569869,0.0,True,2.4000000000000004,1.0,0.1,0.06,0.0,44,85
2STEP-VF,9,2,3.945555794231263,-1.0184365884912225,-0.0007611624484289577,0.0,True,2.4000000000000004,1.0,0.1,0.06,0.0,44,86
2STEP-VF,9,2,3.9440864874928225,-0.9988006639240485,0.023659483261343223,0.0,True,2.4000000000000004,1.0,0.1,0.06,0.0,44,87
2STEP-VF,9,2,3.9484367225549923,-1.0034859096220436,-0.012658800303884025,0.0,True,2.4000000000000004,1.0,0.1,0.06,0.0,44,88
2STEP-VF,9,2,3.9500226287382185,-0.9961067795226671,-0.029440569591656418,0.0,True,2.4000000000000004,1.0,0.1,0.06,0.0,44,89
2STEP-VF,9,2,3.9479479954313077,-0.9962616329267757,0.00710841542074312,0.0,True,2.4000000000000004,1.0,0.1,0.06,0.0,44,90
2STEP-VF,9,2,3.949254881730508,-0.9976612083768022,-0.00744717124833756,0.0,True,2.4000000000000004,1.0,0.1,0.06,0.0,44,91
2STEP-VF,9,2,3.9489696492632786,-0.9942316062007784,-0.022811543587787562,0.0,True,2.4000000000000004,1.0,0.1,0.06,0.0,44,92
2STEP-VF,9,2,3.949686846681865,-1.0025430471153725,-0.044939706194741996,0.0,True,2.4000000000000004,1.0,0.1,0.06,0.0,44,93
2STEP-VF,9,2,3.9464093921968484,-1.0007707257350418,0.03684014246480471,0.0,True,2.4000000000000004,1.0,0.1,0.06,0.0,44,94
2STEP-VF,9,2,3.9414664728734814,-1.0040422500333483,0.054063700859099506,0.0,True,2.4000000000000004,1.0,0.1,0.06,0.0,44,95
2STEP-VF,9,2,3.943855055401244,-1.0085545161457137,0.06274470915619584,0.0,True,2.4000000000000004,1.0,0.1,0.06,0.0,44,96
2STEP-VF,9,2,3.949720370740588,-1.0108441962393904,-0.0030836366121063,0.0,True,2.4000000000000004,1.0,0.1,0.06,0.0,44,97
2STEP-VF,9,2,3.950027599665875,-0.9888033834403165,-0.002962945250502068,0.0,True,2.4000000000000004,1.0,0.1,0.06,0.0,44,98
2STEP-VF,9,2,3.941736710342188,-1.0030876166713432,0.06221200759789795,0.0,True,2.4000000000000004,1.0,0.1,0.06,0.0,44,99
2STEP-VF,9,2,0.9155580612855986,-0.18870148245930163,0.031685426958661035,-0.5061166210976935,False,4.800000000000001,1.0,0.2,0.06,0.0,36,0
2STEP-VF,9,2,0.9230994318525322,-0.2028850961097259,0.040256410855179864,-0.7458949507912618,False,4.800000000000001,1.0,0.2,0.06,0.0,36,1
2STEP-VF,9,2,0.9166738630356885,-0.1941212372820717,0.029841801390843622,-0.43404624324788277,False,4.800000000000001,1.0,0.2,0.06,0.0,36,2
2STEP-VF,9,2,0.9219957977152189,-0.2054875239955182,0.03962473587013869,-0.7195017423922816,False,4.800000000000001,1.0,0.2,0.06,0.0,36,3
2STEP-VF,9,2,0.9043122686882685,-0.20223702015786235,0.03955079098434248,-0.7259977269987938,False,4.800000000000001,1.0,0.2,0.06,0.0,36,4
2STEP-VF,9,2,0.9089478047774658,-0.2017040813434155,0.031725023657137016,-0.47657409351753965,False,4.800000000000001,1.0,0.2,0.06,0.0,36,5
2STEP-VF,9,2,0.9299647119075641,-0.18882089217998896,0.032701494046755,-0.537479785549733,False,4.800000000000001,1.0,0.2,0.06,0.0,36,6
2STEP-VF,9,2,0.9125898626217396,-0.19555305121915945,0.039286823232040004,-0.7330956287419933,False,4.800000000000001,1.0,0.2,0.06,0.0,36,7
2STEP-VF,9,2,0.9089418896469701,-0.19295993323040778,0.039622136641798616,-0.7502680194057592,False,4.800000000000001,1.0,0.2,0.06,0.0,36,8
2STEP-VF,9,2,0.9162363389094895,-0.19425011384462731,0.037924495548068385,-0.6924094039765136,False,4.800000000000001,1.0,0.2,0.06,0.0,36,9
2STEP-VF,9,2,0.9044077195178505,-0.19047507535265032,0.03737712159649502,-0.684663247070409,False,4.800000000000001,1.0,0.2,0.06,0.0,36,10
2STEP-VF,9,2,0.932377994240809,-0.20360983477455374,0.03367125908512894,-0.5328740076107489,False,4.800000000000001,1.0,0.2,0.06,0.0,36,11
2STEP-VF,9,2,0.9178444390067956,-0.19810100974591677,0.03730198791102538,-0.6631505234222045,False,4.800000000000001,1.0,0.2,0.06,0.0,36,12
2STEP-VF,9,2,0.9193061388518657,-0.19785542590183514,0.03981987927340179,-0.7442247462533412,False,4.800000000000001,1.0,0.2,0.06,0.0,36,13
2STEP-VF,9,2,0.9168409505093531,-0.1955509307162729,0.04022619421337719,-0.7629055240784541,False,4.800000000000001,1.0,0.2,0.06,0.0,36,14
2STEP-VF,9,2,0.9166131310683202,-0.19868950405425678,0.04291741446808054,-0.8415056653842621,False,4.800000000000001,1.0,0.2,0.06,0.0,36,15
2STEP-VF,9,2,0.895026716574654,-0.19470976795070363,0.03855442924071853,-0.7127366896268252,False,4.800000000000001,1.0,0.2,0.06,0.0,36,16
2STEP-VF,9,2,0.9211973682233257,-0.19801729104840252,0.044409523202840966,-0.8905914018813456,False,4.800000000000001,1.0,0.2,0.06,0.0,36,17
2STEP-VF,9,2,0.9211773481826357,-0.1962493693895696,0.030569206746355656,-0.4519454884574561,False,4.800000000000001,1.0,0.2,0.06,0.0,36,18
2STEP-VF,9,2,0.9228803018626996,-0.1991110649945037,0.03636685015408294,-0.6304998308320835,False,4.800000000000001,1.0,0.2,0.06,0.0,36,19
2STEP-VF,9,2,0.9175728538812807,-0.19321465028129856,0.037323263779966295,-0.6755749090509283,False,4.800000000000001,1.0,0.2,0.06,0.0,36,20
2STEP-VF,9,2,0.9229495841374105,-0.19040082283035287,0.02275598738598826,-0.21585264651053293,False,4.800000000000001,1.0,0.2,0.06,0.0,36,21
2STEP-VF,9,2,0.9160950507594859,-0.19997414477095535,0.03936690987554025,-0.7248374655214262,False,4.800000000000001,1.0,0.2,0.06,0.0,36,22
2STEP-VF,9,2,0.9091034172334088,-0.20269218817356788,0.033298379048364704,-0.5245406728971034,False,4.800000000000001,1.0,0.2,0.06,0.0,36,23
2STEP-VF,9,2,0.9137536062490959,-0.19615123979958227,0.04008501511272314,-0.7571322917131975,False,4.800000000000001,1.0,0.2,0.06,0.0,36,24
2STEP-VF,9,2,0.9244291136129246,-0.19770056042655348,0.030268451516947036,-0.43864335670180155,False,4.800000000000001,1.0,0.2,0.06,0.0,36,25
2STEP-VF,9,2,0.9264087225511117,-0.20215582137105487,0.03600229445220372,-0.611314927826921,False,4.800000000000001,1.0,0.2,0.06,0.0,36,26
2STEP-VF,9,2,0.9124408439708653,-0.19839919359052652,0.04380110040262456,-0.8707306976284707,False,4.800000000000001,1.0,0.2,0.06,0.0,36,27
2STEP-VF,9,2,0.9098203237306124,-0.19476748051567402,0.04198448591727274,-0.8214723766912735,False,4.800000000000001,1.0,0.2,0.06,0.0,36,28
2STEP-VF,9,2,0.9279374804588497,-0.20103163295944718,0.03012062465579188,-0.42570782105513627,False,4.800000000000001,1.0,0.2,0.06,0.0,36,29
2STEP-VF,9,2,0.9137566745943155,-0.19602315358560266,0.040957587945243526,-0.7853618451666877,False,4.800000000000001,1.0,0.2,0.06,0.0,36,30
2STEP-VF,9,2,0.9159321888297083,-0.19475633467984624,0.04414179433567246,-0.8901662841801055,False,4.800000000000001,1.0,0.2,0.06,0.0,36,31
2STEP-VF,9,2,0.9242370778197609,-0.20544817057451667,0.03466257234999975,-0.5606724811519664,False,4.800000000000001,1.0,0.2,0.06,0.0,36,32
2STEP-VF,9,2,0.9156919946273094,-0.20208849249209712,0.031519132129944595,-0.46865832649955563,False,4.800000000000001,1.0,0.2,0.06,0.0,36,33
2STEP-VF,9,2,0.9212110325934959,-0.1959485838572664,0.03209429618921641,-0.5014682148418762,False,4.800000000000001,1.0,0.2,0.06,0.0,36,34
2STEP-VF,9,2,0.9223615545108937,-0.1980342463994301,0.03346891051072976,-0.5403812517140668,False,4.800000000000001,1.0,0.2,0.06,0.0,36,35
2STEP-VF,9,2,0.9130605188053008,-0.18634456300271635,0.045256575311411563,-0.946199827630333,False,4.800000000000001,1.0,0.2,0.06,0.0,36,36
2STEP-VF,9,2,0.923833485834628,-0.19214230137296792,0.03648873166845979,-0.6510678809455128,False,4.800000000000001,1.0,0.2,0.06,0.0,36,37
2STEP-VF,9,2,0.9185557288466601,-0.1992569724588082,0.031838723114792224,-0.4855090620414122,False,4.800000000000001,1.0,0.2,0.06,0.0,36,38
2STEP-VF,9,2,0.9190753790608904,-0.1964264278706647,0.04133211052595544,-0.7960595871973255,False,4.800000000000001,1.0,0.2,0.06,0.0,36,39
2STEP-VF,9,2,0.9044725778278628,-0.20011004959001907,0.03532693252735606,-0.5959293671896766,False,4.800000000000001,1.0,0.2,0.06,0.0,36,40
2STEP-VF,9,2,0.9211110463777941,-0.20260325481652258,0.036109377306386185,-0.6139855994620363,False,4.800000000000001,1.0,0.2,0.06,0.0,36,41
2STEP-VF,9,2,0.922054297136245,-0.20056017879846286,0.03995186087673438,-0.7417918611110148,False,4.800000000000001,1.0,0.2,0.06,0.0,36,42
2STEP-VF,9,2,0.9274173286717663,-0.20397526695841545,0.0419831057639264,-0.7982737040251421,False,4.800000000000001,1.0,0.2,0.06,0.0,36,43
2STEP-VF,9,2,0.9212889038459965,-0.20749896430990578,0.042560175981900636,-0.808650782846287,False,4.800000000000001,1.0,0.2,0.06,0.0,36,44
2STEP-VF,9,2,0.9175317488294211,-0.20310350295526894,0.03336882049159796,-0.5253019437087242,False,4.800000000000001,1.0,0.2,0.06,0.0,36,45
2STEP-VF,9,2,0.9027119790566503,-0.19647449090070143,0.045562613436898006,-0.9323021330756539,False,4.800000000000001,1.0,0.2,0.06,0.0,36,46
2STEP-VF,9,2,0.910544686133214,-0.2038014870792718,0.032969972840271644,-0.5112828807304477,False,4.800000000000001,1.0,0.2,0.06,0.0,36,47
2STEP-VF,9,2,0.9175918596776322,-0.20810589141143795,0.04855513577831654,-0.9992546939380208,False,4.800000000000001,1.0,0.2,0.06,0.0,36,48
2STEP-VF,9,2,0.9085507423105286,-0.19593708799013235,0.03816580431318561,-0.6965436823069903,False,4.800000000000001,1.0,0.2,0.06,0.0,36,49
2STEP-VF,9,2,0.9172661679773488,-0.19092614322567278,0.03696250948831147,-0.6695415898057118,False,4.800000000000001,1.0,0.2,0.06,0.0,36,50
2STEP-VF,9,2,0.9268941166676017,-0.20464620780071752,0.03086444608718115,-0.44089772906801894,False,4.800000000000001,1.0,0.2,0.06,0.0,36,51
2STEP-VF,9,2,0.9082553995164881,-0.19487129726366248,0.03937454234063239,-0.7377989174964574,False,4.800000000000001,1.0,0.2,0.06,0.0,36,52
2STEP-VF,9,2,0.9273962100334244,-0.19676386662157738,0.024077690228137643,-0.24260903480661367,False,4.800000000000001,1.0,0.2,0.06,0.0,36,53
2STEP-VF,9,2,0.9271009702853453,-0.19682783741470208,0.030345882094773617,-0.4430553590203503,False,4.800000000000001,1.0,0.2,0.06,0.0,36,54
2STEP-VF,9,2,0.9099458988130505,-0.1936602162617128,0.0261577222364975,-0.3176658386110265,False,4.800000000000001,1.0,0.2,0.06,0.0,36,55
2STEP-VF,9,2,0.9184099747401663,-0.1957252575379322,0.03737387963411032,-0.6711189317160832,False,4.800000000000001,1.0,0.2,0.06,0.0,36,56
2STEP-VF,9,2,0.9025388135572676,-0.19978658709431435,0.04609076258121455,-0.9412642647590753,False,4.800000000000001,1.0,0.2,0.06,0.0,36,57
2STEP-VF,9,2,0.9105694383569752,-0.19640236845042372,0.046428788315479357,-0.9597213755129043,False,4.800000000000001,1.0,0.2,0.06,0.0,36,58
2STEP-VF,9,2,0.9191446640430436,-0.1934077680661242,0.03617994596395026,-0.6384309476451278,False,4.800000000000001,1.0,0.2,0.06,0.0,36,59
2STEP-VF,9,2,0.915344938104842,-0.19868507168067884,0.03643075722439192,-0.6340193628606221,False,4.800000000000001,1.0,0.2,0.06,0.0,36,60
2STEP-VF,9,2,0.9111054582983271,-0.1907158081299982,0.035997158226269,-0.6395247962307129,False,4.800000000000001,1.0,0.2,0.06,0.0,36,61
2STEP-VF,9,2,0.9205220880443075,-0.1979732814721136,0.040008072802596925,-0.7498911288673707,False,4.800000000000001,1.0,0.2,0.06,0.0,36,62
2STEP-VF,9,2,0.9136173065499347,-0.19901649882271036,0.03813344273721133,-0.6878135320232619,False,4.800000000000001,1.0,0.2,0.06,0.0,36,63
2STEP-VF,9,2,0.9164348013026644,-0.19477826764961517,0.03150018862535037,-0.48555210557397566,False,4.800000000000001,1.0,0.2,0.06,0.0,36,64
2STEP-VF,9,2,0.9058992478081078,-0.18959996116456682,0.03647652141954148,-0.6578548237618809,False,4.800000000000001,1.0,0.2,0.06,0.0,36,65
2STEP-VF,9,2,0.9148761328925248,-0.19569763383629782,0.029610924492398227,-0.4229826945760773,False,4.800000000000001,1.0,0.2,0.06,0.0,36,66
2STEP-VF,9,2,0.9126492413742897,-0.2075875334932605,0.03890457029703324,-0.6919772146387813,False,4.800000000000001,1.0,0.2,0.06,0.0,36,67
2STEP-VF,9,2,0.9184360818369417,-0.20384120525284716,0.04066100389430585,-0.7568270671007379,False,4.800000000000001,1.0,0.2,0.06,0.0,36,68
2STEP-VF,9,2,0.9199823606055462,-0.19766934256798854,0.0424703201659248,-0.8294448815100885,False,4.800000000000001,1.0,0.2,0.06,0.0,36,69
2STEP-VF,9,2,0.9285372604498037,-0.1936961738988993,0.030591897977373265,-0.45835768229159823,False,4.800000000000001,1.0,0.2,0.06,0.0,36,70
2STEP-VF,9,2,0.9180763301969608,-0.18971359308621286,0.030726457578600104,-0.47284943929647505,False,4.800000000000001,1.0,0.2,0.06,0.0,36,71
2STEP-VF,9,2,0.9050525918976242,-0.2005447039824602,0.036882159282537685,-0.6446186519694443,False,4.800000000000001,1.0,0.2,0.06,0.0,36,72
2STEP-VF,9,2,0.9126608151757614,-0.1952631999466431,0.03385081785110612,-0.559834842452907,False,4.800000000000001,1.0,0.2,0.06,0.0,36,73
2STEP-VF,9,2,0.9188016902885748,-0.2016525531956945,0.03648620425103649,-0.6284643069461867,False,4.800000000000001,1.0,0.2,0.06,0.0,36,74
2STEP-VF,9,2,0.9058703695287755,-0.20649834187900484,0.04657702783806421,-0.9405166481367168,False,4.800000000000001,1.0,0.2,0.06,0.0,36,75
2STEP-VF,9,2,0.9172745838113783,-0.20410908249090742,0.04081968422258473,-0.761331622115851,False,4.800000000000001,1.0,0.2,0.06,0.0,36,76
2STEP-VF,9,2,0.9174789266971722,-0.1952895818759997,0.04752539908713834,-0.9970690386841977,False,4.800000000000001,1.0,0.2,0.06,0.0,36,77
2STEP-VF,9,2,0.9309635060859073,-0.19657590104495673,0.033059255311238794,-0.5302561970865911,False,4.800000000000001,1.0,0.2,0.06,0.0,36,78
2STEP-VF,9,2,0.9152449405770532,-0.20556919215207167,0.03834845735979294,-0.6788698779137792,False,4.800000000000001,1.0,0.2,0.06,0.0,36,79
2STEP-VF,9,2,0.9364403912363931,-0.1976606095137182,0.03205026542347538,-0.49503660724410514,False,4.800000000000001,1.0,0.2,0.06,0.0,36,80
2STEP-VF,9,2,0.9150573921571215,-0.19046238861646736,0.03467827675357406,-0.5976916799054212,False,4.800000000000001,1.0,0.2,0.06,0.0,36,81
2STEP-VF,9,2,0.9150592911880638,-0.19894912692268077,0.04295162333777136,-0.8420704847229661,False,4.800000000000001,1.0,0.2,0.06,0.0,36,82
2STEP-VF,9,2,0.9257879726833573,-0.19754923601665647,0.034968418921281066,-0.5893239606800174,False,4.800000000000001,1.0,0.2,0.06,0.0,36,83
2STEP-VF,9,2,0.9195763292265495,-0.19395716034872923,0.0450253417466343,-0.9201391713017547,False,4.800000000000001,1.0,0.2,0.06,0.0,36,84
2STEP-VF,9,2,0.9269865957153011,-0.19602864818025797,0.033443918198948396,-0.5441174309908117,False,4.800000000000001,1.0,0.2,0.06,0.0,36,85
2STEP-VF,9,2,0.8995400570368925,-0.19525635510611108,0.0396843218068717,-0.7473106421430146,False,4.800000000000001,1.0,0.2,0.06,0.0,36,86
2STEP-VF,9,2,0.9223691792884955,-0.20218984441772556,0.03664612956194541,-0.6320783686224024,False,4.800000000000001,1.0,0.2,0.06,0.0,36,87
2STEP-VF,9,2,0.9053773891550665,-0.19943053734735758,0.04051331552974807,-0.7634701639689764,False,4.800000000000001,1.0,0.2,0.06,0.0,36,88
2STEP-VF,9,2,0.9091196434038209,-0.2024170652477821,0.04052980268024636,-0.7566055505689775,False,4.800000000000001,1.0,0.2,0.06,0.0,36,89
2STEP-VF,9,2,0.9175241457936559,-0.19620088802212707,0.030987186686611098,-0.46565639397083103,False,4.800000000000001,1.0,0.2,0.06,0.0,36,90
2STEP-VF,9,2,0.9304619093501744,-0.20145193786701313,0.040459255108563165,-0.7553837980321796,False,4.800000000000001,1.0,0.2,0.06,0.0,36,91
2STEP-VF,9,2,0.9084587900495379,-0.1957586884964463,0.03841629767883006,-0.7049931459281187,False,4.800000000000001,1.0,0.2,0.06,0.0,36,92
2STEP-VF,9,2,0.9222364240842843,-0.19525722117242958,0.03647255198371981,-0.6431701472201462,False,4.800000000000001,1.0,0.2,0.06,0.0,36,93
2STEP-VF,9,2,0.9252834236695888,-0.19811202287233817,0.0288802537824385,-0.39318226072424534,False,4.800000000000001,1.0,0.2,0.06,0.0,36,94
2STEP-VF,9,2,0.9120783135795059,-0.20040701772687533,0.0393753424767433,-0.7243094178965146,False,4.800000000000001,1.0,0.2,0.06,0.0,36,95
2STEP-VF,9,2,0.9059794133736082,-0.1985479353164643,0.04632069349467971,-0.9513883822678201,False,4.800000000000001,1.0,0.2,0.06,0.0,36,96
2STEP-VF,9,2,0.9168984679784051,-0.1983599516309228,0.033858967422143824,-0.5524091655156836,False,4.800000000000001,1.0,0.2,0.06,0.0,36,97
2STEP-VF,9,2,0.9365494546550782,-0.19897734520864999,0.02384080000618676,-0.22916700441791193,False,4.800000000000001,1.0,0.2,0.06,0.0,36,98
2STEP-VF,9,2,0.9120549546422619,-0.19511153451050986,0.03762318618917002,-0.6809509779496816,False,4.800000000000001,1.0,0.2,0.06,0.0,36,99
2STEP-VF,9,2,2.307352771383549,-0.39803321819258425,0.06511321366449223,-0.9899019473185366,False,4.800000000000001,1.0,0.2,0.06,0.0,40,0
2STEP-VF,9,2,2.306146424299773,-0.41555549239723755,0.05843665407778645,-0.7342709632778104,False,4.800000000000001,1.0,0.2,0.06,0.0,40,1
2STEP-VF,9,2,2.3175352379914953,-0.3949295113918675,0.049757741082675534,-0.5053647730256459,False,4.800000000000001,1.0,0.2,0.06,0.0,40,2
2STEP-VF,9,2,2.321685628504803,-0.39341557049453507,0.061510939529746136,-0.8848515580547045,False,4.800000000000001,1.0,0.2,0.06,0.0,40,3
2STEP-VF,9,2,2.3054248850480197,-0.4218970208991917,0.07000186956297094,-1.0891814827541293,False,4.800000000000001,1.0,0.2,0.06,0.0,40,4
2STEP-VF,9,2,2.2927309669619507,-0.4130968002391958,0.08661528048035882,-1.6426927967796958,False,4.800000000000001,1.0,0.2,0.06,0.0,40,5
2STEP-VF,9,2,2.304971959888994,-0.39452500483672326,0.07079810581662394,-1.180381056930491,False,4.800000000000001,1.0,0.2,0.06,0.0,40,6
2STEP-VF,9,2,2.3193539131090146,-0.4012202078809274,0.061060330737929394,-0.8518408499129744,False,4.800000000000001,1.0,0.2,0.06,0.0,40,7
2STEP-VF,9,2,2.2973094997040855,-0.4074565994002457,0.06768441383052774,-1.0501668340340535,False,4.800000000000001,1.0,0.2,0.06,0.0,40,8
2STEP-VF,9,2,2.3024756038294245,-0.40415257560428103,0.0723479631687589,-1.2070201037202453,False,4.800000000000001,1.0,0.2,0.06,0.0,40,9
2STEP-VF,9,2,2.3045030030884575,-0.3970083634469209,0.054900986106124136,-0.6657413029380552,False,4.800000000000001,1.0,0.2,0.06,0.0,40,10
2STEP-VF,9,2,2.31934586573413,-0.4219393887885346,0.06108490974714063,-0.8029018268719696,False,4.800000000000001,1.0,0.2,0.06,0.0,40,11
2STEP-VF,9,2,2.316865566957934,-0.40401177904717955,0.05037996259305846,-0.5035185992471642,False,4.800000000000001,1.0,0.2,0.06,0.0,40,12
2STEP-VF,9,2,2.3206484364480495,-0.3971436076363057,0.0557047918791317,-0.6901697756181984,False,4.800000000000001,1.0,0.2,0.06,0.0,40,13
2STEP-VF,9,2,2.312609162141285,-0.40058223108104457,0.044561344436725,-0.3258091176522162,False,4.800000000000001,1.0,0.2,0.06,0.0,40,14
2STEP-VF,9,2,2.313623607517277,-0.39665787623816046,0.04990095269279743,-0.5060341667468964,False,4.800000000000001,1.0,0.2,0.06,0.0,40,15
2STEP-VF,9,2,2.30542833938394,-0.40137957885645675,0.06729728947845652,-1.0518765736920765,False,4.800000000000001,1.0,0.2,0.06,0.0,40,16
2STEP-VF,9,2,2.327658388213683,-0.3900032790994595,0.054085239247687565,-0.6550602827944789,False,4.800000000000001,1.0,0.2,0.06,0.0,40,17
2STEP-VF,9,2,2.3101904074357975,-0.41667920967531963,0.07329622970829569,-1.2068378229985477,False,4.800000000000001,1.0,0.2,0.06,0.0,40,18
2STEP-VF,9,2,2.307475574415088,-0.410929812086202,0.05689001377165858,-0.695800357221285,False,4.800000000000001,1.0,0.2,0.06,0.0,40,19
2STEP-VF,9,2,2.3123700087078887,-0.3958898860115045,0.05777986398134044,-0.7600777204528106,False,4.800000000000001,1.0,0.2,0.06,0.0,40,20
2STEP-VF,9,2,2.3362159709505192,-0.3967696611662429,0.05803449100363781,-0.7646835670603964,False,4.800000000000001,1.0,0.2,0.06,0.0,40,21
2STEP-VF,9,2,2.29941249265825,-0.4017653071984729,0.07703717450162573,-1.3629880972161939,False,4.800000000000001,1.0,0.2,0.06,0.0,40,22
2STEP-VF,9,2,2.3300288294410336,-0.41862412214556327,0.06913246475814491,-1.067739249344824,False,4.800000000000001,1.0,0.2,0.06,0.0,40,23
2STEP-VF,9,2,2.326868940971054,-0.39837776114876494,0.049047303364227954,-0.4737949444399958,False,4.800000000000001,1.0,0.2,0.06,0.0,40,24
2STEP-VF,9,2,2.3209009386728887,-0.41547864089676956,0.04937117500265493,-0.4434748056123379,False,4.800000000000001,1.0,0.2,0.06,0.0,40,25
2STEP-VF,9,2,2.3280433951105635,-0.40629542843275746,0.03734998709746676,-0.08040795517368471,False,4.800000000000001,1.0,0.2,0.06,0.0,40,26
2STEP-VF,9,2,2.3238514234871457,-0.40270916949529784,0.05170006003756441,-0.548468829004118,False,4.800000000000001,1.0,0.2,0.06,0.0,40,27
2STEP-VF,9,2,2.303305724483579,-0.39281658343928294,0.055922391108099004,-0.708558371735875,False,4.800000000000001,1.0,0.2,0.06,0.0,40,28
2STEP-VF,9,2,2.309551208077426,-0.4092527325004247,0.04693516573403028,-0.3811456730033047,False,4.800000000000001,1.0,0.2,0.06,0.0,40,29
2STEP-VF,9,2,2.3221259425928413,-0.4071845897183674,0.04613087363179285,-0.3596173843377193,False,4.800000000000001,1.0,0.2,0.06,0.0,40,30
2STEP-VF,9,2,2.320600909876775,-0.4088756024697014,0.07006851855374364,-1.1216550931999072,False,4.800000000000001,1.0,0.2,0.06,0.0,40,31
2STEP-VF,9,2,2.3062810786851204,-0.38957873791455805,0.06773344009201189,-1.0941042472283344,False,4.800000000000001,1.0,0.2,0.06,0.0,40,32
2STEP-VF,9,2,2.311083893818879,-0.40421114255789486,0.06950401901579632,-1.1153568327374024,False,4.800000000000001,1.0,0.2,0.06,0.0,40,33
2STEP-VF,9,2,2.325512797819296,-0.40202287357408495,0.0615954358826313,-0.8666682837972404,False,4.800000000000001,1.0,0.2,0.06,0.0,40,34
2STEP-VF,9,2,2.3281365818573443,-0.4043960676606354,0.04741864699624153,-0.4071579465827637,False,4.800000000000001,1.0,0.2,0.06,0.0,40,35
2STEP-VF,9,2,2.3037920991780876,-0.41552215159213995,0.061525352214291666,-0.8333305810855127,False,4.800000000000001,1.0,0.2,0.06,0.0,40,36
2STEP-VF,9,2,2.3112326716634577,-0.3972409476471337,0.05392105179295123,-0.6334214227215116,False,4.800000000000001,1.0,0.2,0.06,0.0,40,37
2STEP-VF,9,2,2.311532737852129,-0.41914655405113604,0.06965977588405314,-1.0844691342958468,False,4.800000000000001,1.0,0.2,0.06,0.0,40,38
2STEP-VF,9,2,2.2956076071620686,-0.39867515429589423,0.06810330331644575,-1.0847488793863942,False,4.800000000000001,1.0,0.2,0.06,0.0,40,39
2STEP-VF,9,2,2.313495131719088,-0.40095477938456364,0.047839968467248126,-0.42977781252584246,False,4.800000000000001,1.0,0.2,0.06,0.0,40,40
2STEP-VF,9,2,2.2996869449472745,-0.41248865622336084,0.06293798322694018,-0.8860614716291837,False,4.800000000000001,1.0,0.2,0.06,0.0,40,41
2STEP-VF,9,2,2.305227034099846,-0.4067433795596849,0.06008907565154347,-0.808352687860157,False,4.800000000000001,1.0,0.2,0.06,0.0,40,42
2STEP-VF,9,2,2.321847435804804,-0.4138922644398881,0.049278479598787915,-0.44425906635719414,False,4.800000000000001,1.0,0.2,0.06,0.0,40,43
2STEP-VF,9,2,2.3209302885970025,-0.41958274483689545,0.053159787328901274,-0.5548587896004722,False,4.800000000000001,1.0,0.2,0.06,0.0,40,44
2STEP-VF,9,2,2.3083082444573604,-0.4115610892747899,0.06952545581893058,-1.0985694772788415,False,4.800000000000001,1.0,0.2,0.06,0.0,40,45
2STEP-VF,9,2,2.3211355271010503,-0.39902536740395605,0.037896319105442396,-0.11575319797859929,False,4.800000000000001,1.0,0.2,0.06,0.0,40,46
2STEP-VF,9,2,2.326795014795804,-0.4032463200114252,0.05376305490785777,-0.6130188881362806,False,4.800000000000001,1.0,0.2,0.06,0.0,40,47
2STEP-VF,9,2,2.330105744833833,-0.4223363733125909,0.06067839830946402,-0.788295105262601,False,4.800000000000001,1.0,0.2,0.06,0.0,40,48
2STEP-VF,9,2,2.326486353942978,-0.39226181107655406,0.04359578652653705,-0.3140476410288775,False,4.800000000000001,1.0,0.2,0.06,0.0,40,49
2STEP-VF,9,2,2.313084118115217,-0.4150765518088844,0.043863298724554155,-0.2686567877574977,False,4.800000000000001,1.0,0.2,0.06,0.0,40,50
2STEP-VF,9,2,2.3258735664798604,-0.3992430436176429,0.063161195511924,-0.9234225377104341,False,4.800000000000001,1.0,0.2,0.06,0.0,40,51
2STEP-VF,9,2,2.3205266890335956,-0.4074840534182895,0.04995230459059309,-0.4812804173530689,False,4.800000000000001,1.0,0.2,0.06,0.0,40,52
2STEP-VF,9,2,2.308347484834471,-0.39721012593818344,0.06667298119955262,-1.0417302470439758,False,4.800000000000001,1.0,0.2,0.06,0.0,40,53
2STEP-VF,9,2,2.3101459733535337,-0.3986113021270409,0.05134799966743685,-0.5478601058518695,False,4.800000000000001,1.0,0.2,0.06,0.0,40,54
2STEP-VF,9,2,2.3431362412099723,-0.3987500069454374,0.037391257058083466,-0.09893203471702305,False,4.800000000000001,1.0,0.2,0.06,0.0,40,55
2STEP-VF,9,2,2.3096552074211325,-0.4001398707193057,0.05588390612717301,-0.6893699938979354,False,4.800000000000001,1.0,0.2,0.06,0.0,40,56
2STEP-VF,9,2,2.3288861152808513,-0.40331390891282065,0.0535302764018359,-0.6052822965511286,False,4.800000000000001,1.0,0.2,0.06,0.0,40,57
2STEP-VF,9,2,2.325827718770356,-0.4004958890056415,0.054511020942079956,-0.6436128734067981,False,4.800000000000001,1.0,0.2,0.06,0.0,40,58
2STEP-VF,9,2,2.3279514381338196,-0.4133891712276583,0.045364960083224576,-0.31986762542877756,False,4.800000000000001,1.0,0.2,0.06,0.0,40,59
2STEP-VF,9,2,2.325479134436653,-0.39035946184767206,0.06122994581911326,-0.8829668097110126,False,4.800000000000001,1.0,0.2,0.06,0.0,40,60
2STEP-VF,9,2,2.311096498959268,-0.40199738069690844,0.05838252477014403,-0.7647812890344732,False,4.800000000000001,1.0,0.2,0.06,0.0,40,61
2STEP-VF,9,2,2.3053493263354046,-0.3948266261176544,0.06988385489224344,-1.1503784942892958,False,4.800000000000001,1.0,0.2,0.06,0.0,40,62
2STEP-VF,9,2,2.3359715961373158,-0.40258171603214843,0.04868101456576003,-0.45143805185892627,False,4.800000000000001,1.0,0.2,0.06,0.0,40,63
2STEP-VF,9,2,2.307745015128392,-0.39770607616476755,0.06286840613661974,-0.9188297126686866,False,4.800000000000001,1.0,0.2,0.06,0.0,40,64
2STEP-VF,9,2,2.3004165629994513,-0.41037507001986406,0.06911010982247215,-1.0885983524914684,False,4.800000000000001,1.0,0.2,0.06,0.0,40,65
2STEP-VF,9,2,2.333856775704667,-0.40554980471433616,0.04082300417819988,-0.1929851958457096,False,4.800000000000001,1.0,0.2,0.06,0.0,40,66
2STEP-VF,9,2,2.318036580037624,-0.40434498592321644,0.06530137403230692,-0.980133808015845,False,4.800000000000001,1.0,0.2,0.06,0.0,40,67
2STEP-VF,9,2,2.3217587502425276,-0.40518244276180027,0.05490632766139574,-0.645259097521792,False,4.800000000000001,1.0,0.2,0.06,0.0,40,68
2STEP-VF,9,2,2.318304959606579,-0.4064295354283535,0.04552596835275108,-0.3423018046835917,False,4.800000000000001,1.0,0.2,0.06,0.0,40,69
2STEP-VF,9,2,2.3181422117304487,-0.3980802832293993,0.06007061200851157,-0.8277783718179854,False,4.800000000000001,1.0,0.2,0.06,0.0,40,70
2STEP-VF,9,2,2.3082701895058024,-0.4017294642909826,0.0747450277779404,-1.2891939632253868,False,4.800000000000001,1.0,0.2,0.06,0.0,40,71
2STEP-VF,9,2,2.317105845857185,-0.41402849462597124,0.04615101889824807,-0.34413786689017645,False,4.800000000000001,1.0,0.2,0.06,0.0,40,72
2STEP-VF,9,2,2.32411542216994,-0.40577438994925297,0.06994660669019565,-1.1249859528778576,False,4.800000000000001,1.0,0.2,0.06,0.0,40,73
2STEP-VF,9,2,2.316079115727064,-0.4097211856775087,0.05379273807754786,-0.5990720259118871,False,4.800000000000001,1.0,0.2,0.06,0.0,40,74
2STEP-VF,9,2,2.295227520216269,-0.4013818988729073,0.07710430692420407,-1.366307613066577,False,4.800000000000001,1.0,0.2,0.06,0.0,40,75
2STEP-VF,9,2,2.3233184392438644,-0.4019406937723593,0.0554089046373331,-0.6690281769863655,False,4.800000000000001,1.0,0.2,0.06,0.0,40,76
2STEP-VF,9,2,2.3056270802524557,-0.4013540215893164,0.05934863706394727,-0.7975691094168063,False,4.800000000000001,1.0,0.2,0.06,0.0,40,77
2STEP-VF,9,2,2.283963523499995,-0.3986930065902213,0.07446522537411812,-1.2889861847452497,False,4.800000000000001,1.0,0.2,0.06,0.0,40,78
2STEP-VF,9,2,2.326586059644614,-0.3977061471481371,0.05842831274998415,-0.7756160912652874,False,4.800000000000001,1.0,0.2,0.06,0.0,40,79
2STEP-VF,9,2,2.300701149078332,-0.3976295250014692,0.06888502361717769,-1.1119678268014606,False,4.800000000000001,1.0,0.2,0.06,0.0,40,80
2STEP-VF,9,2,2.340321183994675,-0.4116823031842775,0.03843783962017303,-0.10155406916359078,False,4.800000000000001,1.0,0.2,0.06,0.0,40,81
2STEP-VF,9,2,2.307100252565034,-0.3986835279199456,0.07047438109337555,-1.1599137128262464,False,4.800000000000001,1.0,0.2,0.06,0.0,40,82
2STEP-VF,9,2,2.318635350378124,-0.4013106673653749,0.05188129973173241,-0.5579378687158503,False,4.800000000000001,1.0,0.2,0.06,0.0,40,83
2STEP-VF,9,2,2.3135320655787885,-0.4118039059678189,0.060174499320970284,-0.7984426800135569,False,4.800000000000001,1.0,0.2,0.06,0.0,40,84
2STEP-VF,9,2,2.3029959791677084,-0.3885266072888845,0.06171152133533024,-0.9041250664871829,False,4.800000000000001,1.0,0.2,0.06,0.0,40,85
2STEP-VF,9,2,2.292041502050269,-0.3972959031123218,0.07398858910462108,-1.2766021937552867,False,4.800000000000001,1.0,0.2,0.06,0.0,40,86
2STEP-VF,9,2,2.3234691002821775,-0.39862767292579365,0.0651922982928339,-0.99003898433185,False,4.800000000000001,1.0,0.2,0.06,0.0,40,87
2STEP-VF,9,2,2.303917599070888,-0.40365758125224355,0.05198427521171858,-0.5564835558253571,False,4.800000000000001,1.0,0.2,0.06,0.0,40,88
2STEP-VF,9,2,2.3242199721211123,-0.4158846979061933,0.07078135507556607,-1.1274268891159842,False,4.800000000000001,1.0,0.2,0.06,0.0,40,89
2STEP-VF,9,2,2.3190479450156443,-0.40151744986745946,0.06664594117520763,-1.0298853612238033,False,4.800000000000001,1.0,0.2,0.06,0.0,40,90
2STEP-VF,9,2,2.3128121155271004,-0.3894579731520218,0.04694710617459585,-0.42883953509058936,False,4.800000000000001,1.0,0.2,0.06,0.0,40,91
2STEP-VF,9,2,2.318666224657222,-0.40649020312186446,0.06441158834899909,-0.9464743661960633,False,4.800000000000001,1.0,0.2,0.06,0.0,40,92
2STEP-VF,9,2,2.3132878220366893,-0.39461957238644857,0.06568692241122252,-1.0160972741094434,False,4.800000000000001,1.0,0.2,0.06,0.0,40,93
2STEP-VF,9,2,2.3109092718328816,-0.3886607258663244,0.06030323329782413,-0.8582631671412213,False,4.800000000000001,1.0,0.2,0.06,0.0,40,94
2STEP-VF,9,2,2.307992319512887,-0.3980100405583014,0.06980180994864342,-1.1399542818458934,False,4.800000000000001,1.0,0.2,0.06,0.0,40,95
2STEP-VF,9,2,2.3081266166162777,-0.39807021691526084,0.06500276740302675,-0.986232439303254,False,4.800000000000001,1.0,0.2,0.06,0.0,40,96
2STEP-VF,9,2,2.3082556651177057,-0.40373141004557717,0.0655771984763409,-0.9910196272264618,False,4.800000000000001,1.0,0.2,0.06,0.0,40,97
2STEP-VF,9,2,2.312879548357664,-0.3966680695456686,0.05876877294644686,-0.7898245944752358,False,4.800000000000001,1.0,0.2,0.06,0.0,40,98
2STEP-VF,9,2,2.319579858078523,-0.394285239993516,0.05936433141004814,-0.8141992376523912,False,4.800000000000001,1.0,0.2,0.06,0.0,40,99
2STEP-VF,9,2,4.651860300300887,-0.6684567460241563,0.07324463877127402,-0.4604206322047406,False,4.800000000000001,1.0,0.2,0.06,0.0,44,0
2STEP-VF,9,2,4.67026646860525,-0.6574576618902351,0.061208818629919524,-0.10056781950454585,False,4.800000000000001,1.0,0.2,0.06,0.0,44,1
2STEP-VF,9,2,4.638368758455442,-0.659916178919185,0.07804630294225465,-0.6353807392387787,False,4.800000000000001,1.0,0.2,0.06,0.0,44,2
2STEP-VF,9,2,4.641507788380895,-0.6535906415821715,0.06456967672393588,-0.2191216480658833,False,4.800000000000001,1.0,0.2,0.06,0.0,44,3
2STEP-VF,9,2,4.648765123186715,-0.6658233778007834,0.08351132877784698,-0.7954605067780207,False,4.800000000000001,1.0,0.2,0.06,0.0,44,4
2STEP-VF,9,2,4.675728383174033,-0.6598682415636811,0.07824932300040399,-0.6397508532696516,False,4.800000000000001,1.0,0.2,0.06,0.0,44,5
2STEP-VF,9,2,4.657506050226797,-0.6646588852881924,0.06262561658915747,-0.12938804314776986,False,4.800000000000001,1.0,0.2,0.06,0.0,44,6
2STEP-VF,9,2,4.6719629063327925,-0.6872665061056246,0.052878422842015625,0.23764785808896582,False,4.800000000000001,1.0,0.2,0.06,0.0,44,7
2STEP-VF,9,2,4.640222067451274,-0.6604939827574562,0.09368023852384585,-1.1341687500980964,False,4.800000000000001,1.0,0.2,0.06,0.0,44,8
2STEP-VF,9,2,4.669262738221812,-0.6720495687146283,0.07609769842665541,-0.5420516204445569,False,4.800000000000001,1.0,0.2,0.06,0.0,44,9
2STEP-VF,9,2,4.636152655169844,-0.649544811810617,0.07415379558272861,-0.5358447509916449,False,4.800000000000001,1.0,0.2,0.06,0.0,44,10
2STEP-VF,9,2,4.633647616559961,-0.6610765521321401,0.09050719092433854,-1.0316275274680997,False,4.800000000000001,1.0,0.2,0.06,0.0,44,11
2STEP-VF,9,2,4.664650969682524,-0.6785298695109911,0.06281320331295275,-0.10167176100715825,False,4.800000000000001,1.0,0.2,0.06,0.0,44,12
2STEP-VF,9,2,4.675858960269964,-0.6618782962627507,0.0592749981789281,-0.02774049307890003,False,4.800000000000001,1.0,0.2,0.06,0.0,44,13
2STEP-VF,9,2,4.658372784346365,-0.6668972920220793,0.075469303594814,-0.5349618471202766,False,4.800000000000001,1.0,0.2,0.06,0.0,44,14
2STEP-VF,9,2,4.64693545139194,-0.6577956468842416,0.0715939747620596,-0.4334815127802114,False,4.800000000000001,1.0,0.2,0.06,0.0,44,15
2STEP-VF,9,2,4.677567173494169,-0.6889020694110459,0.08038266383569612,-0.6382262457461159,False,4.800000000000001,1.0,0.2,0.06,0.0,44,16
2STEP-VF,9,2,4.678501021070912,-0.6540018071356494,0.0796558737878283,-0.698673562820693,False,4.800000000000001,1.0,0.2,0.06,0.0,44,17
2STEP-VF,9,2,4.681444005284424,-0.6825036218924354,0.06023449606712195,-0.008608541288992688,False,4.800000000000001,1.0,0.2,0.06,0.0,44,18
2STEP-VF,9,2,4.64520297499719,-0.6715219333777159,0.11512519446256915,-1.7936414041958642,False,4.800000000000001,1.0,0.2,0.06,0.0,44,19
2STEP-VF,9,2,4.636984143490773,-0.6811767647506822,0.1001139271999924,-1.2906023863886742,False,4.800000000000001,1.0,0.2,0.06,0.0,44,20
2STEP-VF,9,2,4.6463464880950225,-0.670253557703212,0.0997469925816355,-1.3045144348389266,False,4.800000000000001,1.0,0.2,0.06,0.0,44,21
2STEP-VF,9,2,4.674306654421531,-0.6442091607486319,0.08439593305274266,-0.8741094726257574,False,4.800000000000001,1.0,0.2,0.06,0.0,44,22
2STEP-VF,9,2,4.666064371134293,-0.6378728534810162,0.07026676083972423,-0.4376776362486794,False,4.800000000000001,1.0,0.2,0.06,0.0,44,23
2STEP-VF,9,2,4.6735724432892685,-0.6625969532199197,0.07362513568247725,-0.4853573075141091,False,4.800000000000001,1.0,0.2,0.06,0.0,44,24
2STEP-VF,9,2,4.661614969984256,-0.6558920800161434,0.08168337596299541,-0.7600301405780541,False,4.800000000000001,1.0,0.2,0.06,0.0,44,25
2STEP-VF,9,2,4.64215952433134,-0.6565865482027572,0.0872467898531155,-0.9375599881531989,False,4.800000000000001,1.0,0.2,0.06,0.0,44,26
2STEP-VF,9,2,4.679126376988539,-0.6760889144480223,0.06293227846010226,-0.11047193342870676,False,4.800000000000001,1.0,0.2,0.06,0.0,44,27
2STEP-VF,9,2,4.663371923072541,-0.6713343751101997,0.0687197336515388,-0.30802666120041033,False,4.800000000000001,1.0,0.2,0.06,0.0,44,28
2STEP-VF,9,2,4.639197447269719,-0.6786081147125166,0.08245004551765603,-0.7313901344187703,False,4.800000000000001,1.0,0.2,0.06,0.0,44,29
2STEP-VF,9,2,4.6231743389574556,-0.663955853797107,0.08905677332973808,-0.9789322371011149,False,4.800000000000001,1.0,0.2,0.06,0.0,44,30
2STEP-VF,9,2,4.661753504447504,-0.657281485085931,0.08530130809411292,-0.8724610845385292,False,4.800000000000001,1.0,0.2,0.06,0.0,44,31
2STEP-VF,9,2,4.652283000619525,-0.6546365843411054,0.09133890491649249,-1.072580174871936,False,4.800000000000001,1.0,0.2,0.06,0.0,44,32
2STEP-VF,9,2,4.643795742864126,-0.6563451344531926,0.06727579412538226,-0.2989693447527231,False,4.800000000000001,1.0,0.2,0.06,0.0,44,33
2STEP-VF,9,2,4.671801617298665,-0.6705223244947414,0.07620363860251975,-0.5489547594553332,False,4.800000000000001,1.0,0.2,0.06,0.0,44,34
2STEP-VF,9,2,4.661618835836432,-0.6725003317354462,0.08668839554318629,-0.880330731066705,False,4.800000000000001,1.0,0.2,0.06,0.0,44,35
2STEP-VF,9,2,4.632726175369664,-0.6615783884909737,0.07847721675549596,-0.6455192332753543,False,4.800000000000001,1.0,0.2,0.06,0.0,44,36
2STEP-VF,9,2,4.6586540643818175,-0.6820852361532053,0.0826012924093552,-0.726717546468765,False,4.800000000000001,1.0,0.2,0.06,0.0,44,37
2STEP-VF,9,2,4.6504414231268525,-0.6658972153237201,0.08676204482075084,-0.8992056320994877,False,4.800000000000001,1.0,0.2,0.06,0.0,44,38
2STEP-VF,9,2,4.653220216933966,-0.6629338366586731,0.08423330979299229,-0.8252314923789004,False,4.800000000000001,1.0,0.2,0.06,0.0,44,39
2STEP-VF,9,2,4.6686659585734835,-0.6630296038754472,0.07321500472406017,-0.471489144354444,False,4.800000000000001,1.0,0.2,0.06,0.0,44,40
2STEP-VF,9,2,4.633062785824721,-0.6817028420426201,0.0988335223407921,-1.2486021268535765,False,4.800000000000001,1.0,0.2,0.06,0.0,44,41
2STEP-VF,9,2,4.66668949534603,-0.6639401305899324,0.06271102248299237,-0.13329503631915696,False,4.800000000000001,1.0,0.2,0.06,0.0,44,42
2STEP-VF,9,2,4.666899170799018,-0.6599652141670522,0.06553050683231523,-0.23304575438522157,False,4.800000000000001,1.0,0.2,0.06,0.0,44,43
2STEP-VF,9,2,4.6337708369960335,-0.6823511261429293,0.1046928947383747,-1.434503678665199,False,4.800000000000001,1.0,0.2,0.06,0.0,44,44
2STEP-VF,9,2,4.665416713305952,-0.6795455377658597,0.08508435372511046,-0.811865025767115,False,4.800000000000001,1.0,0.2,0.06,0.0,44,45
2STEP-VF,9,2,4.66424579716975,-0.6702931262045317,0.07534651732358996,-0.5225303036338182,False,4.800000000000001,1.0,0.2,0.06,0.0,44,46
2STEP-VF,9,2,4.657005699625969,-0.6668382651839578,0.0779804281953502,-0.61554152383215,False,4.800000000000001,1.0,0.2,0.06,0.0,44,47
2STEP-VF,9,2,4.655861836953131,-0.6895578069912697,0.07713253249466974,-0.5339505928331971,False,4.800000000000001,1.0,0.2,0.06,0.0,44,48
2STEP-VF,9,2,4.657769757439977,-0.6465495532909449,0.07938136595308855,-0.7090185971541678,False,4.800000000000001,1.0,0.2,0.06,0.0,44,49
2STEP-VF,9,2,4.65452888509028,-0.6502776400979977,0.06694698647748579,-0.3023654979389343,False,4.800000000000001,1.0,0.2,0.06,0.0,44,50
2STEP-VF,9,2,4.660135315916898,-0.6604775213124348,0.06719294219733467,-0.2854199802098525,False,4.800000000000001,1.0,0.2,0.06,0.0,44,51
2STEP-VF,9,2,4.66091438383606,-0.636866781126236,0.08276577941022305,-0.8403698033940081,False,4.800000000000001,1.0,0.2,0.06,0.0,44,52
2STEP-VF,9,2,4.668953554683499,-0.6387714425773732,0.05617632667937017,0.0155462217268596,False,4.800000000000001,1.0,0.2,0.06,0.0,44,53
2STEP-VF,9,2,4.661179973280531,-0.672383574785321,0.0848654168824535,-0.8223019623569103,False,4.800000000000001,1.0,0.2,0.06,0.0,44,54
2STEP-VF,9,2,4.653757586136196,-0.6731832503036286,0.07809111274470469,-0.6040503519336702,False,4.800000000000001,1.0,0.2,0.06,0.0,44,55
2STEP-VF,9,2,4.634919885761625,-0.6617463819084143,0.08802909357541688,-0.9506444846874491,False,4.800000000000001,1.0,0.2,0.06,0.0,44,56
2STEP-VF,9,2,4.662367382932226,-0.6674041445553515,0.09735238522298968,-1.2337643372268936,False,4.800000000000001,1.0,0.2,0.06,0.0,44,57
2STEP-VF,9,2,4.638740875910135,-0.6708536710974438,0.07156198905567883,-0.4016103865932499,False,4.800000000000001,1.0,0.2,0.06,0.0,44,58
2STEP-VF,9,2,4.657703456342592,-0.652782945971824,0.07910921920151691,-0.6853537367356086,False,4.800000000000001,1.0,0.2,0.06,0.0,44,59
2STEP-VF,9,2,4.6263098212250116,-0.6770300204818834,0.08161873772999625,-0.7093489689298595,False,4.800000000000001,1.0,0.2,0.06,0.0,44,60
2STEP-VF,9,2,4.667957901369608,-0.6664462751636249,0.05967927405411419,-0.030188235256778384,False,4.800000000000001,1.0,0.2,0.06,0.0,44,61
2STEP-VF,9,2,4.63431669905605,-0.6722403955106699,0.073351195897602,-0.4558023175542938,False,4.800000000000001,1.0,0.2,0.06,0.0,44,62
2STEP-VF,9,2,4.646017981613634,-0.6525516103133355,0.07916014370377779,-0.6882396548720664,False,4.800000000000001,1.0,0.2,0.06,0.0,44,63
2STEP-VF,9,2,4.690257943417569,-0.6634184896141417,0.04094290644807034,0.5634468453407431,False,4.800000000000001,1.0,0.2,0.06,0.0,44,64
2STEP-VF,9,2,4.660195126572595,-0.6600195263812557,0.07119582501334173,-0.4146078295175666,False,4.800000000000001,1.0,0.2,0.06,0.0,44,65
2STEP-VF,9,2,4.649491915253909,-0.6966314608242147,0.061495193821008126,-0.016961181378910783,False,4.800000000000001,1.0,0.2,0.06,0.0,44,66
2STEP-VF,9,2,4.630308752894866,-0.6701848333375859,0.09588228159736346,-1.1819708859317335,False,4.800000000000001,1.0,0.2,0.06,0.0,44,67
2STEP-VF,9,2,4.666211669533402,-0.6607023045795911,0.0699281161875162,-0.37204148683749594,False,4.800000000000001,1.0,0.2,0.06,0.0,44,68
2STEP-VF,9,2,4.663679587891444,-0.676553984365959,0.08400827773976625,-0.7847145499207322,False,4.800000000000001,1.0,0.2,0.06,0.0,44,69
2STEP-VF,9,2,4.644191935897617,-0.6638116590924302,0.09384117166136778,-1.1311179951880803,False,4.800000000000001,1.0,0.2,0.06,0.0,44,70
2STEP-VF,9,2,4.665298062474206,-0.6524838121479706,0.06554280708091469,-0.2514907936856887,False,4.800000000000001,1.0,0.2,0.06,0.0,44,71
2STEP-VF,9,2,4.643548247653567,-0.6533611572493229,0.08293905516095765,-0.8073700928930565,False,4.800000000000001,1.0,0.2,0.06,0.0,44,72
2STEP-VF,9,2,4.641187802661045,-0.6571521459660008,0.09271783487697645,-1.1113342975851823,False,4.800000000000001,1.0,0.2,0.06,0.0,44,73
2STEP-VF,9,2,4.68146898747239,-0.654972153190761,0.04699975668715591,0.34882909291718,False,4.800000000000001,1.0,0.2,0.06,0.0,44,74
2STEP-VF,9,2,4.656816782368278,-0.6495291192545588,0.07216910039875687,-0.4711323196071826,False,4.800000000000001,1.0,0.2,0.06,0.0,44,75
2STEP-VF,9,2,4.690113471502254,-0.6732891103394509,0.04717951281416028,0.387556263051688,False,4.800000000000001,1.0,0.2,0.06,0.0,44,76
2STEP-VF,9,2,4.671058487867914,-0.6618082100392331,0.09566523712399876,-1.1926843746017268,False,4.800000000000001,1.0,0.2,0.06,0.0,44,77
2STEP-VF,9,2,4.636940076509817,-0.6718026818343319,0.07790307455970565,-0.6023555449175955,False,4.800000000000001,1.0,0.2,0.06,0.0,44,78
2STEP-VF,9,2,4.645512473964592,-0.6497651461124566,0.07744854246378263,-0.6401862597332733,False,4.800000000000001,1.0,0.2,0.06,0.0,44,79
2STEP-VF,9,2,4.666352380967259,-0.6590023167150365,0.08274523665477468,-0.7862608699786668,False,4.800000000000001,1.0,0.2,0.06,0.0,44,80
2STEP-VF,9,2,4.632455518263166,-0.6852184240464029,0.09833108444221642,-1.2241231533437693,False,4.800000000000001,1.0,0.2,0.06,0.0,44,81
2STEP-VF,9,2,4.6734823097156895,-0.6778820681197585,0.06964747621317328,-0.32139333675118387,False,4.800000000000001,1.0,0.2,0.06,0.0,44,82
2STEP-VF,9,2,4.65533436039856,-0.6513399952996983,0.05614766963291398,0.04581062208994169,False,4.800000000000001,1.0,0.2,0.06,0.0,44,83
2STEP-VF,9,2,4.669488600325532,-0.6678141304230216,0.06636034797425659,-0.24060790614142746,False,4.800000000000001,1.0,0.2,0.06,0.0,44,84
2STEP-VF,9,2,4.649265114252836,-0.6808591427953989,0.07842428752609915,-0.5965593512710456,False,4.800000000000001,1.0,0.2,0.06,0.0,44,85
2STEP-VF,9,2,4.645021782731852,-0.6888987677748868,0.07763811490866841,-0.5523613274537504,False,4.800000000000001,1.0,0.2,0.06,0.0,44,86
2STEP-VF,9,2,4.675325130810005,-0.6606856677758596,0.06749061945124696,-0.29353471192923997,False,4.800000000000001,1.0,0.2,0.06,0.0,44,87
2STEP-VF,9,2,4.67375022528986,-0.6639734463256198,0.08134820840104935,-0.7291813841347006,False,4.800000000000001,1.0,0.2,0.06,0.0,44,88
2STEP-VF,9,2,4.646707965553616,-0.6459723234831569,0.07515947197095167,-0.5759670487776605,False,4.800000000000001,1.0,0.2,0.06,0.0,44,89
2STEP-VF,9,2,4.660317895688716,-0.6859987435418642,0.0714592873671126,-0.36068113750580677,False,4.800000000000001,1.0,0.2,0.06,0.0,44,90
2STEP-VF,9,2,4.65373481547889,-0.6504521591786637,0.08179728183591117,-0.7772037477916316,False,4.800000000000001,1.0,0.2,0.06,0.0,44,91
2STEP-VF,9,2,4.661608368558582,-0.6636841495911535,0.06929974190949585,-0.3450532799715844,False,4.800000000000001,1.0,0.2,0.06,0.0,44,92
2STEP-VF,9,2,4.645295422165147,-0.668697346354795,0.08255358066991214,-0.7581232248557719,False,4.800000000000001,1.0,0.2,0.06,0.0,44,93
2STEP-VF,9,2,4.648452120396783,-0.6518459501108892,0.09351575460038428,-1.1491667397223564,False,4.800000000000001,1.0,0.2,0.06,0.0,44,94
2STEP-VF,9,2,4.673709001265528,-0.6708979146083354,0.05084097655613579,0.2636662853395908,False,4.800000000000001,1.0,0.2,0.06,0.0,44,95
2STEP-VF,9,2,4.65123317113748,-0.6601628835262464,0.08565322551882688,-0.8774383058712205,False,4.800000000000001,1.0,0.2,0.06,0.0,44,96
2STEP-VF,9,2,4.646143947411087,-0.6813078901607709,0.07830526943571128,-0.5918610487122464,False,4.800000000000001,1.0,0.2,0.06,0.0,44,97
2STEP-VF,9,2,4.640195783339071,-0.6740349407118456,0.07489216339602583,-0.5004536239640536,False,4.800000000000001,1.0,0.2,0.06,0.0,44,98
2STEP-VF,9,2,4.654424755994072,-0.6697113872323854,0.056754232018574005,0.07043739012300065,False,4.800000000000001,1.0,0.2,0.06,0.0,44,99
2STEP-VF,9,2,3.4422917753725684,-0.29233194288551273,0.015843236872224813,-1.119800150197192,False,9.600000000000001,1.0,0.4,0.06,0.0,36,0
2STEP-VF,9,2,3.423531248041731,-0.26727203675806277,0.024493183246061628,-2.288262692394035,False,9.600000000000001,1.0,0.4,0.06,0.0,36,1
2STEP-VF,9,2,3.4567686797832806,-0.30886529542275837,0.022680908982308966,-1.9544735199339311,False,9.600000000000001,1.0,0.4,0.06,0.0,36,2
2STEP-VF,9,2,3.4373472469530193,-0.27789192773608773,0.026996799133782952,-2.582408827740427,False,9.600000000000001,1.0,0.4,0.06,0.0,36,3
2STEP-VF,9,2,3.4426564173481555,-0.2835935930107112,0.023115462388644276,-2.0715951774798715,False,9.600000000000001,1.0,0.4,0.06,0.0,36,4
2STEP-VF,9,2,3.4342373696782906,-0.28406020847937746,0.02409108826476753,-2.1958605553590416,False,9.600000000000001,1.0,0.4,0.06,0.0,36,5
2STEP-VF,9,2,3.431109941471832,-0.29076197159502043,0.020448316170045375,-1.7136891414494495,False,9.600000000000001,1.0,0.4,0.06,0.0,36,6
2STEP-VF,9,2,3.447956636432982,-0.2900055972646057,0.025367090818838253,-2.3440967931902645,False,9.600000000000001,1.0,0.4,0.06,0.0,36,7
2STEP-VF,9,2,3.452460049193084,-0.2959595820416257,0.019649910396532976,-1.5977379309047346,False,9.600000000000001,1.0,0.4,0.06,0.0,36,8
2STEP-VF,9,2,3.4459049242605864,-0.28834262597615723,0.024213319323625013,-2.20052827562559,False,9.600000000000001,1.0,0.4,0.06,0.0,36,9
2STEP-VF,9,2,3.437335140503038,-0.2854972906832472,0.023172736876805208,-2.0746767141610913,False,9.600000000000001,1.0,0.4,0.06,0.0,36,10
2STEP-VF,9,2,3.4301888522391932,-0.27960095646334043,0.02169647317783403,-1.9002949401163876,False,9.600000000000001,1.0,0.4,0.06,0.0,36,11
2STEP-VF,9,2,3.4229726708306503,-0.27646105622687644,0.02931217313752458,-2.883073266408805,False,9.600000000000001,1.0,0.4,0.06,0.0,36,12
2STEP-VF,9,2,3.4411627362619335,-0.29090442038729997,0.02087792841435919,-1.7677344639327408,False,9.600000000000001,1.0,0.4,0.06,0.0,36,13
2STEP-VF,9,2,3.4406150510579008,-0.29119769667035067,0.01985085590520472,-1.635598180793889,False,9.600000000000001,1.0,0.4,0.06,0.0,36,14
2STEP-VF,9,2,3.425874749183175,-0.29233468434768917,0.02174776336893945,-1.8765579838388058,False,9.600000000000001,1.0,0.4,0.06,0.0,36,15
2STEP-VF,9,2,3.4486461844496477,-0.2849560030899851,0.023071169698624543,-2.0622965429409987,False,9.600000000000001,1.0,0.4,0.06,0.0,36,16
2STEP-VF,9,2,3.438434120973458,-0.284682156047411,0.021972427076943746,-1.9229274440766062,False,9.600000000000001,1.0,0.4,0.06,0.0,36,17
2STEP-VF,9,2,3.4139083150160046,-0.282857033945623,0.022456404779021062,-1.990728431344241,False,9.600000000000001,1.0,0.4,0.06,0.0,36,18
2STEP-VF,9,2,3.432857904709014,-0.2844289830620962,0.019347801983862777,-1.5879176203028642,False,9.600000000000001,1.0,0.4,0.06,0.0,36,19
2STEP-VF,9,2,3.445198919408826,-0.29165352747402523,0.027538005816585893,-2.618184343420805,False,9.600000000000001,1.0,0.4,0.06,0.0,36,20
2STEP-VF,9,2,3.4324452101625513,-0.28861854988486185,0.027997839108525494,-2.685092173557843,False,9.600000000000001,1.0,0.4,0.06,0.0,36,21
2STEP-VF,9,2,3.4209973804049403,-0.28459715614905906,0.023901874086412093,-2.1711468654787107,False,9.600000000000001,1.0,0.4,0.06,0.0,36,22
2STEP-VF,9,2,3.4415753071198614,-0.2858819323757572,0.023444929493928405,-2.108339819093828,False,9.600000000000001,1.0,0.4,0.06,0.0,36,23
2STEP-VF,9,2,3.4373506058333363,-0.2743103114529536,0.026136517604423454,-2.4808884695291145,False,9.600000000000001,1.0,0.4,0.06,0.0,36,24
2STEP-VF,9,2,3.4383664457474254,-0.2873247343631134,0.02470636449250798,-2.266533305824705,False,9.600000000000001,1.0,0.4,0.06,0.0,36,25
2STEP-VF,9,2,3.4564431109770757,-0.27131550921779457,0.018059309427530316,-1.4530477979425493,False,9.600000000000001,1.0,0.4,0.06,0.0,36,26
2STEP-VF,9,2,3.4260424199035397,-0.2844560717926895,0.02320002895662033,-2.081346588950735,False,9.600000000000001,1.0,0.4,0.06,0.0,36,27
2STEP-VF,9,2,3.4134195087843184,-0.2915054087899777,0.029100755404856758,-2.8204785401986605,False,9.600000000000001,1.0,0.4,0.06,0.0,36,28
2STEP-VF,9,2,3.4251031232725837,-0.2810960827481333,0.024834707246828285,-2.2987057416021464,False,9.600000000000001,1.0,0.4,0.06,0.0,36,29
2STEP-VF,9,2,3.4147434419998506,-0.2853425484199139,0.02569508884550452,-2.3992646494967946,False,9.600000000000001,1.0,0.4,0.06,0.0,36,30
2STEP-VF,9,2,3.4626329568415297,-0.2916331698846282,0.01766262329042832,-1.3531381960412259,False,9.600000000000001,1.0,0.4,0.06,0.0,36,31
2STEP-VF,9,2,3.435531739527943,-0.28720296627964864,0.017561978885256298,-1.3525142738699731,False,9.600000000000001,1.0,0.4,0.06,0.0,36,32
2STEP-VF,9,2,3.4452496724409816,-0.2875866208800851,0.020636238020332293,-1.744515596143871,False,9.600000000000001,1.0,0.4,0.06,0.0,36,33
2STEP-VF,9,2,3.4116173610084863,-0.28449956700953133,0.026618242121190457,-2.519638989028995,False,9.600000000000001,1.0,0.4,0.06,0.0,36,34
2STEP-VF,9,2,3.4432682470774276,-0.29485236158052486,0.018727567808578278,-1.4828869168801146,False,9.600000000000001,1.0,0.4,0.06,0.0,36,35
2STEP-VF,9,2,3.438831097799111,-0.29444692800477273,0.021707437244852162,-1.865549474261676,False,9.600000000000001,1.0,0.4,0.06,0.0,36,36
2STEP-VF,9,2,3.424285054028636,-0.30064038380686114,0.02375245154062776,-2.113319772822169,False,9.600000000000001,1.0,0.4,0.06,0.0,36,37
2STEP-VF,9,2,3.4201827549169033,-0.2788302595801311,0.029544584569280698,-2.9073032365806015,False,9.600000000000001,1.0,0.4,0.06,0.0,36,38
2STEP-VF,9,2,3.4556943275163343,-0.29056172582312073,0.019027827830831262,-1.530872160719932,False,9.600000000000001,1.0,0.4,0.06,0.0,36,39
2STEP-VF,9,2,3.406741099523236,-0.28873096276280863,0.03176788021686402,-3.1689298911564605,False,9.600000000000001,1.0,0.4,0.06,0.0,36,40
2STEP-VF,9,2,3.3987396524501396,-0.28855713602083516,0.025861456220281142,-2.4138048905989744,False,9.600000000000001,1.0,0.4,0.06,0.0,36,41
2STEP-VF,9,2,3.433170378437747,-0.2983000989162978,0.023648563084356488,-2.1051056146922518,False,9.600000000000001,1.0,0.4,0.06,0.0,36,42
2STEP-VF,9,2,3.4149730331127777,-0.2890020598321228,0.024332149894648023,-2.2160118609310864,False,9.600000000000001,1.0,0.4,0.06,0.0,36,43
2STEP-VF,9,2,3.4479314753749013,-0.2745922560560661,0.015143409135840391,-1.0724590663305178,False,9.600000000000001,1.0,0.4,0.06,0.0,36,44
2STEP-VF,9,2,3.433017228875465,-0.2734729245868206,0.023731579279222186,-2.1753260949995434,False,9.600000000000001,1.0,0.4,0.06,0.0,36,45
2STEP-VF,9,2,3.4382188657377353,-0.2893229371712645,0.02658442572188449,-2.502138311245917,False,9.600000000000001,1.0,0.4,0.06,0.0,36,46
2STEP-VF,9,2,3.4489614411442355,-0.288376211119512,0.018294618248999143,-1.4426705427164077,False,9.600000000000001,1.0,0.4,0.06,0.0,36,47
2STEP-VF,9,2,3.41126885495694,-0.29179027336286445,0.026256244847521218,-2.4558265531144254,False,9.600000000000001,1.0,0.4,0.06,0.0,36,48
2STEP-VF,9,2,3.437368675285223,-0.28331638272038123,0.02090543205489484,-1.7896938639805118,False,9.600000000000001,1.0,0.4,0.06,0.0,36,49
2STEP-VF,9,2,3.4417658440796273,-0.28724057491155724,0.022166640545602308,-1.9414466594045807,False,9.600000000000001,1.0,0.4,0.06,0.0,36,50
2STEP-VF,9,2,3.481743874919203,-0.28984287231277406,0.015873583724711836,-1.1272911907173055,False,9.600000000000001,1.0,0.4,0.06,0.0,36,51
2STEP-VF,9,2,3.425553921971275,-0.2819946412926284,0.029802251565959646,-2.9323678260222508,False,9.600000000000001,1.0,0.4,0.06,0.0,36,52
2STEP-VF,9,2,3.399121636383744,-0.28019119817915794,0.026254133452640504,-2.4841229081249816,False,9.600000000000001,1.0,0.4,0.06,0.0,36,53
2STEP-VF,9,2,3.43223945593216,-0.28734996522042433,0.024835181940532865,-2.2833290045032597,False,9.600000000000001,1.0,0.4,0.06,0.0,36,54
2STEP-VF,9,2,3.423801663805513,-0.28890411214659917,0.027345481831116392,-2.6014237054027305,False,9.600000000000001,1.0,0.4,0.06,0.0,36,55
2STEP-VF,9,2,3.4422341569068866,-0.29460210387782043,0.024707655495504566,-2.249000804703403,False,9.600000000000001,1.0,0.4,0.06,0.0,36,56
2STEP-VF,9,2,3.44208851481743,-0.2895903574613963,0.021358919522153734,-1.8323995300392815,False,9.600000000000001,1.0,0.4,0.06,0.0,36,57
2STEP-VF,9,2,3.441380725442873,-0.288686134244468,0.020040592518983158,-1.665866276716549,False,9.600000000000001,1.0,0.4,0.06,0.0,36,58
2STEP-VF,9,2,3.4229965777184286,-0.29106160373573237,0.029418632669014004,-2.86165733800493,False,9.600000000000001,1.0,0.4,0.06,0.0,36,59
2STEP-VF,9,2,3.454172551997245,-0.28867022952789095,0.0236711757477042,-2.1298515917193654,False,9.600000000000001,1.0,0.4,0.06,0.0,36,60
2STEP-VF,9,2,3.4512745481471407,-0.2948635088499232,0.023282847067852743,-2.065455530556507,False,9.600000000000001,1.0,0.4,0.06,0.0,36,61
2STEP-VF,9,2,3.4132233113068806,-0.28270199659253464,0.02535593585398968,-2.362281598810184,False,9.600000000000001,1.0,0.4,0.06,0.0,36,62
2STEP-VF,9,2,3.4414672820245684,-0.28929001169370583,0.019963669928565006,-1.6545656858699531,False,9.600000000000001,1.0,0.4,0.06,0.0,36,63
2STEP-VF,9,2,3.4381013079603164,-0.27677187540358034,0.022869316174333052,-2.0567338908684194,False,9.600000000000001,1.0,0.4,0.06,0.0,36,64
2STEP-VF,9,2,3.477866304080023,-0.2923578745456621,0.01810052283086464,-1.4065360451962838,False,9.600000000000001,1.0,0.4,0.06,0.0,36,65
2STEP-VF,9,2,3.4332210789226862,-0.27881003522728875,0.024610115934791867,-2.274957490372506,False,9.600000000000001,1.0,0.4,0.06,0.0,36,66
2STEP-VF,9,2,3.4012536159973537,-0.28791892438950617,0.030545819638166563,-3.014784278190665,False,9.600000000000001,1.0,0.4,0.06,0.0,36,67
2STEP-VF,9,2,3.4629977681251254,-0.2927733708393482,0.019526943241198004,-1.589012778771402,False,9.600000000000001,1.0,0.4,0.06,0.0,36,68
2STEP-VF,9,2,3.4424830700494233,-0.2808965756042828,0.022489738478462147,-1.997985759589911,False,9.600000000000001,1.0,0.4,0.06,0.0,36,69
2STEP-VF,9,2,3.4612903616991324,-0.2888925684550858,0.019142606243747688,-1.5492340132055507,False,9.600000000000001,1.0,0.4,0.06,0.0,36,70
2STEP-VF,9,2,3.432344873609703,-0.29745490587650036,0.02638685296493467,-2.4576847129914556,False,9.600000000000001,1.0,0.4,0.06,0.0,36,71
2STEP-VF,9,2,3.4335517591770848,-0.2936616354523443,0.021885794505612188,-1.8905806660821092,False,9.600000000000001,1.0,0.4,0.06,0.0,36,72
2STEP-VF,9,2,3.4523122265828237,-0.2806481095181379,0.022379695123065035,-1.9839067793138248,False,9.600000000000001,1.0,0.4,0.06,0.0,36,73
2STEP-VF,9,2,3.417528901483458,-0.28443568498425204,0.02895606810189869,-2.8186793389918208,False,9.600000000000001,1.0,0.4,0.06,0.0,36,74
2STEP-VF,9,2,3.4364716100023314,-0.28137729414352375,0.02303107557795069,-2.0664838714330918,False,9.600000000000001,1.0,0.4,0.06,0.0,36,75
2STEP-VF,9,2,3.431302256347468,-0.2914371914130091,0.0217483427675721,-1.8784604794771593,False,9.600000000000001,1.0,0.4,0.06,0.0,36,76
2STEP-VF,9,2,3.4722347014566775,-0.2899139030736752,0.023693314807060283,-2.128616845839496,False,9.600000000000001,1.0,0.4,0.06,0.0,36,77
2STEP-VF,9,2,3.4044675410972833,-0.27664114497200243,0.0213034610669251,-1.8586362161677705,False,9.600000000000001,1.0,0.4,0.06,0.0,36,78
2STEP-VF,9,2,3.476390134848908,-0.27926882207189285,0.02277552015832734,-2.036437999202423,False,9.600000000000001,1.0,0.4,0.06,0.0,36,79
2STEP-VF,9,2,3.4695979567482214,-0.28523945467410117,0.01761559346111261,-1.3620453943996784,False,9.600000000000001,1.0,0.4,0.06,0.0,36,80
2STEP-VF,9,2,3.4499811150859845,-0.2771808794983029,0.018752873558486493,-1.5281348377851856,False,9.600000000000001,1.0,0.4,0.06,0.0,36,81
2STEP-VF,9,2,3.4188790626191365,-0.28113458192462,0.029494265777846383,-2.895410279188102,False,9.600000000000001,1.0,0.4,0.06,0.0,36,82
2STEP-VF,9,2,3.4412499138672388,-0.2832459595768726,0.025742189129321455,-2.4087349107366185,False,9.600000000000001,1.0,0.4,0.06,0.0,36,83
2STEP-VF,9,2,3.4473318012863827,-0.2823684868196453,0.018015336193526472,-1.4214387563270572,False,9.600000000000001,1.0,0.4,0.06,0.0,36,84
2STEP-VF,9,2,3.4681165928348445,-0.28047794071943316,0.01544709505477688,-1.095994113714711,False,9.600000000000001,1.0,0.4,0.06,0.0,36,85
2STEP-VF,9,2,3.439002578587217,-0.288266577738115,0.02343649114070302,-2.101690924723278,False,9.600000000000001,1.0,0.4,0.06,0.0,36,86
2STEP-VF,9,2,3.4295789297562513,-0.28207219473766204,0.01901690256467044,-1.551415525122053,False,9.600000000000001,1.0,0.4,0.06,0.0,36,87
2STEP-VF,9,2,3.4262578602162823,-0.2824275541176351,0.022869831090627228,-2.0439367781049844,False,9.600000000000001,1.0,0.4,0.06,0.0,36,88
2STEP-VF,9,2,3.444143093555005,-0.29747418381805635,0.017713051939736067,-1.3466840215095814,False,9.600000000000001,1.0,0.4,0.06,0.0,36,89
2STEP-VF,9,2,3.4431517367339373,-0.283859773206938,0.026369869544467073,-2.487490741791099,False,9.600000000000001,1.0,0.4,0.06,0.0,36,90
2STEP-VF,9,2,3.413969395782588,-0.2994767391766919,0.025020688618947497,-2.2790658054542647,False,9.600000000000001,1.0,0.4,0.06,0.0,36,91
2STEP-VF,9,2,3.4441977913189112,-0.2799493281827228,0.02309594699119611,-2.0777509597554333,False,9.600000000000001,1.0,0.4,0.06,0.0,36,92
2STEP-VF,9,2,3.41081432278142,-0.28878848222108755,0.020818259967142212,-1.7669960590967082,False,9.600000000000001,1.0,0.4,0.06,0.0,36,93
2STEP-VF,9,2,3.4730370726690207,-0.2928464232306859,0.019796448057737052,-1.6227317112765558,False,9.600000000000001,1.0,0.4,0.06,0.0,36,94
2STEP-VF,9,2,3.453833422536635,-0.28554645544136475,0.015099343996252968,-1.040174533108907,False,9.600000000000001,1.0,0.4,0.06,0.0,36,95
2STEP-VF,9,2,3.471712298175142,-0.302826156119996,0.02086433003562862,-1.7355487319819647,False,9.600000000000001,1.0,0.4,0.06,0.0,36,96
2STEP-VF,9,2,3.4585481051179077,-0.29080420059337153,0.019800802258410105,-1.6290597213453277,False,9.600000000000001,1.0,0.4,0.06,0.0,36,97
2STEP-VF,9,2,3.4304821950284103,-0.2903021973101574,0.027597457271093744,-2.629920325453918,False,9.600000000000001,1.0,0.4,0.06,0.0,36,98
2STEP-VF,9,2,3.4279030619131166,-0.28531185193004344,0.032432501713629616,-3.2609375909977008,False,9.600000000000001,1.0,0.4,0.06,0.0,36,99
2STEP-VF,9,2,5.316983022787673,-0.39498506181866905,0.02575318219319409,-2.029424190996778,False,9.600000000000001,1.0,0.4,0.06,0.0,40,0
2STEP-VF,9,2,5.308831464034727,-0.39716339530619016,0.02668067123473314,-2.1434038814689025,False,9.600000000000001,1.0,0.4,0.06,0.0,40,1
2STEP-VF,9,2,5.323249119771877,-0.3921650627420064,0.027725495834504704,-2.288272369049475,False,9.600000000000001,1.0,0.4,0.06,0.0,40,2
2STEP-VF,9,2,5.330432546105124,-0.39274556083461126,0.0321227420203421,-2.849295679834415,False,9.600000000000001,1.0,0.4,0.06,0.0,40,3
2STEP-VF,9,2,5.324364930448595,-0.36464985594743166,0.02085971013843301,-1.4754213476186744,False,9.600000000000001,1.0,0.4,0.06,0.0,40,4
2STEP-VF,9,2,5.297169400735734,-0.39006493352870364,0.032955280675351216,-2.9642899219319236,False,9.600000000000001,1.0,0.4,0.06,0.0,40,5
2STEP-VF,9,2,5.2829687998885735,-0.39946508784588236,0.026162473267285515,-2.0731022393891148,False,9.600000000000001,1.0,0.4,0.06,0.0,40,6
2STEP-VF,9,2,5.327909501842923,-0.38979373276412266,0.02981127529215906,-2.560663708651891,False,9.600000000000001,1.0,0.4,0.06,0.0,40,7
2STEP-VF,9,2,5.287104027822438,-0.3887066814117696,0.03350893980916232,-3.039022018515185,False,9.600000000000001,1.0,0.4,0.06,0.0,40,8
2STEP-VF,9,2,5.307501216392523,-0.38063993062940366,0.033123635654190776,-3.0078394572423,False,9.600000000000001,1.0,0.4,0.06,0.0,40,9
2STEP-VF,9,2,5.3276449565595625,-0.38300523424212896,0.020639099201620822,-1.4029334382327825,False,9.600000000000001,1.0,0.4,0.06,0.0,40,10
2STEP-VF,9,2,5.371713117033489,-0.37709168534142623,0.02205191027032871,-1.595321682760643,False,9.600000000000001,1.0,0.4,0.06,0.0,40,11
2STEP-VF,9,2,5.2947323654225995,-0.3913274134938037,0.02984665490085204,-2.563502092998577,False,9.600000000000001,1.0,0.4,0.06,0.0,40,12
2STEP-VF,9,2,5.360496370776114,-0.3896656231572305,0.021863153546002607,-1.5416563760644142,False,9.600000000000001,1.0,0.4,0.06,0.0,40,13
2STEP-VF,9,2,5.309819105131898,-0.39161995362453345,0.021673789796560556,-1.5157680589529576,False,9.600000000000001,1.0,0.4,0.06,0.0,40,14
2STEP-VF,9,2,5.279903315474369,-0.39016707093365177,0.03749945701392753,-3.5467353286134986,False,9.600000000000001,1.0,0.4,0.06,0.0,40,15
2STEP-VF,9,2,5.327145386711609,-0.3847089785638476,0.023775070516507218,-1.800278754356994,False,9.600000000000001,1.0,0.4,0.06,0.0,40,16
2STEP-VF,9,2,5.335027758760243,-0.3927835426846534,0.022186077809127572,-1.5770357915995472,False,9.600000000000001,1.0,0.4,0.06,0.0,40,17
2STEP-VF,9,2,5.325026604803599,-0.3973348578744518,0.022715154310158893,-1.6344344965134385,False,9.600000000000001,1.0,0.4,0.06,0.0,40,18
2STEP-VF,9,2,5.30692227648786,-0.39821474383779704,0.0285464157286446,-2.3798104914665252,False,9.600000000000001,1.0,0.4,0.06,0.0,40,19
2STEP-VF,9,2,5.318523107374285,-0.38438235203513127,0.029336614038815333,-2.513457565641591,False,9.600000000000001,1.0,0.4,0.06,0.0,40,20
2STEP-VF,9,2,5.330477484039476,-0.3912331760749836,0.025267666544236473,-1.9754730460399403,False,9.600000000000001,1.0,0.4,0.06,0.0,40,21
2STEP-VF,9,2,5.278233504374415,-0.38323965504829827,0.02753176208627612,-2.2875963646649637,False,9.600000000000001,1.0,0.4,0.06,0.0,40,22
2STEP-VF,9,2,5.309072965440757,-0.38181204993939283,0.02641095270173562,-2.145708648041172,False,9.600000000000001,1.0,0.4,0.06,0.0,40,23
2STEP-VF,9,2,5.302157643309738,-0.38374938002843545,0.02955236861805749,-2.54357521244453,False,9.600000000000001,1.0,0.4,0.06,0.0,40,24
2STEP-VF,9,2,5.30437651431879,-0.38589567367424465,0.02100424472671027,-1.4441311173416005,False,9.600000000000001,1.0,0.4,0.06,0.0,40,25
2STEP-VF,9,2,5.323537993127348,-0.37763450212023925,0.02679501909678102,-2.2040273597117563,False,9.600000000000001,1.0,0.4,0.06,0.0,40,26
2STEP-VF,9,2,5.322231241044705,-0.4084403073097714,0.024267709620970055,-1.8066762194780344,False,9.600000000000001,1.0,0.4,0.06,0.0,40,27
2STEP-VF,9,2,5.33327670271737,-0.3862255708048169,0.023893269185689542,-1.8114004836736595,False,9.600000000000001,1.0,0.4,0.06,0.0,40,28
2STEP-VF,9,2,5.282811994203398,-0.38927906372845456,0.029086370244121734,-2.4718169186470877,False,9.600000000000001,1.0,0.4,0.06,0.0,40,29
2STEP-VF,9,2,5.3065852588893625,-0.38616447763894074,0.028150114302356092,-2.358024768834761,False,9.600000000000001,1.0,0.4,0.06,0.0,40,30
2STEP-VF,9,2,5.347236662057987,-0.40628502606836986,0.02547445363857387,-1.9648118034498891,False,9.600000000000001,1.0,0.4,0.06,0.0,40,31
2STEP-VF,9,2,5.31700502603493,-0.38621596916616596,0.03655694178376046,-3.433349920760446,False,9.600000000000001,1.0,0.4,0.06,0.0,40,32
2STEP-VF,9,2,5.31562785135372,-0.3966507681854269,0.02830995008957321,-2.3527740967391244,False,9.600000000000001,1.0,0.4,0.06,0.0,40,33
2STEP-VF,9,2,5.326138144003396,-0.3823504333110984,0.026497913799828146,-2.1545236377911636,False,9.600000000000001,1.0,0.4,0.06,0.0,40,34
2STEP-VF,9,2,5.346517947195129,-0.3770301452822996,0.01945439821467412,-1.2644995459690611,False,9.600000000000001,1.0,0.4,0.06,0.0,40,35
2STEP-VF,9,2,5.3585089647338195,-0.3828095056586292,0.02698736532727618,-2.214129410426613,False,9.600000000000001,1.0,0.4,0.06,0.0,40,36
2STEP-VF,9,2,5.326732703086569,-0.3932388040573974,0.0320417097567696,-2.837961756943562,False,9.600000000000001,1.0,0.4,0.06,0.0,40,37
2STEP-VF,9,2,5.299510835258057,-0.38638982873336736,0.025701474701448096,-2.0444825227097922,False,9.600000000000001,1.0,0.4,0.06,0.0,40,38
2STEP-VF,9,2,5.2988228601427725,-0.3949090415285315,0.02628828649019857,-2.0991895994683762,False,9.600000000000001,1.0,0.4,0.06,0.0,40,39
2STEP-VF,9,2,5.322259315151756,-0.3987209607474701,0.023847132803212427,-1.776167134108158,False,9.600000000000001,1.0,0.4,0.06,0.0,40,40
2STEP-VF,9,2,5.249563195763299,-0.37446308563924546,0.031679703980322486,-2.8413169122012922,False,9.600000000000001,1.0,0.4,0.06,0.0,40,41
2STEP-VF,9,2,5.338301078482075,-0.3896304103410223,0.019581012241305245,-1.2509585173596938,False,9.600000000000001,1.0,0.4,0.06,0.0,40,42
2STEP-VF,9,2,5.301081612893748,-0.40171442289036574,0.03665857232713284,-3.410117746162502,False,9.600000000000001,1.0,0.4,0.06,0.0,40,43
2STEP-VF,9,2,5.2864784951084625,-0.3935102866285,0.025282579600944224,-1.9745567913059539,False,9.600000000000001,1.0,0.4,0.06,0.0,40,44
2STEP-VF,9,2,5.302249860516778,-0.39432645900756336,0.02690648297728923,-2.179511327843864,False,9.600000000000001,1.0,0.4,0.06,0.0,40,45
2STEP-VF,9,2,5.273998046041935,-0.37435741739716083,0.02908268397914053,-2.507685864814287,False,9.600000000000001,1.0,0.4,0.06,0.0,40,46
2STEP-VF,9,2,5.305051326952157,-0.38868580798043884,0.0320671124232394,-2.853441371404461,False,9.600000000000001,1.0,0.4,0.06,0.0,40,47
2STEP-VF,9,2,5.342204908005802,-0.3965946210059175,0.024863539119834358,-1.9101736224442487,False,9.600000000000001,1.0,0.4,0.06,0.0,40,48
2STEP-VF,9,2,5.313133345698167,-0.40305036078658896,0.02225819416376124,-1.5629399863317357,False,9.600000000000001,1.0,0.4,0.06,0.0,40,49
2STEP-VF,9,2,5.3185162031856255,-0.39148209940604206,0.018895305049780185,-1.1599310356062256,False,9.600000000000001,1.0,0.4,0.06,0.0,40,50
2STEP-VF,9,2,5.297538724621389,-0.382453234102554,0.026860785119761067,-2.2024404100060044,False,9.600000000000001,1.0,0.4,0.06,0.0,40,51
2STEP-VF,9,2,5.2861110401577385,-0.3728265705610554,0.03204142628969526,-2.889352133324997,False,9.600000000000001,1.0,0.4,0.06,0.0,40,52
2STEP-VF,9,2,5.3141208350543065,-0.3891322453599194,0.028563713433365397,-2.4033906805037066,False,9.600000000000001,1.0,0.4,0.06,0.0,40,53
2STEP-VF,9,2,5.309981236312959,-0.3876856279233433,0.0278704081031143,-2.31836785600383,False,9.600000000000001,1.0,0.4,0.06,0.0,40,54
2STEP-VF,9,2,5.344517163508838,-0.4040317519129938,0.01992865703341342,-1.2605208658752027,False,9.600000000000001,1.0,0.4,0.06,0.0,40,55
2STEP-VF,9,2,5.3035311646482475,-0.38061538393560296,0.027844462179677523,-2.332402367674382,False,9.600000000000001,1.0,0.4,0.06,0.0,40,56
2STEP-VF,9,2,5.33529295306389,-0.39073357883689896,0.030455849035452825,-2.6404705101455717,False,9.600000000000001,1.0,0.4,0.06,0.0,40,57
2STEP-VF,9,2,5.330794054118381,-0.37213488233925623,0.024851763198930753,-1.9680543286018195,False,9.600000000000001,1.0,0.4,0.06,0.0,40,58
2STEP-VF,9,2,5.3371450894818135,-0.4034218583855224,0.026175668762750664,-2.0620444361379233,False,9.600000000000001,1.0,0.4,0.06,0.0,40,59
2STEP-VF,9,2,5.304872036112419,-0.4158265274414099,0.03395118948234546,-3.0294762657140915,False,9.600000000000001,1.0,0.4,0.06,0.0,40,60
2STEP-VF,9,2,5.344206372560391,-0.3997856057945556,0.028639406975077976,-2.385706256549425,False,9.600000000000001,1.0,0.4,0.06,0.0,40,61
2STEP-VF,9,2,5.298222338475964,-0.4098357797567347,0.026922019638690863,-2.1445193020277102,False,9.600000000000001,1.0,0.4,0.06,0.0,40,62
2STEP-VF,9,2,5.296496710037003,-0.39377857231014973,0.02984135965738426,-2.5568356599986064,False,9.600000000000001,1.0,0.4,0.06,0.0,40,63
2STEP-VF,9,2,5.303622777412813,-0.3815201859263202,0.03161961549436866,-2.8134449704112523,False,9.600000000000001,1.0,0.4,0.06,0.0,40,64
2STEP-VF,9,2,5.342002116828746,-0.39780284780656766,0.024188605252907447,-1.820894510626667,False,9.600000000000001,1.0,0.4,0.06,0.0,40,65
2STEP-VF,9,2,5.321541227055014,-0.3839097858457641,0.028290719758726688,-2.3805361694638822,False,9.600000000000001,1.0,0.4,0.06,0.0,40,66
2STEP-VF,9,2,5.29953336804457,-0.39138558403012996,0.02604706263606972,-2.076726613661939,False,9.600000000000001,1.0,0.4,0.06,0.0,40,67
2STEP-VF,9,2,5.306584977493297,-0.4000274000978435,0.027931685149664726,-2.2967948402726637,False,9.600000000000001,1.0,0.4,0.06,0.0,40,68
2STEP-VF,9,2,5.334042513005837,-0.38434619170110856,0.03345455572335558,-3.0397097217265046,False,9.600000000000001,1.0,0.4,0.06,0.0,40,69
2STEP-VF,9,2,5.332040530231088,-0.3956335875153336,0.017272952905009627,-0.9414949299905668,False,9.600000000000001,1.0,0.4,0.06,0.0,40,70
2STEP-VF,9,2,5.315602090900402,-0.3802799290275291,0.027705844043376365,-2.3147400824320816,False,9.600000000000001,1.0,0.4,0.06,0.0,40,71
2STEP-VF,9,2,5.339048429845811,-0.3846882235083658,0.02357979495803064,-1.774619112417096,False,9.600000000000001,1.0,0.4,0.06,0.0,40,72
2STEP-VF,9,2,5.322692028003596,-0.3932936924902187,0.01928123156465851,-1.2047312566195492,False,9.600000000000001,1.0,0.4,0.06,0.0,40,73
2STEP-VF,9,2,5.336033486024785,-0.39238395504867185,0.028269332491327646,-2.35659105761164,False,9.600000000000001,1.0,0.4,0.06,0.0,40,74
2STEP-VF,9,2,5.355154586099681,-0.3961114907599521,0.020927352010499146,-1.4067242043540253,False,9.600000000000001,1.0,0.4,0.06,0.0,40,75
2STEP-VF,9,2,5.289074782014374,-0.40801145389444016,0.02944076524165852,-2.4718459746647725,False,9.600000000000001,1.0,0.4,0.06,0.0,40,76
2STEP-VF,9,2,5.304173368377941,-0.38704791343870587,0.029969244718512374,-2.5888979296140144,False,9.600000000000001,1.0,0.4,0.06,0.0,40,77
2STEP-VF,9,2,5.297820311524684,-0.38315652829367164,0.02366974228164336,-1.7922821254540577,False,9.600000000000001,1.0,0.4,0.06,0.0,40,78
2STEP-VF,9,2,5.343289546311822,-0.39849965853781755,0.01948889718661568,-1.217582286617336,False,9.600000000000001,1.0,0.4,0.06,0.0,40,79
2STEP-VF,9,2,5.344881410432626,-0.39180073739114785,0.027805146533996954,-2.298044101986899,False,9.600000000000001,1.0,0.4,0.06,0.0,40,80
2STEP-VF,9,2,5.325040195329677,-0.41075639821968357,0.031556505181362327,-2.7339148957673576,False,9.600000000000001,1.0,0.4,0.06,0.0,40,81
2STEP-VF,9,2,5.286499411501321,-0.37637573490612497,0.031101998152457885,-2.760564035049831,False,9.600000000000001,1.0,0.4,0.06,0.0,40,82
2STEP-VF,9,2,5.321873395505679,-0.3765222533650839,0.026139155689057798,-2.122846116392857,False,9.600000000000001,1.0,0.4,0.06,0.0,40,83
2STEP-VF,9,2,5.27324602227735,-0.39535710246671024,0.02949611507807921,-2.510250922737394,False,9.600000000000001,1.0,0.4,0.06,0.0,40,84
2STEP-VF,9,2,5.284698608112644,-0.38234768181835754,0.0306477161114726,-2.688191309417677,False,9.600000000000001,1.0,0.4,0.06,0.0,40,85
2STEP-VF,9,2,5.306461166842398,-0.3935315885870339,0.02952300165760119,-2.516080729553528,False,9.600000000000001,1.0,0.4,0.06,0.0,40,86
2STEP-VF,9,2,5.367602804520738,-0.38110150779911117,0.02447573846156028,-1.8961947360906057,False,9.600000000000001,1.0,0.4,0.06,0.0,40,87
2STEP-VF,9,2,5.311956787991388,-0.37926333512787885,0.023462145492128498,-1.774205211406056,False,9.600000000000001,1.0,0.4,0.06,0.0,40,88
2STEP-VF,9,2,5.313046915759182,-0.4018447497086013,0.03007802227421291,-2.566776636853059,False,9.600000000000001,1.0,0.4,0.06,0.0,40,89
2STEP-VF,9,2,5.322771338213079,-0.3940871079996818,0.026082762626317323,-2.0734182766765974,False,9.600000000000001,1.0,0.4,0.06,0.0,40,90
2STEP-VF,9,2,5.298036227961843,-0.39667363537948513,0.034545384329625936,-3.151910295603646,False,9.600000000000001,1.0,0.4,0.06,0.0,40,91
2STEP-VF,9,2,5.334578824030565,-0.3880799928598937,0.023546405027733554,-1.7624731312443171,False,9.600000000000001,1.0,0.4,0.06,0.0,40,92
2STEP-VF,9,2,5.317955640690958,-0.39772043842237736,0.02305604031679396,-1.677566769894464,False,9.600000000000001,1.0,0.4,0.06,0.0,40,93
2STEP-VF,9,2,5.306943867507158,-0.3769653329181138,0.026489139681235375,-2.1674764481442264,False,9.600000000000001,1.0,0.4,0.06,0.0,40,94
2STEP-VF,9,2,5.310034347193535,-0.40031839577847017,0.02971937593002631,-2.5247139083434282,False,9.600000000000001,1.0,0.4,0.06,0.0,40,95
2STEP-VF,9,2,5.299684352855554,-0.4047713705463104,0.02567100126474921,-1.9964558114054218,False,9.600000000000001,1.0,0.4,0.06,0.0,40,96
2STEP-VF,9,2,5.342930953501223,-0.3775815550781453,0.019877096721623008,-1.3174967909701234,False,9.600000000000001,1.0,0.4,0.06,0.0,40,97
2STEP-VF,9,2,5.316424391174459,-0.39113628612358126,0.018828024161578322,-1.1522745425149632,False,9.600000000000001,1.0,0.4,0.06,0.0,40,98
2STEP-VF,9,2,5.314502688208274,-0.38912456623261915,0.020722564665830966,-1.3997191569755816,False,9.600000000000001,1.0,0.4,0.06,0.0,40,99
2STEP-VF,9,2,7.588948386762599,-0.4881808310657445,0.02660194311311805,-1.7780778207155685,False,9.600000000000001,1.0,0.4,0.06,0.0,44,0
2STEP-VF,9,2,7.625446520724784,-0.49989374628630534,0.03249658005416249,-2.50229046460218,False,9.600000000000001,1.0,0.4,0.06,0.0,44,1
2STEP-VF,9,2,7.6022916528047,-0.4993198968901181,0.028641706697913952,-2.0116332056284216,False,9.600000000000001,1.0,0.4,0.06,0.0,44,2
2STEP-VF,9,2,7.622063479000252,-0.4952574140987008,0.026292683125968015,-1.7195218375470098,False,9.600000000000001,1.0,0.4,0.06,0.0,44,3
2STEP-VF,9,2,7.661857456256355,-0.5034436481044547,0.016664188432685446,-0.46503991655766486,False,9.600000000000001,1.0,0.4,0.06,0.0,44,4
2STEP-VF,9,2,7.588413039355739,-0.4839958470312779,0.03243329692462826,-2.5345671911160075,False,9.600000000000001,1.0,0.4,0.06,0.0,44,5
2STEP-VF,9,2,7.618693513918384,-0.5074071375782665,0.031120398380775998,-2.308512251716386,False,9.600000000000001,1.0,0.4,0.06,0.0,44,6
2STEP-VF,9,2,7.657744733337266,-0.4863942942414589,0.01214904981640286,0.07173261368017059,False,9.600000000000001,1.0,0.4,0.06,0.0,44,7
2STEP-VF,9,2,7.576256493312095,-0.5189959189100319,0.04189508907767257,-3.662405806959288,False,9.600000000000001,1.0,0.4,0.06,0.0,44,8
2STEP-VF,9,2,7.592520021056985,-0.5166845036935166,0.02659605049633822,-1.7087004534034342,False,9.600000000000001,1.0,0.4,0.06,0.0,44,9
2STEP-VF,9,2,7.617116965287547,-0.4991520167600082,0.03253967215600159,-2.510086177826932,False,9.600000000000001,1.0,0.4,0.06,0.0,44,10
2STEP-VF,9,2,7.600038652743284,-0.49771758047546266,0.03411114761644959,-2.715702382599841,False,9.600000000000001,1.0,0.4,0.06,0.0,44,11
2STEP-VF,9,2,7.572157042660651,-0.5090003233008401,0.04033610582274935,-3.4870913468302627,False,9.600000000000001,1.0,0.4,0.06,0.0,44,12
2STEP-VF,9,2,7.602053989039971,-0.49012810624326125,0.025594719800349868,-1.6436934401185588,False,9.600000000000001,1.0,0.4,0.06,0.0,44,13
2STEP-VF,9,2,7.658034508898563,-0.4914047007934855,0.023383956538887404,-1.3542930845393093,False,9.600000000000001,1.0,0.4,0.06,0.0,44,14
2STEP-VF,9,2,7.569127906683915,-0.4749867771065034,0.03448774531122545,-2.8203154603802156,False,9.600000000000001,1.0,0.4,0.06,0.0,44,15
2STEP-VF,9,2,7.654899963456782,-0.48488418956422713,0.01820651538813512,-0.7074179169197439,False,9.600000000000001,1.0,0.4,0.06,0.0,44,16
2STEP-VF,9,2,7.550865624024057,-0.4854315758733858,0.03382750542509801,-2.7118329748749774,False,9.600000000000001,1.0,0.4,0.06,0.0,44,17
2STEP-VF,9,2,7.613303654512792,-0.49079975861568204,0.029697121163069693,-2.1665138689245174,False,9.600000000000001,1.0,0.4,0.06,0.0,44,18
2STEP-VF,9,2,7.604207676273615,-0.500316933706593,0.03401225122622135,-2.6965550554840934,False,9.600000000000001,1.0,0.4,0.06,0.0,44,19
2STEP-VF,9,2,7.588722833634417,-0.5002328754125457,0.03308670279269891,-2.5792156864572866,False,9.600000000000001,1.0,0.4,0.06,0.0,44,20
2STEP-VF,9,2,7.614712885194168,-0.49532586082121377,0.024872110441399264,-1.5379652974165436,False,9.600000000000001,1.0,0.4,0.06,0.0,44,21
2STEP-VF,9,2,7.623230771919752,-0.4944091729180471,0.032826598276856286,-2.5578287181191075,False,9.600000000000001,1.0,0.4,0.06,0.0,44,22
2STEP-VF,9,2,7.63353835958477,-0.5059507055285996,0.03203166567789704,-2.4277592119270968,False,9.600000000000001,1.0,0.4,0.06,0.0,44,23
2STEP-VF,9,2,7.638560262886816,-0.49860776345859936,0.028130548510109057,-1.9457379612201127,False,9.600000000000001,1.0,0.4,0.06,0.0,44,24
2STEP-VF,9,2,7.616157415787649,-0.4872519481597941,0.03477642127804407,-2.8250078030588766,False,9.600000000000001,1.0,0.4,0.06,0.0,44,25
2STEP-VF,9,2,7.6630537023706005,-0.5039937016789737,0.028150895064140095,-1.9339464620381601,False,9.600000000000001,1.0,0.4,0.06,0.0,44,26
2STEP-VF,9,2,7.663065636584788,-0.48910497737141573,0.02311285777318124,-1.324809911080714,False,9.600000000000001,1.0,0.4,0.06,0.0,44,27
2STEP-VF,9,2,7.681335117824198,-0.48358301042436724,0.019241835214513836,-0.8414755753698382,False,9.600000000000001,1.0,0.4,0.06,0.0,44,28
2STEP-VF,9,2,7.60970240287648,-0.5153942670889908,0.03380255040853061,-2.6331980671057527,False,9.600000000000001,1.0,0.4,0.06,0.0,44,29
2STEP-VF,9,2,7.681676183082725,-0.5004282983028155,0.0206758493750798,-0.9845802330984941,False,9.600000000000001,1.0,0.4,0.06,0.0,44,30
2STEP-VF,9,2,7.59691686677232,-0.5026545118673403,0.028699420962455466,-2.011340042706345,False,9.600000000000001,1.0,0.4,0.06,0.0,44,31
2STEP-VF,9,2,7.61326639743204,-0.49432810527513443,0.03474987940034143,-2.804801126737459,False,9.600000000000001,1.0,0.4,0.06,0.0,44,32
2STEP-VF,9,2,7.636223379261716,-0.5009167736574254,0.03379553815794907,-2.6654552246839582,False,9.600000000000001,1.0,0.4,0.06,0.0,44,33
2STEP-VF,9,2,7.578888822854546,-0.5005094809819993,0.036331526356258415,-2.9944792898730066,False,9.600000000000001,1.0,0.4,0.06,0.0,44,34
2STEP-VF,9,2,7.678323479853095,-0.4942917392829887,0.021863820636668845,-1.1515694584232543,False,9.600000000000001,1.0,0.4,0.06,0.0,44,35
2STEP-VF,9,2,7.625900125629509,-0.5015713996292873,0.03610318494613323,-2.9598823064569943,False,9.600000000000001,1.0,0.4,0.06,0.0,44,36
2STEP-VF,9,2,7.609883777879684,-0.4973408094559961,0.03133045596790646,-2.3600873945248564,False,9.600000000000001,1.0,0.4,0.06,0.0,44,37
2STEP-VF,9,2,7.5829830136610825,-0.48212696591743825,0.03875744623948901,-3.348869419633078,False,9.600000000000001,1.0,0.4,0.06,0.0,44,38
2STEP-VF,9,2,7.633554226893111,-0.49437678743747276,0.026623590670257238,-1.7633020623294062,False,9.600000000000001,1.0,0.4,0.06,0.0,44,39
2STEP-VF,9,2,7.657913202718337,-0.5108119386403619,0.03003393006221611,-2.158919603063694,False,9.600000000000001,1.0,0.4,0.06,0.0,44,40
2STEP-VF,9,2,7.615573371488223,-0.49556017602998825,0.029628915748094054,-2.1462223909947746,False,9.600000000000001,1.0,0.4,0.06,0.0,44,41
2STEP-VF,9,2,7.652236209958795,-0.5044032073669925,0.02528435308560778,-1.566695324679487,False,9.600000000000001,1.0,0.4,0.06,0.0,44,42
2STEP-VF,9,2,7.588435240855395,-0.5170641460100843,0.032711534012825554,-2.490816288766146,False,9.600000000000001,1.0,0.4,0.06,0.0,44,43
2STEP-VF,9,2,7.583587005034667,-0.511767257759738,0.03765939167133658,-3.1371454950056314,False,9.600000000000001,1.0,0.4,0.06,0.0,44,44
2STEP-VF,9,2,7.574607621022917,-0.49640431781732014,0.037575415823245396,-3.163806405352468,False,9.600000000000001,1.0,0.4,0.06,0.0,44,45
2STEP-VF,9,2,7.5967555831326115,-0.5165696000749072,0.03231713307291335,-2.4410206581651757,False,9.600000000000001,1.0,0.4,0.06,0.0,44,46
2STEP-VF,9,2,7.608735031089112,-0.504945806099913,0.028958485493976758,-2.0382921067238877,False,9.600000000000001,1.0,0.4,0.06,0.0,44,47
2STEP-VF,9,2,7.623527195304837,-0.5043677160333938,0.016449010970956395,-0.43757925408398357,False,9.600000000000001,1.0,0.4,0.06,0.0,44,48
2STEP-VF,9,2,7.584295993434121,-0.5019107162009205,0.027950969416291584,-1.918080606797067,False,9.600000000000001,1.0,0.4,0.06,0.0,44,49
2STEP-VF,9,2,7.605157724989501,-0.49214360873226937,0.02272461158829672,-1.271296158845164,False,9.600000000000001,1.0,0.4,0.06,0.0,44,50
2STEP-VF,9,2,7.595832653526184,-0.5017994191531872,0.02681770904643816,-1.7725981927648653,False,9.600000000000001,1.0,0.4,0.06,0.0,44,51
2STEP-VF,9,2,7.64484247468848,-0.4921854895857777,0.020629167591035218,-1.000597728165333,False,9.600000000000001,1.0,0.4,0.06,0.0,44,52
2STEP-VF,9,2,7.576817128482099,-0.500971981710225,0.031891864663607654,-2.425216893128315,False,9.600000000000001,1.0,0.4,0.06,0.0,44,53
2STEP-VF,9,2,7.659771273676292,-0.4932462306306398,0.014655287778745389,-0.23249960574529704,False,9.600000000000001,1.0,0.4,0.06,0.0,44,54
2STEP-VF,9,2,7.598607132645327,-0.5000224463129516,0.030678979380617838,-2.2709390616092806,False,9.600000000000001,1.0,0.4,0.06,0.0,44,55
2STEP-VF,9,2,7.590272235887405,-0.48867186020953046,0.026176192077857298,-1.7223237873096178,False,9.600000000000001,1.0,0.4,0.06,0.0,44,56
2STEP-VF,9,2,7.624897212439787,-0.5038123182303482,0.030659356552478093,-2.257754242217974,False,9.600000000000001,1.0,0.4,0.06,0.0,44,57
2STEP-VF,9,2,7.615522053370977,-0.4798421485571061,0.0246444248100195,-1.5459338959431839,False,9.600000000000001,1.0,0.4,0.06,0.0,44,58
2STEP-VF,9,2,7.565246005413688,-0.5065526336086188,0.03399119924693018,-2.6812324226215574,False,9.600000000000001,1.0,0.4,0.06,0.0,44,59
2STEP-VF,9,2,7.597649690094854,-0.5011745203319458,0.016876177931675455,-0.5014729450520976,False,9.600000000000001,1.0,0.4,0.06,0.0,44,60
2STEP-VF,9,2,7.602142443058524,-0.5155437549179585,0.036402535052409334,-2.9660909283217842,False,9.600000000000001,1.0,0.4,0.06,0.0,44,61
2STEP-VF,9,2,7.610370628680847,-0.5190209844934941,0.034203921214916874,-2.6758293150041244,False,9.600000000000001,1.0,0.4,0.06,0.0,44,62
2STEP-VF,9,2,7.598564628385024,-0.49164770550545744,0.026298427037201606,-1.7303302898456072,False,9.600000000000001,1.0,0.4,0.06,0.0,44,63
2STEP-VF,9,2,7.579571048252459,-0.500649311401457,0.035728479477957556,-2.9169127629199236,False,9.600000000000001,1.0,0.4,0.06,0.0,44,64
2STEP-VF,9,2,7.655353989599568,-0.4953716857426789,0.012202079419954909,0.08634711940417472,False,9.600000000000001,1.0,0.4,0.06,0.0,44,65
2STEP-VF,9,2,7.623503703717939,-0.49519431515204265,0.03426473776874537,-2.7400098558114294,False,9.600000000000001,1.0,0.4,0.06,0.0,44,66
2STEP-VF,9,2,7.594018406495871,-0.4839034554710536,0.02625638404868647,-1.7438077607115878,False,9.600000000000001,1.0,0.4,0.06,0.0,44,67
2STEP-VF,9,2,7.599326108057757,-0.4893975958952387,0.02729428079535206,-1.8631541451730262,False,9.600000000000001,1.0,0.4,0.06,0.0,44,68
2STEP-VF,9,2,7.619744336614013,-0.5025654813226519,0.026804908763897226,-1.7676865064076406,False,9.600000000000001,1.0,0.4,0.06,0.0,44,69
2STEP-VF,9,2,7.579894167869861,-0.5110289851781851,0.03184924578086049,-2.395440245450308,False,9.600000000000001,1.0,0.4,0.06,0.0,44,70
2STEP-VF,9,2,7.63043022972178,-0.504416584214774,0.019958300419436886,-0.8862368377891574,False,9.600000000000001,1.0,0.4,0.06,0.0,44,71
2STEP-VF,9,2,7.633174060186771,-0.4759616752380262,0.02347891385002529,-1.4050025086207691,False,9.600000000000001,1.0,0.4,0.06,0.0,44,72
2STEP-VF,9,2,7.587153145168608,-0.5081421131464456,0.03115609375821333,-2.3132097407897216,False,9.600000000000001,1.0,0.4,0.06,0.0,44,73
2STEP-VF,9,2,7.6189193157540185,-0.4956995503286404,0.02672629926875988,-1.7741522266672878,False,9.600000000000001,1.0,0.4,0.06,0.0,44,74
2STEP-VF,9,2,7.5979478178780875,-0.49420469876125067,0.03368139738443785,-2.669250719108359,False,9.600000000000001,1.0,0.4,0.06,0.0,44,75
2STEP-VF,9,2,7.591497627001484,-0.490584655863762,0.029001970836396395,-2.079359235365622,False,9.600000000000001,1.0,0.4,0.06,0.0,44,76
2STEP-VF,9,2,7.609330122905368,-0.49512777692377696,0.02813259535531936,-1.9561057334894925,False,9.600000000000001,1.0,0.4,0.06,0.0,44,77
2STEP-VF,9,2,7.6079821755642785,-0.48473394677395637,0.033476896069207056,-2.6652022940671523,False,9.600000000000001,1.0,0.4,0.06,0.0,44,78
2STEP-VF,9,2,7.661111623840535,-0.4970893805226785,0.029769058272186642,-2.1577582481550306,False,9.600000000000001,1.0,0.4,0.06,0.0,44,79
2STEP-VF,9,2,7.611804702449531,-0.49562955027647215,0.030113323498885895,-2.2082862050468908,False,9.600000000000001,1.0,0.4,0.06,0.0,44,80
2STEP-VF,9,2,7.596463242327862,-0.4836746893643108,0.02145224055797653,-1.129279742406979,False,9.600000000000001,1.0,0.4,0.06,0.0,44,81
2STEP-VF,9,2,7.633593569405508,-0.499951414043738,0.02479551942881635,-1.515927479019192,False,9.600000000000001,1.0,0.4,0.06,0.0,44,82
2STEP-VF,9,2,7.581842799676873,-0.4866202530364698,0.02923801665541835,-2.11966695662541,False,9.600000000000001,1.0,0.4,0.06,0.0,44,83
2STEP-VF,9,2,7.587612640170865,-0.5075146360593492,0.030231975730407305,-2.1964010085394463,False,9.600000000000001,1.0,0.4,0.06,0.0,44,84
2STEP-VF,9,2,7.571488588701948,-0.507009498422078,0.03889982227232445,-3.3080651393224265,False,9.600000000000001,1.0,0.4,0.06,0.0,44,85
2STEP-VF,9,2,7.599966513954339,-0.49792504394551124,0.03373041040614109,-2.666474435679573,False,9.600000000000001,1.0,0.4,0.06,0.0,44,86
2STEP-VF,9,2,7.62808169859245,-0.493126707688758,0.03181520049063274,-2.431156662432425,False,9.600000000000001,1.0,0.4,0.06,0.0,44,87
2STEP-VF,9,2,7.657799716912919,-0.5055144702102499,0.018222032619698843,-0.6597174638020775,False,9.600000000000001,1.0,0.4,0.06,0.0,44,88
2STEP-VF,9,2,7.582764328314244,-0.4841601593126993,0.03102421116845597,-2.354148787513032,False,9.600000000000001,1.0,0.4,0.06,0.0,44,89
2STEP-VF,9,2,7.646744796601196,-0.4861049797183527,0.027889785405174415,-1.9444358927422078,False,9.600000000000001,1.0,0.4,0.06,0.0,44,90
2STEP-VF,9,2,7.60938575066855,-0.48096334155695464,0.03165771053021864,-2.4413117830911824,False,9.600000000000001,1.0,0.4,0.06,0.0,44,91
2STEP-VF,9,2,7.5616595474758705,-0.4955026383244941,0.03781305402516009,-3.197165010393154,False,9.600000000000001,1.0,0.4,0.06,0.0,44,92
2STEP-VF,9,2,7.537346149351945,-0.4920022264842991,0.031860940409195494,-2.44515425985359,False,9.600000000000001,1.0,0.4,0.06,0.0,44,93
2STEP-VF,9,2,7.597535034608488,-0.4935419966506665,0.027902275299835383,-1.931138344340821,False,9.600000000000001,1.0,0.4,0.06,0.0,44,94
2STEP-VF,9,2,7.666781035387954,-0.49453285843873884,0.02401183885509573,-1.426629651076004,False,9.600000000000001,1.0,0.4,0.06,0.0,44,95
2STEP-VF,9,2,7.619654017873068,-0.5047463043116452,0.03557973483776415,-2.8856356878134797,False,9.600000000000001,1.0,0.4,0.06,0.0,44,96
2STEP-VF,9,2,7.6088552875729505,-0.49101610123202727,0.023049645978399362,-1.3153847250238764,False,9.600000000000001,1.0,0.4,0.06,0.0,44,97
2STEP-VF,9,2,7.5697789589701925,-0.4877546742640499,0.03277939525982652,-2.570964637485864,False,9.600000000000001,1.0,0.4,0.06,0.0,44,98
2STEP-VF,9,2,7.611287214887448,-0.48937237451311394,0.03679408151975775,-3.0784715028042724,False,9.600000000000001,1.0,0.4,0.06,0.0,44,99
2STEP-VF,9,2,0.1740345915278865,-0.07668498521789605,0.028308129290158236,-0.03197899430664225,False,3.394112549695429,2.0,0.1,0.06,0.0,36,0
2STEP-VF,9,2,0.1731579901536965,-0.069474578351599,0.032913771628292475,-0.08618170557328048,False,3.394112549695429,2.0,0.1,0.06,0.0,36,1
2STEP-VF,9,2,0.1731453060127338,-0.08233357684857547,0.030381689944600377,-0.03506421675945795,False,3.394112549695429,2.0,0.1,0.06,0.0,36,2
2STEP-VF,9,2,0.1696572373182705,-0.07499085345237677,0.02702990515751591,-0.026081758735326865,False,3.394112549695429,2.0,0.1,0.06,0.0,36,3
2STEP-VF,9,2,0.1748146234644583,-0.07955178107153024,0.03000382027752028,-0.038617410240622235,False,3.394112549695429,2.0,0.1,0.06,0.0,36,4
2STEP-VF,9,2,0.17320797767539456,-0.07598042395069704,0.012357904884974853,0.09388225706239772,False,3.394112549695429,2.0,0.1,0.06,0.0,36,5
2STEP-VF,9,2,0.16945687881203664,-0.07421688377238678,0.03355726500019128,-0.08017018621907984,False,3.394112549695429,2.0,0.1,0.06,0.0,36,6
2STEP-VF,9,2,0.16960526563751518,-0.07322039058735488,0.030828490959256067,-0.060722674326145976,False,3.394112549695429,2.0,0.1,0.06,0.0,36,7
2STEP-VF,9,2,0.16648827130741994,-0.07356490451574799,0.04463996160364742,-0.17057462571293908,False,3.394112549695429,2.0,0.1,0.06,0.0,36,8
2STEP-VF,9,2,0.17317185303953514,-0.07754337848206175,0.03085905663767485,-0.05037803356207857,False,3.394112549695429,2.0,0.1,0.06,0.0,36,9
2STEP-VF,9,2,0.17579032125487085,-0.08095238190447518,0.030403252332192543,-0.03839288281150771,False,3.394112549695429,2.0,0.1,0.06,0.0,36,10
2STEP-VF,9,2,0.1710184841213465,-0.07607166428506972,0.023094917386596914,0.00807376423867276,False,3.394112549695429,2.0,0.1,0.06,0.0,36,11
2STEP-VF,9,2,0.17301557077452276,-0.07590404017471145,0.028652584505278016,-0.03667004537644536,False,3.394112549695429,2.0,0.1,0.06,0.0,36,12
2STEP-VF,9,2,0.16543309110866053,-0.07097874408367656,0.03843691954825736,-0.12722038511871558,False,3.394112549695429,2.0,0.1,0.06,0.0,36,13
2STEP-VF,9,2,0.17255896853818795,-0.07555488173659627,0.02651393187330465,-0.0204262007063149,False,3.394112549695429,2.0,0.1,0.06,0.0,36,14
2STEP-VF,9,2,0.17184110044337753,-0.07409624010421498,0.0384951922427527,-0.11982009566530305,False,3.394112549695429,2.0,0.1,0.06,0.0,36,15
2STEP-VF,9,2,0.17705779219282503,-0.08002762524885576,0.023674097726916022,0.013296986313495102,False,3.394112549695429,2.0,0.1,0.06,0.0,36,16
2STEP-VF,9,2,0.17036207887685245,-0.07050339026952018,0.032932897866094386,-0.08403332154929555,False,3.394112549695429,2.0,0.1,0.06,0.0,36,17
2STEP-VF,9,2,0.168936132369916,-0.07388557194075844,0.043448149877898246,-0.1601236584231708,False,3.394112549695429,2.0,0.1,0.06,0.0,36,18
2STEP-VF,9,2,0.17292522695352983,-0.07728615203635704,0.03311306799685524,-0.06904226547037332,False,3.394112549695429,2.0,0.1,0.06,0.0,36,19
2STEP-VF,9,2,0.16437029692469568,-0.07178574556245121,0.05014246675710841,-0.21899172689150273,False,3.394112549695429,2.0,0.1,0.06,0.0,36,20
2STEP-VF,9,2,0.1718929410925651,-0.07411482017686002,0.021313126259440696,0.017684134814492353,False,3.394112549695429,2.0,0.1,0.06,0.0,36,21
2STEP-VF,9,2,0.17028930540958676,-0.07419642166254466,0.029479653879429107,-0.04754846072075053,False,3.394112549695429,2.0,0.1,0.06,0.0,36,22
2STEP-VF,9,2,0.1699396239247112,-0.07490351086429317,0.03917740111775679,-0.1234544054322681,False,3.394112549695429,2.0,0.1,0.06,0.0,36,23
2STEP-VF,9,2,0.169641673284869,-0.07281033251338301,0.040657804065451726,-0.14033913409440252,False,3.394112549695429,2.0,0.1,0.06,0.0,36,24
2STEP-VF,9,2,0.1753488634098364,-0.07783565094043617,0.03577625239525092,-0.08888352510037043,False,3.394112549695429,2.0,0.1,0.06,0.0,36,25
2STEP-VF,9,2,0.17117891498178006,-0.07495768761170632,0.03140383467510889,-0.0610614922338692,False,3.394112549695429,2.0,0.1,0.06,0.0,36,26
2STEP-VF,9,2,0.17307998774076858,-0.07745090170911616,0.027081621605951796,-0.020386009481289546,False,3.394112549695429,2.0,0.1,0.06,0.0,36,27
2STEP-VF,9,2,0.1731602162400507,-0.07440656342405419,0.02967708127328913,-0.04845128499417997,False,3.394112549695429,2.0,0.1,0.06,0.0,36,28
2STEP-VF,9,2,0.1702339547035924,-0.07063824057763551,0.03468882386433647,-0.09776477624615107,False,3.394112549695429,2.0,0.1,0.06,0.0,36,29
2STEP-VF,9,2,0.17060926042175328,-0.07135880664161352,0.03524016859710284,-0.10042365721164515,False,3.394112549695429,2.0,0.1,0.06,0.0,36,30
2STEP-VF,9,2,0.17159661354554182,-0.07913783580619277,0.03123094293177756,-0.04962094070662537,False,3.394112549695429,2.0,0.1,0.06,0.0,36,31
2STEP-VF,9,2,0.1734788047105661,-0.07799534505385677,0.027332792689453673,-0.021064785103739214,False,3.394112549695429,2.0,0.1,0.06,0.0,36,32
2STEP-VF,9,2,0.17374221874039178,-0.07555748310047258,0.026800119420976043,-0.02263846280225068,False,3.394112549695429,2.0,0.1,0.06,0.0,36,33
2STEP-VF,9,2,0.17193363408508192,-0.07578695837338939,0.03461095308376764,-0.08468290652890173,False,3.394112549695429,2.0,0.1,0.06,0.0,36,34
2STEP-VF,9,2,0.17240146113903318,-0.07745836329207761,0.028163890253933916,-0.02906696246214313,False,3.394112549695429,2.0,0.1,0.06,0.0,36,35
2STEP-VF,9,2,0.1713318505044761,-0.07505900853566884,0.029003437678723626,-0.0416059699139153,False,3.394112549695429,2.0,0.1,0.06,0.0,36,36
2STEP-VF,9,2,0.17315399300180834,-0.07305258900399393,0.032397186857271366,-0.07346204166847706,False,3.394112549695429,2.0,0.1,0.06,0.0,36,37
2STEP-VF,9,2,0.16980284157677947,-0.073612753035201,0.03460648713045696,-0.0899931192645666,False,3.394112549695429,2.0,0.1,0.06,0.0,36,38
2STEP-VF,9,2,0.16915432306380493,-0.07312293221289153,0.03129736757654635,-0.06473464391760292,False,3.394112549695429,2.0,0.1,0.06,0.0,36,39
2STEP-VF,9,2,0.17129773214271676,-0.07540808051419,0.03189105112802687,-0.06387115186159603,False,3.394112549695429,2.0,0.1,0.06,0.0,36,40
2STEP-VF,9,2,0.17058649696781752,-0.07605761891782468,0.03260853580078977,-0.0680948111854699,False,3.394112549695429,2.0,0.1,0.06,0.0,36,41
2STEP-VF,9,2,0.17271550536874253,-0.07327307292100428,0.03598999859165237,-0.1017016834006842,False,3.394112549695429,2.0,0.1,0.06,0.0,36,42
2STEP-VF,9,2,0.16896438535642463,-0.06882201481794356,0.02948776561043424,-0.06059142619902397,False,3.394112549695429,2.0,0.1,0.06,0.0,36,43
2STEP-VF,9,2,0.17139234298064612,-0.07485718770689984,0.03543061686232713,-0.09350414382321875,False,3.394112549695429,2.0,0.1,0.06,0.0,36,44
2STEP-VF,9,2,0.16825614044817397,-0.07537279932262081,0.035993656935145335,-0.09695916867998236,False,3.394112549695429,2.0,0.1,0.06,0.0,36,45
2STEP-VF,9,2,0.17222978891107396,-0.07888648585739057,0.02883328953689637,-0.031004962902769218,False,3.394112549695429,2.0,0.1,0.06,0.0,36,46
2STEP-VF,9,2,0.16906513134565157,-0.0734954586080771,0.03995598941181489,-0.13311490675439505,False,3.394112549695429,2.0,0.1,0.06,0.0,36,47
2STEP-VF,9,2,0.16969860783666982,-0.07704634894649776,0.02390134992537579,0.003882354538788435,False,3.394112549695429,2.0,0.1,0.06,0.0,36,48
2STEP-VF,9,2,0.17188442810527382,-0.07916792464399099,0.030069492323319024,-0.04023985375465747,False,3.394112549695429,2.0,0.1,0.06,0.0,36,49
2STEP-VF,9,2,0.16746081445693153,-0.0725088917127638,0.03626504476275257,-0.10605136912397164,False,3.394112549695429,2.0,0.1,0.06,0.0,36,50
2STEP-VF,9,2,0.16911987927225317,-0.0683784762218808,0.03833289367405568,-0.13240761370359638,False,3.394112549695429,2.0,0.1,0.06,0.0,36,51
2STEP-VF,9,2,0.16902423105381653,-0.07174694757632417,0.03913971605670002,-0.1307836004071932,False,3.394112549695429,2.0,0.1,0.06,0.0,36,52
2STEP-VF,9,2,0.16978997309208063,-0.0761933826947497,0.03191341308819227,-0.06225578785261407,False,3.394112549695429,2.0,0.1,0.06,0.0,36,53
2STEP-VF,9,2,0.16870405751948642,-0.06986519960310911,0.03533774960295933,-0.10490327432504365,False,3.394112549695429,2.0,0.1,0.06,0.0,36,54
2STEP-VF,9,2,0.1742423834904366,-0.07656733107035558,0.030270935045676173,-0.04795134278712984,False,3.394112549695429,2.0,0.1,0.06,0.0,36,55
2STEP-VF,9,2,0.17394404053341053,-0.07529511197235794,0.020913042561602042,0.02384057067284731,False,3.394112549695429,2.0,0.1,0.06,0.0,36,56
2STEP-VF,9,2,0.17009102779457375,-0.07464512078991899,0.03430979311081695,-0.08512459332305569,False,3.394112549695429,2.0,0.1,0.06,0.0,36,57
2STEP-VF,9,2,0.17448402208824126,-0.07790984826946828,0.027099861065945825,-0.019346211355548315,False,3.394112549695429,2.0,0.1,0.06,0.0,36,58
2STEP-VF,9,2,0.17350258972257418,-0.06942688747901653,0.020791319767553034,0.010704127192569801,False,3.394112549695429,2.0,0.1,0.06,0.0,36,59
2STEP-VF,9,2,0.16989941964089403,-0.07460424157575397,0.03011549561736235,-0.05167981997863569,False,3.394112549695429,2.0,0.1,0.06,0.0,36,60
2STEP-VF,9,2,0.16756262488149495,-0.07077321446984071,0.041679130406031134,-0.15352357102774172,False,3.394112549695429,2.0,0.1,0.06,0.0,36,61
2STEP-VF,9,2,0.17060717584593538,-0.07572060368838916,0.03048447309117275,-0.05190990532649195,False,3.394112549695429,2.0,0.1,0.06,0.0,36,62
2STEP-VF,9,2,0.17078344507002685,-0.07606671344459447,0.040169465858687345,-0.1285486078982705,False,3.394112549695429,2.0,0.1,0.06,0.0,36,63
2STEP-VF,9,2,0.17117528964146067,-0.07488334372196918,0.028995122880988093,-0.04197044073669112,False,3.394112549695429,2.0,0.1,0.06,0.0,36,64
2STEP-VF,9,2,0.1718049348178117,-0.07209666185614326,0.02842273934287148,-0.04404163019915938,False,3.394112549695429,2.0,0.1,0.06,0.0,36,65
2STEP-VF,9,2,0.16818172353992997,-0.07623452972461142,0.036818377691631245,-0.1014932467815868,False,3.394112549695429,2.0,0.1,0.06,0.0,36,66
2STEP-VF,9,2,0.17532745739232045,-0.077114597345989,0.027197825391718243,-0.021987922059833187,False,3.394112549695429,2.0,0.1,0.06,0.0,36,67
2STEP-VF,9,2,0.1719773321511111,-0.0726470915610826,0.03289115575231011,-0.07845758634281602,False,3.394112549695429,2.0,0.1,0.06,0.0,36,68
2STEP-VF,9,2,0.17238144709920122,-0.07847113883141112,0.03436773528678877,-0.07626826227297145,False,3.394112549695429,2.0,0.1,0.06,0.0,36,69
2STEP-VF,9,2,0.1722951576892807,-0.0806704737091252,0.03458688758453044,-0.07274825431298629,False,3.394112549695429,2.0,0.1,0.06,0.0,36,70
2STEP-VF,9,2,0.16850260102734685,-0.07241189080482217,0.027376923914351578,-0.03511669732159867,False,3.394112549695429,2.0,0.1,0.06,0.0,36,71
2STEP-VF,9,2,0.16735476705860605,-0.07419697910015524,0.033336251646715824,-0.0785759773098377,False,3.394112549695429,2.0,0.1,0.06,0.0,36,72
2STEP-VF,9,2,0.16910211004367065,-0.07172288177427953,0.03288769582861404,-0.08082052376802126,False,3.394112549695429,2.0,0.1,0.06,0.0,36,73
2STEP-VF,9,2,0.17486766984502408,-0.07617735074445527,0.022187290029268194,0.015819381743248512,False,3.394112549695429,2.0,0.1,0.06,0.0,36,74
2STEP-VF,9,2,0.1707426022970616,-0.07820759944935227,0.03763158118730243,-0.10310985468215036,False,3.394112549695429,2.0,0.1,0.06,0.0,36,75
2STEP-VF,9,2,0.17280271798125385,-0.07307843869414443,0.03494598033827673,-0.09381142676139201,False,3.394112549695429,2.0,0.1,0.06,0.0,36,76
2STEP-VF,9,2,0.17309341968381364,-0.07389594297082706,0.033541418973452676,-0.0805954834766077,False,3.394112549695429,2.0,0.1,0.06,0.0,36,77
2STEP-VF,9,2,0.17196655497524724,-0.0730471580013347,0.03224375812260018,-0.07231889247908338,False,3.394112549695429,2.0,0.1,0.06,0.0,36,78
2STEP-VF,9,2,0.16776460357563264,-0.07450945597961081,0.03630402915002109,-0.10154366263456488,False,3.394112549695429,2.0,0.1,0.06,0.0,36,79
2STEP-VF,9,2,0.1714686827913355,-0.07280284721735877,0.03704364670606672,-0.11133421935939261,False,3.394112549695429,2.0,0.1,0.06,0.0,36,80
2STEP-VF,9,2,0.17050143291820144,-0.07297834762294682,0.03282108915713785,-0.0771905929869384,False,3.394112549695429,2.0,0.1,0.06,0.0,36,81
2STEP-VF,9,2,0.17163951660046267,-0.06954267620120953,0.028549631628565324,-0.051196259149592,False,3.394112549695429,2.0,0.1,0.06,0.0,36,82
2STEP-VF,9,2,0.17409033955665826,-0.07463359746645189,0.025354329020403365,-0.013268577870342968,False,3.394112549695429,2.0,0.1,0.06,0.0,36,83
2STEP-VF,9,2,0.17193049215283074,-0.07840865734896839,0.02549511137242786,-0.005464283812728954,False,3.394112549695429,2.0,0.1,0.06,0.0,36,84
2STEP-VF,9,2,0.17191058395556377,-0.0743886249014307,0.031388721379297775,-0.06226243623361477,False,3.394112549695429,2.0,0.1,0.06,0.0,36,85
2STEP-VF,9,2,0.16928995408924533,-0.07347881278884276,0.031883965908474476,-0.06856517932921852,False,3.394112549695429,2.0,0.1,0.06,0.0,36,86
2STEP-VF,9,2,0.17189676718797883,-0.07546996547354187,0.03366925956797865,-0.07791235337605004,False,3.394112549695429,2.0,0.1,0.06,0.0,36,87
2STEP-VF,9,2,0.1712038762463447,-0.07636629995877003,0.03487859041366033,-0.08547737083345391,False,3.394112549695429,2.0,0.1,0.06,0.0,36,88
2STEP-VF,9,2,0.1742822068093425,-0.08047146654589835,0.030450119099196395,-0.04001250067485465,False,3.394112549695429,2.0,0.1,0.06,0.0,36,89
2STEP-VF,9,2,0.16552132090722246,-0.07286659385529257,0.040325447883500475,-0.13779247856086835,False,3.394112549695429,2.0,0.1,0.06,0.0,36,90
2STEP-VF,9,2,0.1719306415769652,-0.07019331815386194,0.0257058509952908,-0.026867005898439877,False,3.394112549695429,2.0,0.1,0.06,0.0,36,91
2STEP-VF,9,2,0.1704599183399266,-0.07113319133054274,0.02830132336985328,-0.045463332665128114,False,3.394112549695429,2.0,0.1,0.06,0.0,36,92
2STEP-VF,9,2,0.17550136183190337,-0.08176317555357238,0.02740526585788933,-0.012480423824626802,False,3.394112549695429,2.0,0.1,0.06,0.0,36,93
2STEP-VF,9,2,0.16981147468464503,-0.07346783288405676,0.030067997175173906,-0.05403248999857638,False,3.394112549695429,2.0,0.1,0.06,0.0,36,94
2STEP-VF,9,2,0.17224992323577104,-0.07420724435511877,0.027276740215745363,-0.029781539879531665,False,3.394112549695429,2.0,0.1,0.06,0.0,36,95
2STEP-VF,9,2,0.16919276428634883,-0.08119519477437342,0.04098270652340319,-0.12284161887154843,False,3.394112549695429,2.0,0.1,0.06,0.0,36,96
2STEP-VF,9,2,0.16905294007310617,-0.0760155755260383,0.03426405092291839,-0.08153184971646893,False,3.394112549695429,2.0,0.1,0.06,0.0,36,97
2STEP-VF,9,2,0.16951542792319768,-0.07212102723223413,0.027248467904808043,-0.03472635220571066,False,3.394112549695429,2.0,0.1,0.06,0.0,36,98
2STEP-VF,9,2,0.16923834884922762,-0.07357746995289938,0.030512484537108687,-0.05735964747895739,False,3.394112549695429,2.0,0.1,0.06,0.0,36,99
2STEP-VF,9,2,1.0245645136731272,-0.3779431335537268,0.11340590780773549,0.06129012888744767,False,3.394112549695429,2.0,0.1,0.06,0.0,40,0
2STEP-VF,9,2,1.0277911669987532,-0.3654929860880272,0.1348881137527324,-0.14025427339066898,False,3.394112549695429,2.0,0.1,0.06,0.0,40,1
2STEP-VF,9,2,1.0228925136357065,-0.36933225653506285,0.14011407987910884,-0.17314167253057766,False,3.394112549695429,2.0,0.1,0.06,0.0,40,2
2STEP-VF,9,2,1.0263021516241668,-0.3665986045162695,0.12395725827487608,-0.050243286262512066,False,3.394112549695429,2.0,0.1,0.06,0.0,40,3
2STEP-VF,9,2,1.0186184209908,-0.3868095805656061,0.12732772014910976,-0.029161662575975633,False,3.394112549695429,2.0,0.1,0.06,0.0,40,4
2STEP-VF,9,2,1.0262838681031174,-0.3763776497834912,0.13418863876749307,-0.10862571857337888,False,3.394112549695429,2.0,0.1,0.06,0.0,40,5
2STEP-VF,9,2,1.0290599167547823,-0.37833615560469813,0.11956691162482566,0.01321507545795686,False,3.394112549695429,2.0,0.1,0.06,0.0,40,6
2STEP-VF,9,2,1.027156063557913,-0.36211031994071996,0.13738441347564195,-0.16838117613393322,False,3.394112549695429,2.0,0.1,0.06,0.0,40,7
2STEP-VF,9,2,1.0185629795356932,-0.37145200415403534,0.14496321865849407,-0.20710716052612632,False,3.394112549695429,2.0,0.1,0.06,0.0,40,8
2STEP-VF,9,2,1.0224198217298985,-0.3769294778219117,0.14007003365762544,-0.15458433318462173,False,3.394112549695429,2.0,0.1,0.06,0.0,40,9
2STEP-VF,9,2,1.0294234103893654,-0.36748622425807603,0.11377667283611848,0.033518960153796296,False,3.394112549695429,2.0,0.1,0.06,0.0,40,10
2STEP-VF,9,2,1.017943113921012,-0.3704860310825011,0.13338328153615844,-0.11682319085600434,False,3.394112549695429,2.0,0.1,0.06,0.0,40,11
2STEP-VF,9,2,1.034434441222857,-0.3721683588643617,0.11500574157983112,0.03522419510919039,False,3.394112549695429,2.0,0.1,0.06,0.0,40,12
2STEP-VF,9,2,1.039283644181879,-0.3785603210264115,0.11229091066647216,0.07257450378252273,False,3.394112549695429,2.0,0.1,0.06,0.0,40,13
2STEP-VF,9,2,1.0212744353726504,-0.3862588925888246,0.12705773699374467,-0.028164087614419575,False,3.394112549695429,2.0,0.1,0.06,0.0,40,14
2STEP-VF,9,2,1.0215811128851464,-0.3664394771544879,0.10590162065229088,0.09353664672555251,False,3.394112549695429,2.0,0.1,0.06,0.0,40,15
2STEP-VF,9,2,1.018378594170734,-0.36082438153448354,0.13906754421780915,-0.18545912240946882,False,3.394112549695429,2.0,0.1,0.06,0.0,40,16
2STEP-VF,9,2,1.0280529049834746,-0.37327002427332456,0.11414150845361162,0.04439916492609419,False,3.394112549695429,2.0,0.1,0.06,0.0,40,17
2STEP-VF,9,2,1.030294072937637,-0.37935555792973136,0.13224421014885296,-0.08568269778321047,False,3.394112549695429,2.0,0.1,0.06,0.0,40,18
2STEP-VF,9,2,1.027234802316386,-0.36952348201246726,0.1153129971071522,0.0259864681116867,False,3.394112549695429,2.0,0.1,0.06,0.0,40,19
2STEP-VF,9,2,1.0235626741411517,-0.3737789783350896,0.14742214514790877,-0.22089385273058626,False,3.394112549695429,2.0,0.1,0.06,0.0,40,20
2STEP-VF,9,2,1.0305683180383,-0.3787259719671866,0.13094565007939493,-0.0767887688316139,False,3.394112549695429,2.0,0.1,0.06,0.0,40,21
2STEP-VF,9,2,1.016373379244124,-0.3753798682730856,0.13639312202773665,-0.1292508896118406,False,3.394112549695429,2.0,0.1,0.06,0.0,40,22
2STEP-VF,9,2,1.0234639871352942,-0.3672647878054508,0.11119626779293147,0.053273187617747575,False,3.394112549695429,2.0,0.1,0.06,0.0,40,23
2STEP-VF,9,2,1.0258933129779675,-0.3620213702110565,0.12955205046064341,-0.10601151639993389,False,3.394112549695429,2.0,0.1,0.06,0.0,40,24
2STEP-VF,9,2,1.0308103717524775,-0.3656612179890954,0.11220020247692018,0.04183392566361588,False,3.394112549695429,2.0,0.1,0.06,0.0,40,25
2STEP-VF,9,2,1.0186074926460047,-0.36662371077849987,0.13971008729813728,-0.1766673429579385,False,3.394112549695429,2.0,0.1,0.06,0.0,40,26
2STEP-VF,9,2,1.031267869822297,-0.3654867719550831,0.10107619511163769,0.13043476398843545,False,3.394112549695429,2.0,0.1,0.06,0.0,40,27
2STEP-VF,9,2,1.0193040250777217,-0.3744209131119679,0.13892026765645196,-0.1515937082782297,False,3.394112549695429,2.0,0.1,0.06,0.0,40,28
2STEP-VF,9,2,1.0329370556389579,-0.3745576704027272,0.10901706884693636,0.0887780815293916,False,3.394112549695429,2.0,0.1,0.06,0.0,40,29
2STEP-VF,9,2,1.0184757102831559,-0.3653734584707426,0.14353372037455114,-0.21026492004963782,False,3.394112549695429,2.0,0.1,0.06,0.0,40,30
2STEP-VF,9,2,1.0362027747186795,-0.3795341247125041,0.1051290468529559,0.13202169096948302,False,3.394112549695429,2.0,0.1,0.06,0.0,40,31
2STEP-VF,9,2,1.0166809776820755,-0.3780244082336816,0.14034590544117684,-0.1545078051076546,False,3.394112549695429,2.0,0.1,0.06,0.0,40,32
2STEP-VF,9,2,1.0157819119975418,-0.3662420057200364,0.13092740401385025,-0.10749150366286242,False,3.394112549695429,2.0,0.1,0.06,0.0,40,33
2STEP-VF,9,2,1.0204855201373877,-0.37595081581030515,0.1329263487402515,-0.09989970076903665,False,3.394112549695429,2.0,0.1,0.06,0.0,40,34
2STEP-VF,9,2,1.025221977414706,-0.3814329779415064,0.13783524397726676,-0.12572948611363666,False,3.394112549695429,2.0,0.1,0.06,0.0,40,35
2STEP-VF,9,2,1.035423951575046,-0.3824655910707653,0.11814817630028612,0.03485744526205026,False,3.394112549695429,2.0,0.1,0.06,0.0,40,36
2STEP-VF,9,2,1.02281193597916,-0.37957429864728987,0.12238467324209273,-0.006730353024496871,False,3.394112549695429,2.0,0.1,0.06,0.0,40,37
2STEP-VF,9,2,1.0217584299458666,-0.36385027048179314,0.12433391511981486,-0.06012516600546358,False,3.394112549695429,2.0,0.1,0.06,0.0,40,38
2STEP-VF,9,2,1.0362251850197985,-0.3734051936482605,0.11520158176612584,0.03673332172800625,False,3.394112549695429,2.0,0.1,0.06,0.0,40,39
2STEP-VF,9,2,1.0212689125725636,-0.3634404259317809,0.1218562415291599,-0.04131677524265154,False,3.394112549695429,2.0,0.1,0.06,0.0,40,40
2STEP-VF,9,2,1.0189404849913748,-0.3725605969678239,0.13189020433695067,-0.09983977287334578,False,3.394112549695429,2.0,0.1,0.06,0.0,40,41
2STEP-VF,9,2,1.0338082967555458,-0.36333451062711797,0.12313349393021998,-0.05103662813134424,False,3.394112549695429,2.0,0.1,0.06,0.0,40,42
2STEP-VF,9,2,1.028996125572616,-0.37355366089464526,0.11749686611361465,0.018293624772588113,False,3.394112549695429,2.0,0.1,0.06,0.0,40,43
2STEP-VF,9,2,1.0277749196733565,-0.3694144724038813,0.11954537734939115,-0.008101789845412988,False,3.394112549695429,2.0,0.1,0.06,0.0,40,44
2STEP-VF,9,2,1.0254749870653759,-0.36575864403527486,0.12009614572943378,-0.02141992092688827,False,3.394112549695429,2.0,0.1,0.06,0.0,40,45
2STEP-VF,9,2,1.026385649780996,-0.3672241763915612,0.11721277473853081,0.005218964418359895,False,3.394112549695429,2.0,0.1,0.06,0.0,40,46
2STEP-VF,9,2,1.0197243239956135,-0.3657623513838414,0.12524120715494874,-0.06291655447863409,False,3.394112549695429,2.0,0.1,0.06,0.0,40,47
2STEP-VF,9,2,1.0215009148651581,-0.3490895361204398,0.1249954285023347,-0.10085848643771278,False,3.394112549695429,2.0,0.1,0.06,0.0,40,48
2STEP-VF,9,2,1.0306539832208073,-0.3626707275175926,0.1257819499561142,-0.07400661461344316,False,3.394112549695429,2.0,0.1,0.06,0.0,40,49
2STEP-VF,9,2,1.0155768132545449,-0.3745263348351034,0.1490575197909419,-0.2326623459280146,False,3.394112549695429,2.0,0.1,0.06,0.0,40,50
2STEP-VF,9,2,1.0243556125067086,-0.375073843132803,0.11658694221499259,0.02894302254918879,False,3.394112549695429,2.0,0.1,0.06,0.0,40,51
2STEP-VF,9,2,1.026895121753589,-0.3613443340915439,0.11120336599797763,0.039213181141099285,False,3.394112549695429,2.0,0.1,0.06,0.0,40,52
2STEP-VF,9,2,1.028124243041445,-0.37814053418555876,0.119285353810431,0.014941906144379513,False,3.394112549695429,2.0,0.1,0.06,0.0,40,53
2STEP-VF,9,2,1.0173379929542512,-0.3599431670060028,0.12412458384270861,-0.06809279035000726,False,3.394112549695429,2.0,0.1,0.06,0.0,40,54
2STEP-VF,9,2,1.0292044418379942,-0.3783454938703486,0.11215185546496306,0.07256660807941151,False,3.394112549695429,2.0,0.1,0.06,0.0,40,55
2STEP-VF,9,2,1.0245661629546012,-0.37824079250337067,0.13980235186236978,-0.1491669431135928,False,3.394112549695429,2.0,0.1,0.06,0.0,40,56
2STEP-VF,9,2,1.0248180935198257,-0.38971325726058687,0.13852559725592822,-0.11140387501082805,False,3.394112549695429,2.0,0.1,0.06,0.0,40,57
2STEP-VF,9,2,1.0159550043453474,-0.3759777515413803,0.14086301874734333,-0.16360024601871337,False,3.394112549695429,2.0,0.1,0.06,0.0,40,58
2STEP-VF,9,2,1.0438414693919529,-0.3883099697131049,0.09757147456312609,0.21400261896995987,False,3.394112549695429,2.0,0.1,0.06,0.0,40,59
2STEP-VF,9,2,1.0094953370453401,-0.3646019090146189,0.13796442147625942,-0.1681010699522698,False,3.394112549695429,2.0,0.1,0.06,0.0,40,60
2STEP-VF,9,2,1.0208420284209905,-0.36383175378918514,0.13663242081357263,-0.15861263570927753,False,3.394112549695429,2.0,0.1,0.06,0.0,40,61
2STEP-VF,9,2,1.0250719899904217,-0.3756191231320207,0.13302415497722658,-0.10120302490153787,False,3.394112549695429,2.0,0.1,0.06,0.0,40,62
2STEP-VF,9,2,1.0291223041386457,-0.3824333768587289,0.1242665856849396,-0.014545242770248934,False,3.394112549695429,2.0,0.1,0.06,0.0,40,63
2STEP-VF,9,2,1.0223439807308852,-0.36905402806053367,0.15193721019198583,-0.268427375346753,False,3.394112549695429,2.0,0.1,0.06,0.0,40,64
2STEP-VF,9,2,1.0277892516498501,-0.376019777792164,0.13929270313852404,-0.15022680330800797,False,3.394112549695429,2.0,0.1,0.06,0.0,40,65
2STEP-VF,9,2,1.028339052781552,-0.3659557591822507,0.10441876732228099,0.10464402662604666,False,3.394112549695429,2.0,0.1,0.06,0.0,40,66
2STEP-VF,9,2,1.0329184422469648,-0.3743562293967519,0.1162233100694829,0.0306435765311589,False,3.394112549695429,2.0,0.1,0.06,0.0,40,67
2STEP-VF,9,2,1.041704031426762,-0.3756041085917656,0.10656435746759775,0.11143724276506084,False,3.394112549695429,2.0,0.1,0.06,0.0,40,68
2STEP-VF,9,2,1.02635770949858,-0.37474401511240424,0.13215019830721267,-0.09623448761801656,False,3.394112549695429,2.0,0.1,0.06,0.0,40,69
2STEP-VF,9,2,1.0235875925427922,-0.36846485535583046,0.12031100456084076,-0.016757128080165717,False,3.394112549695429,2.0,0.1,0.06,0.0,40,70
2STEP-VF,9,2,1.0330826389088847,-0.36655268811950326,0.10519235312455405,0.10017258482490832,False,3.394112549695429,2.0,0.1,0.06,0.0,40,71
2STEP-VF,9,2,1.033214041016663,-0.3638291189135736,0.10794031998351573,0.07166016798545038,False,3.394112549695429,2.0,0.1,0.06,0.0,40,72
2STEP-VF,9,2,1.0226034274463505,-0.3756822978832694,0.13323445894297825,-0.10288195097719866,False,3.394112549695429,2.0,0.1,0.06,0.0,40,73
2STEP-VF,9,2,1.0207903010298631,-0.36403958616941084,0.11334552592261922,0.028178217487423773,False,3.394112549695429,2.0,0.1,0.06,0.0,40,74
2STEP-VF,9,2,1.0345785024741523,-0.3689019798075506,0.12338714542284376,-0.03965770169617988,False,3.394112549695429,2.0,0.1,0.06,0.0,40,75
2STEP-VF,9,2,1.0253906182326058,-0.37480065399890644,0.12064047719479429,-0.004078810867022775,False,3.394112549695429,2.0,0.1,0.06,0.0,40,76
2STEP-VF,9,2,1.0224196303415376,-0.3721567634858243,0.13965044749170405,-0.1626821697471621,False,3.394112549695429,2.0,0.1,0.06,0.0,40,77
2STEP-VF,9,2,1.0257620278502297,-0.37990610895064775,0.1418000652962196,-0.16108013921718878,False,3.394112549695429,2.0,0.1,0.06,0.0,40,78
2STEP-VF,9,2,1.0351686608168795,-0.3733435559591656,0.10668698103233576,0.10463880569232387,False,3.394112549695429,2.0,0.1,0.06,0.0,40,79
2STEP-VF,9,2,1.0243118256262762,-0.37653248720465843,0.13157982777943786,-0.08750194340674633,False,3.394112549695429,2.0,0.1,0.06,0.0,40,80
2STEP-VF,9,2,1.026420200074729,-0.3879507278131593,0.14341790874939997,-0.15467631123913395,False,3.394112549695429,2.0,0.1,0.06,0.0,40,81
2STEP-VF,9,2,1.0189399631521205,-0.3597857158796149,0.13829321127436042,-0.18172357429468067,False,3.394112549695429,2.0,0.1,0.06,0.0,40,82
2STEP-VF,9,2,1.0183771576682998,-0.3807477256735253,0.12462855940636763,-0.022131304174382693,False,3.394112549695429,2.0,0.1,0.06,0.0,40,83
2STEP-VF,9,2,1.0249566123491434,-0.37274299495993835,0.11525609461022504,0.034031827763000067,False,3.394112549695429,2.0,0.1,0.06,0.0,40,84
2STEP-VF,9,2,1.023878268987165,-0.3755607569927404,0.13338535590219472,-0.10430433429575126,False,3.394112549695429,2.0,0.1,0.06,0.0,40,85
2STEP-VF,9,2,1.0092532792876718,-0.37961514844422367,0.15441437527999569,-0.2636834492165686,False,3.394112549695429,2.0,0.1,0.06,0.0,40,86
2STEP-VF,9,2,1.0315759927404302,-0.377595102948388,0.1296815222923111,-0.06932937169793219,False,3.394112549695429,2.0,0.1,0.06,0.0,40,87
2STEP-VF,9,2,1.0310013026443874,-0.3824587408869349,0.12817906178000782,-0.045671437952755856,False,3.394112549695429,2.0,0.1,0.06,0.0,40,88
2STEP-VF,9,2,1.0249324848508579,-0.374358980481588,0.1163689991535485,0.02900550901847454,False,3.394112549695429,2.0,0.1,0.06,0.0,40,89
2STEP-VF,9,2,1.016345111419627,-0.37419359453789136,0.13278744189844963,-0.10325420161148036,False,3.394112549695429,2.0,0.1,0.06,0.0,40,90
2STEP-VF,9,2,1.0323212921339426,-0.3700033399383192,0.1140107285469545,0.03786146500436627,False,3.394112549695429,2.0,0.1,0.06,0.0,40,91
2STEP-VF,9,2,1.0260597220526817,-0.37988099956127397,0.12258914292087741,-0.007435161096801091,False,3.394112549695429,2.0,0.1,0.06,0.0,40,92
2STEP-VF,9,2,1.0318334889399945,-0.3728455336718149,0.12575135726952347,-0.0492715680074326,False,3.394112549695429,2.0,0.1,0.06,0.0,40,93
2STEP-VF,9,2,1.0331260697416895,-0.36477838265311874,0.1087682645353282,0.06730956626936047,False,3.394112549695429,2.0,0.1,0.06,0.0,40,94
2STEP-VF,9,2,1.0227369198540541,-0.36571861828367086,0.13174845841540272,-0.11489876825116874,False,3.394112549695429,2.0,0.1,0.06,0.0,40,95
2STEP-VF,9,2,1.0173933279211493,-0.37359366937550403,0.13734581038431765,-0.14109807689806275,False,3.394112549695429,2.0,0.1,0.06,0.0,40,96
2STEP-VF,9,2,1.019881867490452,-0.37037832537011717,0.12629390079605374,-0.06025031343072185,False,3.394112549695429,2.0,0.1,0.06,0.0,40,97
2STEP-VF,9,2,1.0217753610824072,-0.3678965189013272,0.14230758936646382,-0.19420254790358105,False,3.394112549695429,2.0,0.1,0.06,0.0,40,98
2STEP-VF,9,2,1.0140636871026747,-0.3821591505029617,0.14565873339397445,-0.18724408471852738,False,3.394112549695429,2.0,0.1,0.06,0.0,40,99
2STEP-VF,9,2,3.9467035850682883,-1.0106408291529339,0.00027452468415957996,0.0,True,3.394112549695429,2.0,0.1,0.06,0.0,44,0
2STEP-VF,9,2,3.947160839463259,-0.9978473898300144,0.04303344073921354,0.0,True,3.394112549695429,2.0,0.1,0.06,0.0,44,1
2STEP-VF,9,2,3.946157843712585,-0.9881496058762781,0.030720013283268174,0.0,True,3.394112549695429,2.0,0.1,0.06,0.0,44,2
2STEP-VF,9,2,3.9474402245238926,-0.9911307486145016,0.04224680521315649,0.0,True,3.394112549695429,2.0,0.1,0.06,0.0,44,3
2STEP-VF,9,2,3.9510501747159172,-0.998219699645211,-0.0023310696392647825,0.0,True,3.394112549695429,2.0,0.1,0.06,0.0,44,4
2STEP-VF,9,2,3.947427246673563,-0.9941171011222922,0.014848973478246704,0.0,True,3.394112549695429,2.0,0.1,0.06,0.0,44,5
2STEP-VF,9,2,3.951346863764823,-1.0028486172779942,0.00048377499133520644,0.0,True,3.394112549695429,2.0,0.1,0.06,0.0,44,6
2STEP-VF,9,2,3.9463600320474073,-0.9835210525090523,0.01533087452311529,0.0,True,3.394112549695429,2.0,0.1,0.06,0.0,44,7
2STEP-VF,9,2,3.951561412729385,-0.9850067758871386,0.006544380730530938,0.0,True,3.394112549695429,2.0,0.1,0.06,0.0,44,8
2STEP-VF,9,2,3.9509782458644227,-0.9913858361385476,0.008356403773829114,0.0,True,3.394112549695429,2.0,0.1,0.06,0.0,44,9
2STEP-VF,9,2,3.944098826571797,-1.0014651296171537,0.035666493629223424,0.0,True,3.394112549695429,2.0,0.1,0.06,0.0,44,10
2STEP-VF,9,2,3.948608470735291,-0.9986927673678956,0.020606170028845336,0.0,True,3.394112549695429,2.0,0.1,0.06,0.0,44,11
2STEP-VF,9,2,3.948261092986537,-1.0001385785474588,0.0009518169713567885,0.0,True,3.394112549695429,2.0,0.1,0.06,0.0,44,12
2STEP-VF,9,2,3.946381250966698,-1.0001346300404268,0.03243816839930994,0.0,True,3.394112549695429,2.0,0.1,0.06,0.0,44,13
2STEP-VF,9,2,3.942928549653272,-1.0032667928330514,0.040349108079510414,0.0,True,3.394112549695429,2.0,0.1,0.06,0.0,44,14
2STEP-VF,9,2,3.946731562444332,-1.0048091566045718,0.010778652152595549,0.0,True,3.394112549695429,2.0,0.1,0.06,0.0,44,15
2STEP-VF,9,2,3.945436798166046,-0.987574798298131,0.04149493707930095,0.0,True,3.394112549695429,2.0,0.1,0.06,0.0,44,16
2STEP-VF,9,2,3.9437081201489077,-0.9937241878129629,0.02358598441693216,0.0,True,3.394112549695429,2.0,0.1,0.06,0.0,44,17
2STEP-VF,9,2,3.9519836349678465,-1.0029047874620376,0.013840062560368183,0.0,True,3.394112549695429,2.0,0.1,0.06,0.0,44,18
2STEP-VF,9,2,3.9485259470247382,-0.9927374492210498,0.015063679108309231,0.0,True,3.394112549695429,2.0,0.1,0.06,0.0,44,19
2STEP-VF,9,2,3.946327365147444,-0.9797404457090131,0.018576323499358862,0.0,True,3.394112549695429,2.0,0.1,0.06,0.0,44,20
2STEP-VF,9,2,3.9511556930128027,-0.9961567262261621,0.019753122436479188,0.0,True,3.394112549695429,2.0,0.1,0.06,0.0,44,21
2STEP-VF,9,2,3.947405198271486,-0.9977445077762452,0.006063040534072587,0.0,True,3.394112549695429,2.0,0.1,0.06,0.0,44,22
2STEP-VF,9,2,3.9377455142198072,-0.9982232925898216,0.05876544758302448,0.0,True,3.394112549695429,2.0,0.1,0.06,0.0,44,23
2STEP-VF,9,2,3.9499951810047738,-0.9980298591131401,0.02184844285562193,0.0,True,3.394112549695429,2.0,0.1,0.06,0.0,44,24
2STEP-VF,9,2,3.947398118514499,-0.9929904391598141,0.010511436225457006,0.0,True,3.394112549695429,2.0,0.1,0.06,0.0,44,25
2STEP-VF,9,2,3.9480844852997934,-0.9880812254127556,0.03262909818505086,0.0,True,3.394112549695429,2.0,0.1,0.06,0.0,44,26
2STEP-VF,9,2,3.943270592721114,-0.9911028719978372,0.026215403187180675,0.0,True,3.394112549695429,2.0,0.1,0.06,0.0,44,27
2STEP-VF,9,2,3.948364215329089,-1.0043438832847287,0.014354361190161367,0.0,True,3.394112549695429,2.0,0.1,0.06,0.0,44,28
2STEP-VF,9,2,3.9484693144305774,-1.0043952319039233,0.016593551727043316,0.0,True,3.394112549695429,2.0,0.1,0.06,0.0,44,29
2STEP-VF,9,2,3.9454793699819835,-0.9876569548112262,0.0002866706302321594,0.0,True,3.394112549695429,2.0,0.1,0.06,0.0,44,30
2STEP-VF,9,2,3.946712725736788,-0.9977984833412276,0.032954452019424284,0.0,True,3.394112549695429,2.0,0.1,0.06,0.0,44,31
2STEP-VF,9,2,3.9444903232488233,-1.0026306128995675,0.020311515369931657,0.0,True,3.394112549695429,2.0,0.1,0.06,0.0,44,32
2STEP-VF,9,2,3.9473577310803902,-1.0010772952969338,0.02539094636673347,0.0,True,3.394112549695429,2.0,0.1,0.06,0.0,44,33
2STEP-VF,9,2,3.945620502620551,-0.9970023144621372,0.03507923755235273,0.0,True,3.394112549695429,2.0,0.1,0.06,0.0,44,34
2STEP-VF,9,2,3.9494172489428863,-1.0001515897091595,-0.0061686157151773485,0.0,True,3.394112549695429,2.0,0.1,0.06,0.0,44,35
2STEP-VF,9,2,3.9567603262807327,-0.9962248297539259,-0.006383742626276201,0.0,True,3.394112549695429,2.0,0.1,0.06,0.0,44,36
2STEP-VF,9,2,3.9501256531339974,-0.9938574049637277,0.01971438670971437,0.0,True,3.394112549695429,2.0,0.1,0.06,0.0,44,37
2STEP-VF,9,2,3.9491652116264064,-1.0065418573399625,0.025413699526842293,0.0,True,3.394112549695429,2.0,0.1,0.06,0.0,44,38
2STEP-VF,9,2,3.9453207401476837,-0.9985736007570584,0.016022770490362163,0.0,True,3.394112549695429,2.0,0.1,0.06,0.0,44,39
2STEP-VF,9,2,3.9505734550923255,-0.9991926644906558,0.016929473487943707,0.0,True,3.394112549695429,2.0,0.1,0.06,0.0,44,40
2STEP-VF,9,2,3.952220305701615,-0.9982779826278397,0.01504314595733463,0.0,True,3.394112549695429,2.0,0.1,0.06,0.0,44,41
2STEP-VF,9,2,3.948556080891419,-0.9953387157159745,0.0162604812998733,0.0,True,3.394112549695429,2.0,0.1,0.06,0.0,44,42
2STEP-VF,9,2,3.94491912784634,-1.0006936214917777,0.035794112410905445,0.0,True,3.394112549695429,2.0,0.1,0.06,0.0,44,43
2STEP-VF,9,2,3.9486165290319772,-0.9946524253200061,0.025275996639956614,0.0,True,3.394112549695429,2.0,0.1,0.06,0.0,44,44
2STEP-VF,9,2,3.950119243688635,-0.9958049589712462,0.005080970526336845,0.0,True,3.394112549695429,2.0,0.1,0.06,0.0,44,45
2STEP-VF,9,2,3.948487373979126,-1.0022363788329567,0.014416160410995537,0.0,True,3.394112549695429,2.0,0.1,0.06,0.0,44,46
2STEP-VF,9,2,3.94773105858642,-1.0081877076624493,0.005977874517383224,0.0,True,3.394112549695429,2.0,0.1,0.06,0.0,44,47
2STEP-VF,9,2,3.9457991737153146,-0.9996106189164985,0.03034634551845632,0.0,True,3.394112549695429,2.0,0.1,0.06,0.0,44,48
2STEP-VF,9,2,3.95092161420283,-0.9915859602409015,0.006266771695679073,0.0,True,3.394112549695429,2.0,0.1,0.06,0.0,44,49
2STEP-VF,9,2,3.9493329407846836,-0.9945350822010037,0.008805530307713551,0.0,True,3.394112549695429,2.0,0.1,0.06,0.0,44,50
2STEP-VF,9,2,3.946420931546941,-0.9961429330997783,0.00937811392710266,0.0,True,3.394112549695429,2.0,0.1,0.06,0.0,44,51
2STEP-VF,9,2,3.9486537326808215,-1.0015478819782033,0.019151756283598664,0.0,True,3.394112549695429,2.0,0.1,0.06,0.0,44,52
2STEP-VF,9,2,3.9435111669850835,-1.001181467686292,0.036160496199508785,0.0,True,3.394112549695429,2.0,0.1,0.06,0.0,44,53
2STEP-VF,9,2,3.948392187584598,-0.9892104991558822,0.025006792224426644,0.0,True,3.394112549695429,2.0,0.1,0.06,0.0,44,54
2STEP-VF,9,2,3.947065239880654,-0.9941390170916079,0.01748777079274274,0.0,True,3.394112549695429,2.0,0.1,0.06,0.0,44,55
2STEP-VF,9,2,3.9438170841412217,-0.986901768919839,0.021759870853707907,0.0,True,3.394112549695429,2.0,0.1,0.06,0.0,44,56
2STEP-VF,9,2,3.9505077804714555,-0.9795424430883329,0.030075458859073034,0.0,True,3.394112549695429,2.0,0.1,0.06,0.0,44,57
2STEP-VF,9,2,3.9437366626042896,-0.9915422199329568,0.056367948750074434,0.0,True,3.394112549695429,2.0,0.1,0.06,0.0,44,58
2STEP-VF,9,2,3.94578481981872,-0.9862450951602885,0.012695826243671446,0.0,True,3.394112549695429,2.0,0.1,0.06,0.0,44,59
2STEP-VF,9,2,3.9505207137652674,-0.9931505485732873,0.0027732530567336987,0.0,True,3.394112549695429,2.0,0.1,0.06,0.0,44,60
2STEP-VF,9,2,3.9484633165262726,-1.0021387554750096,0.006826170916400504,0.0,True,3.394112549695429,2.0,0.1,0.06,0.0,44,61
2STEP-VF,9,2,3.944932643122358,-0.9863435112111133,0.03191745237630717,0.0,True,3.394112549695429,2.0,0.1,0.06,0.0,44,62
2STEP-VF,9,2,3.9479618928393547,-0.9916984981414884,-0.003334509069046349,0.0,True,3.394112549695429,2.0,0.1,0.06,0.0,44,63
2STEP-VF,9,2,3.9467445273010884,-0.9861269172967785,0.027198381015775985,0.0,True,3.394112549695429,2.0,0.1,0.06,0.0,44,64
2STEP-VF,9,2,3.943597789557244,-0.9918786832895583,0.03412759454759021,0.0,True,3.394112549695429,2.0,0.1,0.06,0.0,44,65
2STEP-VF,9,2,3.950701553310536,-1.0034057987408846,0.003991445708003357,0.0,True,3.394112549695429,2.0,0.1,0.06,0.0,44,66
2STEP-VF,9,2,3.94296290395979,-0.9987012702917824,0.01740025976140281,0.0,True,3.394112549695429,2.0,0.1,0.06,0.0,44,67
2STEP-VF,9,2,3.9481702097316136,-1.0056750221517798,0.01648577302134881,0.0,True,3.394112549695429,2.0,0.1,0.06,0.0,44,68
2STEP-VF,9,2,3.9503909226171956,-1.0031724343424664,0.014924505105695627,0.0,True,3.394112549695429,2.0,0.1,0.06,0.0,44,69
2STEP-VF,9,2,3.9530437835366876,-1.0011895048476405,0.006875308695905101,0.0,True,3.394112549695429,2.0,0.1,0.06,0.0,44,70
2STEP-VF,9,2,3.9461674486401472,-1.005715355344005,0.027025676445805585,0.0,True,3.394112549695429,2.0,0.1,0.06,0.0,44,71
2STEP-VF,9,2,3.9499818952206653,-0.9951365706511419,0.01258014134469774,0.0,True,3.394112549695429,2.0,0.1,0.06,0.0,44,72
2STEP-VF,9,2,3.9517942379701427,-0.9837053025524021,0.007070318463189811,0.0,True,3.394112549695429,2.0,0.1,0.06,0.0,44,73
2STEP-VF,9,2,3.950793069870514,-1.004677706767333,0.016462064427146723,0.0,True,3.394112549695429,2.0,0.1,0.06,0.0,44,74
2STEP-VF,9,2,3.9527232012742215,-1.0032053376161991,0.020779107712661678,0.0,True,3.394112549695429,2.0,0.1,0.06,0.0,44,75
2STEP-VF,9,2,3.9482781313788315,-0.9904473388416616,0.020789768606137505,0.0,True,3.394112549695429,2.0,0.1,0.06,0.0,44,76
2STEP-VF,9,2,3.950518891237078,-0.9995119079948322,0.019083015440891603,0.0,True,3.394112549695429,2.0,0.1,0.06,0.0,44,77
2STEP-VF,9,2,3.9460471951217704,-1.0011178799659657,0.034779170297314116,0.0,True,3.394112549695429,2.0,0.1,0.06,0.0,44,78
2STEP-VF,9,2,3.9503490454525885,-1.001180072113612,0.00863826492859406,0.0,True,3.394112549695429,2.0,0.1,0.06,0.0,44,79
2STEP-VF,9,2,3.9494491946860797,-0.9958662919170282,0.02660907037785068,0.0,True,3.394112549695429,2.0,0.1,0.06,0.0,44,80
2STEP-VF,9,2,3.9507377424958947,-0.9985220384989204,0.010171020654007457,0.0,True,3.394112549695429,2.0,0.1,0.06,0.0,44,81
2STEP-VF,9,2,3.9471669497611077,-0.9994559886930746,0.012894778841320653,0.0,True,3.394112549695429,2.0,0.1,0.06,0.0,44,82
2STEP-VF,9,2,3.958464011530881,-0.9882096493278422,0.009624141664413995,0.0,True,3.394112549695429,2.0,0.1,0.06,0.0,44,83
2STEP-VF,9,2,3.953394976991215,-0.9810398109739551,-0.001181759330915619,0.0,True,3.394112549695429,2.0,0.1,0.06,0.0,44,84
2STEP-VF,9,2,3.944823960188608,-0.9898350715369906,0.028996464094997912,0.0,True,3.394112549695429,2.0,0.1,0.06,0.0,44,85
2STEP-VF,9,2,3.9511054985923484,-0.9958849435321451,-0.0013404974989495977,0.0,True,3.394112549695429,2.0,0.1,0.06,0.0,44,86
2STEP-VF,9,2,3.9445495608391803,-0.9987497489979524,0.015459114287924361,0.0,True,3.394112549695429,2.0,0.1,0.06,0.0,44,87
2STEP-VF,9,2,3.944124178801528,-0.991506191713187,0.05144033033876782,0.0,True,3.394112549695429,2.0,0.1,0.06,0.0,44,88
2STEP-VF,9,2,3.9501417481745698,-0.9906497001550102,0.003951359814643408,0.0,True,3.394112549695429,2.0,0.1,0.06,0.0,44,89
2STEP-VF,9,2,3.9456314334706786,-1.0053012615490118,-0.003934974184893877,0.0,True,3.394112549695429,2.0,0.1,0.06,0.0,44,90
2STEP-VF,9,2,3.9512967056122994,-1.0112853608789965,0.008948362212635013,0.0,True,3.394112549695429,2.0,0.1,0.06,0.0,44,91
2STEP-VF,9,2,3.939977461543495,-0.9991892102118598,0.03499002708515215,0.0,True,3.394112549695429,2.0,0.1,0.06,0.0,44,92
2STEP-VF,9,2,3.944337549716155,-0.9979263223677555,0.03807863596324138,0.0,True,3.394112549695429,2.0,0.1,0.06,0.0,44,93
2STEP-VF,9,2,3.951795919188676,-0.9993514408223235,0.01666221586085365,0.0,True,3.394112549695429,2.0,0.1,0.06,0.0,44,94
2STEP-VF,9,2,3.9488292587147553,-0.9939699938028976,0.024912721022231528,0.0,True,3.394112549695429,2.0,0.1,0.06,0.0,44,95
2STEP-VF,9,2,3.942966056929712,-1.0011956516992673,0.031193616737719452,0.0,True,3.394112549695429,2.0,0.1,0.06,0.0,44,96
2STEP-VF,9,2,3.947144421688536,-0.9956669325873436,0.012220206470402189,0.0,True,3.394112549695429,2.0,0.1,0.06,0.0,44,97
2STEP-VF,9,2,3.9511847779516844,-0.9930945103477865,0.013130273189862908,0.0,True,3.394112549695429,2.0,0.1,0.06,0.0,44,98
2STEP-VF,9,2,3.942422633908735,-0.999973565262274,0.027350107112725935,0.0,True,3.394112549695429,2.0,0.1,0.06,0.0,44,99
2STEP-VF,9,2,1.4232245817391491,-0.2242201723411306,0.029763350012346177,-0.32890531187201555,False,6.788225099390858,2.0,0.2,0.06,0.0,36,0
2STEP-VF,9,2,1.4117376279696678,-0.21659904587827372,0.04064455703418354,-0.6960838573078365,False,6.788225099390858,2.0,0.2,0.06,0.0,36,1
2STEP-VF,9,2,1.4343750655927607,-0.22102257752484253,0.02490466637343614,-0.18043263395476894,False,6.788225099390858,2.0,0.2,0.06,0.0,36,2
2STEP-VF,9,2,1.425967492887919,-0.2099042665530512,0.021947990140862517,-0.11300739520700265,False,6.788225099390858,2.0,0.2,0.06,0.0,36,3
2STEP-VF,9,2,1.4251866289443649,-0.20835515899381363,0.03523196909880908,-0.5418594318400762,False,6.788225099390858,2.0,0.2,0.06,0.0,36,4
2STEP-VF,9,2,1.4273771807404132,-0.21514440079090785,0.03298910658479063,-0.4536622179706967,False,6.788225099390858,2.0,0.2,0.06,0.0,36,5
2STEP-VF,9,2,1.440061886185336,-0.22138411976596675,0.03286091463411403,-0.4338236676822088,False,6.788225099390858,2.0,0.2,0.06,0.0,36,6
2STEP-VF,9,2,1.4221733120451079,-0.21917327382269666,0.025272931925950624,-0.1973875657332418,False,6.788225099390858,2.0,0.2,0.06,0.0,36,7
2STEP-VF,9,2,1.4256465803780853,-0.2104955366098305,0.03316980081362189,-0.47070554334962245,False,6.788225099390858,2.0,0.2,0.06,0.0,36,8
2STEP-VF,9,2,1.436117088155872,-0.21576878676900782,0.03390731640169041,-0.48102201131912237,False,6.788225099390858,2.0,0.2,0.06,0.0,36,9
2STEP-VF,9,2,1.4563780890516191,-0.21573251508151323,0.015805504691553736,0.09936457140900923,False,6.788225099390858,2.0,0.2,0.06,0.0,36,10
2STEP-VF,9,2,1.4357063721258037,-0.2161467926567097,0.03465412778741516,-0.5040374044936339,False,6.788225099390858,2.0,0.2,0.06,0.0,36,11
2STEP-VF,9,2,1.4351114891230152,-0.22028408995973048,0.023793458223864795,-0.14660215791293962,False,6.788225099390858,2.0,0.2,0.06,0.0,36,12
2STEP-VF,9,2,1.4253661404659754,-0.21636351635960477,0.02990648494451449,-0.35221311053345394,False,6.788225099390858,2.0,0.2,0.06,0.0,36,13
2STEP-VF,9,2,1.4125764147014905,-0.2112206717043878,0.03325080750086306,-0.47234164305499804,False,6.788225099390858,2.0,0.2,0.06,0.0,36,14
2STEP-VF,9,2,1.4135270866814793,-0.2057485526487675,0.0423405218921522,-0.7762885489909398,False,6.788225099390858,2.0,0.2,0.06,0.0,36,15
2STEP-VF,9,2,1.4422460160200095,-0.21972320362124032,0.031743961822586084,-0.4019363286705776,False,6.788225099390858,2.0,0.2,0.06,0.0,36,16
2STEP-VF,9,2,1.4349458055633444,-0.22271199832276672,0.03317096474018402,-0.4408653273774482,False,6.788225099390858,2.0,0.2,0.06,0.0,36,17
2STEP-VF,9,2,1.4467386940502556,-0.21304400975604473,0.018856592244856443,-0.005301006777883588,False,6.788225099390858,2.0,0.2,0.06,0.0,36,18
2STEP-VF,9,2,1.434895167477161,-0.2084210929064975,0.033085699875378655,-0.4724380629878936,False,6.788225099390858,2.0,0.2,0.06,0.0,36,19
2STEP-VF,9,2,1.4222390675696137,-0.22569305480230367,0.032754150819244814,-0.4211351506361286,False,6.788225099390858,2.0,0.2,0.06,0.0,36,20
2STEP-VF,9,2,1.4238511762571684,-0.22685944941789657,0.03510790095587893,-0.49355908140974414,False,6.788225099390858,2.0,0.2,0.06,0.0,36,21
2STEP-VF,9,2,1.436418427148044,-0.22385771789975167,0.02706409838376792,-0.242607519692287,False,6.788225099390858,2.0,0.2,0.06,0.0,36,22
2STEP-VF,9,2,1.3996667155846647,-0.2203999015258755,0.035652079970205496,-0.527926792449395,False,6.788225099390858,2.0,0.2,0.06,0.0,36,23
2STEP-VF,9,2,1.4420858161190915,-0.22209716762094786,0.025835450341507166,-0.2071760596708092,False,6.788225099390858,2.0,0.2,0.06,0.0,36,24
2STEP-VF,9,2,1.4372724598449433,-0.20933826340601108,0.029440353607702904,-0.3534431356813701,False,6.788225099390858,2.0,0.2,0.06,0.0,36,25
2STEP-VF,9,2,1.4383600695463172,-0.22472067852963276,0.02399718690149594,-0.14227874820397268,False,6.788225099390858,2.0,0.2,0.06,0.0,36,26
2STEP-VF,9,2,1.4432949422662955,-0.2172296719604125,0.036083961968905905,-0.5467378737640215,False,6.788225099390858,2.0,0.2,0.06,0.0,36,27
2STEP-VF,9,2,1.4280143578099576,-0.22846686183590276,0.03780183224472108,-0.5756573019563107,False,6.788225099390858,2.0,0.2,0.06,0.0,36,28
2STEP-VF,9,2,1.4250700118598256,-0.2206828097001613,0.0361331340734132,-0.5411173463572461,False,6.788225099390858,2.0,0.2,0.06,0.0,36,29
2STEP-VF,9,2,1.4345318673838308,-0.21930693716991093,0.02153682601217855,-0.07676987113889755,False,6.788225099390858,2.0,0.2,0.06,0.0,36,30
2STEP-VF,9,2,1.4148683502808996,-0.21157640955245857,0.035650979672500596,-0.5481558655772648,False,6.788225099390858,2.0,0.2,0.06,0.0,36,31
2STEP-VF,9,2,1.4143260820353087,-0.21296296050473393,0.03512397945468258,-0.5279966724163629,False,6.788225099390858,2.0,0.2,0.06,0.0,36,32
2STEP-VF,9,2,1.418669116175949,-0.20755599428360044,0.03534741898843518,-0.5478628743787279,False,6.788225099390858,2.0,0.2,0.06,0.0,36,33
2STEP-VF,9,2,1.4331738894822632,-0.21416894867094027,0.03365778675338541,-0.477053265929141,False,6.788225099390858,2.0,0.2,0.06,0.0,36,34
2STEP-VF,9,2,1.4343574976668017,-0.228743006006176,0.03172157693713775,-0.3800457977135778,False,6.788225099390858,2.0,0.2,0.06,0.0,36,35
2STEP-VF,9,2,1.420454649409597,-0.20438456112535347,0.04194313941684032,-0.7664302356734662,False,6.788225099390858,2.0,0.2,0.06,0.0,36,36
2STEP-VF,9,2,1.4250072498332738,-0.20832683821091313,0.038539097670570545,-0.6477662787620697,False,6.788225099390858,2.0,0.2,0.06,0.0,36,37
2STEP-VF,9,2,1.4222657033612003,-0.2253883576040876,0.026651866136350087,-0.22659171591172078,False,6.788225099390858,2.0,0.2,0.06,0.0,36,38
2STEP-VF,9,2,1.4086122364183762,-0.21604441073953748,0.036065657125215804,-0.5510777080469135,False,6.788225099390858,2.0,0.2,0.06,0.0,36,39
2STEP-VF,9,2,1.4338394700523969,-0.2122616333851312,0.029196910803388095,-0.33884285738096054,False,6.788225099390858,2.0,0.2,0.06,0.0,36,40
2STEP-VF,9,2,1.437707143049836,-0.20723211453453838,0.030197868065759213,-0.38271227463841284,False,6.788225099390858,2.0,0.2,0.06,0.0,36,41
2STEP-VF,9,2,1.4398901588293698,-0.2236484012639801,0.02523761596205293,-0.18445413822237955,False,6.788225099390858,2.0,0.2,0.06,0.0,36,42
2STEP-VF,9,2,1.4349270305828667,-0.21051263414876104,0.03378660750693992,-0.48984549643007913,False,6.788225099390858,2.0,0.2,0.06,0.0,36,43
2STEP-VF,9,2,1.4438894703475473,-0.21211828431834243,0.03096898490340881,-0.3952902663242075,False,6.788225099390858,2.0,0.2,0.06,0.0,36,44
2STEP-VF,9,2,1.4188284103557076,-0.20773253052420454,0.03566207405719533,-0.5574985919508173,False,6.788225099390858,2.0,0.2,0.06,0.0,36,45
2STEP-VF,9,2,1.4301733007556245,-0.21808512918571896,0.03472934381786233,-0.5021242940805317,False,6.788225099390858,2.0,0.2,0.06,0.0,36,46
2STEP-VF,9,2,1.4434025607297536,-0.22374089743661868,0.029726173120721153,-0.32765523237140715,False,6.788225099390858,2.0,0.2,0.06,0.0,36,47
2STEP-VF,9,2,1.4367557873489392,-0.21054591366858316,0.025498659419096445,-0.2244415613655506,False,6.788225099390858,2.0,0.2,0.06,0.0,36,48
2STEP-VF,9,2,1.4365390019958229,-0.22823161136424172,0.027376744337581537,-0.24210761140867987,False,6.788225099390858,2.0,0.2,0.06,0.0,36,49
2STEP-VF,9,2,1.4506040848904458,-0.22830505661254882,0.019180807872194703,0.021182529053313304,False,6.788225099390858,2.0,0.2,0.06,0.0,36,50
2STEP-VF,9,2,1.4278762432808472,-0.21392816500585302,0.034775799973420896,-0.5137254285385708,False,6.788225099390858,2.0,0.2,0.06,0.0,36,51
2STEP-VF,9,2,1.4284006160757132,-0.21933996748906537,0.03455978010667508,-0.49379300447530305,False,6.788225099390858,2.0,0.2,0.06,0.0,36,52
2STEP-VF,9,2,1.450312513243125,-0.21679954491369824,0.026098072804805337,-0.22780067116630776,False,6.788225099390858,2.0,0.2,0.06,0.0,36,53
2STEP-VF,9,2,1.4362211526445716,-0.21614792219419787,0.02994986094568497,-0.3534672678371701,False,6.788225099390858,2.0,0.2,0.06,0.0,36,54
2STEP-VF,9,2,1.4376430421977247,-0.22150811997297995,0.021973213755646977,-0.08526476971368802,False,6.788225099390858,2.0,0.2,0.06,0.0,36,55
2STEP-VF,9,2,1.4542501531419096,-0.21716513911648538,0.02317972549356902,-0.1332998727261293,False,6.788225099390858,2.0,0.2,0.06,0.0,36,56
2STEP-VF,9,2,1.4419590539243408,-0.22305643763023586,0.029665070170319552,-0.3274292519021994,False,6.788225099390858,2.0,0.2,0.06,0.0,36,57
2STEP-VF,9,2,1.4286662848908231,-0.22638814107477256,0.028059112884129246,-0.2688400966192326,False,6.788225099390858,2.0,0.2,0.06,0.0,36,58
2STEP-VF,9,2,1.4358744047060843,-0.22032306783078578,0.02219468998815555,-0.0953022525447269,False,6.788225099390858,2.0,0.2,0.06,0.0,36,59
2STEP-VF,9,2,1.434464428869656,-0.20995096337584837,0.03219993551080505,-0.4404477585115464,False,6.788225099390858,2.0,0.2,0.06,0.0,36,60
2STEP-VF,9,2,1.446695278832607,-0.2070485012970533,0.02639121935404704,-0.2608008994866211,False,6.788225099390858,2.0,0.2,0.06,0.0,36,61
2STEP-VF,9,2,1.4354233905750196,-0.22643584459884758,0.033763661084637714,-0.4508657242366717,False,6.788225099390858,2.0,0.2,0.06,0.0,36,62
2STEP-VF,9,2,1.4173088051640683,-0.20856293751459679,0.04252805575812773,-0.7753082059152112,False,6.788225099390858,2.0,0.2,0.06,0.0,36,63
2STEP-VF,9,2,1.4226243922174948,-0.21658553622820956,0.025062981743300565,-0.19685266530486567,False,6.788225099390858,2.0,0.2,0.06,0.0,36,64
2STEP-VF,9,2,1.4310287364749317,-0.22084814915702564,0.03453459887636576,-0.489209881878347,False,6.788225099390858,2.0,0.2,0.06,0.0,36,65
2STEP-VF,9,2,1.4350358772709217,-0.2133026467259122,0.02744506186140985,-0.2802134747866708,False,6.788225099390858,2.0,0.2,0.06,0.0,36,66
2STEP-VF,9,2,1.4358051890603825,-0.22738279680445314,0.035212568264601875,-0.49493516079294975,False,6.788225099390858,2.0,0.2,0.06,0.0,36,67
2STEP-VF,9,2,1.4341590426318318,-0.22407000379412237,0.03304533666773351,-0.433633221703669,False,6.788225099390858,2.0,0.2,0.06,0.0,36,68
2STEP-VF,9,2,1.4390865072584786,-0.22798537508084138,0.030397239779170106,-0.3392015823039156,False,6.788225099390858,2.0,0.2,0.06,0.0,36,69
2STEP-VF,9,2,1.423734193526081,-0.21703786011609943,0.03513074713229293,-0.5178689923431705,False,6.788225099390858,2.0,0.2,0.06,0.0,36,70
2STEP-VF,9,2,1.4240871007425908,-0.2164770294222873,0.02897275190152188,-0.32213796419065543,False,6.788225099390858,2.0,0.2,0.06,0.0,36,71
2STEP-VF,9,2,1.4399772557041182,-0.2143502149699267,0.02874930403603262,-0.31913857788297295,False,6.788225099390858,2.0,0.2,0.06,0.0,36,72
2STEP-VF,9,2,1.4339977376582655,-0.21380987270557647,0.03231521122400771,-0.43490320041536756,False,6.788225099390858,2.0,0.2,0.06,0.0,36,73
2STEP-VF,9,2,1.4420251688782704,-0.2162771709601045,0.026912666203255824,-0.2556185980672395,False,6.788225099390858,2.0,0.2,0.06,0.0,36,74
2STEP-VF,9,2,1.4496387140396356,-0.21814683981469163,0.024279381434452414,-0.16640946750483943,False,6.788225099390858,2.0,0.2,0.06,0.0,36,75
2STEP-VF,9,2,1.4200710431807415,-0.22025039124321577,0.02993181409812893,-0.34401284956556366,False,6.788225099390858,2.0,0.2,0.06,0.0,36,76
2STEP-VF,9,2,1.4030254226862395,-0.217225521651911,0.03731996164026047,-0.5887159951625744,False,6.788225099390858,2.0,0.2,0.06,0.0,36,77
2STEP-VF,9,2,1.430477157502143,-0.22362287178687817,0.025456926873663997,-0.19209813821861188,False,6.788225099390858,2.0,0.2,0.06,0.0,36,78
2STEP-VF,9,2,1.4282737441762225,-0.22165384023046122,0.030469853044099958,-0.3573696562075186,False,6.788225099390858,2.0,0.2,0.06,0.0,36,79
2STEP-VF,9,2,1.4569685214847312,-0.22265604638259445,0.017719609058738116,0.05476513272769068,False,6.788225099390858,2.0,0.2,0.06,0.0,36,80
2STEP-VF,9,2,1.420355802652751,-0.21993935471257883,0.03576513779668624,-0.5314086100246057,False,6.788225099390858,2.0,0.2,0.06,0.0,36,81
2STEP-VF,9,2,1.419249735049302,-0.21075358698547186,0.03341551880878933,-0.47833300901316833,False,6.788225099390858,2.0,0.2,0.06,0.0,36,82
2STEP-VF,9,2,1.444133824162782,-0.22435685570891228,0.0292997497695265,-0.31248750947369186,False,6.788225099390858,2.0,0.2,0.06,0.0,36,83
2STEP-VF,9,2,1.4221728272648364,-0.2079862037769409,0.03299049629478403,-0.4711986227325409,False,6.788225099390858,2.0,0.2,0.06,0.0,36,84
2STEP-VF,9,2,1.4410030848624251,-0.2154434454876191,0.026658009450811173,-0.24953184816392648,False,6.788225099390858,2.0,0.2,0.06,0.0,36,85
2STEP-VF,9,2,1.4265978171080305,-0.21736990672263526,0.02784199501788875,-0.2836601954116338,False,6.788225099390858,2.0,0.2,0.06,0.0,36,86
2STEP-VF,9,2,1.417689608259907,-0.21006009900019051,0.04016245840265458,-0.6959930547888952,False,6.788225099390858,2.0,0.2,0.06,0.0,36,87
2STEP-VF,9,2,1.4458357933677395,-0.2112791334834011,0.033336427974043584,-0.47294562720716793,False,6.788225099390858,2.0,0.2,0.06,0.0,36,88
2STEP-VF,9,2,1.4357755722620045,-0.21499495541013378,0.027192604775469694,-0.26802892549498913,False,6.788225099390858,2.0,0.2,0.06,0.0,36,89
2STEP-VF,9,2,1.4367588000098794,-0.218940427221688,0.03442791288640351,-0.4900306590322686,False,6.788225099390858,2.0,0.2,0.06,0.0,36,90
2STEP-VF,9,2,1.442417667995824,-0.21019639237147644,0.0298852114419055,-0.36531036436968334,False,6.788225099390858,2.0,0.2,0.06,0.0,36,91
2STEP-VF,9,2,1.4517052264627446,-0.21983692453629025,0.026911592296356555,-0.2464600210085488,False,6.788225099390858,2.0,0.2,0.06,0.0,36,92
2STEP-VF,9,2,1.4371538701197792,-0.20796276029420072,0.032766926553005185,-0.46320179278289775,False,6.788225099390858,2.0,0.2,0.06,0.0,36,93
2STEP-VF,9,2,1.4303287153262383,-0.2134490534804212,0.03155813409819342,-0.4117628398696045,False,6.788225099390858,2.0,0.2,0.06,0.0,36,94
2STEP-VF,9,2,1.4158458939491334,-0.207904787846212,0.029070275288258653,-0.3463265647564203,False,6.788225099390858,2.0,0.2,0.06,0.0,36,95
2STEP-VF,9,2,1.4249320076911296,-0.20847138550707614,0.032881895904650495,-0.4663934232703655,False,6.788225099390858,2.0,0.2,0.06,0.0,36,96
2STEP-VF,9,2,1.4311826000012622,-0.2122550759296452,0.028975513758774635,-0.3319333020495643,False,6.788225099390858,2.0,0.2,0.06,0.0,36,97
2STEP-VF,9,2,1.4399879398677156,-0.22638203398498113,0.027752787575909516,-0.25837304447308707,False,6.788225099390858,2.0,0.2,0.06,0.0,36,98
2STEP-VF,9,2,1.4425535553811792,-0.2160013127723356,0.02455749653855324,-0.18088352525722773,False,6.788225099390858,2.0,0.2,0.06,0.0,36,99
2STEP-VF,9,2,2.92034251070953,-0.3825337292391856,0.03144851239398208,0.08694910420919055,False,6.788225099390858,2.0,0.2,0.06,0.0,40,0
2STEP-VF,9,2,2.8819893434671844,-0.3832139247663435,0.05643084978579978,-0.7131544130983378,False,6.788225099390858,2.0,0.2,0.06,0.0,40,1
2STEP-VF,9,2,2.8961846115583656,-0.37934688752227347,0.04031021561471086,-0.20572329292378955,False,6.788225099390858,2.0,0.2,0.06,0.0,40,2
2STEP-VF,9,2,2.883359583076949,-0.3813589344867532,0.03872456143942107,-0.15092294830864983,False,6.788225099390858,2.0,0.2,0.06,0.0,40,3
2STEP-VF,9,2,2.8599167225521827,-0.36849131720488,0.05121948059354695,-0.5830492143486601,False,6.788225099390858,2.0,0.2,0.06,0.0,40,4
2STEP-VF,9,2,2.9064343279139093,-0.3754949330201151,0.0472373949102751,-0.43602273820569293,False,6.788225099390858,2.0,0.2,0.06,0.0,40,5
2STEP-VF,9,2,2.8664720922519225,-0.37712905648715683,0.0460475123462444,-0.3964223339755293,False,6.788225099390858,2.0,0.2,0.06,0.0,40,6
2STEP-VF,9,2,2.8939449044821,-0.3795843352143728,0.04648985717177277,-0.40303633071330824,False,6.788225099390858,2.0,0.2,0.06,0.0,40,7
2STEP-VF,9,2,2.8605717836011184,-0.39320611372341513,0.06627411000510343,-1.0054425402110467,False,6.788225099390858,2.0,0.2,0.06,0.0,40,8
2STEP-VF,9,2,2.897110009947548,-0.39105560392118816,0.046877167836969526,-0.38770932077532083,False,6.788225099390858,2.0,0.2,0.06,0.0,40,9
2STEP-VF,9,2,2.8971978168213703,-0.37813001464510215,0.044787264158555766,-0.3518485489162575,False,6.788225099390858,2.0,0.2,0.06,0.0,40,10
2STEP-VF,9,2,2.894354124047982,-0.37756548625396597,0.04111540074400227,-0.23587440935567572,False,6.788225099390858,2.0,0.2,0.06,0.0,40,11
2STEP-VF,9,2,2.875821516638538,-0.38516408515225664,0.05126516637944654,-0.5435422287785616,False,6.788225099390858,2.0,0.2,0.06,0.0,40,12
2STEP-VF,9,2,2.8565969437962555,-0.3900395795125903,0.03561952373750464,-0.03233395214215684,False,6.788225099390858,2.0,0.2,0.06,0.0,40,13
2STEP-VF,9,2,2.88373645428838,-0.3819975904391752,0.052789343739419396,-0.5994405953500979,False,6.788225099390858,2.0,0.2,0.06,0.0,40,14
2STEP-VF,9,2,2.874505368370045,-0.3668552400495928,0.05367835535975108,-0.6647844732908095,False,6.788225099390858,2.0,0.2,0.06,0.0,40,15
2STEP-VF,9,2,2.8761181681463914,-0.37660495695132945,0.05516835371881589,-0.6889683322301348,False,6.788225099390858,2.0,0.2,0.06,0.0,40,16
2STEP-VF,9,2,2.900102504008265,-0.37163557398414954,0.0480995561668074,-0.4732542695353825,False,6.788225099390858,2.0,0.2,0.06,0.0,40,17
2STEP-VF,9,2,2.88923003438951,-0.35835518233446795,0.052750681138514076,-0.6546155567663572,False,6.788225099390858,2.0,0.2,0.06,0.0,40,18
2STEP-VF,9,2,2.9093544052915767,-0.38844931738181276,0.04410079029193905,-0.3043856633082047,False,6.788225099390858,2.0,0.2,0.06,0.0,40,19
2STEP-VF,9,2,2.910574216005786,-0.38252136826418776,0.04266241621980757,-0.2725115822394448,False,6.788225099390858,2.0,0.2,0.06,0.0,40,20
2STEP-VF,9,2,2.888050056874475,-0.3932705331272717,0.034733791274915424,0.005650962120626657,False,6.788225099390858,2.0,0.2,0.06,0.0,40,21
2STEP-VF,9,2,2.882636738258906,-0.38889072960097243,0.047740099419272715,-0.42138722607885915,False,6.788225099390858,2.0,0.2,0.06,0.0,40,22
2STEP-VF,9,2,2.8999560203853387,-0.3898658084510075,0.04565084124110029,-0.3511516182096712,False,6.788225099390858,2.0,0.2,0.06,0.0,40,23
2STEP-VF,9,2,2.9182524475017604,-0.38869455200330116,0.03701172023504999,-0.07641297586357165,False,6.788225099390858,2.0,0.2,0.06,0.0,40,24
2STEP-VF,9,2,2.882957464355783,-0.38724918454560714,0.048094551201761995,-0.4366501476855802,False,6.788225099390858,2.0,0.2,0.06,0.0,40,25
2STEP-VF,9,2,2.878603500218098,-0.3790506216369229,0.04557252714443409,-0.3758831666801905,False,6.788225099390858,2.0,0.2,0.06,0.0,40,26
2STEP-VF,9,2,2.880514403943494,-0.38171566570845605,0.06158794041052385,-0.8818656311998596,False,6.788225099390858,2.0,0.2,0.06,0.0,40,27
2STEP-VF,9,2,2.8380568258636267,-0.38065054908404045,0.06336071733726913,-0.9436982274390979,False,6.788225099390858,2.0,0.2,0.06,0.0,40,28
2STEP-VF,9,2,2.8453192012902213,-0.37671871515221556,0.06382341517511073,-0.967505217160813,False,6.788225099390858,2.0,0.2,0.06,0.0,40,29
2STEP-VF,9,2,2.9088747129137253,-0.3898621849901784,0.04002243699485658,-0.17051625708415918,False,6.788225099390858,2.0,0.2,0.06,0.0,40,30
2STEP-VF,9,2,2.8906427935685715,-0.3668820462790525,0.04161838552748984,-0.2778328581958347,False,6.788225099390858,2.0,0.2,0.06,0.0,40,31
2STEP-VF,9,2,2.893628264505186,-0.3848385230141871,0.03461838554143166,-0.010558186221453214,False,6.788225099390858,2.0,0.2,0.06,0.0,40,32
2STEP-VF,9,2,2.9095503774355334,-0.3875024872150607,0.04294135337627045,-0.2695443160783768,False,6.788225099390858,2.0,0.2,0.06,0.0,40,33
2STEP-VF,9,2,2.8524398346512583,-0.37778512430256317,0.06265139835297687,-0.9270140588900331,False,6.788225099390858,2.0,0.2,0.06,0.0,40,34
2STEP-VF,9,2,2.878259717959162,-0.3798229947842724,0.05514820532259577,-0.6804717997632617,False,6.788225099390858,2.0,0.2,0.06,0.0,40,35
2STEP-VF,9,2,2.8762150469941066,-0.3789257101767383,0.046326881951203706,-0.4004656151947006,False,6.788225099390858,2.0,0.2,0.06,0.0,40,36
2STEP-VF,9,2,2.887275074398375,-0.3868241873312768,0.04388781300996004,-0.3027954622597546,False,6.788225099390858,2.0,0.2,0.06,0.0,40,37
2STEP-VF,9,2,2.8688265117456693,-0.3714666369754659,0.03606982893889996,-0.09058500659894086,False,6.788225099390858,2.0,0.2,0.06,0.0,40,38
2STEP-VF,9,2,2.8896253048452993,-0.37045614457603837,0.04598914535918458,-0.40918038622069686,False,6.788225099390858,2.0,0.2,0.06,0.0,40,39
2STEP-VF,9,2,2.919513803503377,-0.3665739172081636,0.04234058419087729,-0.299950464598278,False,6.788225099390858,2.0,0.2,0.06,0.0,40,40
2STEP-VF,9,2,2.8828824929805146,-0.3652561453652518,0.056626146665415426,-0.762448994837859,False,6.788225099390858,2.0,0.2,0.06,0.0,40,41
2STEP-VF,9,2,2.9082180221506997,-0.37674459703525637,0.04462765900671871,-0.34940497400134163,False,6.788225099390858,2.0,0.2,0.06,0.0,40,42
2STEP-VF,9,2,2.878510591577308,-0.39130586823209,0.05280114039838889,-0.5777917734967903,False,6.788225099390858,2.0,0.2,0.06,0.0,40,43
2STEP-VF,9,2,2.881452558250499,-0.38851529952477487,0.04896193356363982,-0.46145800168198514,False,6.788225099390858,2.0,0.2,0.06,0.0,40,44
2STEP-VF,9,2,2.881722826761405,-0.3813636868314909,0.03982835694942632,-0.18633120438037998,False,6.788225099390858,2.0,0.2,0.06,0.0,40,45
2STEP-VF,9,2,2.874410960779263,-0.3641228368185995,0.05306641545245756,-0.6517658284672478,False,6.788225099390858,2.0,0.2,0.06,0.0,40,46
2STEP-VF,9,2,2.899280034390027,-0.3737052595989043,0.041975852168022035,-0.27237784427593326,False,6.788225099390858,2.0,0.2,0.06,0.0,40,47
2STEP-VF,9,2,2.88616226996,-0.3717611420613247,0.04339503544524025,-0.32324465710290906,False,6.788225099390858,2.0,0.2,0.06,0.0,40,48
2STEP-VF,9,2,2.8894055179307685,-0.3721169168739932,0.04297208231239392,-0.3086617024231759,False,6.788225099390858,2.0,0.2,0.06,0.0,40,49
2STEP-VF,9,2,2.8675302274019274,-0.37611407293474747,0.05271343912569101,-0.6121044633346031,False,6.788225099390858,2.0,0.2,0.06,0.0,40,50
2STEP-VF,9,2,2.882720930949311,-0.3696653718418341,0.047086774955578586,-0.4466166503011546,False,6.788225099390858,2.0,0.2,0.06,0.0,40,51
2STEP-VF,9,2,2.862053394993376,-0.4005044743871628,0.05266976545455755,-0.5524985523170489,False,6.788225099390858,2.0,0.2,0.06,0.0,40,52
2STEP-VF,9,2,2.8893631984178825,-0.37830896102394374,0.05231121566136534,-0.5926556028011534,False,6.788225099390858,2.0,0.2,0.06,0.0,40,53
2STEP-VF,9,2,2.8794038554686465,-0.36429800793657396,0.049486171139353406,-0.5364780260834132,False,6.788225099390858,2.0,0.2,0.06,0.0,40,54
2STEP-VF,9,2,2.890974279807528,-0.3788859818330119,0.053026492125157074,-0.6140629348173465,False,6.788225099390858,2.0,0.2,0.06,0.0,40,55
2STEP-VF,9,2,2.8921437607345943,-0.3889076553031055,0.03344791119198921,0.03657384022787369,False,6.788225099390858,2.0,0.2,0.06,0.0,40,56
2STEP-VF,9,2,2.899056111637671,-0.37851329028528424,0.05218616308517913,-0.5875819553427901,False,6.788225099390858,2.0,0.2,0.06,0.0,40,57
2STEP-VF,9,2,2.8953621876697135,-0.3735438832365839,0.04487713876705614,-0.36584138951781253,False,6.788225099390858,2.0,0.2,0.06,0.0,40,58
2STEP-VF,9,2,2.8938831594069665,-0.3830351426386679,0.04481879764737992,-0.34128419281893696,False,6.788225099390858,2.0,0.2,0.06,0.0,40,59
2STEP-VF,9,2,2.8821696493236604,-0.3847231534589305,0.0510284322272253,-0.5366440840103572,False,6.788225099390858,2.0,0.2,0.06,0.0,40,60
2STEP-VF,9,2,2.8783537575800486,-0.39349457855098907,0.05654423784412816,-0.6923273970349251,False,6.788225099390858,2.0,0.2,0.06,0.0,40,61
2STEP-VF,9,2,2.8848197663595037,-0.3635589922591674,0.05409175976833612,-0.6853055451831844,False,6.788225099390858,2.0,0.2,0.06,0.0,40,62
2STEP-VF,9,2,2.870736374318068,-0.3775928206357966,0.05576477238328823,-0.706005764280228,False,6.788225099390858,2.0,0.2,0.06,0.0,40,63
2STEP-VF,9,2,2.8830797124813916,-0.36429133066016767,0.042946456001388696,-0.32700261571115274,False,6.788225099390858,2.0,0.2,0.06,0.0,40,64
2STEP-VF,9,2,2.917680011033338,-0.38534113517898255,0.03717095041328507,-0.08959088813356408,False,6.788225099390858,2.0,0.2,0.06,0.0,40,65
2STEP-VF,9,2,2.900302733181186,-0.3764143631255559,0.04474913431934885,-0.35455966272695827,False,6.788225099390858,2.0,0.2,0.06,0.0,40,66
2STEP-VF,9,2,2.8829197717343766,-0.3719927320437644,0.04484306601425077,-0.3692203692469278,False,6.788225099390858,2.0,0.2,0.06,0.0,40,67
2STEP-VF,9,2,2.8723018804604528,-0.3801743870469103,0.0593770090471065,-0.8153076477671966,False,6.788225099390858,2.0,0.2,0.06,0.0,40,68
2STEP-VF,9,2,2.897708383041465,-0.37717957076491576,0.04743873768994102,-0.43894613325982745,False,6.788225099390858,2.0,0.2,0.06,0.0,40,69
2STEP-VF,9,2,2.9056638987289065,-0.3739516340688245,0.037874300323161796,-0.1401538546522645,False,6.788225099390858,2.0,0.2,0.06,0.0,40,70
2STEP-VF,9,2,2.8765181829736273,-0.3760573973834023,0.04801617445564372,-0.4613887378820163,False,6.788225099390858,2.0,0.2,0.06,0.0,40,71
2STEP-VF,9,2,2.8868883979177777,-0.38208318868353675,0.03862097578513657,-0.14565826840881568,False,6.788225099390858,2.0,0.2,0.06,0.0,40,72
2STEP-VF,9,2,2.8572651657693746,-0.3657250474153868,0.0459404932149784,-0.4209197591362184,False,6.788225099390858,2.0,0.2,0.06,0.0,40,73
2STEP-VF,9,2,2.910343167739701,-0.38184320924923826,0.04222150047428417,-0.2600437229145398,False,6.788225099390858,2.0,0.2,0.06,0.0,40,74
2STEP-VF,9,2,2.887165811334704,-0.3696070397646388,0.04065426564341158,-0.24064965647395553,False,6.788225099390858,2.0,0.2,0.06,0.0,40,75
2STEP-VF,9,2,2.886146606431739,-0.388885938267636,0.03660986916019698,-0.06502076489807274,False,6.788225099390858,2.0,0.2,0.06,0.0,40,76
2STEP-VF,9,2,2.895320024950221,-0.37873778616872816,0.04503678646231408,-0.35848727849209006,False,6.788225099390858,2.0,0.2,0.06,0.0,40,77
2STEP-VF,9,2,2.892997244606291,-0.3738369112677363,0.04079856767520388,-0.23476574388757987,False,6.788225099390858,2.0,0.2,0.06,0.0,40,78
2STEP-VF,9,2,2.913409384122874,-0.3852878052455045,0.03600723251430215,-0.052736144821085906,False,6.788225099390858,2.0,0.2,0.06,0.0,40,79
2STEP-VF,9,2,2.8666369901580757,-0.3860455573562492,0.049451745437175794,-0.4839482969251434,False,6.788225099390858,2.0,0.2,0.06,0.0,40,80
2STEP-VF,9,2,2.8937143182782594,-0.37044874885629636,0.043515708768490605,-0.3298028242398927,False,6.788225099390858,2.0,0.2,0.06,0.0,40,81
2STEP-VF,9,2,2.9151165945407813,-0.39951318063543545,0.05638931769722237,-0.6707195371136243,False,6.788225099390858,2.0,0.2,0.06,0.0,40,82
2STEP-VF,9,2,2.8749679449800825,-0.37410090799389156,0.06158796875301115,-0.9004747442122127,False,6.788225099390858,2.0,0.2,0.06,0.0,40,83
2STEP-VF,9,2,2.88817677085553,-0.3812062895635952,0.05336781933129661,-0.6195845173975318,False,6.788225099390858,2.0,0.2,0.06,0.0,40,84
2STEP-VF,9,2,2.87798735387721,-0.37419387368049445,0.04666948926119968,-0.42267911829257065,False,6.788225099390858,2.0,0.2,0.06,0.0,40,85
2STEP-VF,9,2,2.8917421494338376,-0.39866008745307263,0.04679909417910392,-0.3672822748779212,False,6.788225099390858,2.0,0.2,0.06,0.0,40,86
2STEP-VF,9,2,2.867184763842486,-0.38429995614944945,0.04128080146294544,-0.22663466622502648,False,6.788225099390858,2.0,0.2,0.06,0.0,40,87
2STEP-VF,9,2,2.8797259397705393,-0.37699411997147453,0.03377215739160314,-0.0031395922135295518,False,6.788225099390858,2.0,0.2,0.06,0.0,40,88
2STEP-VF,9,2,2.8810021462362996,-0.35829503841691973,0.04996022518037165,-0.565958984797108,False,6.788225099390858,2.0,0.2,0.06,0.0,40,89
2STEP-VF,9,2,2.8845763205251664,-0.3656069655813589,0.05631505342098735,-0.7515504128448245,False,6.788225099390858,2.0,0.2,0.06,0.0,40,90
2STEP-VF,9,2,2.9027555089447947,-0.38088122874678737,0.03544554767769794,-0.0459772461573571,False,6.788225099390858,2.0,0.2,0.06,0.0,40,91
2STEP-VF,9,2,2.888938102041771,-0.3886248315300449,0.05408557000238908,-0.6247023582818372,False,6.788225099390858,2.0,0.2,0.06,0.0,40,92
2STEP-VF,9,2,2.8942964494621606,-0.38113085245652045,0.04644223953821032,-0.39777983235935177,False,6.788225099390858,2.0,0.2,0.06,0.0,40,93
2STEP-VF,9,2,2.901066281289255,-0.3916200133679182,0.05049551519538269,-0.5019044772918875,False,6.788225099390858,2.0,0.2,0.06,0.0,40,94
2STEP-VF,9,2,2.8926207360706924,-0.37869599337537657,0.03769010704262218,-0.12365579709876462,False,6.788225099390858,2.0,0.2,0.06,0.0,40,95
2STEP-VF,9,2,2.8550400303920638,-0.3784395207202098,0.05736577807035454,-0.7561476466993184,False,6.788225099390858,2.0,0.2,0.06,0.0,40,96
2STEP-VF,9,2,2.875124718519592,-0.36620094601239056,0.06118883022659683,-0.9066528137101861,False,6.788225099390858,2.0,0.2,0.06,0.0,40,97
2STEP-VF,9,2,2.8718557216676466,-0.3811910684110213,0.05470336699295627,-0.6633378362880913,False,6.788225099390858,2.0,0.2,0.06,0.0,40,98
2STEP-VF,9,2,2.8753487614732482,-0.37641410100994177,0.050845098970041774,-0.551128398929082,False,6.788225099390858,2.0,0.2,0.06,0.0,40,99
2STEP-VF,9,2,5.053829922541931,-0.6017759696800914,0.0692586679929111,-0.46878525318842046,False,6.788225099390858,2.0,0.2,0.06,0.0,44,0
2STEP-VF,9,2,5.091959896553749,-0.5757173702946803,0.047339253137357915,0.1723831821050037,False,6.788225099390858,2.0,0.2,0.06,0.0,44,1
2STEP-VF,9,2,5.08742490404221,-0.5898704333972703,0.07194995601317476,-0.5814640580256114,False,6.788225099390858,2.0,0.2,0.06,0.0,44,2
2STEP-VF,9,2,5.091765030740359,-0.5916725884893285,0.059965082416787,-0.19336252311837465,False,6.788225099390858,2.0,0.2,0.06,0.0,44,3
2STEP-VF,9,2,5.061775204598205,-0.5842733429528207,0.07968881832302382,-0.8440796509741006,False,6.788225099390858,2.0,0.2,0.06,0.0,44,4
2STEP-VF,9,2,5.046978039322581,-0.5798952273473683,0.08294630823237611,-0.9597146354429973,False,6.788225099390858,2.0,0.2,0.06,0.0,44,5
2STEP-VF,9,2,5.076724553073976,-0.5789355808891647,0.06376233701021229,-0.3463459170083598,False,6.788225099390858,2.0,0.2,0.06,0.0,44,6
2STEP-VF,9,2,5.086628925549063,-0.5980255961172285,0.054831672513040844,-0.014154354203015362,False,6.788225099390858,2.0,0.2,0.06,0.0,44,7
2STEP-VF,9,2,5.077248202013474,-0.5974838648160793,0.0662069308831517,-0.3800256205814563,False,6.788225099390858,2.0,0.2,0.06,0.0,44,8
2STEP-VF,9,2,5.102432537780093,-0.5961318695835861,0.0602860185837754,-0.1922901554134011,False,6.788225099390858,2.0,0.2,0.06,0.0,44,9
2STEP-VF,9,2,5.114920190428827,-0.5912949176122893,0.060864788588567684,-0.22167022113894275,False,6.788225099390858,2.0,0.2,0.06,0.0,44,10
2STEP-VF,9,2,5.095950286862775,-0.5724456860894308,0.06498914744011978,-0.4000260542574332,False,6.788225099390858,2.0,0.2,0.06,0.0,44,11
2STEP-VF,9,2,5.056436563096333,-0.587537113055287,0.0837439364814961,-0.9663307022894068,False,6.788225099390858,2.0,0.2,0.06,0.0,44,12
2STEP-VF,9,2,5.091288798920938,-0.6074790967063475,0.04087723861015013,0.45535552450568595,False,6.788225099390858,2.0,0.2,0.06,0.0,44,13
2STEP-VF,9,2,5.065056678054605,-0.5981779764289169,0.07291510244047389,-0.593752733982488,False,6.788225099390858,2.0,0.2,0.06,0.0,44,14
2STEP-VF,9,2,5.096694438702061,-0.5997392164826132,0.05275863683738693,0.0568994070840132,False,6.788225099390858,2.0,0.2,0.06,0.0,44,15
2STEP-VF,9,2,5.09314321420207,-0.6017315022723895,0.05889060133340502,-0.13475504436310204,False,6.788225099390858,2.0,0.2,0.06,0.0,44,16
2STEP-VF,9,2,5.098523708465721,-0.5889021411787111,0.047907027965253084,0.18625166644875057,False,6.788225099390858,2.0,0.2,0.06,0.0,44,17
2STEP-VF,9,2,5.065662744010629,-0.5885512319368986,0.07980879293988738,-0.8374186527872023,False,6.788225099390858,2.0,0.2,0.06,0.0,44,18
2STEP-VF,9,2,5.077581575094929,-0.6021645037862611,0.057077104641110404,-0.07661764492281109,False,6.788225099390858,2.0,0.2,0.06,0.0,44,19
2STEP-VF,9,2,5.089901125707316,-0.5752614019097347,0.060556691986968655,-0.2517927114571952,False,6.788225099390858,2.0,0.2,0.06,0.0,44,20
2STEP-VF,9,2,5.117437507140563,-0.592706104206635,0.05371769228435221,0.010574747425086573,False,6.788225099390858,2.0,0.2,0.06,0.0,44,21
2STEP-VF,9,2,5.113802438593728,-0.583726457818702,0.06369202206413534,-0.33037306097182273,False,6.788225099390858,2.0,0.2,0.06,0.0,44,22
2STEP-VF,9,2,5.056701303495074,-0.5917787087946231,0.0589847043258426,-0.1638395591101638,False,6.788225099390858,2.0,0.2,0.06,0.0,44,23
2STEP-VF,9,2,5.085638981130409,-0.5992410251794185,0.0631896985826691,-0.27875355534698265,False,6.788225099390858,2.0,0.2,0.06,0.0,44,24
2STEP-VF,9,2,5.070655134828244,-0.6007597118009906,0.06916606958901847,-0.4672516104365194,False,6.788225099390858,2.0,0.2,0.06,0.0,44,25
2STEP-VF,9,2,5.073973951915359,-0.5978577492617133,0.06842702991329637,-0.4503679218824508,False,6.788225099390858,2.0,0.2,0.06,0.0,44,26
2STEP-VF,9,2,5.058653297591725,-0.584668901249664,0.07104116039459948,-0.5665925717724871,False,6.788225099390858,2.0,0.2,0.06,0.0,44,27
2STEP-VF,9,2,5.044236845333428,-0.6010333167732994,0.06424969020849017,-0.31085591569576154,False,6.788225099390858,2.0,0.2,0.06,0.0,44,28
2STEP-VF,9,2,5.101452601197572,-0.5980397606305711,0.059508500150903754,-0.1628894232436957,False,6.788225099390858,2.0,0.2,0.06,0.0,44,29
2STEP-VF,9,2,5.0883734565768215,-0.5804268565525911,0.06602995864811512,-0.41463181361885626,False,6.788225099390858,2.0,0.2,0.06,0.0,44,30
2STEP-VF,9,2,5.0567887069364295,-0.5846161748791237,0.06480742945056901,-0.36735160029212643,False,6.788225099390858,2.0,0.2,0.06,0.0,44,31
2STEP-VF,9,2,5.056052750482538,-0.5886879901073937,0.08024226634683629,-0.8515381818120644,False,6.788225099390858,2.0,0.2,0.06,0.0,44,32
2STEP-VF,9,2,5.102656622344167,-0.5857816739650887,0.05966342431418189,-0.19719416319695804,False,6.788225099390858,2.0,0.2,0.06,0.0,44,33
2STEP-VF,9,2,5.100807005610998,-0.5927835649948325,0.06070945995692934,-0.21397374229748123,False,6.788225099390858,2.0,0.2,0.06,0.0,44,34
2STEP-VF,9,2,5.110887571697574,-0.5745654444766626,0.05652977665883056,-0.12334253203673384,False,6.788225099390858,2.0,0.2,0.06,0.0,44,35
2STEP-VF,9,2,5.064017397742649,-0.6005447551849875,0.06803591224637645,-0.432000735575518,False,6.788225099390858,2.0,0.2,0.06,0.0,44,36
2STEP-VF,9,2,5.0916523359496,-0.5811641896535732,0.06555398953560783,-0.3974344698138994,False,6.788225099390858,2.0,0.2,0.06,0.0,44,37
2STEP-VF,9,2,5.090598988078837,-0.5753635709710649,0.06002034850204195,-0.23434264245005698,False,6.788225099390858,2.0,0.2,0.06,0.0,44,38
2STEP-VF,9,2,5.111644214452834,-0.5903730802740534,0.04945372826592162,0.14107474101540585,False,6.788225099390858,2.0,0.2,0.06,0.0,44,39
2STEP-VF,9,2,5.079920216117774,-0.5943404063255964,0.0717964473801566,-0.566274128016514,False,6.788225099390858,2.0,0.2,0.06,0.0,44,40
2STEP-VF,9,2,5.0791044536025005,-0.593247159893771,0.056087313778798546,-0.0662545899603535,False,6.788225099390858,2.0,0.2,0.06,0.0,44,41
2STEP-VF,9,2,5.0576918657626235,-0.6011210750123416,0.06763497709880316,-0.4181671751863245,False,6.788225099390858,2.0,0.2,0.06,0.0,44,42
2STEP-VF,9,2,5.079299092436106,-0.600383595679617,0.06683792059688708,-0.3931348839231399,False,6.788225099390858,2.0,0.2,0.06,0.0,44,43
2STEP-VF,9,2,5.092748643592739,-0.5812650331213104,0.06616959117870755,-0.4168259196119326,False,6.788225099390858,2.0,0.2,0.06,0.0,44,44
2STEP-VF,9,2,5.090062802515053,-0.5826331657389611,0.06398630955854939,-0.34383853994917124,False,6.788225099390858,2.0,0.2,0.06,0.0,44,45
2STEP-VF,9,2,5.063962673164123,-0.5990786902601603,0.0719536871695921,-0.560891372412716,False,6.788225099390858,2.0,0.2,0.06,0.0,44,46
2STEP-VF,9,2,5.0647814810444105,-0.5671980996017898,0.08198251096433967,-0.9582780229519099,False,6.788225099390858,2.0,0.2,0.06,0.0,44,47
2STEP-VF,9,2,5.097503454588072,-0.5755508672100554,0.05625915523213026,-0.11312067884875154,False,6.788225099390858,2.0,0.2,0.06,0.0,44,48
2STEP-VF,9,2,5.087595582219861,-0.5863521766863198,0.0640358279301234,-0.33664553478359016,False,6.788225099390858,2.0,0.2,0.06,0.0,44,49
2STEP-VF,9,2,5.095545994012252,-0.5895273156838997,0.05638674046498396,-0.08377737759739268,False,6.788225099390858,2.0,0.2,0.06,0.0,44,50
2STEP-VF,9,2,5.090477502917295,-0.5972104462204255,0.05492711557626197,-0.018933977336324403,False,6.788225099390858,2.0,0.2,0.06,0.0,44,51
2STEP-VF,9,2,5.065114400566184,-0.5881226850147973,0.07904619523441958,-0.8140769394319427,False,6.788225099390858,2.0,0.2,0.06,0.0,44,52
2STEP-VF,9,2,5.060257047472638,-0.5956527364476294,0.06309474932841835,-0.2858499881867189,False,6.788225099390858,2.0,0.2,0.06,0.0,44,53
2STEP-VF,9,2,5.085935355514937,-0.5921855899306405,0.056124830141041214,-0.06959302734888584,False,6.788225099390858,2.0,0.2,0.06,0.0,44,54
2STEP-VF,9,2,5.08011171376191,-0.5930769710510403,0.06957902458184592,-0.4983373532708586,False,6.788225099390858,2.0,0.2,0.06,0.0,44,55
2STEP-VF,9,2,5.0589939731330045,-0.5878869239189076,0.07412600095427484,-0.6575637747434366,False,6.788225099390858,2.0,0.2,0.06,0.0,44,56
2STEP-VF,9,2,5.078060565431734,-0.5932003560951887,0.06064596838117559,-0.21230649964326243,False,6.788225099390858,2.0,0.2,0.06,0.0,44,57
2STEP-VF,9,2,5.107670092692347,-0.590168323955601,0.05578304792731981,-0.06219335061925091,False,6.788225099390858,2.0,0.2,0.06,0.0,44,58
2STEP-VF,9,2,5.0741649165054,-0.5831087876676672,0.06765150283583643,-0.460937105354041,False,6.788225099390858,2.0,0.2,0.06,0.0,44,59
2STEP-VF,9,2,5.08270336738821,-0.6039524768072324,0.06011264507638173,-0.16915649606356542,False,6.788225099390858,2.0,0.2,0.06,0.0,44,60
2STEP-VF,9,2,5.071247350042255,-0.6036470959338944,0.08101094171256641,-0.8393222635582438,False,6.788225099390858,2.0,0.2,0.06,0.0,44,61
2STEP-VF,9,2,5.090356768876939,-0.5840523335640684,0.06601959932095414,-0.4054801715841523,False,6.788225099390858,2.0,0.2,0.06,0.0,44,62
2STEP-VF,9,2,5.10112744457413,-0.5864296682865601,0.057154573305413764,-0.11544749521104891,False,6.788225099390858,2.0,0.2,0.06,0.0,44,63
2STEP-VF,9,2,5.073732943857918,-0.5890000251175809,0.06240484366837964,-0.27893096047447963,False,6.788225099390858,2.0,0.2,0.06,0.0,44,64
2STEP-VF,9,2,5.074688981586146,-0.5803634367461393,0.06325014667213542,-0.3266511064224309,False,6.788225099390858,2.0,0.2,0.06,0.0,44,65
2STEP-VF,9,2,5.094781086634105,-0.5982795934393733,0.05761118888989337,-0.10200015502404614,False,6.788225099390858,2.0,0.2,0.06,0.0,44,66
2STEP-VF,9,2,5.075051027626873,-0.6063727351563598,0.06577909576380625,-0.34513343840892463,False,6.788225099390858,2.0,0.2,0.06,0.0,44,67
2STEP-VF,9,2,5.098128819931583,-0.6031309268049511,0.06601456151891934,-0.35906401507764163,False,6.788225099390858,2.0,0.2,0.06,0.0,44,68
2STEP-VF,9,2,5.061766568211023,-0.592882863840743,0.0619908541165475,-0.2570824644190759,False,6.788225099390858,2.0,0.2,0.06,0.0,44,69
2STEP-VF,9,2,5.109278330241102,-0.5806455325862673,0.057629169755804066,-0.14402745416422302,False,6.788225099390858,2.0,0.2,0.06,0.0,44,70
2STEP-VF,9,2,5.086085914735401,-0.5969091804987945,0.04765157701094074,0.21289672373112656,False,6.788225099390858,2.0,0.2,0.06,0.0,44,71
2STEP-VF,9,2,5.071379381421007,-0.5856313434422398,0.06345766246166039,-0.3208472116264971,False,6.788225099390858,2.0,0.2,0.06,0.0,44,72
2STEP-VF,9,2,5.111293994928736,-0.5860317508384428,0.04895822656223345,0.14649059171651624,False,6.788225099390858,2.0,0.2,0.06,0.0,44,73
2STEP-VF,9,2,5.0921650985635,-0.6022875385171046,0.0647766980664878,-0.321834339772749,False,6.788225099390858,2.0,0.2,0.06,0.0,44,74
2STEP-VF,9,2,5.08873714862985,-0.5883266921723699,0.06010296656971686,-0.20598664009946144,False,6.788225099390858,2.0,0.2,0.06,0.0,44,75
2STEP-VF,9,2,5.097475792777207,-0.578622644915891,0.04894800028752906,0.12820688616384035,False,6.788225099390858,2.0,0.2,0.06,0.0,44,76
2STEP-VF,9,2,5.112215556113017,-0.5781708486148597,0.058746513838672666,-0.1855454727950816,False,6.788225099390858,2.0,0.2,0.06,0.0,44,77
2STEP-VF,9,2,5.0502814854585285,-0.5986245612224539,0.06668697979144089,-0.3942675172647081,False,6.788225099390858,2.0,0.2,0.06,0.0,44,78
2STEP-VF,9,2,5.084786359539881,-0.5922245296196593,0.05925324476151051,-0.16967777970876163,False,6.788225099390858,2.0,0.2,0.06,0.0,44,79
2STEP-VF,9,2,5.052827801988049,-0.5704494921544806,0.07276914967057664,-0.6563643401684165,False,6.788225099390858,2.0,0.2,0.06,0.0,44,80
2STEP-VF,9,2,5.077070409283375,-0.5846194442596483,0.0670702004318166,-0.4385355230379735,False,6.788225099390858,2.0,0.2,0.06,0.0,44,81
2STEP-VF,9,2,5.0847120711195295,-0.597671122399778,0.0688491258522243,-0.4636786092445391,False,6.788225099390858,2.0,0.2,0.06,0.0,44,82
2STEP-VF,9,2,5.066276698278675,-0.5788562786906648,0.04662732650673148,0.20115722253890844,False,6.788225099390858,2.0,0.2,0.06,0.0,44,83
2STEP-VF,9,2,5.13100265162806,-0.6201422436528898,0.05180181852579716,0.13854335103910942,False,6.788225099390858,2.0,0.2,0.06,0.0,44,84
2STEP-VF,9,2,5.064164373469198,-0.5783506288915491,0.06472483317577989,-0.37930328987708717,False,6.788225099390858,2.0,0.2,0.06,0.0,44,85
2STEP-VF,9,2,5.084113820436234,-0.6029297449910667,0.054830099185554274,-0.0024849567330031963,False,6.788225099390858,2.0,0.2,0.06,0.0,44,86
2STEP-VF,9,2,5.0572106631240255,-0.6035827337896738,0.061841120101369766,-0.22688464236117434,False,6.788225099390858,2.0,0.2,0.06,0.0,44,87
2STEP-VF,9,2,5.105991741836114,-0.5968895382197797,0.0593535102412411,-0.1604179314820775,False,6.788225099390858,2.0,0.2,0.06,0.0,44,88
2STEP-VF,9,2,5.098863579165245,-0.6042156287918166,0.04792335220998718,0.22250205313068427,False,6.788225099390858,2.0,0.2,0.06,0.0,44,89
2STEP-VF,9,2,5.061729558765416,-0.6069650317551735,0.06990556847712595,-0.4765583415296897,False,6.788225099390858,2.0,0.2,0.06,0.0,44,90
2STEP-VF,9,2,5.062690857538585,-0.6007670893317636,0.06345978093810341,-0.2851105241707619,False,6.788225099390858,2.0,0.2,0.06,0.0,44,91
2STEP-VF,9,2,5.066199131294011,-0.6066207426649083,0.07539810239891037,-0.6528775464917118,False,6.788225099390858,2.0,0.2,0.06,0.0,44,92
2STEP-VF,9,2,5.06004664853686,-0.5982800700535279,0.0778704103059928,-0.7523781627510915,False,6.788225099390858,2.0,0.2,0.06,0.0,44,93
2STEP-VF,9,2,5.087911266094674,-0.5995031586871887,0.06320387446747305,-0.2784417261442047,False,6.788225099390858,2.0,0.2,0.06,0.0,44,94
2STEP-VF,9,2,5.0891065070521515,-0.5983854544009369,0.0622730123760387,-0.2512649150478612,False,6.788225099390858,2.0,0.2,0.06,0.0,44,95
2STEP-VF,9,2,5.087803370980098,-0.5946874745365284,0.04816022980770568,0.19139078729989167,False,6.788225099390858,2.0,0.2,0.06,0.0,44,96
2STEP-VF,9,2,5.085314202123789,-0.583816870895884,0.05756469418139764,-0.13579087152717606,False,6.788225099390858,2.0,0.2,0.06,0.0,44,97
2STEP-VF,9,2,5.05650262473171,-0.5675436249986001,0.06428560395738032,-0.391644469155628,False,6.788225099390858,2.0,0.2,0.06,0.0,44,98
2STEP-VF,9,2,5.089447343923356,-0.5981528480384007,0.0613169575486494,-0.2212089656292182,False,6.788225099390858,2.0,0.2,0.06,0.0,44,99
2STEP-VF,9,2,4.960353668007798,-0.2859422004451458,0.011688528343827179,-0.5122491268610614,False,13.576450198781716,2.0,0.4,0.06,0.0,36,0
2STEP-VF,9,2,4.9651816489292,-0.2808616803546969,0.017934427247396325,-1.3236277558797056,False,13.576450198781716,2.0,0.4,0.06,0.0,36,1
2STEP-VF,9,2,4.959330811237794,-0.2815012859931567,0.018103695809216346,-1.344110128521849,False,13.576450198781716,2.0,0.4,0.06,0.0,36,2
2STEP-VF,9,2,4.9364853159887385,-0.26554099058983077,0.021355722635471013,-1.8000450009653721,False,13.576450198781716,2.0,0.4,0.06,0.0,36,3
2STEP-VF,9,2,4.959766101745009,-0.2804846009990957,0.014820009678328807,-0.9262122303235574,False,13.576450198781716,2.0,0.4,0.06,0.0,36,4
2STEP-VF,9,2,4.977564024935127,-0.2714942796480078,0.01281410155048015,-0.6899648858101334,False,13.576450198781716,2.0,0.4,0.06,0.0,36,5
2STEP-VF,9,2,4.938980834859125,-0.26750362359396745,0.019159357653071137,-1.5140502328760368,False,13.576450198781716,2.0,0.4,0.06,0.0,36,6
2STEP-VF,9,2,4.969682411850054,-0.2674710396171769,0.01577904294891163,-1.0796060576684614,False,13.576450198781716,2.0,0.4,0.06,0.0,36,7
2STEP-VF,9,2,4.987241775143015,-0.2813437698377202,0.016619828503097487,-1.1528784942773695,False,13.576450198781716,2.0,0.4,0.06,0.0,36,8
2STEP-VF,9,2,4.9304542458836105,-0.27955841898146,0.01902376638865597,-1.468274637439444,False,13.576450198781716,2.0,0.4,0.06,0.0,36,9
2STEP-VF,9,2,4.949165651471066,-0.28092714853913275,0.018151630800109567,-1.3522336468318426,False,13.576450198781716,2.0,0.4,0.06,0.0,36,10
2STEP-VF,9,2,4.951528147486088,-0.2689641194469732,0.016530937752613235,-1.1733544568125938,False,13.576450198781716,2.0,0.4,0.06,0.0,36,11
2STEP-VF,9,2,4.96489824469416,-0.2750714526037256,0.019468291947370805,-1.5338759883328725,False,13.576450198781716,2.0,0.4,0.06,0.0,36,12
2STEP-VF,9,2,4.958003527548118,-0.2947590294328927,0.014055015786850606,-0.7941401384250484,False,13.576450198781716,2.0,0.4,0.06,0.0,36,13
2STEP-VF,9,2,4.937822254110091,-0.2962146822463518,0.019092734635632682,-1.436685460723134,False,13.576450198781716,2.0,0.4,0.06,0.0,36,14
2STEP-VF,9,2,4.970109419350691,-0.2806934926685687,0.017012979249499134,-1.2057903963702834,False,13.576450198781716,2.0,0.4,0.06,0.0,36,15
2STEP-VF,9,2,4.950103660776714,-0.2816112124919079,0.02042820697620054,-1.641937363326488,False,13.576450198781716,2.0,0.4,0.06,0.0,36,16
2STEP-VF,9,2,4.949085461409255,-0.3031108150451678,0.019855850979108827,-1.5171378415329722,False,13.576450198781716,2.0,0.4,0.06,0.0,36,17
2STEP-VF,9,2,4.91636688566465,-0.2698291844679548,0.01849360706156231,-1.4246096480170056,False,13.576450198781716,2.0,0.4,0.06,0.0,36,18
2STEP-VF,9,2,4.969018360424242,-0.28953728818846647,0.013831051641261005,-0.7773440168036351,False,13.576450198781716,2.0,0.4,0.06,0.0,36,19
2STEP-VF,9,2,4.9583778495510735,-0.28196213808404513,0.01933812492418748,-1.5010681879212253,False,13.576450198781716,2.0,0.4,0.06,0.0,36,20
2STEP-VF,9,2,5.012654546777692,-0.28708932453503344,0.015799422757772272,-1.0325524613041095,False,13.576450198781716,2.0,0.4,0.06,0.0,36,21
2STEP-VF,9,2,5.033970698024497,-0.2864271321535606,0.01442493184532409,-0.8569279171514688,False,13.576450198781716,2.0,0.4,0.06,0.0,36,22
2STEP-VF,9,2,5.008497348981781,-0.2911347300230658,0.015049529875208334,-0.9271066310324025,False,13.576450198781716,2.0,0.4,0.06,0.0,36,23
2STEP-VF,9,2,4.942620056492698,-0.29092883826246324,0.017651950301549254,-1.2646632233788313,False,13.576450198781716,2.0,0.4,0.06,0.0,36,24
2STEP-VF,9,2,4.968287662636032,-0.2856119236310843,0.014043786301897992,-0.8140387701701792,False,13.576450198781716,2.0,0.4,0.06,0.0,36,25
2STEP-VF,9,2,4.988238636644752,-0.2805615023106401,0.011635006834771174,-0.5166389511064892,False,13.576450198781716,2.0,0.4,0.06,0.0,36,26
2STEP-VF,9,2,4.962034848447837,-0.27707276155477395,0.019826815056854685,-1.5751356086390724,False,13.576450198781716,2.0,0.4,0.06,0.0,36,27
2STEP-VF,9,2,4.997284447552794,-0.2920020662785301,0.01612067386168549,-1.0628042283741033,False,13.576450198781716,2.0,0.4,0.06,0.0,36,28
2STEP-VF,9,2,4.969169741128841,-0.2681551603578173,0.01795032674204613,-1.355919253655413,False,13.576450198781716,2.0,0.4,0.06,0.0,36,29
2STEP-VF,9,2,4.9118204263195215,-0.27555250584390734,0.024197922905102205,-2.1412988922485345,False,13.576450198781716,2.0,0.4,0.06,0.0,36,30
2STEP-VF,9,2,4.948362530207798,-0.2815696404869194,0.02361054616189212,-2.049481019741118,False,13.576450198781716,2.0,0.4,0.06,0.0,36,31
2STEP-VF,9,2,4.946457397667304,-0.29117069928168576,0.021442893801090997,-1.749093284403564,False,13.576450198781716,2.0,0.4,0.06,0.0,36,32
2STEP-VF,9,2,4.959122378885949,-0.2829263782937794,0.013634072333284276,-0.7685906080221603,False,13.576450198781716,2.0,0.4,0.06,0.0,36,33
2STEP-VF,9,2,4.969804634659338,-0.2822741167649478,0.019416735178666503,-1.5096959445538778,False,13.576450198781716,2.0,0.4,0.06,0.0,36,34
2STEP-VF,9,2,4.9545724550929,-0.286947755058803,0.014793063810910886,-0.9075632083498927,False,13.576450198781716,2.0,0.4,0.06,0.0,36,35
2STEP-VF,9,2,5.0598240508521215,-0.27832290007949545,0.0073619634869813684,0.029233076908301014,False,13.576450198781716,2.0,0.4,0.06,0.0,36,36
2STEP-VF,9,2,4.986149848812098,-0.27728217362551116,0.014380007323936031,-0.8759947298338597,False,13.576450198781716,2.0,0.4,0.06,0.0,36,37
2STEP-VF,9,2,5.009183465767698,-0.29821598657317006,0.013470766858553841,-0.707988782173222,False,13.576450198781716,2.0,0.4,0.06,0.0,36,38
2STEP-VF,9,2,4.949975763783082,-0.2880511224881834,0.016319130693116697,-1.1005274889203127,False,13.576450198781716,2.0,0.4,0.06,0.0,36,39
2STEP-VF,9,2,4.98554428394564,-0.28900286175335677,0.018518964363035597,-1.3776879132237623,False,13.576450198781716,2.0,0.4,0.06,0.0,36,40
2STEP-VF,9,2,4.962142202744993,-0.288623592958225,0.014766750398646996,-0.8997188957623765,False,13.576450198781716,2.0,0.4,0.06,0.0,36,41
2STEP-VF,9,2,4.937267813600876,-0.26848811205782397,0.017988414849911753,-1.361909563033875,False,13.576450198781716,2.0,0.4,0.06,0.0,36,42
2STEP-VF,9,2,5.020613794650171,-0.2818007719553091,0.01892474001172733,-1.4448080411293467,False,13.576450198781716,2.0,0.4,0.06,0.0,36,43
2STEP-VF,9,2,5.006633109635296,-0.2778870631360112,0.020211739306927226,-1.6197756931821408,False,13.576450198781716,2.0,0.4,0.06,0.0,36,44
2STEP-VF,9,2,5.025103371253692,-0.2898506421837783,0.010680168711878529,-0.36991385160416246,False,13.576450198781716,2.0,0.4,0.06,0.0,36,45
2STEP-VF,9,2,4.996793258720303,-0.2762307370978513,0.01854755289093057,-1.4113254054810522,False,13.576450198781716,2.0,0.4,0.06,0.0,36,46
2STEP-VF,9,2,4.940556700132193,-0.2863467575191628,0.021452986460630184,-1.7623166469067417,False,13.576450198781716,2.0,0.4,0.06,0.0,36,47
2STEP-VF,9,2,5.008955600878151,-0.2843366178975394,0.013774451912677548,-0.7801846258159431,False,13.576450198781716,2.0,0.4,0.06,0.0,36,48
2STEP-VF,9,2,5.004809823380358,-0.28998095385649003,0.010889367331894275,-0.39759613982406994,False,13.576450198781716,2.0,0.4,0.06,0.0,36,49
2STEP-VF,9,2,4.981907386031246,-0.2764261168165079,0.014350669603177095,-0.8745485856851749,False,13.576450198781716,2.0,0.4,0.06,0.0,36,50
2STEP-VF,9,2,5.006720671583289,-0.27627333625076084,0.011748633297991383,-0.5403658148460742,False,13.576450198781716,2.0,0.4,0.06,0.0,36,51
2STEP-VF,9,2,4.971827336760679,-0.2927101310173436,0.013068426958275788,-0.6719446960120359,False,13.576450198781716,2.0,0.4,0.06,0.0,36,52
2STEP-VF,9,2,4.924075926755853,-0.2808208706879957,0.019882132281759862,-1.575498286808722,False,13.576450198781716,2.0,0.4,0.06,0.0,36,53
2STEP-VF,9,2,4.971722270892094,-0.279322246418037,0.01714348096288314,-1.225688835592228,False,13.576450198781716,2.0,0.4,0.06,0.0,36,54
2STEP-VF,9,2,4.9982486619497575,-0.2907321683634747,0.016517876456326793,-1.1166360626205052,False,13.576450198781716,2.0,0.4,0.06,0.0,36,55
2STEP-VF,9,2,4.9399084387164125,-0.27528876129313856,0.018825538972585907,-1.4525814550644793,False,13.576450198781716,2.0,0.4,0.06,0.0,36,56
2STEP-VF,9,2,4.980570939886448,-0.27056266428617815,0.01902236544160466,-1.4866781258453823,False,13.576450198781716,2.0,0.4,0.06,0.0,36,57
2STEP-VF,9,2,4.955225520822813,-0.2787804911919821,0.017232503657285504,-1.2393737580224191,False,13.576450198781716,2.0,0.4,0.06,0.0,36,58
2STEP-VF,9,2,4.894926272845823,-0.2868101838505623,0.023233409492092467,-1.9918363973757374,False,13.576450198781716,2.0,0.4,0.06,0.0,36,59
2STEP-VF,9,2,5.011987191375582,-0.2775850148105194,0.01630033541512425,-1.119519666108123,False,13.576450198781716,2.0,0.4,0.06,0.0,36,60
2STEP-VF,9,2,5.002628877715344,-0.28697996308930723,0.017222153545589015,-1.2155260097581364,False,13.576450198781716,2.0,0.4,0.06,0.0,36,61
2STEP-VF,9,2,4.939272922630501,-0.27304034595492793,0.014459141553665266,-0.8991169132194974,False,13.576450198781716,2.0,0.4,0.06,0.0,36,62
2STEP-VF,9,2,4.971063391793963,-0.2856368407084478,0.014564059872416447,-0.8804074424613932,False,13.576450198781716,2.0,0.4,0.06,0.0,36,63
2STEP-VF,9,2,4.907106356713916,-0.2706136567386039,0.021583142514687393,-1.8187430843045025,False,13.576450198781716,2.0,0.4,0.06,0.0,36,64
2STEP-VF,9,2,4.965995014402027,-0.28205936529843334,0.02273942823766138,-1.9357446368402953,False,13.576450198781716,2.0,0.4,0.06,0.0,36,65
2STEP-VF,9,2,4.951075556017226,-0.277749788832139,0.016257401263880512,-1.1172833352185387,False,13.576450198781716,2.0,0.4,0.06,0.0,36,66
2STEP-VF,9,2,4.947132923055967,-0.2756494574907145,0.01344182801177905,-0.7621673121466459,False,13.576450198781716,2.0,0.4,0.06,0.0,36,67
2STEP-VF,9,2,4.977999909222209,-0.2712306077943749,0.015236814223994626,-1.0006787674114803,False,13.576450198781716,2.0,0.4,0.06,0.0,36,68
2STEP-VF,9,2,4.943000698919454,-0.2808571185929332,0.018475658527393055,-1.3942471649481045,False,13.576450198781716,2.0,0.4,0.06,0.0,36,69
2STEP-VF,9,2,4.933499543768351,-0.28347298417496036,0.02185883941421593,-1.8215863103736336,False,13.576450198781716,2.0,0.4,0.06,0.0,36,70
2STEP-VF,9,2,5.011375309410637,-0.2775441493642,0.009445005208328621,-0.24217218962734544,False,13.576450198781716,2.0,0.4,0.06,0.0,36,71
2STEP-VF,9,2,4.964998591407089,-0.27164887463775417,0.013361776595525954,-0.7604501896122873,False,13.576450198781716,2.0,0.4,0.06,0.0,36,72
2STEP-VF,9,2,4.989786310794759,-0.2902877451665762,0.01862676336215254,-1.3881479433080575,False,13.576450198781716,2.0,0.4,0.06,0.0,36,73
2STEP-VF,9,2,5.055565910204188,-0.2876267485925633,0.011115540691395512,-0.42915105726422254,False,13.576450198781716,2.0,0.4,0.06,0.0,36,74
2STEP-VF,9,2,4.989713001991397,-0.2880476245765979,0.018700882442551425,-1.403015873543264,False,13.576450198781716,2.0,0.4,0.06,0.0,36,75
2STEP-VF,9,2,5.014109308647632,-0.28071179781289646,0.01440239899400946,-0.8689521979634018,False,13.576450198781716,2.0,0.4,0.06,0.0,36,76
2STEP-VF,9,2,4.943634648269809,-0.2817388218720125,0.022095927340470004,-1.8554874481911425,False,13.576450198781716,2.0,0.4,0.06,0.0,36,77
2STEP-VF,9,2,4.928311612366669,-0.2686207374558972,0.021858342572191315,-1.8574793826043352,False,13.576450198781716,2.0,0.4,0.06,0.0,36,78
2STEP-VF,9,2,4.9127182518734305,-0.28798680710912544,0.021834409540077884,-1.8088729889556627,False,13.576450198781716,2.0,0.4,0.06,0.0,36,79
2STEP-VF,9,2,4.957002144454138,-0.2807602773595036,0.017074469157251665,-1.2142872577981567,False,13.576450198781716,2.0,0.4,0.06,0.0,36,80
2STEP-VF,9,2,5.002960743383205,-0.27353944721076845,0.013288918717679475,-0.7443092779541367,False,13.576450198781716,2.0,0.4,0.06,0.0,36,81
2STEP-VF,9,2,4.949621348976844,-0.2919322388396139,0.014923270013743481,-0.912563907605482,False,13.576450198781716,2.0,0.4,0.06,0.0,36,82
2STEP-VF,9,2,4.987150720753061,-0.27772000234584243,0.019877661931403067,-1.5785836783443876,False,13.576450198781716,2.0,0.4,0.06,0.0,36,83
2STEP-VF,9,2,4.97057649135172,-0.2690602683008683,0.015515525261962499,-1.0420080001280132,False,13.576450198781716,2.0,0.4,0.06,0.0,36,84
2STEP-VF,9,2,4.971058628721593,-0.2664478938987581,0.014812373316394636,-0.958245321418199,False,13.576450198781716,2.0,0.4,0.06,0.0,36,85
2STEP-VF,9,2,4.960354865936905,-0.275813958454571,0.01855004692898916,-1.4148312146634283,False,13.576450198781716,2.0,0.4,0.06,0.0,36,86
2STEP-VF,9,2,4.9790074874178,-0.2788944961006084,0.017058152388237047,-1.2153562658078143,False,13.576450198781716,2.0,0.4,0.06,0.0,36,87
2STEP-VF,9,2,4.988331933165549,-0.27021685857652855,0.015968528993024103,-1.0961513345334841,False,13.576450198781716,2.0,0.4,0.06,0.0,36,88
2STEP-VF,9,2,4.892132106600369,-0.27220170381139147,0.020420059222070134,-1.666955564881616,False,13.576450198781716,2.0,0.4,0.06,0.0,36,89
2STEP-VF,9,2,4.934967658095009,-0.27934708529093544,0.017280121700167635,-1.2453245134375122,False,13.576450198781716,2.0,0.4,0.06,0.0,36,90
2STEP-VF,9,2,4.9983947613098,-0.2768448929944354,0.011930658593412507,-0.5627928710915684,False,13.576450198781716,2.0,0.4,0.06,0.0,36,91
2STEP-VF,9,2,4.926371670325678,-0.28394074472508757,0.02031100245476506,-1.6227682266501775,False,13.576450198781716,2.0,0.4,0.06,0.0,36,92
2STEP-VF,9,2,4.956418754176998,-0.28129244516002283,0.02000701970106068,-1.5884115281010929,False,13.576450198781716,2.0,0.4,0.06,0.0,36,93
2STEP-VF,9,2,4.935526921715743,-0.27759418771094174,0.02099071455524512,-1.7244537972621712,False,13.576450198781716,2.0,0.4,0.06,0.0,36,94
2STEP-VF,9,2,5.013755504496672,-0.28099112928402636,0.011322381854962739,-0.4740608368837672,False,13.576450198781716,2.0,0.4,0.06,0.0,36,95
2STEP-VF,9,2,4.969199911597304,-0.27890826620960957,0.01564009370659931,-1.034400160845811,False,13.576450198781716,2.0,0.4,0.06,0.0,36,96
2STEP-VF,9,2,5.011111438283091,-0.268276335974928,0.0159819379553976,-1.1011581656540805,False,13.576450198781716,2.0,0.4,0.06,0.0,36,97
2STEP-VF,9,2,4.924814272479992,-0.2821937299597088,0.019840369285608075,-1.5668134603057333,False,13.576450198781716,2.0,0.4,0.06,0.0,36,98
2STEP-VF,9,2,4.932939363629011,-0.27542905373724974,0.01908674384416421,-1.4860971212658793,False,13.576450198781716,2.0,0.4,0.06,0.0,36,99
2STEP-VF,9,2,6.920336550359433,-0.3536153212333228,0.02069987350008068,-1.3856868440287866,False,13.576450198781716,2.0,0.4,0.06,0.0,40,0
2STEP-VF,9,2,6.911708378848108,-0.3557323854609469,0.01672633481034218,-0.8725106278866406,False,13.576450198781716,2.0,0.4,0.06,0.0,40,1
2STEP-VF,9,2,6.962634222966081,-0.35304441901728206,0.017644315588643853,-0.9934077363269718,False,13.576450198781716,2.0,0.4,0.06,0.0,40,2
2STEP-VF,9,2,6.902112122860793,-0.36311563696699173,0.022840612665453883,-1.6379941650856698,False,13.576450198781716,2.0,0.4,0.06,0.0,40,3
2STEP-VF,9,2,6.96524154876278,-0.3445616520273128,0.012638348606907096,-0.3728461638927911,False,13.576450198781716,2.0,0.4,0.06,0.0,40,4
2STEP-VF,9,2,6.907642719185397,-0.35778364908325694,0.0235128534767462,-1.7365059240725738,False,13.576450198781716,2.0,0.4,0.06,0.0,40,5
2STEP-VF,9,2,6.88087332440496,-0.35973252483588214,0.022046177977339747,-1.5457003220290735,False,13.576450198781716,2.0,0.4,0.06,0.0,40,6
2STEP-VF,9,2,6.930171831160157,-0.35961791345587685,0.019733728003064884,-1.2470238822285917,False,13.576450198781716,2.0,0.4,0.06,0.0,40,7
2STEP-VF,9,2,6.912977995409141,-0.34713395649652956,0.020931561378720025,-1.4313396811599444,False,13.576450198781716,2.0,0.4,0.06,0.0,40,8
2STEP-VF,9,2,6.860562058781459,-0.3663134921575458,0.029699664057557165,-2.5107708946623206,False,13.576450198781716,2.0,0.4,0.06,0.0,40,9
2STEP-VF,9,2,6.992021426675648,-0.35868732171526124,0.01799565138991132,-1.0230725201914836,False,13.576450198781716,2.0,0.4,0.06,0.0,40,10
2STEP-VF,9,2,6.834321425632423,-0.34843170786592853,0.02683969689696519,-2.189185818395371,False,13.576450198781716,2.0,0.4,0.06,0.0,40,11
2STEP-VF,9,2,6.96498743155425,-0.35981196431073925,0.014270782876295367,-0.5452122479267782,False,13.576450198781716,2.0,0.4,0.06,0.0,40,12
2STEP-VF,9,2,6.962665478993418,-0.35570807304891167,0.017195903851266237,-0.9296163889050857,False,13.576450198781716,2.0,0.4,0.06,0.0,40,13
2STEP-VF,9,2,6.910928134197076,-0.3560011014412437,0.020948630342906706,-1.4123663523812495,False,13.576450198781716,2.0,0.4,0.06,0.0,40,14
2STEP-VF,9,2,6.957312279618778,-0.36207432453796495,0.017362391467338974,-0.9359689921511467,False,13.576450198781716,2.0,0.4,0.06,0.0,40,15
2STEP-VF,9,2,6.873293984683897,-0.3412985074918459,0.020438769877026502,-1.3846484871979288,False,13.576450198781716,2.0,0.4,0.06,0.0,40,16
2STEP-VF,9,2,6.9110876321100205,-0.33154387103489974,0.021688515546033935,-1.5657594414819835,False,13.576450198781716,2.0,0.4,0.06,0.0,40,17
2STEP-VF,9,2,6.918291608667829,-0.36584416708232503,0.016652866448424904,-0.8384434078807383,False,13.576450198781716,2.0,0.4,0.06,0.0,40,18
2STEP-VF,9,2,6.88799865350219,-0.35835189984917115,0.019976014000797255,-1.283605313253907,False,13.576450198781716,2.0,0.4,0.06,0.0,40,19
2STEP-VF,9,2,6.967217914161035,-0.3581568060677685,0.011135604416637579,-0.14774795591730383,False,13.576450198781716,2.0,0.4,0.06,0.0,40,20
2STEP-VF,9,2,6.968793005711954,-0.3593376870811939,0.017648974319021116,-0.9785306834971208,False,13.576450198781716,2.0,0.4,0.06,0.0,40,21
2STEP-VF,9,2,6.850948971655307,-0.35871949523461066,0.023761456109105142,-1.7694826551030751,False,13.576450198781716,2.0,0.4,0.06,0.0,40,22
2STEP-VF,9,2,6.926721684489318,-0.35892509964373165,0.020744704424983034,-1.378298626183514,False,13.576450198781716,2.0,0.4,0.06,0.0,40,23
2STEP-VF,9,2,6.910697659632362,-0.36573497716882913,0.01893901167862769,-1.1317876900812134,False,13.576450198781716,2.0,0.4,0.06,0.0,40,24
2STEP-VF,9,2,6.907970937164027,-0.34961453193344805,0.014040328301111038,-0.5436088896720965,False,13.576450198781716,2.0,0.4,0.06,0.0,40,25
2STEP-VF,9,2,6.907239742062675,-0.35827987602614775,0.026370860542502563,-2.101164062453814,False,13.576450198781716,2.0,0.4,0.06,0.0,40,26
2STEP-VF,9,2,6.908893711296481,-0.35469184335264253,0.020520491351532413,-1.3608288462720184,False,13.576450198781716,2.0,0.4,0.06,0.0,40,27
2STEP-VF,9,2,6.914596576051705,-0.34661247292485725,0.015428002808959534,-0.7280386299640611,False,13.576450198781716,2.0,0.4,0.06,0.0,40,28
2STEP-VF,9,2,6.9224538678890255,-0.3557825372155111,0.018869120410392556,-1.1460220911396795,False,13.576450198781716,2.0,0.4,0.06,0.0,40,29
2STEP-VF,9,2,6.945259622786487,-0.35501737077186163,0.017725590633225246,-1.000118333833175,False,13.576450198781716,2.0,0.4,0.06,0.0,40,30
2STEP-VF,9,2,6.886867342124084,-0.35527032368386,0.01948766295595268,-1.2285600409932345,False,13.576450198781716,2.0,0.4,0.06,0.0,40,31
2STEP-VF,9,2,6.944227763115137,-0.3554249313182223,0.017180168004526538,-0.9293880036287556,False,13.576450198781716,2.0,0.4,0.06,0.0,40,32
2STEP-VF,9,2,6.927859531241743,-0.3568247311620941,0.017232254310945827,-0.9336776251375358,False,13.576450198781716,2.0,0.4,0.06,0.0,40,33
2STEP-VF,9,2,6.913053194314564,-0.35213373390836433,0.013889845789924455,-0.5179961080713824,False,13.576450198781716,2.0,0.4,0.06,0.0,40,34
2STEP-VF,9,2,6.9067920795685005,-0.35949010255680874,0.016103036613116514,-0.7840049155684632,False,13.576450198781716,2.0,0.4,0.06,0.0,40,35
2STEP-VF,9,2,6.950732409045624,-0.3561626001007795,0.01333708312451459,-0.43531245515325967,False,13.576450198781716,2.0,0.4,0.06,0.0,40,36
2STEP-VF,9,2,6.945802389946076,-0.34540328047494706,0.022750875841457525,-1.6663960911699263,False,13.576450198781716,2.0,0.4,0.06,0.0,40,37
2STEP-VF,9,2,6.925207296262555,-0.34986767701287025,0.024447065332977403,-1.8740295000144664,False,13.576450198781716,2.0,0.4,0.06,0.0,40,38
2STEP-VF,9,2,6.954219954170273,-0.3527824959693782,0.01582825757310307,-0.7620857817804694,False,13.576450198781716,2.0,0.4,0.06,0.0,40,39
2STEP-VF,9,2,6.943041687059398,-0.35952152888746935,0.010965556405735358,-0.12415704938063588,False,13.576450198781716,2.0,0.4,0.06,0.0,40,40
2STEP-VF,9,2,6.89546517500734,-0.3526026368337064,0.020393957339536525,-1.3504523005593398,False,13.576450198781716,2.0,0.4,0.06,0.0,40,41
2STEP-VF,9,2,6.923151158608978,-0.3567221126033141,0.01780377396801782,-1.007360928141789,False,13.576450198781716,2.0,0.4,0.06,0.0,40,42
2STEP-VF,9,2,6.89796281787658,-0.3515491168256727,0.022719289320870483,-1.650473383617213,False,13.576450198781716,2.0,0.4,0.06,0.0,40,43
2STEP-VF,9,2,6.927208577026807,-0.36323531969159184,0.02027288184646198,-1.307531594465705,False,13.576450198781716,2.0,0.4,0.06,0.0,40,44
2STEP-VF,9,2,6.971949948409157,-0.3629237990001169,0.01556140767673228,-0.7025260681169025,False,13.576450198781716,2.0,0.4,0.06,0.0,40,45
2STEP-VF,9,2,6.9133019942825955,-0.3505190586844077,0.017778499509413303,-1.0196040767053691,False,13.576450198781716,2.0,0.4,0.06,0.0,40,46
2STEP-VF,9,2,6.915021783903757,-0.34410996586601433,0.014552369287010503,-0.6219380436246851,False,13.576450198781716,2.0,0.4,0.06,0.0,40,47
2STEP-VF,9,2,6.95941176008524,-0.36575335110169377,0.014677836118718276,-0.5833902749467603,False,13.576450198781716,2.0,0.4,0.06,0.0,40,48
2STEP-VF,9,2,6.896381054363335,-0.35644788091618884,0.02564228917388966,-2.012955236797224,False,13.576450198781716,2.0,0.4,0.06,0.0,40,49
2STEP-VF,9,2,6.901813656477067,-0.35262453380713593,0.022216452398866705,-1.5832982065291883,False,13.576450198781716,2.0,0.4,0.06,0.0,40,50
2STEP-VF,9,2,6.914436653682334,-0.3575485382425399,0.02010651677003927,-1.3006514555619912,False,13.576450198781716,2.0,0.4,0.06,0.0,40,51
2STEP-VF,9,2,6.984514649370396,-0.34303722431394096,0.015889392418001417,-0.7914820121884998,False,13.576450198781716,2.0,0.4,0.06,0.0,40,52
2STEP-VF,9,2,6.911107582539732,-0.35056829085495966,0.014838989678743766,-0.6433603258749154,False,13.576450198781716,2.0,0.4,0.06,0.0,40,53
2STEP-VF,9,2,6.916992286059592,-0.3383275394582483,0.026780715493120385,-2.200925951256039,False,13.576450198781716,2.0,0.4,0.06,0.0,40,54
2STEP-VF,9,2,6.8827039244499595,-0.35535773029030726,0.019707365529826316,-1.256721999654034,False,13.576450198781716,2.0,0.4,0.06,0.0,40,55
2STEP-VF,9,2,6.931782881172422,-0.36313813938570644,0.024297140842216427,-1.8225955204076627,False,13.576450198781716,2.0,0.4,0.06,0.0,40,56
2STEP-VF,9,2,6.950904402177601,-0.352281781730332,0.01615597393812728,-0.8054341237968397,False,13.576450198781716,2.0,0.4,0.06,0.0,40,57
2STEP-VF,9,2,6.898877314144279,-0.35542783351623103,0.022728820930338355,-1.6423296397956988,False,13.576450198781716,2.0,0.4,0.06,0.0,40,58
2STEP-VF,9,2,6.9076764518908975,-0.354848677794448,0.026754448834266045,-2.1584720369659256,False,13.576450198781716,2.0,0.4,0.06,0.0,40,59
2STEP-VF,9,2,6.86721973026128,-0.3648965330491667,0.0265932592272749,-2.1161523179575115,False,13.576450198781716,2.0,0.4,0.06,0.0,40,60
2STEP-VF,9,2,6.944733224824427,-0.35121207942391014,0.011345036602810513,-0.192571701052896,False,13.576450198781716,2.0,0.4,0.06,0.0,40,61
2STEP-VF,9,2,6.956050669075201,-0.3499310047453031,0.016519257551114323,-0.8572675150093945,False,13.576450198781716,2.0,0.4,0.06,0.0,40,62
2STEP-VF,9,2,6.918242863257271,-0.3512564015233117,0.02237079198266926,-1.6053514383302814,False,13.576450198781716,2.0,0.4,0.06,0.0,40,63
2STEP-VF,9,2,6.925022117618746,-0.36233390331459453,0.01990185686918292,-1.2623349842432625,False,13.576450198781716,2.0,0.4,0.06,0.0,40,64
2STEP-VF,9,2,6.9269873233959265,-0.34774494437663156,0.026856568066770076,-2.1874336066388995,False,13.576450198781716,2.0,0.4,0.06,0.0,40,65
2STEP-VF,9,2,6.90970214141972,-0.35409680310491287,0.023783256100064768,-1.7798423248713173,False,13.576450198781716,2.0,0.4,0.06,0.0,40,66
2STEP-VF,9,2,6.886991984081437,-0.33915386772373873,0.025495203830357343,-2.0361972887038817,False,13.576450198781716,2.0,0.4,0.06,0.0,40,67
2STEP-VF,9,2,6.958649868111806,-0.36233698691925764,0.019493217028396258,-1.2080040189417949,False,13.576450198781716,2.0,0.4,0.06,0.0,40,68
2STEP-VF,9,2,6.905083248055102,-0.3512122743248742,0.021774537024667254,-1.529926285894405,False,13.576450198781716,2.0,0.4,0.06,0.0,40,69
2STEP-VF,9,2,6.904181139798172,-0.34556830511698217,0.021987733541113566,-1.5708150925938895,False,13.576450198781716,2.0,0.4,0.06,0.0,40,70
2STEP-VF,9,2,6.911142371405144,-0.34450647297550485,0.023411596965246327,-1.75520033412601,False,13.576450198781716,2.0,0.4,0.06,0.0,40,71
2STEP-VF,9,2,6.914058948490327,-0.3555977047969957,0.01938981439919609,-1.2136182146748908,False,13.576450198781716,2.0,0.4,0.06,0.0,40,72
2STEP-VF,9,2,6.89509690779711,-0.33971463856703266,0.0266025405684042,-2.1761042457270334,False,13.576450198781716,2.0,0.4,0.06,0.0,40,73
2STEP-VF,9,2,6.917547413886629,-0.3567575643637857,0.01678125388326814,-0.8767294977520388,False,13.576450198781716,2.0,0.4,0.06,0.0,40,74
2STEP-VF,9,2,6.888626390360326,-0.35952697238621706,0.020458028239551295,-1.3424452975140257,False,13.576450198781716,2.0,0.4,0.06,0.0,40,75
2STEP-VF,9,2,6.92658972001484,-0.3373584456069478,0.01601102254543312,-0.8241552331578745,False,13.576450198781716,2.0,0.4,0.06,0.0,40,76
2STEP-VF,9,2,6.9257715765413925,-0.36044972795800173,0.020920716164132373,-1.3972260273172565,False,13.576450198781716,2.0,0.4,0.06,0.0,40,77
2STEP-VF,9,2,6.8978858774598715,-0.3724801243597061,0.01788523101469365,-0.9814841187699006,False,13.576450198781716,2.0,0.4,0.06,0.0,40,78
2STEP-VF,9,2,6.93924244392127,-0.3531525582307183,0.018372168128189176,-1.087716834019215,False,13.576450198781716,2.0,0.4,0.06,0.0,40,79
2STEP-VF,9,2,6.930127167656672,-0.3647870361491512,0.023366467985790486,-1.6996113853638195,False,13.576450198781716,2.0,0.4,0.06,0.0,40,80
2STEP-VF,9,2,6.926648619367334,-0.3668221537520838,0.019338892592633918,-1.1794061656901007,False,13.576450198781716,2.0,0.4,0.06,0.0,40,81
2STEP-VF,9,2,6.889755549829176,-0.35080358663010064,0.02137952888910165,-1.4812657569030194,False,13.576450198781716,2.0,0.4,0.06,0.0,40,82
2STEP-VF,9,2,6.92825976156504,-0.3473594465597556,0.016605162488112755,-0.8761025410411172,False,13.576450198781716,2.0,0.4,0.06,0.0,40,83
2STEP-VF,9,2,6.902712666857638,-0.349852312408957,0.019839642572519908,-1.2856659394895935,False,13.576450198781716,2.0,0.4,0.06,0.0,40,84
2STEP-VF,9,2,6.9113713348562245,-0.34455391255009865,0.020250475842890782,-1.3504492376784103,False,13.576450198781716,2.0,0.4,0.06,0.0,40,85
2STEP-VF,9,2,6.933859958000949,-0.3683125094373366,0.013142594580755873,-0.38227048620708737,False,13.576450198781716,2.0,0.4,0.06,0.0,40,86
2STEP-VF,9,2,6.977273746703529,-0.36158398049110224,0.015166331915902831,-0.6548525072547058,False,13.576450198781716,2.0,0.4,0.06,0.0,40,87
2STEP-VF,9,2,6.898592116662631,-0.3566104233412983,0.025594075229086778,-2.0062610863042347,False,13.576450198781716,2.0,0.4,0.06,0.0,40,88
2STEP-VF,9,2,6.924606755901357,-0.3755166796468125,0.025484110913763215,-1.945249760455261,False,13.576450198781716,2.0,0.4,0.06,0.0,40,89
2STEP-VF,9,2,6.909162948842389,-0.3418454960536472,0.02100583103780504,-1.453767405379749,False,13.576450198781716,2.0,0.4,0.06,0.0,40,90
2STEP-VF,9,2,6.816206744288804,-0.3567317405405377,0.03214313082128021,-2.849192163169249,False,13.576450198781716,2.0,0.4,0.06,0.0,40,91
2STEP-VF,9,2,6.921837873161395,-0.3388070902536855,0.020692270669543256,-1.4201633567030085,False,13.576450198781716,2.0,0.4,0.06,0.0,40,92
2STEP-VF,9,2,6.834577285839883,-0.3618443939497589,0.0254465042194188,-1.9786513574557931,False,13.576450198781716,2.0,0.4,0.06,0.0,40,93
2STEP-VF,9,2,6.915642367114244,-0.34774338060933535,0.020303400637824272,-1.349312626152248,False,13.576450198781716,2.0,0.4,0.06,0.0,40,94
2STEP-VF,9,2,6.96092832167163,-0.3637801970601125,0.017889016907651642,-0.999065991934843,False,13.576450198781716,2.0,0.4,0.06,0.0,40,95
2STEP-VF,9,2,6.937432602439136,-0.35550229480966916,0.01837341640892224,-1.082345836652493,False,13.576450198781716,2.0,0.4,0.06,0.0,40,96
2STEP-VF,9,2,6.914226216052056,-0.3477063654719909,0.01687056818643599,-0.9100838777679057,False,13.576450198781716,2.0,0.4,0.06,0.0,40,97
2STEP-VF,9,2,6.933187088107275,-0.35366855041209344,0.01567150393897709,-0.7411567579136074,False,13.576450198781716,2.0,0.4,0.06,0.0,40,98
2STEP-VF,9,2,6.975241372205871,-0.35962056541532994,0.010198471696510756,-0.02380053782423297,False,13.576450198781716,2.0,0.4,0.06,0.0,40,99
2STEP-VF,9,2,9.158431505086943,-0.4388586206724507,0.02371940871866161,-1.4333177360695888,False,13.576450198781716,2.0,0.4,0.06,0.0,44,0
2STEP-VF,9,2,9.206797692497537,-0.43459492364859925,0.016204676348397385,-0.47876289428837526,False,13.576450198781716,2.0,0.4,0.06,0.0,44,1
2STEP-VF,9,2,9.18821919250535,-0.4311906116228583,0.022036016441385958,-1.2344594850522221,False,13.576450198781716,2.0,0.4,0.06,0.0,44,2
2STEP-VF,9,2,9.1974061296312,-0.44325667186577283,0.021909102920765967,-1.1887047936023172,False,13.576450198781716,2.0,0.4,0.06,0.0,44,3
2STEP-VF,9,2,9.194156234394795,-0.44738191681570827,0.020891626273199584,-1.0487621885481597,False,13.576450198781716,2.0,0.4,0.06,0.0,44,4
2STEP-VF,9,2,9.194130391138696,-0.4296331947951235,0.021464161055412215,-1.164645124116146,False,13.576450198781716,2.0,0.4,0.06,0.0,44,5
2STEP-VF,9,2,9.225940288343132,-0.43568613237390535,0.015700348664605072,-0.4104414940714891,False,13.576450198781716,2.0,0.4,0.06,0.0,44,6
2STEP-VF,9,2,9.156710442397593,-0.44592544719973465,0.026998860042094508,-1.8362303855648792,False,13.576450198781716,2.0,0.4,0.06,0.0,44,7
2STEP-VF,9,2,9.173576532533191,-0.4407674536582195,0.02319038329081923,-1.3601125804931438,False,13.576450198781716,2.0,0.4,0.06,0.0,44,8
2STEP-VF,9,2,9.2507633338093,-0.43161466075774096,0.014164485103552778,-0.22213310740762005,False,13.576450198781716,2.0,0.4,0.06,0.0,44,9
2STEP-VF,9,2,9.188848101964336,-0.42336035246214787,0.02295962147505157,-1.3714358167795866,False,13.576450198781716,2.0,0.4,0.06,0.0,44,10
2STEP-VF,9,2,9.281954119964384,-0.4331948146055197,0.016005787310260988,-0.4521559734622964,False,13.576450198781716,2.0,0.4,0.06,0.0,44,11
2STEP-VF,9,2,9.175630817168553,-0.4481118548446813,0.026220417476661977,-1.7302071363553857,False,13.576450198781716,2.0,0.4,0.06,0.0,44,12
2STEP-VF,9,2,9.158236604570202,-0.4380172059522224,0.026993168578995513,-1.8543900875518806,False,13.576450198781716,2.0,0.4,0.06,0.0,44,13
2STEP-VF,9,2,9.139676677321935,-0.4318559287129571,0.027730959560717677,-1.9647279942214504,False,13.576450198781716,2.0,0.4,0.06,0.0,44,14
2STEP-VF,9,2,9.2359075980094,-0.4382247167194123,0.011699124991909862,0.10840577704269072,False,13.576450198781716,2.0,0.4,0.06,0.0,44,15
2STEP-VF,9,2,9.218601869771115,-0.4513704071477526,0.021853996965229366,-1.1609065222084862,False,13.576450198781716,2.0,0.4,0.06,0.0,44,16
2STEP-VF,9,2,9.233721681198865,-0.43707877288810515,0.02010901291587566,-0.9709412974287006,False,13.576450198781716,2.0,0.4,0.06,0.0,44,17
2STEP-VF,9,2,9.156675454773877,-0.4466874992936429,0.02391726036839559,-1.439958801563461,False,13.576450198781716,2.0,0.4,0.06,0.0,44,18
2STEP-VF,9,2,9.221550001545214,-0.4341023010305434,0.01672577747538023,-0.5457609942826527,False,13.576450198781716,2.0,0.4,0.06,0.0,44,19
2STEP-VF,9,2,9.261620389425264,-0.41515446116521554,0.014700260867019192,-0.3295654608164238,False,13.576450198781716,2.0,0.4,0.06,0.0,44,20
2STEP-VF,9,2,9.187490263806525,-0.4394327358788637,0.02056205708443181,-1.0260553248696076,False,13.576450198781716,2.0,0.4,0.06,0.0,44,21
2STEP-VF,9,2,9.182837921185957,-0.450099440513326,0.01854821753339797,-0.7429629117718008,False,13.576450198781716,2.0,0.4,0.06,0.0,44,22
2STEP-VF,9,2,9.208430130875806,-0.4233561468174523,0.022623212730850748,-1.3272106693344625,False,13.576450198781716,2.0,0.4,0.06,0.0,44,23
2STEP-VF,9,2,9.220459224949959,-0.42775485865209645,0.014829897793884968,-0.31838770335524735,False,13.576450198781716,2.0,0.4,0.06,0.0,44,24
2STEP-VF,9,2,9.141910712358408,-0.4465301593620213,0.02457282470684587,-1.5251345372659169,False,13.576450198781716,2.0,0.4,0.06,0.0,44,25
2STEP-VF,9,2,9.205941489929367,-0.44117553269455656,0.019511045171095462,-0.8862360140375218,False,13.576450198781716,2.0,0.4,0.06,0.0,44,26
2STEP-VF,9,2,9.171508480439233,-0.42860332576054766,0.020417931980258097,-1.0345568028213687,False,13.576450198781716,2.0,0.4,0.06,0.0,44,27
2STEP-VF,9,2,9.18210233254203,-0.45025130472188896,0.024485157467031157,-1.5025708844949337,False,13.576450198781716,2.0,0.4,0.06,0.0,44,28
2STEP-VF,9,2,9.184953235496167,-0.430233217506803,0.023228138488563668,-1.3895448103900527,False,13.576450198781716,2.0,0.4,0.06,0.0,44,29
2STEP-VF,9,2,9.197550223719045,-0.4193196516690809,0.02101202680156527,-1.131319253171418,False,13.576450198781716,2.0,0.4,0.06,0.0,44,30
2STEP-VF,9,2,9.163869710293886,-0.44042832299074014,0.03166953694401246,-2.446840571038186,False,13.576450198781716,2.0,0.4,0.06,0.0,44,31
2STEP-VF,9,2,9.199959092111518,-0.4310094765662668,0.02652703294468748,-1.809039927634267,False,13.576450198781716,2.0,0.4,0.06,0.0,44,32
2STEP-VF,9,2,9.154916912929597,-0.4250143712395975,0.03337840028273511,-2.703105730439285,False,13.576450198781716,2.0,0.4,0.06,0.0,44,33
2STEP-VF,9,2,9.183088600853933,-0.43990091465883246,0.0118307500611825,0.09241150340107374,False,13.576450198781716,2.0,0.4,0.06,0.0,44,34
2STEP-VF,9,2,9.144404953158238,-0.4208718128162091,0.025753993588624843,-1.7377545313955847,False,13.576450198781716,2.0,0.4,0.06,0.0,44,35
2STEP-VF,9,2,9.16920328396892,-0.43070753719841814,0.023399701278068823,-1.411311477278471,False,13.576450198781716,2.0,0.4,0.06,0.0,44,36
2STEP-VF,9,2,9.195430959730723,-0.422741298657418,0.01897321459701624,-0.8622664940564326,False,13.576450198781716,2.0,0.4,0.06,0.0,44,37
2STEP-VF,9,2,9.184231380029294,-0.44498220266823374,0.021836007724988823,-1.1759978195930514,False,13.576450198781716,2.0,0.4,0.06,0.0,44,38
2STEP-VF,9,2,9.226130645547732,-0.42765174352725527,0.020073386286903163,-0.9894614215253288,False,13.576450198781716,2.0,0.4,0.06,0.0,44,39
2STEP-VF,9,2,9.148430161470667,-0.4385164749695287,0.025186915703848085,-1.6225798604774468,False,13.576450198781716,2.0,0.4,0.06,0.0,44,40
2STEP-VF,9,2,9.129999827414645,-0.4300707595401725,0.03019340987998632,-2.2847866520969573,False,13.576450198781716,2.0,0.4,0.06,0.0,44,41
2STEP-VF,9,2,9.159914723602018,-0.43201466724940296,0.02439995554239058,-1.5367642246113071,False,13.576450198781716,2.0,0.4,0.06,0.0,44,42
2STEP-VF,9,2,9.077301478646948,-0.421428843454569,0.03261646531611304,-2.618840247452688,False,13.576450198781716,2.0,0.4,0.06,0.0,44,43
2STEP-VF,9,2,9.237049605806344,-0.44245882725652586,0.021021375933127272,-1.0746119576762485,False,13.576450198781716,2.0,0.4,0.06,0.0,44,44
2STEP-VF,9,2,9.133562532581248,-0.42834736194433126,0.026747387305072277,-1.8476181544279826,False,13.576450198781716,2.0,0.4,0.06,0.0,44,45
2STEP-VF,9,2,9.165431715884443,-0.42201149772582125,0.018104479426904848,-0.7546198691487835,False,13.576450198781716,2.0,0.4,0.06,0.0,44,46
2STEP-VF,9,2,9.171329835421691,-0.43935893553335287,0.022388238860339263,-1.2609533387180778,False,13.576450198781716,2.0,0.4,0.06,0.0,44,47
2STEP-VF,9,2,9.171744057153477,-0.4482752604145912,0.025700167830373242,-1.6634562138635482,False,13.576450198781716,2.0,0.4,0.06,0.0,44,48
2STEP-VF,9,2,9.163567805104362,-0.4454569352648851,0.017476711891992222,-0.6181084092330189,False,13.576450198781716,2.0,0.4,0.06,0.0,44,49
2STEP-VF,9,2,9.234158953764862,-0.4257542183389835,0.018811183036233435,-0.8319717673984282,False,13.576450198781716,2.0,0.4,0.06,0.0,44,50
2STEP-VF,9,2,9.160311660744886,-0.4282358645457424,0.024331400800738468,-1.5370345279400501,False,13.576450198781716,2.0,0.4,0.06,0.0,44,51
2STEP-VF,9,2,9.20380840925519,-0.4336963433794439,0.02531566875718042,-1.647305872253118,False,13.576450198781716,2.0,0.4,0.06,0.0,44,52
2STEP-VF,9,2,9.20908486120135,-0.44781107974105777,0.02053332192449266,-1.0009735232844414,False,13.576450198781716,2.0,0.4,0.06,0.0,44,53
2STEP-VF,9,2,9.153891491874358,-0.43800343405789843,0.027096978569994132,-1.8679715257078322,False,13.576450198781716,2.0,0.4,0.06,0.0,44,54
2STEP-VF,9,2,9.130384707563149,-0.4381968853893847,0.021890364243666197,-1.2024710158009615,False,13.576450198781716,2.0,0.4,0.06,0.0,44,55
2STEP-VF,9,2,9.152949649434412,-0.4302546141318662,0.0330185684621336,-2.644588710270558,False,13.576450198781716,2.0,0.4,0.06,0.0,44,56
2STEP-VF,9,2,9.211047648434809,-0.43123784127512615,0.017161397781906944,-0.6090252381176982,False,13.576450198781716,2.0,0.4,0.06,0.0,44,57
2STEP-VF,9,2,9.181440818459185,-0.43619234560557507,0.017889649218616337,-0.6921270214219604,False,13.576450198781716,2.0,0.4,0.06,0.0,44,58
2STEP-VF,9,2,9.180894516168456,-0.44101835690143115,0.029156391170961277,-2.1227203423495022,False,13.576450198781716,2.0,0.4,0.06,0.0,44,59
2STEP-VF,9,2,9.165381570775079,-0.43114662040330154,0.02075140292744109,-1.0715047914980316,False,13.576450198781716,2.0,0.4,0.06,0.0,44,60
2STEP-VF,9,2,9.124843521879388,-0.4284000013152707,0.025374188292694787,-1.672245486995521,False,13.576450198781716,2.0,0.4,0.06,0.0,44,61
2STEP-VF,9,2,9.181856333252442,-0.43214074928432555,0.03010898781347686,-2.265901261847511,False,13.576450198781716,2.0,0.4,0.06,0.0,44,62
2STEP-VF,9,2,9.128297491983076,-0.4348110672192729,0.026889961049458126,-1.8506706034854015,False,13.576450198781716,2.0,0.4,0.06,0.0,44,63
2STEP-VF,9,2,9.214082402670021,-0.42092588928301433,0.019127528803746213,-0.8852566084400801,False,13.576450198781716,2.0,0.4,0.06,0.0,44,64
2STEP-VF,9,2,9.21610209584514,-0.42368791698135355,0.012957888526445449,-0.08879260487906104,False,13.576450198781716,2.0,0.4,0.06,0.0,44,65
2STEP-VF,9,2,9.173180109493975,-0.4552148396255319,0.02275038994089497,-1.2691434907636414,False,13.576450198781716,2.0,0.4,0.06,0.0,44,66
2STEP-VF,9,2,9.146396807432916,-0.4170646198335331,0.02470540524211167,-1.6125529749438403,False,13.576450198781716,2.0,0.4,0.06,0.0,44,67
2STEP-VF,9,2,9.280373944794103,-0.43835559044422223,0.016162773910537668,-0.45995920679504243,False,13.576450198781716,2.0,0.4,0.06,0.0,44,68
2STEP-VF,9,2,9.147825069709429,-0.4278159893550966,0.022162143025507522,-1.2611264286301656,False,13.576450198781716,2.0,0.4,0.06,0.0,44,69
2STEP-VF,9,2,9.080705932153712,-0.4401344211891585,0.03373817871685297,-2.7173219089739784,False,13.576450198781716,2.0,0.4,0.06,0.0,44,70
2STEP-VF,9,2,9.163434946642594,-0.4240631060247354,0.019843252676567044,-0.9723787913426616,False,13.576450198781716,2.0,0.4,0.06,0.0,44,71
2STEP-VF,9,2,9.193828191027626,-0.43229678847520564,0.02218034905025989,-1.2499426946311152,False,13.576450198781716,2.0,0.4,0.06,0.0,44,72
2STEP-VF,9,2,9.230553700084501,-0.4266480834930367,0.019901779733234388,-0.9696391834656439,False,13.576450198781716,2.0,0.4,0.06,0.0,44,73
2STEP-VF,9,2,9.153014190328951,-0.45671031083171304,0.024749569413012262,-1.5226592874497222,False,13.576450198781716,2.0,0.4,0.06,0.0,44,74
2STEP-VF,9,2,9.185353671393997,-0.4310849352323893,0.018172747455653372,-0.740386609482258,False,13.576450198781716,2.0,0.4,0.06,0.0,44,75
2STEP-VF,9,2,9.20345539865433,-0.4364711226493197,0.020328326620881076,-1.002287789195151,False,13.576450198781716,2.0,0.4,0.06,0.0,44,76
2STEP-VF,9,2,9.203727111472158,-0.4479355322669562,0.01710509984968885,-0.5621838766311487,False,13.576450198781716,2.0,0.4,0.06,0.0,44,77
2STEP-VF,9,2,9.221917152689109,-0.42007683097961135,0.01408875833815923,-0.24186164377196828,False,13.576450198781716,2.0,0.4,0.06,0.0,44,78
2STEP-VF,9,2,9.212066633837658,-0.4384916201187615,0.016337604882103594,-0.4861095385939733,False,13.576450198781716,2.0,0.4,0.06,0.0,44,79
2STEP-VF,9,2,9.17673082069757,-0.42118908358832363,0.028572090314907716,-2.095769910454358,False,13.576450198781716,2.0,0.4,0.06,0.0,44,80
2STEP-VF,9,2,9.133134274553809,-0.4506481926556058,0.028008656808436398,-1.9555643526331772,False,13.576450198781716,2.0,0.4,0.06,0.0,44,81
2STEP-VF,9,2,9.219893825905874,-0.4265533432006099,0.02119760458418538,-1.1363717335399128,False,13.576450198781716,2.0,0.4,0.06,0.0,44,82
2STEP-VF,9,2,9.16402664202543,-0.4375596950892115,0.022182550239531758,-1.2393815639244319,False,13.576450198781716,2.0,0.4,0.06,0.0,44,83
2STEP-VF,9,2,9.129776193742753,-0.4230161634233432,0.025429240701705946,-1.6919174459777733,False,13.576450198781716,2.0,0.4,0.06,0.0,44,84
2STEP-VF,9,2,9.19838960884169,-0.44449428302781335,0.022399389149590807,-1.2484321553503706,False,13.576450198781716,2.0,0.4,0.06,0.0,44,85
2STEP-VF,9,2,9.13901234293222,-0.43219486270951485,0.029049092150874756,-2.1326753842332007,False,13.576450198781716,2.0,0.4,0.06,0.0,44,86
2STEP-VF,9,2,9.147576866059213,-0.4442473681308218,0.024627271191201096,-1.5372424169962162,False,13.576450198781716,2.0,0.4,0.06,0.0,44,87
2STEP-VF,9,2,9.13593225163297,-0.4146513274381287,0.023001589983537213,-1.4008843969432765,False,13.576450198781716,2.0,0.4,0.06,0.0,44,88
2STEP-VF,9,2,9.146739927992,-0.4244225400715146,0.030379465995923706,-2.3211531556270804,False,13.576450198781716,2.0,0.4,0.06,0.0,44,89
2STEP-VF,9,2,9.185969455800723,-0.43244117760188183,0.02514537338391366,-1.6295907995483896,False,13.576450198781716,2.0,0.4,0.06,0.0,44,90
2STEP-VF,9,2,9.196172632538424,-0.4111000169771008,0.027667475972243484,-2.0030265257498194,False,13.576450198781716,2.0,0.4,0.06,0.0,44,91
2STEP-VF,9,2,9.179275397826066,-0.4170853435562622,0.025943610639169955,-1.769020813409162,False,13.576450198781716,2.0,0.4,0.06,0.0,44,92
2STEP-VF,9,2,9.238584622704552,-0.4463138885339805,0.019146083290522153,-0.8252302513430096,False,13.576450198781716,2.0,0.4,0.06,0.0,44,93
2STEP-VF,9,2,9.311988049450115,-0.43040562819060063,0.011878206597808532,0.07128234610495587,False,13.576450198781716,2.0,0.4,0.06,0.0,44,94
2STEP-VF,9,2,9.206507219657793,-0.4301117234497057,0.01929936041075181,-0.8856595631174708,False,13.576450198781716,2.0,0.4,0.06,0.0,44,95
2STEP-VF,9,2,9.157723620781582,-0.44441800405993503,0.024389934795270924,-1.5058450268039403,False,13.576450198781716,2.0,0.4,0.06,0.0,44,96
2STEP-VF,9,2,9.212113746838547,-0.43051998937185476,0.022323760866747235,-1.2714665916408823,False,13.576450198781716,2.0,0.4,0.06,0.0,44,97
2STEP-VF,9,2,9.1593466558922,-0.42321727746234167,0.02502525560169088,-1.637950451753282,False,13.576450198781716,2.0,0.4,0.06,0.0,44,98
2STEP-VF,9,2,9.26925249394285,-0.42009090200929705,0.023422727989259585,-1.4337358681663432,False,13.576450198781716,2.0,0.4,0.06,0.0,44,99
2STEP-VF,9,2,1.4389228163221848,-0.2633918080865885,0.04583695252980494,-1.4667824809537584,False,4.800000000000001,1.0,0.2,0.0,0.0,36,0
2STEP-VF,9,2,1.4496646712652501,-0.26976504342660124,0.03896181567612893,-1.246778101636126,False,4.800000000000001,1.0,0.2,0.0,0.0,36,1
2STEP-VF,9,2,1.4462850258404054,-0.260364058236849,0.03600259666289726,-1.1520830932127126,False,4.800000000000001,1.0,0.2,0.0,0.0,36,2
2STEP-VF,9,2,1.4557083019935386,-0.273426834713935,0.03933673574313772,-1.2587755437804073,False,4.800000000000001,1.0,0.2,0.0,0.0,36,3
2STEP-VF,9,2,1.4520937109217518,-0.2530341950507324,0.02358301199585811,-0.7546563838674597,False,4.800000000000001,1.0,0.2,0.0,0.0,36,4
2STEP-VF,9,2,1.4410259713396072,-0.2606769001634962,0.029880236128192975,-0.9561675561021754,False,4.800000000000001,1.0,0.2,0.0,0.0,36,5
2STEP-VF,9,2,1.4393075927539447,-0.24987425274153963,0.03890990675669112,-1.245117016214116,False,4.800000000000001,1.0,0.2,0.0,0.0,36,6
2STEP-VF,9,2,1.448188023563485,-0.2850014862583402,0.03873610406020374,-1.2395553299265198,False,4.800000000000001,1.0,0.2,0.0,0.0,36,7
2STEP-VF,9,2,1.4391730352099483,-0.2503453106044728,0.04757114288013584,-1.5222765721643474,False,4.800000000000001,1.0,0.2,0.0,0.0,36,8
2STEP-VF,9,2,1.4429830120774432,-0.28510068790728943,0.03614026302737421,-1.156488416875975,False,4.800000000000001,1.0,0.2,0.0,0.0,36,9
2STEP-VF,9,2,1.420946119873171,-0.25761342594047804,0.031499670342909694,-1.0079894509731104,False,4.800000000000001,1.0,0.2,0.0,0.0,36,10
2STEP-VF,9,2,1.4252396711106885,-0.28535192195086734,0.05657317467918778,-1.8103415897340094,False,4.800000000000001,1.0,0.2,0.0,0.0,36,11
2STEP-VF,9,2,1.4309837019363603,-0.2693449136625314,0.05985521342301355,-1.9153668295364341,False,4.800000000000001,1.0,0.2,0.0,0.0,36,12
2STEP-VF,9,2,1.4470119674054693,-0.26402512985214677,0.04531286219310555,-1.4500115901793778,False,4.800000000000001,1.0,0.2,0.0,0.0,36,13
2STEP-VF,9,2,1.4466973770630207,-0.27403160130031723,0.024397244040553066,-0.7807118092976983,False,4.800000000000001,1.0,0.2,0.0,0.0,36,14
2STEP-VF,9,2,1.4315335095559791,-0.2525298818584578,0.028547418998670183,-0.9135174079574461,False,4.800000000000001,1.0,0.2,0.0,0.0,36,15
2STEP-VF,9,2,1.4630542403644475,-0.2673548396393811,0.02731235854013485,-0.8739954732843154,False,4.800000000000001,1.0,0.2,0.0,0.0,36,16
2STEP-VF,9,2,1.4302180630332675,-0.26095865517449446,0.05330748991886034,-1.7058396774035314,False,4.800000000000001,1.0,0.2,0.0,0.0,36,17
2STEP-VF,9,2,1.4536468533694287,-0.2661917735373101,0.03632002573434205,-1.1622408234989459,False,4.800000000000001,1.0,0.2,0.0,0.0,36,18
2STEP-VF,9,2,1.428819576004181,-0.2677011071193339,0.04247260884556481,-1.359123483058074,False,4.800000000000001,1.0,0.2,0.0,0.0,36,19
2STEP-VF,9,2,1.4301166285228668,-0.25748320351664883,0.0403158388505139,-1.290106843216445,False,4.800000000000001,1.0,0.2,0.0,0.0,36,20
2STEP-VF,9,2,1.4488721825249053,-0.26484431413811405,0.023760912487242197,-0.7603491995917505,False,4.800000000000001,1.0,0.2,0.0,0.0,36,21
2STEP-VF,9,2,1.4347051836643523,-0.2759416880316577,0.05540144071770837,-1.7728461029666682,False,4.800000000000001,1.0,0.2,0.0,0.0,36,22
2STEP-VF,9,2,1.4246446558535784,-0.26880553751978753,0.03917291737706822,-1.2535333560661832,False,4.800000000000001,1.0,0.2,0.0,0.0,36,23
2STEP-VF,9,2,1.4495373447213977,-0.2702224075248427,0.04907908874326125,-1.5705308397843605,False,4.800000000000001,1.0,0.2,0.0,0.0,36,24
2STEP-VF,9,2,1.4590383589070497,-0.2684382455417904,0.0330196194476103,-1.05662782232353,False,4.800000000000001,1.0,0.2,0.0,0.0,36,25
2STEP-VF,9,2,1.43384755133758,-0.26114544689395797,0.0384132441808522,-1.2292238137872706,False,4.800000000000001,1.0,0.2,0.0,0.0,36,26
2STEP-VF,9,2,1.4455675907241081,-0.2759722123308042,0.045022771466450964,-1.440728686926431,False,4.800000000000001,1.0,0.2,0.0,0.0,36,27
2STEP-VF,9,2,1.4328324057559596,-0.2677931766290702,0.04045401033951046,-1.294528330864335,False,4.800000000000001,1.0,0.2,0.0,0.0,36,28
2STEP-VF,9,2,1.4238345395090253,-0.26927438072516585,0.041585550794187444,-1.3307376254139984,False,4.800000000000001,1.0,0.2,0.0,0.0,36,29
2STEP-VF,9,2,1.4442953683436832,-0.2808913847591928,0.03822217324859062,-1.2231095439549,False,4.800000000000001,1.0,0.2,0.0,0.0,36,30
2STEP-VF,9,2,1.4291913062980124,-0.26478805734016025,0.037470006723300336,-1.199040215145611,False,4.800000000000001,1.0,0.2,0.0,0.0,36,31
2STEP-VF,9,2,1.4155275203609399,-0.25955377390503676,0.05188104510807831,-1.6601934434585064,False,4.800000000000001,1.0,0.2,0.0,0.0,36,32
2STEP-VF,9,2,1.4319824463742872,-0.26694402437290615,0.0425525140688106,-1.3616804502019395,False,4.800000000000001,1.0,0.2,0.0,0.0,36,33
2STEP-VF,9,2,1.4523050311419072,-0.28313576283740666,0.04203316851475853,-1.3450613924722732,False,4.800000000000001,1.0,0.2,0.0,0.0,36,34
2STEP-VF,9,2,1.4365588709256012,-0.260147188691189,0.031309313417173024,-1.001898029349537,False,4.800000000000001,1.0,0.2,0.0,0.0,36,35
2STEP-VF,9,2,1.4262435860155376,-0.26298619871561457,0.05790180988836587,-1.8528579164277084,False,4.800000000000001,1.0,0.2,0.0,0.0,36,36
2STEP-VF,9,2,1.4153362256878723,-0.2642893044304547,0.042784781132065866,-1.369112996226108,False,4.800000000000001,1.0,0.2,0.0,0.0,36,37
2STEP-VF,9,2,1.4313439373001202,-0.26099829694642995,0.03772716379883758,-1.2072692415628028,False,4.800000000000001,1.0,0.2,0.0,0.0,36,38
2STEP-VF,9,2,1.4384495137750717,-0.28160906470988667,0.041982931824857427,-1.3434538183954379,False,4.800000000000001,1.0,0.2,0.0,0.0,36,39
2STEP-VF,9,2,1.4469120445383885,-0.27008510316382556,0.02753171858327241,-0.8810149946647173,False,4.800000000000001,1.0,0.2,0.0,0.0,36,40
2STEP-VF,9,2,1.4355544429028908,-0.26023915369627165,0.02744145037245421,-0.8781264119185349,False,4.800000000000001,1.0,0.2,0.0,0.0,36,41
2STEP-VF,9,2,1.437176147808243,-0.26000639836022615,0.03863911113858597,-1.2364515564347514,False,4.800000000000001,1.0,0.2,0.0,0.0,36,42
2STEP-VF,9,2,1.4185967516252265,-0.27128012384622974,0.053468288505828195,-1.7109852321865027,False,4.800000000000001,1.0,0.2,0.0,0.0,36,43
2STEP-VF,9,2,1.4509119858974073,-0.2663311134046125,0.022615787488046282,-0.7237051996174811,False,4.800000000000001,1.0,0.2,0.0,0.0,36,44
2STEP-VF,9,2,1.4277103224178609,-0.2570418467178442,0.04053906557717403,-1.2972500984695692,False,4.800000000000001,1.0,0.2,0.0,0.0,36,45
2STEP-VF,9,2,1.4260430299703297,-0.26002010734060593,0.047347379817913364,-1.515116154173228,False,4.800000000000001,1.0,0.2,0.0,0.0,36,46
2STEP-VF,9,2,1.4332265886028899,-0.247534904427238,0.0430791386847153,-1.3785324379108899,False,4.800000000000001,1.0,0.2,0.0,0.0,36,47
2STEP-VF,9,2,1.4338009729245909,-0.2666427268855788,0.021672014140785074,-0.6935044525051225,False,4.800000000000001,1.0,0.2,0.0,0.0,36,48
2STEP-VF,9,2,1.4382886891019162,-0.27120000028312147,0.032993472105031126,-1.0557911073609962,False,4.800000000000001,1.0,0.2,0.0,0.0,36,49
2STEP-VF,9,2,1.4676978605605475,-0.27817007494839846,0.03334970818787545,-1.0671906620120146,False,4.800000000000001,1.0,0.2,0.0,0.0,36,50
2STEP-VF,9,2,1.4185071471774764,-0.25294124281554164,0.0572323880871736,-1.8314364187895555,False,4.800000000000001,1.0,0.2,0.0,0.0,36,51
2STEP-VF,9,2,1.448712198032368,-0.27165709414267253,0.04639140830468645,-1.4845250657499667,False,4.800000000000001,1.0,0.2,0.0,0.0,36,52
2STEP-VF,9,2,1.4060651433781801,-0.2679760590693434,0.056826995468965844,-1.8184638550069074,False,4.800000000000001,1.0,0.2,0.0,0.0,36,53
2STEP-VF,9,2,1.4483381277629872,-0.2752874677798485,0.039436171374514245,-1.261957483984456,False,4.800000000000001,1.0,0.2,0.0,0.0,36,54
2STEP-VF,9,2,1.446002734975388,-0.2770162046241973,0.024595210938146803,-0.7870467500206979,False,4.800000000000001,1.0,0.2,0.0,0.0,36,55
2STEP-VF,9,2,1.4333936948751782,-0.2669039320457684,0.05309771060258701,-1.6991267392827847,False,4.800000000000001,1.0,0.2,0.0,0.0,36,56
2STEP-VF,9,2,1.4228857024875396,-0.2617676147417256,0.053187679101415496,-1.7020057312452963,False,4.800000000000001,1.0,0.2,0.0,0.0,36,57
2STEP-VF,9,2,1.4407441789837174,-0.2641804423590973,0.03153224443201471,-1.009031821824471,False,4.800000000000001,1.0,0.2,0.0,0.0,36,58
2STEP-VF,9,2,1.4413927918625715,-0.2592568484588551,0.04122719314541114,-1.3192701806531566,False,4.800000000000001,1.0,0.2,0.0,0.0,36,59
2STEP-VF,9,2,1.4321286903598756,-0.25955203620700296,0.036011584647654915,-1.1523707087249575,False,4.800000000000001,1.0,0.2,0.0,0.0,36,60
2STEP-VF,9,2,1.432930053265272,-0.271862944957739,0.0266564246146372,-0.8530055876683906,False,4.800000000000001,1.0,0.2,0.0,0.0,36,61
2STEP-VF,9,2,1.425698199467599,-0.25925338372828466,0.04348009042446223,-1.3913628935827915,False,4.800000000000001,1.0,0.2,0.0,0.0,36,62
2STEP-VF,9,2,1.4419604684144898,-0.26906074091772064,0.03089722875961157,-0.9887113203075705,False,4.800000000000001,1.0,0.2,0.0,0.0,36,63
2STEP-VF,9,2,1.4332362408345518,-0.2658248762062863,0.039338580573462165,-1.2588345783507895,False,4.800000000000001,1.0,0.2,0.0,0.0,36,64
2STEP-VF,9,2,1.4458874544307947,-0.25502490461243194,0.04169910892938005,-1.3343714857401618,False,4.800000000000001,1.0,0.2,0.0,0.0,36,65
2STEP-VF,9,2,1.458473080335773,-0.2753124669291747,0.04109826128974355,-1.315144361271794,False,4.800000000000001,1.0,0.2,0.0,0.0,36,66
2STEP-VF,9,2,1.435653864991163,-0.26325195293827375,0.02127027832059708,-0.6806489062591067,False,4.800000000000001,1.0,0.2,0.0,0.0,36,67
2STEP-VF,9,2,1.4600091756372524,-0.25977733292050476,0.03750037718639526,-1.2000120699646486,False,4.800000000000001,1.0,0.2,0.0,0.0,36,68
2STEP-VF,9,2,1.4405398504552078,-0.26610193235417895,0.0369026638379594,-1.180885242814701,False,4.800000000000001,1.0,0.2,0.0,0.0,36,69
2STEP-VF,9,2,1.4351493863657165,-0.27491156100652187,0.04908759943505167,-1.570803181921654,False,4.800000000000001,1.0,0.2,0.0,0.0,36,70
2STEP-VF,9,2,1.4478842880020977,-0.27695068732740347,0.0324761263836502,-1.0392360442768067,False,4.800000000000001,1.0,0.2,0.0,0.0,36,71
2STEP-VF,9,2,1.4488038267093915,-0.276303330886584,0.044920554615730704,-1.4374577477033827,False,4.800000000000001,1.0,0.2,0.0,0.0,36,72
2STEP-VF,9,2,1.4564487402481414,-0.26633464272384233,0.03788756593187225,-1.2124021098199123,False,4.800000000000001,1.0,0.2,0.0,0.0,36,73
2STEP-VF,9,2,1.4490567851437632,-0.2720757114602598,0.03558420796614115,-1.1386946549165171,False,4.800000000000001,1.0,0.2,0.0,0.0,36,74
2STEP-VF,9,2,1.4286181923715244,-0.26300223419915875,0.05263306068837683,-1.684257942028059,False,4.800000000000001,1.0,0.2,0.0,0.0,36,75
2STEP-VF,9,2,1.4348309416881977,-0.26680656854999873,0.04636480556647022,-1.4836737781270473,False,4.800000000000001,1.0,0.2,0.0,0.0,36,76
2STEP-VF,9,2,1.4350501417841794,-0.28106917048286834,0.0421526623178626,-1.3488851941716034,False,4.800000000000001,1.0,0.2,0.0,0.0,36,77
2STEP-VF,9,2,1.440987396845594,-0.26677896683497665,0.046837477754556114,-1.4987992881457959,False,4.800000000000001,1.0,0.2,0.0,0.0,36,78
2STEP-VF,9,2,1.4326803465130864,-0.2753416552292891,0.05866829312956638,-1.8773853801461247,False,4.800000000000001,1.0,0.2,0.0,0.0,36,79
2STEP-VF,9,2,1.4476472646004788,-0.2701389744133717,0.02910916515778769,-0.9314932850492063,False,4.800000000000001,1.0,0.2,0.0,0.0,36,80
2STEP-VF,9,2,1.4354488682593647,-0.27115037441352635,0.04918435826696602,-1.5738994645429132,False,4.800000000000001,1.0,0.2,0.0,0.0,36,81
2STEP-VF,9,2,1.4379208920127946,-0.25311444375336817,0.04345587062096762,-1.390587859870964,False,4.800000000000001,1.0,0.2,0.0,0.0,36,82
2STEP-VF,9,2,1.4406009102596893,-0.2634929218175928,0.044889139336539444,-1.4364524587692624,False,4.800000000000001,1.0,0.2,0.0,0.0,36,83
2STEP-VF,9,2,1.44900974600765,-0.2572855766289037,0.03483365074609191,-1.1146768238749414,False,4.800000000000001,1.0,0.2,0.0,0.0,36,84
2STEP-VF,9,2,1.4395470034484,-0.26832784674454907,0.041716136474353745,-1.33491636717932,False,4.800000000000001,1.0,0.2,0.0,0.0,36,85
2STEP-VF,9,2,1.428701610760698,-0.272116133600875,0.04903189151776198,-1.5690205285683838,False,4.800000000000001,1.0,0.2,0.0,0.0,36,86
2STEP-VF,9,2,1.4278155453695822,-0.25326922331012697,0.0459157590863222,-1.4693042907623106,False,4.800000000000001,1.0,0.2,0.0,0.0,36,87
2STEP-VF,9,2,1.4314078221593232,-0.27710020964796306,0.03923375982010083,-1.2554803142432267,False,4.800000000000001,1.0,0.2,0.0,0.0,36,88
2STEP-VF,9,2,1.4454312781063028,-0.2634046230182305,0.04726570113414225,-1.5125024362925525,False,4.800000000000001,1.0,0.2,0.0,0.0,36,89
2STEP-VF,9,2,1.4233659441908966,-0.25744168024654435,0.04777531689427352,-1.5288101406167531,False,4.800000000000001,1.0,0.2,0.0,0.0,36,90
2STEP-VF,9,2,1.4529245772132535,-0.2680909257031205,0.024416278093342854,-0.7813208989869715,False,4.800000000000001,1.0,0.2,0.0,0.0,36,91
2STEP-VF,9,2,1.4307438346573138,-0.2564439132269941,0.04163046937767738,-1.3321750200856763,False,4.800000000000001,1.0,0.2,0.0,0.0,36,92
2STEP-VF,9,2,1.4491903564695006,-0.26666581885128393,0.02766117704609753,-0.8851576654751212,False,4.800000000000001,1.0,0.2,0.0,0.0,36,93
2STEP-VF,9,2,1.4482562534949346,-0.26520298521044094,0.034174754145153724,-1.0935921326449194,False,4.800000000000001,1.0,0.2,0.0,0.0,36,94
2STEP-VF,9,2,1.4366755056195344,-0.2690506897021757,0.046862832797795316,-1.4996106495294503,False,4.800000000000001,1.0,0.2,0.0,0.0,36,95
2STEP-VF,9,2,1.431855338955163,-0.26480542588712425,0.03730757536439711,-1.1938424116607078,False,4.800000000000001,1.0,0.2,0.0,0.0,36,96
2STEP-VF,9,2,1.433648358784765,-0.27091413787653007,0.03475847489380427,-1.112271196601737,False,4.800000000000001,1.0,0.2,0.0,0.0,36,97
2STEP-VF,9,2,1.445286741599268,-0.2628672401285232,0.03941792626240942,-1.2613736403971016,False,4.800000000000001,1.0,0.2,0.0,0.0,36,98
2STEP-VF,9,2,1.448513605540734,-0.26148062102521585,0.03980112789640686,-1.2736360926850196,False,4.800000000000001,1.0,0.2,0.0,0.0,36,99
2STEP-VF,9,2,3.202739854475933,-0.47224571751982575,0.044309647762941495,-1.417908728414128,False,4.800000000000001,1.0,0.2,0.0,0.0,40,0
2STEP-VF,9,2,3.2232027131111094,-0.45558894354428686,0.04953748325236084,-1.5851994640755473,False,4.800000000000001,1.0,0.2,0.0,0.0,40,1
2STEP-VF,9,2,3.207581536223806,-0.48695130968019734,0.05509201684155398,-1.7629445389297278,False,4.800000000000001,1.0,0.2,0.0,0.0,40,2
2STEP-VF,9,2,3.178389496384351,-0.4516635512692429,0.04620920123099307,-1.4786944393917785,False,4.800000000000001,1.0,0.2,0.0,0.0,40,3
2STEP-VF,9,2,3.1919519250221,-0.4627965745685588,0.04084916961292044,-1.3071734276134543,False,4.800000000000001,1.0,0.2,0.0,0.0,40,4
2STEP-VF,9,2,3.1989962258877855,-0.45562645175007715,0.047624394468021844,-1.5239806229766995,False,4.800000000000001,1.0,0.2,0.0,0.0,40,5
2STEP-VF,9,2,3.2048961025452734,-0.4542760879821205,0.019612563225476685,-0.627602023215254,False,4.800000000000001,1.0,0.2,0.0,0.0,40,6
2STEP-VF,9,2,3.1851788885721444,-0.4576419387682896,0.054749139136061206,-1.751972452353959,False,4.800000000000001,1.0,0.2,0.0,0.0,40,7
2STEP-VF,9,2,3.1782361228708105,-0.470636113039442,0.07318314605438185,-2.3418606737402197,False,4.800000000000001,1.0,0.2,0.0,0.0,40,8
2STEP-VF,9,2,3.1678548302756693,-0.47128890622022956,0.062369871203950815,-1.9958358785264265,False,4.800000000000001,1.0,0.2,0.0,0.0,40,9
2STEP-VF,9,2,3.1907419059138937,-0.48413668389913794,0.060117821636813056,-1.9237702923780182,False,4.800000000000001,1.0,0.2,0.0,0.0,40,10
2STEP-VF,9,2,3.1831171690862248,-0.46071093541226205,0.05360133613754272,-1.7152427564013675,False,4.800000000000001,1.0,0.2,0.0,0.0,40,11
2STEP-VF,9,2,3.1774607228228477,-0.4469538520312957,0.04983120682234575,-1.5945986183150644,False,4.800000000000001,1.0,0.2,0.0,0.0,40,12
2STEP-VF,9,2,3.207650982232456,-0.44534014483349366,0.03191330775566078,-1.0212258481811451,False,4.800000000000001,1.0,0.2,0.0,0.0,40,13
2STEP-VF,9,2,3.192252114396868,-0.468888148153215,0.049534256674067814,-1.5850962135701705,False,4.800000000000001,1.0,0.2,0.0,0.0,40,14
2STEP-VF,9,2,3.1759379715239,-0.4525712284757473,0.0410947226820921,-1.3150311258269474,False,4.800000000000001,1.0,0.2,0.0,0.0,40,15
2STEP-VF,9,2,3.20388195741086,-0.4621893800541631,0.04414872010761354,-1.4127590434436335,False,4.800000000000001,1.0,0.2,0.0,0.0,40,16
2STEP-VF,9,2,3.1551825287354895,-0.46747618216687153,0.06265976608843075,-2.0051125148297846,False,4.800000000000001,1.0,0.2,0.0,0.0,40,17
2STEP-VF,9,2,3.1921440210170977,-0.45512902821194295,0.041770829335968346,-1.3366665387509873,False,4.800000000000001,1.0,0.2,0.0,0.0,40,18
2STEP-VF,9,2,3.2075306992150376,-0.474185596517969,0.03798691661312884,-1.2155813316201232,False,4.800000000000001,1.0,0.2,0.0,0.0,40,19
2STEP-VF,9,2,3.1703526220908,-0.46042401051962795,0.054246946761351736,-1.735902296363256,False,4.800000000000001,1.0,0.2,0.0,0.0,40,20
2STEP-VF,9,2,3.1707170080432605,-0.43308171923699956,0.06668742673064984,-2.1339976553807953,False,4.800000000000001,1.0,0.2,0.0,0.0,40,21
2STEP-VF,9,2,3.2199044743528384,-0.4631366707176865,0.04205238344986997,-1.3456762703958394,False,4.800000000000001,1.0,0.2,0.0,0.0,40,22
2STEP-VF,9,2,3.1875579674755903,-0.4669605460652807,0.03454950237352947,-1.1055840759529432,False,4.800000000000001,1.0,0.2,0.0,0.0,40,23
2STEP-VF,9,2,3.1895313599677237,-0.46028953006023654,0.04478532779351613,-1.4331304893925163,False,4.800000000000001,1.0,0.2,0.0,0.0,40,24
2STEP-VF,9,2,3.182790511574866,-0.46886657322817094,0.05002689817412257,-1.6008607415719227,False,4.800000000000001,1.0,0.2,0.0,0.0,40,25
2STEP-VF,9,2,3.186981361611973,-0.4519321514735849,0.022771715897342133,-0.7286949087149484,False,4.800000000000001,1.0,0.2,0.0,0.0,40,26
2STEP-VF,9,2,3.1975013481790584,-0.4679682380097911,0.026634121748165488,-0.8522918959412958,False,4.800000000000001,1.0,0.2,0.0,0.0,40,27
2STEP-VF,9,2,3.182829012826252,-0.46500950265073865,0.029185122601202408,-0.9339239232384773,False,4.800000000000001,1.0,0.2,0.0,0.0,40,28
2STEP-VF,9,2,3.1511744964688178,-0.45527868337658167,0.054874650779083954,-1.755988824930687,False,4.800000000000001,1.0,0.2,0.0,0.0,40,29
2STEP-VF,9,2,3.2005970132192756,-0.4481027367301009,0.0528002863565137,-1.689609163408439,False,4.800000000000001,1.0,0.2,0.0,0.0,40,30
2STEP-VF,9,2,3.188273694474952,-0.4534271506733105,0.04288661152512093,-1.37237156880387,False,4.800000000000001,1.0,0.2,0.0,0.0,40,31
2STEP-VF,9,2,3.1768199117945706,-0.4570901343341317,0.03462640429173084,-1.1080449373353871,False,4.800000000000001,1.0,0.2,0.0,0.0,40,32
2STEP-VF,9,2,3.188579724559879,-0.44859457835499184,0.05129408377989884,-1.6414106809567632,False,4.800000000000001,1.0,0.2,0.0,0.0,40,33
2STEP-VF,9,2,3.2060566068239726,-0.47078034710219824,0.03899449847220408,-1.2478239511105307,False,4.800000000000001,1.0,0.2,0.0,0.0,40,34
2STEP-VF,9,2,3.2026229500625227,-0.45541915315134407,0.06378972761013446,-2.041271283524303,False,4.800000000000001,1.0,0.2,0.0,0.0,40,35
2STEP-VF,9,2,3.1717410545871045,-0.4423596405670251,0.06301926743339042,-2.016616557868494,False,4.800000000000001,1.0,0.2,0.0,0.0,40,36
2STEP-VF,9,2,3.181276477506081,-0.46241798972874165,0.0412371036536154,-1.319587316915693,False,4.800000000000001,1.0,0.2,0.0,0.0,40,37
2STEP-VF,9,2,3.2236703705807432,-0.4752055542104683,0.028354220220853505,-0.9073350470673124,False,4.800000000000001,1.0,0.2,0.0,0.0,40,38
2STEP-VF,9,2,3.165077459371147,-0.4698254189873262,0.05281248219182204,-1.6899994301383057,False,4.800000000000001,1.0,0.2,0.0,0.0,40,39
2STEP-VF,9,2,3.2055636608229916,-0.4337299894562627,0.04453995270147715,-1.425278486447269,False,4.800000000000001,1.0,0.2,0.0,0.0,40,40
2STEP-VF,9,2,3.177004567372512,-0.46602413926772385,0.04831376551439832,-1.5460404964607466,False,4.800000000000001,1.0,0.2,0.0,0.0,40,41
2STEP-VF,9,2,3.2058352523712954,-0.43554694863328003,0.049128044470798604,-1.5720974230655558,False,4.800000000000001,1.0,0.2,0.0,0.0,40,42
2STEP-VF,9,2,3.1684720757385096,-0.4411676992791059,0.058940901696038585,-1.8861088542732352,False,4.800000000000001,1.0,0.2,0.0,0.0,40,43
2STEP-VF,9,2,3.1753582017564796,-0.46980621118170973,0.06434708334189136,-2.059106666940524,False,4.800000000000001,1.0,0.2,0.0,0.0,40,44
2STEP-VF,9,2,3.198091949759297,-0.46195720605677315,0.039638520140806426,-1.2684326445058058,False,4.800000000000001,1.0,0.2,0.0,0.0,40,45
2STEP-VF,9,2,3.2044153326508202,-0.45635747312899066,0.05083182162815927,-1.626618292101097,False,4.800000000000001,1.0,0.2,0.0,0.0,40,46
2STEP-VF,9,2,3.1885318758438186,-0.4596953462745674,0.05167620868081574,-1.653638677786104,False,4.800000000000001,1.0,0.2,0.0,0.0,40,47
2STEP-VF,9,2,3.2090698949582923,-0.434204219963681,0.046423776204804194,-1.4855608385537344,False,4.800000000000001,1.0,0.2,0.0,0.0,40,48
2STEP-VF,9,2,3.193648685320335,-0.43757187443499057,0.04483060409825596,-1.434579331144191,False,4.800000000000001,1.0,0.2,0.0,0.0,40,49
2STEP-VF,9,2,3.1954412486465937,-0.45842790065820194,0.02270262717880125,-0.7264840697216401,False,4.800000000000001,1.0,0.2,0.0,0.0,40,50
2STEP-VF,9,2,3.171264236312918,-0.4556324839564193,0.04988901036680534,-1.5964483317377713,False,4.800000000000001,1.0,0.2,0.0,0.0,40,51
2STEP-VF,9,2,3.1912621589911683,-0.4686476063930041,0.04044564087351357,-1.2942605079524345,False,4.800000000000001,1.0,0.2,0.0,0.0,40,52
2STEP-VF,9,2,3.165648606550709,-0.4615781547359072,0.057546095820115495,-1.8414750662436963,False,4.800000000000001,1.0,0.2,0.0,0.0,40,53
2STEP-VF,9,2,3.1825210015869576,-0.46620209911310934,0.04752202883821829,-1.5207049228229856,False,4.800000000000001,1.0,0.2,0.0,0.0,40,54
2STEP-VF,9,2,3.1857666032524388,-0.4494976767980695,0.036189235288620364,-1.1580555292358519,False,4.800000000000001,1.0,0.2,0.0,0.0,40,55
2STEP-VF,9,2,3.194132702860207,-0.47622957748796313,0.04987770250437882,-1.5960864801401227,False,4.800000000000001,1.0,0.2,0.0,0.0,40,56
2STEP-VF,9,2,3.1857005297513044,-0.4609341974749233,0.043034855208819216,-1.3771153666822151,False,4.800000000000001,1.0,0.2,0.0,0.0,40,57
2STEP-VF,9,2,3.183548958615,-0.4568394571759088,0.05674732941361785,-1.8159145412357716,False,4.800000000000001,1.0,0.2,0.0,0.0,40,58
2STEP-VF,9,2,3.196946405302191,-0.43202839627923345,0.06608083577612944,-2.1145867448361426,False,4.800000000000001,1.0,0.2,0.0,0.0,40,59
2STEP-VF,9,2,3.1885142221460003,-0.47299227272730493,0.046148836014825056,-1.476762752474402,False,4.800000000000001,1.0,0.2,0.0,0.0,40,60
2STEP-VF,9,2,3.181479766135144,-0.46415106231558817,0.04158298675584005,-1.330655576186882,False,4.800000000000001,1.0,0.2,0.0,0.0,40,61
2STEP-VF,9,2,3.2194274667686953,-0.47395856046607654,0.02092763301057957,-0.6696842563385463,False,4.800000000000001,1.0,0.2,0.0,0.0,40,62
2STEP-VF,9,2,3.181177307929653,-0.4491420732344877,0.04462049560385357,-1.4278558593233144,False,4.800000000000001,1.0,0.2,0.0,0.0,40,63
2STEP-VF,9,2,3.186197515451271,-0.46822951964534437,0.060252395112890995,-1.9280766436125123,False,4.800000000000001,1.0,0.2,0.0,0.0,40,64
2STEP-VF,9,2,3.1956177583702905,-0.4639895157762203,0.05547988414610007,-1.7753562926752027,False,4.800000000000001,1.0,0.2,0.0,0.0,40,65
2STEP-VF,9,2,3.2210152705191746,-0.43957133165944784,0.04221234857195753,-1.350795154302641,False,4.800000000000001,1.0,0.2,0.0,0.0,40,66
2STEP-VF,9,2,3.1712110334603416,-0.47075444002127953,0.06558582739968939,-2.098746476790061,False,4.800000000000001,1.0,0.2,0.0,0.0,40,67
2STEP-VF,9,2,3.180240037587719,-0.46500083264775227,0.02876886154826266,-0.9206035695444054,False,4.800000000000001,1.0,0.2,0.0,0.0,40,68
2STEP-VF,9,2,3.206624301411719,-0.48550487319971103,0.048161026265236176,-1.541152840487558,False,4.800000000000001,1.0,0.2,0.0,0.0,40,69
2STEP-VF,9,2,3.169706879072209,-0.47678710790393247,0.04691775123959822,-1.5013680396671434,False,4.800000000000001,1.0,0.2,0.0,0.0,40,70
2STEP-VF,9,2,3.176024306979993,-0.4509171837545159,0.06399097048606167,-2.047711055553974,False,4.800000000000001,1.0,0.2,0.0,0.0,40,71
2STEP-VF,9,2,3.17152892847709,-0.46692456953354294,0.06184923034516648,-1.9791753710453277,False,4.800000000000001,1.0,0.2,0.0,0.0,40,72
2STEP-VF,9,2,3.179712431261451,-0.4653904890861984,0.0355969252477757,-1.1391016079288225,False,4.800000000000001,1.0,0.2,0.0,0.0,40,73
2STEP-VF,9,2,3.171998440444181,-0.4529215442704288,0.05608406140717924,-1.794689965029736,False,4.800000000000001,1.0,0.2,0.0,0.0,40,74
2STEP-VF,9,2,3.1484679733825818,-0.46821570762374437,0.051947685988342616,-1.6623259516269642,False,4.800000000000001,1.0,0.2,0.0,0.0,40,75
2STEP-VF,9,2,3.1840529331772554,-0.46882691093474077,0.04971272190751444,-1.5908071010404625,False,4.800000000000001,1.0,0.2,0.0,0.0,40,76
2STEP-VF,9,2,3.2021034630091942,-0.47724044538580296,0.03387491985187422,-1.0839974352599753,False,4.800000000000001,1.0,0.2,0.0,0.0,40,77
2STEP-VF,9,2,3.1873736194641156,-0.473521860251189,0.05789065883909431,-1.8525010828510184,False,4.800000000000001,1.0,0.2,0.0,0.0,40,78
2STEP-VF,9,2,3.1586452992490144,-0.47225074269776307,0.06875915561052161,-2.200292979536692,False,4.800000000000001,1.0,0.2,0.0,0.0,40,79
2STEP-VF,9,2,3.209723230825301,-0.4679154222647568,0.02561057633154283,-0.8195384426093708,False,4.800000000000001,1.0,0.2,0.0,0.0,40,80
2STEP-VF,9,2,3.195079088703008,-0.45462307316747036,0.02950422405944785,-0.9441351699023314,False,4.800000000000001,1.0,0.2,0.0,0.0,40,81
2STEP-VF,9,2,3.191701941167742,-0.4479619981510332,0.040629226899892706,-1.3001352607965668,False,4.800000000000001,1.0,0.2,0.0,0.0,40,82
2STEP-VF,9,2,3.2221906751169,-0.4537087452520395,0.040310904099472834,-1.289948931183131,False,4.800000000000001,1.0,0.2,0.0,0.0,40,83
2STEP-VF,9,2,3.1866872516273226,-0.4503709789502346,0.044866681655926485,-1.4357338129896478,False,4.800000000000001,1.0,0.2,0.0,0.0,40,84
2STEP-VF,9,2,3.2066189840382258,-0.47376358043547295,0.028838931112119114,-0.9228457955878119,False,4.800000000000001,1.0,0.2,0.0,0.0,40,85
2STEP-VF,9,2,3.1799326771841776,-0.4462767811166802,0.04176397811609828,-1.336447299715145,False,4.800000000000001,1.0,0.2,0.0,0.0,40,86
2STEP-VF,9,2,3.2042243636428047,-0.4763331838812892,0.03178598769583155,-1.0171516062666097,False,4.800000000000001,1.0,0.2,0.0,0.0,40,87
2STEP-VF,9,2,3.1723660750995677,-0.4858848329088336,0.03702896624642001,-1.1849269198854406,False,4.800000000000001,1.0,0.2,0.0,0.0,40,88
2STEP-VF,9,2,3.1807994322196946,-0.47196470432134985,0.0537663717458601,-1.7205238958675237,False,4.800000000000001,1.0,0.2,0.0,0.0,40,89
2STEP-VF,9,2,3.183814747381823,-0.4733313469736541,0.057735430557737354,-1.8475337778475958,False,4.800000000000001,1.0,0.2,0.0,0.0,40,90
2STEP-VF,9,2,3.186903058207805,-0.46719896303898356,0.0539891443218497,-1.727652618299191,False,4.800000000000001,1.0,0.2,0.0,0.0,40,91
2STEP-VF,9,2,3.184654398613146,-0.432233960479521,0.06018321063287911,-1.925862740252132,False,4.800000000000001,1.0,0.2,0.0,0.0,40,92
2STEP-VF,9,2,3.1887641303471432,-0.451585764577987,0.0451455871057601,-1.4446587873843235,False,4.800000000000001,1.0,0.2,0.0,0.0,40,93
2STEP-VF,9,2,3.210346855018674,-0.4578795074346233,0.03231948041826774,-1.0342233733845678,False,4.800000000000001,1.0,0.2,0.0,0.0,40,94
2STEP-VF,9,2,3.211634863456846,-0.4760724838622426,0.04364416622991623,-1.3966133193573196,False,4.800000000000001,1.0,0.2,0.0,0.0,40,95
2STEP-VF,9,2,3.191994965495932,-0.46258703366547604,0.04740154909323557,-1.5168495709835388,False,4.800000000000001,1.0,0.2,0.0,0.0,40,96
2STEP-VF,9,2,3.201328443083897,-0.46226145647714534,0.03738805510942032,-1.1964177635014506,False,4.800000000000001,1.0,0.2,0.0,0.0,40,97
2STEP-VF,9,2,3.166468730421954,-0.4560851132959191,0.06283669303250794,-2.0107741770402545,False,4.800000000000001,1.0,0.2,0.0,0.0,40,98
2STEP-VF,9,2,3.179465072662425,-0.44090183120811804,0.0822731415511243,-2.6327405296359783,False,4.800000000000001,1.0,0.2,0.0,0.0,40,99
2STEP-VF,9,2,5.758099027006262,-0.6511886916524234,0.028218185489727474,-0.9029819356712794,False,4.800000000000001,1.0,0.2,0.0,0.0,44,0
2STEP-VF,9,2,5.717676296433715,-0.6295359343927706,0.05280834994272018,-1.6898671981670461,False,4.800000000000001,1.0,0.2,0.0,0.0,44,1
2STEP-VF,9,2,5.744206884324513,-0.638247361113623,0.044810081822266146,-1.4339226183125169,False,4.800000000000001,1.0,0.2,0.0,0.0,44,2
2STEP-VF,9,2,5.729579816229141,-0.6637369441327184,0.03646009505423972,-1.1667230417356713,False,4.800000000000001,1.0,0.2,0.0,0.0,44,3
2STEP-VF,9,2,5.672961466781059,-0.6282078389740531,0.053583206527654394,-1.714662608884941,False,4.800000000000001,1.0,0.2,0.0,0.0,44,4
2STEP-VF,9,2,5.750611459572594,-0.6810610242859749,0.0450855665951991,-1.4427381310463714,False,4.800000000000001,1.0,0.2,0.0,0.0,44,5
2STEP-VF,9,2,5.736222394903411,-0.6338802559229076,0.031648492040487024,-1.012751745295585,False,4.800000000000001,1.0,0.2,0.0,0.0,44,6
2STEP-VF,9,2,5.712582452000933,-0.6414030161507768,0.04927793376411522,-1.5768938804516874,False,4.800000000000001,1.0,0.2,0.0,0.0,44,7
2STEP-VF,9,2,5.711703869191276,-0.6569070097875063,0.033737065688865135,-1.0795861020436845,False,4.800000000000001,1.0,0.2,0.0,0.0,44,8
2STEP-VF,9,2,5.7117568579377895,-0.6781687927940374,0.06171228252509074,-1.9747930408029042,False,4.800000000000001,1.0,0.2,0.0,0.0,44,9
2STEP-VF,9,2,5.706344964974228,-0.6560078930030662,0.05044662671880111,-1.614292055001636,False,4.800000000000001,1.0,0.2,0.0,0.0,44,10
2STEP-VF,9,2,5.720160333837155,-0.6621628179265076,0.0594642310258034,-1.9028553928257093,False,4.800000000000001,1.0,0.2,0.0,0.0,44,11
2STEP-VF,9,2,5.7191508850227795,-0.6712556447862995,0.07325442061923124,-2.3441414598154,False,4.800000000000001,1.0,0.2,0.0,0.0,44,12
2STEP-VF,9,2,5.737637181849881,-0.6508296320677539,0.04932990343594966,-1.5785569099503896,False,4.800000000000001,1.0,0.2,0.0,0.0,44,13
2STEP-VF,9,2,5.720939311968474,-0.654146858700191,0.026820460939932154,-0.8582547500778291,False,4.800000000000001,1.0,0.2,0.0,0.0,44,14
2STEP-VF,9,2,5.742910927313757,-0.6367592079993629,0.06004501009784743,-1.9214403231311181,False,4.800000000000001,1.0,0.2,0.0,0.0,44,15
2STEP-VF,9,2,5.716973626208801,-0.6572000569676805,0.05244838888976182,-1.6783484444723786,False,4.800000000000001,1.0,0.2,0.0,0.0,44,16
2STEP-VF,9,2,5.704468240004085,-0.623926118869612,0.04111185376144491,-1.3155793203662374,False,4.800000000000001,1.0,0.2,0.0,0.0,44,17
2STEP-VF,9,2,5.742175873676747,-0.6484937735557438,0.03736261958501467,-1.1956038267204696,False,4.800000000000001,1.0,0.2,0.0,0.0,44,18
2STEP-VF,9,2,5.706971333866829,-0.6360110647243322,0.04595785732577658,-1.4706514344248507,False,4.800000000000001,1.0,0.2,0.0,0.0,44,19
2STEP-VF,9,2,5.7519881140799285,-0.6679847662087144,0.049885918351122154,-1.5963493872359094,False,4.800000000000001,1.0,0.2,0.0,0.0,44,20
2STEP-VF,9,2,5.7641846009606095,-0.6401821140124777,0.0480089553574185,-1.5362865714373923,False,4.800000000000001,1.0,0.2,0.0,0.0,44,21
2STEP-VF,9,2,5.734750786923966,-0.6594942832279385,0.06006576161696052,-1.922104371742737,False,4.800000000000001,1.0,0.2,0.0,0.0,44,22
2STEP-VF,9,2,5.71275356230428,-0.6481453583252548,0.029176711594299486,-0.9336547710175838,False,4.800000000000001,1.0,0.2,0.0,0.0,44,23
2STEP-VF,9,2,5.7492964972200244,-0.6374328004960299,0.037585425677669745,-1.202733621685432,False,4.800000000000001,1.0,0.2,0.0,0.0,44,24
2STEP-VF,9,2,5.7792658410435465,-0.6463448606632423,0.03457260148051951,-1.1063232473766245,False,4.800000000000001,1.0,0.2,0.0,0.0,44,25
2STEP-VF,9,2,5.688298116392999,-0.622260512401219,0.05168690219055143,-1.6539808700976462,False,4.800000000000001,1.0,0.2,0.0,0.0,44,26
2STEP-VF,9,2,5.711286568640401,-0.640162448846221,0.06604820135226465,-2.113542443272469,False,4.800000000000001,1.0,0.2,0.0,0.0,44,27
2STEP-VF,9,2,5.720908847573145,-0.6731506569681203,0.023676550894846472,-0.7576496286350873,False,4.800000000000001,1.0,0.2,0.0,0.0,44,28
2STEP-VF,9,2,5.7273283220658735,-0.641462353191575,0.06281765274269947,-2.0101648877663836,False,4.800000000000001,1.0,0.2,0.0,0.0,44,29
2STEP-VF,9,2,5.742605827709689,-0.6336722144163116,0.03623137594511284,-1.159404030243611,False,4.800000000000001,1.0,0.2,0.0,0.0,44,30
2STEP-VF,9,2,5.7192950786629675,-0.6467305937090245,0.047785664849838407,-1.5291412751948295,False,4.800000000000001,1.0,0.2,0.0,0.0,44,31
2STEP-VF,9,2,5.759777451334853,-0.6574970366031765,0.03018798108035969,-0.9660153945715103,False,4.800000000000001,1.0,0.2,0.0,0.0,44,32
2STEP-VF,9,2,5.699815645787039,-0.6192282618530718,0.045133273113981534,-1.4442647396474093,False,4.800000000000001,1.0,0.2,0.0,0.0,44,33
2STEP-VF,9,2,5.694267350109337,-0.6694019326953953,0.06668600445623711,-2.133952142599588,False,4.800000000000001,1.0,0.2,0.0,0.0,44,34
2STEP-VF,9,2,5.714642488051335,-0.6059716984730288,0.050917906773772025,-1.6293730167607052,False,4.800000000000001,1.0,0.2,0.0,0.0,44,35
2STEP-VF,9,2,5.699502791421224,-0.6626654302146842,0.05151791767998006,-1.6485733657593624,False,4.800000000000001,1.0,0.2,0.0,0.0,44,36
2STEP-VF,9,2,5.679416018161194,-0.6478658828109538,0.0494779299905731,-1.5832937596983396,False,4.800000000000001,1.0,0.2,0.0,0.0,44,37
2STEP-VF,9,2,5.742008535631643,-0.6502764575323905,0.03654309035216115,-1.169378891269157,False,4.800000000000001,1.0,0.2,0.0,0.0,44,38
2STEP-VF,9,2,5.722070250873569,-0.6498452370372824,0.053755514187503836,-1.7201764540001232,False,4.800000000000001,1.0,0.2,0.0,0.0,44,39
2STEP-VF,9,2,5.725025342267992,-0.6669774927865695,0.058491415429749644,-1.871725293751989,False,4.800000000000001,1.0,0.2,0.0,0.0,44,40
2STEP-VF,9,2,5.752617805965168,-0.6398594466629184,0.02459566674355395,-0.7870613357937266,False,4.800000000000001,1.0,0.2,0.0,0.0,44,41
2STEP-VF,9,2,5.682270606115949,-0.6593039770136109,0.07627179810481034,-2.4406975393539314,False,4.800000000000001,1.0,0.2,0.0,0.0,44,42
2STEP-VF,9,2,5.714659158265669,-0.6453017525065285,0.03804146584564469,-1.2173269070606303,False,4.800000000000001,1.0,0.2,0.0,0.0,44,43
2STEP-VF,9,2,5.69408309552191,-0.6518267434086308,0.05853392424386951,-1.8730855758038247,False,4.800000000000001,1.0,0.2,0.0,0.0,44,44
2STEP-VF,9,2,5.73364474512607,-0.6651858676547366,0.031497908879408114,-1.0079330841410599,False,4.800000000000001,1.0,0.2,0.0,0.0,44,45
2STEP-VF,9,2,5.736524379777097,-0.6546855971226359,0.01538266965860328,-0.49224542907530505,False,4.800000000000001,1.0,0.2,0.0,0.0,44,46
2STEP-VF,9,2,5.725201905605412,-0.6646444892318718,0.05833510894883355,-1.866723486362674,False,4.800000000000001,1.0,0.2,0.0,0.0,44,47
2STEP-VF,9,2,5.746417398989338,-0.6527204672403177,0.020298086130774266,-0.6495387561847766,False,4.800000000000001,1.0,0.2,0.0,0.0,44,48
2STEP-VF,9,2,5.732516114876831,-0.665040659241971,0.0358023148182565,-1.1456740741842082,False,4.800000000000001,1.0,0.2,0.0,0.0,44,49
2STEP-VF,9,2,5.718996512552621,-0.643427729514761,0.06734703481493125,-2.1551051140778004,False,4.800000000000001,1.0,0.2,0.0,0.0,44,50
2STEP-VF,9,2,5.71902752639778,-0.6397074773681861,0.06495297147392771,-2.0784950871656873,False,4.800000000000001,1.0,0.2,0.0,0.0,44,51
2STEP-VF,9,2,5.699172153164532,-0.6349324466579546,0.03501450235925958,-1.1204640754963069,False,4.800000000000001,1.0,0.2,0.0,0.0,44,52
2STEP-VF,9,2,5.6783418176040055,-0.6396768351423484,0.06392105704804098,-2.0454738255373117,False,4.800000000000001,1.0,0.2,0.0,0.0,44,53
2STEP-VF,9,2,5.736995973207281,-0.6162027558287066,0.024042368884895606,-0.7693558043166596,False,4.800000000000001,1.0,0.2,0.0,0.0,44,54
2STEP-VF,9,2,5.739023955763836,-0.644889157696079,0.03408524783700113,-1.0907279307840363,False,4.800000000000001,1.0,0.2,0.0,0.0,44,55
2STEP-VF,9,2,5.681254559300254,-0.6189835222464201,0.07497208072058162,-2.3991065830586122,False,4.800000000000001,1.0,0.2,0.0,0.0,44,56
2STEP-VF,9,2,5.70055792967664,-0.6508163644612489,0.04073870214141343,-1.30363846852523,False,4.800000000000001,1.0,0.2,0.0,0.0,44,57
2STEP-VF,9,2,5.722973275987405,-0.6778655828228558,0.029363298641189972,-0.9396255565180793,False,4.800000000000001,1.0,0.2,0.0,0.0,44,58
2STEP-VF,9,2,5.706021779868324,-0.6576961463063559,0.0847234930690072,-2.711151778208231,False,4.800000000000001,1.0,0.2,0.0,0.0,44,59
2STEP-VF,9,2,5.680200844654823,-0.6362013665566248,0.0478791907116018,-1.532134102771258,False,4.800000000000001,1.0,0.2,0.0,0.0,44,60
2STEP-VF,9,2,5.709584359366025,-0.6470170126860711,0.05767275313365953,-1.8455281002771053,False,4.800000000000001,1.0,0.2,0.0,0.0,44,61
2STEP-VF,9,2,5.703646084480906,-0.6394300871938672,0.0657894243655794,-2.105261579698541,False,4.800000000000001,1.0,0.2,0.0,0.0,44,62
2STEP-VF,9,2,5.733740679783597,-0.6385592102941546,0.03194655115563343,-1.02228963698027,False,4.800000000000001,1.0,0.2,0.0,0.0,44,63
2STEP-VF,9,2,5.716461513377357,-0.6377754844087725,0.03789859421703678,-1.2127550149451771,False,4.800000000000001,1.0,0.2,0.0,0.0,44,64
2STEP-VF,9,2,5.741621248694753,-0.6391703311060607,0.05640807828057527,-1.8050585049784091,False,4.800000000000001,1.0,0.2,0.0,0.0,44,65
2STEP-VF,9,2,5.699399244171934,-0.6630975852954988,0.0444123533375351,-1.4211953068011234,False,4.800000000000001,1.0,0.2,0.0,0.0,44,66
2STEP-VF,9,2,5.783645294877072,-0.683189250360984,0.027374812719976455,-0.8759940070392468,False,4.800000000000001,1.0,0.2,0.0,0.0,44,67
2STEP-VF,9,2,5.706221569358916,-0.6149604891772295,0.061108953269203806,-1.9554865046145222,False,4.800000000000001,1.0,0.2,0.0,0.0,44,68
2STEP-VF,9,2,5.751159768544951,-0.6450340946613982,0.06233665328016085,-1.9947729049651477,False,4.800000000000001,1.0,0.2,0.0,0.0,44,69
2STEP-VF,9,2,5.712252051699306,-0.6421062243200542,0.0728603392172732,-2.3315308549527427,False,4.800000000000001,1.0,0.2,0.0,0.0,44,70
2STEP-VF,9,2,5.724010829208435,-0.6460966484356865,0.05242562314501736,-1.6776199406405559,False,4.800000000000001,1.0,0.2,0.0,0.0,44,71
2STEP-VF,9,2,5.750448973408232,-0.6359299321575048,0.04054124918840268,-1.2973199740288859,False,4.800000000000001,1.0,0.2,0.0,0.0,44,72
2STEP-VF,9,2,5.717115709761162,-0.643272232835847,0.03558456183559545,-1.1387059787390545,False,4.800000000000001,1.0,0.2,0.0,0.0,44,73
2STEP-VF,9,2,5.734560809710998,-0.6301981042289434,0.027184432936578747,-0.8699018539705201,False,4.800000000000001,1.0,0.2,0.0,0.0,44,74
2STEP-VF,9,2,5.758558143012793,-0.6596990030501847,0.026724366189375,-0.8551797180600003,False,4.800000000000001,1.0,0.2,0.0,0.0,44,75
2STEP-VF,9,2,5.739508545640947,-0.6628603339069766,0.031367690398290314,-1.0037660927452903,False,4.800000000000001,1.0,0.2,0.0,0.0,44,76
2STEP-VF,9,2,5.695891252679638,-0.658092646736981,0.06444830946790385,-2.0623459029729236,False,4.800000000000001,1.0,0.2,0.0,0.0,44,77
2STEP-VF,9,2,5.7167773003679345,-0.6342167019565025,0.04456933063980573,-1.4262185804737837,False,4.800000000000001,1.0,0.2,0.0,0.0,44,78
2STEP-VF,9,2,5.7353308683092425,-0.663600166310301,0.0444293329647328,-1.42173865487145,False,4.800000000000001,1.0,0.2,0.0,0.0,44,79
2STEP-VF,9,2,5.699631768372531,-0.6459304589440152,0.027746774963885303,-0.8878967988443299,False,4.800000000000001,1.0,0.2,0.0,0.0,44,80
2STEP-VF,9,2,5.742141097988399,-0.640903010792562,0.04295690090361749,-1.37462082891576,False,4.800000000000001,1.0,0.2,0.0,0.0,44,81
2STEP-VF,9,2,5.737561325495993,-0.6332558200256243,0.049829379884519194,-1.5945401563046147,False,4.800000000000001,1.0,0.2,0.0,0.0,44,82
2STEP-VF,9,2,5.69296429501735,-0.6726970669457456,0.03831171205583924,-1.225974785786856,False,4.800000000000001,1.0,0.2,0.0,0.0,44,83
2STEP-VF,9,2,5.726125512784572,-0.6624384660820967,0.05997571045806987,-1.9192227346582362,False,4.800000000000001,1.0,0.2,0.0,0.0,44,84
2STEP-VF,9,2,5.716432577640902,-0.6226681417683294,0.032902372098067637,-1.0528759071381646,False,4.800000000000001,1.0,0.2,0.0,0.0,44,85
2STEP-VF,9,2,5.6855689227863335,-0.6526092730615577,0.08171506749982835,-2.6148821599945076,False,4.800000000000001,1.0,0.2,0.0,0.0,44,86
2STEP-VF,9,2,5.736174754025545,-0.6438263520027104,0.051253468151593665,-1.6401109808509977,False,4.800000000000001,1.0,0.2,0.0,0.0,44,87
2STEP-VF,9,2,5.7366830848628005,-0.6759669260682076,0.04754971944978463,-1.5215910223931086,False,4.800000000000001,1.0,0.2,0.0,0.0,44,88
2STEP-VF,9,2,5.740885512868383,-0.6130574308088114,0.04573738653469125,-1.4635963691101201,False,4.800000000000001,1.0,0.2,0.0,0.0,44,89
2STEP-VF,9,2,5.7419091733548315,-0.6180741301405439,0.0313409676379758,-1.0029109644152259,False,4.800000000000001,1.0,0.2,0.0,0.0,44,90
2STEP-VF,9,2,5.718487450842393,-0.6201417411550144,0.0441650167553164,-1.413280536170125,False,4.800000000000001,1.0,0.2,0.0,0.0,44,91
2STEP-VF,9,2,5.739060567432008,-0.6775786855685437,0.027115453982791603,-0.8676945274493315,False,4.800000000000001,1.0,0.2,0.0,0.0,44,92
2STEP-VF,9,2,5.693599317504555,-0.665029055905075,0.06349324494052806,-2.0317838380968984,False,4.800000000000001,1.0,0.2,0.0,0.0,44,93
2STEP-VF,9,2,5.718243504131821,-0.6439024933867461,0.0517370544787902,-1.6555857433212868,False,4.800000000000001,1.0,0.2,0.0,0.0,44,94
2STEP-VF,9,2,5.720129839949906,-0.6415635342422693,0.024134421411722586,-0.772301485175123,False,4.800000000000001,1.0,0.2,0.0,0.0,44,95
2STEP-VF,9,2,5.719659814968205,-0.662799641159032,0.057240351679587215,-1.8316912537467913,False,4.800000000000001,1.0,0.2,0.0,0.0,44,96
2STEP-VF,9,2,5.70369494266455,-0.6504828838621821,0.04088294622200135,-1.3082542791040435,False,4.800000000000001,1.0,0.2,0.0,0.0,44,97
2STEP-VF,9,2,5.760722747502397,-0.6638696194374006,0.03929934919662304,-1.2575791742919376,False,4.800000000000001,1.0,0.2,0.0,0.0,44,98
2STEP-VF,9,2,5.787942109003994,-0.6363942861932477,0.024858062939966848,-0.7954580140789393,False,4.800000000000001,1.0,0.2,0.0,0.0,44,99
2STEP-VF,9,2,1.351439832429077,-0.25189392257576226,0.04167059146184611,-1.2523725368333312,False,4.800000000000001,1.0,0.2,0.06,0.06,36,0
2STEP-VF,9,2,1.3741683329392589,-0.2519941723407745,0.05415436688686597,-1.650489640403356,False,4.800000000000001,1.0,0.2,0.06,0.06,36,1
2STEP-VF,9,2,1.3381354064935214,-0.2578224477123356,0.04786902886224344,-1.4515207992021792,False,4.800000000000001,1.0,0.2,0.06,0.06,36,2
2STEP-VF,9,2,1.3554744375025456,-0.2403921496188845,0.038089875728554455,-1.13754755706359,False,4.800000000000001,1.0,0.2,0.06,0.06,36,3
2STEP-VF,9,2,1.3763016979218379,-0.2428204488244946,0.04865545643532818,-1.474396504055192,False,4.800000000000001,1.0,0.2,0.06,0.06,36,4
2STEP-VF,9,2,1.355397090548738,-0.2620259981771855,0.03605878057087878,-1.072557152835197,False,4.800000000000001,1.0,0.2,0.06,0.06,36,5
2STEP-VF,9,2,1.3568436830430484,-0.26199897020297297,0.04016525529537271,-1.203877548469344,False,4.800000000000001,1.0,0.2,0.06,0.06,36,6
2STEP-VF,9,2,1.3656421016750258,-0.251526166025779,0.025775675173399175,-0.7428830794482723,False,4.800000000000001,1.0,0.2,0.06,0.06,36,7
2STEP-VF,9,2,1.3490548986660968,-0.2568290743533775,0.04498220264875724,-1.358487190840266,False,4.800000000000001,1.0,0.2,0.06,0.06,36,8
2STEP-VF,9,2,1.3332475995301278,-0.25107673987884366,0.04693794017462546,-1.4220192296162075,False,4.800000000000001,1.0,0.2,0.06,0.06,36,9
2STEP-VF,9,2,1.3751561815322848,-0.25684934760177874,0.03551569356020617,-1.0539928230346605,False,4.800000000000001,1.0,0.2,0.06,0.06,36,10
2STEP-VF,9,2,1.3634107693255608,-0.25882616148759374,0.039506002415517306,-1.1823874311370204,False,4.800000000000001,1.0,0.2,0.06,0.06,36,11
2STEP-VF,9,2,1.351715127291764,-0.25227103408863977,0.05020929603687602,-1.5255945655425271,False,4.800000000000001,1.0,0.2,0.06,0.06,36,12
2STEP-VF,9,2,1.3515664006833734,-0.24876802038650997,0.03271144422708787,-0.9656722312258096,False,4.800000000000001,1.0,0.2,0.06,0.06,36,13
2STEP-VF,9,2,1.378264347963084,-0.24292902808382405,0.029602375751767013,-0.8645801631787596,False,4.800000000000001,1.0,0.2,0.06,0.06,36,14
2STEP-VF,9,2,1.3690834416815356,-0.2613700079099477,0.033420682952965415,-0.9873168479940013,False,4.800000000000001,1.0,0.2,0.06,0.06,36,15
2STEP-VF,9,2,1.3717690782419727,-0.2517324612473713,0.03479766029363969,-1.031218984701952,False,4.800000000000001,1.0,0.2,0.06,0.06,36,16
2STEP-VF,9,2,1.3739542465324037,-0.2570374720745105,0.03184764508760319,-0.9366873880113581,False,4.800000000000001,1.0,0.2,0.06,0.06,36,17
2STEP-VF,9,2,1.3563801894586436,-0.2556741528290671,0.03600709864679211,-1.070844345329829,False,4.800000000000001,1.0,0.2,0.06,0.06,36,18
2STEP-VF,9,2,1.3750195230188325,-0.2588870507068911,0.026912273491070268,-0.7786915803331189,False,4.800000000000001,1.0,0.2,0.06,0.06,36,19
2STEP-VF,9,2,1.3604502117046613,-0.2467229653395619,0.04740251627317975,-1.4352535080394726,False,4.800000000000001,1.0,0.2,0.06,0.06,36,20
2STEP-VF,9,2,1.371717416314254,-0.260603508280483,0.03182803793462181,-0.9361941689290428,False,4.800000000000001,1.0,0.2,0.06,0.06,36,21
2STEP-VF,9,2,1.3654522998290226,-0.24200197523634243,0.03198828006534493,-0.9416978241012967,False,4.800000000000001,1.0,0.2,0.06,0.06,36,22
2STEP-VF,9,2,1.3719074665922497,-0.2612811697288169,0.03817704918149984,-1.1393511258124602,False,4.800000000000001,1.0,0.2,0.06,0.06,36,23
2STEP-VF,9,2,1.351081101595376,-0.24124113537422026,0.04708230743795182,-1.425568971918736,False,4.800000000000001,1.0,0.2,0.06,0.06,36,24
2STEP-VF,9,2,1.3583809904378805,-0.2579467180250742,0.04075777694006165,-1.2227460026557002,False,4.800000000000001,1.0,0.2,0.06,0.06,36,25
2STEP-VF,9,2,1.3638103806797033,-0.2576406209634614,0.03442520418270428,-1.019777911005755,False,4.800000000000001,1.0,0.2,0.06,0.06,36,26
2STEP-VF,9,2,1.383155976608898,-0.26147779183175507,0.02291094251804076,-0.6501608019807705,False,4.800000000000001,1.0,0.2,0.06,0.06,36,27
2STEP-VF,9,2,1.3690016255133317,-0.25707997393404247,0.037672784675936495,-1.123389012099168,False,4.800000000000001,1.0,0.2,0.06,0.06,36,28
2STEP-VF,9,2,1.3696975499815165,-0.2561299204447455,0.04264955680977218,-1.282603964913819,False,4.800000000000001,1.0,0.2,0.06,0.06,36,29
2STEP-VF,9,2,1.3725699973659968,-0.2650589442955348,0.04242156754857973,-1.2751359617125917,False,4.800000000000001,1.0,0.2,0.06,0.06,36,30
2STEP-VF,9,2,1.3625890159438643,-0.2521419099443245,0.04262642775497304,-1.2822903472025056,False,4.800000000000001,1.0,0.2,0.06,0.06,36,31
2STEP-VF,9,2,1.3705105805514037,-0.25429184498500806,0.03296805999468695,-0.9727472849968984,False,4.800000000000001,1.0,0.2,0.06,0.06,36,32
2STEP-VF,9,2,1.3786691868437428,-0.2497459536436369,0.024350855736390477,-0.6965072323538709,False,4.800000000000001,1.0,0.2,0.06,0.06,36,33
2STEP-VF,9,2,1.3663875818626137,-0.2404243715907546,0.0459396214562419,-1.3880846316879842,False,4.800000000000001,1.0,0.2,0.06,0.06,36,34
2STEP-VF,9,2,1.3690253858011387,-0.24842563289957897,0.034436322491623574,-1.0198207965838864,False,4.800000000000001,1.0,0.2,0.06,0.06,36,35
2STEP-VF,9,2,1.3798327367207324,-0.24940116814350677,0.03626116657948238,-1.0775673663401926,False,4.800000000000001,1.0,0.2,0.06,0.06,36,36
2STEP-VF,9,2,1.354638457977515,-0.2587695343575359,0.03633255267803351,-1.0813633782184215,False,4.800000000000001,1.0,0.2,0.06,0.06,36,37
2STEP-VF,9,2,1.362519814179886,-0.2594909476677874,0.036588969950961704,-1.0890958495799816,False,4.800000000000001,1.0,0.2,0.06,0.06,36,38
2STEP-VF,9,2,1.3627898311099602,-0.2613425806703314,0.03457479209007957,-1.0246259570159488,False,4.800000000000001,1.0,0.2,0.06,0.06,36,39
2STEP-VF,9,2,1.3745875419410354,-0.25592892937423517,0.04335880638144561,-1.3050065516897977,False,4.800000000000001,1.0,0.2,0.06,0.06,36,40
2STEP-VF,9,2,1.3651359519284838,-0.2538559338283484,0.04114465990937602,-1.2347209599843239,False,4.800000000000001,1.0,0.2,0.06,0.06,36,41
2STEP-VF,9,2,1.370690140277879,-0.2558832015027588,0.03839109917906519,-1.1462737653134136,False,4.800000000000001,1.0,0.2,0.06,0.06,36,42
2STEP-VF,9,2,1.3607123762883375,-0.26592050960466396,0.025780124810440484,-0.7433212513567955,False,4.800000000000001,1.0,0.2,0.06,0.06,36,43
2STEP-VF,9,2,1.357914639631441,-0.25408536880957194,0.041295098032879556,-1.2399682586742595,False,4.800000000000001,1.0,0.2,0.06,0.06,36,44
2STEP-VF,9,2,1.358555480224392,-0.2604698602953987,0.04220011783454997,-1.2688904418921358,False,4.800000000000001,1.0,0.2,0.06,0.06,36,45
2STEP-VF,9,2,1.3603960759054274,-0.25464171389706275,0.03341845852425601,-0.987766908221867,False,4.800000000000001,1.0,0.2,0.06,0.06,36,46
2STEP-VF,9,2,1.376875650406253,-0.2538869433564628,0.0373810675104552,-1.1135816213101914,False,4.800000000000001,1.0,0.2,0.06,0.06,36,47
2STEP-VF,9,2,1.3852769842731378,-0.24734061638776111,0.03439154791258947,-1.017412914146475,False,4.800000000000001,1.0,0.2,0.06,0.06,36,48
2STEP-VF,9,2,1.3603229173908156,-0.24848526567362877,0.04125684202070122,-1.2385995696189904,False,4.800000000000001,1.0,0.2,0.06,0.06,36,49
2STEP-VF,9,2,1.3414599309353876,-0.25038796241783917,0.04572434113990384,-1.3826913206207998,False,4.800000000000001,1.0,0.2,0.06,0.06,36,50
2STEP-VF,9,2,1.3552771002332804,-0.25833920787436804,0.05204230859101199,-1.5840372488983874,False,4.800000000000001,1.0,0.2,0.06,0.06,36,51
2STEP-VF,9,2,1.361762440580789,-0.2558415253525961,0.03779415815740912,-1.1277073146022447,False,4.800000000000001,1.0,0.2,0.06,0.06,36,52
2STEP-VF,9,2,1.3528927136582904,-0.2460610602094918,0.0435856077501687,-1.3135658851859013,False,4.800000000000001,1.0,0.2,0.06,0.06,36,53
2STEP-VF,9,2,1.3737231414467075,-0.2530231848457217,0.0438799842185621,-1.321736106507185,False,4.800000000000001,1.0,0.2,0.06,0.06,36,54
2STEP-VF,9,2,1.344243651631258,-0.2450496706075796,0.036751727355426214,-1.0954006562757637,False,4.800000000000001,1.0,0.2,0.06,0.06,36,55
2STEP-VF,9,2,1.3711427621405814,-0.24538598865138242,0.03012401859779178,-0.8817000294009023,False,4.800000000000001,1.0,0.2,0.06,0.06,36,56
2STEP-VF,9,2,1.3654038716591275,-0.25731456685223975,0.03907185581615967,-1.168375153817562,False,4.800000000000001,1.0,0.2,0.06,0.06,36,57
2STEP-VF,9,2,1.3723069200504663,-0.25244143162386873,0.029681530856292125,-0.8674705721983202,False,4.800000000000001,1.0,0.2,0.06,0.06,36,58
2STEP-VF,9,2,1.3563243048894076,-0.2532880000623114,0.03981493111802424,-1.1926983374834115,False,4.800000000000001,1.0,0.2,0.06,0.06,36,59
2STEP-VF,9,2,1.3623662917535608,-0.24786644258050525,0.0433865777989089,-1.3066285120598713,False,4.800000000000001,1.0,0.2,0.06,0.06,36,60
2STEP-VF,9,2,1.3751634673646806,-0.26405914837620825,0.045191667468951584,-1.36362355096457,False,4.800000000000001,1.0,0.2,0.06,0.06,36,61
2STEP-VF,9,2,1.3778597588667942,-0.25880188606848203,0.03458325503362168,-1.0239925755438863,False,4.800000000000001,1.0,0.2,0.06,0.06,36,62
2STEP-VF,9,2,1.3765248358038478,-0.2534488194247925,0.04112691716919044,-1.2334698592658633,False,4.800000000000001,1.0,0.2,0.06,0.06,36,63
2STEP-VF,9,2,1.3535830888017817,-0.250699317262719,0.041967028411312224,-1.2617299238338844,False,4.800000000000001,1.0,0.2,0.06,0.06,36,64
2STEP-VF,9,2,1.367129394831262,-0.24272104255765023,0.04011328056369502,-1.2015972143483653,False,4.800000000000001,1.0,0.2,0.06,0.06,36,65
2STEP-VF,9,2,1.373032282924634,-0.23803918754924316,0.041274625852073935,-1.238406090290888,False,4.800000000000001,1.0,0.2,0.06,0.06,36,66
2STEP-VF,9,2,1.368125469943063,-0.25359105267901055,0.03655661647936924,-1.087724199143232,False,4.800000000000001,1.0,0.2,0.06,0.06,36,67
2STEP-VF,9,2,1.373290271898771,-0.2588484668884799,0.03719276285721897,-1.1077709951170809,False,4.800000000000001,1.0,0.2,0.06,0.06,36,68
2STEP-VF,9,2,1.3756495912417939,-0.24916306574519734,0.034471950916706254,-1.0205634538600927,False,4.800000000000001,1.0,0.2,0.06,0.06,36,69
2STEP-VF,9,2,1.3793819673735348,-0.2594930844027714,0.027555873995931984,-0.7990250498274116,False,4.800000000000001,1.0,0.2,0.06,0.06,36,70
2STEP-VF,9,2,1.3600549084045817,-0.24884291745564782,0.050325643638701116,-1.5288173019341613,False,4.800000000000001,1.0,0.2,0.06,0.06,36,71
2STEP-VF,9,2,1.3784662532155905,-0.2594937347395405,0.036454447422665195,-1.083834342332351,False,4.800000000000001,1.0,0.2,0.06,0.06,36,72
2STEP-VF,9,2,1.363914798057648,-0.2540612251562794,0.04854081963799343,-1.4714713405323312,False,4.800000000000001,1.0,0.2,0.06,0.06,36,73
2STEP-VF,9,2,1.3627532483971456,-0.25858036970833487,0.045609292720741615,-1.3777321721599032,False,4.800000000000001,1.0,0.2,0.06,0.06,36,74
2STEP-VF,9,2,1.3783525246655812,-0.26210684983058563,0.03286926143809726,-0.9691152145391776,False,4.800000000000001,1.0,0.2,0.06,0.06,36,75
2STEP-VF,9,2,1.3728321332802111,-0.2688518088658204,0.03743264414519071,-1.1154746846492902,False,4.800000000000001,1.0,0.2,0.06,0.06,36,76
2STEP-VF,9,2,1.375192972172801,-0.2559972604734499,0.03547107894589993,-1.05256294793843,False,4.800000000000001,1.0,0.2,0.06,0.06,36,77
2STEP-VF,9,2,1.380554999815222,-0.252665305311342,0.028764679256207785,-0.837636436209736,False,4.800000000000001,1.0,0.2,0.06,0.06,36,78
2STEP-VF,9,2,1.3496258052758119,-0.26050024571536484,0.037564468166848816,-1.1210854330226137,False,4.800000000000001,1.0,0.2,0.06,0.06,36,79
2STEP-VF,9,2,1.3610769500239857,-0.2504130291785875,0.034051204270495024,-1.0079739196544018,False,4.800000000000001,1.0,0.2,0.06,0.06,36,80
2STEP-VF,9,2,1.3543105094684482,-0.2525180836363636,0.02779501274458557,-0.8081817772586316,False,4.800000000000001,1.0,0.2,0.06,0.06,36,81
2STEP-VF,9,2,1.3637949669692326,-0.24544274472267347,0.035765596701364546,-1.0626713964255117,False,4.800000000000001,1.0,0.2,0.06,0.06,36,82
2STEP-VF,9,2,1.3728986829151315,-0.25693896384746423,0.03240309544368007,-0.9545251332228546,False,4.800000000000001,1.0,0.2,0.06,0.06,36,83
2STEP-VF,9,2,1.3837443112696142,-0.2579986890938598,0.02383808461730609,-0.6797940490776183,False,4.800000000000001,1.0,0.2,0.06,0.06,36,84
2STEP-VF,9,2,1.3651443182322767,-0.2508236275133282,0.038119431380112534,-1.1379131450696647,False,4.800000000000001,1.0,0.2,0.06,0.06,36,85
2STEP-VF,9,2,1.37000022381221,-0.2432186325829056,0.027989043963403817,-0.8134493934001897,False,4.800000000000001,1.0,0.2,0.06,0.06,36,86
2STEP-VF,9,2,1.3816947897155032,-0.2679725984512561,0.030723760926498356,-0.9002586622650175,False,4.800000000000001,1.0,0.2,0.06,0.06,36,87
2STEP-VF,9,2,1.3760386995849863,-0.2577592119881534,0.04029220646715799,-1.2067882849739566,False,4.800000000000001,1.0,0.2,0.06,0.06,36,88
2STEP-VF,9,2,1.3812941236946679,-0.24728829134019548,0.025413686140982376,-0.7303603090897562,False,4.800000000000001,1.0,0.2,0.06,0.06,36,89
2STEP-VF,9,2,1.3542715294033483,-0.24675118721835385,0.033865734146364034,-1.0024472009194485,False,4.800000000000001,1.0,0.2,0.06,0.06,36,90
2STEP-VF,9,2,1.3654192868226676,-0.2555901251148543,0.040115658509728945,-1.2017759151019665,False,4.800000000000001,1.0,0.2,0.06,0.06,36,91
2STEP-VF,9,2,1.3482027369282272,-0.250008258151336,0.04281390497326906,-1.2891527949289165,False,4.800000000000001,1.0,0.2,0.06,0.06,36,92
2STEP-VF,9,2,1.3631738858778706,-0.24626502739880252,0.03803616131668734,-1.135366728981323,False,4.800000000000001,1.0,0.2,0.06,0.06,36,93
2STEP-VF,9,2,1.3641193820106987,-0.2481024267458738,0.03351361048778066,-0.9905883726883395,False,4.800000000000001,1.0,0.2,0.06,0.06,36,94
2STEP-VF,9,2,1.3532604037954685,-0.25245936021274545,0.043835447011423126,-1.3215386801378122,False,4.800000000000001,1.0,0.2,0.06,0.06,36,95
2STEP-VF,9,2,1.3644904559390763,-0.2459703751755669,0.04071415118539024,-1.2209834105761435,False,4.800000000000001,1.0,0.2,0.06,0.06,36,96
2STEP-VF,9,2,1.3601660055842217,-0.2563004186107399,0.043822285056355215,-1.3207031614683138,False,4.800000000000001,1.0,0.2,0.06,0.06,36,97
2STEP-VF,9,2,1.3725269274822103,-0.2656020797456554,0.037809923010188165,-1.127565920677089,False,4.800000000000001,1.0,0.2,0.06,0.06,36,98
2STEP-VF,9,2,1.3652241807198555,-0.25563474923726903,0.04783177492500036,-1.4487033467568207,False,4.800000000000001,1.0,0.2,0.06,0.06,36,99
2STEP-VF,9,2,3.0190453931728833,-0.44245390864946255,0.06842315619169058,-2.008398274543726,False,4.800000000000001,1.0,0.2,0.06,0.06,40,0
2STEP-VF,9,2,3.02018494920059,-0.4341389103745921,0.06182208207409576,-1.7970955294190292,False,4.800000000000001,1.0,0.2,0.06,0.06,40,1
2STEP-VF,9,2,3.0479423757491966,-0.4471795675407206,0.032456476019367915,-0.8557306900748217,False,4.800000000000001,1.0,0.2,0.06,0.06,40,2
2STEP-VF,9,2,3.040982761899311,-0.41819599317304296,0.04901482503355116,-1.386015435359679,False,4.800000000000001,1.0,0.2,0.06,0.06,40,3
2STEP-VF,9,2,3.042275923829519,-0.44137580842465035,0.042991302994527296,-1.1931851403951026,False,4.800000000000001,1.0,0.2,0.06,0.06,40,4
2STEP-VF,9,2,3.0404279280764674,-0.43720156225830636,0.0466076944442222,-1.3090205465305225,False,4.800000000000001,1.0,0.2,0.06,0.06,40,5
2STEP-VF,9,2,3.0323561141538353,-0.4448888005534093,0.07868997523077431,-2.336137840535548,False,4.800000000000001,1.0,0.2,0.06,0.06,40,6
2STEP-VF,9,2,3.0294994003017193,-0.4354386648877576,0.05580676095103371,-1.6040463864149759,False,4.800000000000001,1.0,0.2,0.06,0.06,40,7
2STEP-VF,9,2,3.073784575377702,-0.45861402737697315,0.04412389784743183,-1.2275376565951566,False,4.800000000000001,1.0,0.2,0.06,0.06,40,8
2STEP-VF,9,2,3.043522074105787,-0.45647204109016254,0.0405102816877787,-1.1137176895625713,False,4.800000000000001,1.0,0.2,0.06,0.06,40,9
2STEP-VF,9,2,3.0315008438538515,-0.4169978104904879,0.03661773705172396,-0.9898775350239359,False,4.800000000000001,1.0,0.2,0.06,0.06,40,10
2STEP-VF,9,2,3.037267920105491,-0.4332015882973423,0.05790337565523673,-1.6706719457612464,False,4.800000000000001,1.0,0.2,0.06,0.06,40,11
2STEP-VF,9,2,3.0277583937352777,-0.42607000440949017,0.04860749039124043,-1.3737741888955777,False,4.800000000000001,1.0,0.2,0.06,0.06,40,12
2STEP-VF,9,2,3.0667320671915803,-0.44523618591123765,0.04457870616073859,-1.2425146731121404,False,4.800000000000001,1.0,0.2,0.06,0.06,40,13
2STEP-VF,9,2,3.050904483145606,-0.4379183265971008,0.03163546497745997,-0.8292806102899829,False,4.800000000000001,1.0,0.2,0.06,0.06,40,14
2STEP-VF,9,2,3.0166902941661107,-0.4495532127621973,0.0678930600885071,-1.991576505182261,False,4.800000000000001,1.0,0.2,0.06,0.06,40,15
2STEP-VF,9,2,3.04796232587122,-0.4497188144940312,0.05924801566458034,-1.7130587617142983,False,4.800000000000001,1.0,0.2,0.06,0.06,40,16
2STEP-VF,9,2,3.066570413273251,-0.4368507010531155,0.046195563708068495,-1.294263813861797,False,4.800000000000001,1.0,0.2,0.06,0.06,40,17
2STEP-VF,9,2,3.033201905802614,-0.46052911122537943,0.058451503592657286,-1.6884560006168767,False,4.800000000000001,1.0,0.2,0.06,0.06,40,18
2STEP-VF,9,2,3.0274943373960816,-0.42436975202068644,0.03876242071343426,-1.0587478025861317,False,4.800000000000001,1.0,0.2,0.06,0.06,40,19
2STEP-VF,9,2,3.0357232948578807,-0.43101046820785593,0.05904655490455996,-1.7073463592544464,False,4.800000000000001,1.0,0.2,0.06,0.06,40,20
2STEP-VF,9,2,3.0510378066775337,-0.45900367578174006,0.0273674382599843,-0.6926957559188458,False,4.800000000000001,1.0,0.2,0.06,0.06,40,21
2STEP-VF,9,2,3.0288426654469602,-0.43446582839067366,0.048675536228755124,-1.375886599393347,False,4.800000000000001,1.0,0.2,0.06,0.06,40,22
2STEP-VF,9,2,3.0533460720564816,-0.4557325960544243,0.05400363260914612,-1.5449154791692874,False,4.800000000000001,1.0,0.2,0.06,0.06,40,23
2STEP-VF,9,2,3.0429184944986383,-0.4099397449886315,0.05842274319984123,-1.6869526727250017,False,4.800000000000001,1.0,0.2,0.06,0.06,40,24
2STEP-VF,9,2,3.0457484000280997,-0.4423302607956395,0.0491477241140167,-1.389982267646849,False,4.800000000000001,1.0,0.2,0.06,0.06,40,25
2STEP-VF,9,2,3.0523431555359166,-0.44967600257543827,0.054312697084029235,-1.554865717356781,False,4.800000000000001,1.0,0.2,0.06,0.06,40,26
2STEP-VF,9,2,3.017175616248735,-0.43741365372066693,0.04292402886755578,-1.192538386786861,False,4.800000000000001,1.0,0.2,0.06,0.06,40,27
2STEP-VF,9,2,3.0415730750893006,-0.43852603811701013,0.036805178817389365,-0.9952713376511019,False,4.800000000000001,1.0,0.2,0.06,0.06,40,28
2STEP-VF,9,2,3.045465864615289,-0.44884183977555425,0.04215477107995462,-1.1662247226816307,False,4.800000000000001,1.0,0.2,0.06,0.06,40,29
2STEP-VF,9,2,3.059346093215953,-0.43820166676038896,0.04634005459475467,-1.2993209814391924,False,4.800000000000001,1.0,0.2,0.06,0.06,40,30
2STEP-VF,9,2,3.0288674399632556,-0.45370755832960946,0.05546544655054734,-1.5931622432197199,False,4.800000000000001,1.0,0.2,0.06,0.06,40,31
2STEP-VF,9,2,3.0365321149208193,-0.4314675547185365,0.04664356468600348,-1.3104021430568624,False,4.800000000000001,1.0,0.2,0.06,0.06,40,32
2STEP-VF,9,2,3.0460028591524493,-0.4508034368870743,0.034620907885526145,-0.9251088807876899,False,4.800000000000001,1.0,0.2,0.06,0.06,40,33
2STEP-VF,9,2,3.028698895839675,-0.4527844175198686,0.04647134499051555,-1.3053611059461172,False,4.800000000000001,1.0,0.2,0.06,0.06,40,34
2STEP-VF,9,2,3.053088579994332,-0.44109436842503413,0.04528880638978065,-1.2660564896733213,False,4.800000000000001,1.0,0.2,0.06,0.06,40,35
2STEP-VF,9,2,3.0127289367121763,-0.4486578263464447,0.058425831524064546,-1.6888628725673354,False,4.800000000000001,1.0,0.2,0.06,0.06,40,36
2STEP-VF,9,2,3.066140063234472,-0.4439091396564182,0.03642861350463583,-0.9817472283542785,False,4.800000000000001,1.0,0.2,0.06,0.06,40,37
2STEP-VF,9,2,3.047187155559767,-0.4315185591755433,0.042939330187040096,-1.1912273366516972,False,4.800000000000001,1.0,0.2,0.06,0.06,40,38
2STEP-VF,9,2,3.043056235252754,-0.44804224113213054,0.045226014240075704,-1.2646490815672575,False,4.800000000000001,1.0,0.2,0.06,0.06,40,39
2STEP-VF,9,2,3.0523286972655645,-0.4534071009212485,0.057190867455890686,-1.6469680367525685,False,4.800000000000001,1.0,0.2,0.06,0.06,40,40
2STEP-VF,9,2,3.0591226025216613,-0.4436286408645508,0.05200829124501121,-1.4807179636890595,False,4.800000000000001,1.0,0.2,0.06,0.06,40,41
2STEP-VF,9,2,3.0471538383899457,-0.44770942801537267,0.053948832683994405,-1.5435334155844247,False,4.800000000000001,1.0,0.2,0.06,0.06,40,42
2STEP-VF,9,2,3.0656215554392254,-0.4270128817333105,0.017896346115102785,-0.3887457823569357,False,4.800000000000001,1.0,0.2,0.06,0.06,40,43
2STEP-VF,9,2,3.0120192070369454,-0.4250890194647641,0.040739952618272915,-1.1229573313625167,False,4.800000000000001,1.0,0.2,0.06,0.06,40,44
2STEP-VF,9,2,3.039375566594317,-0.44032018667440304,0.0416497054785681,-1.1504280413185204,False,4.800000000000001,1.0,0.2,0.06,0.06,40,45
2STEP-VF,9,2,2.994087814728963,-0.4340688726330661,0.07589716541643696,-2.2490640244422453,False,4.800000000000001,1.0,0.2,0.06,0.06,40,46
2STEP-VF,9,2,3.0545062541645183,-0.4402198514941282,0.04134697584232228,-1.1398328517044423,False,4.800000000000001,1.0,0.2,0.06,0.06,40,47
2STEP-VF,9,2,3.0420698069576697,-0.4540120918148173,0.05155842650061996,-1.467345459602379,False,4.800000000000001,1.0,0.2,0.06,0.06,40,48
2STEP-VF,9,2,3.043942091123111,-0.4414087079722099,0.045514211066308596,-1.2738182286544886,False,4.800000000000001,1.0,0.2,0.06,0.06,40,49
2STEP-VF,9,2,3.065092362198226,-0.4405990567360172,0.043137287982987424,-1.1964876737237042,False,4.800000000000001,1.0,0.2,0.06,0.06,40,50
2STEP-VF,9,2,3.0464927579538785,-0.44968493254786623,0.04543821228300553,-1.2712332275789444,False,4.800000000000001,1.0,0.2,0.06,0.06,40,51
2STEP-VF,9,2,3.052698165110537,-0.42873575568333444,0.032820167646894625,-0.867083474793996,False,4.800000000000001,1.0,0.2,0.06,0.06,40,52
2STEP-VF,9,2,3.0331455656739816,-0.4339959319807706,0.04238395265677311,-1.1742977510763009,False,4.800000000000001,1.0,0.2,0.06,0.06,40,53
2STEP-VF,9,2,3.025801949402615,-0.4351607900276149,0.05095522820585179,-1.449019185623101,False,4.800000000000001,1.0,0.2,0.06,0.06,40,54
2STEP-VF,9,2,3.071223972888932,-0.4536200534869002,0.030784339185904466,-0.8008254155756073,False,4.800000000000001,1.0,0.2,0.06,0.06,40,55
2STEP-VF,9,2,3.066212451083431,-0.44135293683899857,0.05164394669225045,-1.4686335470870089,False,4.800000000000001,1.0,0.2,0.06,0.06,40,56
2STEP-VF,9,2,3.0398833832291485,-0.45490757519757896,0.0641244403348287,-1.86958908772077,False,4.800000000000001,1.0,0.2,0.06,0.06,40,57
2STEP-VF,9,2,3.037648437221226,-0.4310935764746633,0.04745000126267872,-1.3361411341724458,False,4.800000000000001,1.0,0.2,0.06,0.06,40,58
2STEP-VF,9,2,3.0487320771456567,-0.43065245953616943,0.03835791947581768,-1.0445294985974267,False,4.800000000000001,1.0,0.2,0.06,0.06,40,59
2STEP-VF,9,2,3.0435522431311095,-0.43146500067422777,0.053499293412560836,-1.5293642546140807,False,4.800000000000001,1.0,0.2,0.06,0.06,40,60
2STEP-VF,9,2,3.0393854412958023,-0.43040295828907993,0.06401534371675272,-1.8661278724583392,False,4.800000000000001,1.0,0.2,0.06,0.06,40,61
2STEP-VF,9,2,3.0580526707316773,-0.44517600240429217,0.041166572918844846,-1.1338471731591346,False,4.800000000000001,1.0,0.2,0.06,0.06,40,62
2STEP-VF,9,2,3.039588219720845,-0.43879876366497383,0.05227281664369552,-1.4903548394150063,False,4.800000000000001,1.0,0.2,0.06,0.06,40,63
2STEP-VF,9,2,3.0522855756210348,-0.4275516925450308,0.058921175234514955,-1.702340472967217,False,4.800000000000001,1.0,0.2,0.06,0.06,40,64
2STEP-VF,9,2,3.0304003289936117,-0.4453371643533499,0.051639803137791346,-1.4706496806697067,False,4.800000000000001,1.0,0.2,0.06,0.06,40,65
2STEP-VF,9,2,3.047541053393252,-0.45949203594225185,0.053200276186651206,-1.519556374769244,False,4.800000000000001,1.0,0.2,0.06,0.06,40,66
2STEP-VF,9,2,3.0420962580839754,-0.46153922794037877,0.05512227643170428,-1.581387070329499,False,4.800000000000001,1.0,0.2,0.06,0.06,40,67
2STEP-VF,9,2,3.0318799401896754,-0.44950822905591586,0.03850187792983281,-1.0501472973432697,False,4.800000000000001,1.0,0.2,0.06,0.06,40,68
2STEP-VF,9,2,3.056133419434114,-0.4517147924456515,0.04075815785070283,-1.120893046056444,False,4.800000000000001,1.0,0.2,0.06,0.06,40,69
2STEP-VF,9,2,3.025710389562686,-0.43620787911057723,0.059202469511511764,-1.7129364009946157,False,4.800000000000001,1.0,0.2,0.06,0.06,40,70
2STEP-VF,9,2,3.0749600272409787,-0.45439734194815296,0.020354874881743607,-0.4668583945813368,False,4.800000000000001,1.0,0.2,0.06,0.06,40,71
2STEP-VF,9,2,3.02962676183977,-0.4529504311100989,0.05710306652336894,-1.6455205230374204,False,4.800000000000001,1.0,0.2,0.06,0.06,40,72
2STEP-VF,9,2,3.0331202733351623,-0.42126802493504983,0.05150532354289251,-1.466183136972451,False,4.800000000000001,1.0,0.2,0.06,0.06,40,73
2STEP-VF,9,2,3.0309248333764165,-0.42780951492808705,0.05080918127613893,-1.4440383108338612,False,4.800000000000001,1.0,0.2,0.06,0.06,40,74
2STEP-VF,9,2,3.043589210662141,-0.4290752457536012,0.03359041336123627,-0.8922778749198323,False,4.800000000000001,1.0,0.2,0.06,0.06,40,75
2STEP-VF,9,2,3.0283132664271992,-0.4469417710492132,0.058961967604687006,-1.7050841673643526,False,4.800000000000001,1.0,0.2,0.06,0.06,40,76
2STEP-VF,9,2,3.017199662802356,-0.4352003674793542,0.06936758917743689,-2.0387308739098398,False,4.800000000000001,1.0,0.2,0.06,0.06,40,77
2STEP-VF,9,2,3.0354957442056887,-0.46198566689812787,0.04527164435792249,-1.2665628748011786,False,4.800000000000001,1.0,0.2,0.06,0.06,40,78
2STEP-VF,9,2,3.045561219467183,-0.42863911746182437,0.04135859138131357,-1.1407412510340036,False,4.800000000000001,1.0,0.2,0.06,0.06,40,79
2STEP-VF,9,2,3.0242081131188425,-0.40508423549869577,0.04379034771373325,-1.2198386400523338,False,4.800000000000001,1.0,0.2,0.06,0.06,40,80
2STEP-VF,9,2,3.0666717121539873,-0.44704689849727985,0.030433345018739,-0.789866737870409,False,4.800000000000001,1.0,0.2,0.06,0.06,40,81
2STEP-VF,9,2,3.0392550408196835,-0.4461201378985077,0.0596681918337285,-1.7270268362301313,False,4.800000000000001,1.0,0.2,0.06,0.06,40,82
2STEP-VF,9,2,3.0493550471432753,-0.446270440620883,0.04390314188553726,-1.221939237508596,False,4.800000000000001,1.0,0.2,0.06,0.06,40,83
2STEP-VF,9,2,3.0510848460647546,-0.46419540779059926,0.04728952293341711,-1.3301996431054626,False,4.800000000000001,1.0,0.2,0.06,0.06,40,84
2STEP-VF,9,2,3.04045774444971,-0.445191502414916,0.06499844072503023,-1.8975226385339854,False,4.800000000000001,1.0,0.2,0.06,0.06,40,85
2STEP-VF,9,2,3.066918315080609,-0.44929220629385563,0.05038483176438548,-1.4282995175554993,False,4.800000000000001,1.0,0.2,0.06,0.06,40,86
2STEP-VF,9,2,3.0509691008438513,-0.4418197448750073,0.032390768182076674,-0.8534464357758227,False,4.800000000000001,1.0,0.2,0.06,0.06,40,87
2STEP-VF,9,2,3.0437201236772107,-0.42539525401444883,0.05120934764119289,-1.4560759170975404,False,4.800000000000001,1.0,0.2,0.06,0.06,40,88
2STEP-VF,9,2,3.0364638773982966,-0.42946368151807784,0.05082896329051138,-1.4443389926524668,False,4.800000000000001,1.0,0.2,0.06,0.06,40,89
2STEP-VF,9,2,3.0600193634340505,-0.4448959969775445,0.03553576421468107,-0.9535432930637514,False,4.800000000000001,1.0,0.2,0.06,0.06,40,90
2STEP-VF,9,2,3.04428074737038,-0.4524575577768931,0.056390476073412535,-1.6218383895069788,False,4.800000000000001,1.0,0.2,0.06,0.06,40,91
2STEP-VF,9,2,3.0231331752264237,-0.4206759400307193,0.05770250803190372,-1.6650922665073342,False,4.800000000000001,1.0,0.2,0.06,0.06,40,92
2STEP-VF,9,2,3.0268654415096283,-0.4546543428559624,0.05732951662500578,-1.6529326055096076,False,4.800000000000001,1.0,0.2,0.06,0.06,40,93
2STEP-VF,9,2,3.0354892315613955,-0.4639915291556608,0.05261555016143122,-1.5015682512721158,False,4.800000000000001,1.0,0.2,0.06,0.06,40,94
2STEP-VF,9,2,3.0495998783880243,-0.44742975181222566,0.0400468389071669,-1.0985228523260595,False,4.800000000000001,1.0,0.2,0.06,0.06,40,95
2STEP-VF,9,2,3.030728206050291,-0.4418466087330475,0.06657326705998926,-1.9485008535566393,False,4.800000000000001,1.0,0.2,0.06,0.06,40,96
2STEP-VF,9,2,3.034963422807942,-0.45470012315356895,0.03646560329278851,-0.984801500000756,False,4.800000000000001,1.0,0.2,0.06,0.06,40,97
2STEP-VF,9,2,3.046048218465695,-0.441797755375685,0.03662437277394141,-0.9892170356581838,False,4.800000000000001,1.0,0.2,0.06,0.06,40,98
2STEP-VF,9,2,3.040286688135264,-0.4450305966297587,0.06085655311074466,-1.7649924982557137,False,4.800000000000001,1.0,0.2,0.06,0.06,40,99
2STEP-VF,9,2,5.478112299665586,-0.6320257585411925,0.04128694611802401,-0.9924955377968334,False,4.800000000000001,1.0,0.2,0.06,0.06,44,0
2STEP-VF,9,2,5.486023671238972,-0.6261257925480611,0.04546729345188276,-1.1257919701859103,False,4.800000000000001,1.0,0.2,0.06,0.06,44,1
2STEP-VF,9,2,5.490688959890282,-0.6418999510479043,0.024365179436303928,-0.450244404368309,False,4.800000000000001,1.0,0.2,0.06,0.06,44,2
2STEP-VF,9,2,5.47157020182197,-0.6197694192286175,0.038767053328014486,-0.9122514943871456,False,4.800000000000001,1.0,0.2,0.06,0.06,44,3
2STEP-VF,9,2,5.509267047522103,-0.637534105109087,0.04219641970345667,-1.0197294076592873,False,4.800000000000001,1.0,0.2,0.06,0.06,44,4
2STEP-VF,9,2,5.487392001411858,-0.6356864112226835,0.05056363544402413,-1.2887928141240612,False,4.800000000000001,1.0,0.2,0.06,0.06,44,5
2STEP-VF,9,2,5.520156021496012,-0.6390612863920032,0.044536188635500566,-1.0939486750462577,False,4.800000000000001,1.0,0.2,0.06,0.06,44,6
2STEP-VF,9,2,5.509252690475387,-0.6568392114347317,0.060585697059036436,-1.6081871444606433,False,4.800000000000001,1.0,0.2,0.06,0.06,44,7
2STEP-VF,9,2,5.514804265907123,-0.6419773559019535,0.023255663617258872,-0.4132929797978567,False,4.800000000000001,1.0,0.2,0.06,0.06,44,8
2STEP-VF,9,2,5.5170415191803235,-0.6339359139768063,0.046467280879630785,-1.155930496997366,False,4.800000000000001,1.0,0.2,0.06,0.06,44,9
2STEP-VF,9,2,5.463877555575031,-0.6351573420354828,0.055183651380366,-1.4380441908372106,False,4.800000000000001,1.0,0.2,0.06,0.06,44,10
2STEP-VF,9,2,5.470981314337447,-0.6322353713698733,0.04226899342040984,-1.0243489105928683,False,4.800000000000001,1.0,0.2,0.06,0.06,44,11
2STEP-VF,9,2,5.480820431270417,-0.6129448203426631,0.03884633561089078,-0.9142335136722801,False,4.800000000000001,1.0,0.2,0.06,0.06,44,12
2STEP-VF,9,2,5.521668866810113,-0.6524713732732377,0.024634497521927062,-0.45700378869305947,False,4.800000000000001,1.0,0.2,0.06,0.06,44,13
2STEP-VF,9,2,5.502302335325561,-0.6143869055676194,0.05157494679367608,-1.3202601572781014,False,4.800000000000001,1.0,0.2,0.06,0.06,44,14
2STEP-VF,9,2,5.480895219447229,-0.6366830765257939,0.050193173671340054,-1.2773278443160485,False,4.800000000000001,1.0,0.2,0.06,0.06,44,15
2STEP-VF,9,2,5.495180531385036,-0.6223303944823635,0.04183569541931924,-1.0090314215351137,False,4.800000000000001,1.0,0.2,0.06,0.06,44,16
2STEP-VF,9,2,5.515591146228217,-0.6257744606972753,0.02596261374083486,-0.49986817093302277,False,4.800000000000001,1.0,0.2,0.06,0.06,44,17
2STEP-VF,9,2,5.519756297845586,-0.625338224810824,0.035452602388042195,-0.8032978985466154,False,4.800000000000001,1.0,0.2,0.06,0.06,44,18
2STEP-VF,9,2,5.5228461843195085,-0.6258986914359363,0.02553240459273461,-0.4856661759083372,False,4.800000000000001,1.0,0.2,0.06,0.06,44,19
2STEP-VF,9,2,5.54109651686832,-0.6280043845819123,0.03014335752797892,-0.6321216498832265,False,4.800000000000001,1.0,0.2,0.06,0.06,44,20
2STEP-VF,9,2,5.491638149591071,-0.6259083035285802,0.05274254805546417,-1.3582632487993895,False,4.800000000000001,1.0,0.2,0.06,0.06,44,21
2STEP-VF,9,2,5.500561783713201,-0.6450837975925554,0.05540739776605294,-1.4430030214909024,False,4.800000000000001,1.0,0.2,0.06,0.06,44,22
2STEP-VF,9,2,5.508004535598725,-0.6443999466335215,0.03066218538537798,-0.6507096601961722,False,4.800000000000001,1.0,0.2,0.06,0.06,44,23
2STEP-VF,9,2,5.489168624017532,-0.631601613936073,0.05665285302374281,-1.4835411793187183,False,4.800000000000001,1.0,0.2,0.06,0.06,44,24
2STEP-VF,9,2,5.51104642273475,-0.6189434210349447,0.019330937389064672,-0.2879272110859846,False,4.800000000000001,1.0,0.2,0.06,0.06,44,25
2STEP-VF,9,2,5.488474897917345,-0.6410911818204326,0.024807733846891167,-0.4645389892254769,False,4.800000000000001,1.0,0.2,0.06,0.06,44,26
2STEP-VF,9,2,5.498068502948476,-0.6153053490501854,0.03739648371181813,-0.8668033686012719,False,4.800000000000001,1.0,0.2,0.06,0.06,44,27
2STEP-VF,9,2,5.452500309127634,-0.6451592524076593,0.05427022036463255,-1.4094970331205838,False,4.800000000000001,1.0,0.2,0.06,0.06,44,28
2STEP-VF,9,2,5.509041111684679,-0.6222252666678357,0.043627915847907255,-1.0655508404319516,False,4.800000000000001,1.0,0.2,0.06,0.06,44,29
2STEP-VF,9,2,5.511779168627507,-0.6373129720645779,0.05551647089418444,-1.4458203184962521,False,4.800000000000001,1.0,0.2,0.06,0.06,44,30
2STEP-VF,9,2,5.451106713299287,-0.6304617457794773,0.08709649274407066,-2.4600213650123046,False,4.800000000000001,1.0,0.2,0.06,0.06,44,31
2STEP-VF,9,2,5.509424797352417,-0.6317455678860798,0.03330662259455058,-0.7352464351844739,False,4.800000000000001,1.0,0.2,0.06,0.06,44,32
2STEP-VF,9,2,5.492301752663005,-0.6360533165214098,0.037465373096668364,-0.8693538339336075,False,4.800000000000001,1.0,0.2,0.06,0.06,44,33
2STEP-VF,9,2,5.497771017594122,-0.6347309368371763,0.033584180989414354,-0.7448275306056122,False,4.800000000000001,1.0,0.2,0.06,0.06,44,34
2STEP-VF,9,2,5.511788158832378,-0.6502941675857641,0.03796629802853302,-0.8842142473831142,False,4.800000000000001,1.0,0.2,0.06,0.06,44,35
2STEP-VF,9,2,5.499957576534838,-0.6206222025053296,0.03397897022661116,-0.757329592659467,False,4.800000000000001,1.0,0.2,0.06,0.06,44,36
2STEP-VF,9,2,5.47984768295384,-0.6173795556666787,0.06339222450249864,-1.6997603231027265,False,4.800000000000001,1.0,0.2,0.06,0.06,44,37
2STEP-VF,9,2,5.488919655317034,-0.648509656116052,0.0669434577536404,-1.8128554687974712,False,4.800000000000001,1.0,0.2,0.06,0.06,44,38
2STEP-VF,9,2,5.4986069519756695,-0.6516484947899295,0.06822283474324463,-1.8532142946652885,False,4.800000000000001,1.0,0.2,0.06,0.06,44,39
2STEP-VF,9,2,5.474877716027379,-0.622240065494498,0.06326736845077284,-1.6960631274630886,False,4.800000000000001,1.0,0.2,0.06,0.06,44,40
2STEP-VF,9,2,5.49351654139483,-0.6281899602857921,0.037150734205408424,-0.8592125020893799,False,4.800000000000001,1.0,0.2,0.06,0.06,44,41
2STEP-VF,9,2,5.477423941072572,-0.616769972788195,0.04890582702402635,-1.2363410283044893,False,4.800000000000001,1.0,0.2,0.06,0.06,44,42
2STEP-VF,9,2,5.47811321670352,-0.643933665586763,0.03455688218841964,-0.7771334370272175,False,4.800000000000001,1.0,0.2,0.06,0.06,44,43
2STEP-VF,9,2,5.481524788251643,-0.6435578757688339,0.04391123045567539,-1.0762678872865141,False,4.800000000000001,1.0,0.2,0.06,0.06,44,44
2STEP-VF,9,2,5.473397549134912,-0.6200865718372209,0.04690660660985007,-1.1726075585671079,False,4.800000000000001,1.0,0.2,0.06,0.06,44,45
2STEP-VF,9,2,5.477793821850839,-0.6312846285633524,0.06394395235442953,-1.717538846030695,False,4.800000000000001,1.0,0.2,0.06,0.06,44,46
2STEP-VF,9,2,5.530806584241525,-0.6086880093965384,0.033350305134495724,-0.7353613692493719,False,4.800000000000001,1.0,0.2,0.06,0.06,44,47
2STEP-VF,9,2,5.49853661284689,-0.6298335922791966,0.05764460222703592,-1.5147150744943365,False,4.800000000000001,1.0,0.2,0.06,0.06,44,48
2STEP-VF,9,2,5.475876468812974,-0.6509504355033546,0.05050338494399378,-1.2875557300790228,False,4.800000000000001,1.0,0.2,0.06,0.06,44,49
2STEP-VF,9,2,5.499325386359644,-0.6131173817631753,0.03270037017488787,-0.7164523224148334,False,4.800000000000001,1.0,0.2,0.06,0.06,44,50
2STEP-VF,9,2,5.503684053475809,-0.6357712986001792,0.04865966968898452,-1.2268883868389564,False,4.800000000000001,1.0,0.2,0.06,0.06,44,51
2STEP-VF,9,2,5.518385912367619,-0.6552393960910187,0.06641484317797795,-1.7941718269532378,False,4.800000000000001,1.0,0.2,0.06,0.06,44,52
2STEP-VF,9,2,5.531682577021231,-0.6395132100211548,0.02557639607365847,-0.4865437197357974,False,4.800000000000001,1.0,0.2,0.06,0.06,44,53
2STEP-VF,9,2,5.486368940306468,-0.5888372020820586,0.05875182893517222,-1.5508763895071236,False,4.800000000000001,1.0,0.2,0.06,0.06,44,54
2STEP-VF,9,2,5.499240586789754,-0.6276272396413745,0.04363159524821138,-1.066256612735379,False,4.800000000000001,1.0,0.2,0.06,0.06,44,55
2STEP-VF,9,2,5.490595889590058,-0.6395162208168038,0.05816734121257364,-1.5319191654269533,False,4.800000000000001,1.0,0.2,0.06,0.06,44,56
2STEP-VF,9,2,5.477685807300415,-0.6538556010190241,0.06151583273241346,-1.6398454989992064,False,4.800000000000001,1.0,0.2,0.06,0.06,44,57
2STEP-VF,9,2,5.457807978161434,-0.639570431957146,0.07466671221709648,-2.0618663122574015,False,4.800000000000001,1.0,0.2,0.06,0.06,44,58
2STEP-VF,9,2,5.492595361509497,-0.6394829172250264,0.05114873038353457,-1.3072036505825368,False,4.800000000000001,1.0,0.2,0.06,0.06,44,59
2STEP-VF,9,2,5.524839162341521,-0.6257452458431862,0.040043667636206266,-0.9499070146181094,False,4.800000000000001,1.0,0.2,0.06,0.06,44,60
2STEP-VF,9,2,5.481844527455774,-0.6256056327164525,0.0425101571576774,-1.0314143573983305,False,4.800000000000001,1.0,0.2,0.06,0.06,44,61
2STEP-VF,9,2,5.5031667384340635,-0.6341866349193621,0.029783686758536033,-0.6228879719671094,False,4.800000000000001,1.0,0.2,0.06,0.06,44,62
2STEP-VF,9,2,5.462380164250805,-0.6553116280897378,0.05098154277861066,-1.3036665590604932,False,4.800000000000001,1.0,0.2,0.06,0.06,44,63
2STEP-VF,9,2,5.518675782614687,-0.6206118697031852,0.04070251934232328,-0.971360071997464,False,4.800000000000001,1.0,0.2,0.06,0.06,44,64
2STEP-VF,9,2,5.471088879027938,-0.6379604054318421,0.04042718625119585,-0.9654046272965913,False,4.800000000000001,1.0,0.2,0.06,0.06,44,65
2STEP-VF,9,2,5.489165498652296,-0.6311431661835694,0.04594939368226971,-1.1410306679134932,False,4.800000000000001,1.0,0.2,0.06,0.06,44,66
2STEP-VF,9,2,5.474589280234197,-0.6278444481900182,0.05683803671245483,-1.4903418179845034,False,4.800000000000001,1.0,0.2,0.06,0.06,44,67
2STEP-VF,9,2,5.527562615799542,-0.6311852749147296,0.030394533227348117,-0.6409713063271675,False,4.800000000000001,1.0,0.2,0.06,0.06,44,68
2STEP-VF,9,2,5.460508489020423,-0.615850010497675,0.06288397082364984,-1.68465655701557,False,4.800000000000001,1.0,0.2,0.06,0.06,44,69
2STEP-VF,9,2,5.496496726463451,-0.6506523213566325,0.04090711957492497,-0.9792380228097921,False,4.800000000000001,1.0,0.2,0.06,0.06,44,70
2STEP-VF,9,2,5.46527075755814,-0.5971203955352087,0.060372573039082666,-1.6040060917971575,False,4.800000000000001,1.0,0.2,0.06,0.06,44,71
2STEP-VF,9,2,5.479875725214529,-0.639493849044336,0.039748485781112355,-0.9431590014827238,False,4.800000000000001,1.0,0.2,0.06,0.06,44,72
2STEP-VF,9,2,5.481783246267184,-0.633821231236714,0.05177082530093746,-1.3277594148539682,False,4.800000000000001,1.0,0.2,0.06,0.06,44,73
2STEP-VF,9,2,5.492033032105168,-0.6392509136835065,0.0324160370845264,-0.7077912047785351,False,4.800000000000001,1.0,0.2,0.06,0.06,44,74
2STEP-VF,9,2,5.509431918076605,-0.6251952194233901,0.027114287370728584,-0.5370912807787186,False,4.800000000000001,1.0,0.2,0.06,0.06,44,75
2STEP-VF,9,2,5.514235201392032,-0.6488833355997662,0.04583133811437069,-1.1357487075763406,False,4.800000000000001,1.0,0.2,0.06,0.06,44,76
2STEP-VF,9,2,5.47001405347803,-0.6138260037665333,0.07064166351265097,-1.9323323891961497,False,4.800000000000001,1.0,0.2,0.06,0.06,44,77
2STEP-VF,9,2,5.517190696593686,-0.6249301065712458,0.0300045900860321,-0.6291154409574062,False,4.800000000000001,1.0,0.2,0.06,0.06,44,78
2STEP-VF,9,2,5.510124698598265,-0.6103103893914247,0.024021086944263553,-0.43806730030053803,False,4.800000000000001,1.0,0.2,0.06,0.06,44,79
2STEP-VF,9,2,5.4970938987464,-0.6509044121649538,0.03412263502489734,-0.762098686871931,False,4.800000000000001,1.0,0.2,0.06,0.06,44,80
2STEP-VF,9,2,5.476376498342316,-0.6456335018005233,0.054169864715383105,-1.4048530809917208,False,4.800000000000001,1.0,0.2,0.06,0.06,44,81
2STEP-VF,9,2,5.49280037921425,-0.6229369694936545,0.045918589094199526,-1.13982682826153,False,4.800000000000001,1.0,0.2,0.06,0.06,44,82
2STEP-VF,9,2,5.48017972745048,-0.6249776335470444,0.04624734408584486,-1.151104227100007,False,4.800000000000001,1.0,0.2,0.06,0.06,44,83
2STEP-VF,9,2,5.484377129455525,-0.6186886936186149,0.05096118036111198,-1.3016951437882525,False,4.800000000000001,1.0,0.2,0.06,0.06,44,84
2STEP-VF,9,2,5.545118190213165,-0.6691342831353827,0.01824380152964573,-0.2510945575358736,False,4.800000000000001,1.0,0.2,0.06,0.06,44,85
2STEP-VF,9,2,5.49351662130076,-0.6449948084648416,0.0684401457862358,-1.8604736678815006,False,4.800000000000001,1.0,0.2,0.06,0.06,44,86
2STEP-VF,9,2,5.497718795971339,-0.6266341568282962,0.06297600971483275,-1.685369183116368,False,4.800000000000001,1.0,0.2,0.06,0.06,44,87
2STEP-VF,9,2,5.484931617450946,-0.6454732555028863,0.05516631701084544,-1.4362262472999978,False,4.800000000000001,1.0,0.2,0.06,0.06,44,88
2STEP-VF,9,2,5.470312554004602,-0.6374198122141743,0.05958075215674535,-1.5783653157755755,False,4.800000000000001,1.0,0.2,0.06,0.06,44,89
2STEP-VF,9,2,5.467352539346886,-0.6452339542720383,0.04866731939552762,-1.2293130682960711,False,4.800000000000001,1.0,0.2,0.06,0.06,44,90
2STEP-VF,9,2,5.496285860812142,-0.6270066858095565,0.047304194675431864,-1.1839570779650916,False,4.800000000000001,1.0,0.2,0.06,0.06,44,91
2STEP-VF,9,2,5.479805625855113,-0.6219222850532548,0.05768443718019158,-1.5171136522148243,False,4.800000000000001,1.0,0.2,0.06,0.06,44,92
2STEP-VF,9,2,5.524036268395316,-0.636036204498028,0.0369674785663419,-0.8515171380192221,False,4.800000000000001,1.0,0.2,0.06,0.06,44,93
2STEP-VF,9,2,5.493031115695703,-0.6382196958236267,0.026673824422062974,-0.5239805145642732,False,4.800000000000001,1.0,0.2,0.06,0.06,44,94
2STEP-VF,9,2,5.455821338432732,-0.6300092746671744,0.08486513276795021,-2.3883349682684436,False,4.800000000000001,1.0,0.2,0.06,0.06,44,95
2STEP-VF,9,2,5.49533124218657,-0.6422639443288991,0.039404571028453364,-0.9312263983793136,False,4.800000000000001,1.0,0.2,0.06,0.06,44,96
2STEP-VF,9,2,5.496138617600397,-0.6229678917108636,0.05058498161830757,-1.288951094729819,False,4.800000000000001,1.0,0.2,0.06,0.06,44,97
2STEP-VF,9,2,5.47495148132709,-0.6206589178908188,0.04077096970213216,-0.9761739415886039,False,4.800000000000001,1.0,0.2,0.06,0.06,44,98
2STEP-VF,9,2,5.51723319663666,-0.5977960121192222,0.037169150052994475,-0.8583788098976238,False,4.800000000000001,1.0,0.2,0.06,0.06,44,99
