alpha_star,alpha_raw,capped,h_rot,n_local,beta_q,sigma2_local,sigma2_global,f_x0,q,a,b,b_rot,reading,nu,rep,price,delta,gamma,global_coefs
5.190266715677299,5.190266715677299,False,6.7794140955327,86112,7.267847843922011e-11,0.2733473899237484,0.29005896596858477,0.075,10,3.0281066894546185,1.0,0.001363961116288337,literal,0,0,2.310650991728005,-0.401904252618369,0.057045362366463,2.313554e+00 -4.087816e-01 2.843007e-02 -3.230298e-04 4.952649e-05 -5.411891e-05 4.230930e-06 1.570915e-06 -1.811849e-07 -1.868227e-08 2.381775e-09 8.133223e-11 -1.062367e-11
6.17139675677345,6.17139675677345,False,inf,100000,-4.2282002961751755e-10,0.29006721651050005,0.29005896596858477,0.075,10,122.13363647520025,0.3333333333333333,0.0,literal,1,0,2.3076443095570327,-0.4025903708203558,0.05837598795101409,2.313554e+00 -4.087816e-01 2.843007e-02 -3.230298e-04 4.952649e-05 -5.411891e-05 4.230930e-06 1.570915e-06 -1.811849e-07 -1.868227e-08 2.381775e-09 8.133223e-11 -1.062367e-11
6.183851957502968,6.183851957502968,False,6.707758209628548,85526,2.8366325764865022e-09,0.27240284993563524,0.29005896596858477,0.075,10,1172.4829101577445,0.2,-0.07501786139516753,literal,2,0,2.3077485594212748,-0.40279655032856304,0.05861526573970553,2.313554e+00 -4.087816e-01 2.843007e-02 -3.230298e-04 4.952649e-05 -5.411891e-05 4.230930e-06 1.570915e-06 -1.811849e-07 -1.868227e-08 2.381775e-09 8.133223e-11 -1.062367e-11
9.728943399484292,9.728943399484292,False,6.7794140955327,86112,7.267847843922011e-11,0.2733473899237484,0.29005896596858477,0.075,10,3.0281066894546185,0.001363961116288337,0.001363961116288337,fg,0,0,2.3162055681468683,-0.4058856177395087,0.05633712803520599,2.313554e+00 -4.087816e-01 2.843007e-02 -3.230298e-04 4.952649e-05 -5.411891e-05 4.230930e-06 1.570915e-06 -1.811849e-07 -1.868227e-08 2.381775e-09 8.133223e-11 -1.062367e-11
7.766887894754243,7.766887894754243,False,8.214894477365752,95504,1.9442891877918708e-10,0.28580802127640687,0.29005896596858477,0.075,11,122.13363647520025,0.007859014053252622,0.007859014053252622,fg,1,0,2.313173957975796,-0.4045749329989324,0.05629097868819059,2.313554e+00 -4.087816e-01 2.843007e-02 -3.230298e-04 4.952649e-05 -5.411891e-05 4.230930e-06 1.570915e-06 -1.811849e-07 -1.868227e-08 2.381775e-09 8.133223e-11 -1.062367e-11
6.789185664387653,6.789185664387653,False,6.707758209628548,85526,2.8366325764865022e-09,0.27240284993563524,0.29005896596858477,0.075,10,1172.4829101577445,-0.07501786139516753,-0.07501786139516753,fg,2,0,2.3120641455405035,-0.40348954201991344,0.05747147057024297,2.313554e+00 -4.087816e-01 2.843007e-02 -3.230298e-04 4.952649e-05 -5.411891e-05 4.230930e-06 1.570915e-06 -1.811849e-07 -1.868227e-08 2.381775e-09 8.133223e-11 -1.062367e-11
3.3751892679174174,3.3751892679174174,False,7.187466411365627,89246,6.794956015976673e-09,0.284154243861846,0.2983513940003297,0.075,10,3.0281066894546185,1.0,0.001363961116288337,literal,0,1,2.306939688283837,-0.41330245814044847,0.06523702079368804,2.312186e+00 -4.053397e-01 2.932632e-02 -1.288030e-03 1.370576e-04 2.000138e-05 -5.692266e-06 -6.732027e-07 1.211138e-07 9.931687e-09 -1.366235e-09 -4.772863e-11 5.834013e-12
6.725282529467154,6.725282529467154,False,inf,100000,1.7391423110928254e-10,0.29835008631498816,0.2983513940003297,0.075,10,122.13363647520025,0.3333333333333333,0.0,literal,1,1,2.3009929282794572,-0.40872281593628107,0.06403768057197703,2.312186e+00 -4.053397e-01 2.932632e-02 -1.288030e-03 1.370576e-04 2.000138e-05 -5.692266e-06 -6.732027e-07 1.211138e-07 9.931687e-09 -1.366235e-09 -4.772863e-11 5.834013e-12
5.899102383069462,5.899102383069462,False,7.111497564227036,88690,4.743669303722731e-09,0.2830727934251368,0.2983513940003297,0.075,10,1172.4829101577445,0.2,-0.07501786139516753,literal,2,1,2.3026400632367157,-0.4114206590627641,0.06481438456450131,2.312186e+00 -4.053397e-01 2.932632e-02 -1.288030e-03 1.370576e-04 2.000138e-05 -5.692266e-06 -6.732027e-07 1.211138e-07 9.931687e-09 -1.366235e-09 -4.772863e-11 5.834013e-12
6.326654707537577,6.326654707537577,False,7.187466411365627,89246,6.794956015976673e-09,0.284154243861846,0.2983513940003297,0.075,10,3.0281066894546185,0.001363961116288337,0.001363961116288337,fg,0,1,2.3010151168048485,-0.4103067439113021,0.06446179127842824,2.312186e+00 -4.053397e-01 2.932632e-02 -1.288030e-03 1.370576e-04 2.000138e-05 -5.692266e-06 -6.732027e-07 1.211138e-07 9.931687e-09 -1.366235e-09 -4.772863e-11 5.834013e-12
10.553472724917512,10.553472724917512,False,8.663902390365402,97442,-5.819816078475344e-12,0.29565374483581786,0.2983513940003297,0.075,11,122.13363647520025,0.007859014053252622,0.007859014053252622,fg,1,1,2.3132361268513972,-0.40737019514739703,0.057974059555025236,2.312186e+00 -4.053397e-01 2.932632e-02 -1.288030e-03 1.370576e-04 2.000138e-05 -5.692266e-06 -6.732027e-07 1.211138e-07 9.931687e-09 -1.366235e-09 -4.772863e-11 5.834013e-12
6.476562118098057,6.476562118098057,False,7.111497564227036,88690,4.743669303722731e-09,0.2830727934251368,0.2983513940003297,0.075,10,1172.4829101577445,-0.07501786139516753,-0.07501786139516753,fg,2,1,2.300852234532578,-0.4098922706857716,0.0647455693112715,2.312186e+00 -4.053397e-01 2.932632e-02 -1.288030e-03 1.370576e-04 2.000138e-05 -5.692266e-06 -6.732027e-07 1.211138e-07 9.931687e-09 -1.366235e-09 -4.772863e-11 5.834013e-12
3.458907284958235,3.458907284958235,False,7.006171464082472,87898,5.171245190400934e-09,0.2753136143894312,0.29177795263240325,0.075,10,3.0281066894546185,1.0,0.001363961116288337,literal,0,2,2.3186252173970403,-0.39055313677713294,0.08817259169107441,2.295123e+00 -4.017346e-01 3.461895e-02 -1.528108e-03 -3.044625e-04 1.937299e-05 1.103842e-05 -2.491426e-07 -2.194254e-07 1.366124e-09 2.116205e-09 -8.315131e-13 -7.852609e-12
7.6717813544175595,7.6717813544175595,False,inf,100000,4.315647460734568e-11,0.29177440580695474,0.29177795263240325,0.075,10,122.13363647520025,0.3333333333333333,0.0,literal,1,2,2.299516552479319,-0.40209944467937214,0.07009947520687432,2.295123e+00 -4.017346e-01 3.461895e-02 -1.528108e-03 -3.044625e-04 1.937299e-05 1.103842e-05 -2.491426e-07 -2.194254e-07 1.366124e-09 2.116205e-09 -8.315131e-13 -7.852609e-12
5.54912497006069,5.54912497006069,False,6.932118837117845,87326,8.875850744397566e-09,0.274346427374556,0.29177795263240325,0.075,10,1172.4829101577445,0.2,-0.07501786139516753,literal,2,2,2.308669628498686,-0.397122587114433,0.07859009644702436,2.295123e+00 -4.017346e-01 3.461895e-02 -1.528108e-03 -3.044625e-04 1.937299e-05 1.103842e-05 -2.491426e-07 -2.194254e-07 1.366124e-09 2.116205e-09 -8.315131e-13 -7.852609e-12
6.48358071807322,6.48358071807322,False,7.006171464082472,87898,5.171245190400934e-09,0.2753136143894312,0.29177795263240325,0.075,10,3.0281066894546185,0.001363961116288337,0.001363961116288337,fg,0,2,2.3029048741635343,-0.40066655885815233,0.07669806156892664,2.295123e+00 -4.017346e-01 3.461895e-02 -1.528108e-03 -3.044625e-04 1.937299e-05 1.103842e-05 -2.491426e-07 -2.194254e-07 1.366124e-09 2.116205e-09 -8.315131e-13 -7.852609e-12
7.788017742362649,7.788017742362649,False,8.443596023988166,96554,1.8893209760614627e-10,0.28727761134712365,0.29177795263240325,0.075,11,122.13363647520025,0.007859014053252622,0.007859014053252622,fg,1,2,2.2994264519785936,-0.4022707359229046,0.07049805450364276,2.295123e+00 -4.017346e-01 3.461895e-02 -1.528108e-03 -3.044625e-04 1.937299e-05 1.103842e-05 -2.491426e-07 -2.194254e-07 1.366124e-09 2.116205e-09 -8.315131e-13 -7.852609e-12
6.092325617679299,6.092325617679299,False,6.932118837117845,87326,8.875850744397566e-09,0.274346427374556,0.29177795263240325,0.075,10,1172.4829101577445,-0.07501786139516753,-0.07501786139516753,fg,2,2,2.304892552189122,-0.4000540692044792,0.0771196098556899,2.295123e+00 -4.017346e-01 3.461895e-02 -1.528108e-03 -3.044625e-04 1.937299e-05 1.103842e-05 -2.491426e-07 -2.194254e-07 1.366124e-09 2.116205e-09 -8.315131e-13 -7.852609e-12
4.453719352979451,4.453719352979451,False,8.035635655927074,94590,-3.705708975528229e-10,0.2856554339885333,0.29323816345569603,0.075,10,3.0281066894546185,1.0,0.001363961116288337,literal,0,3,2.305945347545592,-0.40111113007875004,0.07663853444259225,2.307847e+00 -3.980861e-01 3.086385e-02 -2.159116e-03 1.299366e-05 4.462087e-05 -7.015054e-07 -7.285842e-07 -5.264225e-09 5.422772e-09 2.486696e-10 -1.218406e-11 -1.747436e-12
6.5922950693573,6.5922950693573,False,inf,100000,-2.1264446973153063e-10,0.2932326327312278,0.29323816345569603,0.075,10,122.13363647520025,0.3333333333333333,0.0,literal,1,3,2.308095839313349,-0.4002810314458944,0.06621842993173027,2.307847e+00 -3.980861e-01 3.086385e-02 -2.159116e-03 1.299366e-05 4.462087e-05 -7.015054e-07 -7.285842e-07 -5.264225e-09 5.422772e-09 2.486696e-10 -1.218406e-11 -1.747436e-12
6.7547686518015135,6.7547686518015135,False,7.950701975285281,94130,-1.1479324454271e-09,0.28498200458708256,0.29323816345569603,0.075,10,1172.4829101577445,0.2,-0.07501786139516753,literal,2,3,2.307979634933774,-0.400626479549463,0.06548353093026671,2.307847e+00 -3.980861e-01 3.086385e-02 -2.159116e-03 1.299366e-05 4.462087e-05 -7.015054e-07 -7.285842e-07 -5.264225e-09 5.422772e-09 2.486696e-10 -1.218406e-11 -1.747436e-12
8.348315390314307,8.348315390314307,False,8.035635655927074,94590,-3.705708975528229e-10,0.2856554339885333,0.29323816345569603,0.075,10,3.0281066894546185,0.001363961116288337,0.001363961116288337,fg,0,3,2.3044282612442846,-0.4009341951185335,0.06606011734024177,2.307847e+00 -3.980861e-01 3.086385e-02 -2.159116e-03 1.299366e-05 4.462087e-05 -7.015054e-07 -7.285842e-07 -5.264225e-09 5.422772e-09 2.486696e-10 -1.218406e-11 -1.747436e-12
8.542515777930426,8.542515777930426,False,9.616971729781433,99782,-6.58716574869602e-11,0.29291471574996897,0.29323816345569603,0.075,11,122.13363647520025,0.007859014053252622,0.007859014053252622,fg,1,3,2.3052862312726945,-0.4006078395683239,0.06524985338961364,2.307847e+00 -3.980861e-01 3.086385e-02 -2.159116e-03 1.299366e-05 4.462087e-05 -7.015054e-07 -7.285842e-07 -5.264225e-09 5.422772e-09 2.486696e-10 -1.218406e-11 -1.747436e-12
7.41598906510432,7.41598906510432,False,7.950701975285281,94130,-1.1479324454271e-09,0.28498200458708256,0.29323816345569603,0.075,10,1172.4829101577445,-0.07501786139516753,-0.07501786139516753,fg,2,3,2.3058868016642546,-0.40133880786993203,0.06728319460257819,2.307847e+00 -3.980861e-01 3.086385e-02 -2.159116e-03 1.299366e-05 4.462087e-05 -7.015054e-07 -7.285842e-07 -5.264225e-09 5.422772e-09 2.486696e-10 -1.218406e-11 -1.747436e-12
3.1642796604384174,3.1642796604384174,False,7.051380778638187,88240,-1.3069209904189473e-08,0.2711382606510131,0.2852457675605302,0.075,10,3.0281066894546185,1.0,0.001363961116288337,literal,0,4,2.3189585900628775,-0.39793675203205386,0.07024029663310072,2.332336e+00 -4.005021e-01 2.793179e-02 -7.887523e-04 -7.529062e-05 -3.322106e-06 7.828335e-06 -1.908513e-07 -1.907287e-07 3.900477e-09 1.914354e-09 -1.637718e-11 -7.229038e-12
9.258923604313221,9.258923604313221,False,inf,100000,5.9245371377910065e-12,0.28524240131072875,0.2852457675605302,0.075,10,122.13363647520025,0.3333333333333333,0.0,literal,1,4,2.330517999770603,-0.3990506805269488,0.053239708778971565,2.332336e+00 -4.005021e-01 2.793179e-02 -7.887523e-04 -7.529062e-05 -3.322106e-06 7.828335e-06 -1.908513e-07 -1.907287e-07 3.900477e-09 1.914354e-09 -1.637718e-11 -7.229038e-12
5.216194901417547,5.216194901417547,False,6.976850306030861,87672,-1.686557118117276e-08,0.2701449390785539,0.2852457675605302,0.075,10,1172.4829101577445,0.2,-0.07501786139516753,literal,2,4,2.3236782343485762,-0.394183503535818,0.061460515348478094,2.332336e+00 -4.005021e-01 2.793179e-02 -7.887523e-04 -7.529062e-05 -3.322106e-06 7.828335e-06 -1.908513e-07 -1.907287e-07 3.900477e-09 1.914354e-09 -1.637718e-11 -7.229038e-12
5.931313245147455,5.931313245147455,False,7.051380778638187,88240,-1.3069209904189473e-08,0.2711382606510131,0.2852457675605302,0.075,10,3.0281066894546185,0.001363961116288337,0.001363961116288337,fg,0,4,2.3233232091193874,-0.3980966492436629,0.05991588190698148,2.332336e+00 -4.005021e-01 2.793179e-02 -7.887523e-04 -7.529062e-05 -3.322106e-06 7.828335e-06 -1.908513e-07 -1.907287e-07 3.900477e-09 1.914354e-09 -1.637718e-11 -7.229038e-12
7.2576145465341595,7.2576145465341595,False,8.49550644664074,96776,-4.220770493236342e-10,0.2830831369379282,0.2852457675605302,0.075,11,122.13363647520025,0.007859014053252622,0.007859014053252622,fg,1,4,2.3252507383847125,-0.3977587158078013,0.055878445403562016,2.332336e+00 -4.005021e-01 2.793179e-02 -7.887523e-04 -7.529062e-05 -3.322106e-06 7.828335e-06 -1.908513e-07 -1.907287e-07 3.900477e-09 1.914354e-09 -1.637718e-11 -7.229038e-12
5.726805216348677,5.726805216348677,False,6.976850306030861,87672,-1.686557118117276e-08,0.2701449390785539,0.2852457675605302,0.075,10,1172.4829101577445,-0.07501786139516753,-0.07501786139516753,fg,2,4,2.3235511184465367,-0.3980309438857033,0.06098110629680178,2.332336e+00 -4.005021e-01 2.793179e-02 -7.887523e-04 -7.529062e-05 -3.322106e-06 7.828335e-06 -1.908513e-07 -1.907287e-07 3.900477e-09 1.914354e-09 -1.637718e-11 -7.229038e-12
4.643099834023354,4.643099834023354,False,7.652081366510434,92378,-2.39296947851281e-10,0.28560306427313265,0.29312200512732833,0.075,10,3.0281066894546185,1.0,0.001363961116288337,literal,0,5,2.3276147411655024,-0.3957469291556142,0.05752892041134215,2.328554e+00 -3.986746e-01 2.833738e-02 -1.552343e-03 1.407910e-04 1.110185e-05 -4.509680e-06 -9.660038e-08 8.051374e-08 1.065892e-09 -7.998569e-10 -5.554187e-12 3.100669e-12
8.309477137953278,8.309477137953278,False,inf,100000,1.8703762829309308e-11,0.2931165448264801,0.29312200512732833,0.075,10,122.13363647520025,0.3333333333333333,0.0,literal,1,5,2.331468940393973,-0.3984278573067056,0.05700035162468557,2.328554e+00 -3.986746e-01 2.833738e-02 -1.552343e-03 1.407910e-04 1.110185e-05 -4.509680e-06 -9.660038e-08 8.051374e-08 1.065892e-09 -7.998569e-10 -5.554187e-12 3.100669e-12
6.993879823729642,6.993879823729642,False,7.571201712074033,91868,7.96545107628262e-10,0.28488326426543853,0.29312200512732833,0.075,10,1172.4829101577445,0.2,-0.07501786139516753,literal,2,5,2.328114462047183,-0.39592178132980294,0.05595788947200191,2.328554e+00 -3.986746e-01 2.833738e-02 -1.552343e-03 1.407910e-04 1.110185e-05 -4.509680e-06 -9.660038e-08 8.051374e-08 1.065892e-09 -7.998569e-10 -5.554187e-12 3.100669e-12
8.70330138274472,8.70330138274472,False,7.652081366510434,92378,-2.39296947851281e-10,0.28560306427313265,0.29312200512732833,0.075,10,3.0281066894546185,0.001363961116288337,0.001363961116288337,fg,0,5,2.3320995928344117,-0.3995204046858931,0.05623444682008456,2.328554e+00 -3.986746e-01 2.833738e-02 -1.552343e-03 1.407910e-04 1.110185e-05 -4.509680e-06 -9.660038e-08 8.051374e-08 1.065892e-09 -7.998569e-10 -5.554187e-12 3.100669e-12
9.62882826403782,9.62882826403782,False,9.155545845594032,98960,-1.6601488554329542e-11,0.2919806341875532,0.29312200512732833,0.075,11,122.13363647520025,0.007859014053252622,0.007859014053252622,fg,1,5,2.3278335732514077,-0.39941838592343937,0.05724006432336,2.328554e+00 -3.986746e-01 2.833738e-02 -1.552343e-03 1.407910e-04 1.110185e-05 -4.509680e-06 -9.660038e-08 8.051374e-08 1.065892e-09 -7.998569e-10 -5.554187e-12 3.100669e-12
7.67850669195011,7.67850669195011,False,7.571201712074033,91868,7.96545107628262e-10,0.28488326426543853,0.29312200512732833,0.075,10,1172.4829101577445,-0.07501786139516753,-0.07501786139516753,fg,2,5,2.3299524503451328,-0.39800829894049655,0.05544673549120028,2.328554e+00 -3.986746e-01 2.833738e-02 -1.552343e-03 1.407910e-04 1.110185e-05 -4.509680e-06 -9.660038e-08 8.051374e-08 1.065892e-09 -7.998569e-10 -5.554187e-12 3.100669e-12
3.9331055959987298,3.9331055959987298,False,6.727725285017629,85690,1.3500945143615092e-09,0.27867381836993466,0.2956462097436129,0.075,10,3.0281066894546185,1.0,0.001363961116288337,literal,0,6,2.314132535625382,-0.4150216982078665,0.045981846527007486,2.311006e+00 -3.967694e-01 2.681669e-02 -1.964182e-03 3.918500e-04 2.872442e-05 -1.574201e-05 -5.063577e-07 3.169871e-07 5.747497e-09 -3.179902e-09 -2.412661e-11 1.205489e-11
10.057944080093002,10.057944080093002,False,inf,100000,2.5291365586867163e-12,0.29564655704519016,0.2956462097436129,0.075,10,122.13363647520025,0.3333333333333333,0.0,literal,1,6,2.309223167383914,-0.39784069182670667,0.05797802666062007,2.311006e+00 -3.967694e-01 2.681669e-02 -1.964182e-03 3.918500e-04 2.872442e-05 -1.574201e-05 -5.063577e-07 3.169871e-07 5.747497e-09 -3.179902e-09 -2.412661e-11 1.205489e-11
6.699690400444117,6.699690400444117,False,6.656615730618914,85102,1.2344769552299581e-09,0.2775109341684234,0.2956462097436129,0.075,10,1172.4829101577445,0.2,-0.07501786139516753,literal,2,6,2.307336313404098,-0.4042295233087284,0.056928897269537065,2.311006e+00 -3.967694e-01 2.681669e-02 -1.964182e-03 3.918500e-04 2.872442e-05 -1.574201e-05 -5.063577e-07 3.169871e-07 5.747497e-09 -3.179902e-09 -2.412661e-11 1.205489e-11
7.372446123449984,7.372446123449984,False,6.727725285017629,85690,1.3500945143615092e-09,0.27867381836993466,0.2956462097436129,0.075,10,3.0281066894546185,0.001363961116288337,0.001363961116288337,fg,0,6,2.307562672341626,-0.40331176079467185,0.05608559042588586,2.311006e+00 -3.967694e-01 2.681669e-02 -1.964182e-03 3.918500e-04 2.872442e-05 -1.574201e-05 -5.063577e-07 3.169871e-07 5.747497e-09 -3.179902e-09 -2.412661e-11 1.205489e-11
6.954855337612365,6.954855337612365,False,8.138824791647654,95126,6.979327547691246e-10,0.29048541485322565,0.2956462097436129,0.075,11,122.13363647520025,0.007859014053252622,0.007859014053252622,fg,1,6,2.3071617596453375,-0.40353322910181005,0.05715713379803418,2.311006e+00 -3.967694e-01 2.681669e-02 -1.964182e-03 3.918500e-04 2.872442e-05 -1.574201e-05 -5.063577e-07 3.169871e-07 5.747497e-09 -3.179902e-09 -2.412661e-11 1.205489e-11
7.3555192354407115,7.3555192354407115,False,6.656615730618914,85102,1.2344769552299581e-09,0.2775109341684234,0.2956462097436129,0.075,10,1172.4829101577445,-0.07501786139516753,-0.07501786139516753,fg,2,6,2.306840892513947,-0.4031302270835136,0.05630580457254198,2.311006e+00 -3.967694e-01 2.681669e-02 -1.964182e-03 3.918500e-04 2.872442e-05 -1.574201e-05 -5.063577e-07 3.169871e-07 5.747497e-09 -3.179902e-09 -2.412661e-11 1.205489e-11
3.5021268334082394,3.5021268334082394,False,6.475712079613488,83558,4.487114090521065e-09,0.2690441733373332,0.2916419010748178,0.075,10,3.0281066894546185,1.0,0.001363961116288337,literal,0,7,2.3143104903171223,-0.39891108187921853,0.06555394953306307,2.309018e+00 -3.960210e-01 2.836883e-02 -2.147434e-03 4.273645e-04 5.107802e-05 -2.252149e-05 -1.141579e-06 4.932249e-07 1.249982e-08 -4.898311e-09 -4.839936e-11 1.791493e-11
6.736907606257644,6.736907606257644,False,inf,100000,-1.688606744572646e-10,0.291651470995477,0.2916419010748178,0.075,10,122.13363647520025,0.3333333333333333,0.0,literal,1,7,2.3102649773443895,-0.39980816154511717,0.06433056740494317,2.309018e+00 -3.960210e-01 2.836883e-02 -2.147434e-03 4.273645e-04 5.107802e-05 -2.252149e-05 -1.141579e-06 4.932249e-07 1.249982e-08 -4.898311e-09 -4.839936e-11 1.791493e-11
5.2144184024605575,5.2144184024605575,False,6.407266211078818,82958,1.6862221578590935e-08,0.2681128860758391,0.2916419010748178,0.075,10,1172.4829101577445,0.2,-0.07501786139516753,literal,2,7,2.3138234583419575,-0.39849777706431927,0.06378922862534792,2.309018e+00 -3.960210e-01 2.836883e-02 -2.147434e-03 4.273645e-04 5.107802e-05 -2.252149e-05 -1.141579e-06 4.932249e-07 1.249982e-08 -4.898311e-09 -4.839936e-11 1.791493e-11
6.5645939999824705,6.5645939999824705,False,6.475712079613488,83558,4.487114090521065e-09,0.2690441733373332,0.2916419010748178,0.075,10,3.0281066894546185,0.001363961116288337,0.001363961116288337,fg,0,7,2.3102274544823165,-0.40004184644433444,0.06399857193566899,2.309018e+00 -3.960210e-01 2.836883e-02 -2.147434e-03 4.273645e-04 5.107802e-05 -2.252149e-05 -1.141579e-06 4.932249e-07 1.249982e-08 -4.898311e-09 -4.839936e-11 1.791493e-11
7.536243152114022,7.536243152114022,False,7.858153621276,93610,2.7399514595209586e-10,0.28373919780629536,0.2916419010748178,0.075,11,122.13363647520025,0.007859014053252622,0.007859014053252622,fg,1,7,2.3087140711193803,-0.4004591560504507,0.06589770424821446,2.309018e+00 -3.960210e-01 2.836883e-02 -2.147434e-03 4.273645e-04 5.107802e-05 -2.252149e-05 -1.141579e-06 4.932249e-07 1.249982e-08 -4.898311e-09 -4.839936e-11 1.791493e-11
5.724854816931862,5.724854816931862,False,6.407266211078818,82958,1.6862221578590935e-08,0.2681128860758391,0.2916419010748178,0.075,10,1172.4829101577445,-0.07501786139516753,-0.07501786139516753,fg,2,7,2.3112026180550718,-0.39885882851777665,0.06304503741298,2.309018e+00 -3.960210e-01 2.836883e-02 -2.147434e-03 4.273645e-04 5.107802e-05 -2.252149e-05 -1.141579e-06 4.932249e-07 1.249982e-08 -4.898311e-09 -4.839936e-11 1.791493e-11
4.359376749287378,4.359376749287378,False,7.514482750109565,91502,4.5913029924353205e-10,0.2797077302756269,0.2903421627704149,0.075,10,3.0281066894546185,1.0,0.001363961116288337,literal,0,8,2.3187178694887662,-0.41332375766541385,0.0532771789563553,2.321435e+00 -4.081578e-01 2.869920e-02 -1.054042e-03 1.666653e-04 -2.820197e-06 -5.386085e-06 1.652292e-07 9.199636e-08 -1.453743e-09 -9.176101e-10 3.584866e-12 3.721629e-12
7.377854677972887,7.377854677972887,False,inf,100000,6.488103006080934e-11,0.29033688844763905,0.2903421627704149,0.075,10,122.13363647520025,0.3333333333333333,0.0,literal,1,8,2.3195015458926487,-0.4157424715284561,0.05770816084460714,2.321435e+00 -4.081578e-01 2.869920e-02 -1.054042e-03 1.666653e-04 -2.820197e-06 -5.386085e-06 1.652292e-07 9.199636e-08 -1.453743e-09 -9.176101e-10 3.584866e-12 3.721629e-12
7.318733425672176,7.318733425672176,False,7.435057461879217,90976,-4.894982172265488e-10,0.2791395971691786,0.2903421627704149,0.075,10,1172.4829101577445,0.2,-0.07501786139516753,literal,2,8,2.3198289367677685,-0.41548409269071257,0.05751473861660386,2.321435e+00 -4.081578e-01 2.869920e-02 -1.054042e-03 1.666653e-04 -2.820197e-06 -5.386085e-06 1.652292e-07 9.199636e-08 -1.453743e-09 -9.176101e-10 3.584866e-12 3.721629e-12
8.171474025166777,8.171474025166777,False,7.514482750109565,91502,4.5913029924353205e-10,0.2797077302756269,0.2903421627704149,0.075,10,3.0281066894546185,0.001363961116288337,0.001363961116288337,fg,0,8,2.319544462444176,-0.4134295106788647,0.05857597833688947,2.321435e+00 -4.081578e-01 2.869920e-02 -1.054042e-03 1.666653e-04 -2.820197e-06 -5.386085e-06 1.652292e-07 9.199636e-08 -1.453743e-09 -9.176101e-10 3.584866e-12 3.721629e-12
8.359582152432555,8.359582152432555,False,9.007957305298339,98572,8.392588043865061e-11,0.2890066067394374,0.2903421627704149,0.075,11,122.13363647520025,0.007859014053252622,0.007859014053252622,fg,1,8,2.3191220841674576,-0.41298371503242615,0.058576932328703236,2.321435e+00 -4.081578e-01 2.869920e-02 -1.054042e-03 1.666653e-04 -2.820197e-06 -5.386085e-06 1.652292e-07 9.199636e-08 -1.453743e-09 -9.176101e-10 3.584866e-12 3.721629e-12
8.035160025905977,8.035160025905977,False,7.435057461879217,90976,-4.894982172265488e-10,0.2791395971691786,0.2903421627704149,0.075,10,1172.4829101577445,-0.07501786139516753,-0.07501786139516753,fg,2,8,2.319654548835512,-0.4140827478570606,0.05838194961028801,2.321435e+00 -4.081578e-01 2.869920e-02 -1.054042e-03 1.666653e-04 -2.820197e-06 -5.386085e-06 1.652292e-07 9.199636e-08 -1.453743e-09 -9.176101e-10 3.584866e-12 3.721629e-12
4.226607152451235,4.226607152451235,False,7.043840440648821,88184,-6.305055525660538e-10,0.2755037241589097,0.2902612416259436,0.075,10,3.0281066894546185,1.0,0.001363961116288337,literal,0,9,2.323263875267979,-0.4088711502684677,0.060407457115137196,2.329086e+00 -4.091669e-01 3.005412e-02 -9.966974e-04 -2.025474e-04 1.221457e-05 1.178144e-05 -5.329114e-07 -2.493102e-07 8.241413e-09 2.241261e-09 -3.953137e-11 -7.401916e-12
6.4031762729777455,6.4031762729777455,False,inf,100000,2.8719295460596553e-10,0.2902597992713083,0.2902612416259436,0.075,10,122.13363647520025,0.3333333333333333,0.0,literal,1,9,2.320471822291832,-0.40778693871673094,0.058202472600086284,2.329086e+00 -4.091669e-01 3.005412e-02 -9.966974e-04 -2.025474e-04 1.221457e-05 1.178144e-05 -5.329114e-07 -2.493102e-07 8.241413e-09 2.241261e-09 -3.953137e-11 -7.401916e-12
6.947071036125783,6.947071036125783,False,6.969389666609989,87614,8.392462472935466e-10,0.2746502897263903,0.2902612416259436,0.075,10,1172.4829101577445,0.2,-0.07501786139516753,literal,2,9,2.3187988729878555,-0.4080023856792011,0.05807198249770159,2.329086e+00 -4.091669e-01 3.005412e-02 -9.966974e-04 -2.025474e-04 1.221457e-05 1.178144e-05 -5.329114e-07 -2.493102e-07 8.241413e-09 2.241261e-09 -3.953137e-11 -7.401916e-12
7.922602827682927,7.922602827682927,False,7.043840440648821,88184,-6.305055525660538e-10,0.2755037241589097,0.2902612416259436,0.075,10,3.0281066894546185,0.001363961116288337,0.001363961116288337,fg,0,9,2.3239873351949862,-0.40784520997953233,0.0571090779147865,2.329086e+00 -4.091669e-01 3.005412e-02 -9.966974e-04 -2.025474e-04 1.221457e-05 1.178144e-05 -5.329114e-07 -2.493102e-07 8.241413e-09 2.241261e-09 -3.953137e-11 -7.401916e-12
7.685597695545355,7.685597695545355,False,8.481361099252675,96716,-2.1971402052624848e-10,0.286531439283815,0.2902612416259436,0.075,11,122.13363647520025,0.007859014053252622,0.007859014053252622,fg,1,9,2.3231722711899776,-0.4078137797323433,0.058355430843132355,2.329086e+00 -4.091669e-01 3.005412e-02 -9.966974e-04 -2.025474e-04 1.221457e-05 1.178144e-05 -5.329114e-07 -2.493102e-07 8.241413e-09 2.241261e-09 -3.953137e-11 -7.401916e-12
7.627115819084549,7.627115819084549,False,6.969389666609989,87614,8.392462472935466e-10,0.2746502897263903,0.2902612416259436,0.075,10,1172.4829101577445,-0.07501786139516753,-0.07501786139516753,fg,2,9,2.323720588795929,-0.40815094951073155,0.05797771071917438,2.329086e+00 -4.091669e-01 3.005412e-02 -9.966974e-04 -2.025474e-04 1.221457e-05 1.178144e-05 -5.329114e-07 -2.493102e-07 8.241413e-09 2.241261e-09 -3.953137e-11 -7.401916e-12
4.2764808882941825,4.2764808882941825,False,7.03537439591621,88120,5.577276510637106e-10,0.27579201307479134,0.29218442552898305,0.075,10,3.0281066894546185,1.0,0.001363961116288337,literal,0,10,2.311833856269506,-0.41012183813191566,0.04941638930456261,2.314713e+00 -4.084466e-01 3.050237e-02 -8.713134e-04 2.683157e-05 4.252978e-06 -2.568443e-06 -4.226056e-07 9.461938e-08 8.354894e-09 -1.442594e-09 -4.539694e-11 7.216909e-12
6.120850007728254,6.120850007728254,False,inf,100000,4.62633747503599e-10,0.2921835871717419,0.29218442552898305,0.075,10,122.13363647520025,0.3333333333333333,0.0,literal,1,10,2.3120804187497184,-0.4105839927600142,0.0569217881061679,2.314713e+00 -4.084466e-01 3.050237e-02 -8.713134e-04 2.683157e-05 4.252978e-06 -2.568443e-06 -4.226056e-07 9.461938e-08 8.354894e-09 -1.442594e-09 -4.539694e-11 7.216909e-12
5.918292819347222,5.918292819347222,False,6.961013104821903,87550,-4.515743132464062e-09,0.2746303939091316,0.29218442552898305,0.075,10,1172.4829101577445,0.2,-0.07501786139516753,literal,2,10,2.3122577769539143,-0.4107608459517054,0.056352725171922614,2.314713e+00 -4.084466e-01 3.050237e-02 -8.713134e-04 2.683157e-05 4.252978e-06 -2.568443e-06 -4.226056e-07 9.461938e-08 8.354894e-09 -1.442594e-09 -4.539694e-11 7.216909e-12
8.016089112630722,8.016089112630722,False,7.03537439591621,88120,5.577276510637106e-10,0.27579201307479134,0.29218442552898305,0.075,10,3.0281066894546185,0.001363961116288337,0.001363961116288337,fg,0,10,2.316989545901544,-0.41274935472084545,0.05926206721191635,2.314713e+00 -4.084466e-01 3.050237e-02 -8.713134e-04 2.683157e-05 4.252978e-06 -2.568443e-06 -4.226056e-07 9.461938e-08 8.354894e-09 -1.442594e-09 -4.539694e-11 7.216909e-12
7.695641537324449,7.695641537324449,False,8.501017412899666,96798,-2.1710356344089735e-10,0.28829415830085664,0.29218442552898305,0.075,11,122.13363647520025,0.007859014053252622,0.007859014053252622,fg,1,10,2.316475222161134,-0.41212637027056825,0.05833502549318936,2.314713e+00 -4.084466e-01 3.050237e-02 -8.713134e-04 2.683157e-05 4.252978e-06 -2.568443e-06 -4.226056e-07 9.461938e-08 8.354894e-09 -1.442594e-09 -4.539694e-11 7.216909e-12
6.497631095131414,6.497631095131414,False,6.961013104821903,87550,-4.515743132464062e-09,0.2746303939091316,0.29218442552898305,0.075,10,1172.4829101577445,-0.07501786139516753,-0.07501786139516753,fg,2,10,2.312122616853441,-0.40933070286140333,0.055698889512114755,2.314713e+00 -4.084466e-01 3.050237e-02 -8.713134e-04 2.683157e-05 4.252978e-06 -2.568443e-06 -4.226056e-07 9.461938e-08 8.354894e-09 -1.442594e-09 -4.539694e-11 7.216909e-12
3.8822767759533945,3.8822767759533945,False,7.14131387971752,88910,1.5374159467241309e-09,0.2749914698466929,0.29033215721179395,0.075,10,3.0281066894546185,1.0,0.001363961116288337,literal,0,11,2.3225781932134,-0.40332165339458076,0.0607455726953301,2.342739e+00 -4.033302e-01 2.676252e-02 -5.879267e-04 -2.071402e-05 -2.799642e-05 7.037814e-06 5.960652e-07 -1.825382e-07 -5.019587e-09 1.788457e-09 1.719568e-11 -6.411717e-12
7.109061783249769,7.109061783249769,False,inf,100000,9.57962060640745e-11,0.2903283164620646,0.29033215721179395,0.075,10,122.13363647520025,0.3333333333333333,0.0,literal,1,11,2.329778182282976,-0.3995488156148534,0.05246472033721075,2.342739e+00 -4.033302e-01 2.676252e-02 -5.879267e-04 -2.071402e-05 -2.799642e-05 7.037814e-06 5.960652e-07 -1.825382e-07 -5.019587e-09 1.788457e-09 1.719568e-11 -6.411717e-12
6.354913553486749,6.354913553486749,False,7.065832847675539,88350,2.1369140952711357e-09,0.27418357198428533,0.29033215721179395,0.075,10,1172.4829101577445,0.2,-0.07501786139516753,literal,2,11,2.3263095015024766,-0.398337411557333,0.05255890418460243,2.342739e+00 -4.033302e-01 2.676252e-02 -5.879267e-04 -2.071402e-05 -2.799642e-05 7.037814e-06 5.960652e-07 -1.825382e-07 -5.019587e-09 1.788457e-09 1.719568e-11 -6.411717e-12
7.277169572094739,7.277169572094739,False,7.14131387971752,88910,1.5374159467241309e-09,0.2749914698466929,0.29033215721179395,0.075,10,3.0281066894546185,0.001363961116288337,0.001363961116288337,fg,0,11,2.331318625048442,-0.39974607158963127,0.05204154587793866,2.342739e+00 -4.033302e-01 2.676252e-02 -5.879267e-04 -2.071402e-05 -2.799642e-05 7.037814e-06 5.960652e-07 -1.825382e-07 -5.019587e-09 1.788457e-09 1.719568e-11 -6.411717e-12
9.292608121184239,9.292608121184239,False,8.59092250782219,97162,2.4795254685260467e-11,0.28758969512919585,0.29033215721179395,0.075,11,122.13363647520025,0.007859014053252622,0.007859014053252622,fg,1,11,2.3431060681606946,-0.4019187948520026,0.0495638034225132,2.342739e+00 -4.033302e-01 2.676252e-02 -5.879267e-04 -2.071402e-05 -2.799642e-05 7.037814e-06 5.960652e-07 -1.825382e-07 -5.019587e-09 1.788457e-09 1.719568e-11 -6.411717e-12
6.97699238148916,6.97699238148916,False,7.065832847675539,88350,2.1369140952711357e-09,0.27418357198428533,0.29033215721179395,0.075,10,1172.4829101577445,-0.07501786139516753,-0.07501786139516753,fg,2,11,2.3306983273405826,-0.3997107588065199,0.05171776791872399,2.342739e+00 -4.033302e-01 2.676252e-02 -5.879267e-04 -2.071402e-05 -2.799642e-05 7.037814e-06 5.960652e-07 -1.825382e-07 -5.019587e-09 1.788457e-09 1.719568e-11 -6.411717e-12
3.2893710959591593,3.2893710959591593,False,6.04358974424742,79616,-8.601577317013718e-09,0.2651225031465458,0.2938935746295711,0.075,10,3.0281066894546185,1.0,0.001363961116288337,literal,0,12,2.310120963019455,-0.40855961258130225,0.06648663006862673,2.320845e+00 -4.068171e-01 2.539165e-02 -1.840149e-03 7.571559e-04 6.581076e-05 -3.997632e-05 -1.881878e-06 9.202335e-07 2.307460e-08 -9.608923e-09 -9.841308e-11 3.695938e-11
6.823874880126389,6.823874880126389,False,inf,100000,1.4816491831098932e-10,0.29395283072053996,0.2938935746295711,0.075,10,122.13363647520025,0.3333333333333333,0.0,literal,1,12,2.310533239739856,-0.40632749582559147,0.06250991078465894,2.320845e+00 -4.068171e-01 2.539165e-02 -1.840149e-03 7.571559e-04 6.581076e-05 -3.997632e-05 -1.881878e-06 9.202335e-07 2.307460e-08 -9.608923e-09 -9.841308e-11 3.695938e-11
5.488925499415234,5.488925499415234,False,5.979711248102649,79004,9.776501087947883e-09,0.26470715333654665,0.2938935746295711,0.075,10,1172.4829101577445,0.2,-0.07501786139516753,literal,2,12,2.311005351909971,-0.4040199657972802,0.0629587885349622,2.320845e+00 -4.068171e-01 2.539165e-02 -1.840149e-03 7.571559e-04 6.581076e-05 -3.997632e-05 -1.881878e-06 9.202335e-07 2.307460e-08 -9.608923e-09 -9.841308e-11 3.695938e-11
6.1657920422130355,6.1657920422130355,False,6.04358974424742,79616,-8.601577317013718e-09,0.2651225031465458,0.2938935746295711,0.075,10,3.0281066894546185,0.001363961116288337,0.001363961116288337,fg,0,12,2.310207123855692,-0.4070972886972733,0.06352174584701265,2.320845e+00 -4.068171e-01 2.539165e-02 -1.840149e-03 7.571559e-04 6.581076e-05 -3.997632e-05 -1.881878e-06 9.202335e-07 2.307460e-08 -9.608923e-09 -9.841308e-11 3.695938e-11
6.480560993181659,6.480560993181659,False,7.3810563477318505,90610,1.547428796062333e-09,0.28130797953050485,0.2938935746295711,0.075,11,122.13363647520025,0.007859014053252622,0.007859014053252622,fg,1,12,2.309229266237877,-0.40776063598103995,0.06299702895552273,2.320845e+00 -4.068171e-01 2.539165e-02 -1.840149e-03 7.571559e-04 6.581076e-05 -3.997632e-05 -1.881878e-06 9.202335e-07 2.307460e-08 -9.608923e-09 -9.841308e-11 3.695938e-11
6.026233255520793,6.026233255520793,False,5.979711248102649,79004,9.776501087947883e-09,0.26470715333654665,0.2938935746295711,0.075,10,1172.4829101577445,-0.07501786139516753,-0.07501786139516753,fg,2,12,2.3117892402267377,-0.4071785310442966,0.06313744439452648,2.320845e+00 -4.068171e-01 2.539165e-02 -1.840149e-03 7.571559e-04 6.581076e-05 -3.997632e-05 -1.881878e-06 9.202335e-07 2.307460e-08 -9.608923e-09 -9.841308e-11 3.695938e-11
3.7482812682813713,3.7482812682813713,False,6.93983605035174,87386,2.219433897738629e-09,0.2740817636232642,0.2897213484387695,0.075,10,3.0281066894546185,1.0,0.001363961116288337,literal,0,13,2.3123944384624657,-0.39175939336986504,0.061945694548389996,2.308010e+00 -4.015123e-01 3.146315e-02 -1.905296e-03 -5.625077e-05 6.427342e-05 -1.896472e-06 -1.872868e-06 1.158024e-07 2.320158e-08 -1.735608e-09 -9.896757e-11 7.993853e-12
6.242431699716139,6.242431699716139,False,inf,100000,3.7472820156599626e-10,0.28973253020253575,0.2897213484387695,0.075,10,122.13363647520025,0.3333333333333333,0.0,literal,1,13,2.3171970930023216,-0.3982385265590126,0.05396855888274173,2.308010e+00 -4.015123e-01 3.146315e-02 -1.905296e-03 -5.625077e-05 6.427342e-05 -1.896472e-06 -1.872868e-06 1.158024e-07 2.320158e-08 -1.735608e-09 -9.896757e-11 7.993853e-12
7.755918058863274,7.755918058863274,False,6.866484564041854,86810,2.6347134152799894e-10,0.27348211618069507,0.2897213484387695,0.075,10,1172.4829101577445,0.2,-0.07501786139516753,literal,2,13,2.3144920197212446,-0.4057230938883637,0.05685992247396745,2.308010e+00 -4.015123e-01 3.146315e-02 -1.905296e-03 -5.625077e-05 6.427342e-05 -1.896472e-06 -1.872868e-06 1.158024e-07 2.320158e-08 -1.735608e-09 -9.896757e-11 7.993853e-12
7.02600045471805,7.02600045471805,False,6.93983605035174,87386,2.219433897738629e-09,0.2740817636232642,0.2897213484387695,0.075,10,3.0281066894546185,0.001363961116288337,0.001363961116288337,fg,0,13,2.3158941967134345,-0.40088762734469885,0.053465844588421456,2.308010e+00 -4.015123e-01 3.146315e-02 -1.905296e-03 -5.625077e-05 6.427342e-05 -1.896472e-06 -1.872868e-06 1.158024e-07 2.320158e-08 -1.735608e-09 -9.896757e-11 7.993853e-12
7.787028189439399,7.787028189439399,False,8.407987323110671,96400,-1.8872931846832558e-10,0.2858247076779378,0.2897213484387695,0.075,11,122.13363647520025,0.007859014053252622,0.007859014053252622,fg,1,13,2.3142720456993273,-0.4058817293138498,0.05706726023924104,2.308010e+00 -4.015123e-01 3.146315e-02 -1.905296e-03 -5.625077e-05 6.427342e-05 -1.896472e-06 -1.872868e-06 1.158024e-07 2.320158e-08 -1.735608e-09 -9.896757e-11 7.993853e-12
8.515140411068709,8.515140411068709,False,6.866484564041854,86810,2.6347134152799894e-10,0.27348211618069507,0.2897213484387695,0.075,10,1172.4829101577445,-0.07501786139516753,-0.07501786139516753,fg,2,13,2.3127923644051953,-0.4032017535236219,0.061394094836654915,2.308010e+00 -4.015123e-01 3.146315e-02 -1.905296e-03 -5.625077e-05 6.427342e-05 -1.896472e-06 -1.872868e-06 1.158024e-07 2.320158e-08 -1.735608e-09 -9.896757e-11 7.993853e-12
4.554958590922481,4.554958590922481,False,7.137739110440394,88884,2.879540321340489e-10,0.2765282538109038,0.2922610079848323,0.075,10,3.0281066894546185,1.0,0.001363961116288337,literal,0,14,2.313588245881757,-0.4063359112371842,0.06246432994949536,2.314190e+00 -4.049195e-01 2.912176e-02 -1.143884e-03 1.287292e-04 4.981948e-06 -5.623323e-06 -1.283426e-07 1.288605e-07 2.543555e-09 -1.487183e-09 -1.483828e-11 6.365594e-12
6.651389156662563,6.651389156662563,False,inf,100000,1.9330155095257106e-10,0.292256994175209,0.2922610079848323,0.075,10,122.13363647520025,0.3333333333333333,0.0,literal,1,14,2.3162835797786574,-0.4094118471795418,0.06126613905604165,2.314190e+00 -4.049195e-01 2.912176e-02 -1.143884e-03 1.287292e-04 4.981948e-06 -5.623323e-06 -1.283426e-07 1.288605e-07 2.543555e-09 -1.487183e-09 -1.483828e-11 6.365594e-12
6.990567470965583,6.990567470965583,False,7.062295862380309,88322,-7.87097833015885e-10,0.27541222390936504,0.2922610079848323,0.075,10,1172.4829101577445,0.2,-0.07501786139516753,literal,2,14,2.3161935709837373,-0.407219169979749,0.06093200761916284,2.314190e+00 -4.049195e-01 2.912176e-02 -1.143884e-03 1.287292e-04 4.981948e-06 -5.623323e-06 -1.283426e-07 1.288605e-07 2.543555e-09 -1.487183e-09 -1.483828e-11 6.365594e-12
8.538084215253418,8.538084215253418,False,7.137739110440394,88884,2.879540321340489e-10,0.2765282538109038,0.2922610079848323,0.075,10,3.0281066894546185,0.001363961116288337,0.001363961116288337,fg,0,14,2.311752624857315,-0.40567586753319523,0.06073847849336184,2.314190e+00 -4.049195e-01 2.912176e-02 -1.143884e-03 1.287292e-04 4.981948e-06 -5.623323e-06 -1.283426e-07 1.288605e-07 2.543555e-09 -1.487183e-09 -1.483828e-11 6.365594e-12
9.33639217404323,9.33639217404323,False,8.599032319169691,97194,-2.353771702154999e-11,0.2887476759268919,0.2922610079848323,0.075,11,122.13363647520025,0.007859014053252622,0.007859014053252622,fg,1,14,2.3146034345362807,-0.4058614819133938,0.05890639090992418,2.314190e+00 -4.049195e-01 2.912176e-02 -1.143884e-03 1.287292e-04 4.981948e-06 -5.623323e-06 -1.283426e-07 1.288605e-07 2.543555e-09 -1.487183e-09 -1.483828e-11 6.365594e-12
7.674870094881539,7.674870094881539,False,7.062295862380309,88322,-7.87097833015885e-10,0.27541222390936504,0.2922610079848323,0.075,10,1172.4829101577445,-0.07501786139516753,-0.07501786139516753,fg,2,14,2.3174302137827376,-0.4058227384951815,0.06074315365297976,2.314190e+00 -4.049195e-01 2.912176e-02 -1.143884e-03 1.287292e-04 4.981948e-06 -5.623323e-06 -1.283426e-07 1.288605e-07 2.543555e-09 -1.487183e-09 -1.483828e-11 6.365594e-12
4.353659345241699,4.353659345241699,False,7.389697995850386,90668,4.6506134861021204e-10,0.279179748745598,0.29037881593607834,0.075,10,3.0281066894546185,1.0,0.001363961116288337,literal,0,15,2.311831225445432,-0.4000937069319333,0.06750011313836883,2.314136e+00 -3.942312e-01 3.019610e-02 -1.556696e-03 2.878448e-06 -1.132238e-06 1.237053e-06 3.764780e-07 -5.897717e-08 -6.169021e-09 8.578450e-10 3.289111e-11 -4.263519e-12
6.446299904019275,6.446299904019275,False,inf,100000,-2.677023329007858e-10,0.2903752954843554,0.29037881593607834,0.075,10,122.13363647520025,0.3333333333333333,0.0,literal,1,15,2.3114163928738964,-0.39525843437700614,0.06591012200039871,2.314136e+00 -3.942312e-01 3.019610e-02 -1.556696e-03 2.878448e-06 -1.132238e-06 1.237053e-06 3.764780e-07 -5.897717e-08 -6.169021e-09 8.578450e-10 3.289111e-11 -4.263519e-12
7.437241510156373,7.437241510156373,False,7.3115916360683935,90130,-4.127637852582618e-10,0.27811054832620613,0.29037881593607834,0.075,10,1172.4829101577445,0.2,-0.07501786139516753,literal,2,15,2.3092582372048454,-0.3929322228135567,0.06599382532003759,2.314136e+00 -3.942312e-01 3.019610e-02 -1.556696e-03 2.878448e-06 -1.132238e-06 1.237053e-06 3.764780e-07 -5.897717e-08 -6.169021e-09 8.578450e-10 3.289111e-11 -4.263519e-12
8.160756984328707,8.160756984328707,False,7.389697995850386,90668,4.6506134861021204e-10,0.279179748745598,0.29037881593607834,0.075,10,3.0281066894546185,0.001363961116288337,0.001363961116288337,fg,0,15,2.3116359268699274,-0.3943343201471219,0.06514996992147895,2.314136e+00 -3.942312e-01 3.019610e-02 -1.556696e-03 2.878448e-06 -1.132238e-06 1.237053e-06 3.764780e-07 -5.897717e-08 -6.169021e-09 8.578450e-10 3.289111e-11 -4.263519e-12
8.468214188819553,8.468214188819553,False,8.89396698758899,98232,7.233946478366098e-11,0.2889572638019781,0.29037881593607834,0.075,11,122.13363647520025,0.007859014053252622,0.007859014053252622,fg,1,15,2.3122422190075937,-0.39369373330780183,0.06373664078516385,2.314136e+00 -3.942312e-01 3.019610e-02 -1.556696e-03 2.878448e-06 -1.132238e-06 1.237053e-06 3.764780e-07 -5.897717e-08 -6.169021e-09 8.578450e-10 3.289111e-11 -4.263519e-12
8.16526879853239,8.16526879853239,False,7.3115916360683935,90130,-4.127637852582618e-10,0.27811054832620613,0.29037881593607834,0.075,10,1172.4829101577445,-0.07501786139516753,-0.07501786139516753,fg,2,15,2.3117957491507557,-0.3940992383378643,0.0650562384539291,2.314136e+00 -3.942312e-01 3.019610e-02 -1.556696e-03 2.878448e-06 -1.132238e-06 1.237053e-06 3.764780e-07 -5.897717e-08 -6.169021e-09 8.578450e-10 3.289111e-11 -4.263519e-12
3.373729108298625,3.373729108298625,False,6.958057901124294,87528,-6.7241865718696324e-09,0.2757490145791624,0.29116440322001147,0.075,10,3.0281066894546185,1.0,0.001363961116288337,literal,0,16,2.302143855279503,-0.40742783209428435,0.07856495115823336,2.307786e+00 -4.084039e-01 2.873422e-02 -2.825872e-04 9.782986e-05 -6.158683e-05 5.433659e-07 1.818792e-06 -9.672252e-08 -2.170855e-08 1.570062e-09 9.399528e-11 -7.777289e-12
6.09465972130875,6.09465972130875,False,inf,100000,-4.83102823683696e-10,0.29117399863600746,0.29116440322001147,0.075,10,122.13363647520025,0.3333333333333333,0.0,literal,1,16,2.3026406003454487,-0.4094668960447671,0.0626571253754312,2.307786e+00 -4.084039e-01 2.873422e-02 -2.825872e-04 9.782986e-05 -6.158683e-05 5.433659e-07 1.818792e-06 -9.672252e-08 -2.170855e-08 1.570062e-09 9.399528e-11 -7.777289e-12
5.7102600637857,5.7102600637857,False,6.884513816627968,86952,-6.5785893676873254e-09,0.27491846779998114,0.29116440322001147,0.075,10,1172.4829101577445,0.2,-0.07501786139516753,literal,2,16,2.29879483576525,-0.4079729661523213,0.06264746504330823,2.307786e+00 -4.084039e-01 2.873422e-02 -2.825872e-04 9.782986e-05 -6.158683e-05 5.433659e-07 1.818792e-06 -9.672252e-08 -2.170855e-08 1.570062e-09 9.399528e-11 -7.777289e-12
6.323917697849321,6.323917697849321,False,6.958057901124294,87528,-6.7241865718696324e-09,0.2757490145791624,0.29116440322001147,0.075,10,3.0281066894546185,0.001363961116288337,0.001363961116288337,fg,0,16,2.3031193516090815,-0.40849944257497495,0.06144818773028071,2.307786e+00 -4.084039e-01 2.873422e-02 -2.825872e-04 9.782986e-05 -6.158683e-05 5.433659e-07 1.818792e-06 -9.672252e-08 -2.170855e-08 1.570062e-09 9.399528e-11 -7.777289e-12
7.902890406090732,7.902890406090732,False,8.430827727922642,96500,1.597577839347732e-10,0.2876550267103814,0.29116440322001147,0.075,11,122.13363647520025,0.007859014053252622,0.007859014053252622,fg,1,16,2.30280492024243,-0.4067249708976779,0.05992731040364894,2.307786e+00 -4.084039e-01 2.873422e-02 -2.825872e-04 9.782986e-05 -6.158683e-05 5.433659e-07 1.818792e-06 -9.672252e-08 -2.170855e-08 1.570062e-09 9.399528e-11 -7.777289e-12
6.269234132932523,6.269234132932523,False,6.884513816627968,86952,-6.5785893676873254e-09,0.27491846779998114,0.29116440322001147,0.075,10,1172.4829101577445,-0.07501786139516753,-0.07501786139516753,fg,2,16,2.3027551669953557,-0.4088884451543782,0.06188896343486809,2.307786e+00 -4.084039e-01 2.873422e-02 -2.825872e-04 9.782986e-05 -6.158683e-05 5.433659e-07 1.818792e-06 -9.672252e-08 -2.170855e-08 1.570062e-09 9.399528e-11 -7.777289e-12
3.581025085621872,3.581025085621872,False,7.848422156209588,93554,-3.674501209542427e-09,0.2880524049639876,0.29462777496333464,0.075,10,3.0281066894546185,1.0,0.001363961116288337,literal,0,17,2.306895919134408,-0.41228746499129093,0.06006899620918344,2.292269e+00 -4.118678e-01 3.229818e-02 -8.390299e-05 -3.298965e-05 -5.634488e-05 1.144137e-06 1.372376e-06 -4.091761e-08 -1.382118e-08 4.793851e-10 5.125678e-11 -1.862206e-12
8.654839055242816,8.654839055242816,False,inf,100000,-1.2227809493893257e-11,0.29462592814915683,0.29462777496333464,0.075,10,122.13363647520025,0.3333333333333333,0.0,literal,1,17,2.297917409700838,-0.41088489058817695,0.06489243691765949,2.292269e+00 -4.118678e-01 3.229818e-02 -8.390299e-05 -3.298965e-05 -5.634488e-05 1.144137e-06 1.372376e-06 -4.091761e-08 -1.382118e-08 4.793851e-10 5.125678e-11 -1.862206e-12
6.16157999408877,6.16157999408877,False,7.765467252640037,93068,-3.025104731540685e-09,0.28719670720200635,0.29462777496333464,0.075,10,1172.4829101577445,0.2,-0.07501786139516753,literal,2,17,2.307192430583456,-0.41759689325816596,0.0615653328680488,2.292269e+00 -4.118678e-01 3.229818e-02 -8.390299e-05 -3.298965e-05 -5.634488e-05 1.144137e-06 1.372376e-06 -4.091761e-08 -1.382118e-08 4.793851e-10 5.125678e-11 -1.862206e-12
6.712485557806682,6.712485557806682,False,7.848422156209588,93554,-3.674501209542427e-09,0.2880524049639876,0.29462777496333464,0.075,10,3.0281066894546185,0.001363961116288337,0.001363961116288337,fg,0,17,2.3044719654449386,-0.41845226687456916,0.06354868652086396,2.292269e+00 -4.118678e-01 3.229818e-02 -8.390299e-05 -3.298965e-05 -5.634488e-05 1.144137e-06 1.372376e-06 -4.091761e-08 -1.382118e-08 4.793851e-10 5.125678e-11 -1.862206e-12
9.238675208110086,9.238675208110086,False,9.47206028074071,99590,-2.6824527089072896e-11,0.29441374581393837,0.29462777496333464,0.075,11,122.13363647520025,0.007859014053252622,0.007859014053252622,fg,1,17,2.2960351526224203,-0.41032820988561425,0.06294701674115805,2.292269e+00 -4.118678e-01 3.229818e-02 -8.390299e-05 -3.298965e-05 -5.634488e-05 1.144137e-06 1.372376e-06 -4.091761e-08 -1.382118e-08 4.793851e-10 5.125678e-11 -1.862206e-12
6.764733511301102,6.764733511301102,False,7.765467252640037,93068,-3.025104731540685e-09,0.28719670720200635,0.29462777496333464,0.075,10,1172.4829101577445,-0.07501786139516753,-0.07501786139516753,fg,2,17,2.303931792723316,-0.4185310290227594,0.06370518110901789,2.292269e+00 -4.118678e-01 3.229818e-02 -8.390299e-05 -3.298965e-05 -5.634488e-05 1.144137e-06 1.372376e-06 -4.091761e-08 -1.382118e-08 4.793851e-10 5.125678e-11 -1.862206e-12
3.2484037346574643,3.2484037346574643,False,6.292599200404998,81930,9.858211334850814e-09,0.2676617777805556,0.29388351113600936,0.075,10,3.0281066894546185,1.0,0.001363961116288337,literal,0,18,2.307130158603208,-0.4118549452532852,0.0500563382716743,2.309477e+00 -4.024673e-01 2.420542e-02 -1.738687e-03 7.502648e-04 3.462996e-05 -3.347165e-05 -7.495068e-07 6.917398e-07 7.905746e-09 -6.712751e-09 -2.871467e-11 2.438231e-11
6.431405609923133,6.431405609923133,False,inf,100000,-2.759441341387276e-10,0.29390092425801423,0.29388351113600936,0.075,10,122.13363647520025,0.3333333333333333,0.0,literal,1,18,2.3005831687908973,-0.40476909879093886,0.06082543064948011,2.309477e+00 -4.024673e-01 2.420542e-02 -1.738687e-03 7.502648e-04 3.462996e-05 -3.347165e-05 -7.495068e-07 6.917398e-07 7.905746e-09 -6.712751e-09 -2.871467e-11 2.438231e-11
5.3055753325472805,5.3055753325472805,False,6.2260887669087035,81324,1.4016946028408105e-08,0.26659604754772465,0.29388351113600936,0.075,10,1172.4829101577445,0.2,-0.07501786139516753,literal,2,18,2.3023592191759783,-0.4062264801804013,0.05869334477521047,2.309477e+00 -4.024673e-01 2.420542e-02 -1.738687e-03 7.502648e-04 3.462996e-05 -3.347165e-05 -7.495068e-07 6.917398e-07 7.905746e-09 -6.712751e-09 -2.871467e-11 2.438231e-11
6.089000393312503,6.089000393312503,False,6.292599200404998,81930,9.858211334850814e-09,0.2676617777805556,0.29388351113600936,0.075,10,3.0281066894546185,0.001363961116288337,0.001363961116288337,fg,0,18,2.301373859092005,-0.4050612505977396,0.05944145045641788,2.309477e+00 -4.024673e-01 2.420542e-02 -1.738687e-03 7.502648e-04 3.462996e-05 -3.347165e-05 -7.495068e-07 6.917398e-07 7.905746e-09 -6.712751e-09 -2.871467e-11 2.438231e-11
7.268901410617905,7.268901410617905,False,7.6536011328194995,92388,4.1519480851877e-10,0.2838942400332021,0.29388351113600936,0.075,11,122.13363647520025,0.007859014053252622,0.007859014053252622,fg,1,18,2.298221412435274,-0.40284147380742114,0.060288575865995675,2.309477e+00 -4.024673e-01 2.420542e-02 -1.738687e-03 7.502648e-04 3.462996e-05 -3.347165e-05 -7.495068e-07 6.917398e-07 7.905746e-09 -6.712751e-09 -2.871467e-11 2.438231e-11
5.824935046408162,5.824935046408162,False,6.2260887669087035,81324,1.4016946028408105e-08,0.26659604754772465,0.29388351113600936,0.075,10,1172.4829101577445,-0.07501786139516753,-0.07501786139516753,fg,2,18,2.3009747392279483,-0.40466740317332195,0.059058862378867094,2.309477e+00 -4.024673e-01 2.420542e-02 -1.738687e-03 7.502648e-04 3.462996e-05 -3.347165e-05 -7.495068e-07 6.917398e-07 7.905746e-09 -6.712751e-09 -2.871467e-11 2.438231e-11
3.903903919583869,3.903903919583869,False,7.579315200417716,91920,-1.475342692825574e-09,0.2845689018375792,0.29489849817677993,0.075,10,3.0281066894546185,1.0,0.001363961116288337,literal,0,19,2.3108374672108662,-0.4175572620169749,0.07390143292803691,2.306130e+00 -4.029603e-01 3.322619e-02 -1.909391e-03 -1.801724e-04 6.223203e-05 5.220311e-06 -1.798563e-06 -5.770067e-08 2.278855e-08 2.493761e-11 -9.973106e-11 1.673847e-12
6.1182983557433435,6.1182983557433435,False,inf,100000,4.668246043273343e-10,0.2949075351728582,0.29489849817677993,0.075,10,122.13363647520025,0.3333333333333333,0.0,literal,1,19,2.302521827488016,-0.4115181982365771,0.07270155233086198,2.306130e+00 -4.029603e-01 3.322619e-02 -1.909391e-03 -1.801724e-04 6.223203e-05 5.220311e-06 -1.798563e-06 -5.770067e-08 2.278855e-08 2.493761e-11 -9.973106e-11 1.673847e-12
6.081486989773914,6.081486989773914,False,7.499204657297093,91402,-3.449053241923226e-09,0.28364160256075116,0.29489849817677993,0.075,10,1172.4829101577445,0.2,-0.07501786139516753,literal,2,19,2.3025684841390848,-0.41148181400762096,0.07244757065928968,2.306130e+00 -4.029603e-01 3.322619e-02 -1.909391e-03 -1.801724e-04 6.223203e-05 5.220311e-06 -1.798563e-06 -5.770067e-08 2.278855e-08 2.493761e-11 -9.973106e-11 1.673847e-12
7.317708771291933,7.317708771291933,False,7.579315200417716,91920,-1.475342692825574e-09,0.2845689018375792,0.29489849817677993,0.075,10,3.0281066894546185,0.001363961116288337,0.001363961116288337,fg,0,19,2.3050813075451972,-0.4092683021584871,0.06974976756420347,2.306130e+00 -4.029603e-01 3.322619e-02 -1.909391e-03 -1.801724e-04 6.223203e-05 5.220311e-06 -1.798563e-06 -5.770067e-08 2.278855e-08 2.493761e-11 -9.973106e-11 1.673847e-12
7.6498352913231535,7.6498352913231535,False,9.319688597841782,99322,-2.349161234699996e-10,0.29423507360814743,0.29489849817677993,0.075,11,122.13363647520025,0.007859014053252622,0.007859014053252622,fg,1,19,2.3050577883980523,-0.41008177208091945,0.06843979055974911,2.306130e+00 -4.029603e-01 3.322619e-02 -1.909391e-03 -1.801724e-04 6.223203e-05 5.220311e-06 -1.798563e-06 -5.770067e-08 2.278855e-08 2.493761e-11 -9.973106e-11 1.673847e-12
6.676800248918842,6.676800248918842,False,7.499204657297093,91402,-3.449053241923226e-09,0.28364160256075116,0.29489849817677993,0.075,10,1172.4829101577445,-0.07501786139516753,-0.07501786139516753,fg,2,19,2.3018320127690357,-0.4105563395634854,0.0717290644755182,2.306130e+00 -4.029603e-01 3.322619e-02 -1.909391e-03 -1.801724e-04 6.223203e-05 5.220311e-06 -1.798563e-06 -5.770067e-08 2.278855e-08 2.493761e-11 -9.973106e-11 1.673847e-12
3.277292334942427,3.277292334942427,False,6.460239650022174,83422,8.967516970887821e-09,0.266737040303903,0.28888662286948474,0.075,10,3.0281066894546185,1.0,0.001363961116288337,literal,0,20,2.315248459193895,-0.4022250977983846,0.07077222051801071,2.323120e+00 -3.986269e-01 2.753881e-02 -1.967013e-03 2.597105e-04 5.763612e-05 -1.448734e-05 -1.622440e-06 3.799766e-07 2.017310e-08 -4.393541e-09 -8.637559e-11 1.797386e-11
6.279793552892558,6.279793552892558,False,inf,100000,3.5146577340874126e-10,0.2889039585735765,0.28888662286948474,0.075,10,122.13363647520025,0.3333333333333333,0.0,literal,1,20,2.3228238828248466,-0.4057361104449263,0.05812544289494332,2.323120e+00 -3.986269e-01 2.753881e-02 -1.967013e-03 2.597105e-04 5.763612e-05 -1.448734e-05 -1.622440e-06 3.799766e-07 2.017310e-08 -4.393541e-09 -8.637559e-11 1.797386e-11
5.3175311790574655,5.3175311790574655,False,6.391957319314495,82822,1.3662332158101964e-08,0.2655371789787813,0.28888662286948474,0.075,10,1172.4829101577445,0.2,-0.07501786139516753,literal,2,20,2.3197853496999987,-0.4048855523872376,0.05826224609218709,2.323120e+00 -3.986269e-01 2.753881e-02 -1.967013e-03 2.597105e-04 5.763612e-05 -1.448734e-05 -1.622440e-06 3.799766e-07 2.017310e-08 -4.393541e-09 -8.637559e-11 1.797386e-11
6.143150897026271,6.143150897026271,False,6.460239650022174,83422,8.967516970887821e-09,0.266737040303903,0.28888662286948474,0.075,10,3.0281066894546185,0.001363961116288337,0.001363961116288337,fg,0,20,2.322668091103992,-0.4061071507955448,0.05708560517438495,2.323120e+00 -3.986269e-01 2.753881e-02 -1.967013e-03 2.597105e-04 5.763612e-05 -1.448734e-05 -1.622440e-06 3.799766e-07 2.017310e-08 -4.393541e-09 -8.637559e-11 1.797386e-11
7.872139968897269,7.872139968897269,False,7.850709725233378,93568,1.653426379922938e-10,0.2816924072657548,0.28888662286948474,0.075,11,122.13363647520025,0.007859014053252622,0.007859014053252622,fg,1,20,2.320195242099234,-0.40604357066367286,0.06259734454607567,2.323120e+00 -3.986269e-01 2.753881e-02 -1.967013e-03 2.597105e-04 5.763612e-05 -1.448734e-05 -1.622440e-06 3.799766e-07 2.017310e-08 -4.393541e-09 -8.637559e-11 1.797386e-11
5.838061243847944,5.838061243847944,False,6.391957319314495,82822,1.3662332158101964e-08,0.2655371789787813,0.28888662286948474,0.075,10,1172.4829101577445,-0.07501786139516753,-0.07501786139516753,fg,2,20,2.3242208523795553,-0.40573733133378936,0.055516525589485645,2.323120e+00 -3.986269e-01 2.753881e-02 -1.967013e-03 2.597105e-04 5.763612e-05 -1.448734e-05 -1.622440e-06 3.799766e-07 2.017310e-08 -4.393541e-09 -8.637559e-11 1.797386e-11
3.4378389396040334,3.4378389396040334,False,7.312371928381883,90136,-5.5673079704470156e-09,0.28067687575094785,0.29337123102287105,0.075,10,3.0281066894546185,1.0,0.001363961116288337,literal,0,21,2.298047846255625,-0.4020497215209729,0.07538698994555616,2.298808e+00 -4.039721e-01 2.838189e-02 -1.218967e-03 2.689386e-04 -1.386578e-05 -1.071280e-05 8.189500e-07 1.874461e-07 -1.208578e-08 -1.556499e-09 5.835288e-11 4.819574e-12
6.41291841783228,6.41291841783228,False,inf,100000,-2.8415574982608545e-10,0.2933713024947763,0.29337123102287105,0.075,10,122.13363647520025,0.3333333333333333,0.0,literal,1,21,2.2936794406261694,-0.3989112608151512,0.06591873705009489,2.298808e+00 -4.039721e-01 2.838189e-02 -1.218967e-03 2.689386e-04 -1.386578e-05 -1.071280e-05 8.189500e-07 1.874461e-07 -1.208578e-08 -1.556499e-09 5.835288e-11 4.819574e-12
5.73808550298822,5.73808550298822,False,7.235082876377504,89590,-6.309921962390965e-09,0.2801044514558683,0.29337123102287105,0.075,10,1172.4829101577445,0.2,-0.07501786139516753,literal,2,21,2.2928770431406584,-0.39866436378495596,0.06791885702352225,2.298808e+00 -4.039721e-01 2.838189e-02 -1.218967e-03 2.689386e-04 -1.386578e-05 -1.071280e-05 8.189500e-07 1.874461e-07 -1.208578e-08 -1.556499e-09 5.835288e-11 4.819574e-12
6.444088963467876,6.444088963467876,False,7.312371928381883,90136,-5.5673079704470156e-09,0.28067687575094785,0.29337123102287105,0.075,10,3.0281066894546185,0.001363961116288337,0.001363961116288337,fg,0,21,2.2937949183509807,-0.39914349983590414,0.06536118678452565,2.298808e+00 -4.039721e-01 2.838189e-02 -1.218967e-03 2.689386e-04 -1.386578e-05 -1.071280e-05 8.189500e-07 1.874461e-07 -1.208578e-08 -1.556499e-09 5.835288e-11 4.819574e-12
7.714659514028064,7.714659514028064,False,8.791857352539123,97898,2.1210987663171968e-10,0.2912582157383376,0.29337123102287105,0.075,11,122.13363647520025,0.007859014053252622,0.007859014053252622,fg,1,21,2.2904724479383547,-0.40005265339279017,0.06607970956011655,2.298808e+00 -4.039721e-01 2.838189e-02 -1.218967e-03 2.689386e-04 -1.386578e-05 -1.071280e-05 8.189500e-07 1.874461e-07 -1.208578e-08 -1.556499e-09 5.835288e-11 4.819574e-12
6.2997833883541094,6.2997833883541094,False,7.235082876377504,89590,-6.309921962390965e-09,0.2801044514558683,0.29337123102287105,0.075,10,1172.4829101577445,-0.07501786139516753,-0.07501786139516753,fg,2,21,2.2937324041531766,-0.39856309395842043,0.06628994159466471,2.298808e+00 -4.039721e-01 2.838189e-02 -1.218967e-03 2.689386e-04 -1.386578e-05 -1.071280e-05 8.189500e-07 1.874461e-07 -1.208578e-08 -1.556499e-09 5.835288e-11 4.819574e-12
2.972354258680544,2.972354258680544,False,6.684405458894715,85332,2.532444132612011e-08,0.2735972889417353,0.2934673121865526,0.075,10,3.0281066894546185,1.0,0.001363961116288337,literal,0,22,2.315490922769072,-0.39776397545666853,0.04446909380630506,2.328405e+00 -4.055996e-01 3.146685e-02 -1.750069e-03 -3.133929e-04 2.834610e-05 1.578004e-05 -3.259709e-07 -3.418472e-07 5.918789e-10 3.393446e-09 8.649991e-12 -1.287195e-11
9.481153943959098,9.481153943959098,False,inf,100000,-4.684575220272069e-12,0.29346770245410597,0.2934673121865526,0.075,10,122.13363647520025,0.3333333333333333,0.0,literal,1,22,2.330261790308582,-0.40641161305375717,0.058619458382065594,2.328405e+00 -4.055996e-01 3.146685e-02 -1.750069e-03 -3.133929e-04 2.834610e-05 1.578004e-05 -3.259709e-07 -3.418472e-07 5.918789e-10 3.393446e-09 8.649991e-12 -1.287195e-11
4.993557511490208,4.993557511490208,False,6.613753778948617,84742,2.6786786352336935e-08,0.2726572919261626,0.2934673121865526,0.075,10,1172.4829101577445,0.2,-0.07501786139516753,literal,2,22,2.325825390857328,-0.401086378730006,0.04837784595470336,2.328405e+00 -4.055996e-01 3.146685e-02 -1.750069e-03 -3.133929e-04 2.834610e-05 1.578004e-05 -3.259709e-07 -3.418472e-07 5.918789e-10 3.393446e-09 8.649991e-12 -1.287195e-11
5.571556902571527,5.571556902571527,False,6.684405458894715,85332,2.532444132612011e-08,0.2735972889417353,0.2934673121865526,0.075,10,3.0281066894546185,0.001363961116288337,0.001363961116288337,fg,0,22,2.328047675161517,-0.4013187593257067,0.046855016410059694,2.328405e+00 -4.055996e-01 3.146685e-02 -1.750069e-03 -3.133929e-04 2.834610e-05 1.578004e-05 -3.259709e-07 -3.418472e-07 5.918789e-10 3.393446e-09 8.649991e-12 -1.287195e-11
7.004884415931391,7.004884415931391,False,8.090398291754548,94878,6.39577987869701e-10,0.287660516923909,0.2934673121865526,0.075,11,122.13363647520025,0.007859014053252622,0.007859014053252622,fg,1,22,2.331360766333715,-0.4015184631864175,0.05378020963993762,2.328405e+00 -4.055996e-01 3.146685e-02 -1.750069e-03 -3.133929e-04 2.834610e-05 1.578004e-05 -3.259709e-07 -3.418472e-07 5.918789e-10 3.393446e-09 8.649991e-12 -1.287195e-11
5.482373980536602,5.482373980536602,False,6.613753778948617,84742,2.6786786352336935e-08,0.2726572919261626,0.2934673121865526,0.075,10,1172.4829101577445,-0.07501786139516753,-0.07501786139516753,fg,2,22,2.3267239895514247,-0.40084816567680354,0.045637481890716085,2.328405e+00 -4.055996e-01 3.146685e-02 -1.750069e-03 -3.133929e-04 2.834610e-05 1.578004e-05 -3.259709e-07 -3.418472e-07 5.918789e-10 3.393446e-09 8.649991e-12 -1.287195e-11
4.160920145776281,4.160920145776281,False,8.273270862296894,95786,7.611081651937699e-10,0.2889281468673979,0.2930878079196007,0.075,10,3.0281066894546185,1.0,0.001363961116288337,literal,0,23,2.315124439244122,-0.4218702920279359,0.0541857771702055,2.309851e+00 -4.190275e-01 2.946633e-02 5.081154e-04 1.992111e-05 -6.136527e-05 1.867003e-06 1.120896e-06 -6.087689e-08 -8.854435e-09 5.194527e-10 2.596697e-11 -1.212051e-12
6.632387650385054,6.632387650385054,False,inf,100000,1.9947753346543689e-10,0.29308300551028865,0.2930878079196007,0.075,10,122.13363647520025,0.3333333333333333,0.0,literal,1,23,2.3168826614075115,-0.42306744059781615,0.05457081587752859,2.309851e+00 -4.190275e-01 2.946633e-02 5.081154e-04 1.992111e-05 -6.136527e-05 1.867003e-06 1.120896e-06 -6.087689e-08 -8.854435e-09 5.194527e-10 2.596697e-11 -1.212051e-12
6.88306532985523,6.88306532985523,False,8.18582546589405,95362,9.476676187318705e-10,0.28833443932011765,0.2930878079196007,0.075,10,1172.4829101577445,0.2,-0.07501786139516753,literal,2,23,2.3159115545344107,-0.4234049219745894,0.05390010495854799,2.309851e+00 -4.190275e-01 2.946633e-02 5.081154e-04 1.992111e-05 -6.136527e-05 1.867003e-06 1.120896e-06 -6.087689e-08 -8.854435e-09 5.194527e-10 2.596697e-11 -1.212051e-12
7.799475211120975,7.799475211120975,False,8.273270862296894,95786,7.611081651937699e-10,0.2889281468673979,0.2930878079196007,0.075,10,3.0281066894546185,0.001363961116288337,0.001363961116288337,fg,0,23,2.3150869220498365,-0.42105797435484177,0.05397309940350511,2.309851e+00 -4.190275e-01 2.946633e-02 5.081154e-04 1.992111e-05 -6.136527e-05 1.867003e-06 1.120896e-06 -6.087689e-08 -8.854435e-09 5.194527e-10 2.596697e-11 -1.212051e-12
9.308572492807684,9.308572492807684,False,9.868471640156901,99974,2.4542555977874384e-11,0.29310375927122817,0.2930878079196007,0.075,11,122.13363647520025,0.007859014053252622,0.007859014053252622,fg,1,23,2.310263286070105,-0.41927240537122035,0.05647087230595892,2.309851e+00 -4.190275e-01 2.946633e-02 5.081154e-04 1.992111e-05 -6.136527e-05 1.867003e-06 1.120896e-06 -6.087689e-08 -8.854435e-09 5.194527e-10 2.596697e-11 -1.212051e-12
7.556844631087592,7.556844631087592,False,8.18582546589405,95362,9.476676187318705e-10,0.28833443932011765,0.2930878079196007,0.075,10,1172.4829101577445,-0.07501786139516753,-0.07501786139516753,fg,2,23,2.3143310271723347,-0.42110302439696834,0.05300572466858954,2.309851e+00 -4.190275e-01 2.946633e-02 5.081154e-04 1.992111e-05 -6.136527e-05 1.867003e-06 1.120896e-06 -6.087689e-08 -8.854435e-09 5.194527e-10 2.596697e-11 -1.212051e-12
4.110869808213736,4.110869808213736,False,7.2028675387496595,89358,8.463298411118241e-10,0.27708152817453624,0.2928807043282516,0.075,10,3.0281066894546185,1.0,0.001363961116288337,literal,0,24,2.310750244297139,-0.3963967080587075,0.049716532394437046,2.320249e+00 -3.987537e-01 2.856234e-02 -1.857636e-03 4.132722e-05 2.925471e-05 1.750549e-06 -3.679778e-07 -8.855466e-08 1.513080e-09 1.233390e-09 3.097714e-12 -5.763105e-12
6.404115806966392,6.404115806966392,False,inf,100000,-2.8804029506762557e-10,0.2928760929343702,0.2928807043282516,0.075,10,122.13363647520025,0.3333333333333333,0.0,literal,1,24,2.3136158649596914,-0.39912879169232307,0.058427077987541674,2.320249e+00 -3.987537e-01 2.856234e-02 -1.857636e-03 4.132722e-05 2.925471e-05 1.750549e-06 -3.679778e-07 -8.855466e-08 1.513080e-09 1.233390e-09 3.097714e-12 -5.763105e-12
7.28169232931076,7.28169232931076,False,7.126735907421892,88802,-5.136776075626881e-10,0.27632794232847224,0.2928807043282516,0.075,10,1172.4829101577445,0.2,-0.07501786139516753,literal,2,24,2.312780694391742,-0.3987949204393054,0.061502171807342194,2.320249e+00 -3.987537e-01 2.856234e-02 -1.857636e-03 4.132722e-05 2.925471e-05 1.750549e-06 -3.679778e-07 -8.855466e-08 1.513080e-09 1.233390e-09 3.097714e-12 -5.763105e-12
7.705657893448209,7.705657893448209,False,7.2028675387496595,89358,8.463298411118241e-10,0.27708152817453624,0.2928807043282516,0.075,10,3.0281066894546185,0.001363961116288337,0.001363961116288337,fg,0,24,2.311931372474575,-0.39726386319068074,0.061474353814414115,2.320249e+00 -3.987537e-01 2.856234e-02 -1.857636e-03 4.132722e-05 2.925471e-05 1.750549e-06 -3.679778e-07 -8.855466e-08 1.513080e-09 1.233390e-09 3.097714e-12 -5.763105e-12
7.411821014182349,7.411821014182349,False,8.675210437898883,97484,-3.356447422131693e-10,0.2903379297138349,0.2928807043282516,0.075,11,122.13363647520025,0.007859014053252622,0.007859014053252622,fg,1,24,2.3121679290194685,-0.398544111899651,0.06140257625326301,2.320249e+00 -3.987537e-01 2.856234e-02 -1.857636e-03 4.132722e-05 2.925471e-05 1.750549e-06 -3.679778e-07 -8.855466e-08 1.513080e-09 1.233390e-09 3.097714e-12 -5.763105e-12
7.99449299795344,7.99449299795344,False,7.126735907421892,88802,-5.136776075626881e-10,0.27632794232847224,0.2928807043282516,0.075,10,1172.4829101577445,-0.07501786139516753,-0.07501786139516753,fg,2,24,2.312550667644075,-0.3973567870139009,0.061682431800282794,2.320249e+00 -3.987537e-01 2.856234e-02 -1.857636e-03 4.132722e-05 2.925471e-05 1.750549e-06 -3.679778e-07 -8.855466e-08 1.513080e-09 1.233390e-09 3.097714e-12 -5.763105e-12
3.412981903669129,3.412981903669129,False,7.413341923242006,90830,-5.959198905489884e-09,0.2761274271491793,0.28818294560136076,0.075,10,3.0281066894546185,1.0,0.001363961116288337,literal,0,25,2.316263223310862,-0.4092313733933785,0.05582001404490008,2.307860e+00 -4.008361e-01 3.179398e-02 -1.494440e-03 -7.683128e-05 3.851676e-05 5.746527e-07 -1.207344e-06 3.693927e-08 1.547207e-08 -7.641489e-10 -6.566445e-11 3.768615e-12
6.53579411392854,6.53579411392854,False,inf,100000,2.3074636493781842e-10,0.28818413803746584,0.28818294560136076,0.075,10,122.13363647520025,0.3333333333333333,0.0,literal,1,25,2.311787290052507,-0.404250749436125,0.06313372848074494,2.307860e+00 -4.008361e-01 3.179398e-02 -1.494440e-03 -7.683128e-05 3.851676e-05 5.746527e-07 -1.207344e-06 3.693927e-08 1.547207e-08 -7.641489e-10 -6.566445e-11 3.768615e-12
5.954433558345249,5.954433558345249,False,7.334985655940038,90292,-4.241132716854921e-09,0.2752820942386809,0.28818294560136076,0.075,10,1172.4829101577445,0.2,-0.07501786139516753,literal,2,25,2.3119183584370124,-0.4069467505938863,0.06556744592076004,2.307860e+00 -4.008361e-01 3.179398e-02 -1.494440e-03 -7.683128e-05 3.851676e-05 5.746527e-07 -1.207344e-06 3.693927e-08 1.547207e-08 -7.641489e-10 -6.566445e-11 3.768615e-12
6.397495462798793,6.397495462798793,False,7.413341923242006,90830,-5.959198905489884e-09,0.2761274271491793,0.28818294560136076,0.075,10,3.0281066894546185,0.001363961116288337,0.001363961116288337,fg,0,25,2.312382048522071,-0.4051508672337591,0.06388189513066783,2.307860e+00 -4.008361e-01 3.179398e-02 -1.494440e-03 -7.683128e-05 3.851676e-05 5.746527e-07 -1.207344e-06 3.693927e-08 1.547207e-08 -7.641489e-10 -6.566445e-11 3.768615e-12
7.794033440662897,7.794033440662897,False,8.954309515258231,98416,-1.8694290413821035e-10,0.2862997099186909,0.28818294560136076,0.075,11,122.13363647520025,0.007859014053252622,0.007859014053252622,fg,1,25,2.30939243452382,-0.399074421003804,0.0635954480058277,2.307860e+00 -4.008361e-01 3.179398e-02 -1.494440e-03 -7.683128e-05 3.851676e-05 5.746527e-07 -1.207344e-06 3.693927e-08 1.547207e-08 -7.641489e-10 -6.566445e-11 3.768615e-12
6.537309630256769,6.537309630256769,False,7.334985655940038,90292,-4.241132716854921e-09,0.2752820942386809,0.28818294560136076,0.075,10,1172.4829101577445,-0.07501786139516753,-0.07501786139516753,fg,2,25,2.3118159015454256,-0.40427956751031163,0.06317032784765754,2.307860e+00 -4.008361e-01 3.179398e-02 -1.494440e-03 -7.683128e-05 3.851676e-05 5.746527e-07 -1.207344e-06 3.693927e-08 1.547207e-08 -7.641489e-10 -6.566445e-11 3.768615e-12
4.371301113453943,4.371301113453943,False,7.512042634426559,91486,4.475754398316143e-10,0.281499595362838,0.29165827219880586,0.075,10,3.0281066894546185,1.0,0.001363961116288337,literal,0,26,2.296872579586015,-0.4160169596686545,0.07900847865480431,2.291729e+00 -4.064317e-01 3.319258e-02 -8.182192e-04 -1.340894e-04 1.739280e-06 1.795666e-06 -3.527344e-07 2.494962e-08 6.555554e-09 -7.046622e-10 -3.080472e-11 3.570788e-12
6.520251987924805,6.520251987924805,False,inf,100000,2.3800761989152005e-10,0.29165432658733387,0.29165827219880586,0.075,10,122.13363647520025,0.3333333333333333,0.0,literal,1,26,2.2980329830710096,-0.41217648649345334,0.0651846217224774,2.291729e+00 -4.064317e-01 3.319258e-02 -8.182192e-04 -1.340894e-04 1.739280e-06 1.795666e-06 -3.527344e-07 2.494962e-08 6.555554e-09 -7.046622e-10 -3.080472e-11 3.570788e-12
6.743222119210745,6.743222119210745,False,7.432643137311567,90960,1.1592048701870697e-09,0.28035085152351846,0.29165827219880586,0.075,10,1172.4829101577445,0.2,-0.07501786139516753,literal,2,26,2.296492664479923,-0.4116367960600762,0.06563424766153264,2.291729e+00 -4.064317e-01 3.319258e-02 -8.182192e-04 -1.340894e-04 1.739280e-06 1.795666e-06 -3.527344e-07 2.494962e-08 6.555554e-09 -7.046622e-10 -3.080472e-11 3.570788e-12
8.193825759751233,8.193825759751233,False,7.512042634426559,91486,4.475754398316143e-10,0.281499595362838,0.29165827219880586,0.075,10,3.0281066894546185,0.001363961116288337,0.001363961116288337,fg,0,26,2.293533640812284,-0.41124950358461193,0.06705047876239938,2.291729e+00 -4.064317e-01 3.319258e-02 -8.182192e-04 -1.340894e-04 1.739280e-06 1.795666e-06 -3.527344e-07 2.494962e-08 6.555554e-09 -7.046622e-10 -3.080472e-11 3.570788e-12
9.126143930046531,9.126143930046531,False,9.031796926886623,98640,3.0685377481846155e-11,0.2906310462103208,0.29165827219880586,0.075,11,122.13363647520025,0.007859014053252622,0.007859014053252622,fg,1,26,2.2938259733775648,-0.4093309183182044,0.06564950533570145,2.291729e+00 -4.064317e-01 3.319258e-02 -8.182192e-04 -1.340894e-04 1.739280e-06 1.795666e-06 -3.527344e-07 2.494962e-08 6.555554e-09 -7.046622e-10 -3.080472e-11 3.570788e-12
7.403312249087804,7.403312249087804,False,7.432643137311567,90960,1.1592048701870697e-09,0.28035085152351846,0.29165827219880586,0.075,10,1172.4829101577445,-0.07501786139516753,-0.07501786139516753,fg,2,26,2.295019217354115,-0.4111402784262402,0.06541590538813492,2.291729e+00 -4.064317e-01 3.319258e-02 -8.182192e-04 -1.340894e-04 1.739280e-06 1.795666e-06 -3.527344e-07 2.494962e-08 6.555554e-09 -7.046622e-10 -3.080472e-11 3.570788e-12
3.0993359117168024,3.0993359117168024,False,6.8700118197790845,86838,-1.6361459217350538e-08,0.2749196432391139,0.293032196471365,0.075,10,3.0281066894546185,1.0,0.001363961116288337,literal,0,27,2.310048594193421,-0.39792869835981187,0.056301834727035385,2.315128e+00 -4.051315e-01 2.438543e-02 -8.579699e-04 5.177014e-04 -9.092698e-06 -1.886136e-05 1.956466e-07 3.399736e-07 -1.672511e-09 -2.978590e-09 8.470343e-12 9.790092e-12
6.215952842844367,6.215952842844367,False,inf,100000,-3.940557942600291e-10,0.29302999903095744,0.293032196471365,0.075,10,122.13363647520025,0.3333333333333333,0.0,literal,1,27,2.310073598825382,-0.40306786720123916,0.059270126268374045,2.315128e+00 -4.051315e-01 2.438543e-02 -8.579699e-04 5.177014e-04 -9.092698e-06 -1.886136e-05 1.956466e-07 3.399736e-07 -1.672511e-09 -2.978590e-09 8.470343e-12 9.790092e-12
5.112261648754775,5.112261648754775,False,6.797398349620558,86258,-2.096989317801383e-08,0.27367283109983903,0.293032196471365,0.075,10,1172.4829101577445,0.2,-0.07501786139516753,literal,2,27,2.3066985867604086,-0.40066515021272464,0.05895893888156746,2.315128e+00 -4.051315e-01 2.438543e-02 -8.579699e-04 5.177014e-04 -9.092698e-06 -1.886136e-05 1.956466e-07 3.399736e-07 -1.672511e-09 -2.978590e-09 8.470343e-12 9.790092e-12
5.809578835323301,5.809578835323301,False,6.8700118197790845,86838,-1.6361459217350538e-08,0.2749196432391139,0.293032196471365,0.075,10,3.0281066894546185,0.001363961116288337,0.001363961116288337,fg,0,27,2.307792262350868,-0.40129807733842754,0.05749682670014897,2.315128e+00 -4.051315e-01 2.438543e-02 -8.579699e-04 5.177014e-04 -9.092698e-06 -1.886136e-05 1.956466e-07 3.399736e-07 -1.672511e-09 -2.978590e-09 8.470343e-12 9.790092e-12
8.34432539769346,8.34432539769346,False,8.284671437567301,95838,8.565138162004754e-11,0.28862764099257926,0.293032196471365,0.075,11,122.13363647520025,0.007859014053252622,0.007859014053252622,fg,1,27,2.310242750051791,-0.4047069045125056,0.05767575766713377,2.315128e+00 -4.051315e-01 2.438543e-02 -8.579699e-04 5.177014e-04 -9.092698e-06 -1.886136e-05 1.956466e-07 3.399736e-07 -1.672511e-09 -2.978590e-09 8.470343e-12 9.790092e-12
5.61269799743715,5.61269799743715,False,6.797398349620558,86258,-2.096989317801383e-08,0.27367283109983903,0.293032196471365,0.075,10,1172.4829101577445,-0.07501786139516753,-0.07501786139516753,fg,2,27,2.3080038178785762,-0.4013160881698374,0.05878588028818405,2.315128e+00 -4.051315e-01 2.438543e-02 -8.579699e-04 5.177014e-04 -9.092698e-06 -1.886136e-05 1.956466e-07 3.399736e-07 -1.672511e-09 -2.978590e-09 8.470343e-12 9.790092e-12
3.3477573232691964,3.3477573232691964,False,6.772698299072135,86058,7.30769774153293e-09,0.2768946609489008,0.293001814241644,0.075,10,3.0281066894546185,1.0,0.001363961116288337,literal,0,28,2.3245937621687394,-0.40781877145132306,0.05070187372473629,2.306591e+00 -4.016412e-01 3.511525e-02 -1.156152e-03 -3.914898e-04 -1.076076e-05 1.608094e-05 3.999137e-07 -3.279525e-07 -4.003860e-09 3.119471e-09 1.472809e-11 -1.125563e-11
6.823361055764436,6.823361055764436,False,inf,100000,1.480418408596602e-10,0.2930009784860162,0.293001814241644,0.075,10,122.13363647520025,0.3333333333333333,0.0,literal,1,28,2.3218946744139934,-0.4018912393766936,0.061940289405774444,2.306591e+00 -4.016412e-01 3.511525e-02 -1.156152e-03 -3.914898e-04 -1.076076e-05 1.608094e-05 3.999137e-07 -3.279525e-07 -4.003860e-09 3.119471e-09 1.472809e-11 -1.125563e-11
5.354515367561716,5.354515367561716,False,6.701113396639144,85472,1.2944959475210065e-08,0.2757335791932518,0.293001814241644,0.075,10,1172.4829101577445,0.2,-0.07501786139516753,literal,2,28,2.3232463917883894,-0.4055272104650724,0.05719145300636637,2.306591e+00 -4.016412e-01 3.511525e-02 -1.156152e-03 -3.914898e-04 -1.076076e-05 1.608094e-05 3.999137e-07 -3.279525e-07 -4.003860e-09 3.119471e-09 1.472809e-11 -1.125563e-11
6.275234645440537,6.275234645440537,False,6.772698299072135,86058,7.30769774153293e-09,0.2768946609489008,0.293001814241644,0.075,10,3.0281066894546185,0.001363961116288337,0.001363961116288337,fg,0,28,2.3223736244597517,-0.4044906847189488,0.060914796419244015,2.306591e+00 -4.016412e-01 3.511525e-02 -1.156152e-03 -3.914898e-04 -1.076076e-05 1.608094e-05 3.999137e-07 -3.279525e-07 -4.003860e-09 3.119471e-09 1.472809e-11 -1.125563e-11
7.893222673764445,7.893222673764445,False,8.18462131470531,95356,-1.6204564843010995e-10,0.287737027095792,0.293001814241644,0.075,11,122.13363647520025,0.007859014053252622,0.007859014053252622,fg,1,28,2.319592859977762,-0.4014453902997479,0.06221207214588809,2.306591e+00 -4.016412e-01 3.511525e-02 -1.156152e-03 -3.914898e-04 -1.076076e-05 1.608094e-05 3.999137e-07 -3.279525e-07 -4.003860e-09 3.119471e-09 1.472809e-11 -1.125563e-11
5.878665793265951,5.878665793265951,False,6.701113396639144,85472,1.2944959475210065e-08,0.2757335791932518,0.293001814241644,0.075,10,1172.4829101577445,-0.07501786139516753,-0.07501786139516753,fg,2,28,2.3231201201924043,-0.40421867431696457,0.05992953795267423,2.306591e+00 -4.016412e-01 3.511525e-02 -1.156152e-03 -3.914898e-04 -1.076076e-05 1.608094e-05 3.999137e-07 -3.279525e-07 -4.003860e-09 3.119471e-09 1.472809e-11 -1.125563e-11
3.3384797539808484,3.3384797539808484,False,7.143667747388903,88928,-7.557413910330461e-09,0.27937670248928914,0.29195980689663914,0.075,10,3.0281066894546185,1.0,0.001363961116288337,literal,0,29,2.3341665611869566,-0.39933903073919375,0.028263605742454224,2.324534e+00 -4.022751e-01 2.788324e-02 -7.516096e-04 2.722423e-04 -3.368755e-05 -9.713041e-06 7.627675e-07 1.690806e-07 -5.004000e-09 -1.610005e-09 5.711420e-12 6.364315e-12
7.325219280223466,7.325219280223466,False,inf,100000,7.014139086751512e-11,0.29195551883149257,0.29195980689663914,0.075,10,122.13363647520025,0.3333333333333333,0.0,literal,1,29,2.31505125832202,-0.3991797744169455,0.06508627167496076,2.324534e+00 -4.022751e-01 2.788324e-02 -7.516096e-04 2.722423e-04 -3.368755e-05 -9.713041e-06 7.627675e-07 1.690806e-07 -5.004000e-09 -1.610005e-09 5.711420e-12 6.364315e-12
5.493740865404142,5.493740865404142,False,7.068161835840976,88366,-9.936375737077217e-09,0.27851737898676093,0.29195980689663914,0.075,10,1172.4829101577445,0.2,-0.07501786139516753,literal,2,29,2.320087125153663,-0.3986041307698433,0.06137975124290477,2.324534e+00 -4.022751e-01 2.788324e-02 -7.516096e-04 2.722423e-04 -3.368755e-05 -9.713041e-06 7.627675e-07 1.690806e-07 -5.004000e-09 -1.610005e-09 5.711420e-12 6.364315e-12
6.2578442199700115,6.2578442199700115,False,7.143667747388903,88928,-7.557413910330461e-09,0.27937670248928914,0.29195980689663914,0.075,10,3.0281066894546185,0.001363961116288337,0.001363961116288337,fg,0,29,2.3168627422526824,-0.398328408506596,0.06462470193029904,2.324534e+00 -4.022751e-01 2.788324e-02 -7.516096e-04 2.722423e-04 -3.368755e-05 -9.713041e-06 7.627675e-07 1.690806e-07 -5.004000e-09 -1.610005e-09 5.711420e-12 6.364315e-12
10.460855357708294,10.460855357708294,False,8.599428484673428,97194,-6.366118550833631e-12,0.2888456456363085,0.29195980689663914,0.075,11,122.13363647520025,0.007859014053252622,0.007859014053252622,fg,1,29,2.3235632305625686,-0.40386318038869107,0.05786013587577205,2.324534e+00 -4.022751e-01 2.788324e-02 -7.516096e-04 2.722423e-04 -3.368755e-05 -9.713041e-06 7.627675e-07 1.690806e-07 -5.004000e-09 -1.610005e-09 5.711420e-12 6.364315e-12
6.031519994913222,6.031519994913222,False,7.068161835840976,88366,-9.936375737077217e-09,0.27851737898676093,0.29195980689663914,0.075,10,1172.4829101577445,-0.07501786139516753,-0.07501786139516753,fg,2,29,2.317078264634512,-0.39817727051487034,0.0642329532026134,2.324534e+00 -4.022751e-01 2.788324e-02 -7.516096e-04 2.722423e-04 -3.368755e-05 -9.713041e-06 7.627675e-07 1.690806e-07 -5.004000e-09 -1.610005e-09 5.711420e-12 6.364315e-12
4.745587585945419,4.745587585945419,False,7.718850783974747,92788,1.8949961020791163e-10,0.2832869620687203,0.2913003965851508,0.075,10,3.0281066894546185,1.0,0.001363961116288337,literal,0,30,2.3179211930462893,-0.4036042393500491,0.051911573733980726,2.325231e+00 -4.117967e-01 2.492084e-02 3.281439e-04 2.330442e-04 -7.484153e-05 -1.891759e-06 1.666327e-06 -3.753576e-08 -1.569637e-08 6.067966e-10 5.444729e-11 -2.340867e-12
8.724247387782807,8.724247387782807,False,inf,100000,-1.118043179110515e-11,0.2912991938839245,0.2913003965851508,0.075,10,122.13363647520025,0.3333333333333333,0.0,literal,1,30,2.3279568693359436,-0.4107582296131793,0.04601342931441719,2.325231e+00 -4.117967e-01 2.492084e-02 3.281439e-04 2.330442e-04 -7.484153e-05 -1.891759e-06 1.666327e-06 -3.753576e-08 -1.569637e-08 6.067966e-10 5.444729e-11 -2.340867e-12
7.81374451633093,7.81374451633093,False,7.637265401625537,92286,-2.476513865051225e-10,0.2824161894497771,0.2913003965851508,0.075,10,1172.4829101577445,0.2,-0.07501786139516753,literal,2,30,2.3272681676893594,-0.4083064149846151,0.04582354266279736,2.325231e+00 -4.117967e-01 2.492084e-02 3.281439e-04 2.330442e-04 -7.484153e-05 -1.891759e-06 1.666327e-06 -3.753576e-08 -1.569637e-08 6.067966e-10 5.444729e-11 -2.340867e-12
8.895410496247193,8.895410496247193,False,7.718850783974747,92788,1.8949961020791163e-10,0.2832869620687203,0.2913003965851508,0.075,10,3.0281066894546185,0.001363961116288337,0.001363961116288337,fg,0,30,2.3294016088470326,-0.41051603807082404,0.046660407000717004,2.325231e+00 -4.117967e-01 2.492084e-02 3.281439e-04 2.330442e-04 -7.484153e-05 -1.891759e-06 1.666327e-06 -3.753576e-08 -1.569637e-08 6.067966e-10 5.444729e-11 -2.340867e-12
10.301636489501552,10.301636489501552,False,9.306770211202862,99296,-7.618081758124912e-12,0.2906733316731298,0.2913003965851508,0.075,11,122.13363647520025,0.007859014053252622,0.007859014053252622,fg,1,30,2.327078300584191,-0.4085774610365799,0.04959405111577863,2.325231e+00 -4.117967e-01 2.492084e-02 3.281439e-04 2.330442e-04 -7.484153e-05 -1.891759e-06 1.666327e-06 -3.753576e-08 -1.569637e-08 6.067966e-10 5.444729e-11 -2.340867e-12
8.578627467156037,8.578627467156037,False,7.637265401625537,92286,-2.476513865051225e-10,0.2824161894497771,0.2913003965851508,0.075,10,1172.4829101577445,-0.07501786139516753,-0.07501786139516753,fg,2,30,2.3282153238971386,-0.4102482255814046,0.04559641792013896,2.325231e+00 -4.117967e-01 2.492084e-02 3.281439e-04 2.330442e-04 -7.484153e-05 -1.891759e-06 1.666327e-06 -3.753576e-08 -1.569637e-08 6.067966e-10 5.444729e-11 -2.340867e-12
3.522166447696752,3.522166447696752,False,6.800957970908516,86286,4.291869615454454e-09,0.2774728627626671,0.2940188016717114,0.075,10,3.0281066894546185,1.0,0.001363961116288337,literal,0,31,2.3065905613985414,-0.4066752421132256,0.059141275957761794,2.288931e+00 -4.079938e-01 3.159544e-02 -1.077983e-03 1.652711e-04 -7.733988e-06 -1.048566e-05 3.089913e-07 2.463009e-07 -2.574603e-09 -2.667601e-09 5.770583e-12 1.069076e-11
6.795926155023911,6.795926155023911,False,inf,100000,1.54706365069399e-10,0.2940172117210253,0.2940188016717114,0.075,10,122.13363647520025,0.3333333333333333,0.0,literal,1,31,2.296684157500654,-0.4070592916442453,0.06378581758658358,2.288931e+00 -4.079938e-01 3.159544e-02 -1.077983e-03 1.652711e-04 -7.733988e-06 -1.048566e-05 3.089913e-07 2.463009e-07 -2.574603e-09 -2.667601e-09 5.770583e-12 1.069076e-11
6.0241016922354556,6.0241016922354556,False,6.729074374253242,85702,3.76314907510408e-09,0.2766978235054343,0.2940188016717114,0.075,10,1172.4829101577445,0.2,-0.07501786139516753,literal,2,31,2.2987698935846965,-0.40653736210357877,0.06376489215701824,2.288931e+00 -4.079938e-01 3.159544e-02 -1.077983e-03 1.652711e-04 -7.733988e-06 -1.048566e-05 3.089913e-07 2.463009e-07 -2.574603e-09 -2.667601e-09 5.770583e-12 1.069076e-11
6.602157440137009,6.602157440137009,False,6.800957970908516,86286,4.291869615454454e-09,0.2774728627626671,0.2940188016717114,0.075,10,3.0281066894546185,0.001363961116288337,0.001363961116288337,fg,0,31,2.2983227348893474,-0.4073029246848093,0.06360390784695374,2.288931e+00 -4.079938e-01 3.159544e-02 -1.077983e-03 1.652711e-04 -7.733988e-06 -1.048566e-05 3.089913e-07 2.463009e-07 -2.574603e-09 -2.667601e-09 5.770583e-12 1.069076e-11
7.174785070972627,7.174785070972627,False,8.222772186792831,95542,4.872508716937189e-10,0.28972148319319907,0.2940188016717114,0.075,11,122.13363647520025,0.007859014053252622,0.007859014053252622,fg,1,31,2.2972141782388835,-0.4064033907613125,0.06312126312981214,2.288931e+00 -4.079938e-01 3.159544e-02 -1.077983e-03 1.652711e-04 -7.733988e-06 -1.048566e-05 3.089913e-07 2.463009e-07 -2.574603e-09 -2.667601e-09 5.770583e-12 1.069076e-11
6.613797537652118,6.613797537652118,False,6.729074374253242,85702,3.76314907510408e-09,0.2766978235054343,0.2940188016717114,0.075,10,1172.4829101577445,-0.07501786139516753,-0.07501786139516753,fg,2,31,2.2979132780035667,-0.4073539069133895,0.06384410314844266,2.288931e+00 -4.079938e-01 3.159544e-02 -1.077983e-03 1.652711e-04 -7.733988e-06 -1.048566e-05 3.089913e-07 2.463009e-07 -2.574603e-09 -2.667601e-09 5.770583e-12 1.069076e-11
4.580538443484268,4.580538443484268,False,8.961227635742656,98438,2.796003670762083e-10,0.29325318795701805,0.2943966074124576,0.075,10,3.0281066894546185,1.0,0.001363961116288337,literal,0,32,2.297234181444075,-0.3955666940591715,0.07631641349729379,2.297922e+00 -3.981161e-01 3.091643e-02 -1.696086e-03 -8.033419e-05 2.340613e-05 3.001322e-06 -3.860479e-07 -4.057684e-08 3.182377e-09 2.111404e-10 -7.191527e-12 -5.765860e-13
7.450746864421196,7.450746864421196,False,inf,100000,5.892461770794337e-11,0.29439080829052255,0.2943966074124576,0.075,10,122.13363647520025,0.3333333333333333,0.0,literal,1,32,2.2949722927757628,-0.39848582569690016,0.06441534678680212,2.297922e+00 -3.981161e-01 3.091643e-02 -1.696086e-03 -8.033419e-05 2.340613e-05 3.001322e-06 -3.860479e-07 -4.057684e-08 3.182377e-09 2.111404e-10 -7.191527e-12 -5.765860e-13
7.145177351145634,7.145177351145634,False,8.866510792077504,98146,6.4537852014496e-10,0.2931345418069894,0.2943966074124576,0.075,10,1172.4829101577445,0.2,-0.07501786139516753,literal,2,32,2.2963997505661626,-0.39891219093730573,0.0646796943402118,2.297922e+00 -3.981161e-01 3.091643e-02 -1.696086e-03 -8.033419e-05 2.340613e-05 3.001322e-06 -3.860479e-07 -4.057684e-08 3.182377e-09 2.111404e-10 -7.191527e-12 -5.765860e-13
8.58603260622706,8.58603260622706,False,8.961227635742656,98438,2.796003670762083e-10,0.29325318795701805,0.2943966074124576,0.075,10,3.0281066894546185,0.001363961116288337,0.001363961116288337,fg,0,32,2.298961507040598,-0.39763539722512187,0.06369045657184644,2.297922e+00 -3.981161e-01 3.091643e-02 -1.696086e-03 -8.033419e-05 2.340613e-05 3.001322e-06 -3.860479e-07 -4.057684e-08 3.182377e-09 2.111404e-10 -7.191527e-12 -5.765860e-13
10.359109196311183,10.359109196311183,False,10.574852862911804,100000,-7.19152654019524e-12,0.29439367543053135,0.2943966074124576,0.075,11,122.13363647520025,0.007859014053252622,0.007859014053252622,fg,1,32,2.296789823775016,-0.39916827513962433,0.0607223817263479,2.297922e+00 -3.981161e-01 3.091643e-02 -1.696086e-03 -8.033419e-05 2.340613e-05 3.001322e-06 -3.860479e-07 -4.057684e-08 3.182377e-09 2.111404e-10 -7.191527e-12 -5.765860e-13
7.84461464719371,7.84461464719371,False,8.866510792077504,98146,6.4537852014496e-10,0.2931345418069894,0.2943966074124576,0.075,10,1172.4829101577445,-0.07501786139516753,-0.07501786139516753,fg,2,32,2.2966047544867476,-0.39695057040165477,0.06438013574598048,2.297922e+00 -3.981161e-01 3.091643e-02 -1.696086e-03 -8.033419e-05 2.340613e-05 3.001322e-06 -3.860479e-07 -4.057684e-08 3.182377e-09 2.111404e-10 -7.191527e-12 -5.765860e-13
3.785616639489224,3.785616639489224,False,7.252995135442494,89718,-2.0072308406124047e-09,0.2760476142675487,0.2902625134422805,0.075,10,3.0281066894546185,1.0,0.001363961116288337,literal,0,33,2.3128787812502347,-0.40882169708945226,0.05457130206719527,2.317017e+00 -4.126373e-01 2.762740e-02 -5.606033e-04 2.805704e-04 -1.566094e-05 -1.099877e-05 3.410422e-07 1.976622e-07 -3.626539e-09 -1.698186e-09 1.701069e-11 5.500204e-12
6.497885193339077,6.497885193339077,False,inf,100000,-2.4616062266210516e-10,0.2902582617121208,0.2902625134422805,0.075,10,122.13363647520025,0.3333333333333333,0.0,literal,1,33,2.311809017381068,-0.4082498549736668,0.062255940400643424,2.317017e+00 -4.126373e-01 2.762740e-02 -5.606033e-04 2.805704e-04 -1.566094e-05 -1.099877e-05 3.410422e-07 1.976622e-07 -3.626539e-09 -1.698186e-09 1.701069e-11 5.500204e-12
6.133944058585051,6.133944058585051,False,7.176333674058817,89166,-3.1046044534535365e-09,0.27524110527108886,0.2902625134422805,0.075,10,1172.4829101577445,0.2,-0.07501786139516753,literal,2,33,2.311881055278513,-0.4080338307935707,0.061209305436299155,2.317017e+00 -4.126373e-01 2.762740e-02 -5.606033e-04 2.805704e-04 -1.566094e-05 -1.099877e-05 3.410422e-07 1.976622e-07 -3.626539e-09 -1.698186e-09 1.701069e-11 5.500204e-12
7.095984086230238,7.095984086230238,False,7.252995135442494,89718,-2.0072308406124047e-09,0.2760476142675487,0.2902625134422805,0.075,10,3.0281066894546185,0.001363961116288337,0.001363961116288337,fg,0,33,2.312151906675652,-0.40828784180139316,0.06157379532751404,2.317017e+00 -4.126373e-01 2.762740e-02 -5.606033e-04 2.805704e-04 -1.566094e-05 -1.099877e-05 3.410422e-07 1.976622e-07 -3.626539e-09 -1.698186e-09 1.701069e-11 5.500204e-12
8.489122527226252,8.489122527226252,False,8.70582389448804,97596,7.011276995348875e-11,0.28728274574188856,0.2902625134422805,0.075,11,122.13363647520025,0.007859014053252622,0.007859014053252622,fg,1,33,2.314637576636003,-0.41205446241635135,0.05931187266926259,2.317017e+00 -4.126373e-01 2.762740e-02 -5.606033e-04 2.805704e-04 -1.566094e-05 -1.099877e-05 3.410422e-07 1.976622e-07 -3.626539e-09 -1.698186e-09 1.701069e-11 5.500204e-12
6.734392309986257,6.734392309986257,False,7.176333674058817,89166,-3.1046044534535365e-09,0.27524110527108886,0.2902625134422805,0.075,10,1172.4829101577445,-0.07501786139516753,-0.07501786139516753,fg,2,33,2.3096420159609754,-0.40912942411227704,0.06370363617881201,2.317017e+00 -4.126373e-01 2.762740e-02 -5.606033e-04 2.805704e-04 -1.566094e-05 -1.099877e-05 3.410422e-07 1.976622e-07 -3.626539e-09 -1.698186e-09 1.701069e-11 5.500204e-12
3.4555863346945377,3.4555863346945377,False,6.97743453205726,87676,-5.199762450049996e-09,0.2727996439243374,0.28965950814296904,0.075,10,3.0281066894546185,1.0,0.001363961116288337,literal,0,34,2.32271183002433,-0.41409584712280556,0.042115062237163256,2.328084e+00 -4.027147e-01 2.696057e-02 -1.091516e-03 2.781470e-04 2.598193e-06 -1.081641e-05 -2.157221e-07 2.183774e-07 4.345279e-09 -2.185784e-09 -2.088194e-11 8.143147e-12
7.801980123523782,7.801980123523782,False,inf,100000,-3.603493224496233e-11,0.28965682535923354,0.28965950814296904,0.075,10,122.13363647520025,0.3333333333333333,0.0,literal,1,34,2.3190588124064315,-0.4030826793149168,0.057334735584793704,2.328084e+00 -4.027147e-01 2.696057e-02 -1.091516e-03 2.781470e-04 2.598193e-06 -1.081641e-05 -2.157221e-07 2.183774e-07 4.345279e-09 -2.185784e-09 -2.088194e-11 8.143147e-12
5.736610022425963,5.736610022425963,False,6.903685643777632,87104,-6.235503206721075e-09,0.27206307325611245,0.28965950814296904,0.075,10,1172.4829101577445,0.2,-0.07501786139516753,literal,2,34,2.3197725296405896,-0.40631911970581236,0.05609620423000542,2.328084e+00 -4.027147e-01 2.696057e-02 -1.091516e-03 2.781470e-04 2.598193e-06 -1.081641e-05 -2.157221e-07 2.183774e-07 4.345279e-09 -2.185784e-09 -2.088194e-11 8.143147e-12
6.477355732168272,6.477355732168272,False,6.97743453205726,87676,-5.199762450049996e-09,0.2727996439243374,0.28965950814296904,0.075,10,3.0281066894546185,0.001363961116288337,0.001363961116288337,fg,0,34,2.3179689188675567,-0.4027582045331618,0.05698043171592644,2.328084e+00 -4.027147e-01 2.696057e-02 -1.091516e-03 2.781470e-04 2.598193e-06 -1.081641e-05 -2.157221e-07 2.183774e-07 4.345279e-09 -2.185784e-09 -2.088194e-11 8.143147e-12
8.813109914998284,8.813109914998284,False,8.413420655373677,96424,4.551776456607824e-11,0.28655235919108263,0.28965950814296904,0.075,11,122.13363647520025,0.007859014053252622,0.007859014053252622,fg,1,34,2.3215181493886337,-0.4013646537626064,0.05654665574338978,2.328084e+00 -4.027147e-01 2.696057e-02 -1.091516e-03 2.781470e-04 2.598193e-06 -1.081641e-05 -2.157221e-07 2.183774e-07 4.345279e-09 -2.185784e-09 -2.088194e-11 8.143147e-12
6.298163473849331,6.298163473849331,False,6.903685643777632,87104,-6.235503206721075e-09,0.27206307325611245,0.28965950814296904,0.075,10,1172.4829101577445,-0.07501786139516753,-0.07501786139516753,fg,2,34,2.3179564867735905,-0.4037020471405306,0.05772206061851131,2.328084e+00 -4.027147e-01 2.696057e-02 -1.091516e-03 2.781470e-04 2.598193e-06 -1.081641e-05 -2.157221e-07 2.183774e-07 4.345279e-09 -2.185784e-09 -2.088194e-11 8.143147e-12
3.055710939557953,3.055710939557953,False,6.445298185304064,83292,-1.8833073121143927e-08,0.2704706347708917,0.2935413429019618,0.075,10,3.0281066894546185,1.0,0.001363961116288337,literal,0,35,2.3130541121351538,-0.40897585424475025,0.04358014116253413,2.307268e+00 -4.130746e-01 3.370232e-02 2.532051e-04 -4.834974e-04 -7.605644e-05 2.439720e-05 1.757711e-06 -5.359140e-07 -1.691370e-08 5.232442e-09 6.001047e-11 -1.888628e-11
6.500373941409316,6.500373941409316,False,inf,100000,2.4656085332099986e-10,0.29355407842773645,0.2935413429019618,0.075,10,122.13363647520025,0.3333333333333333,0.0,literal,1,35,2.312986993387642,-0.41306728252428004,0.0496148140155492,2.307268e+00 -4.130746e-01 3.370232e-02 2.532051e-04 -4.834974e-04 -7.605644e-05 2.439720e-05 1.757711e-06 -5.359140e-07 -1.691370e-08 5.232442e-09 6.001047e-11 -1.888628e-11
4.983051602465535,4.983051602465535,False,6.377173780322118,82690,-2.7234568937780868e-08,0.2696551998257136,0.2935413429019618,0.075,10,1172.4829101577445,0.2,-0.07501786139516753,literal,2,35,2.3126039072789326,-0.4092786466263915,0.04270092753749473,2.307268e+00 -4.130746e-01 3.370232e-02 2.532051e-04 -4.834974e-04 -7.605644e-05 2.439720e-05 1.757711e-06 -5.359140e-07 -1.691370e-08 5.232442e-09 6.001047e-11 -1.888628e-11
5.727805603197187,5.727805603197187,False,6.445298185304064,83292,-1.8833073121143927e-08,0.2704706347708917,0.2935413429019618,0.075,10,3.0281066894546185,0.001363961116288337,0.001363961116288337,fg,0,35,2.3132084561176085,-0.4114090145790291,0.04453021622654642,2.307268e+00 -4.130746e-01 3.370232e-02 2.532051e-04 -4.834974e-04 -7.605644e-05 2.439720e-05 1.757711e-06 -5.359140e-07 -1.691370e-08 5.232442e-09 6.001047e-11 -1.888628e-11
6.624291931129431,6.624291931129431,False,7.824017952716604,93412,-1.2133670335675315e-09,0.28645927538958893,0.2935413429019618,0.075,11,122.13363647520025,0.007859014053252622,0.007859014053252622,fg,1,35,2.313982379997184,-0.4126816548643049,0.049819389455587684,2.307268e+00 -4.130746e-01 3.370232e-02 2.532051e-04 -4.834974e-04 -7.605644e-05 2.439720e-05 1.757711e-06 -5.359140e-07 -1.691370e-08 5.232442e-09 6.001047e-11 -1.888628e-11
5.47083965412778,5.47083965412778,False,6.377173780322118,82690,-2.7234568937780868e-08,0.2696551998257136,0.2935413429019618,0.075,10,1172.4829101577445,-0.07501786139516753,-0.07501786139516753,fg,2,35,2.31278861969918,-0.41144824011725795,0.04424310251675354,2.307268e+00 -4.130746e-01 3.370232e-02 2.532051e-04 -4.834974e-04 -7.605644e-05 2.439720e-05 1.757711e-06 -5.359140e-07 -1.691370e-08 5.232442e-09 6.001047e-11 -1.888628e-11
3.1451744915815016,3.1451744915815016,False,6.368791573917782,82616,-1.3763395149034576e-08,0.26479567252898356,0.29031014817309664,0.075,10,3.0281066894546185,1.0,0.001363961116288337,literal,0,36,2.3034981357833977,-0.3998774735141455,0.05572143742270036,2.307630e+00 -3.991440e-01 3.220656e-02 -1.308250e-03 -4.788212e-04 -7.087290e-06 2.616959e-05 4.217559e-07 -5.857569e-07 -5.238099e-09 5.811219e-09 2.181147e-11 -2.133687e-11
6.700300619074465,6.700300619074465,False,inf,100000,1.7839494597659075e-10,0.290321945607054,0.29031014817309664,0.075,10,122.13363647520025,0.3333333333333333,0.0,literal,1,36,2.3082317837158683,-0.40281661269664126,0.05752793925934285,2.307630e+00 -3.991440e-01 3.220656e-02 -1.308250e-03 -4.788212e-04 -7.087290e-06 2.616959e-05 4.217559e-07 -5.857569e-07 -5.238099e-09 5.811219e-09 2.181147e-11 -2.133687e-11
7.143044150365296,7.143044150365296,False,6.301475815367394,82010,-6.143726336187294e-10,0.2639845197319421,0.29031014817309664,0.075,10,1172.4829101577445,0.2,-0.07501786139516753,literal,2,36,2.3090500175830937,-0.40125990302422054,0.05575444778231586,2.307630e+00 -3.991440e-01 3.220656e-02 -1.308250e-03 -4.788212e-04 -7.087290e-06 2.616959e-05 4.217559e-07 -5.857569e-07 -5.238099e-09 5.811219e-09 2.181147e-11 -2.133687e-11
5.895501384865768,5.895501384865768,False,6.368791573917782,82616,-1.3763395149034576e-08,0.26479567252898356,0.29031014817309664,0.075,10,3.0281066894546185,0.001363961116288337,0.001363961116288337,fg,0,36,2.3077704959279304,-0.4036991873623388,0.058923260267449894,2.307630e+00 -3.991440e-01 3.220656e-02 -1.308250e-03 -4.788212e-04 -7.087290e-06 2.616959e-05 4.217559e-07 -5.857569e-07 -5.238099e-09 5.811219e-09 2.181147e-11 -2.133687e-11
6.768000887072036,6.768000887072036,False,7.738839070022525,92908,-9.38589554621128e-10,0.2808093991367719,0.29031014817309664,0.075,11,122.13363647520025,0.007859014053252622,0.007859014053252622,fg,1,36,2.3076346139338186,-0.4025739956085663,0.05738857229362616,2.307630e+00 -3.991440e-01 3.220656e-02 -1.308250e-03 -4.788212e-04 -7.087290e-06 2.616959e-05 4.217559e-07 -5.857569e-07 -5.238099e-09 5.811219e-09 2.181147e-11 -2.133687e-11
7.84227262861748,7.84227262861748,False,6.301475815367394,82010,-6.143726336187294e-10,0.2639845197319421,0.29031014817309664,0.075,10,1172.4829101577445,-0.07501786139516753,-0.07501786139516753,fg,2,36,2.3094259433458237,-0.3986206222629147,0.055731958103497195,2.307630e+00 -3.991440e-01 3.220656e-02 -1.308250e-03 -4.788212e-04 -7.087290e-06 2.616959e-05 4.217559e-07 -5.857569e-07 -5.238099e-09 5.811219e-09 2.181147e-11 -2.133687e-11
3.3682483795897653,3.3682483795897653,False,6.393014788601331,82830,6.729660178522019e-09,0.266927092304562,0.2890361594837759,0.075,10,3.0281066894546185,1.0,0.001363961116288337,literal,0,37,2.3420505043779065,-0.39510139407958866,0.05128859009239732,2.318270e+00 -4.054450e-01 3.443839e-02 -5.668314e-04 -4.582104e-04 -4.109085e-05 2.233050e-05 1.171862e-06 -5.127528e-07 -1.297861e-08 5.318776e-09 5.174384e-11 -2.033114e-11
7.582976287200767,7.582976287200767,False,inf,100000,-4.8540258318993015e-11,0.2890497103256603,0.2890361594837759,0.075,10,122.13363647520025,0.3333333333333333,0.0,literal,1,37,2.3224387363198873,-0.400050381607744,0.06461700056944411,2.318270e+00 -4.054450e-01 3.443839e-02 -5.668314e-04 -4.582104e-04 -4.109085e-05 2.233050e-05 1.171862e-06 -5.127528e-07 -1.297861e-08 5.318776e-09 5.174384e-11 -2.033114e-11
5.325079590166204,5.325079590166204,False,6.325442999679715,82228,1.3469728020477101e-08,0.26590746709588814,0.2890361594837759,0.075,10,1172.4829101577445,0.2,-0.07501786139516753,literal,2,37,2.332826515222297,-0.3977001810294561,0.06521720906880425,2.318270e+00 -4.054450e-01 3.443839e-02 -5.668314e-04 -4.582104e-04 -4.109085e-05 2.233050e-05 1.171862e-06 -5.127528e-07 -1.297861e-08 5.318776e-09 5.174384e-11 -2.033114e-11
6.3136442952830585,6.3136442952830585,False,6.393014788601331,82830,6.729660178522019e-09,0.266927092304562,0.2890361594837759,0.075,10,3.0281066894546185,0.001363961116288337,0.001363961116288337,fg,0,37,2.324977273640169,-0.39901912233323683,0.06617373358895573,2.318270e+00 -4.054450e-01 3.443839e-02 -5.668314e-04 -4.582104e-04 -4.109085e-05 2.233050e-05 1.171862e-06 -5.127528e-07 -1.297861e-08 5.318776e-09 5.174384e-11 -2.033114e-11
6.95286319674169,6.95286319674169,False,7.769243675861346,93090,-6.883212573508452e-10,0.2806841903103185,0.2890361594837759,0.075,11,122.13363647520025,0.007859014053252622,0.007859014053252622,fg,1,37,2.3230634341067526,-0.39961268835555847,0.06575534257531325,2.318270e+00 -4.054450e-01 3.443839e-02 -5.668314e-04 -4.582104e-04 -4.109085e-05 2.233050e-05 1.171862e-06 -5.127528e-07 -1.297861e-08 5.318776e-09 5.174384e-11 -2.033114e-11
5.8463485645730415,5.8463485645730415,False,6.325442999679715,82228,1.3469728020477101e-08,0.26590746709588814,0.2890361594837759,0.075,10,1172.4829101577445,-0.07501786139516753,-0.07501786139516753,fg,2,37,2.3279176586107213,-0.39959026369335277,0.06504514580923934,2.318270e+00 -4.054450e-01 3.443839e-02 -5.668314e-04 -4.582104e-04 -4.109085e-05 2.233050e-05 1.171862e-06 -5.127528e-07 -1.297861e-08 5.318776e-09 5.174384e-11 -2.033114e-11
3.4245225382152302,3.4245225382152302,False,7.584490720910011,91952,-5.819573170138989e-09,0.2826851259629543,0.29167112696888964,0.075,10,3.0281066894546185,1.0,0.001363961116288337,literal,0,38,2.311986212297863,-0.400238165137825,0.06040930615186931,2.298767e+00 -3.946480e-01 3.045621e-02 -2.020816e-03 1.322246e-04 2.794223e-05 -6.505503e-06 -3.611869e-07 1.223042e-07 2.698949e-09 -1.072819e-09 -7.189485e-12 3.458263e-12
6.772179065758751,6.772179065758751,False,inf,100000,-1.598552339113014e-10,0.2916658138040192,0.29167112696888964,0.075,10,122.13363647520025,0.3333333333333333,0.0,literal,1,38,2.31308612870779,-0.39422433739810303,0.06191923695124562,2.298767e+00 -3.946480e-01 3.045621e-02 -2.020816e-03 1.322246e-04 2.794223e-05 -6.505503e-06 -3.611869e-07 1.223042e-07 2.698949e-09 -1.072819e-09 -7.189485e-12 3.458263e-12
5.969412770220189,5.969412770220189,False,7.5043254744624255,91434,-4.180462767090516e-09,0.2819533429954442,0.29167112696888964,0.075,10,1172.4829101577445,0.2,-0.07501786139516753,literal,2,38,2.309148324238958,-0.39533394167367764,0.0628928705963737,2.298767e+00 -3.946480e-01 3.045621e-02 -2.020816e-03 1.322246e-04 2.794223e-05 -6.505503e-06 -3.611869e-07 1.223042e-07 2.698949e-09 -1.072819e-09 -7.189485e-12 3.458263e-12
6.419127911850787,6.419127911850787,False,7.584490720910011,91952,-5.819573170138989e-09,0.2826851259629543,0.29167112696888964,0.075,10,3.0281066894546185,0.001363961116288337,0.001363961116288337,fg,0,38,2.310732276670463,-0.3952644953219947,0.06202554786869452,2.298767e+00 -3.946480e-01 3.045621e-02 -2.020816e-03 1.322246e-04 2.794223e-05 -6.505503e-06 -3.611869e-07 1.223042e-07 2.698949e-09 -1.072819e-09 -7.189485e-12 3.458263e-12
8.010700208923426,8.010700208923426,False,9.066943516120611,98734,-1.3743058362538527e-10,0.2907091138378575,0.29167112696888964,0.075,11,122.13363647520025,0.007859014053252622,0.007859014053252622,fg,1,38,2.304594779537792,-0.3938288150155314,0.06426755349296628,2.298767e+00 -3.946480e-01 3.045621e-02 -2.020816e-03 1.322246e-04 2.794223e-05 -6.505503e-06 -3.611869e-07 1.223042e-07 2.698949e-09 -1.072819e-09 -7.189485e-12 3.458263e-12
6.553755148555729,6.553755148555729,False,7.5043254744624255,91434,-4.180462767090516e-09,0.2819533429954442,0.29167112696888964,0.075,10,1172.4829101577445,-0.07501786139516753,-0.07501786139516753,fg,2,38,2.310903566998648,-0.39466474617932473,0.06197237211322607,2.298767e+00 -3.946480e-01 3.045621e-02 -2.020816e-03 1.322246e-04 2.794223e-05 -6.505503e-06 -3.611869e-07 1.223042e-07 2.698949e-09 -1.072819e-09 -7.189485e-12 3.458263e-12
3.077235765289731,3.077235765289731,False,6.31722201262778,82154,-1.7446935478042866e-08,0.26898904668544443,0.293145617338949,0.075,10,3.0281066894546185,1.0,0.001363961116288337,literal,0,39,2.3296459257809583,-0.39951916226517875,0.016511519305050806,2.331453e+00 -3.966712e-01 2.605011e-02 -2.355273e-03 4.538395e-04 7.165313e-05 -2.301899e-05 -1.746665e-06 5.408934e-07 1.992362e-08 -5.830882e-09 -8.198880e-11 2.307221e-11
6.467049100641593,6.467049100641593,False,inf,100000,2.6006229863748964e-10,0.2931695324518445,0.293145617338949,0.075,10,122.13363647520025,0.3333333333333333,0.0,literal,1,39,2.335715099352979,-0.40616681685476497,0.05040742230719567,2.331453e+00 -3.966712e-01 2.605011e-02 -2.355273e-03 4.538395e-04 7.165313e-05 -2.301899e-05 -1.746665e-06 5.408934e-07 1.992362e-08 -5.830882e-09 -8.198880e-11 2.307221e-11
5.205702218219755,5.205702218219755,False,6.2504513251628655,81548,-1.716214740747406e-08,0.2681474799140806,0.293145617338949,0.075,10,1172.4829101577445,0.2,-0.07501786139516753,literal,2,39,2.3356769700703697,-0.40375407766281945,0.04115700382294306,2.331453e+00 -3.966712e-01 2.605011e-02 -2.355273e-03 4.538395e-04 7.165313e-05 -2.301899e-05 -1.746665e-06 5.408934e-07 1.992362e-08 -5.830882e-09 -8.198880e-11 2.307221e-11
5.768153011663825,5.768153011663825,False,6.31722201262778,82154,-1.7446935478042866e-08,0.26898904668544443,0.293145617338949,0.075,10,3.0281066894546185,0.001363961116288337,0.001363961116288337,fg,0,39,2.3356366708645417,-0.4062922545116882,0.04515611403056195,2.331453e+00 -3.966712e-01 2.605011e-02 -2.355273e-03 4.538395e-04 7.165313e-05 -2.301899e-05 -1.746665e-06 5.408934e-07 1.992362e-08 -5.830882e-09 -8.198880e-11 2.307221e-11
7.4589840750796315,7.4589840750796315,False,7.688236617699551,92602,3.093041950601124e-10,0.28528248314534294,0.293145617338949,0.075,11,122.13363647520025,0.007859014053252622,0.007859014053252622,fg,1,39,2.331829148924767,-0.4048403936094349,0.054545874069492566,2.331453e+00 -3.966712e-01 2.605011e-02 -2.355273e-03 4.538395e-04 7.165313e-05 -2.301899e-05 -1.746665e-06 5.408934e-07 1.992362e-08 -5.830882e-09 -8.198880e-11 2.307221e-11
5.715285410435313,5.715285410435313,False,6.2504513251628655,81548,-1.716214740747406e-08,0.2681474799140806,0.293145617338949,0.075,10,1172.4829101577445,-0.07501786139516753,-0.07501786139516753,fg,2,39,2.335088178281299,-0.40595936706159635,0.044965878633098054,2.331453e+00 -3.966712e-01 2.605011e-02 -2.355273e-03 4.538395e-04 7.165313e-05 -2.301899e-05 -1.746665e-06 5.408934e-07 1.992362e-08 -5.830882e-09 -8.198880e-11 2.307221e-11
3.492012508485779,3.492012508485779,False,6.746140982928388,85842,-4.6523490014407316e-09,0.27218003383792,0.29106302099140985,0.075,10,3.0281066894546185,1.0,0.001363961116288337,literal,0,40,2.335820633294015,-0.4127242579788757,0.02750488541638214,2.330692e+00 -4.192978e-01 2.762401e-02 5.748421e-05 3.331380e-04 -3.474771e-05 -1.602552e-05 5.353589e-07 3.358591e-07 -3.752502e-09 -3.255084e-09 1.247632e-11 1.169839e-11
6.744257721413153,6.744257721413153,False,inf,100000,-1.6676968932510522e-10,0.2910625098210641,0.29106302099140985,0.075,10,122.13363647520025,0.3333333333333333,0.0,literal,1,40,2.336670579405028,-0.4134994387498671,0.05460811245114067,2.330692e+00 -4.192978e-01 2.762401e-02 5.748421e-05 3.331380e-04 -3.474771e-05 -1.602552e-05 5.353589e-07 3.358591e-07 -3.752502e-09 -3.255084e-09 1.247632e-11 1.169839e-11
5.647476263602866,5.647476263602866,False,6.674836781451069,85254,7.3383639245279825e-09,0.2712101270148977,0.29106302099140985,0.075,10,1172.4829101577445,0.2,-0.07501786139516753,literal,2,40,2.340241533553958,-0.41211336335509136,0.04869773542710786,2.330692e+00 -4.192978e-01 2.762401e-02 5.748421e-05 3.331380e-04 -3.474771e-05 -1.602552e-05 5.353589e-07 3.358591e-07 -3.752502e-09 -3.255084e-09 1.247632e-11 1.169839e-11
6.545635110182571,6.545635110182571,False,6.746140982928388,85842,-4.6523490014407316e-09,0.27218003383792,0.29106302099140985,0.075,10,3.0281066894546185,0.001363961116288337,0.001363961116288337,fg,0,40,2.3367708291901885,-0.41233220688381217,0.05317943855985079,2.330692e+00 -4.192978e-01 2.762401e-02 5.748421e-05 3.331380e-04 -3.474771e-05 -1.602552e-05 5.353589e-07 3.358591e-07 -3.752502e-09 -3.255084e-09 1.247632e-11 1.169839e-11
8.631303513452641,8.631303513452641,False,8.15492815723294,95208,5.7775962325402676e-11,0.2858394441822927,0.29106302099140985,0.075,11,122.13363647520025,0.007859014053252622,0.007859014053252622,fg,1,40,2.3322577705008602,-0.4173178103280626,0.05991550857673595,2.330692e+00 -4.192978e-01 2.762401e-02 5.748421e-05 3.331380e-04 -3.474771e-05 -1.602552e-05 5.353589e-07 3.358591e-07 -3.752502e-09 -3.255084e-09 1.247632e-11 1.169839e-11
6.200304462706524,6.200304462706524,False,6.674836781451069,85254,7.3383639245279825e-09,0.2712101270148977,0.29106302099140985,0.075,10,1172.4829101577445,-0.07501786139516753,-0.07501786139516753,fg,2,40,2.338239552748435,-0.4123240943804226,0.05241698073676482,2.330692e+00 -4.192978e-01 2.762401e-02 5.748421e-05 3.331380e-04 -3.474771e-05 -1.602552e-05 5.353589e-07 3.358591e-07 -3.752502e-09 -3.255084e-09 1.247632e-11 1.169839e-11
3.7865655910563136,3.7865655910563136,False,6.6601796239384194,85132,1.9741577206685794e-09,0.2684348793924706,0.29199662955423616,0.075,10,3.0281066894546185,1.0,0.001363961116288337,literal,0,41,2.3061822099826554,-0.39354764164765765,0.058023909052844214,2.306889e+00 -4.134269e-01 3.311091e-02 3.969563e-04 -4.302120e-04 -6.547242e-05 2.121660e-05 1.223109e-06 -4.423358e-07 -9.152290e-09 4.037385e-09 2.326833e-11 -1.349724e-11
6.106310893206316,6.106310893206316,False,inf,100000,4.741811333437298e-10,0.29199835689828235,0.29199662955423616,0.075,10,122.13363647520025,0.3333333333333333,0.0,literal,1,41,2.3111844218300255,-0.40060786911474405,0.05745107735831239,2.306889e+00 -4.134269e-01 3.311091e-02 3.969563e-04 -4.302120e-04 -6.547242e-05 2.121660e-05 1.223109e-06 -4.423358e-07 -9.152290e-09 4.037385e-09 2.326833e-11 -1.349724e-11
6.464960929238679,6.464960929238679,False,6.589784002058859,84538,1.7636730154182253e-09,0.26784580466770197,0.29199662955423616,0.075,10,1172.4829101577445,0.2,-0.07501786139516753,literal,2,41,2.3115379954828197,-0.40375992141219536,0.058458741405253825,2.306889e+00 -4.134269e-01 3.311091e-02 3.969563e-04 -4.302120e-04 -6.547242e-05 2.121660e-05 1.223109e-06 -4.423358e-07 -9.152290e-09 4.037385e-09 2.326833e-11 -1.349724e-11
7.09776285726279,7.09776285726279,False,6.6601796239384194,85132,1.9741577206685794e-09,0.2684348793924706,0.29199662955423616,0.075,10,3.0281066894546185,0.001363961116288337,0.001363961116288337,fg,0,41,2.311297592230305,-0.40664172633354534,0.060986178515191974,2.306889e+00 -4.134269e-01 3.311091e-02 3.969563e-04 -4.302120e-04 -6.547242e-05 2.121660e-05 1.223109e-06 -4.423358e-07 -9.152290e-09 4.037385e-09 2.326833e-11 -1.349724e-11
7.5076671076234955,7.5076671076234955,False,8.0550140979024,94694,-2.869317520145448e-10,0.28513021555413337,0.29199662955423616,0.075,11,122.13363647520025,0.007859014053252622,0.007859014053252622,fg,1,41,2.3107208230988716,-0.4070802495856372,0.0614915048224247,2.306889e+00 -4.134269e-01 3.311091e-02 3.969563e-04 -4.302120e-04 -6.547242e-05 2.121660e-05 1.223109e-06 -4.423358e-07 -9.152290e-09 4.037385e-09 2.326833e-11 -1.349724e-11
7.097812231477965,7.097812231477965,False,6.589784002058859,84538,1.7636730154182253e-09,0.26784580466770197,0.29199662955423616,0.075,10,1172.4829101577445,-0.07501786139516753,-0.07501786139516753,fg,2,41,2.311297570460488,-0.40664188095632026,0.06098621613165245,2.306889e+00 -4.134269e-01 3.311091e-02 3.969563e-04 -4.302120e-04 -6.547242e-05 2.121660e-05 1.223109e-06 -4.423358e-07 -9.152290e-09 4.037385e-09 2.326833e-11 -1.349724e-11
3.554835390961917,3.554835390961917,False,6.5411853410327065,84124,3.86067504085666e-09,0.2725561476150615,0.29548772020035874,0.075,10,3.0281066894546185,1.0,0.001363961116288337,literal,0,42,2.3129332175710005,-0.41198931556540885,0.054123727864687034,2.306333e+00 -4.150131e-01 3.275967e-02 -1.061159e-04 -3.795217e-04 -3.182957e-05 1.994687e-05 5.384390e-07 -4.458323e-07 -4.052521e-09 4.418038e-09 1.297459e-11 -1.626097e-11
6.935805327683345,6.935805327683345,False,inf,100000,1.25224127793322e-10,0.2954918734730035,0.29548772020035874,0.075,10,122.13363647520025,0.3333333333333333,0.0,literal,1,42,2.3101956083467807,-0.41306175107754706,0.05858655204749682,2.306333e+00 -4.150131e-01 3.275967e-02 -1.061159e-04 -3.795217e-04 -3.182957e-05 1.994687e-05 5.384390e-07 -4.458323e-07 -4.052521e-09 4.418038e-09 1.297459e-11 -1.626097e-11
7.565116268106483,7.565116268106483,False,6.472047444472619,83526,-3.4112508432947133e-10,0.2717188528419891,0.29548772020035874,0.075,10,1172.4829101577445,0.2,-0.07501786139516753,literal,2,42,2.309276855805543,-0.413060756973206,0.058330681244161214,2.306333e+00 -4.150131e-01 3.275967e-02 -1.061159e-04 -3.795217e-04 -3.182957e-05 1.994687e-05 5.384390e-07 -4.458323e-07 -4.052521e-09 4.418038e-09 1.297459e-11 -1.626097e-11
6.663394042677631,6.663394042677631,False,6.5411853410327065,84124,3.86067504085666e-09,0.2725561476150615,0.29548772020035874,0.075,10,3.0281066894546185,0.001363961116288337,0.001363961116288337,fg,0,42,2.3111099547380696,-0.41353385086785355,0.05795205342544393,2.306333e+00 -4.150131e-01 3.275967e-02 -1.061159e-04 -3.795217e-04 -3.182957e-05 1.994687e-05 5.384390e-07 -4.458323e-07 -4.052521e-09 4.418038e-09 1.297459e-11 -1.626097e-11
7.476759308782349,7.476759308782349,False,7.929976736644716,94016,-3.022651480704566e-10,0.2877764155031439,0.29548772020035874,0.075,11,122.13363647520025,0.007859014053252622,0.007859014053252622,fg,1,42,2.310444850549336,-0.41369090076251036,0.058409114342476996,2.306333e+00 -4.150131e-01 3.275967e-02 -1.061159e-04 -3.795217e-04 -3.182957e-05 1.994687e-05 5.384390e-07 -4.458323e-07 -4.052521e-09 4.418038e-09 1.297459e-11 -1.626097e-11
8.305661142896096,8.305661142896096,False,6.472047444472619,83526,-3.4112508432947133e-10,0.2717188528419891,0.29548772020035874,0.075,10,1172.4829101577445,-0.07501786139516753,-0.07501786139516753,fg,2,42,2.3044611666878634,-0.4143494597360883,0.06098679021705057,2.306333e+00 -4.150131e-01 3.275967e-02 -1.061159e-04 -3.795217e-04 -3.182957e-05 1.994687e-05 5.384390e-07 -4.458323e-07 -4.052521e-09 4.418038e-09 1.297459e-11 -1.626097e-11
4.0700973987729965,4.0700973987729965,False,7.821936628790601,93400,9.46852842848003e-10,0.28131047670749953,0.2886157272753021,0.075,10,3.0281066894546185,1.0,0.001363961116288337,literal,0,43,2.335697783794234,-0.4050946549789836,0.03753670262639228,2.338522e+00 -4.111006e-01 2.656040e-02 -3.153806e-04 1.386358e-04 -1.970339e-05 -2.131957e-06 8.902004e-08 3.037890e-08 2.583111e-09 -4.434002e-10 -1.915403e-11 2.323925e-12
6.72884311638726,6.72884311638726,False,inf,100000,1.7010403986226287e-10,0.2886107018211784,0.2886157272753021,0.075,10,122.13363647520025,0.3333333333333333,0.0,literal,1,43,2.333882284149581,-0.40600447005736673,0.04974744433240287,2.338522e+00 -4.111006e-01 2.656040e-02 -3.153806e-04 1.386358e-04 -1.970339e-05 -2.131957e-06 8.902004e-08 3.037890e-08 2.583111e-09 -4.434002e-10 -1.915403e-11 2.323925e-12
6.543620881402688,6.543620881402688,False,7.739261667396599,92912,1.5901890255519904e-09,0.2807003392894487,0.2886157272753021,0.075,10,1172.4829101577445,0.2,-0.07501786139516753,literal,2,43,2.3350503035541665,-0.4067645900793135,0.04973985964587112,2.338522e+00 -4.111006e-01 2.656040e-02 -3.153806e-04 1.386358e-04 -1.970339e-05 -2.131957e-06 8.902004e-08 3.037890e-08 2.583111e-09 -4.434002e-10 -1.915403e-11 2.323925e-12
7.629231673864657,7.629231673864657,False,7.821936628790601,93400,9.46852842848003e-10,0.28131047670749953,0.2886157272753021,0.075,10,3.0281066894546185,0.001363961116288337,0.001363961116288337,fg,0,43,2.3390258061166747,-0.40778088802484896,0.04992113071128785,2.338522e+00 -4.111006e-01 2.656040e-02 -3.153806e-04 1.386358e-04 -1.970339e-05 -2.131957e-06 8.902004e-08 3.037890e-08 2.583111e-09 -4.434002e-10 -1.915403e-11 2.323925e-12
9.610851617471047,9.610851617471047,False,9.37218455227656,99422,-1.6846170075447823e-11,0.2880025077734529,0.2886157272753021,0.075,11,122.13363647520025,0.007859014053252622,0.007859014053252622,fg,1,43,2.3384269749769775,-0.41162812748115013,0.052567189563146044,2.338522e+00 -4.111006e-01 2.656040e-02 -3.153806e-04 1.386358e-04 -1.970339e-05 -2.131957e-06 8.902004e-08 3.037890e-08 2.583111e-09 -4.434002e-10 -1.915403e-11 2.323925e-12
7.184172161059616,7.184172161059616,False,7.739261667396599,92912,1.5901890255519904e-09,0.2807003392894487,0.2886157272753021,0.075,10,1172.4829101577445,-0.07501786139516753,-0.07501786139516753,fg,2,43,2.335325535175642,-0.40642972641501757,0.04931856525609919,2.338522e+00 -4.111006e-01 2.656040e-02 -3.153806e-04 1.386358e-04 -1.970339e-05 -2.131957e-06 8.902004e-08 3.037890e-08 2.583111e-09 -4.434002e-10 -1.915403e-11 2.323925e-12
2.9943655715397632,2.9943655715397632,False,6.415402655842038,83028,-2.338286068962245e-08,0.27234324395167714,0.29623016498650395,0.075,10,3.0281066894546185,1.0,0.001363961116288337,literal,0,44,2.3197920319892806,-0.3912530760269454,0.05374677184317043,2.334094e+00 -4.078657e-01 2.616321e-02 -1.425180e-03 5.699617e-04 2.007540e-05 -2.734053e-05 -3.527370e-07 5.782087e-07 2.976828e-09 -5.600458e-09 -7.261400e-12 2.002575e-11
6.35561143471562,6.35561143471562,False,inf,100000,-3.1376309435423265e-10,0.296239200687045,0.29623016498650395,0.075,10,122.13363647520025,0.3333333333333333,0.0,literal,1,44,2.324632558292445,-0.39961156761885186,0.06345635214310871,2.334094e+00 -4.078657e-01 2.616321e-02 -1.425180e-03 5.699617e-04 2.007540e-05 -2.734053e-05 -3.527370e-07 5.782087e-07 2.976828e-09 -5.600458e-09 -7.261400e-12 2.002575e-11
5.127733596297481,5.127733596297481,False,6.3475942354891455,82426,-2.0220749410480017e-08,0.27114009234131425,0.29623016498650395,0.075,10,1172.4829101577445,0.2,-0.07501786139516753,literal,2,44,2.3225946451186377,-0.39476768644653565,0.06060653191809039,2.334094e+00 -4.078657e-01 2.616321e-02 -1.425180e-03 5.699617e-04 2.007540e-05 -2.734053e-05 -3.527370e-07 5.782087e-07 2.976828e-09 -5.600458e-09 -7.261400e-12 2.002575e-11
5.612816211328985,5.612816211328985,False,6.415402655842038,83028,-2.338286068962245e-08,0.27234324395167714,0.29623016498650395,0.075,10,3.0281066894546185,0.001363961116288337,0.001363961116288337,fg,0,44,2.3232617639061934,-0.39626956676890457,0.062488530459116357,2.334094e+00 -4.078657e-01 2.616321e-02 -1.425180e-03 5.699617e-04 2.007540e-05 -2.734053e-05 -3.527370e-07 5.782087e-07 2.976828e-09 -5.600458e-09 -7.261400e-12 2.002575e-11
8.363409342983923,8.363409342983923,False,7.788579189984648,93206,8.329578320992929e-11,0.28769612521373766,0.29623016498650395,0.075,11,122.13363647520025,0.007859014053252622,0.007859014053252622,fg,1,44,2.326799657246005,-0.4069262395002771,0.06371376158494971,2.334094e+00 -4.078657e-01 2.616321e-02 -1.425180e-03 5.699617e-04 2.007540e-05 -2.734053e-05 -3.527370e-07 5.782087e-07 2.976828e-09 -5.600458e-09 -7.261400e-12 2.002575e-11
5.6296844850146295,5.6296844850146295,False,6.3475942354891455,82426,-2.0220749410480017e-08,0.27114009234131425,0.29623016498650395,0.075,10,1172.4829101577445,-0.07501786139516753,-0.07501786139516753,fg,2,44,2.323421595083944,-0.3963801927147348,0.06236226035661208,2.334094e+00 -4.078657e-01 2.616321e-02 -1.425180e-03 5.699617e-04 2.007540e-05 -2.734053e-05 -3.527370e-07 5.782087e-07 2.976828e-09 -5.600458e-09 -7.261400e-12 2.002575e-11
3.629438264267538,3.629438264267538,False,7.496837564777398,91386,-3.1537241206581234e-09,0.28131647763053846,0.29184777204931245,0.075,10,3.0281066894546185,1.0,0.001363961116288337,literal,0,45,2.327327202892907,-0.410689662120893,0.053306010859599864,2.330242e+00 -4.081024e-01 2.936720e-02 -7.179377e-04 -1.269494e-05 -3.006286e-05 3.669526e-06 8.635652e-07 -1.081265e-07 -8.399890e-09 1.102581e-09 2.734513e-11 -3.802932e-12
7.09113630971251,7.09113630971251,False,inf,100000,9.862601022842904e-11,0.2918435861844968,0.29184777204931245,0.075,10,122.13363647520025,0.3333333333333333,0.0,literal,1,45,2.33168573976113,-0.4110523124507117,0.05382529230454013,2.330242e+00 -4.081024e-01 2.936720e-02 -7.179377e-04 -1.269494e-05 -3.006286e-05 3.669526e-06 8.635652e-07 -1.081265e-07 -8.399890e-09 1.102581e-09 2.734513e-11 -3.802932e-12
6.371217226298608,6.371217226298608,False,7.417598779594233,90858,-2.1047806687124823e-09,0.2807043020500886,0.29184777204931245,0.075,10,1172.4829101577445,0.2,-0.07501786139516753,literal,2,45,2.332676369441866,-0.41207472397427114,0.05098563829999035,2.330242e+00 -4.081024e-01 2.936720e-02 -7.179377e-04 -1.269494e-05 -3.006286e-05 3.669526e-06 8.635652e-07 -1.081265e-07 -8.399890e-09 1.102581e-09 2.734513e-11 -3.802932e-12
6.803234087821549,6.803234087821549,False,7.496837564777398,91386,-3.1537241206581234e-09,0.28131647763053846,0.29184777204931245,0.075,10,3.0281066894546185,0.001363961116288337,0.001363961116288337,fg,0,45,2.3321742988712537,-0.41101048826183445,0.052615168851937656,2.330242e+00 -4.081024e-01 2.936720e-02 -7.179377e-04 -1.269494e-05 -3.006286e-05 3.669526e-06 8.635652e-07 -1.081265e-07 -8.399890e-09 1.102581e-09 2.734513e-11 -3.802932e-12
9.374243433441519,9.374243433441519,False,8.985887111838888,98510,-2.2531624714403343e-11,0.2903949711384143,0.29184777204931245,0.075,11,122.13363647520025,0.007859014053252622,0.007859014053252622,fg,1,45,2.330770743794239,-0.4067038735334425,0.055655423641454725,2.330242e+00 -4.081024e-01 2.936720e-02 -7.179377e-04 -1.269494e-05 -3.006286e-05 3.669526e-06 8.635652e-07 -1.081265e-07 -8.399890e-09 1.102581e-09 2.734513e-11 -3.802932e-12
6.994892011443405,6.994892011443405,False,7.417598779594233,90858,-2.1047806687124823e-09,0.2807043020500886,0.29184777204931245,0.075,10,1172.4829101577445,-0.07501786139516753,-0.07501786139516753,fg,2,45,2.331503571028916,-0.41081554138234894,0.05350885083580553,2.330242e+00 -4.081024e-01 2.936720e-02 -7.179377e-04 -1.269494e-05 -3.006286e-05 3.669526e-06 8.635652e-07 -1.081265e-07 -8.399890e-09 1.102581e-09 2.734513e-11 -3.802932e-12
4.191424221568881,4.191424221568881,False,6.954935055296193,87504,-6.87656716479759e-10,0.27495236476556706,0.29241116261028005,0.075,10,3.0281066894546185,1.0,0.001363961116288337,literal,0,46,2.324207219864321,-0.4034977560318097,0.03666765319136262,2.332053e+00 -4.044971e-01 2.553699e-02 -1.427520e-03 3.234761e-04 2.630852e-05 -1.054775e-05 -7.702373e-07 1.959845e-07 1.049690e-08 -2.020577e-09 -4.882880e-11 8.291514e-12
6.739720934471641,6.739720934471641,False,inf,100000,1.6834092344492032e-10,0.292411420375935,0.29241116261028005,0.075,10,122.13363647520025,0.3333333333333333,0.0,literal,1,46,2.3278542858904103,-0.4087154536401101,0.0494044689366141,2.332053e+00 -4.044971e-01 2.553699e-02 -1.427520e-03 3.234761e-04 2.630852e-05 -1.054775e-05 -7.702373e-07 1.959845e-07 1.049690e-08 -2.020577e-09 -4.882880e-11 8.291514e-12
6.177067460759061,6.177067460759061,False,6.881423978118966,86928,-2.8784356118701304e-09,0.2740987037110237,0.29241116261028005,0.075,10,1172.4829101577445,0.2,-0.07501786139516753,literal,2,46,2.330851462284456,-0.4082381123288938,0.04469860484489304,2.332053e+00 -4.044971e-01 2.553699e-02 -1.427520e-03 3.234761e-04 2.630852e-05 -1.054775e-05 -7.702373e-07 1.959845e-07 1.049690e-08 -2.020577e-09 -4.882880e-11 8.291514e-12
7.85665385782585,7.85665385782585,False,6.954935055296193,87504,-6.87656716479759e-10,0.27495236476556706,0.29241116261028005,0.075,10,3.0281066894546185,0.001363961116288337,0.001363961116288337,fg,0,46,2.3264492511131314,-0.40685671386593225,0.05053963652765576,2.332053e+00 -4.044971e-01 2.553699e-02 -1.427520e-03 3.234761e-04 2.630852e-05 -1.054775e-05 -7.702373e-07 1.959845e-07 1.049690e-08 -2.020577e-09 -4.882880e-11 8.291514e-12
8.579965833547599,8.579965833547599,False,8.399952941267026,96364,6.217698750486318e-11,0.28860114113866087,0.29241116261028005,0.075,11,122.13363647520025,0.007859014053252622,0.007859014053252622,fg,1,46,2.327428942760247,-0.40653706766037767,0.05137006282434341,2.332053e+00 -4.044971e-01 2.553699e-02 -1.427520e-03 3.234761e-04 2.630852e-05 -1.054775e-05 -7.702373e-07 1.959845e-07 1.049690e-08 -2.020577e-09 -4.882880e-11 8.291514e-12
6.781737037164628,6.781737037164628,False,6.881423978118966,86928,-2.8784356118701304e-09,0.2740987037110237,0.29241116261028005,0.075,10,1172.4829101577445,-0.07501786139516753,-0.07501786139516753,fg,2,46,2.328322550301839,-0.4085531785689888,0.049115243055370184,2.332053e+00 -4.044971e-01 2.553699e-02 -1.427520e-03 3.234761e-04 2.630852e-05 -1.054775e-05 -7.702373e-07 1.959845e-07 1.049690e-08 -2.020577e-09 -4.882880e-11 8.291514e-12
3.881363649140052,3.881363649140052,False,7.232907034472676,89574,-1.5520780696895762e-09,0.2788805517135513,0.2931037212165434,0.075,10,3.0281066894546185,1.0,0.001363961116288337,literal,0,47,2.3125187958645075,-0.3999871441487945,0.04599117111317887,2.314674e+00 -4.126529e-01 2.853848e-02 1.621422e-04 3.422744e-06 -4.876961e-05 4.181586e-06 8.310877e-07 -1.314258e-07 -5.923628e-09 1.447887e-09 1.599764e-11 -5.592199e-12
7.984743831837628,7.984743831837628,False,inf,100000,-2.842495184355798e-11,0.2930994006610558,0.2931037212165434,0.075,10,122.13363647520025,0.3333333333333333,0.0,literal,1,47,2.3147424702403003,-0.4070522097702907,0.052070992377733806,2.314674e+00 -4.126529e-01 2.853848e-02 1.621422e-04 3.422744e-06 -4.876961e-05 4.181586e-06 8.310877e-07 -1.314258e-07 -5.923628e-09 1.447887e-09 1.599764e-11 -5.592199e-12
6.170744690029087,6.170744690029087,False,7.156457896846015,89022,2.930805129654155e-09,0.278117130232864,0.2931037212165434,0.075,10,1172.4829101577445,0.2,-0.07501786139516753,literal,2,47,2.309382628869658,-0.40314913181524364,0.05191882838333789,2.314674e+00 -4.126529e-01 2.853848e-02 1.621422e-04 3.422744e-06 -4.876961e-05 4.181586e-06 8.310877e-07 -1.314258e-07 -5.923628e-09 1.447887e-09 1.599764e-11 -5.592199e-12
7.275457953102842,7.275457953102842,False,7.232907034472676,89574,-1.5520780696895762e-09,0.2788805517135513,0.2931037212165434,0.075,10,3.0281066894546185,0.001363961116288337,0.001363961116288337,fg,0,47,2.3126751988089684,-0.40338584003613553,0.0518841583747051,2.314674e+00 -4.126529e-01 2.853848e-02 1.621422e-04 3.422744e-06 -4.876961e-05 4.181586e-06 8.310877e-07 -1.314258e-07 -5.923628e-09 1.447887e-09 1.599764e-11 -5.592199e-12
7.5921046428394785,7.5921046428394785,False,8.697148479046884,97564,-2.5475432295205374e-10,0.29069946700151544,0.2931037212165434,0.075,11,122.13363647520025,0.007859014053252622,0.007859014053252622,fg,1,47,2.3128289625681893,-0.40526430775073424,0.05235288712530042,2.314674e+00 -4.126529e-01 2.853848e-02 1.621422e-04 3.422744e-06 -4.876961e-05 4.181586e-06 8.310877e-07 -1.314258e-07 -5.923628e-09 1.447887e-09 1.599764e-11 -5.592199e-12
6.774795334049134,6.774795334049134,False,7.156457896846015,89022,2.930805129654155e-09,0.278117130232864,0.2931037212165434,0.075,10,1172.4829101577445,-0.07501786139516753,-0.07501786139516753,fg,2,47,2.3114312778845494,-0.40334717027061306,0.04999080995684545,2.314674e+00 -4.126529e-01 2.853848e-02 1.621422e-04 3.422744e-06 -4.876961e-05 4.181586e-06 8.310877e-07 -1.314258e-07 -5.923628e-09 1.447887e-09 1.599764e-11 -5.592199e-12
3.939862434013764,3.939862434013764,False,7.9717464810181635,94246,-1.3333551518107337e-09,0.28178248351403395,0.2881524262217522,0.075,10,3.0281066894546185,1.0,0.001363961116288337,literal,0,48,2.3227256227327855,-0.4067658660766673,0.05796983620025456,2.327401e+00 -3.958948e-01 3.054479e-02 -1.584033e-03 -3.789635e-05 1.680312e-05 1.638704e-06 -4.184575e-07 -1.855477e-08 6.693661e-09 -1.170611e-10 -3.545041e-11 1.602707e-12
6.362309298423746,6.362309298423746,False,inf,100000,3.0604532673815793e-10,0.2881486318688001,0.2881524262217522,0.075,10,122.13363647520025,0.3333333333333333,0.0,literal,1,48,2.3265684604009174,-0.39976085936353245,0.0589929142798071,2.327401e+00 -3.958948e-01 3.054479e-02 -1.584033e-03 -3.789635e-05 1.680312e-05 1.638704e-06 -4.184575e-07 -1.855477e-08 6.693661e-09 -1.170611e-10 -3.545041e-11 1.602707e-12
6.665795436476398,6.665795436476398,False,7.887488085196456,93778,-1.3104783407101935e-09,0.28113571530288445,0.2881524262217522,0.075,10,1172.4829101577445,0.2,-0.07501786139516753,literal,2,48,2.3272601512004947,-0.40034072277778454,0.0590224199951007,2.327401e+00 -3.958948e-01 3.054479e-02 -1.584033e-03 -3.789635e-05 1.680312e-05 1.638704e-06 -4.184575e-07 -1.855477e-08 6.693661e-09 -1.170611e-10 -3.545041e-11 1.602707e-12
7.385111540895524,7.385111540895524,False,7.9717464810181635,94246,-1.3333551518107337e-09,0.28178248351403395,0.2881524262217522,0.075,10,3.0281066894546185,0.001363961116288337,0.001363961116288337,fg,0,48,2.328603613104239,-0.39792020067531647,0.058757449679967606,2.327401e+00 -3.958948e-01 3.054479e-02 -1.584033e-03 -3.789635e-05 1.680312e-05 1.638704e-06 -4.184575e-07 -1.855477e-08 6.693661e-09 -1.170611e-10 -3.545041e-11 1.602707e-12
8.428425756710157,8.428425756710157,False,9.620564588297166,99786,-7.623423086272371e-11,0.2879649311134541,0.2881524262217522,0.075,11,122.13363647520025,0.007859014053252622,0.007859014053252622,fg,1,48,2.329460413684013,-0.3975948228906482,0.05876349035952749,2.327401e+00 -3.958948e-01 3.054479e-02 -1.584033e-03 -3.789635e-05 1.680312e-05 1.638704e-06 -4.184575e-07 -1.855477e-08 6.693661e-09 -1.170611e-10 -3.545041e-11 1.602707e-12
7.318306312970055,7.318306312970055,False,7.887488085196456,93778,-1.3104783407101935e-09,0.28113571530288445,0.2881524262217522,0.075,10,1172.4829101577445,-0.07501786139516753,-0.07501786139516753,fg,2,48,2.328872797259121,-0.39835027652822075,0.058737086983940555,2.327401e+00 -3.958948e-01 3.054479e-02 -1.584033e-03 -3.789635e-05 1.680312e-05 1.638704e-06 -4.184575e-07 -1.855477e-08 6.693661e-09 -1.170611e-10 -3.545041e-11 1.602707e-12
4.276863812948538,4.276863812948538,False,6.919307407860605,87226,5.582552218072516e-10,0.27683406057334586,0.2936557836103152,0.075,10,3.0281066894546185,1.0,0.001363961116288337,literal,0,49,2.315454954211881,-0.40373426582426264,0.05407456279394632,2.307897e+00 -4.003467e-01 3.076361e-02 -1.691055e-03 2.867907e-05 4.792058e-05 -3.970362e-06 -1.461586e-06 1.370496e-07 1.907195e-08 -1.862055e-09 -8.478702e-11 8.475574e-12
6.245288830630056,6.245288830630056,False,inf,100000,3.754533023869061e-10,0.29366329548272463,0.2936557836103152,0.075,10,122.13363647520025,0.3333333333333333,0.0,literal,1,49,2.31565523097224,-0.40842638457005437,0.05913535822266085,2.307897e+00 -4.003467e-01 3.076361e-02 -1.691055e-03 2.867907e-05 4.792058e-05 -3.970362e-06 -1.461586e-06 1.370496e-07 1.907195e-08 -1.862055e-09 -8.478702e-11 8.475574e-12
7.320962677751221,7.320962677751221,False,6.846172901667788,86648,4.84942134981862e-10,0.2757252895192405,0.2936557836103152,0.075,10,1172.4829101577445,0.2,-0.07501786139516753,literal,2,49,2.311299994654757,-0.406246380761764,0.062159363654408016,2.307897e+00 -4.003467e-01 3.076361e-02 -1.691055e-03 2.867907e-05 4.792058e-05 -3.970362e-06 -1.461586e-06 1.370496e-07 1.907195e-08 -1.862055e-09 -8.478702e-11 8.475574e-12
8.016806889287025,8.016806889287025,False,6.919307407860605,87226,5.582552218072516e-10,0.27683406057334586,0.2936557836103152,0.075,10,3.0281066894546185,0.001363961116288337,0.001363961116288337,fg,0,49,2.3103990396548526,-0.4066312657975331,0.06384313549789596,2.307897e+00 -4.003467e-01 3.076361e-02 -1.691055e-03 2.867907e-05 4.792058e-05 -3.970362e-06 -1.461586e-06 1.370496e-07 1.907195e-08 -1.862055e-09 -8.478702e-11 8.475574e-12
9.403595695730546,9.403595695730546,False,8.376983611466214,96262,-2.1733374953380852e-11,0.2903260518325386,0.2936557836103152,0.075,11,122.13363647520025,0.007859014053252622,0.007859014053252622,fg,1,49,2.3083078306891234,-0.40397973338062126,0.060370704151121536,2.307897e+00 -4.003467e-01 3.076361e-02 -1.691055e-03 2.867907e-05 4.792058e-05 -3.970362e-06 -1.461586e-06 1.370496e-07 1.907195e-08 -1.862055e-09 -8.478702e-11 8.475574e-12
8.037607498187231,8.037607498187231,False,6.846172901667788,86648,4.84942134981862e-10,0.2757252895192405,0.2936557836103152,0.075,10,1172.4829101577445,-0.07501786139516753,-0.07501786139516753,fg,2,49,2.3106066646616075,-0.4064385602416923,0.06351576745359969,2.307897e+00 -4.003467e-01 3.076361e-02 -1.691055e-03 2.867907e-05 4.792058e-05 -3.970362e-06 -1.461586e-06 1.370496e-07 1.907195e-08 -1.862055e-09 -8.478702e-11 8.475574e-12
2.9993090368643602,2.9993090368643602,False,6.423692743463037,83102,-2.282995142190337e-08,0.2687667860871611,0.29416057449968636,0.075,10,3.0281066894546185,1.0,0.001363961116288337,literal,0,50,2.3425858137580087,-0.42002436010366934,0.03340091967117593,2.346982e+00 -4.072125e-01 2.641647e-02 -1.462140e-03 4.101501e-04 4.062076e-05 -2.046577e-05 -1.180276e-06 4.693295e-07 1.456333e-08 -4.972786e-09 -6.193206e-11 1.943437e-11
6.783340565365442,6.783340565365442,False,inf,100000,1.5778912581719014e-10,0.29417442649123443,0.29416057449968636,0.075,10,122.13363647520025,0.3333333333333333,0.0,literal,1,50,2.346050772096558,-0.41692484452073786,0.05463547040854296,2.346982e+00 -4.072125e-01 2.641647e-02 -1.462140e-03 4.101501e-04 4.062076e-05 -2.046577e-05 -1.180276e-06 4.693295e-07 1.456333e-08 -4.972786e-09 -6.193206e-11 1.943437e-11
5.302989352488187,5.302989352488187,False,6.355796699966856,82500,-1.4121977694756142e-08,0.2678499760658691,0.29416057449968636,0.075,10,1172.4829101577445,0.2,-0.07501786139516753,literal,2,50,2.3428222779294083,-0.41603112877646115,0.05162072939064353,2.346982e+00 -4.072125e-01 2.641647e-02 -1.462140e-03 4.101501e-04 4.062076e-05 -2.046577e-05 -1.180276e-06 4.693295e-07 1.456333e-08 -4.972786e-09 -6.193206e-11 1.943437e-11
5.622082535580694,5.622082535580694,False,6.423692743463037,83102,-2.282995142190337e-08,0.2687667860871611,0.29416057449968636,0.075,10,3.0281066894546185,0.001363961116288337,0.001363961116288337,fg,0,50,2.343588215986991,-0.41537524388961733,0.051933645968088804,2.346982e+00 -4.072125e-01 2.641647e-02 -1.462140e-03 4.101501e-04 4.062076e-05 -2.046577e-05 -1.180276e-06 4.693295e-07 1.456333e-08 -4.972786e-09 -6.193206e-11 1.943437e-11
7.4145031541746045,7.4145031541746045,False,7.8052868742588,93304,-3.31591557013464e-10,0.2857360409615749,0.29416057449968636,0.075,11,122.13363647520025,0.007859014053252622,0.007859014053252622,fg,1,50,2.344275601516819,-0.41508466187788207,0.05536944200396851,2.346982e+00 -4.072125e-01 2.641647e-02 -1.462140e-03 4.101501e-04 4.062076e-05 -2.046577e-05 -1.180276e-06 4.693295e-07 1.456333e-08 -4.972786e-09 -6.193206e-11 1.943437e-11
5.822095926250331,5.822095926250331,False,6.355796699966856,82500,-1.4121977694756142e-08,0.2678499760658691,0.29416057449968636,0.075,10,1172.4829101577445,-0.07501786139516753,-0.07501786139516753,fg,2,50,2.3436314588004064,-0.4152826290770146,0.05118721502001718,2.346982e+00 -4.072125e-01 2.641647e-02 -1.462140e-03 4.101501e-04 4.062076e-05 -2.046577e-05 -1.180276e-06 4.693295e-07 1.456333e-08 -4.972786e-09 -6.193206e-11 1.943437e-11
3.84440323433132,3.84440323433132,False,7.605458378759045,92086,-1.7228360992223652e-09,0.2810707326558799,0.28959589951971687,0.075,10,3.0281066894546185,1.0,0.001363961116288337,literal,0,51,2.300194936807501,-0.4116298881025144,0.05639074722216657,2.311258e+00 -4.014522e-01 2.741561e-02 -6.755206e-04 2.121935e-04 -3.490456e-05 -5.617794e-06 7.626482e-07 8.407190e-08 -5.568351e-09 -8.053621e-10 1.286609e-11 3.256559e-12
7.502398617378608,7.502398617378608,False,inf,100000,5.4353005216881355e-11,0.2895907473681845,0.28959589951971687,0.075,10,122.13363647520025,0.3333333333333333,0.0,literal,1,51,2.300025230305678,-0.3991320908306204,0.05783210360651614,2.311258e+00 -4.014522e-01 2.741561e-02 -6.755206e-04 2.121935e-04 -3.490456e-05 -5.617794e-06 7.626482e-07 8.407190e-08 -5.568351e-09 -8.053621e-10 1.286609e-11 3.256559e-12
6.687104925122408,6.687104925122408,False,7.525071511965314,91570,-1.2654362712451807e-09,0.2803148843631542,0.28959589951971687,0.075,10,1172.4829101577445,0.2,-0.07501786139516753,literal,2,51,2.301144782128552,-0.3991690285788267,0.05878426705806735,2.311258e+00 -4.014522e-01 2.741561e-02 -6.755206e-04 2.121935e-04 -3.490456e-05 -5.617794e-06 7.626482e-07 8.407190e-08 -5.568351e-09 -8.053621e-10 1.286609e-11 3.256559e-12
7.206177162077311,7.206177162077311,False,7.605458378759045,92086,-1.7228360992223652e-09,0.2810707326558799,0.28959589951971687,0.075,10,3.0281066894546185,0.001363961116288337,0.001363961116288337,fg,0,51,2.3007742847147887,-0.39902164765442133,0.057373299936239755,2.311258e+00 -4.014522e-01 2.741561e-02 -6.755206e-04 2.121935e-04 -3.490456e-05 -5.617794e-06 7.626482e-07 8.407190e-08 -5.568351e-09 -8.053621e-10 1.286609e-11 3.256559e-12
8.066061676732774,8.066061676732774,False,9.109991885563465,98848,1.265663088542549e-10,0.28888331662483996,0.28959589951971687,0.075,11,122.13363647520025,0.007859014053252622,0.007859014053252622,fg,1,51,2.2987042815685044,-0.3992504504208183,0.05785343797808295,2.311258e+00 -4.014522e-01 2.741561e-02 -6.755206e-04 2.121935e-04 -3.490456e-05 -5.617794e-06 7.626482e-07 8.407190e-08 -5.568351e-09 -8.053621e-10 1.286609e-11 3.256559e-12
7.341701775187643,7.341701775187643,False,7.525071511965314,91570,-1.2654362712451807e-09,0.2803148843631542,0.28959589951971687,0.075,10,1172.4829101577445,-0.07501786139516753,-0.07501786139516753,fg,2,51,2.300754484383826,-0.3990284046533967,0.05760503669380993,2.311258e+00 -4.014522e-01 2.741561e-02 -6.755206e-04 2.121935e-04 -3.490456e-05 -5.617794e-06 7.626482e-07 8.407190e-08 -5.568351e-09 -8.053621e-10 1.286609e-11 3.256559e-12
3.4443678150920833,3.4443678150920833,False,6.570998480206379,84378,5.372902062864641e-09,0.27204321976257834,0.29215022981583133,0.075,10,3.0281066894546185,1.0,0.001363961116288337,literal,0,52,2.325253987264282,-0.42050804960892646,0.09920555733757959,2.312204e+00 -4.114134e-01 3.375397e-02 -1.865048e-03 -8.857411e-05 8.719917e-05 -5.780835e-06 -2.503702e-06 2.560026e-07 2.914895e-08 -3.419212e-09 -1.173258e-10 1.480928e-11
6.087001242154256,6.087001242154256,False,inf,100000,4.903623539712652e-10,0.29217305152294937,0.29215022981583133,0.075,10,122.13363647520025,0.3333333333333333,0.0,literal,1,52,2.3243077311187896,-0.4186413962510185,0.07598305476507336,2.312204e+00 -4.114134e-01 3.375397e-02 -1.865048e-03 -8.857411e-05 8.719917e-05 -5.780835e-06 -2.503702e-06 2.560026e-07 2.914895e-08 -3.419212e-09 -1.173258e-10 1.480928e-11
6.989496359616082,6.989496359616082,False,6.501545469851947,83782,-7.824752751450802e-10,0.2713123120166414,0.29215022981583133,0.075,10,1172.4829101577445,0.2,-0.07501786139516753,literal,2,52,2.3227233882158993,-0.41763953129639364,0.07339061446781327,2.312204e+00 -4.114134e-01 3.375397e-02 -1.865048e-03 -8.857411e-05 8.719917e-05 -5.780835e-06 -2.503702e-06 2.560026e-07 2.914895e-08 -3.419212e-09 -1.173258e-10 1.480928e-11
6.456327074448504,6.456327074448504,False,6.570998480206379,84378,5.372902062864641e-09,0.27204321976257834,0.29215022981583133,0.075,10,3.0281066894546185,0.001363961116288337,0.001363961116288337,fg,0,52,2.324140027877002,-0.4187338779636675,0.07358094499782246,2.312204e+00 -4.114134e-01 3.375397e-02 -1.865048e-03 -8.857411e-05 8.719917e-05 -5.780835e-06 -2.503702e-06 2.560026e-07 2.914895e-08 -3.419212e-09 -1.173258e-10 1.480928e-11
8.307439638723642,8.307439638723642,False,7.982985016883031,94308,8.962296307124576e-11,0.285400621654676,0.29215022981583133,0.075,11,122.13363647520025,0.007859014053252622,0.007859014053252622,fg,1,52,2.319002148721471,-0.4163956021319889,0.06980888477334153,2.312204e+00 -4.114134e-01 3.375397e-02 -1.865048e-03 -8.857411e-05 8.719917e-05 -5.780835e-06 -2.503702e-06 2.560026e-07 2.914895e-08 -3.419212e-09 -1.173258e-10 1.480928e-11
7.67369413305888,7.67369413305888,False,6.501545469851947,83782,-7.824752751450802e-10,0.2713123120166414,0.29215022981583133,0.075,10,1172.4829101577445,-0.07501786139516753,-0.07501786139516753,fg,2,52,2.318817202029838,-0.4172436283485539,0.07315350164521311,2.312204e+00 -4.114134e-01 3.375397e-02 -1.865048e-03 -8.857411e-05 8.719917e-05 -5.780835e-06 -2.503702e-06 2.560026e-07 2.914895e-08 -3.419212e-09 -1.173258e-10 1.480928e-11
3.66033188275141,3.66033188275141,False,7.601286109458758,92060,2.8984026594274124e-09,0.283901236777619,0.29330450940153374,0.075,10,3.0281066894546185,1.0,0.001363961116288337,literal,0,53,2.3150389181057176,-0.41979890857570745,0.07023121996764868,2.304894e+00 -4.132485e-01 3.081381e-02 -1.090536e-03 5.099629e-05 2.574551e-05 -3.214071e-06 -8.562896e-07 7.433463e-08 1.086854e-08 -8.077999e-10 -4.459720e-11 3.073334e-12
9.73608349328851,9.73608349328851,False,inf,100000,3.544500835138669e-12,0.2933019589971102,0.29330450940153374,0.075,10,122.13363647520025,0.3333333333333333,0.0,literal,1,53,2.3038992037383808,-0.41560451775623697,0.06339607927139017,2.304894e+00 -4.132485e-01 3.081381e-02 -1.090536e-03 5.099629e-05 2.574551e-05 -3.214071e-06 -8.562896e-07 7.433463e-08 1.086854e-08 -8.077999e-10 -4.459720e-11 3.073334e-12
6.280870209522881,6.280870209522881,False,7.520943341999973,91544,2.4558814578106273e-09,0.283136404210674,0.29330450940153374,0.075,10,1172.4829101577445,0.2,-0.07501786139516753,literal,2,53,2.309022717376758,-0.4192977682783361,0.07169298931655428,2.304894e+00 -4.132485e-01 3.081381e-02 -1.090536e-03 5.099629e-05 2.574551e-05 -3.214071e-06 -8.562896e-07 7.433463e-08 1.086854e-08 -8.077999e-10 -4.459720e-11 3.073334e-12
6.8611429164231685,6.8611429164231685,False,7.601286109458758,92060,2.8984026594274124e-09,0.283901236777619,0.29330450940153374,0.075,10,3.0281066894546185,0.001363961116288337,0.001363961116288337,fg,0,53,2.3071363902553697,-0.4201468075691055,0.07038610947039668,2.304894e+00 -4.132485e-01 3.081381e-02 -1.090536e-03 5.099629e-05 2.574551e-05 -3.214071e-06 -8.562896e-07 7.433463e-08 1.086854e-08 -8.077999e-10 -4.459720e-11 3.073334e-12
8.167101687018476,8.167101687018476,False,9.13383723281672,98908,-1.1028597226334962e-10,0.29206165837873516,0.29330450940153374,0.075,11,122.13363647520025,0.007859014053252622,0.007859014053252622,fg,1,53,2.3059704880479712,-0.41706382119493074,0.06566074914958764,2.304894e+00 -4.132485e-01 3.081381e-02 -1.090536e-03 5.099629e-05 2.574551e-05 -3.214071e-06 -8.562896e-07 7.433463e-08 1.086854e-08 -8.077999e-10 -4.459720e-11 3.073334e-12
6.895700977225691,6.895700977225691,False,7.520943341999973,91544,2.4558814578106273e-09,0.283136404210674,0.29330450940153374,0.075,10,1172.4829101577445,-0.07501786139516753,-0.07501786139516753,fg,2,53,2.3068328691588165,-0.4203974984612371,0.07009071369011086,2.304894e+00 -4.132485e-01 3.081381e-02 -1.090536e-03 5.099629e-05 2.574551e-05 -3.214071e-06 -8.562896e-07 7.433463e-08 1.086854e-08 -8.077999e-10 -4.459720e-11 3.073334e-12
3.4921146432444936,3.4921146432444936,False,7.07284502605914,88402,-4.696214616994606e-09,0.277507232962417,0.2919414457418936,0.075,10,3.0281066894546185,1.0,0.001363961116288337,literal,0,54,2.314821894094042,-0.40534856461258506,0.05553439189464296,2.307897e+00 -3.968028e-01 2.990486e-02 -8.315686e-04 1.233544e-05 -5.228307e-05 2.747561e-06 1.678956e-06 -1.125059e-07 -1.964809e-08 1.473884e-09 8.148320e-11 -6.589235e-12
6.452707776097832,6.452707776097832,False,inf,100000,-2.6564017823405826e-10,0.29194711818953106,0.2919414457418936,0.075,10,122.13363647520025,0.3333333333333333,0.0,literal,1,54,2.3175977700136126,-0.3963680225354106,0.05814662801423238,2.307897e+00 -3.968028e-01 2.990486e-02 -8.315686e-04 1.233544e-05 -5.228307e-05 2.747561e-06 1.678956e-06 -1.125059e-07 -1.964809e-08 1.473884e-09 8.148320e-11 -6.589235e-12
6.188900036643833,6.188900036643833,False,6.998087684338563,87836,-2.83469548244368e-09,0.2767326252794947,0.2919414457418936,0.075,10,1172.4829101577445,0.2,-0.07501786139516753,literal,2,54,2.3156960084987377,-0.39629140527531787,0.05842272622363388,2.307897e+00 -3.968028e-01 2.990486e-02 -8.315686e-04 1.233544e-05 -5.228307e-05 2.747561e-06 1.678956e-06 -1.125059e-07 -1.964809e-08 1.473884e-09 8.148320e-11 -6.589235e-12
6.545826557624695,6.545826557624695,False,7.07284502605914,88402,-4.696214616994606e-09,0.277507232962417,0.2919414457418936,0.075,10,3.0281066894546185,0.001363961116288337,0.001363961116288337,fg,0,54,2.317749724676889,-0.3961209075403383,0.058490414985051455,2.307897e+00 -3.968028e-01 2.990486e-02 -8.315686e-04 1.233544e-05 -5.228307e-05 2.747561e-06 1.678956e-06 -1.125059e-07 -1.964809e-08 1.473884e-09 8.148320e-11 -6.589235e-12
8.643597513790445,8.643597513790445,False,8.553345262929957,97012,5.711549355259801e-11,0.2886376903658179,0.2919414457418936,0.075,11,122.13363647520025,0.007859014053252622,0.007859014053252622,fg,1,54,2.312524888493861,-0.3919122926927575,0.05921443696015728,2.307897e+00 -3.968028e-01 2.990486e-02 -8.315686e-04 1.233544e-05 -5.228307e-05 2.747561e-06 1.678956e-06 -1.125059e-07 -1.964809e-08 1.473884e-09 8.148320e-11 -6.589235e-12
6.794727897088466,6.794727897088466,False,6.998087684338563,87836,-2.83469548244368e-09,0.2767326252794947,0.2919414457418936,0.075,10,1172.4829101577445,-0.07501786139516753,-0.07501786139516753,fg,2,54,2.3155801593044747,-0.39508205575340233,0.05970306618237189,2.307897e+00 -3.968028e-01 2.990486e-02 -8.315686e-04 1.233544e-05 -5.228307e-05 2.747561e-06 1.678956e-06 -1.125059e-07 -1.964809e-08 1.473884e-09 8.148320e-11 -6.589235e-12
3.432110261685594,3.432110261685594,False,6.815232435582652,86400,-5.580682648466014e-09,0.27232066981792313,0.2915485197741238,0.075,10,3.0281066894546185,1.0,0.001363961116288337,literal,0,55,2.309315462630464,-0.3997829709581193,0.04402277342640184,2.315915e+00 -4.080359e-01 2.921410e-02 -6.083280e-04 4.689270e-06 -3.385991e-05 4.825348e-06 1.022812e-06 -1.818471e-07 -1.222352e-08 2.333440e-09 5.358719e-11 -1.021865e-11
6.261209502170381,6.261209502170381,False,inf,100000,-3.6423218561989583e-10,0.2915508452758989,0.2915485197741238,0.075,10,122.13363647520025,0.3333333333333333,0.0,literal,1,55,2.31278328072376,-0.40417841402915666,0.057696873582626214,2.315915e+00 -4.080359e-01 2.921410e-02 -6.083280e-04 4.689270e-06 -3.385991e-05 4.825348e-06 1.022812e-06 -1.818471e-07 -1.222352e-08 2.333440e-09 5.358719e-11 -1.021865e-11
5.85753625596387,5.85753625596387,False,6.743197963144071,85818,-5.002817846292374e-09,0.27139933923724024,0.2915485197741238,0.075,10,1172.4829101577445,0.2,-0.07501786139516753,literal,2,55,2.3136815911000284,-0.4036263344940648,0.056673140039803456,2.315915e+00 -4.080359e-01 2.921410e-02 -6.083280e-04 4.689270e-06 -3.385991e-05 4.825348e-06 1.022812e-06 -1.818471e-07 -1.222352e-08 2.333440e-09 5.358719e-11 -1.021865e-11
6.433350790214847,6.433350790214847,False,6.815232435582652,86400,-5.580682648466014e-09,0.27232066981792313,0.2915485197741238,0.075,10,3.0281066894546185,0.001363961116288337,0.001363961116288337,fg,0,55,2.3141827872519136,-0.40488188731665475,0.05654789362049803,2.315915e+00 -4.080359e-01 2.921410e-02 -6.083280e-04 4.689270e-06 -3.385991e-05 4.825348e-06 1.022812e-06 -1.818471e-07 -1.222352e-08 2.333440e-09 5.358719e-11 -1.021865e-11
9.020918044501256,9.020918044501256,False,8.248555233843529,95668,-3.4790940677826584e-11,0.286134448174677,0.2915485197741238,0.075,11,122.13363647520025,0.007859014053252622,0.007859014053252622,fg,1,55,2.3146105610212486,-0.4059007991216017,0.059168925139179804,2.315915e+00 -4.080359e-01 2.921410e-02 -6.083280e-04 4.689270e-06 -3.385991e-05 4.825348e-06 1.022812e-06 -1.818471e-07 -1.222352e-08 2.333440e-09 5.358719e-11 -1.021865e-11
6.4309271067477285,6.4309271067477285,False,6.743197963144071,85818,-5.002817846292374e-09,0.27139933923724024,0.2915485197741238,0.075,10,1172.4829101577445,-0.07501786139516753,-0.07501786139516753,fg,2,55,2.3141544261113975,-0.40491416826044,0.05650695754117605,2.315915e+00 -4.080359e-01 2.921410e-02 -6.083280e-04 4.689270e-06 -3.385991e-05 4.825348e-06 1.022812e-06 -1.818471e-07 -1.222352e-08 2.333440e-09 5.358719e-11 -1.021865e-11
3.5027226787256556,3.5027226787256556,False,6.946342946891149,87436,-4.533518609311533e-09,0.27562063652179514,0.29104510997005706,0.075,10,3.0281066894546185,1.0,0.001363961116288337,literal,0,56,2.3000220825396656,-0.41494485210603604,0.04638982343181393,2.307867e+00 -4.052079e-01 3.109445e-02 -9.176028e-04 -3.414514e-04 2.340467e-06 1.803405e-05 -4.259588e-07 -3.528004e-07 9.116457e-09 2.904784e-09 -4.994320e-11 -8.660880e-12
5.952931823977384,5.952931823977384,False,inf,100000,6.183562593315139e-10,0.2910457915654565,0.29104510997005706,0.075,10,122.13363647520025,0.3333333333333333,0.0,literal,1,56,2.306403573410804,-0.41292721600561744,0.05031999328091897,2.307867e+00 -4.052079e-01 3.109445e-02 -9.176028e-04 -3.414514e-04 2.340467e-06 1.803405e-05 -4.259588e-07 -3.528004e-07 9.116457e-09 2.904784e-09 -4.994320e-11 -8.660880e-12
6.185976371880159,6.185976371880159,False,6.872922685104585,86862,-2.8382981359274387e-09,0.2746971345061513,0.29104510997005706,0.075,10,1172.4829101577445,0.2,-0.07501786139516753,literal,2,56,2.306174732495005,-0.41294013316505557,0.05168702630754547,2.307867e+00 -4.052079e-01 3.109445e-02 -9.176028e-04 -3.414514e-04 2.340467e-06 1.803405e-05 -4.259588e-07 -3.528004e-07 9.116457e-09 2.904784e-09 -4.994320e-11 -8.660880e-12
6.5657108877428785,6.5657108877428785,False,6.946342946891149,87436,-4.533518609311533e-09,0.27562063652179514,0.29104510997005706,0.075,10,3.0281066894546185,0.001363961116288337,0.001363961116288337,fg,0,56,2.306869510074921,-0.4118720752265584,0.05130408232557825,2.307867e+00 -4.052079e-01 3.109445e-02 -9.176028e-04 -3.414514e-04 2.340467e-06 1.803405e-05 -4.259588e-07 -3.528004e-07 9.116457e-09 2.904784e-09 -4.994320e-11 -8.660880e-12
9.645725057238419,9.645725057238419,False,8.36666215069143,96216,-1.6136952575232678e-11,0.2872209403042669,0.29104510997005706,0.075,11,122.13363647520025,0.007859014053252622,0.007859014053252622,fg,1,56,2.3136977417223576,-0.4076376519679493,0.05342193412984054,2.307867e+00 -4.052079e-01 3.109445e-02 -9.176028e-04 -3.414514e-04 2.340467e-06 1.803405e-05 -4.259588e-07 -3.528004e-07 9.116457e-09 2.904784e-09 -4.994320e-11 -8.660880e-12
6.791518036464792,6.791518036464792,False,6.872922685104585,86862,-2.8382981359274387e-09,0.2746971345061513,0.29104510997005706,0.075,10,1172.4829101577445,-0.07501786139516753,-0.07501786139516753,fg,2,56,2.3072155890181723,-0.41218297466238635,0.05201408942550623,2.307867e+00 -4.052079e-01 3.109445e-02 -9.176028e-04 -3.414514e-04 2.340467e-06 1.803405e-05 -4.259588e-07 -3.528004e-07 9.116457e-09 2.904784e-09 -4.994320e-11 -8.660880e-12
4.36171444556679,4.36171444556679,False,7.0046259067582035,87886,4.548759760036682e-10,0.2776565411102654,0.29298125217003596,0.075,10,3.0281066894546185,1.0,0.001363961116288337,literal,0,57,2.3069261221568174,-0.395980566535254,0.07443954568101063,2.306280e+00 -4.032094e-01 2.964596e-02 -1.681318e-03 1.839407e-04 3.224237e-05 -9.635692e-06 -6.632689e-07 2.116225e-07 6.611853e-09 -2.131952e-09 -2.321196e-11 7.862640e-12
7.481998914197505,7.481998914197505,False,inf,100000,-5.625553781355991e-11,0.2929784895316648,0.29298125217003596,0.075,10,122.13363647520025,0.3333333333333333,0.0,literal,1,57,2.305899770401596,-0.40247829243740785,0.06327906053178854,2.306280e+00 -4.032094e-01 2.964596e-02 -1.681318e-03 1.839407e-04 3.224237e-05 -9.635692e-06 -6.632689e-07 2.116225e-07 6.611853e-09 -2.131952e-09 -2.321196e-11 7.862640e-12
6.938377440986034,6.938377440986034,False,6.930589615759742,87314,-8.537626448811284e-10,0.2768569039889604,0.29298125217003596,0.075,10,1172.4829101577445,0.2,-0.07501786139516753,literal,2,57,2.304667154355152,-0.40183687127970014,0.06418808826986272,2.306280e+00 -4.032094e-01 2.964596e-02 -1.681318e-03 1.839407e-04 3.224237e-05 -9.635692e-06 -6.632689e-07 2.116225e-07 6.611853e-09 -2.131952e-09 -2.321196e-11 7.862640e-12
8.175855941556332,8.175855941556332,False,7.0046259067582035,87886,4.548759760036682e-10,0.2776565411102654,0.29298125217003596,0.075,10,3.0281066894546185,0.001363961116288337,0.001363961116288337,fg,0,57,2.309239054644996,-0.40573212794664815,0.06458119537831888,2.306280e+00 -4.032094e-01 2.964596e-02 -1.681318e-03 1.839407e-04 3.224237e-05 -9.635692e-06 -6.632689e-07 2.116225e-07 6.611853e-09 -2.131952e-09 -2.321196e-11 7.862640e-12
9.020204039428927,9.020204039428927,False,8.443004256821624,96552,3.502671593806281e-11,0.2894982896094274,0.29298125217003596,0.075,11,122.13363647520025,0.007859014053252622,0.007859014053252622,fg,1,57,2.3086684801854607,-0.40721573074879386,0.06400344786134773,2.306280e+00 -4.032094e-01 2.964596e-02 -1.681318e-03 1.839407e-04 3.224237e-05 -9.635692e-06 -6.632689e-07 2.116225e-07 6.611853e-09 -2.131952e-09 -2.321196e-11 7.862640e-12
7.617571212923149,7.617571212923149,False,6.930589615759742,87314,-8.537626448811284e-10,0.2768569039889604,0.29298125217003596,0.075,10,1172.4829101577445,-0.07501786139516753,-0.07501786139516753,fg,2,57,2.3063288702455793,-0.40239563375387793,0.06341701427000751,2.306280e+00 -4.032094e-01 2.964596e-02 -1.681318e-03 1.839407e-04 3.224237e-05 -9.635692e-06 -6.632689e-07 2.116225e-07 6.611853e-09 -2.131952e-09 -2.321196e-11 7.862640e-12
3.521549436525907,3.521549436525907,False,7.433094232939741,90962,-4.338270657284473e-09,0.28246390134917915,0.2915341176192483,0.075,10,3.0281066894546185,1.0,0.001363961116288337,literal,0,58,2.3293455354958077,-0.41471267532013484,0.053934984326484074,2.316829e+00 -4.024439e-01 3.074850e-02 -1.581218e-03 3.627840e-05 1.409159e-05 -2.584817e-06 -1.732790e-07 7.058184e-08 2.069456e-09 -9.158137e-10 -9.760729e-12 4.134676e-12
6.711274879392366,6.711274879392366,False,inf,100000,1.7571983516366425e-10,0.29152906278178714,0.2915341176192483,0.075,10,122.13363647520025,0.3333333333333333,0.0,literal,1,58,2.3225352809259774,-0.4045474891101234,0.06244800467100917,2.316829e+00 -4.024439e-01 3.074850e-02 -1.581218e-03 3.627840e-05 1.409159e-05 -2.584817e-06 -1.732790e-07 7.058184e-08 2.069456e-09 -9.158137e-10 -9.760729e-12 4.134676e-12
5.975289410932749,5.975289410932749,False,7.3545291910696315,90428,-4.133520535419127e-09,0.28141209307014403,0.2915341176192483,0.075,10,1172.4829101577445,0.2,-0.07501786139516753,literal,2,58,2.324193519123174,-0.40451955812243,0.062257374280874224,2.316829e+00 -4.024439e-01 3.074850e-02 -1.581218e-03 3.627840e-05 1.409159e-05 -2.584817e-06 -1.732790e-07 7.058184e-08 2.069456e-09 -9.158137e-10 -9.760729e-12 4.134676e-12
6.601000877847085,6.601000877847085,False,7.433094232939741,90962,-4.338270657284473e-09,0.28246390134917915,0.2915341176192483,0.075,10,3.0281066894546185,0.001363961116288337,0.001363961116288337,fg,0,58,2.323027093158929,-0.4035582871575768,0.06251386226216143,2.316829e+00 -4.024439e-01 3.074850e-02 -1.581218e-03 3.627840e-05 1.409159e-05 -2.584817e-06 -1.732790e-07 7.058184e-08 2.069456e-09 -9.158137e-10 -9.760729e-12 4.134676e-12
8.441774507426356,8.441774507426356,False,8.926825184837046,98334,-7.510073292986556e-11,0.2898246938981299,0.2915341176192483,0.075,11,122.13363647520025,0.007859014053252622,0.007859014053252622,fg,1,58,2.3186649041311784,-0.40227358528711465,0.06321902969280152,2.316829e+00 -4.024439e-01 3.074850e-02 -1.581218e-03 3.627840e-05 1.409159e-05 -2.584817e-06 -1.732790e-07 7.058184e-08 2.069456e-09 -9.158137e-10 -9.760729e-12 4.134676e-12
6.560207050243327,6.560207050243327,False,7.3545291910696315,90428,-4.133520535419127e-09,0.28141209307014403,0.2915341176192483,0.075,10,1172.4829101577445,-0.07501786139516753,-0.07501786139516753,fg,2,58,2.323064689853206,-0.4036481193899654,0.062423005859398674,2.316829e+00 -4.024439e-01 3.074850e-02 -1.581218e-03 3.627840e-05 1.409159e-05 -2.584817e-06 -1.732790e-07 7.058184e-08 2.069456e-09 -9.158137e-10 -9.760729e-12 4.134676e-12
3.6629742278101203,3.6629742278101203,False,7.366660126546096,90512,2.846863400627695e-09,0.2780766152326352,0.29023621657068893,0.075,10,3.0281066894546185,1.0,0.001363961116288337,literal,0,59,2.321757094346502,-0.3976835851047588,0.05563307444604121,2.321402e+00 -4.053072e-01 2.888603e-02 -1.370902e-03 -7.808247e-06 3.523148e-05 3.333868e-06 -1.053491e-06 -9.755718e-08 1.242896e-08 1.077671e-09 -4.822976e-11 -4.368154e-12
7.271997614157313,7.271997614157313,False,inf,100000,-7.549932769250737e-11,0.2902345879328371,0.29023621657068893,0.075,10,122.13363647520025,0.3333333333333333,0.0,literal,1,59,2.3241541008952127,-0.40230506251054154,0.05454338802950385,2.321402e+00 -4.053072e-01 2.888603e-02 -1.370902e-03 -7.808247e-06 3.523148e-05 3.333868e-06 -1.053491e-06 -9.755718e-08 1.242896e-08 1.077671e-09 -4.822976e-11 -4.368154e-12
6.202900033201216,6.202900033201216,False,7.288797268475473,89970,2.770506264743979e-09,0.2771873511839982,0.29023621657068893,0.075,10,1172.4829101577445,0.2,-0.07501786139516753,literal,2,59,2.3275268347763207,-0.40157101822797886,0.05161523054918333,2.321402e+00 -4.053072e-01 2.888603e-02 -1.370902e-03 -7.808247e-06 3.523148e-05 3.333868e-06 -1.053491e-06 -9.755718e-08 1.242896e-08 1.077671e-09 -4.822976e-11 -4.368154e-12
6.866095884531812,6.866095884531812,False,7.366660126546096,90512,2.846863400627695e-09,0.2780766152326352,0.29023621657068893,0.075,10,3.0281066894546185,0.001363961116288337,0.001363961116288337,fg,0,59,2.3245375510231097,-0.4015344755887366,0.05474887574978152,2.321402e+00 -4.053072e-01 2.888603e-02 -1.370902e-03 -7.808247e-06 3.523148e-05 3.333868e-06 -1.053491e-06 -9.755718e-08 1.242896e-08 1.077671e-09 -4.822976e-11 -4.368154e-12
7.854789910136673,7.854789910136673,False,8.866536999509666,98146,-1.7166149107095449e-10,0.28861028270878714,0.29023621657068893,0.075,11,122.13363647520025,0.007859014053252622,0.007859014053252622,fg,1,59,2.3209437409009452,-0.40373411172818596,0.05878026941195656,2.321402e+00 -4.053072e-01 2.888603e-02 -1.370902e-03 -7.808247e-06 3.523148e-05 3.333868e-06 -1.053491e-06 -9.755718e-08 1.242896e-08 1.077671e-09 -4.822976e-11 -4.368154e-12
6.810098345246354,6.810098345246354,False,7.288797268475473,89970,2.770506264743979e-09,0.2771873511839982,0.29023621657068893,0.075,10,1172.4829101577445,-0.07501786139516753,-0.07501786139516753,fg,2,59,2.3252359622999723,-0.4011837355859916,0.054665496048297395,2.321402e+00 -4.053072e-01 2.888603e-02 -1.370902e-03 -7.808247e-06 3.523148e-05 3.333868e-06 -1.053491e-06 -9.755718e-08 1.242896e-08 1.077671e-09 -4.822976e-11 -4.368154e-12
3.775894367686041,3.775894367686041,False,7.194644727545452,89298,-2.070753519320296e-09,0.2783514341287049,0.2937363123898857,0.075,10,3.0281066894546185,1.0,0.001363961116288337,literal,0,60,2.3215192951358703,-0.38559747602678124,0.0622889553944775,2.328840e+00 -3.945090e-01 2.978382e-02 -1.543002e-03 7.631561e-05 5.930259e-06 -5.311526e-06 3.615678e-08 1.365909e-07 -5.595945e-10 -1.521582e-09 2.905951e-12 5.933356e-12
7.647060544824069,7.647060544824069,False,inf,100000,4.479355607284203e-11,0.29373175606382984,0.2937363123898857,0.075,10,122.13363647520025,0.3333333333333333,0.0,literal,1,60,2.3267370462109986,-0.3938029903547549,0.061545651794614194,2.328840e+00 -3.945090e-01 2.978382e-02 -1.543002e-03 7.631561e-05 5.930259e-06 -5.311526e-06 3.615678e-08 1.365909e-07 -5.595945e-10 -1.521582e-09 2.905951e-12 5.933356e-12
6.129955258341973,6.129955258341973,False,7.118600008274266,88742,-3.137143710680844e-09,0.27722790169629924,0.2937363123898857,0.075,10,1172.4829101577445,0.2,-0.07501786139516753,literal,2,60,2.321779608451787,-0.38660755467966973,0.06270071778318882,2.328840e+00 -3.945090e-01 2.978382e-02 -1.543002e-03 7.631561e-05 5.930259e-06 -5.311526e-06 3.615678e-08 1.365909e-07 -5.595945e-10 -1.521582e-09 2.905951e-12 5.933356e-12
7.077760084022053,7.077760084022053,False,7.194644727545452,89298,-2.070753519320296e-09,0.2783514341287049,0.2937363123898857,0.075,10,3.0281066894546185,0.001363961116288337,0.001363961116288337,fg,0,60,2.325878550471347,-0.39079727957249566,0.06119337241059737,2.328840e+00 -3.945090e-01 2.978382e-02 -1.543002e-03 7.631561e-05 5.930259e-06 -5.311526e-06 3.615678e-08 1.365909e-07 -5.595945e-10 -1.521582e-09 2.905951e-12 5.933356e-12
9.210437813220143,9.210437813220143,False,8.65438026794708,97406,-2.7630367113648433e-11,0.2911323554627788,0.2937363123898857,0.075,11,122.13363647520025,0.007859014053252622,0.007859014053252622,fg,1,60,2.327517998647433,-0.39534574966620445,0.061055465381370355,2.328840e+00 -3.945090e-01 2.978382e-02 -1.543002e-03 7.631561e-05 5.930259e-06 -5.311526e-06 3.615678e-08 1.365909e-07 -5.595945e-10 -1.521582e-09 2.905951e-12 5.933356e-12
6.730013048384506,6.730013048384506,False,7.118600008274266,88742,-3.137143710680844e-09,0.27722790169629924,0.2937363123898857,0.075,10,1172.4829101577445,-0.07501786139516753,-0.07501786139516753,fg,2,60,2.3237472715252503,-0.3897071302723584,0.06175717972864453,2.328840e+00 -3.945090e-01 2.978382e-02 -1.543002e-03 7.631561e-05 5.930259e-06 -5.311526e-06 3.615678e-08 1.365909e-07 -5.595945e-10 -1.521582e-09 2.905951e-12 5.933356e-12
3.854739865324251,3.854739865324251,False,7.9754430332306345,94266,-1.6895963721467576e-09,0.28601091290105646,0.2924720525397768,0.075,10,3.0281066894546185,1.0,0.001363961116288337,literal,0,61,2.3023516172772647,-0.4102297209835374,0.06473209094113207,2.318604e+00 -4.089754e-01 3.011244e-02 -8.012100e-04 -7.252752e-05 3.786167e-06 3.316068e-06 -3.542547e-07 -4.057040e-08 6.439618e-09 -2.462161e-11 -3.284980e-11 1.612771e-12
6.204843660369787,6.204843660369787,False,inf,100000,4.0114177925751854e-10,0.29246790812020323,0.2924720525397768,0.075,10,122.13363647520025,0.3333333333333333,0.0,literal,1,61,2.3138118336397957,-0.4184512901257023,0.05762752167237954,2.318604e+00 -4.089754e-01 3.011244e-02 -8.012100e-04 -7.252752e-05 3.786167e-06 3.316068e-06 -3.542547e-07 -4.057040e-08 6.439618e-09 -2.462161e-11 -3.284980e-11 1.612771e-12
6.4570213974766695,6.4570213974766695,False,7.891145566226692,93798,-1.8433262069354683e-09,0.2851319237815401,0.2924720525397768,0.075,10,1172.4829101577445,0.2,-0.07501786139516753,literal,2,61,2.3141636383358177,-0.4175217343877175,0.05741504691903565,2.318604e+00 -4.089754e-01 3.011244e-02 -8.012100e-04 -7.252752e-05 3.786167e-06 3.316068e-06 -3.542547e-07 -4.057040e-08 6.439618e-09 -2.462161e-11 -3.284980e-11 1.612771e-12
7.22555275554495,7.22555275554495,False,7.9754430332306345,94266,-1.6895963721467576e-09,0.28601091290105646,0.2924720525397768,0.075,10,3.0281066894546185,0.001363961116288337,0.001363961116288337,fg,0,61,2.3102971509167323,-0.417366044332619,0.05965102663098914,2.318604e+00 -4.089754e-01 3.011244e-02 -8.012100e-04 -7.252752e-05 3.786167e-06 3.316068e-06 -3.542547e-07 -4.057040e-08 6.439618e-09 -2.462161e-11 -3.284980e-11 1.612771e-12
8.364073382627137,8.364073382627137,False,9.631311548626384,99798,-8.389556524749598e-11,0.29238766600042376,0.2924720525397768,0.075,11,122.13363647520025,0.007859014053252622,0.007859014053252622,fg,1,61,2.314572654892337,-0.4127131940686769,0.059680650516575805,2.318604e+00 -4.089754e-01 3.011244e-02 -8.012100e-04 -7.252752e-05 3.786167e-06 3.316068e-06 -3.542547e-07 -4.057040e-08 6.439618e-09 -2.462161e-11 -3.284980e-11 1.612771e-12
7.089095503524091,7.089095503524091,False,7.891145566226692,93798,-1.8433262069354683e-09,0.2851319237815401,0.2924720525397768,0.075,10,1172.4829101577445,-0.07501786139516753,-0.07501786139516753,fg,2,61,2.3108583111744445,-0.4180520660722008,0.05987897719166019,2.318604e+00 -4.089754e-01 3.011244e-02 -8.012100e-04 -7.252752e-05 3.786167e-06 3.316068e-06 -3.542547e-07 -4.057040e-08 6.439618e-09 -2.462161e-11 -3.284980e-11 1.612771e-12
4.518962886254902,4.518962886254902,False,7.27276534184749,89858,3.142063348900257e-10,0.2787174919458686,0.2895470526799875,0.075,10,3.0281066894546185,1.0,0.001363961116288337,literal,0,62,2.3182556124486564,-0.4099321812060603,0.055412153944792514,2.327640e+00 -3.999685e-01 2.545870e-02 -1.156233e-03 2.814670e-04 -7.534937e-06 -7.577879e-06 2.088133e-07 1.236053e-07 -3.757942e-10 -1.237958e-09 -7.946291e-12 5.217880e-12
6.858043747783911,6.858043747783911,False,inf,100000,1.3953593402810626e-10,0.2895423656326605,0.2895470526799875,0.075,10,122.13363647520025,0.3333333333333333,0.0,literal,1,62,2.320676221617501,-0.40267771328857227,0.05126559549720335,2.327640e+00 -3.999685e-01 2.545870e-02 -1.156233e-03 2.814670e-04 -7.534937e-06 -7.577879e-06 2.088133e-07 1.236053e-07 -3.757942e-10 -1.237958e-09 -7.946291e-12 5.217880e-12
6.8434585489402044,6.8434585489402044,False,7.195894916734132,89308,-9.885414868161704e-10,0.27793483008358855,0.2895470526799875,0.075,10,1172.4829101577445,0.2,-0.07501786139516753,literal,2,62,2.320682081243909,-0.4027535483249417,0.05131624753310679,2.327640e+00 -3.999685e-01 2.545870e-02 -1.156233e-03 2.814670e-04 -7.534937e-06 -7.577879e-06 2.088133e-07 1.236053e-07 -3.757942e-10 -1.237958e-09 -7.946291e-12 5.217880e-12
8.470611734065189,8.470611734065189,False,7.27276534184749,89858,3.142063348900257e-10,0.2787174919458686,0.2895470526799875,0.075,10,3.0281066894546185,0.001363961116288337,0.001363961116288337,fg,0,62,2.3280281707623756,-0.39995739006926456,0.04970321136337319,2.327640e+00 -3.999685e-01 2.545870e-02 -1.156233e-03 2.814670e-04 -7.534937e-06 -7.577879e-06 2.088133e-07 1.236053e-07 -3.757942e-10 -1.237958e-09 -7.946291e-12 5.217880e-12
8.557914722240637,8.557914722240637,False,8.745872040452662,97740,6.393559071988398e-11,0.28762005501095417,0.2895470526799875,0.075,11,122.13363647520025,0.007859014053252622,0.007859014053252622,fg,1,62,2.329257403180863,-0.40082921975699953,0.05009911046197628,2.327640e+00 -3.999685e-01 2.545870e-02 -1.156233e-03 2.814670e-04 -7.534937e-06 -7.577879e-06 2.088133e-07 1.236053e-07 -3.757942e-10 -1.237958e-09 -7.946291e-12 5.217880e-12
7.513360765198051,7.513360765198051,False,7.195894916734132,89308,-9.885414868161704e-10,0.27793483008358855,0.2895470526799875,0.075,10,1172.4829101577445,-0.07501786139516753,-0.07501786139516753,fg,2,62,2.325426619939741,-0.4009029437755988,0.049184567461104424,2.327640e+00 -3.999685e-01 2.545870e-02 -1.156233e-03 2.814670e-04 -7.534937e-06 -7.577879e-06 2.088133e-07 1.236053e-07 -3.757942e-10 -1.237958e-09 -7.946291e-12 5.217880e-12
3.4082996742835556,3.4082996742835556,False,7.372058634062259,90548,6.067889059822849e-09,0.27815609739388025,0.29129417195732255,0.075,10,3.0281066894546185,1.0,0.001363961116288337,literal,0,63,2.3195482851245064,-0.3982589851609485,0.07193028022324216,2.327216e+00 -4.016784e-01 2.694930e-02 -1.012052e-03 1.579579e-04 -1.538098e-05 -1.211514e-06 5.226037e-07 -5.126079e-08 -5.861289e-09 9.299443e-10 2.342572e-11 -4.446368e-12
6.5047615183303495,6.5047615183303495,False,inf,100000,-2.438742100848379e-10,0.29128989741189265,0.29129417195732255,0.075,10,122.13363647520025,0.3333333333333333,0.0,literal,1,63,2.3240254070143522,-0.39539594746802337,0.05812698474121348,2.327216e+00 -4.016784e-01 2.694930e-02 -1.012052e-03 1.579579e-04 -1.538098e-05 -1.211514e-06 5.226037e-07 -5.126079e-08 -5.861289e-09 9.299443e-10 2.342572e-11 -4.446368e-12
5.624441363975604,5.624441363975604,False,7.294138715774752,90008,7.748622671653097e-09,0.27751151069391433,0.29129417195732255,0.075,10,1172.4829101577445,0.2,-0.07501786139516753,literal,2,63,2.3252846528674764,-0.39413763997244666,0.0583177785290531,2.327216e+00 -4.016784e-01 2.694930e-02 -1.012052e-03 1.579579e-04 -1.538098e-05 -1.211514e-06 5.226037e-07 -5.126079e-08 -5.861289e-09 9.299443e-10 2.342572e-11 -4.446368e-12
6.388718814666616,6.388718814666616,False,7.372058634062259,90548,6.067889059822849e-09,0.27815609739388025,0.29129417195732255,0.075,10,3.0281066894546185,0.001363961116288337,0.001363961116288337,fg,0,63,2.323628286948955,-0.3954796047809156,0.0589669874237773,2.327216e+00 -4.016784e-01 2.694930e-02 -1.012052e-03 1.579579e-04 -1.538098e-05 -1.211514e-06 5.226037e-07 -5.126079e-08 -5.861289e-09 9.299443e-10 2.342572e-11 -4.446368e-12
7.822341585729399,7.822341585729399,False,8.867163307105765,98148,1.8021240232831274e-10,0.28919186037544004,0.29129417195732255,0.075,11,122.13363647520025,0.007859014053252622,0.007859014053252622,fg,1,63,2.322979283698503,-0.39508778810455564,0.0565188682117163,2.327216e+00 -4.016784e-01 2.694930e-02 -1.012052e-03 1.579579e-04 -1.538098e-05 -1.211514e-06 5.226037e-07 -5.126079e-08 -5.861289e-09 9.299443e-10 2.342572e-11 -4.446368e-12
6.17501469002038,6.17501469002038,False,7.294138715774752,90008,7.748622671653097e-09,0.27751151069391433,0.29129417195732255,0.075,10,1172.4829101577445,-0.07501786139516753,-0.07501786139516753,fg,2,63,2.325081274031952,-0.39642789071496193,0.058416033497995665,2.327216e+00 -4.016784e-01 2.694930e-02 -1.012052e-03 1.579579e-04 -1.538098e-05 -1.211514e-06 5.226037e-07 -5.126079e-08 -5.861289e-09 9.299443e-10 2.342572e-11 -4.446368e-12
3.5129296421478373,3.5129296421478373,False,6.579629241702748,84452,4.359770761023648e-09,0.2709604353449069,0.29237764624495954,0.075,10,3.0281066894546185,1.0,0.001363961116288337,literal,0,64,2.2999723016731024,-0.41301492218454544,0.05866063733390663,2.309484e+00 -4.006386e-01 2.723010e-02 -1.103427e-03 3.055311e-04 1.251992e-05 -1.408874e-05 -6.525316e-07 3.346576e-07 1.048379e-08 -3.731987e-09 -4.902481e-11 1.501821e-11
6.534929062497902,6.534929062497902,False,inf,100000,2.3274483092153297e-10,0.29238375207165923,0.29237764624495954,0.075,10,122.13363647520025,0.3333333333333333,0.0,literal,1,64,2.3047080541684712,-0.40095854546957943,0.06310715899187506,2.309484e+00 -4.006386e-01 2.723010e-02 -1.103427e-03 3.055311e-04 1.251992e-05 -1.408874e-05 -6.525316e-07 3.346576e-07 1.048379e-08 -3.731987e-09 -4.902481e-11 1.501821e-11
6.453683918763186,6.453683918763186,False,6.510085007408852,83856,1.80323457648295e-09,0.269917274258796,0.29237764624495954,0.075,10,1172.4829101577445,0.2,-0.07501786139516753,literal,2,64,2.305420783382718,-0.4010935393966581,0.06301061381070844,2.309484e+00 -4.006386e-01 2.723010e-02 -1.103427e-03 3.055311e-04 1.251992e-05 -1.408874e-05 -6.525316e-07 3.346576e-07 1.048379e-08 -3.731987e-09 -4.902481e-11 1.501821e-11
6.584843424634491,6.584843424634491,False,6.579629241702748,84452,4.359770761023648e-09,0.2709604353449069,0.29237764624495954,0.075,10,3.0281066894546185,0.001363961116288337,0.001363961116288337,fg,0,64,2.3044812831117762,-0.40115858925372677,0.0628534072322856,2.309484e+00 -4.006386e-01 2.723010e-02 -1.103427e-03 3.055311e-04 1.251992e-05 -1.408874e-05 -6.525316e-07 3.346576e-07 1.048379e-08 -3.731987e-09 -4.902481e-11 1.501821e-11
7.836090323888853,7.836090323888853,False,7.980049906166354,94292,-1.757724902140297e-10,0.28645712187452127,0.29237764624495954,0.075,11,122.13363647520025,0.007859014053252622,0.007859014053252622,fg,1,64,2.3105621804594763,-0.39895876011804665,0.057043244939708276,2.309484e+00 -4.006386e-01 2.723010e-02 -1.103427e-03 3.055311e-04 1.251992e-05 -1.408874e-05 -6.525316e-07 3.346576e-07 1.048379e-08 -3.731987e-09 -4.902481e-11 1.501821e-11
7.085431320941374,7.085431320941374,False,6.510085007408852,83856,1.80323457648295e-09,0.269917274258796,0.29237764624495954,0.075,10,1172.4829101577445,-0.07501786139516753,-0.07501786139516753,fg,2,64,2.304017357606323,-0.3998777468288813,0.06102751489656522,2.309484e+00 -4.006386e-01 2.723010e-02 -1.103427e-03 3.055311e-04 1.251992e-05 -1.408874e-05 -6.525316e-07 3.346576e-07 1.048379e-08 -3.731987e-09 -4.902481e-11 1.501821e-11
4.340848852403966,4.340848852403966,False,7.041937499047878,88168,-4.778790009080468e-10,0.27709196053205537,0.29254754827040563,0.075,10,3.0281066894546185,1.0,0.001363961116288337,literal,0,65,2.3157665101284413,-0.3990883855111778,0.05847781337058882,2.317651e+00 -4.011808e-01 3.086781e-02 -9.580952e-04 -7.142201e-05 -3.382590e-05 4.928690e-06 1.234593e-06 -1.433831e-07 -1.573971e-08 1.686078e-09 7.026571e-11 -7.083259e-12
6.683483403916332,6.683483403916332,False,inf,100000,-1.8386675017087443e-10,0.29255092091769896,0.29254754827040563,0.075,10,122.13363647520025,0.3333333333333333,0.0,literal,1,65,2.314706996798277,-0.3911017342312431,0.06474513967963445,2.317651e+00 -4.011808e-01 3.086781e-02 -9.580952e-04 -7.142201e-05 -3.382590e-05 4.928690e-06 1.234593e-06 -1.433831e-07 -1.573971e-08 1.686078e-09 7.026571e-11 -7.083259e-12
6.748640994187617,6.748640994187617,False,6.9675068383941134,87600,-1.1410032197709962e-09,0.2762366454023486,0.29254754827040563,0.075,10,1172.4829101577445,0.2,-0.07501786139516753,literal,2,65,2.3142910902155407,-0.39097862896271934,0.06468564917125376,2.317651e+00 -4.011808e-01 3.086781e-02 -9.580952e-04 -7.142201e-05 -3.382590e-05 4.928690e-06 1.234593e-06 -1.433831e-07 -1.573971e-08 1.686078e-09 7.026571e-11 -7.083259e-12
8.136744237669397,8.136744237669397,False,7.041937499047878,88168,-4.778790009080468e-10,0.27709196053205537,0.29254754827040563,0.075,10,3.0281066894546185,0.001363961116288337,0.001363961116288337,fg,0,65,2.314446053850232,-0.3929830789388559,0.06380236905369795,2.317651e+00 -4.011808e-01 3.086781e-02 -9.580952e-04 -7.142201e-05 -3.382590e-05 4.928690e-06 1.234593e-06 -1.433831e-07 -1.573971e-08 1.686078e-09 7.026571e-11 -7.083259e-12
7.631740182066806,7.631740182066806,False,8.507548119124326,96826,2.394064266010502e-10,0.28939079890253755,0.29254754827040563,0.075,11,122.13363647520025,0.007859014053252622,0.007859014053252622,fg,1,65,2.3126919131177095,-0.3919021199097163,0.06535616624969671,2.317651e+00 -4.011808e-01 3.086781e-02 -9.580952e-04 -7.142201e-05 -3.382590e-05 4.928690e-06 1.234593e-06 -1.433831e-07 -1.573971e-08 1.686078e-09 7.026571e-11 -7.083259e-12
7.4092615746154715,7.4092615746154715,False,6.9675068383941134,87600,-1.1410032197709962e-09,0.2762366454023486,0.29254754827040563,0.075,10,1172.4829101577445,-0.07501786139516753,-0.07501786139516753,fg,2,65,2.3136166285207826,-0.39236389557724105,0.06506970565044183,2.317651e+00 -4.011808e-01 3.086781e-02 -9.580952e-04 -7.142201e-05 -3.382590e-05 4.928690e-06 1.234593e-06 -1.433831e-07 -1.573971e-08 1.686078e-09 7.026571e-11 -7.083259e-12
3.1884297406507374,3.1884297406507374,False,6.747061617888938,85848,-1.2119000333969953e-08,0.2735064430051707,0.2936072287365074,0.075,10,3.0281066894546185,1.0,0.001363961116288337,literal,0,66,2.3128432502856135,-0.411923716735767,0.06305902650037987,2.332482e+00 -4.063098e-01 2.482191e-02 -1.177858e-03 3.713605e-04 2.209787e-05 -1.356117e-05 -8.446506e-07 2.744573e-07 1.267023e-08 -2.862275e-09 -6.165485e-11 1.147662e-11
6.744274135870007,6.744274135870007,False,inf,100000,1.6749418038713582e-10,0.2936119122674731,0.2936072287365074,0.075,10,122.13363647520025,0.3333333333333333,0.0,literal,1,66,2.330402925049353,-0.408641773255443,0.04549506355303574,2.332482e+00 -4.063098e-01 2.482191e-02 -1.177858e-03 3.713605e-04 2.209787e-05 -1.356117e-05 -8.446506e-07 2.744573e-07 1.267023e-08 -2.862275e-09 -6.165485e-11 1.147662e-11
5.144442094545521,5.144442094545521,False,6.675747685642446,85260,-1.9585054386618117e-08,0.27234425772750515,0.2936072287365074,0.075,10,1172.4829101577445,0.2,-0.07501786139516753,literal,2,66,2.326573640638647,-0.41213366451447253,0.04523839627650177,2.332482e+00 -4.063098e-01 2.482191e-02 -1.177858e-03 3.713605e-04 2.209787e-05 -1.356117e-05 -8.446506e-07 2.744573e-07 1.267023e-08 -2.862275e-09 -6.165485e-11 1.147662e-11
5.976581586130584,5.976581586130584,False,6.747061617888938,85848,-1.2119000333969953e-08,0.2735064430051707,0.2936072287365074,0.075,10,3.0281066894546185,0.001363961116288337,0.001363961116288337,fg,0,66,2.3299184431176174,-0.4120159581271794,0.04319350483436782,2.332482e+00 -4.063098e-01 2.482191e-02 -1.177858e-03 3.713605e-04 2.209787e-05 -1.356117e-05 -8.446506e-07 2.744573e-07 1.267023e-08 -2.862275e-09 -6.165485e-11 1.147662e-11
7.486237329439722,7.486237329439722,False,8.168025240978466,95274,-2.9828258876411926e-10,0.2885288522232095,0.2936072287365074,0.075,11,122.13363647520025,0.007859014053252622,0.007859014053252622,fg,1,66,2.332304878282614,-0.4071677073119752,0.04552011821922306,2.332482e+00 -4.063098e-01 2.482191e-02 -1.177858e-03 3.713605e-04 2.209787e-05 -1.356117e-05 -8.446506e-07 2.744573e-07 1.267023e-08 -2.862275e-09 -6.165485e-11 1.147662e-11
5.648028568533868,5.648028568533868,False,6.675747685642446,85260,-1.9585054386618117e-08,0.27234425772750515,0.2936072287365074,0.075,10,1172.4829101577445,-0.07501786139516753,-0.07501786139516753,fg,2,66,2.3299335557364684,-0.4120672800291392,0.042592932148837664,2.332482e+00 -4.063098e-01 2.482191e-02 -1.177858e-03 3.713605e-04 2.209787e-05 -1.356117e-05 -8.446506e-07 2.744573e-07 1.267023e-08 -2.862275e-09 -6.165485e-11 1.147662e-11
3.9112142361928064,3.9112142361928064,False,8.339762840514714,96094,-1.454487435856548e-09,0.2876628242697306,0.2916522406513783,0.075,10,3.0281066894546185,1.0,0.001363961116288337,literal,0,67,2.321017801367379,-0.3996761975122649,0.06933260301807523,2.330516e+00 -4.023494e-01 3.049023e-02 -1.394671e-03 -3.147500e-05 8.272011e-06 1.723361e-06 -7.976125e-09 -4.202280e-08 -6.355903e-10 3.860930e-10 4.677898e-12 -1.268510e-12
7.547581547061733,7.547581547061733,False,inf,100000,5.121285397826288e-11,0.2916464993105028,0.2916522406513783,0.075,10,122.13363647520025,0.3333333333333333,0.0,literal,1,67,2.3267974097576403,-0.40338622268451274,0.06214661149349822,2.330516e+00 -4.023494e-01 3.049023e-02 -1.394671e-03 -3.147500e-05 8.272011e-06 1.723361e-06 -7.976125e-09 -4.202280e-08 -6.355903e-10 3.860930e-10 4.677898e-12 -1.268510e-12
6.847577546800796,6.847577546800796,False,8.251614648628724,95682,-9.987436140790676e-10,0.2873087721681887,0.2916522406513783,0.075,10,1172.4829101577445,0.2,-0.07501786139516753,literal,2,67,2.3276017772219437,-0.40409758948386865,0.06141011024351533,2.330516e+00 -4.023494e-01 3.049023e-02 -1.394671e-03 -3.147500e-05 8.272011e-06 1.723361e-06 -7.976125e-09 -4.202280e-08 -6.355903e-10 3.860930e-10 4.677898e-12 -1.268510e-12
7.331411661801555,7.331411661801555,False,8.339762840514714,96094,-1.454487435856548e-09,0.2876628242697306,0.2916522406513783,0.075,10,3.0281066894546185,0.001363961116288337,0.001363961116288337,fg,0,67,2.3278434943754176,-0.40327026066332744,0.06193898549204133,2.330516e+00 -4.023494e-01 3.049023e-02 -1.394671e-03 -3.147500e-05 8.272011e-06 1.723361e-06 -7.976125e-09 -4.202280e-08 -6.355903e-10 3.860930e-10 4.677898e-12 -1.268510e-12
13.016725027781938,13.016725027781938,False,9.89170249278773,99982,5.178801813135735e-13,0.291654871754841,0.2916522406513783,0.075,11,122.13363647520025,0.007859014053252622,0.007859014053252622,fg,1,67,2.3292723497972885,-0.39921833774531856,0.059611615891062744,2.330516e+00 -4.023494e-01 3.049023e-02 -1.394671e-03 -3.147500e-05 8.272011e-06 1.723361e-06 -7.976125e-09 -4.202280e-08 -6.355903e-10 3.860930e-10 4.677898e-12 -1.268510e-12
7.517882969387116,7.517882969387116,False,8.251614648628724,95682,-9.987436140790676e-10,0.2873087721681887,0.2916522406513783,0.075,10,1172.4829101577445,-0.07501786139516753,-0.07501786139516753,fg,2,67,2.32714936875326,-0.40328269653044835,0.061979209445067074,2.330516e+00 -4.023494e-01 3.049023e-02 -1.394671e-03 -3.147500e-05 8.272011e-06 1.723361e-06 -7.976125e-09 -4.202280e-08 -6.355903e-10 3.860930e-10 4.677898e-12 -1.268510e-12
3.5061128099239918,3.5061128099239918,False,6.953011602343466,87488,4.4725313401516365e-09,0.27376029920152656,0.28946541138634796,0.075,10,3.0281066894546185,1.0,0.001363961116288337,literal,0,68,2.306620209351879,-0.3952353496880724,0.06112733474432744,2.321131e+00 -3.982667e-01 2.608336e-02 -1.540175e-03 4.305102e-04 -3.926277e-06 -1.713564e-05 6.340972e-07 3.119066e-07 -1.022843e-08 -2.661826e-09 5.034824e-11 8.479670e-12
6.17020882170653,6.17020882170653,False,inf,100000,-4.2323631034434317e-10,0.2894660698880343,0.28946541138634796,0.075,10,122.13363647520025,0.3333333333333333,0.0,literal,1,68,2.305581373322522,-0.39746733080927316,0.06157984712318729,2.321131e+00 -3.982667e-01 2.608336e-02 -1.540175e-03 4.305102e-04 -3.926277e-06 -1.713564e-05 6.340972e-07 3.119066e-07 -1.022843e-08 -2.661826e-09 5.034824e-11 8.479670e-12
6.894276610356082,6.894276610356082,False,6.879520855348668,86914,-9.06641723243221e-10,0.2730856626423008,0.28946541138634796,0.075,10,1172.4829101577445,0.2,-0.07501786139516753,literal,2,68,2.3058364792956207,-0.3982779107225337,0.060439502524291276,2.321131e+00 -3.982667e-01 2.608336e-02 -1.540175e-03 4.305102e-04 -3.926277e-06 -1.713564e-05 6.340972e-07 3.119066e-07 -1.022843e-08 -2.661826e-09 5.034824e-11 8.479670e-12
6.572065550489942,6.572065550489942,False,6.953011602343466,87488,4.4725313401516365e-09,0.27376029920152656,0.28946541138634796,0.075,10,3.0281066894546185,0.001363961116288337,0.001363961116288337,fg,0,68,2.305424991239496,-0.3962014058087638,0.060555647912437116,2.321131e+00 -3.982667e-01 2.608336e-02 -1.540175e-03 4.305102e-04 -3.926277e-06 -1.713564e-05 6.340972e-07 3.119066e-07 -1.022843e-08 -2.661826e-09 5.034824e-11 8.479670e-12
6.916812191824569,6.916812191824569,False,8.37981359326438,96276,7.369327794968905e-10,0.2854724625656234,0.28946541138634796,0.075,11,122.13363647520025,0.007859014053252622,0.007859014053252622,fg,1,68,2.3054496516281375,-0.397828957298784,0.060764511549613154,2.321131e+00 -3.982667e-01 2.608336e-02 -1.540175e-03 4.305102e-04 -3.926277e-06 -1.713564e-05 6.340972e-07 3.119066e-07 -1.022843e-08 -2.661826e-09 5.034824e-11 8.479670e-12
7.569153377380177,7.569153377380177,False,6.879520855348668,86914,-9.06641723243221e-10,0.2730856626423008,0.28946541138634796,0.075,10,1172.4829101577445,-0.07501786139516753,-0.07501786139516753,fg,2,68,2.307958188081341,-0.3982224551322962,0.06026885543858883,2.321131e+00 -3.982667e-01 2.608336e-02 -1.540175e-03 4.305102e-04 -3.926277e-06 -1.713564e-05 6.340972e-07 3.119066e-07 -1.022843e-08 -2.661826e-09 5.034824e-11 8.479670e-12
3.3825457982999105,3.3825457982999105,False,7.332279407649796,90274,-6.630695326345466e-09,0.2832406794378293,0.2968869252640546,0.075,10,3.0281066894546185,1.0,0.001363961116288337,literal,0,69,2.2920625658645575,-0.40914577721670453,0.07684052731460293,2.271847e+00 -4.108178e-01 3.658786e-02 -1.047849e-03 -4.178847e-04 2.942605e-05 1.450387e-05 -1.271410e-06 -2.422336e-07 1.934928e-08 1.746154e-09 -9.432223e-11 -4.274331e-12
5.959129671893427,5.959129671893427,False,inf,100000,6.177521378288644e-10,0.29689493137409745,0.2968869252640546,0.075,10,122.13363647520025,0.3333333333333333,0.0,literal,1,69,2.2771069805539135,-0.40987670381678404,0.07797587387715718,2.271847e+00 -4.108178e-01 3.658786e-02 -1.047849e-03 -4.178847e-04 2.942605e-05 1.450387e-05 -1.271410e-06 -2.422336e-07 1.934928e-08 1.746154e-09 -9.432223e-11 -4.274331e-12
5.9513297056517835,5.9513297056517835,False,7.254779940992623,89730,-4.318585307153911e-09,0.28232019692906724,0.2968869252640546,0.075,10,1172.4829101577445,0.2,-0.07501786139516753,literal,2,69,2.277115677337017,-0.4099867695354745,0.07816313782360586,2.271847e+00 -4.108178e-01 3.658786e-02 -1.047849e-03 -4.178847e-04 2.942605e-05 1.450387e-05 -1.271410e-06 -2.422336e-07 1.934928e-08 1.746154e-09 -9.432223e-11 -4.274331e-12
6.340444223882022,6.340444223882022,False,7.332279407649796,90274,-6.630695326345466e-09,0.2832406794378293,0.2968869252640546,0.075,10,3.0281066894546185,0.001363961116288337,0.001363961116288337,fg,0,69,2.2754965482966525,-0.40878113580712894,0.07639584651934174,2.271847e+00 -4.108178e-01 3.658786e-02 -1.047849e-03 -4.178847e-04 2.942605e-05 1.450387e-05 -1.271410e-06 -2.422336e-07 1.934928e-08 1.746154e-09 -9.432223e-11 -4.274331e-12
8.019594733379087,8.019594733379087,False,8.845719333704098,98078,-1.3662071363194312e-10,0.2947200288424155,0.2968869252640546,0.075,11,122.13363647520025,0.007859014053252622,0.007859014053252622,fg,1,69,2.277369970703956,-0.4126929664840987,0.06839403404477892,2.271847e+00 -4.108178e-01 3.658786e-02 -1.047849e-03 -4.178847e-04 2.942605e-05 1.450387e-05 -1.271410e-06 -2.422336e-07 1.934928e-08 1.746154e-09 -9.432223e-11 -4.274331e-12
6.533901943210627,6.533901943210627,False,7.254779940992623,89730,-4.318585307153911e-09,0.28232019692906724,0.2968869252640546,0.075,10,1172.4829101577445,-0.07501786139516753,-0.07501786139516753,fg,2,69,2.2765453721268636,-0.4090993562848757,0.07481490405225424,2.271847e+00 -4.108178e-01 3.658786e-02 -1.047849e-03 -4.178847e-04 2.942605e-05 1.450387e-05 -1.271410e-06 -2.422336e-07 1.934928e-08 1.746154e-09 -9.432223e-11 -4.274331e-12
3.510516691698359,3.510516691698359,False,7.444787401803355,91040,4.492873504359528e-09,0.283635350999067,0.2940630355680827,0.075,10,3.0281066894546185,1.0,0.001363961116288337,literal,0,70,2.3172424482362444,-0.40519879190794555,0.07065788030052078,2.305726e+00 -4.033379e-01 2.932053e-02 -1.338747e-03 1.989981e-04 3.714128e-06 -9.168585e-06 1.630070e-07 1.731573e-07 -3.556713e-09 -1.452928e-09 2.223895e-11 4.227677e-12
6.310572890554193,6.310572890554193,False,inf,100000,-3.3684281088689266e-10,0.29405855443172624,0.2940630355680827,0.075,10,122.13363647520025,0.3333333333333333,0.0,literal,1,70,2.312265404653557,-0.3997233591841997,0.0654622277521245,2.305726e+00 -4.033379e-01 2.932053e-02 -1.338747e-03 1.989981e-04 3.714128e-06 -9.168585e-06 1.630070e-07 1.731573e-07 -3.556713e-09 -1.452928e-09 2.223895e-11 4.227677e-12
5.698414108191696,5.698414108191696,False,7.366098767486739,90508,6.818852677213339e-09,0.28276227342905996,0.2940630355680827,0.075,10,1172.4829101577445,0.2,-0.07501786139516753,literal,2,70,2.3144227065034215,-0.40068394066983076,0.06374829567233162,2.305726e+00 -4.033379e-01 2.932053e-02 -1.338747e-03 1.989981e-04 3.714128e-06 -9.168585e-06 1.630070e-07 1.731573e-07 -3.556713e-09 -1.452928e-09 2.223895e-11 4.227677e-12
6.580320447370563,6.580320447370563,False,7.444787401803355,91040,4.492873504359528e-09,0.283635350999067,0.2940630355680827,0.075,10,3.0281066894546185,0.001363961116288337,0.001363961116288337,fg,0,70,2.3105632485889034,-0.39929725036820574,0.06611450307985908,2.305726e+00 -4.033379e-01 2.932053e-02 -1.338747e-03 1.989981e-04 3.714128e-06 -9.168585e-06 1.630070e-07 1.731573e-07 -3.556713e-09 -1.452928e-09 2.223895e-11 4.227677e-12
7.447322616555467,7.447322616555467,False,8.90981301657864,98282,3.1902330053588107e-10,0.2927652415312708,0.2940630355680827,0.075,11,122.13363647520025,0.007859014053252622,0.007859014053252622,fg,1,70,2.3085171902201047,-0.4010758338640719,0.06504605796329647,2.305726e+00 -4.033379e-01 2.932053e-02 -1.338747e-03 1.989981e-04 3.714128e-06 -9.168585e-06 1.630070e-07 1.731573e-07 -3.556713e-09 -1.452928e-09 2.223895e-11 4.227677e-12
6.256228583567421,6.256228583567421,False,7.366098767486739,90508,6.818852677213339e-09,0.28276227342905996,0.2940630355680827,0.075,10,1172.4829101577445,-0.07501786139516753,-0.07501786139516753,fg,2,70,2.312602854379925,-0.3991571896860907,0.0658244471172736,2.305726e+00 -4.033379e-01 2.932053e-02 -1.338747e-03 1.989981e-04 3.714128e-06 -9.168585e-06 1.630070e-07 1.731573e-07 -3.556713e-09 -1.452928e-09 2.223895e-11 4.227677e-12
3.7262428986833007,3.7262428986833007,False,7.394199543674285,90700,-2.3835341169882706e-09,0.27929117986181623,0.2914652506768204,0.075,10,3.0281066894546185,1.0,0.001363961116288337,literal,0,71,2.294627699747962,-0.39961719967030734,0.06795090295169444,2.303059e+00 -3.902983e-01 3.119250e-02 -1.903790e-03 -2.025385e-04 2.369579e-05 1.022458e-05 -4.683187e-07 -1.982979e-07 6.452465e-09 1.593327e-09 -3.193400e-11 -4.493338e-12
6.195107181772695,6.195107181772695,False,inf,100000,4.0710901955616014e-10,0.2914616906584013,0.2914652506768204,0.075,10,122.13363647520025,0.3333333333333333,0.0,literal,1,71,2.3025090038164184,-0.3960479524578578,0.05858948712406653,2.303059e+00 -3.902983e-01 3.119250e-02 -1.903790e-03 -2.025385e-04 2.369579e-05 1.022458e-05 -4.683187e-07 -1.982979e-07 6.452465e-09 1.593327e-09 -3.193400e-11 -4.493338e-12
6.745006827025354,6.745006827025354,False,7.3160456042058,90162,-1.1521492006954568e-09,0.27849180679272123,0.2914652506768204,0.075,10,1172.4829101577445,0.2,-0.07501786139516753,literal,2,71,2.303979225407079,-0.3951429915473108,0.06132991648402826,2.303059e+00 -3.902983e-01 3.119250e-02 -1.903790e-03 -2.025385e-04 2.369579e-05 1.022458e-05 -4.683187e-07 -1.982979e-07 6.452465e-09 1.593327e-09 -3.193400e-11 -4.493338e-12
6.984690429206468,6.984690429206468,False,7.394199543674285,90700,-2.3835341169882706e-09,0.27929117986181623,0.2914652506768204,0.075,10,3.0281066894546185,0.001363961116288337,0.001363961116288337,fg,0,71,2.303388191686819,-0.3946789468011843,0.06058727686228416,2.303059e+00 -3.902983e-01 3.119250e-02 -1.903790e-03 -2.025385e-04 2.369579e-05 1.022458e-05 -4.683187e-07 -1.982979e-07 6.452465e-09 1.593327e-09 -3.193400e-11 -4.493338e-12
8.36736851288741,8.36736851288741,False,8.856135156532,98112,-8.30713622345384e-11,0.2892798142629923,0.2914652506768204,0.075,11,122.13363647520025,0.007859014053252622,0.007859014053252622,fg,1,71,2.3052402526675495,-0.39461097796874506,0.06014339594634953,2.303059e+00 -3.902983e-01 3.119250e-02 -1.903790e-03 -2.025385e-04 2.369579e-05 1.022458e-05 -4.683187e-07 -1.982979e-07 6.452465e-09 1.593327e-09 -3.193400e-11 -4.493338e-12
7.405271660922586,7.405271660922586,False,7.3160456042058,90162,-1.1521492006954568e-09,0.27849180679272123,0.2914652506768204,0.075,10,1172.4829101577445,-0.07501786139516753,-0.07501786139516753,fg,2,71,2.3032948512342224,-0.39576762049094666,0.06142764403449799,2.303059e+00 -3.902983e-01 3.119250e-02 -1.903790e-03 -2.025385e-04 2.369579e-05 1.022458e-05 -4.683187e-07 -1.982979e-07 6.452465e-09 1.593327e-09 -3.193400e-11 -4.493338e-12
3.641224943423922,3.641224943423922,False,7.240706772767688,89630,-3.0269648010548033e-09,0.2774166476630929,0.29186571629752445,0.075,10,3.0281066894546185,1.0,0.001363961116288337,literal,0,72,2.294198137446289,-0.3948485314480214,0.06615769418225473,2.292141e+00 -3.996596e-01 2.916711e-02 -1.055555e-03 2.192373e-04 -1.688961e-05 -8.717450e-06 5.509010e-07 1.578598e-07 -5.743825e-09 -1.480074e-09 2.170609e-11 5.519190e-12
8.14455529191159,8.14455529191159,False,inf,100000,-2.3036354669039238e-11,0.2918617113452281,0.29186571629752445,0.075,10,122.13363647520025,0.3333333333333333,0.0,literal,1,72,2.286535392819198,-0.39983481074559063,0.06584924465161258,2.292141e+00 -3.996596e-01 2.916711e-02 -1.055555e-03 2.192373e-04 -1.688961e-05 -8.717450e-06 5.509010e-07 1.578598e-07 -5.743825e-09 -1.480074e-09 2.170609e-11 5.519190e-12
6.308227727658245,6.308227727658245,False,7.1641751948077665,89078,-2.319879749046224e-09,0.276789928020436,0.29186571629752445,0.075,10,1172.4829101577445,0.2,-0.07501786139516753,literal,2,72,2.2855659780516113,-0.40222059127899895,0.06571035266547434,2.292141e+00 -3.996596e-01 2.916711e-02 -1.055555e-03 2.192373e-04 -1.688961e-05 -8.717450e-06 5.509010e-07 1.578598e-07 -5.743825e-09 -1.480074e-09 2.170609e-11 5.519190e-12
6.82532773746656,6.82532773746656,False,7.240706772767688,89630,-3.0269648010548033e-09,0.2774166476630929,0.29186571629752445,0.075,10,3.0281066894546185,0.001363961116288337,0.001363961116288337,fg,0,72,2.286119676475428,-0.4003597754112246,0.06517051352450452,2.292141e+00 -3.996596e-01 2.916711e-02 -1.055555e-03 2.192373e-04 -1.688961e-05 -8.717450e-06 5.509010e-07 1.578598e-07 -5.743825e-09 -1.480074e-09 2.170609e-11 5.519190e-12
7.689599583085328,7.689599583085328,False,8.70448778475848,97592,2.193563422075221e-10,0.2890393196577297,0.29186571629752445,0.075,11,122.13363647520025,0.007859014053252622,0.007859014053252622,fg,1,72,2.2851214454019484,-0.4014878095117479,0.06722207751050545,2.292141e+00 -3.996596e-01 2.916711e-02 -1.055555e-03 2.192373e-04 -1.688961e-05 -8.717450e-06 5.509010e-07 1.578598e-07 -5.743825e-09 -1.480074e-09 2.170609e-11 5.519190e-12
6.925736507056332,6.925736507056332,False,7.1641751948077665,89078,-2.319879749046224e-09,0.276789928020436,0.29186571629752445,0.075,10,1172.4829101577445,-0.07501786139516753,-0.07501786139516753,fg,2,72,2.285718037550496,-0.40046293085698625,0.06591168360119191,2.292141e+00 -3.996596e-01 2.916711e-02 -1.055555e-03 2.192373e-04 -1.688961e-05 -8.717450e-06 5.509010e-07 1.578598e-07 -5.743825e-09 -1.480074e-09 2.170609e-11 5.519190e-12
3.90127162444044,3.90127162444044,False,7.5601872118235125,91798,-1.4687870939282436e-09,0.27807871617033614,0.289138456874876,0.075,10,3.0281066894546185,1.0,0.001363961116288337,literal,0,73,2.311799949355235,-0.4017629770492513,0.06419267530269798,2.328227e+00 -4.131857e-01 2.754271e-02 2.114876e-04 1.316535e-04 -5.936270e-05 -1.475382e-06 1.342427e-06 -2.326847e-08 -1.414857e-08 5.423580e-10 5.868522e-11 -2.972278e-12
6.506456219923062,6.506456219923062,False,inf,100000,-2.42308113391143e-10,0.28913813685360534,0.289138456874876,0.075,10,122.13363647520025,0.3333333333333333,0.0,literal,1,73,2.315207090043482,-0.4022846332639117,0.059740261140785386,2.328227e+00 -4.131857e-01 2.754271e-02 2.114876e-04 1.316535e-04 -5.936270e-05 -1.475382e-06 1.342427e-06 -2.326847e-08 -1.414857e-08 5.423580e-10 5.868522e-11 -2.972278e-12
6.6098164539041075,6.6098164539041075,False,7.480278844429135,91276,-1.421992094493983e-09,0.2772914460950216,0.289138456874876,0.075,10,1172.4829101577445,0.2,-0.07501786139516753,literal,2,73,2.314986705941013,-0.4025410778652035,0.059506443010307074,2.328227e+00 -4.131857e-01 2.754271e-02 2.114876e-04 1.316535e-04 -5.936270e-05 -1.475382e-06 1.342427e-06 -2.326847e-08 -1.414857e-08 5.423580e-10 5.868522e-11 -2.972278e-12
7.312774641339844,7.312774641339844,False,7.5601872118235125,91798,-1.4687870939282436e-09,0.27807871617033614,0.289138456874876,0.075,10,3.0281066894546185,0.001363961116288337,0.001363961116288337,fg,0,73,2.3160023061682202,-0.4036827023442329,0.060807635023262134,2.328227e+00 -4.131857e-01 2.754271e-02 2.114876e-04 1.316535e-04 -5.936270e-05 -1.475382e-06 1.342427e-06 -2.326847e-08 -1.414857e-08 5.423580e-10 5.868522e-11 -2.972278e-12
9.21145140140167,9.21145140140167,False,9.131269987566533,98900,-2.7439845604551864e-11,0.2878589071050762,0.289138456874876,0.075,11,122.13363647520025,0.007859014053252622,0.007859014053252622,fg,1,73,2.3238478740305006,-0.4079914112223829,0.05740346131016094,2.328227e+00 -4.131857e-01 2.754271e-02 2.114876e-04 1.316535e-04 -5.936270e-05 -1.475382e-06 1.342427e-06 -2.326847e-08 -1.414857e-08 5.423580e-10 5.868522e-11 -2.972278e-12
7.256847580031652,7.256847580031652,False,7.480278844429135,91276,-1.421992094493983e-09,0.2772914460950216,0.289138456874876,0.075,10,1172.4829101577445,-0.07501786139516753,-0.07501786139516753,fg,2,73,2.315796951140744,-0.4027678864484562,0.06122480720650202,2.328227e+00 -4.131857e-01 2.754271e-02 2.114876e-04 1.316535e-04 -5.936270e-05 -1.475382e-06 1.342427e-06 -2.326847e-08 -1.414857e-08 5.423580e-10 5.868522e-11 -2.972278e-12
3.0696825976307536,3.0696825976307536,False,6.374952728560777,82670,-1.7907704994582128e-08,0.2691304665246345,0.2929362502800231,0.075,10,3.0281066894546185,1.0,0.001363961116288337,literal,0,74,2.3210803258663457,-0.40100546826464983,0.059466340225260976,2.308788e+00 -4.100701e-01 3.369258e-02 -3.759707e-04 -3.966572e-04 -4.977868e-05 2.111962e-05 1.425177e-06 -5.078604e-07 -1.588034e-08 5.403300e-09 6.229942e-11 -2.102891e-11
6.822507425723891,6.822507425723891,False,inf,100000,-1.4822420628179057e-10,0.29295258917138917,0.2929362502800231,0.075,10,122.13363647520025,0.3333333333333333,0.0,literal,1,74,2.305891441805072,-0.4106461243306896,0.06931684397186544,2.308788e+00 -4.100701e-01 3.369258e-02 -3.759707e-04 -3.966572e-04 -4.977868e-05 2.111962e-05 1.425177e-06 -5.078604e-07 -1.588034e-08 5.403300e-09 6.229942e-11 -2.102891e-11
4.9772590739653495,4.9772590739653495,False,6.307571848896985,82066,-2.750183326857256e-08,0.26833862430657995,0.2929362502800231,0.075,10,1172.4829101577445,0.2,-0.07501786139516753,literal,2,74,2.3122287298495356,-0.4064818601120759,0.06710410292476479,2.308788e+00 -4.100701e-01 3.369258e-02 -3.759707e-04 -3.966572e-04 -4.977868e-05 2.111962e-05 1.425177e-06 -5.078604e-07 -1.588034e-08 5.403300e-09 6.229942e-11 -2.102891e-11
5.75399490675969,5.75399490675969,False,6.374952728560777,82670,-1.7907704994582128e-08,0.2691304665246345,0.2929362502800231,0.075,10,3.0281066894546185,0.001363961116288337,0.001363961116288337,fg,0,74,2.310386975371807,-0.4109651328170945,0.06672924183726504,2.308788e+00 -4.100701e-01 3.369258e-02 -3.759707e-04 -3.966572e-04 -4.977868e-05 2.111962e-05 1.425177e-06 -5.078604e-07 -1.588034e-08 5.403300e-09 6.229942e-11 -2.102891e-11
7.070393734644315,7.070393734644315,False,7.750713045276008,92980,5.710431799796477e-10,0.2840609470199081,0.2929362502800231,0.075,11,122.13363647520025,0.007859014053252622,0.007859014053252622,fg,1,74,2.3068407449109753,-0.4103066200726889,0.06851353631061363,2.308788e+00 -4.100701e-01 3.369258e-02 -3.759707e-04 -3.966572e-04 -4.977868e-05 2.111962e-05 1.425177e-06 -5.078604e-07 -1.588034e-08 5.403300e-09 6.229942e-11 -2.102891e-11
5.464480098348587,5.464480098348587,False,6.307571848896985,82066,-2.750183326857256e-08,0.26833862430657995,0.2929362502800231,0.075,10,1172.4829101577445,-0.07501786139516753,-0.07501786139516753,fg,2,74,2.310044354318173,-0.40931554110227,0.06658700360300558,2.308788e+00 -4.100701e-01 3.369258e-02 -3.759707e-04 -3.966572e-04 -4.977868e-05 2.111962e-05 1.425177e-06 -5.078604e-07 -1.588034e-08 5.403300e-09 6.229942e-11 -2.102891e-11
3.2393261738719454,3.2393261738719454,False,6.516551660293488,83912,1.0189560918879555e-08,0.26963689021285825,0.29331864442299266,0.075,10,3.0281066894546185,1.0,0.001363961116288337,literal,0,75,2.323639589230193,-0.39396965894740177,0.04943566477406583,2.315165e+00 -4.062013e-01 3.283059e-02 -1.440181e-04 -3.913648e-04 -4.924420e-05 2.001081e-05 1.024773e-06 -4.469223e-07 -9.152799e-09 4.482749e-09 3.243339e-11 -1.680356e-11
7.616334865325714,7.616334865325714,False,inf,100000,4.669536058993789e-11,0.29332482443034125,0.29331864442299266,0.075,10,122.13363647520025,0.3333333333333333,0.0,literal,1,75,2.3150704806181244,-0.3993136072788072,0.063862368450354,2.315165e+00 -4.062013e-01 3.283059e-02 -1.440181e-04 -3.913648e-04 -4.924420e-05 2.001081e-05 1.024773e-06 -4.469223e-07 -9.152799e-09 4.482749e-09 3.243339e-11 -1.680356e-11
5.33416775660832,5.33416775660832,False,6.4476741325781965,83312,1.3302163682606188e-08,0.2687876773354104,0.29331864442299266,0.075,10,1172.4829101577445,0.2,-0.07501786139516753,literal,2,75,2.3169607969742945,-0.3911296441100809,0.05894830834189523,2.315165e+00 -4.062013e-01 3.283059e-02 -1.440181e-04 -3.913648e-04 -4.924420e-05 2.001081e-05 1.024773e-06 -4.469223e-07 -9.152799e-09 4.482749e-09 3.243339e-11 -1.680356e-11
6.071984875628038,6.071984875628038,False,6.516551660293488,83912,1.0189560918879555e-08,0.26963689021285825,0.29331864442299266,0.075,10,3.0281066894546185,0.001363961116288337,0.001363961116288337,fg,0,75,2.3155228172566233,-0.3931005459342821,0.06219117474577183,2.315165e+00 -4.062013e-01 3.283059e-02 -1.440181e-04 -3.913648e-04 -4.924420e-05 2.001081e-05 1.024773e-06 -4.469223e-07 -9.152799e-09 4.482749e-09 3.243339e-11 -1.680356e-11
7.138717851870875,7.138717851870875,False,7.904455581136197,93874,-5.123013075887565e-10,0.28522446601352347,0.29331864442299266,0.075,11,122.13363647520025,0.007859014053252622,0.007859014053252622,fg,1,75,2.3147394016394167,-0.3967713430548051,0.06316420267520732,2.315165e+00 -4.062013e-01 3.283059e-02 -1.440181e-04 -3.913648e-04 -4.924420e-05 2.001081e-05 1.024773e-06 -4.469223e-07 -9.152799e-09 4.482749e-09 3.243339e-11 -1.680356e-11
5.856326366394368,5.856326366394368,False,6.4476741325781965,83312,1.3302163682606188e-08,0.2687876773354104,0.29331864442299266,0.075,10,1172.4829101577445,-0.07501786139516753,-0.07501786139516753,fg,2,75,2.316063324967461,-0.3931888116589617,0.06178501011399544,2.315165e+00 -4.062013e-01 3.283059e-02 -1.440181e-04 -3.913648e-04 -4.924420e-05 2.001081e-05 1.024773e-06 -4.469223e-07 -9.152799e-09 4.482749e-09 3.243339e-11 -1.680356e-11
3.3056627378552887,3.3056627378552887,False,6.519435427042161,83936,-8.252201377692113e-09,0.27070053292485263,0.2921865274398446,0.075,10,3.0281066894546185,1.0,0.001363961116288337,literal,0,76,2.320336948408128,-0.42704290937031697,0.040559134961524135,2.329423e+00 -4.108976e-01 2.758071e-02 -1.034316e-03 3.340637e-04 2.867122e-05 -1.701897e-05 -1.197732e-06 3.941245e-07 1.743159e-08 -4.204808e-09 -8.050978e-11 1.648329e-11
6.828406577315001,6.828406577315001,False,inf,100000,1.4669646964886673e-10,0.29220043139391166,0.2921865274398446,0.075,10,122.13363647520025,0.3333333333333333,0.0,literal,1,76,2.3231311385116364,-0.4244123444930439,0.06366141756574964,2.329423e+00 -4.108976e-01 2.758071e-02 -1.034316e-03 3.340637e-04 2.867122e-05 -1.701897e-05 -1.197732e-06 3.941245e-07 1.743159e-08 -4.204808e-09 -8.050978e-11 1.648329e-11
5.949299017039307,5.949299017039307,False,6.450527418984732,83338,-4.234001884736946e-09,0.2694316143506339,0.2921865274398446,0.075,10,1172.4829101577445,0.2,-0.07501786139516753,literal,2,76,2.3285610652531363,-0.42760040637304875,0.058862578723281093,2.329423e+00 -4.108976e-01 2.758071e-02 -1.034316e-03 3.340637e-04 2.867122e-05 -1.701897e-05 -1.197732e-06 3.941245e-07 1.743159e-08 -4.204808e-09 -8.050978e-11 1.648329e-11
6.196330060888137,6.196330060888137,False,6.519435427042161,83936,-8.252201377692113e-09,0.27070053292485263,0.2921865274398446,0.075,10,3.0281066894546185,0.001363961116288337,0.001363961116288337,fg,0,76,2.325791980388344,-0.4263365102077731,0.060332459106021204,2.329423e+00 -4.108976e-01 2.758071e-02 -1.034316e-03 3.340637e-04 2.867122e-05 -1.701897e-05 -1.197732e-06 3.941245e-07 1.743159e-08 -4.204808e-09 -8.050978e-11 1.648329e-11
8.725872936094806,8.725872936094806,False,7.913844476536335,93926,5.096078414193153e-11,0.2857244443579814,0.2921865274398446,0.075,11,122.13363647520025,0.007859014053252622,0.007859014053252622,fg,1,76,2.3271673040165557,-0.42007896027191133,0.06143595135912318,2.329423e+00 -4.108976e-01 2.758071e-02 -1.034316e-03 3.340637e-04 2.867122e-05 -1.701897e-05 -1.197732e-06 3.941245e-07 1.743159e-08 -4.204808e-09 -8.050978e-11 1.648329e-11
6.531672471659333,6.531672471659333,False,6.450527418984732,83338,-4.234001884736946e-09,0.2694316143506339,0.2921865274398446,0.075,10,1172.4829101577445,-0.07501786139516753,-0.07501786139516753,fg,2,76,2.324074687143282,-0.42567360510043456,0.06318066903232428,2.329423e+00 -4.108976e-01 2.758071e-02 -1.034316e-03 3.340637e-04 2.867122e-05 -1.701897e-05 -1.197732e-06 3.941245e-07 1.743159e-08 -4.204808e-09 -8.050978e-11 1.648329e-11
3.2469602450067185,3.2469602450067185,False,6.407563548065142,82960,-9.976658641487036e-09,0.27158558087756346,0.29393482360010914,0.075,10,3.0281066894546185,1.0,0.001363961116288337,literal,0,77,2.28861018066907,-0.399111632298356,0.08382075023583152,2.289536e+00 -3.993680e-01 3.504706e-02 -1.289551e-03 -5.219552e-04 -1.284209e-05 2.579024e-05 5.912765e-07 -5.651352e-07 -6.590451e-09 5.535906e-09 2.454768e-11 -2.015711e-11
6.587513383054307,6.587513383054307,False,inf,100000,2.145308540619105e-10,0.2939449210396651,0.29393482360010914,0.075,10,122.13363647520025,0.3333333333333333,0.0,literal,1,77,2.2874292414470863,-0.39662145133670934,0.06921633483981728,2.289536e+00 -3.993680e-01 3.504706e-02 -1.289551e-03 -5.219552e-04 -1.284209e-05 2.579024e-05 5.912765e-07 -5.651352e-07 -6.590451e-09 5.535906e-09 2.454768e-11 -2.015711e-11
5.473809375484678,5.473809375484678,False,6.339837984166294,82356,-1.0187293314669292e-08,0.271247275215757,0.29393482360010914,0.075,10,1172.4829101577445,0.2,-0.07501786139516753,literal,2,77,2.285662881908811,-0.3953936796110845,0.07303513904753599,2.289536e+00 -3.993680e-01 3.504706e-02 -1.289551e-03 -5.219552e-04 -1.284209e-05 2.579024e-05 5.912765e-07 -5.651352e-07 -6.590451e-09 5.535906e-09 2.454768e-11 -2.015711e-11
6.08629463079987,6.08629463079987,False,6.407563548065142,82960,-9.976658641487036e-09,0.27158558087756346,0.29393482360010914,0.075,10,3.0281066894546185,0.001363961116288337,0.001363961116288337,fg,0,77,2.286958969231105,-0.39637991045867327,0.07063413810167189,2.289536e+00 -3.993680e-01 3.504706e-02 -1.289551e-03 -5.219552e-04 -1.284209e-05 2.579024e-05 5.912765e-07 -5.651352e-07 -6.590451e-09 5.535906e-09 2.454768e-11 -2.015711e-11
8.88563257789431,8.88563257789431,False,7.781353082320324,93162,4.148716312966921e-11,0.28742887901407344,0.29393482360010914,0.075,11,122.13363647520025,0.007859014053252622,0.007859014053252622,fg,1,77,2.2909090504664253,-0.39908353050288853,0.06400227142026665,2.289536e+00 -3.993680e-01 3.504706e-02 -1.289551e-03 -5.219552e-04 -1.284209e-05 2.579024e-05 5.912765e-07 -5.651352e-07 -6.590451e-09 5.535906e-09 2.454768e-11 -2.015711e-11
6.009637422923942,6.009637422923942,False,6.339837984166294,82356,-1.0187293314669292e-08,0.271247275215757,0.29393482360010914,0.075,10,1172.4829101577445,-0.07501786139516753,-0.07501786139516753,fg,2,77,2.2874314254315697,-0.395537509441221,0.07080101869473907,2.289536e+00 -3.993680e-01 3.504706e-02 -1.289551e-03 -5.219552e-04 -1.284209e-05 2.579024e-05 5.912765e-07 -5.651352e-07 -6.590451e-09 5.535906e-09 2.454768e-11 -2.015711e-11
4.2087521966722745,4.2087521966722745,False,8.64241937463123,97360,-6.731301297351941e-10,0.2873019835726047,0.28972957405971256,0.075,10,3.0281066894546185,1.0,0.001363961116288337,literal,0,78,2.32202568941717,-0.3929147707348517,0.054734063994967753,2.320524e+00 -3.940172e-01 2.893579e-02 -1.923077e-03 1.151406e-04 1.590817e-05 -4.004240e-06 9.604719e-08 6.111802e-08 -3.826865e-09 -3.974230e-10 2.381541e-11 5.859771e-13
6.506011183746261,6.506011183746261,False,inf,100000,-2.4272801159824113e-10,0.28972463732766573,0.28972957405971256,0.075,10,122.13363647520025,0.3333333333333333,0.0,literal,1,78,2.325145914626203,-0.39179772669839735,0.056512766950391154,2.320524e+00 -3.940172e-01 2.893579e-02 -1.923077e-03 1.151406e-04 1.590817e-05 -4.004240e-06 9.604719e-08 6.111802e-08 -3.826865e-09 -3.974230e-10 2.381541e-11 5.859771e-13
6.738257231136464,6.738257231136464,False,8.551072215729626,97004,-1.1821381261494678e-09,0.28707836706364875,0.28972957405971256,0.075,10,1172.4829101577445,0.2,-0.07501786139516753,literal,2,78,2.3252047209437725,-0.39254807382253937,0.057508434501350084,2.320524e+00 -3.940172e-01 2.893579e-02 -1.923077e-03 1.151406e-04 1.590817e-05 -4.004240e-06 9.604719e-08 6.111802e-08 -3.826865e-09 -3.974230e-10 2.381541e-11 5.859771e-13
7.889134440856272,7.889134440856272,False,8.64241937463123,97360,-6.731301297351941e-10,0.2873019835726047,0.28972957405971256,0.075,10,3.0281066894546185,0.001363961116288337,0.001363961116288337,fg,0,78,2.318675828040341,-0.39281596671092384,0.06151611345143545,2.320524e+00 -3.940172e-01 2.893579e-02 -1.923077e-03 1.151406e-04 1.590817e-05 -4.004240e-06 9.604719e-08 6.111802e-08 -3.826865e-09 -3.974230e-10 2.381541e-11 5.859771e-13
9.328247781993756,9.328247781993756,False,10.363143425914673,100000,2.3815405618133116e-11,0.2897266891588833,0.28972957405971256,0.075,11,122.13363647520025,0.007859014053252622,0.007859014053252622,fg,1,78,2.318380517945367,-0.39382049910401407,0.06157648977495398,2.320524e+00 -3.940172e-01 2.893579e-02 -1.923077e-03 1.151406e-04 1.590817e-05 -4.004240e-06 9.604719e-08 6.111802e-08 -3.826865e-09 -3.974230e-10 2.381541e-11 5.859771e-13
7.397861350979174,7.397861350979174,False,8.551072215729626,97004,-1.1821381261494678e-09,0.28707836706364875,0.28972957405971256,0.075,10,1172.4829101577445,-0.07501786139516753,-0.07501786139516753,fg,2,78,2.3204725657330774,-0.39100774617376854,0.06078113220295116,2.320524e+00 -3.940172e-01 2.893579e-02 -1.923077e-03 1.151406e-04 1.590817e-05 -4.004240e-06 9.604719e-08 6.111802e-08 -3.826865e-09 -3.974230e-10 2.381541e-11 5.859771e-13
4.202861429743779,4.202861429743779,False,7.853860368298796,93586,6.812066391080257e-10,0.2857092682339439,0.2930091041673472,0.075,10,3.0281066894546185,1.0,0.001363961116288337,literal,0,79,2.2992157141622966,-0.40121047252511893,0.05688747898250335,2.311526e+00 -3.987489e-01 2.958057e-02 -1.478680e-03 -1.549196e-05 6.144680e-06 3.896539e-06 -9.451199e-08 -9.991650e-08 2.528475e-09 8.488079e-10 -1.551754e-11 -2.399984e-12
6.584483313759943,6.584483313759943,False,inf,100000,2.1522435518895103e-10,0.29300381615849097,0.2930091041673472,0.075,10,122.13363647520025,0.3333333333333333,0.0,literal,1,79,2.307691473639665,-0.40478780353577504,0.051951934961058786,2.311526e+00 -3.987489e-01 2.958057e-02 -1.478680e-03 -1.549196e-05 6.144680e-06 3.896539e-06 -9.451199e-08 -9.991650e-08 2.528475e-09 8.488079e-10 -1.551754e-11 -2.399984e-12
8.076356140585867,8.076356140585867,False,7.770847984849791,93100,-1.7584936432980933e-10,0.285082797458604,0.2930091041673472,0.075,10,1172.4829101577445,0.2,-0.07501786139516753,literal,2,79,2.309772692666634,-0.40501512319781946,0.05651275007390958,2.311526e+00 -3.987489e-01 2.958057e-02 -1.478680e-03 -1.549196e-05 6.144680e-06 3.896539e-06 -9.451199e-08 -9.991650e-08 2.528475e-09 8.488079e-10 -1.551754e-11 -2.399984e-12
7.878092438360759,7.878092438360759,False,7.853860368298796,93586,6.812066391080257e-10,0.2857092682339439,0.2930091041673472,0.075,10,3.0281066894546185,0.001363961116288337,0.001363961116288337,fg,0,79,2.310800369999179,-0.40589717169451917,0.05552687538234543,2.311526e+00 -3.987489e-01 2.958057e-02 -1.478680e-03 -1.549196e-05 6.144680e-06 3.896539e-06 -9.451199e-08 -9.991650e-08 2.528475e-09 8.488079e-10 -1.551754e-11 -2.399984e-12
8.906123990434716,8.906123990434716,False,9.355921533452962,99392,4.074145487769629e-11,0.2922704217820041,0.2930091041673472,0.075,11,122.13363647520025,0.007859014053252622,0.007859014053252622,fg,1,79,2.3112637752168674,-0.4022526656431169,0.05589168274247339,2.311526e+00 -3.987489e-01 2.958057e-02 -1.478680e-03 -1.549196e-05 6.144680e-06 3.896539e-06 -9.451199e-08 -9.991650e-08 2.528475e-09 8.488079e-10 -1.551754e-11 -2.399984e-12
8.86694599207317,8.86694599207317,False,7.770847984849791,93100,-1.7584936432980933e-10,0.285082797458604,0.2930091041673472,0.075,10,1172.4829101577445,-0.07501786139516753,-0.07501786139516753,fg,2,79,2.3107440055521824,-0.4021143162265392,0.05602977816057143,2.311526e+00 -3.987489e-01 2.958057e-02 -1.478680e-03 -1.549196e-05 6.144680e-06 3.896539e-06 -9.451199e-08 -9.991650e-08 2.528475e-09 8.488079e-10 -1.551754e-11 -2.399984e-12
4.08788204537685,4.08788204537685,False,7.6522281268810435,92380,9.066466854937237e-10,0.28265828272036075,0.2916548366960468,0.075,10,3.0281066894546185,1.0,0.001363961116288337,literal,0,80,2.315299923752848,-0.3943116928769541,0.06378449918136679,2.312019e+00 -4.076909e-01 2.968904e-02 -5.756259e-04 -4.790500e-05 -1.508102e-05 4.875140e-06 1.168095e-07 -1.182486e-07 1.615921e-09 1.049587e-09 -1.520920e-11 -3.149496e-12
6.574611928020838,6.574611928020838,False,inf,100000,2.1813588992824164e-10,0.29164971600406514,0.2916548366960468,0.075,10,122.13363647520025,0.3333333333333333,0.0,literal,1,80,2.3141102570164422,-0.4020346051300832,0.060988542926391345,2.312019e+00 -4.076909e-01 2.968904e-02 -5.756259e-04 -4.790500e-05 -1.508102e-05 4.875140e-06 1.168095e-07 -1.182486e-07 1.615921e-09 1.049587e-09 -1.520920e-11 -3.149496e-12
6.908588365133768,6.908588365133768,False,7.571346921242101,91868,9.013564706298167e-10,0.28192495992672334,0.2916548366960468,0.075,10,1172.4829101577445,0.2,-0.07501786139516753,literal,2,80,2.315098271902349,-0.4031277244127925,0.059709297111975285,2.312019e+00 -4.076909e-01 2.968904e-02 -5.756259e-04 -4.790500e-05 -1.508102e-05 4.875140e-06 1.168095e-07 -1.182486e-07 1.615921e-09 1.049587e-09 -1.520920e-11 -3.149496e-12
7.662568269008427,7.662568269008427,False,7.6522281268810435,92380,9.066466854937237e-10,0.28265828272036075,0.2916548366960468,0.075,10,3.0281066894546185,0.001363961116288337,0.001363961116288337,fg,0,80,2.3130872854609366,-0.4066994550869122,0.06053323294528995,2.312019e+00 -4.076909e-01 2.968904e-02 -5.756259e-04 -4.790500e-05 -1.508102e-05 4.875140e-06 1.168095e-07 -1.182486e-07 1.615921e-09 1.049587e-09 -1.520920e-11 -3.149496e-12
11.846022445892423,11.846022445892423,False,9.138215200047174,98918,1.5288880266695086e-12,0.29093159218303166,0.2916548366960468,0.075,11,122.13363647520025,0.007859014053252622,0.007859014053252622,fg,1,80,2.315856608882151,-0.40646274517426206,0.0560696798640484,2.312019e+00 -4.076909e-01 2.968904e-02 -5.756259e-04 -4.790500e-05 -1.508102e-05 4.875140e-06 1.168095e-07 -1.182486e-07 1.615921e-09 1.049587e-09 -1.520920e-11 -3.149496e-12
7.5848661015910155,7.5848661015910155,False,7.571346921242101,91868,9.013564706298167e-10,0.28192495992672334,0.2916548366960468,0.075,10,1172.4829101577445,-0.07501786139516753,-0.07501786139516753,fg,2,80,2.3121628250532233,-0.4054300535480523,0.06036890030222598,2.312019e+00 -4.076909e-01 2.968904e-02 -5.756259e-04 -4.790500e-05 -1.508102e-05 4.875140e-06 1.168095e-07 -1.182486e-07 1.615921e-09 1.049587e-09 -1.520920e-11 -3.149496e-12
3.5383735936522926,3.5383735936522926,False,7.019726574712737,88000,4.0789516146262125e-09,0.2759907870974059,0.2909492941076049,0.075,10,3.0281066894546185,1.0,0.001363961116288337,literal,0,81,2.323925682267768,-0.40071549703276693,0.06509364166369834,2.327891e+00 -4.085354e-01 2.916885e-02 -6.912020e-04 1.160932e-04 -3.782922e-06 -5.815134e-06 -1.907316e-07 1.490621e-07 4.549135e-09 -1.786212e-09 -2.303838e-11 7.561523e-12
6.597723650690035,6.597723650690035,False,inf,100000,2.0999108477227533e-10,0.2909463877841068,0.2909492941076049,0.075,10,122.13363647520025,0.3333333333333333,0.0,literal,1,81,2.32948233752748,-0.40064168144410517,0.05774000399982111,2.327891e+00 -4.085354e-01 2.916885e-02 -6.912020e-04 1.160932e-04 -3.782922e-06 -5.815134e-06 -1.907316e-07 1.490621e-07 4.549135e-09 -1.786212e-09 -2.303838e-11 7.561523e-12
5.930112402359356,5.930112402359356,False,6.945530675269538,87430,4.426175006302175e-09,0.2751333940254147,0.2909492941076049,0.075,10,1172.4829101577445,0.2,-0.07501786139516753,literal,2,81,2.326616128660168,-0.4007702309431011,0.06017956433490271,2.327891e+00 -4.085354e-01 2.916885e-02 -6.912020e-04 1.160932e-04 -3.782922e-06 -5.815134e-06 -1.907316e-07 1.490621e-07 4.549135e-09 -1.786212e-09 -2.303838e-11 7.561523e-12
6.632537074615592,6.632537074615592,False,7.019726574712737,88000,4.0789516146262125e-09,0.2759907870974059,0.2909492941076049,0.075,10,3.0281066894546185,0.001363961116288337,0.001363961116288337,fg,0,81,2.329444961514847,-0.4006898248281415,0.05746299089956522,2.327891e+00 -4.085354e-01 2.916885e-02 -6.912020e-04 1.160932e-04 -3.782922e-06 -5.815134e-06 -1.907316e-07 1.490621e-07 4.549135e-09 -1.786212e-09 -2.303838e-11 7.561523e-12
8.979506408127786,8.979506408127786,False,8.46908318489773,96664,3.682235234355026e-11,0.28833714505220936,0.2909492941076049,0.075,11,122.13363647520025,0.007859014053252622,0.007859014053252622,fg,1,81,2.3267206025227387,-0.4071965993727795,0.05848637529569101,2.327891e+00 -4.085354e-01 2.916885e-02 -6.912020e-04 1.160932e-04 -3.782922e-06 -5.815134e-06 -1.907316e-07 1.490621e-07 4.549135e-09 -1.786212e-09 -2.303838e-11 7.561523e-12
6.510607690317794,6.510607690317794,False,6.945530675269538,87430,4.426175006302175e-09,0.2751333940254147,0.2909492941076049,0.075,10,1172.4829101577445,-0.07501786139516753,-0.07501786139516753,fg,2,81,2.3287878896389547,-0.4010394387467297,0.058127441568490264,2.327891e+00 -4.085354e-01 2.916885e-02 -6.912020e-04 1.160932e-04 -3.782922e-06 -5.815134e-06 -1.907316e-07 1.490621e-07 4.549135e-09 -1.786212e-09 -2.303838e-11 7.561523e-12
3.442024875187958,3.442024875187958,False,6.301331284040982,82010,5.388894345991011e-09,0.2697823423858484,0.29370731673937905,0.075,10,3.0281066894546185,1.0,0.001363961116288337,literal,0,82,2.3139488123229457,-0.40415970085671404,0.05819568131039132,2.316627e+00 -3.964194e-01 3.312263e-02 -1.284500e-03 -5.700650e-04 -2.304533e-05 3.023561e-05 9.583838e-07 -6.690195e-07 -1.173832e-08 6.577879e-09 4.915231e-11 -2.398458e-11
6.501781387883942,6.501781387883942,False,inf,100000,2.460731999073027e-10,0.29372639256504895,0.29370731673937905,0.075,10,122.13363647520025,0.3333333333333333,0.0,literal,1,82,2.314843781261132,-0.3945885927183427,0.056790007887563713,2.316627e+00 -3.964194e-01 3.312263e-02 -1.284500e-03 -5.700650e-04 -2.304533e-05 3.023561e-05 9.583838e-07 -6.690195e-07 -1.173832e-08 6.577879e-09 4.915231e-11 -2.398458e-11
5.635353427955761,5.635353427955761,False,6.234728555667886,81404,-7.470269441428327e-09,0.26864673945630035,0.29370731673937905,0.075,10,1172.4829101577445,0.2,-0.07501786139516753,literal,2,82,2.314382361867307,-0.3983935276196257,0.05544903456989153,2.316627e+00 -3.964194e-01 3.312263e-02 -1.284500e-03 -5.700650e-04 -2.304533e-05 3.023561e-05 9.583838e-07 -6.690195e-07 -1.173832e-08 6.577879e-09 4.915231e-11 -2.398458e-11
6.451935329098159,6.451935329098159,False,6.301331284040982,82010,5.388894345991011e-09,0.2697823423858484,0.29370731673937905,0.075,10,3.0281066894546185,0.001363961116288337,0.001363961116288337,fg,0,82,2.315726449601164,-0.39497918559691314,0.05634119607465288,2.316627e+00 -3.964194e-01 3.312263e-02 -1.284500e-03 -5.700650e-04 -2.304533e-05 3.023561e-05 9.583838e-07 -6.690195e-07 -1.173832e-08 6.577879e-09 4.915231e-11 -2.398458e-11
6.677738366182186,6.677738366182186,False,7.664013101321451,92452,-1.1016458769549127e-09,0.284073720764601,0.29370731673937905,0.075,11,122.13363647520025,0.007859014053252622,0.007859014053252622,fg,1,82,2.316657448487233,-0.3947348641245145,0.055479801832599936,2.316627e+00 -3.964194e-01 3.312263e-02 -1.284500e-03 -5.700650e-04 -2.304533e-05 3.023561e-05 9.583838e-07 -6.690195e-07 -1.173832e-08 6.577879e-09 4.915231e-11 -2.398458e-11
6.1869949296593765,6.1869949296593765,False,6.234728555667886,81404,-7.470269441428327e-09,0.26864673945630035,0.29370731673937905,0.075,10,1172.4829101577445,-0.07501786139516753,-0.07501786139516753,fg,2,82,2.3158342882401035,-0.3961562011558648,0.055742765439988455,2.316627e+00 -3.964194e-01 3.312263e-02 -1.284500e-03 -5.700650e-04 -2.304533e-05 3.023561e-05 9.583838e-07 -6.690195e-07 -1.173832e-08 6.577879e-09 4.915231e-11 -2.398458e-11
3.740436937745038,3.740436937745038,False,7.430198812517584,90942,2.2890788267634917e-09,0.2790041495054837,0.2903699900511177,0.075,10,3.0281066894546185,1.0,0.001363961116288337,literal,0,83,2.307678650514083,-0.4145238123819115,0.06812583861830097,2.325492e+00 -4.101621e-01 2.992163e-02 -6.185898e-04 -8.072638e-05 -3.000919e-06 2.653343e-06 -3.490079e-07 -4.812380e-09 7.947447e-09 -5.289439e-10 -4.320493e-11 3.841427e-12
6.09137319820796,6.09137319820796,False,inf,100000,4.851733856367315e-10,0.2903675131556839,0.2903699900511177,0.075,10,122.13363647520025,0.3333333333333333,0.0,literal,1,83,2.3089162320139884,-0.41355946693472223,0.0663592815074326,2.325492e+00 -4.101621e-01 2.992163e-02 -6.185898e-04 -8.072638e-05 -3.000919e-06 2.653343e-06 -3.490079e-07 -4.812380e-09 7.947447e-09 -5.289439e-10 -4.320493e-11 3.841427e-12
6.048276151601432,6.048276151601432,False,7.351664374164606,90408,3.6175449782409634e-09,0.27813551114215623,0.2903699900511177,0.075,10,1172.4829101577445,0.2,-0.07501786139516753,literal,2,83,2.308271317895067,-0.4136061280179443,0.06673467988256207,2.325492e+00 -4.101621e-01 2.992163e-02 -6.185898e-04 -8.072638e-05 -3.000919e-06 2.653343e-06 -3.490079e-07 -4.812380e-09 7.947447e-09 -5.289439e-10 -4.320493e-11 3.841427e-12
7.011296576868321,7.011296576868321,False,7.430198812517584,90942,2.2890788267634917e-09,0.2790041495054837,0.2903699900511177,0.075,10,3.0281066894546185,0.001363961116288337,0.001363961116288337,fg,0,83,2.3120283771403134,-0.4128895869091021,0.06504897928973889,2.325492e+00 -4.101621e-01 2.992163e-02 -6.185898e-04 -8.072638e-05 -3.000919e-06 2.653343e-06 -3.490079e-07 -4.812380e-09 7.947447e-09 -5.289439e-10 -4.320493e-11 3.841427e-12
8.63953956025256,8.63953956025256,False,8.965718327973969,98450,-5.747915572628109e-11,0.28918472705801257,0.2903699900511177,0.075,11,122.13363647520025,0.007859014053252622,0.007859014053252622,fg,1,83,2.322466218503115,-0.41162806219189085,0.05856510640001632,2.325492e+00 -4.101621e-01 2.992163e-02 -6.185898e-04 -8.072638e-05 -3.000919e-06 2.653343e-06 -3.490079e-07 -4.812380e-09 7.947447e-09 -5.289439e-10 -4.320493e-11 3.841427e-12
6.640338420923535,6.640338420923535,False,7.351664374164606,90408,3.6175449782409634e-09,0.27813551114215623,0.2903699900511177,0.075,10,1172.4829101577445,-0.07501786139516753,-0.07501786139516753,fg,2,83,2.310837841336757,-0.413446911615853,0.06459145694078587,2.325492e+00 -4.101621e-01 2.992163e-02 -6.185898e-04 -8.072638e-05 -3.000919e-06 2.653343e-06 -3.490079e-07 -4.812380e-09 7.947447e-09 -5.289439e-10 -4.320493e-11 3.841427e-12
4.65867321988026,4.65867321988026,False,7.389256303042195,90666,2.3055706785293253e-10,0.284435748447656,0.2955169868783659,0.075,10,3.0281066894546185,1.0,0.001363961116288337,literal,0,84,2.3124896418988126,-0.40601738935176745,0.0715476211782588,2.301905e+00 -4.033597e-01 3.232473e-02 -1.166705e-03 -1.073920e-04 -7.138715e-06 3.507805e-06 4.141648e-07 -7.963276e-08 -6.125302e-09 9.318189e-10 3.261353e-11 -4.329857e-12
6.598887655567169,6.598887655567169,False,inf,100000,-2.1124113202104618e-10,0.2955133576940278,0.2955169868783659,0.075,10,122.13363647520025,0.3333333333333333,0.0,literal,1,84,2.303569723392484,-0.40295435642524213,0.0704566629468308,2.301905e+00 -4.033597e-01 3.232473e-02 -1.166705e-03 -1.073920e-04 -7.138715e-06 3.507805e-06 4.141648e-07 -7.963276e-08 -6.125302e-09 9.318189e-10 3.261353e-11 -4.329857e-12
5.805892254804498,5.805892254804498,False,7.311154611788932,90128,5.607648807254431e-09,0.28312273002950283,0.2955169868783659,0.075,10,1172.4829101577445,0.2,-0.07501786139516753,literal,2,84,2.306522218988076,-0.4030594722213965,0.07067437033443792,2.301905e+00 -4.033597e-01 3.232473e-02 -1.166705e-03 -1.073920e-04 -7.138715e-06 3.507805e-06 4.141648e-07 -7.963276e-08 -6.125302e-09 9.318189e-10 3.261353e-11 -4.329857e-12
8.732493059750935,8.732493059750935,False,7.389256303042195,90666,2.3055706785293253e-10,0.284435748447656,0.2955169868783659,0.075,10,3.0281066894546185,0.001363961116288337,0.001363961116288337,fg,0,84,2.303049939923548,-0.40156489936827205,0.06671981107487136,2.301905e+00 -4.033597e-01 3.232473e-02 -1.166705e-03 -1.073920e-04 -7.138715e-06 3.507805e-06 4.141648e-07 -7.963276e-08 -6.125302e-09 9.318189e-10 3.261353e-11 -4.329857e-12
8.630739839751245,8.630739839751245,False,8.889194593181589,98218,5.866325599085158e-11,0.29424410132019074,0.2955169868783659,0.075,11,122.13363647520025,0.007859014053252622,0.007859014053252622,fg,1,84,2.3036678033285787,-0.40154156479801706,0.06619880832875441,2.301905e+00 -4.033597e-01 3.232473e-02 -1.166705e-03 -1.073920e-04 -7.138715e-06 3.507805e-06 4.141648e-07 -7.963276e-08 -6.125302e-09 9.318189e-10 3.261353e-11 -4.329857e-12
6.374227704056269,6.374227704056269,False,7.311154611788932,90128,5.607648807254431e-09,0.28312273002950283,0.2955169868783659,0.075,10,1172.4829101577445,-0.07501786139516753,-0.07501786139516753,fg,2,84,2.303398005845133,-0.40401464192645137,0.0707736409862607,2.301905e+00 -4.033597e-01 3.232473e-02 -1.166705e-03 -1.073920e-04 -7.138715e-06 3.507805e-06 4.141648e-07 -7.963276e-08 -6.125302e-09 9.318189e-10 3.261353e-11 -4.329857e-12
3.1313061925453907,3.1313061925453907,False,6.590050117685608,84540,1.4564575179179057e-08,0.27024147579189617,0.29203257350802797,0.075,10,3.0281066894546185,1.0,0.001363961116288337,literal,0,85,2.3076880568329075,-0.391993508906923,0.08278150857915227,2.321052e+00 -3.980242e-01 2.592670e-02 -1.564917e-03 3.952683e-04 2.745716e-05 -1.687037e-05 -6.741897e-07 3.693176e-07 7.690815e-09 -3.862493e-09 -2.906495e-11 1.486566e-11
7.412301824999107,7.412301824999107,False,inf,100000,6.196457579032891e-11,0.29203619281627896,0.29203257350802797,0.075,10,122.13363647520025,0.3333333333333333,0.0,literal,1,85,2.314006481279764,-0.40016083813186754,0.05989780708327041,2.321052e+00 -3.980242e-01 2.592670e-02 -1.564917e-03 3.952683e-04 2.745716e-05 -1.687037e-05 -6.741897e-07 3.693176e-07 7.690815e-09 -3.862493e-09 -2.906495e-11 1.486566e-11
5.032878719417033,5.032878719417033,False,6.520395738607822,83946,2.4515776505367276e-08,0.26927856529391975,0.29203257350802797,0.075,10,1172.4829101577445,0.2,-0.07501786139516753,literal,2,85,2.3117280064741155,-0.40046597618532404,0.06573235784775265,2.321052e+00 -3.980242e-01 2.592670e-02 -1.564917e-03 3.952683e-04 2.745716e-05 -1.687037e-05 -6.741897e-07 3.693176e-07 7.690815e-09 -3.862493e-09 -2.906495e-11 1.486566e-11
5.869505823604551,5.869505823604551,False,6.590050117685608,84540,1.4564575179179057e-08,0.27024147579189617,0.29203257350802797,0.075,10,3.0281066894546185,0.001363961116288337,0.001363961116288337,fg,0,85,2.309272512496619,-0.40002449189975336,0.06465786056055342,2.321052e+00 -3.980242e-01 2.592670e-02 -1.564917e-03 3.952683e-04 2.745716e-05 -1.687037e-05 -6.741897e-07 3.693176e-07 7.690815e-09 -3.862493e-09 -2.906495e-11 1.486566e-11
6.946645596433856,6.946645596433856,False,7.987592476977692,94332,7.017146965929964e-10,0.28577239340049615,0.29203257350802797,0.075,11,122.13363647520025,0.007859014053252622,0.007859014053252622,fg,1,85,2.3137664451459203,-0.3999632767770784,0.06131482661166076,2.321052e+00 -3.980242e-01 2.592670e-02 -1.564917e-03 3.952683e-04 2.745716e-05 -1.687037e-05 -6.741897e-07 3.693176e-07 7.690815e-09 -3.862493e-09 -2.906495e-11 1.486566e-11
5.525544318862587,5.525544318862587,False,6.520395738607822,83946,2.4515776505367276e-08,0.26927856529391975,0.29203257350802797,0.075,10,1172.4829101577445,-0.07501786139516753,-0.07501786139516753,fg,2,85,2.311194765642717,-0.4011734223950695,0.06466034260579494,2.321052e+00 -3.980242e-01 2.592670e-02 -1.564917e-03 3.952683e-04 2.745716e-05 -1.687037e-05 -6.741897e-07 3.693176e-07 7.690815e-09 -3.862493e-09 -2.906495e-11 1.486566e-11
3.91077234946581,3.91077234946581,False,6.972661949097505,87640,-1.4283283090487058e-09,0.2767511462155691,0.29308171136166966,0.075,10,3.0281066894546185,1.0,0.001363961116288337,literal,0,86,2.303820798584514,-0.39777166669099195,0.07311442377578507,2.303187e+00 -3.992525e-01 2.799599e-02 -1.554130e-03 2.754078e-04 3.032579e-05 -1.181977e-05 -7.850673e-07 2.382870e-07 9.171152e-09 -2.296378e-09 -3.616658e-11 8.236732e-12
6.950761262256685,6.950761262256685,False,inf,100000,-1.2192311836016114e-10,0.2930803172660283,0.29308171136166966,0.075,10,122.13363647520025,0.3333333333333333,0.0,literal,1,86,2.2896509598125023,-0.3974900275331295,0.0692075959413605,2.303187e+00 -3.992525e-01 2.799599e-02 -1.554130e-03 2.754078e-04 3.032579e-05 -1.181977e-05 -7.850673e-07 2.382870e-07 9.171152e-09 -2.296378e-09 -3.616658e-11 8.236732e-12
5.991248077705808,5.991248077705808,False,6.898963505244963,87066,-3.9783095074887104e-09,0.275692659514114,0.29308171136166966,0.075,10,1172.4829101577445,0.2,-0.07501786139516753,literal,2,86,2.2926643094568186,-0.39645013216178615,0.07021700206238667,2.303187e+00 -3.992525e-01 2.799599e-02 -1.554130e-03 2.754078e-04 3.032579e-05 -1.181977e-05 -7.850673e-07 2.382870e-07 9.171152e-09 -2.296378e-09 -3.616658e-11 8.236732e-12
7.330583363143425,7.330583363143425,False,6.972661949097505,87640,-1.4283283090487058e-09,0.2767511462155691,0.29308171136166966,0.075,10,3.0281066894546185,0.001363961116288337,0.001363961116288337,fg,0,86,2.2904028236595146,-0.396257917893179,0.06747787742231708,2.303187e+00 -3.992525e-01 2.799599e-02 -1.554130e-03 2.754078e-04 3.032579e-05 -1.181977e-05 -7.850673e-07 2.382870e-07 9.171152e-09 -2.296378e-09 -3.616658e-11 8.236732e-12
8.9744160772936,8.9744160772936,False,8.407669497476581,96398,-3.71843816464668e-11,0.2902248465924265,0.29308171136166966,0.075,11,122.13363647520025,0.007859014053252622,0.007859014053252622,fg,1,86,2.2957799252033046,-0.3992155799404486,0.0623231439798158,2.303187e+00 -3.992525e-01 2.799599e-02 -1.554130e-03 2.754078e-04 3.032579e-05 -1.181977e-05 -7.850673e-07 2.382870e-07 9.171152e-09 -2.296378e-09 -3.616658e-11 8.236732e-12
6.577727901716321,6.577727901716321,False,6.898963505244963,87066,-3.9783095074887104e-09,0.275692659514114,0.29308171136166966,0.075,10,1172.4829101577445,-0.07501786139516753,-0.07501786139516753,fg,2,86,2.2918752226090864,-0.3965472187927383,0.06780986839451349,2.303187e+00 -3.992525e-01 2.799599e-02 -1.554130e-03 2.754078e-04 3.032579e-05 -1.181977e-05 -7.850673e-07 2.382870e-07 9.171152e-09 -2.296378e-09 -3.616658e-11 8.236732e-12
3.766324189239569,3.766324189239569,False,6.986177044345957,87744,2.10962993752113e-09,0.27390775984914717,0.2919699512557534,0.075,10,3.0281066894546185,1.0,0.001363961116288337,literal,0,87,2.299950564309138,-0.41404600468971436,0.05759049149291425,2.309092e+00 -4.035904e-01 2.813272e-02 -9.868678e-04 1.237260e-04 7.109824e-06 -4.819921e-06 -5.518777e-07 1.295050e-07 9.963391e-09 -1.711462e-09 -4.980807e-11 7.816077e-12
6.282140759744803,6.282140759744803,False,inf,100000,3.51942206002274e-10,0.29197007768552913,0.2919699512557534,0.075,10,122.13363647520025,0.3333333333333333,0.0,literal,1,87,2.2987705579318973,-0.4046423508427881,0.0631513112087175,2.309092e+00 -4.035904e-01 2.813272e-02 -9.868678e-04 1.237260e-04 7.109824e-06 -4.819921e-06 -5.518777e-07 1.295050e-07 9.963391e-09 -1.711462e-09 -4.980807e-11 7.816077e-12
5.733030371090276,5.733030371090276,False,6.912335750962547,87172,6.285060298610621e-09,0.2728052357893218,0.2919699512557534,0.075,10,1172.4829101577445,0.2,-0.07501786139516753,literal,2,87,2.2965592846278855,-0.40514054486366335,0.06559642948282847,2.309092e+00 -4.035904e-01 2.813272e-02 -9.868678e-04 1.237260e-04 7.109824e-06 -4.819921e-06 -5.518777e-07 1.295050e-07 9.963391e-09 -1.711462e-09 -4.980807e-11 7.816077e-12
7.059821174611588,7.059821174611588,False,6.986177044345957,87744,2.10962993752113e-09,0.27390775984914717,0.2919699512557534,0.075,10,3.0281066894546185,0.001363961116288337,0.001363961116288337,fg,0,87,2.301162058271739,-0.4062930517342717,0.060438563065271664,2.309092e+00 -4.035904e-01 2.813272e-02 -9.868678e-04 1.237260e-04 7.109824e-06 -4.819921e-06 -5.518777e-07 1.295050e-07 9.963391e-09 -1.711462e-09 -4.980807e-11 7.816077e-12
7.437685700326394,7.437685700326394,False,8.441857242253576,96548,3.2145799956015615e-10,0.2885288408431964,0.2919699512557534,0.075,11,122.13363647520025,0.007859014053252622,0.007859014053252622,fg,1,87,2.3011915215108236,-0.4064977913507366,0.06108242679585576,2.309092e+00 -4.035904e-01 2.813272e-02 -9.868678e-04 1.237260e-04 7.109824e-06 -4.819921e-06 -5.518777e-07 1.295050e-07 9.963391e-09 -1.711462e-09 -4.980807e-11 7.816077e-12
6.29423341250589,6.29423341250589,False,6.912335750962547,87172,6.285060298610621e-09,0.2728052357893218,0.2919699512557534,0.075,10,1172.4829101577445,-0.07501786139516753,-0.07501786139516753,fg,2,87,2.2987175219606697,-0.4046685174621899,0.06347499637128108,2.309092e+00 -4.035904e-01 2.813272e-02 -9.868678e-04 1.237260e-04 7.109824e-06 -4.819921e-06 -5.518777e-07 1.295050e-07 9.963391e-09 -1.711462e-09 -4.980807e-11 7.816077e-12
3.693249422446684,3.693249422446684,False,6.556266758050317,84254,2.5834962111197758e-09,0.272218197903145,0.29506649345387503,0.075,10,3.0281066894546185,1.0,0.001363961116288337,literal,0,88,2.3142221877794804,-0.40882173815731326,0.06394960809665391,2.328234e+00 -4.001832e-01 2.698444e-02 -2.013520e-03 3.190896e-04 5.410597e-05 -1.490946e-05 -1.402766e-06 3.478131e-07 1.712169e-08 -3.835374e-09 -7.422848e-11 1.557089e-11
6.4341457167546645,6.4341457167546645,False,inf,100000,2.7526217979931697e-10,0.2950778051149792,0.29506649345387503,0.075,10,122.13363647520025,0.3333333333333333,0.0,literal,1,88,2.3184335685257462,-0.4032198073953266,0.05807842608874028,2.328234e+00 -4.001832e-01 2.698444e-02 -2.013520e-03 3.190896e-04 5.410597e-05 -1.490946e-05 -1.402766e-06 3.478131e-07 1.712169e-08 -3.835374e-09 -7.422848e-11 1.557089e-11
5.865551217713101,5.865551217713101,False,6.486969456520734,83656,4.934814371185447e-09,0.27176392884198053,0.29506649345387503,0.075,10,1172.4829101577445,0.2,-0.07501786139516753,literal,2,88,2.3177625956144414,-0.4033832129596936,0.05851748919707658,2.328234e+00 -4.001832e-01 2.698444e-02 -2.013520e-03 3.190896e-04 5.410597e-05 -1.490946e-05 -1.402766e-06 3.478131e-07 1.712169e-08 -3.835374e-09 -7.422848e-11 1.557089e-11
6.92284550283906,6.92284550283906,False,6.556266758050317,84254,2.5834962111197758e-09,0.272218197903145,0.29506649345387503,0.075,10,3.0281066894546185,0.001363961116288337,0.001363961116288337,fg,0,88,2.318451600047617,-0.4029395583661169,0.0583308808288002,2.328234e+00 -4.001832e-01 2.698444e-02 -2.013520e-03 3.190896e-04 5.410597e-05 -1.490946e-05 -1.402766e-06 3.478131e-07 1.712169e-08 -3.835374e-09 -7.422848e-11 1.557089e-11
6.976341611222021,6.976341611222021,False,7.956662154157763,94164,6.704698429605045e-10,0.28778445502504835,0.29506649345387503,0.075,11,122.13363647520025,0.007859014053252622,0.007859014053252622,fg,1,88,2.318751380869044,-0.40238523057196246,0.058610583658822095,2.328234e+00 -4.001832e-01 2.698444e-02 -2.013520e-03 3.190896e-04 5.410597e-05 -1.490946e-05 -1.402766e-06 3.478131e-07 1.712169e-08 -3.835374e-09 -7.422848e-11 1.557089e-11
6.4397266484868325,6.4397266484868325,False,6.486969456520734,83656,4.934814371185447e-09,0.27176392884198053,0.29506649345387503,0.075,10,1172.4829101577445,-0.07501786139516753,-0.07501786139516753,fg,2,88,2.3181889527234687,-0.4032734299565426,0.05816205472893909,2.328234e+00 -4.001832e-01 2.698444e-02 -2.013520e-03 3.190896e-04 5.410597e-05 -1.490946e-05 -1.402766e-06 3.478131e-07 1.712169e-08 -3.835374e-09 -7.422848e-11 1.557089e-11
3.523277182275165,3.523277182275165,False,7.117415890794465,88734,-4.28624560859439e-09,0.2785846790200702,0.29314477546527584,0.075,10,3.0281066894546185,1.0,0.001363961116288337,literal,0,89,2.320231169622435,-0.399561092758999,0.06230308435386027,2.319176e+00 -3.930121e-01 2.730584e-02 -1.888818e-03 2.765196e-04 2.458325e-05 -1.078733e-05 -3.594415e-07 2.062150e-07 3.117967e-09 -1.921478e-09 -9.897593e-12 6.706282e-12
6.81044092751818,6.81044092751818,False,inf,100000,-1.5105350401431215e-10,0.29314072700643856,0.29314477546527584,0.075,10,122.13363647520025,0.3333333333333333,0.0,literal,1,89,2.3137015371244405,-0.39268988923750514,0.05738754965806659,2.319176e+00 -3.930121e-01 2.730584e-02 -1.888818e-03 2.765196e-04 2.458325e-05 -1.078733e-05 -3.594415e-07 2.062150e-07 3.117967e-09 -1.921478e-09 -9.897593e-12 6.706282e-12
6.039174067141094,6.039174067141094,False,7.042187451608366,88170,-3.671142502195681e-09,0.2775208992029909,0.29314477546527584,0.075,10,1172.4829101577445,0.2,-0.07501786139516753,literal,2,89,2.315478078854272,-0.3919969171386459,0.054508265565735806,2.319176e+00 -3.930121e-01 2.730584e-02 -1.888818e-03 2.765196e-04 2.458325e-05 -1.078733e-05 -3.594415e-07 2.062150e-07 3.117967e-09 -1.921478e-09 -9.897593e-12 6.706282e-12
6.604239466829893,6.604239466829893,False,7.117415890794465,88734,-4.28624560859439e-09,0.2785846790200702,0.29314477546527584,0.075,10,3.0281066894546185,0.001363961116288337,0.001363961116288337,fg,0,89,2.315134592200123,-0.3920943727802503,0.05575629667240279,2.319176e+00 -3.930121e-01 2.730584e-02 -1.888818e-03 2.765196e-04 2.458325e-05 -1.078733e-05 -3.594415e-07 2.062150e-07 3.117967e-09 -1.921478e-09 -9.897593e-12 6.706282e-12
9.785447474075191,9.785447474075191,False,8.561701324172647,97046,-1.3745458531939548e-11,0.2900982994172226,0.29314477546527584,0.075,11,122.13363647520025,0.007859014053252622,0.007859014053252622,fg,1,89,2.317085477987853,-0.393502968836289,0.05832590720389345,2.319176e+00 -3.930121e-01 2.730584e-02 -1.888818e-03 2.765196e-04 2.458325e-05 -1.078733e-05 -3.594415e-07 2.062150e-07 3.117967e-09 -1.921478e-09 -9.897593e-12 6.706282e-12
6.630345338657198,6.630345338657198,False,7.042187451608366,88170,-3.671142502195681e-09,0.2775208992029909,0.29314477546527584,0.075,10,1172.4829101577445,-0.07501786139516753,-0.07501786139516753,fg,2,89,2.3150323530008685,-0.3917487355093268,0.05582007826329358,2.319176e+00 -3.930121e-01 2.730584e-02 -1.888818e-03 2.765196e-04 2.458325e-05 -1.078733e-05 -3.594415e-07 2.062150e-07 3.117967e-09 -1.921478e-09 -9.897593e-12 6.706282e-12
4.047115665069202,4.047115665069202,False,6.7654691295028915,85998,-9.872034256599548e-10,0.2715134457189868,0.2889022471903348,0.075,10,3.0281066894546185,1.0,0.001363961116288337,literal,0,90,2.3156814661863545,-0.40737736559882815,0.06882308162887557,2.323528e+00 -4.018493e-01 2.768672e-02 -1.707430e-03 2.269823e-04 4.941731e-05 -1.062652e-05 -1.395813e-06 2.517906e-07 1.711346e-08 -2.775395e-09 -7.261542e-11 1.100792e-11
6.900490746745901,6.900490746745901,False,inf,100000,1.30639130459241e-10,0.2889088282713744,0.2889022471903348,0.075,10,122.13363647520025,0.3333333333333333,0.0,literal,1,90,2.317617708946987,-0.40430034673309273,0.06304691598967826,2.323528e+00 -4.018493e-01 2.768672e-02 -1.707430e-03 2.269823e-04 4.941731e-05 -1.062652e-05 -1.395813e-06 2.517906e-07 1.711346e-08 -2.775395e-09 -7.261542e-11 1.100792e-11
5.443497129392103,5.443497129392103,False,6.69396063670391,85412,-1.0782949399121055e-08,0.27044428542533366,0.2889022471903348,0.075,10,1172.4829101577445,0.2,-0.07501786139516753,literal,2,90,2.319128380486429,-0.4043799414175586,0.0626433284463546,2.323528e+00 -4.018493e-01 2.768672e-02 -1.707430e-03 2.269823e-04 4.941731e-05 -1.062652e-05 -1.395813e-06 2.517906e-07 1.711346e-08 -2.775395e-09 -7.261542e-11 1.100792e-11
7.586153350789104,7.586153350789104,False,6.7654691295028915,85998,-9.872034256599548e-10,0.2715134457189868,0.2889022471903348,0.075,10,3.0281066894546185,0.001363961116288337,0.001363961116288337,fg,0,90,2.3173085388096046,-0.4027719839043491,0.06061657153666747,2.323528e+00 -4.018493e-01 2.768672e-02 -1.707430e-03 2.269823e-04 4.941731e-05 -1.062652e-05 -1.395813e-06 2.517906e-07 1.711346e-08 -2.775395e-09 -7.261542e-11 1.100792e-11
7.557682106660638,7.557682106660638,False,8.190057515004037,95382,-2.6538236521443547e-10,0.2841536508517902,0.2889022471903348,0.075,11,122.13363647520025,0.007859014053252622,0.007859014053252622,fg,1,90,2.3178194040465976,-0.40265948176084077,0.06065738848500628,2.323528e+00 -4.018493e-01 2.768672e-02 -1.707430e-03 2.269823e-04 4.941731e-05 -1.062652e-05 -1.395813e-06 2.517906e-07 1.711346e-08 -2.775395e-09 -7.261542e-11 1.100792e-11
5.976357928517966,5.976357928517966,False,6.69396063670391,85412,-1.0782949399121055e-08,0.27044428542533366,0.2889022471903348,0.075,10,1172.4829101577445,-0.07501786139516753,-0.07501786139516753,fg,2,90,2.320099180962012,-0.40359124014536896,0.06183196660395388,2.323528e+00 -4.018493e-01 2.768672e-02 -1.707430e-03 2.269823e-04 4.941731e-05 -1.062652e-05 -1.395813e-06 2.517906e-07 1.711346e-08 -2.775395e-09 -7.261542e-11 1.100792e-11
3.3576713462298953,3.3576713462298953,False,7.068374195644168,88368,-7.088515842119434e-09,0.27722512606706157,0.2936923371278438,0.075,10,3.0281066894546185,1.0,0.001363961116288337,literal,0,91,2.306623008743946,-0.4132896065831182,0.06159557636034167,2.307657e+00 -4.080996e-01 2.885847e-02 -9.206864e-04 1.877263e-04 6.671215e-06 -8.638124e-06 -3.134947e-07 1.860328e-07 4.770559e-09 -1.905029e-09 -2.086390e-11 7.146524e-12
8.32397274183477,8.32397274183477,False,inf,100000,-1.8382503992749222e-11,0.29368900706927115,0.2936923371278438,0.075,10,122.13363647520025,0.3333333333333333,0.0,literal,1,91,2.30726775628224,-0.41119864756819613,0.061949629248476655,2.307657e+00 -4.080996e-01 2.885847e-02 -9.206864e-04 1.877263e-04 6.671215e-06 -8.638124e-06 -3.134947e-07 1.860328e-07 4.770559e-09 -1.905029e-09 -2.086390e-11 7.146524e-12
5.667669078419899,5.667669078419899,False,6.993664108938493,87802,-7.133709166569166e-09,0.276241990097753,0.2936923371278438,0.075,10,1172.4829101577445,0.2,-0.07501786139516753,literal,2,91,2.305741663450396,-0.41346478908705697,0.06410275982559147,2.307657e+00 -4.080996e-01 2.885847e-02 -9.206864e-04 1.877263e-04 6.671215e-06 -8.638124e-06 -3.134947e-07 1.860328e-07 4.770559e-09 -1.905029e-09 -2.086390e-11 7.146524e-12
6.293818077377567,6.293818077377567,False,7.068374195644168,88368,-7.088515842119434e-09,0.27722512606706157,0.2936923371278438,0.075,10,3.0281066894546185,0.001363961116288337,0.001363961116288337,fg,0,91,2.305856628214935,-0.4138027674717018,0.06502128135440002,2.307657e+00 -4.080996e-01 2.885847e-02 -9.206864e-04 1.877263e-04 6.671215e-06 -8.638124e-06 -3.134947e-07 1.860328e-07 4.770559e-09 -1.905029e-09 -2.086390e-11 7.146524e-12
7.856254839166424,7.856254839166424,False,8.514330322117933,96854,1.7177008417704978e-10,0.2902176640889702,0.2936923371278438,0.075,11,122.13363647520025,0.007859014053252622,0.007859014053252622,fg,1,91,2.3076068933254965,-0.41136625892915785,0.06240050551756672,2.307657e+00 -4.080996e-01 2.885847e-02 -9.206864e-04 1.877263e-04 6.671215e-06 -8.638124e-06 -3.134947e-07 1.860328e-07 4.770559e-09 -1.905029e-09 -2.086390e-11 7.146524e-12
6.2224739405371015,6.2224739405371015,False,6.993664108938493,87802,-7.133709166569166e-09,0.276241990097753,0.2936923371278438,0.075,10,1172.4829101577445,-0.07501786139516753,-0.07501786139516753,fg,2,91,2.305785683805444,-0.41328922120468137,0.06457000141772297,2.307657e+00 -4.080996e-01 2.885847e-02 -9.206864e-04 1.877263e-04 6.671215e-06 -8.638124e-06 -3.134947e-07 1.860328e-07 4.770559e-09 -1.905029e-09 -2.086390e-11 7.146524e-12
3.4088890546986828,3.4088890546986828,False,6.40870977901815,82970,5.93126720690885e-09,0.2667382343075982,0.2908585125538562,0.075,10,3.0281066894546185,1.0,0.001363961116288337,literal,0,92,2.313789626456707,-0.42204108176211746,0.06305113062187354,2.329450e+00 -4.106365e-01 2.596786e-02 -1.280893e-03 3.782567e-04 4.583640e-05 -1.848073e-05 -1.522035e-06 4.461958e-07 1.939736e-08 -4.934609e-09 -8.225181e-11 1.970572e-11
6.447067023832413,6.447067023832413,False,inf,100000,2.6759902907444394e-10,0.2908771935315966,0.2908585125538562,0.075,10,122.13363647520025,0.3333333333333333,0.0,literal,1,92,2.3218818491484083,-0.4204020217043061,0.05364954302700847,2.329450e+00 -4.106365e-01 2.596786e-02 -1.280893e-03 3.782567e-04 4.583640e-05 -1.848073e-05 -1.522035e-06 4.461958e-07 1.939736e-08 -4.934609e-09 -8.225181e-11 1.970572e-11
6.0539570721978855,6.0539570721978855,False,6.3409720998843815,82366,3.503677558923018e-09,0.2660964336985079,0.2908585125538562,0.075,10,1172.4829101577445,0.2,-0.07501786139516753,literal,2,92,2.3218969544365993,-0.4228657997319206,0.05367073249963192,2.329450e+00 -4.106365e-01 2.596786e-02 -1.280893e-03 3.782567e-04 4.583640e-05 -1.848073e-05 -1.522035e-06 4.461958e-07 1.939736e-08 -4.934609e-09 -8.225181e-11 1.970572e-11
6.389823584231197,6.389823584231197,False,6.40870977901815,82970,5.93126720690885e-09,0.2667382343075982,0.2908585125538562,0.075,10,3.0281066894546185,0.001363961116288337,0.001363961116288337,fg,0,92,2.3215464951988802,-0.4209427473792935,0.05394112105743364,2.329450e+00 -4.106365e-01 2.596786e-02 -1.280893e-03 3.782567e-04 4.583640e-05 -1.848073e-05 -1.522035e-06 4.461958e-07 1.939736e-08 -4.934609e-09 -8.225181e-11 1.970572e-11
6.881859182758974,6.881859182758974,False,7.791161512709541,93220,7.767094668817905e-10,0.2822415999903192,0.2908585125538562,0.075,11,122.13363647520025,0.007859014053252622,0.007859014053252622,fg,1,92,2.320551023004594,-0.4181403040823658,0.055805681077777766,2.329450e+00 -4.106365e-01 2.596786e-02 -1.280893e-03 3.782567e-04 4.583640e-05 -1.848073e-05 -1.522035e-06 4.461958e-07 1.939736e-08 -4.934609e-09 -8.225181e-11 1.970572e-11
6.646575443565574,6.646575443565574,False,6.3409720998843815,82366,3.503677558923018e-09,0.2660964336985079,0.2908585125538562,0.075,10,1172.4829101577445,-0.07501786139516753,-0.07501786139516753,fg,2,92,2.321327265763387,-0.4195974248415951,0.05467599250256237,2.329450e+00 -4.106365e-01 2.596786e-02 -1.280893e-03 3.782567e-04 4.583640e-05 -1.848073e-05 -1.522035e-06 4.461958e-07 1.939736e-08 -4.934609e-09 -8.225181e-11 1.970572e-11
3.5242366948018558,3.5242366948018558,False,7.7859011332894426,93190,4.345993209921746e-09,0.28804783694644126,0.2951647637507156,0.075,10,3.0281066894546185,1.0,0.001363961116288337,literal,0,93,2.2888519625163117,-0.42632713728731214,0.07817129388837692,2.274599e+00 -4.210544e-01 3.649759e-02 -5.116013e-04 -2.255046e-04 1.339628e-05 3.704357e-06 -8.281126e-07 -2.319577e-08 1.276659e-08 -1.650395e-10 -6.014388e-11 1.804002e-12
6.359461927189908,6.359461927189908,False,inf,100000,3.1120796875729576e-10,0.29516437458107436,0.2951647637507156,0.075,10,122.13363647520025,0.3333333333333333,0.0,literal,1,93,2.28342512290006,-0.43183715680342166,0.07828152087149956,2.274599e+00 -4.210544e-01 3.649759e-02 -5.116013e-04 -2.255046e-04 1.339628e-05 3.704357e-06 -8.281126e-07 -2.319577e-08 1.276659e-08 -1.650395e-10 -6.014388e-11 1.804002e-12
6.2083053111210935,6.2083053111210935,False,7.703607053682235,92696,2.79461437665915e-09,0.28723865532666026,0.2951647637507156,0.075,10,1172.4829101577445,0.2,-0.07501786139516753,literal,2,93,2.282024670555469,-0.4316371018913447,0.07949671711389898,2.274599e+00 -4.210544e-01 3.649759e-02 -5.116013e-04 -2.255046e-04 1.339628e-05 3.704357e-06 -8.281126e-07 -2.319577e-08 1.276659e-08 -1.650395e-10 -6.014388e-11 1.804002e-12
6.606038033950745,6.606038033950745,False,7.7859011332894426,93190,4.345993209921746e-09,0.28804783694644126,0.2951647637507156,0.075,10,3.0281066894546185,0.001363961116288337,0.001363961116288337,fg,0,93,2.2836052415446852,-0.4314351016272782,0.07765805876105483,2.274599e+00 -4.210544e-01 3.649759e-02 -5.116013e-04 -2.255046e-04 1.339628e-05 3.704357e-06 -8.281126e-07 -2.319577e-08 1.276659e-08 -1.650395e-10 -6.014388e-11 1.804002e-12
9.908991353725147,9.908991353725147,False,9.45925443279707,99570,1.1997190143845596e-11,0.29492206664477977,0.2951647637507156,0.075,11,122.13363647520025,0.007859014053252622,0.007859014053252622,fg,1,93,2.2769494795238803,-0.42390620093461984,0.07073064151430086,2.274599e+00 -4.210544e-01 3.649759e-02 -5.116013e-04 -2.255046e-04 1.339628e-05 3.704357e-06 -8.281126e-07 -2.319577e-08 1.276659e-08 -1.650395e-10 -6.014388e-11 1.804002e-12
6.816032742708949,6.816032742708949,False,7.703607053682235,92696,2.79461437665915e-09,0.28723865532666026,0.2951647637507156,0.075,10,1172.4829101577445,-0.07501786139516753,-0.07501786139516753,fg,2,93,2.282307733377621,-0.4301058914088394,0.07720863742692753,2.274599e+00 -4.210544e-01 3.649759e-02 -5.116013e-04 -2.255046e-04 1.339628e-05 3.704357e-06 -8.281126e-07 -2.319577e-08 1.276659e-08 -1.650395e-10 -6.014388e-11 1.804002e-12
3.2308686759813745,3.2308686759813745,False,6.733343455002177,85736,1.0554144112420343e-08,0.27382402332574163,0.2930464362838633,0.075,10,3.0281066894546185,1.0,0.001363961116288337,literal,0,94,2.2976847818485675,-0.404307741293102,0.05694160721872504,2.308774e+00 -3.966306e-01 3.017467e-02 -1.423210e-03 -1.675709e-04 -6.294830e-06 1.211615e-05 4.385526e-07 -3.030020e-07 -5.442348e-09 3.148764e-09 2.315098e-11 -1.190156e-11
9.148162860345291,9.148162860345291,False,inf,100000,6.8138911074434695e-12,0.2930466304832436,0.2930464362838633,0.075,10,122.13363647520025,0.3333333333333333,0.0,literal,1,94,2.3103699844044443,-0.39680708723135755,0.05735403796716176,2.308774e+00 -3.966306e-01 3.017467e-02 -1.423210e-03 -1.675709e-04 -6.294830e-06 1.211615e-05 4.385526e-07 -3.030020e-07 -5.442348e-09 3.148764e-09 2.315098e-11 -1.190156e-11
5.336369077394394,5.336369077394394,False,6.662174518635975,85148,1.333727423371912e-08,0.2725598682936985,0.2930464362838633,0.075,10,1172.4829101577445,0.2,-0.07501786139516753,literal,2,94,2.3040264222254985,-0.39735802283399113,0.05171930368319302,2.308774e+00 -3.966306e-01 3.017467e-02 -1.423210e-03 -1.675709e-04 -6.294830e-06 1.211615e-05 4.385526e-07 -3.030020e-07 -5.442348e-09 3.148764e-09 2.315098e-11 -1.190156e-11
6.0561316405659396,6.0561316405659396,False,6.733343455002177,85736,1.0554144112420343e-08,0.27382402332574163,0.2930464362838633,0.075,10,3.0281066894546185,0.001363961116288337,0.001363961116288337,fg,0,94,2.307313106821635,-0.3990652716020338,0.05346131215254428,2.308774e+00 -3.966306e-01 3.017467e-02 -1.423210e-03 -1.675709e-04 -6.294830e-06 1.211615e-05 4.385526e-07 -3.030020e-07 -5.442348e-09 3.148764e-09 2.315098e-11 -1.190156e-11
7.788712898893885,7.788712898893885,False,8.1447901274018,95156,1.8902070580523789e-10,0.2881380448932743,0.2930464362838633,0.075,11,122.13363647520025,0.007859014053252622,0.007859014053252622,fg,1,94,2.3069071987139935,-0.398123753498272,0.056897588642245964,2.308774e+00 -3.966306e-01 3.017467e-02 -1.423210e-03 -1.675709e-04 -6.294830e-06 1.211615e-05 4.385526e-07 -3.030020e-07 -5.442348e-09 3.148764e-09 2.315098e-11 -1.190156e-11
5.858743173204467,5.858743173204467,False,6.662174518635975,85148,1.333727423371912e-08,0.2725598682936985,0.2930464362838633,0.075,10,1172.4829101577445,-0.07501786139516753,-0.07501786139516753,fg,2,94,2.3060470547385097,-0.3975685452412,0.051648696370686885,2.308774e+00 -3.966306e-01 3.017467e-02 -1.423210e-03 -1.675709e-04 -6.294830e-06 1.211615e-05 4.385526e-07 -3.030020e-07 -5.442348e-09 3.148764e-09 2.315098e-11 -1.190156e-11
4.224263179875805,4.224263179875805,False,8.135948688036045,95112,6.457883858955432e-10,0.28567410141906924,0.2915066906597372,0.075,10,3.0281066894546185,1.0,0.001363961116288337,literal,0,95,2.312672323710387,-0.410827936203773,0.05683275032424314,2.314702e+00 -4.044735e-01 3.137687e-02 -8.377385e-04 -2.685720e-05 -1.106407e-05 -2.458069e-07 1.772387e-07 2.148460e-08 -5.360099e-10 -3.550467e-10 -5.010486e-13 1.604565e-12
7.3406994240589185,7.3406994240589185,False,inf,100000,6.85503216202308e-11,0.29150095580392,0.2915066906597372,0.075,10,122.13363647520025,0.3333333333333333,0.0,literal,1,95,2.3130059339512195,-0.4051094513470548,0.06163059812527404,2.314702e+00 -4.044735e-01 3.137687e-02 -8.377385e-04 -2.685720e-05 -1.106407e-05 -2.458069e-07 1.772387e-07 2.148460e-08 -5.360099e-10 -3.550467e-10 -5.010486e-13 1.604565e-12
6.774236182993339,6.774236182993339,False,8.049954735948637,94666,-1.1134514647596423e-09,0.2848225116599914,0.2915066906597372,0.075,10,1172.4829101577445,0.2,-0.07501786139516753,literal,2,95,2.3120517194773496,-0.40624360781531405,0.06142834498820358,2.314702e+00 -4.044735e-01 3.137687e-02 -8.377385e-04 -2.685720e-05 -1.106407e-05 -2.458069e-07 1.772387e-07 2.148460e-08 -5.360099e-10 -3.550467e-10 -5.010486e-13 1.604565e-12
7.918209146632313,7.918209146632313,False,8.135948688036045,95112,6.457883858955432e-10,0.28567410141906924,0.2915066906597372,0.075,10,3.0281066894546185,0.001363961116288337,0.001363961116288337,fg,0,95,2.3123320055970917,-0.4031552232110207,0.06109064174824895,2.314702e+00 -4.044735e-01 3.137687e-02 -8.377385e-04 -2.685720e-05 -1.106407e-05 -2.458069e-07 1.772387e-07 2.148460e-08 -5.360099e-10 -3.550467e-10 -5.010486e-13 1.604565e-12
9.190524396178755,9.190524396178755,False,9.69347365563569,99860,-2.8345770290938264e-11,0.29152385256023944,0.2915066906597372,0.075,11,122.13363647520025,0.007859014053252622,0.007859014053252622,fg,1,95,2.3118008523777767,-0.4042843179861219,0.06226079739708008,2.314702e+00 -4.044735e-01 3.137687e-02 -8.377385e-04 -2.685720e-05 -1.106407e-05 -2.458069e-07 1.772387e-07 2.148460e-08 -5.360099e-10 -3.550467e-10 -5.010486e-13 1.604565e-12
7.437362261713304,7.437362261713304,False,8.049954735948637,94666,-1.1134514647596423e-09,0.2848225116599914,0.2915066906597372,0.075,10,1172.4829101577445,-0.07501786139516753,-0.07501786139516753,fg,2,95,2.312128495448709,-0.4042633426818566,0.061639172874232574,2.314702e+00 -4.044735e-01 3.137687e-02 -8.377385e-04 -2.685720e-05 -1.106407e-05 -2.458069e-07 1.772387e-07 2.148460e-08 -5.360099e-10 -3.550467e-10 -5.010486e-13 1.604565e-12
3.366799649898943,3.366799649898943,False,6.938967591580036,87380,-6.80356423301978e-09,0.2703683218050436,0.2881272488335637,0.075,10,3.0281066894546185,1.0,0.001363961116288337,literal,0,96,2.3050508444445517,-0.381416583811306,0.05488853763257898,2.338205e+00 -4.008819e-01 2.604975e-02 -9.578933e-04 4.232710e-05 -1.933041e-06 6.144605e-06 -1.983550e-07 -1.988160e-07 4.983227e-09 2.197779e-09 -2.648848e-11 -8.559712e-12
7.4078105067442594,7.4078105067442594,False,inf,100000,-6.194121577925857e-11,0.2881252509369305,0.2881272488335637,0.075,10,122.13363647520025,0.3333333333333333,0.0,literal,1,96,2.327150873536117,-0.3971448980248443,0.04855859067639242,2.338205e+00 -4.008819e-01 2.604975e-02 -9.578933e-04 4.232710e-05 -1.933041e-06 6.144605e-06 -1.983550e-07 -1.988160e-07 4.983227e-09 2.197779e-09 -2.648848e-11 -8.559712e-12
5.70360932478019,5.70360932478019,False,6.86562528455641,86804,-6.592620673151109e-09,0.2694176635156344,0.2881272488335637,0.075,10,1172.4829101577445,0.2,-0.07501786139516753,literal,2,96,2.322430808129464,-0.39044923716819196,0.04700610329350747,2.338205e+00 -4.008819e-01 2.604975e-02 -9.578933e-04 4.232710e-05 -1.933041e-06 6.144605e-06 -1.983550e-07 -1.988160e-07 4.983227e-09 2.197779e-09 -2.648848e-11 -8.559712e-12
6.31092871052889,6.31092871052889,False,6.938967591580036,87380,-6.80356423301978e-09,0.2703683218050436,0.2881272488335637,0.075,10,3.0281066894546185,0.001363961116288337,0.001363961116288337,fg,0,96,2.3261358906288803,-0.39392402036194196,0.045464643998444354,2.338205e+00 -4.008819e-01 2.604975e-02 -9.578933e-04 4.232710e-05 -1.933041e-06 6.144605e-06 -1.983550e-07 -1.988160e-07 4.983227e-09 2.197779e-09 -2.648848e-11 -8.559712e-12
7.341408535175448,7.341408535175448,False,8.374670721524867,96252,-3.7017005141866137e-10,0.2835302693096059,0.2881272488335637,0.075,11,122.13363647520025,0.007859014053252622,0.007859014053252622,fg,1,96,2.3278070551846617,-0.3964862498960416,0.04751154970495603,2.338205e+00 -4.008819e-01 2.604975e-02 -9.578933e-04 4.232710e-05 -1.933041e-06 6.144605e-06 -1.983550e-07 -1.988160e-07 4.983227e-09 2.197779e-09 -2.648848e-11 -8.559712e-12
6.261932356915875,6.261932356915875,False,6.86562528455641,86804,-6.592620673151109e-09,0.2694176635156344,0.2881272488335637,0.075,10,1172.4829101577445,-0.07501786139516753,-0.07501786139516753,fg,2,96,2.3268513317687076,-0.3939524985329332,0.04482433288056942,2.338205e+00 -4.008819e-01 2.604975e-02 -9.578933e-04 4.232710e-05 -1.933041e-06 6.144605e-06 -1.983550e-07 -1.988160e-07 4.983227e-09 2.197779e-09 -2.648848e-11 -8.559712e-12
3.760680659069242,3.760680659069242,False,6.672027006247735,85230,2.1546541082699705e-09,0.276866746744089,0.2948852065245324,0.075,10,3.0281066894546185,1.0,0.001363961116288337,literal,0,97,2.3251038134214848,-0.434481187120585,0.06320305008464772,2.326094e+00 -4.225327e-01 3.199865e-02 2.257198e-04 -3.452539e-04 -4.752278e-05 1.822743e-05 8.039331e-07 -3.972252e-07 -4.846651e-09 3.783463e-09 6.225179e-12 -1.326222e-11
6.418487895207556,6.418487895207556,False,inf,100000,2.8230333733592276e-10,0.2948858931480809,0.2948852065245324,0.075,10,122.13363647520025,0.3333333333333333,0.0,literal,1,97,2.3299281574600954,-0.4276766734576984,0.060939297516826835,2.326094e+00 -4.225327e-01 3.199865e-02 2.257198e-04 -3.452539e-04 -4.752278e-05 1.822743e-05 8.039331e-07 -3.972252e-07 -4.846651e-09 3.783463e-09 6.225179e-12 -1.326222e-11
5.654676890448496,5.654676890448496,False,6.601506161942894,84638,7.3016828948348126e-09,0.2757873411026846,0.2948852065245324,0.075,10,1172.4829101577445,0.2,-0.07501786139516753,literal,2,97,2.326611241443039,-0.4307075342369971,0.06238676733080811,2.326094e+00 -4.225327e-01 3.199865e-02 2.257198e-04 -3.452539e-04 -4.752278e-05 1.822743e-05 8.039331e-07 -3.972252e-07 -4.846651e-09 3.783463e-09 6.225179e-12 -1.326222e-11
7.049242607341712,7.049242607341712,False,6.672027006247735,85230,2.1546541082699705e-09,0.276866746744089,0.2948852065245324,0.075,10,3.0281066894546185,0.001363961116288337,0.001363961116288337,fg,0,97,2.329417355911262,-0.4259086659186627,0.057847453492996755,2.326094e+00 -4.225327e-01 3.199865e-02 2.257198e-04 -3.452539e-04 -4.752278e-05 1.822743e-05 8.039331e-07 -3.972252e-07 -4.846651e-09 3.783463e-09 6.225179e-12 -1.326222e-11
7.298239413097671,7.298239413097671,False,8.071133192967325,94778,-3.997824717187782e-10,0.28875850281125764,0.2948852065245324,0.075,11,122.13363647520025,0.007859014053252622,0.007859014053252622,fg,1,97,2.3294246512690022,-0.42642477753313723,0.059306890393549964,2.326094e+00 -4.225327e-01 3.199865e-02 2.257198e-04 -3.452539e-04 -4.752278e-05 1.822743e-05 8.039331e-07 -3.972252e-07 -4.846651e-09 3.783463e-09 6.225179e-12 -1.326222e-11
6.208209954767283,6.208209954767283,False,6.601506161942894,84638,7.3016828948348126e-09,0.2757873411026846,0.2948852065245324,0.075,10,1172.4829101577445,-0.07501786139516753,-0.07501786139516753,fg,2,97,2.3297045901563607,-0.42732935364250635,0.06077968284470162,2.326094e+00 -4.225327e-01 3.199865e-02 2.257198e-04 -3.452539e-04 -4.752278e-05 1.822743e-05 8.039331e-07 -3.972252e-07 -4.846651e-09 3.783463e-09 6.225179e-12 -1.326222e-11
3.4457466089326325,3.4457466089326325,False,6.53289414741012,84052,5.35686510006205e-09,0.2727040526063673,0.2961574320246161,0.075,10,3.0281066894546185,1.0,0.001363961116288337,literal,0,98,2.293516068303262,-0.39062195154524404,0.08282284730296384,2.290263e+00 -4.155893e-01 3.439936e-02 1.852991e-04 -3.632857e-04 -6.464331e-05 1.707528e-05 1.674680e-06 -3.937018e-07 -1.915314e-08 4.142841e-09 8.164400e-11 -1.623062e-11
6.8541896625425025,6.8541896625425025,False,inf,100000,-1.4195962284715436e-10,0.2961712240576128,0.2961574320246161,0.075,10,122.13363647520025,0.3333333333333333,0.0,literal,1,98,2.2930613020732946,-0.40151716028557916,0.0664414983245028,2.290263e+00 -4.155893e-01 3.439936e-02 1.852991e-04 -3.632857e-04 -6.464331e-05 1.707528e-05 1.674680e-06 -3.937018e-07 -1.915314e-08 4.142841e-09 8.164400e-11 -1.623062e-11
6.790927683168783,6.790927683168783,False,6.463843885683346,83454,-1.0595518080274364e-09,0.2715940959159044,0.2961574320246161,0.075,10,1172.4829101577445,0.2,-0.07501786139516753,literal,2,98,2.2919935678276246,-0.4005999845154801,0.06687154832801676,2.290263e+00 -4.155893e-01 3.439936e-02 1.852991e-04 -3.632857e-04 -6.464331e-05 1.707528e-05 1.674680e-06 -3.937018e-07 -1.915314e-08 4.142841e-09 8.164400e-11 -1.623062e-11
6.458911567301972,6.458911567301972,False,6.53289414741012,84052,5.35686510006205e-09,0.2727040526063673,0.2961574320246161,0.075,10,3.0281066894546185,0.001363961116288337,0.001363961116288337,fg,0,98,2.2914371175485253,-0.3989591989983442,0.06793049217768524,2.290263e+00 -4.155893e-01 3.439936e-02 1.852991e-04 -3.632857e-04 -6.464331e-05 1.707528e-05 1.674680e-06 -3.937018e-07 -1.915314e-08 4.142841e-09 8.164400e-11 -1.623062e-11
7.031314244125167,7.031314244125167,False,7.928953804670689,94010,6.142324894519263e-10,0.2893184284537492,0.2961574320246161,0.075,11,122.13363647520025,0.007859014053252622,0.007859014053252622,fg,1,98,2.2941214026210752,-0.4021955913403541,0.0668203439693992,2.290263e+00 -4.155893e-01 3.439936e-02 1.852991e-04 -3.632857e-04 -6.464331e-05 1.707528e-05 1.674680e-06 -3.937018e-07 -1.915314e-08 4.142841e-09 8.164400e-11 -1.623062e-11
7.455687683228407,7.455687683228407,False,6.463843885683346,83454,-1.0595518080274364e-09,0.2715940959159044,0.2961574320246161,0.075,10,1172.4829101577445,-0.07501786139516753,-0.07501786139516753,fg,2,98,2.2946388763578316,-0.4030166449818339,0.06527038792393365,2.290263e+00 -4.155893e-01 3.439936e-02 1.852991e-04 -3.632857e-04 -6.464331e-05 1.707528e-05 1.674680e-06 -3.937018e-07 -1.915314e-08 4.142841e-09 8.164400e-11 -1.623062e-11
3.564898493215857,3.564898493215857,False,6.886860003716082,86972,3.762353059850226e-09,0.2746816927397867,0.29246926910893256,0.075,10,3.0281066894546185,1.0,0.001363961116288337,literal,0,99,2.3031366471127233,-0.41189809368238484,0.07194126280056018,2.307106e+00 -4.048695e-01 3.012086e-02 -5.262091e-04 -9.556782e-05 -4.181385e-05 7.789545e-06 1.130701e-06 -2.073885e-07 -1.237726e-08 2.286418e-09 5.063205e-11 -9.225378e-12
6.818431614265572,6.818431614265572,False,inf,100000,-1.490343803623069e-10,0.29247040022175547,0.29246926910893256,0.075,10,122.13363647520025,0.3333333333333333,0.0,literal,1,99,2.303852182633614,-0.40501487151595406,0.0640932373507339,2.307106e+00 -4.048695e-01 3.012086e-02 -5.262091e-04 -9.556782e-05 -4.181385e-05 7.789545e-06 1.130701e-06 -2.073885e-07 -1.237726e-08 2.286418e-09 5.063205e-11 -9.225378e-12
6.048757171347552,6.048757171347552,False,6.814068454518737,86392,3.5852974404488995e-09,0.2736555397344188,0.29246926910893256,0.075,10,1172.4829101577445,0.2,-0.07501786139516753,literal,2,99,2.3050469862437257,-0.40563602033977497,0.06434111006692358,2.307106e+00 -4.048695e-01 3.012086e-02 -5.262091e-04 -9.556782e-05 -4.181385e-05 7.789545e-06 1.130701e-06 -2.073885e-07 -1.237726e-08 2.286418e-09 5.063205e-11 -9.225378e-12
6.6822569176732625,6.6822569176732625,False,6.886860003716082,86972,3.762353059850226e-09,0.2746816927397867,0.29246926910893256,0.075,10,3.0281066894546185,0.001363961116288337,0.001363961116288337,fg,0,99,2.3034581535556002,-0.4055487465134204,0.06402278239514084,2.307106e+00 -4.048695e-01 3.012086e-02 -5.262091e-04 -9.556782e-05 -4.181385e-05 7.789545e-06 1.130701e-06 -2.073885e-07 -1.237726e-08 2.286418e-09 5.063205e-11 -9.225378e-12
7.584636652799212,7.584636652799212,False,8.323025347655994,96018,2.5629687849515585e-10,0.28764539840075476,0.29246926910893256,0.075,11,122.13363647520025,0.007859014053252622,0.007859014053252622,fg,1,99,2.303073232106464,-0.401450032653988,0.06265989312096584,2.307106e+00 -4.048695e-01 3.012086e-02 -5.262091e-04 -9.556782e-05 -4.181385e-05 7.789545e-06 1.130701e-06 -2.073885e-07 -1.237726e-08 2.286418e-09 5.063205e-11 -9.225378e-12
6.640866527415587,6.640866527415587,False,6.814068454518737,86392,3.5852974404488995e-09,0.2736555397344188,0.29246926910893256,0.075,10,1172.4829101577445,-0.07501786139516753,-0.07501786139516753,fg,2,99,2.3043453489233987,-0.40592779803410545,0.06442751384893242,2.307106e+00 -4.048695e-01 3.012086e-02 -5.262091e-04 -9.556782e-05 -4.181385e-05 7.789545e-06 1.130701e-06 -2.073885e-07 -1.237726e-08 2.286418e-09 5.063205e-11 -9.225378e-12
