T,sigma,r,d,K,variant,rep,price,delta,gamma,rho,phi,delta_r,price_r,delta_rrun,gamma_rrun,alpha_r
1.0,0.2,0.005,0.0,36,current,0,1.3786659021036953,-0.26193557949622354,0.039817068634461446,-11.179204452886376,8.988922547244465,1.4426313101889572,1.370121440909896,-0.256234182167728,0.03607851775122489,0.03
1.0,0.2,0.005,0.0,36,kink,0,1.3774832250748765,-0.2624263621039612,0.03902199975797837,-8.734036070771449,8.988922547244465,1.0102904894937383,1.36657340982344,-0.2577065299909409,0.03369331112177566,0.03
1.0,0.2,0.005,0.0,36,shrink,0,1.3827314186277226,-0.26379676913146316,0.0420273067445651,-10.799369084446159,8.988922547244465,3.892112221646414,1.3823179904819791,-0.26181775107344674,0.042709232081535875,0.005
1.0,0.2,0.005,0.0,36,current,1,1.381533033161885,-0.2611918516489828,0.04391236328885861,-11.132066486177335,9.698753562995915,1.0490102053212196,1.3865848461360073,-0.2601669666734385,0.04223084454468904,0.03
1.0,0.2,0.005,0.0,36,kink,1,1.37771233917083,-0.2587198862594143,0.037631523248275046,-11.941650068263316,9.698753562995915,1.6952143030114855,1.3751227641628425,-0.25275107050473306,0.023388324422938388,0.03
1.0,0.2,0.005,0.0,36,shrink,1,1.375887839162373,-0.26127912895437627,0.04523663698620676,-11.006474626355306,9.698753562995915,2.691430775138818,1.3696492641374716,-0.2604287985896188,0.04620366563673351,0.005
1.0,0.2,0.005,0.0,36,current,2,1.3760050136050912,-0.2561235030445172,0.0408901969087177,-11.57274623365315,8.84388886356719,1.8034050749562194,1.3722794243177527,-0.25593870490913917,0.04099779375069992,0.03
1.0,0.2,0.005,0.0,36,kink,2,1.3794920503488068,-0.25714544842549936,0.038983349176169045,-9.818237356027723,8.84388886356719,0.8957231508452778,1.3827405345489,-0.25900454105208565,0.035277250553053946,0.03
1.0,0.2,0.005,0.0,36,shrink,2,1.37581899252853,-0.2578420189921962,0.04168936936447664,-10.01362462693514,8.84388886356719,-0.4011007452270954,1.3717213610880685,-0.26109425275217624,0.04339531111797673,0.005
1.0,0.2,0.005,0.0,36,current,3,1.3749746724950676,-0.25557375877283967,0.041368522867842566,-12.44595872133936,9.264656558195028,1.8357307108168612,1.3710801076285524,-0.25478628093891975,0.046760141435435255,0.03
1.0,0.2,0.005,0.0,36,kink,3,1.3753765635709823,-0.25575284890436395,0.04014221422986373,-10.963051170670594,9.264656558195028,1.5024740298039476,1.3722857808562972,-0.2553235513334927,0.04308121552149875,0.03
1.0,0.2,0.005,0.0,36,shrink,3,1.3762394673621798,-0.2576340490105007,0.038517484375443195,-12.065276393986556,9.264656558195028,3.6127791117343184,1.37487449222989,-0.2609671516519029,0.03820702595823715,0.005
1.0,0.2,0.005,0.0,36,current,4,1.374455706507079,-0.25847407182826143,0.038963078158343344,-10.740487378529378,9.386474038511261,1.9025815494883427,1.3714468098189065,-0.25630487773362637,0.03656276240797477,0.03
1.0,0.2,0.005,0.0,36,kink,4,1.3799065004718798,-0.26241504392663556,0.040259964446875074,-9.263392600340183,9.386474038511261,-0.04440257451653795,1.3877991917133081,-0.2681277940287488,0.04045342127356998,0.03
1.0,0.2,0.005,0.0,36,shrink,4,1.3761463681230193,-0.25900284325616435,0.03913850854584961,-13.388207890284837,9.386474038511261,2.0787693336748925,1.3765187946667272,-0.25789119201733507,0.0370890535704936,0.005
1.0,0.2,0.005,0.0,36,current,5,1.3792639759731065,-0.25753279511313165,0.04205948791863279,-10.768474306147738,9.734867331437314,1.7023753331927791,1.3864638955810265,-0.25785602404680785,0.035392416030725404,0.03
1.0,0.2,0.005,0.0,36,kink,5,1.3758912583356129,-0.2552749020771104,0.043971588866836546,-10.031378888201269,9.734867331437314,1.7793623890572852,1.376345742668546,-0.2510823449387442,0.04112871887533667,0.03
1.0,0.2,0.005,0.0,36,shrink,5,1.377027706540962,-0.25634479353955036,0.040366298102938826,-15.898201897662894,9.734867331437314,0.15570952409840833,1.3797550872845938,-0.2542920193260639,0.030312846583643544,0.005
1.0,0.2,0.005,0.0,36,current,6,1.3813048574463114,-0.259300282986221,0.04103244821089721,-10.608796413759421,9.101185749638733,0.5194830478832269,1.3864157069605108,-0.26171230230287157,0.0428530072600292,0.03
1.0,0.2,0.005,0.0,36,kink,6,1.3767037522223262,-0.25908977746040196,0.042120185553020446,-10.821090676963978,9.101185749638733,0.9692664662351951,1.3726123912885553,-0.2610807857254145,0.04611621928639891,0.03
1.0,0.2,0.005,0.0,36,shrink,6,1.3805125114993126,-0.2582663045026737,0.03886881534876548,-8.312759392047104,9.101185749638733,1.845603293439719,1.3840386691195148,-0.25861036685222977,0.036362108673634014,0.005
1.0,0.2,0.005,0.0,36,current,7,1.3777626988396197,-0.2572334422656037,0.038212039167948735,-10.791612948458967,10.25724695972557,1.5650070657313335,1.378459786588812,-0.2570207784759778,0.036662309030683266,0.03
1.0,0.2,0.005,0.0,36,kink,7,1.3776469690608895,-0.2563011334442012,0.04199557430288206,-10.839985115891228,10.25724695972557,0.4564422835480271,1.3781125972526205,-0.25422385201177033,0.048012914435483244,0.03
1.0,0.2,0.005,0.0,36,shrink,7,1.378284577430619,-0.25735574505408826,0.03844865772129918,-11.546822060160764,10.25724695972557,3.361799112664624,1.3800254223618096,-0.2573876868414315,0.0373721646907346,0.005
1.0,0.2,0.005,0.0,36,current,8,1.3793628431075717,-0.25893314067055256,0.038078214696271526,-11.405876924755965,10.264484988301717,2.107645146047924,1.3717119024763718,-0.2496537734783659,0.03483147178264984,0.03
1.0,0.2,0.005,0.0,36,kink,8,1.382629567391377,-0.2615947113891382,0.03726677797713921,-10.42533186073108,10.264484988301717,1.199246612284576,1.3815120753277879,-0.257638485634123,0.03239716162525289,0.03
1.0,0.2,0.005,0.0,36,shrink,8,1.381017237642246,-0.2617727985628721,0.040434946105057296,-9.249699720090918,10.264484988301717,0.6112862148349534,1.3766750860803942,-0.25817274715532446,0.04190166600900714,0.005
1.0,0.2,0.005,0.0,36,current,9,1.3743544780812387,-0.2527153348511486,0.041150654857309385,-11.022034652698437,9.391671479887238,1.6937955757185534,1.3733174321147803,-0.25618619064829806,0.04099519435100081,0.03
1.0,0.2,0.005,0.0,36,kink,9,1.3764148300880088,-0.25456014078309847,0.04327680648028861,-10.370812238018619,9.391671479887238,1.03226574906326,1.3794984881350913,-0.26172060844414763,0.04737364921993849,0.03
1.0,0.2,0.005,0.0,36,shrink,9,1.375726200655419,-0.25201346056193824,0.03973169747046819,-15.105428339246203,9.391671479887238,0.9431919842716373,1.3774325998373216,-0.2540805677806669,0.036738322190477214,0.005
1.0,0.2,0.005,0.0,36,current,10,1.381278800970655,-0.2599026628008852,0.036439192211089176,-10.52030897431944,9.919681969579615,1.3550166704604716,1.3801567993324717,-0.25603658085112346,0.03218473369780467,0.03
1.0,0.2,0.005,0.0,36,kink,10,1.3831856177134494,-0.26119339572051903,0.03779631745211809,-9.182157946927251,9.919681969579615,-0.3970511443676832,1.3858772495608556,-0.2599087796100249,0.036256109420891414,0.03
1.0,0.2,0.005,0.0,36,shrink,10,1.3799595784270766,-0.25947156043488,0.04074237130417818,-8.314947405507462,9.919681969579615,2.6626449705892883,1.3761991317017375,-0.2547432737531078,0.04509427097707169,0.005
1.0,0.2,0.005,0.0,36,current,11,1.3816365283567655,-0.25987872854563304,0.03918028953942423,-10.945757974526927,8.960630485046192,1.7197645254111102,1.3803681780279187,-0.2580518111637317,0.04194769406849268,0.03
1.0,0.2,0.005,0.0,36,kink,11,1.3829201614046347,-0.25806133033741746,0.03526371962550778,-10.754789469374302,8.960630485046192,1.7188879532031318,1.3842190771715257,-0.2525996165390849,0.030197984326743352,0.03
1.0,0.2,0.005,0.0,36,shrink,11,1.3774548963187954,-0.26161703447700974,0.03696078885354884,-14.721012529202302,8.960630485046192,2.1780359046432483,1.3678232819140081,-0.26326672895786185,0.0352891920108665,0.005
1.0,0.2,0.005,0.0,36,current,12,1.378413079178254,-0.2566218832935822,0.04017513860999461,-11.937025068899704,9.776045065379309,1.540468805742194,1.375897174781656,-0.25406338892402563,0.03571908414485971,0.03
1.0,0.2,0.005,0.0,36,kink,12,1.3743215536340332,-0.25569355994152926,0.04096773977936827,-11.863581042748343,9.776045065379309,2.314936781177986,1.3636225981489938,-0.2512784188678669,0.03809688765298068,0.03
1.0,0.2,0.005,0.0,36,shrink,12,1.3764352878735646,-0.2560379514163587,0.043455338189916,-12.075949220934781,9.776045065379309,1.8875848605415482,1.3699638008675874,-0.25231159329235525,0.04555968288462388,0.005
1.0,0.2,0.005,0.0,36,current,13,1.37831658355961,-0.2551639729795064,0.04179563910174621,-9.814318382882742,10.098370979141349,2.2603590133993734,1.3815372766707796,-0.25063549112562555,0.03515498618067601,0.03
1.0,0.2,0.005,0.0,36,kink,13,1.380127437446471,-0.25489251076224406,0.03825536050574789,-8.698067470212937,10.098370979141349,1.900935218470548,1.3869698383313622,-0.2498211044738386,0.02453415039268104,0.03
1.0,0.2,0.005,0.0,36,shrink,13,1.3816178661715748,-0.25862621101552946,0.04221697139035935,-10.304149398305798,10.098370979141349,1.6919748224379472,1.3914411245066738,-0.26102220523369485,0.036418983046515405,0.005
1.0,0.2,0.005,0.0,36,current,14,1.3777847692975715,-0.26157488319234035,0.04204974152059343,-10.754539002230661,9.749846334293172,0.8899989969721868,1.377535974737463,-0.26220167652830895,0.042290359363156504,0.03
1.0,0.2,0.005,0.0,36,kink,14,1.3759054199156742,-0.2593721313325344,0.04431647472037528,-10.757830724250688,9.749846334293172,1.473695824799652,1.3718979265917703,-0.2555934209488911,0.049090558962502064,0.03
1.0,0.2,0.005,0.0,36,shrink,14,1.3777355930466528,-0.25921338271759886,0.04500410615815981,-8.535379959920364,9.749846334293172,-0.8748553083285546,1.3773884459847061,-0.25511717510408455,0.05115345327585564,0.005
1.0,0.2,0.005,0.0,36,current,15,1.3818505197842013,-0.2584504605085654,0.040840547444689755,-11.416388530994377,10.539630192221058,1.4537738618281977,1.3822933673459061,-0.2581973862358534,0.04152194049996322,0.03
1.0,0.2,0.005,0.0,36,kink,15,1.3838692833363833,-0.25832143545217384,0.039176210668442325,-11.252855452893781,10.539630192221058,2.471277789705633,1.3883496580024526,-0.25781031106667873,0.03652893017122095,0.03
1.0,0.2,0.005,0.0,36,shrink,15,1.3789856877034214,-0.25693638530714336,0.0424953810269428,-9.956376524929945,10.539630192221058,0.9171441515013242,1.3736988711035671,-0.2536551606315872,0.04648644124672237,0.005
1.0,0.2,0.005,0.0,36,current,16,1.3827650317144424,-0.25503511732475925,0.04005497796580212,-10.42127227702488,8.688064103134666,1.691156778988746,1.3832697587647809,-0.2545308501276237,0.037005007725855465,0.03
1.0,0.2,0.005,0.0,36,kink,16,1.3814520420701208,-0.2550100213103352,0.041134342439246734,-9.067693999971512,8.688064103134666,1.422455986158067,1.3793307898318161,-0.25445556208435144,0.040243101146189314,0.03
1.0,0.2,0.005,0.0,36,shrink,16,1.3801476053106985,-0.25590779926925683,0.041947644039547656,-10.438419696869271,8.688064103134666,3.2975071893697043,1.3754174795535494,-0.2571488959611165,0.04268300594709211,0.005
1.0,0.2,0.005,0.0,36,current,17,1.3778488824100619,-0.2543321171859602,0.04191479276323956,-10.37522904879004,9.69233645261517,1.383783178618838,1.3806383324605827,-0.25112566059276803,0.03930636844373966,0.03
1.0,0.2,0.005,0.0,36,kink,17,1.3787550057693487,-0.253260063508605,0.04197248633261497,-9.146657664491537,9.69233645261517,1.5236899588785624,1.3833567025384432,-0.24790949956070246,0.03947944915186589,0.03
1.0,0.2,0.005,0.0,36,shrink,17,1.3784622137192464,-0.25627657326271924,0.04217792263571615,-10.234172470624213,9.69233645261517,5.381110510170907,1.3824783263881362,-0.2569590288230453,0.04009575806116944,0.005
1.0,0.2,0.005,0.0,36,current,18,1.3785216155614224,-0.2559350585439134,0.04313907153809734,-9.532116672375972,10.337207632554332,1.5750904060271997,1.3782103237229448,-0.2542443421692364,0.04518145854395794,0.03
1.0,0.2,0.005,0.0,36,kink,18,1.3791024810470154,-0.256908043853798,0.043702164413189214,-12.279147052282962,10.337207632554332,1.939654827535401,1.379952920179724,-0.2571632980988903,0.04687073716923358,0.03
1.0,0.2,0.005,0.0,36,shrink,18,1.3769993330987846,-0.2574667569250511,0.043630975663804195,-16.565787644830923,10.337207632554332,0.9467088404951588,1.3736434763350318,-0.2588394373126495,0.046657170921078524,0.005
1.0,0.2,0.005,0.0,36,current,19,1.378662642458038,-0.25723299666554666,0.04020398381511852,-10.702942726519115,10.555861849527304,1.3549974694127214,1.3755090595482091,-0.2620589411049859,0.043044302566753075,0.03
1.0,0.2,0.005,0.0,36,kink,19,1.3792799880856867,-0.25631292424037083,0.039762934551598045,-10.532867278634361,10.555861849527304,1.2732827065855945,1.3773610964311556,-0.25929872382945834,0.04172115477619168,0.03
1.0,0.2,0.005,0.0,36,shrink,19,1.3797392670421396,-0.2576937015452909,0.038283105255397874,-9.320464208308458,10.555861849527304,-0.6801921106338467,1.3787389333005138,-0.26344105574421856,0.03728166688759115,0.005
1.0,0.2,0.005,0.0,36,current,20,1.3751453768963071,-0.2579747351943253,0.044403411187380476,-10.784720037958593,10.889548386383332,1.9099001886636722,1.380610168115663,-0.26434420898785127,0.05169995023611026,0.03
1.0,0.2,0.005,0.0,36,kink,20,1.3737692339328225,-0.25842040262264604,0.04209879776048898,-10.035358749065855,10.889548386383332,0.4989537399868256,1.3764817392252093,-0.26568121127281363,0.04478610995543575,0.03
1.0,0.2,0.005,0.0,36,shrink,20,1.3767441536455234,-0.2576403842394428,0.038176916439212116,-4.522261639616515,10.889548386383332,-2.1129723536453175,1.3854064983633128,-0.263341156123204,0.03302046599160516,0.005
1.0,0.2,0.005,0.0,36,current,21,1.3776289636340275,-0.2581230808962493,0.0391816350713618,-10.664524224169543,10.260943730272414,1.3965901592341887,1.3745139577143803,-0.2564483035388915,0.03813639439519203,0.03
1.0,0.2,0.005,0.0,36,kink,21,1.3799500183063689,-0.25830847154505165,0.038413515487979374,-9.520600332081319,10.260943730272414,0.6884622179561908,1.3814771217314037,-0.25700447548529853,0.035832035645044766,0.03
1.0,0.2,0.005,0.0,36,shrink,21,1.3764501035212622,-0.258262313727718,0.04142670705964905,-10.594058320552774,10.260943730272414,-0.1001370463586837,1.3709773773760838,-0.2568660020332975,0.044871610360053805,0.005
1.0,0.2,0.005,0.0,36,current,22,1.3813425451035037,-0.2587076472506238,0.03859802083111416,-10.668438689541043,9.571015131231846,1.4556366742356357,1.3806020155747831,-0.2560428059726634,0.04011884284245396,0.03
1.0,0.2,0.005,0.0,36,kink,22,1.3828085981258125,-0.2623800632733117,0.038845197453485934,-11.38483801935248,9.571015131231846,0.7172107005952892,1.3850001746417095,-0.26706005404072725,0.04086037270956928,0.03
1.0,0.2,0.005,0.0,36,shrink,22,1.3830692775458198,-0.2591541024276666,0.03681226929337535,-9.620448530979406,9.571015131231846,2.0996589601405753,1.3857822129017308,-0.25738217150379195,0.03476158822923754,0.005
1.0,0.2,0.005,0.0,36,current,23,1.3811753118145174,-0.26121710169350587,0.04319345739705358,-10.724150457528538,9.924917381358554,1.3622818762033142,1.3816354019299268,-0.26000058949912414,0.04033579181453984,0.03
1.0,0.2,0.005,0.0,36,kink,23,1.3793201841958371,-0.25748134015836327,0.038736523906403725,-9.847660395962606,9.924917381358554,0.7120047734041614,1.3760700190738857,-0.24879330489369644,0.026964991342590262,0.03
1.0,0.2,0.005,0.0,36,shrink,23,1.3787020129958598,-0.2602753205943718,0.04499602994137623,-12.257434140903664,9.924917381358554,5.599169439036558,1.3742155054739542,-0.2571752462017219,0.04574350944750779,0.005
1.0,0.2,0.005,0.0,36,current,24,1.37848124220342,-0.2556052426673624,0.03676992202075944,-11.194753358145169,8.875086162808666,1.6542395240446561,1.3787408711724776,-0.2608347221613385,0.0408701541533465,0.03
1.0,0.2,0.005,0.0,36,kink,24,1.380100039719092,-0.25553652200410315,0.03322522974132915,-8.968364379339278,8.875086162808666,1.6079128555652211,1.3835972637194922,-0.26062856017156083,0.030236077315055628,0.03
1.0,0.2,0.005,0.0,36,shrink,24,1.3783300474931994,-0.2558021292278164,0.03962514602072493,-11.738597858519634,8.875086162808666,0.193481643101739,1.3782872870418141,-0.26142538184270053,0.04943582615324297,0.005
1.0,0.2,0.005,0.0,36,current,25,1.380875329484904,-0.2585872101665308,0.040423451213302874,-10.745753460855624,10.208377672290794,1.2895720556608683,1.3774131705079524,-0.2581690447943735,0.03700162452781636,0.03
1.0,0.2,0.005,0.0,36,kink,25,1.379152625724416,-0.258831364405832,0.04175039855610429,-11.012803105200778,10.208377672290794,1.726220705833598,1.3722450592264879,-0.258901507512277,0.0409824665562206,0.03
1.0,0.2,0.005,0.0,36,shrink,25,1.383223685691978,-0.25984314000305364,0.04278216214530658,-5.917458128594758,10.208377672290794,-0.34832729228973136,1.3844582391291735,-0.26193683430394193,0.044077757323827446,0.005
1.0,0.2,0.005,0.0,36,current,26,1.3807098031605805,-0.25520034440764244,0.04039378304072499,-10.688756672627937,9.656569048019408,1.3596131160845233,1.3815566494626528,-0.2591263256332497,0.047901755807891216,0.03
1.0,0.2,0.005,0.0,36,kink,26,1.3772521022057551,-0.2548303594571976,0.03928765608760953,-12.60670120141471,9.656569048019408,1.4511657919144008,1.3711835465981768,-0.2580163707819153,0.044583374948544856,0.03
1.0,0.2,0.005,0.0,36,shrink,26,1.3814577650515745,-0.2558875841154662,0.03669890571108142,-13.7739211296016,9.656569048019408,2.5143998776264604,1.383800535135635,-0.2611880447567211,0.036817123818960525,0.005
1.0,0.2,0.005,0.0,36,current,27,1.3800980103292328,-0.2598099770785985,0.03903979062974026,-11.448889885971056,9.850418041235924,1.661261299737008,1.3797209054929847,-0.2594696354655357,0.04020861454269777,0.03
1.0,0.2,0.005,0.0,36,kink,27,1.3776342003753452,-0.25992629475101575,0.03633594040512269,-9.433893064328906,9.850418041235924,-0.6462623433843084,1.3723294756313207,-0.25981858848278755,0.03209706386884507,0.03
1.0,0.2,0.005,0.0,36,shrink,27,1.3794427495138777,-0.25978750713001286,0.04085833994681806,-16.325463710024422,9.850418041235924,0.20158646737058095,1.377755123046918,-0.25940222561977877,0.0456642624939312,0.005
1.0,0.2,0.005,0.0,36,current,28,1.3802672755157641,-0.2605572864978736,0.046222512848804694,-10.257212957312555,9.89017737191951,1.1550908537015665,1.3804006751984845,-0.2657683480335134,0.04609451281474557,0.03
1.0,0.2,0.005,0.0,36,kink,28,1.376724575814776,-0.25899752011022764,0.045841191190388424,-10.77537477295911,9.89017737191951,0.6849516958741855,1.3697725760955193,-0.2610890488705755,0.044950547839496736,0.03
1.0,0.2,0.005,0.0,36,shrink,28,1.3787194271630636,-0.25842946548872664,0.04472231461832291,-9.99208359202977,9.89017737191951,4.2193916847739334,1.3757571301403824,-0.2593848850060725,0.041593918123300225,0.005
1.0,0.2,0.005,0.0,36,current,29,1.374682704523207,-0.2573677085421629,0.037784781661260584,-10.903214800334107,9.75847903008215,1.3780309420360415,1.3817008046614931,-0.2607210388222756,0.03702727795805852,0.03
1.0,0.2,0.005,0.0,36,kink,29,1.3722725080518823,-0.2531565292440144,0.038642051387358094,-9.851792790980706,9.75847903008215,2.594129867212958,1.3744702152475186,-0.24808750092783016,0.03959908713635104,0.03
1.0,0.2,0.005,0.0,36,shrink,29,1.3743091381737786,-0.2566493229769448,0.039018496724333475,-10.62495280890776,9.75847903008215,1.0563428630470297,1.3805801056132079,-0.2585658821266215,0.040728423147277204,0.005
1.0,0.2,0.005,0.0,36,current,30,1.3784304696134677,-0.2567008198225101,0.04769917010796588,-10.879770946975942,9.912350535617401,1.0743302185072745,1.3798907280823844,-0.2602471808496734,0.04606561075047651,0.03
1.0,0.2,0.005,0.0,36,kink,30,1.3818937915871636,-0.2555439780950373,0.044143191846592676,-8.382108900165642,9.912350535617401,0.6540839046005442,1.3902806940034724,-0.256776655667255,0.03539767596635687,0.03
1.0,0.2,0.005,0.0,36,shrink,30,1.378111856723092,-0.25601823047823163,0.04814709618581992,-10.358319175685693,9.912350535617401,1.1179674383507596,1.3789348894112572,-0.25819941281683795,0.04740938898403864,0.005
1.0,0.2,0.005,0.0,36,current,31,1.379209190796691,-0.2570403270693983,0.03954006693479006,-11.404608258212432,9.648185071396803,1.2807781517303352,1.3766672470511763,-0.25645605213981504,0.03555099881333637,0.03
1.0,0.2,0.005,0.0,36,kink,31,1.3807105950157794,-0.2556133442682315,0.041759853904694104,-10.722173782297723,9.648185071396803,2.502808099114458,1.3811714597084412,-0.25217510373631485,0.0422103597230485,0.03
1.0,0.2,0.005,0.0,36,shrink,31,1.3786004712656326,-0.2581224982111882,0.040458856412496406,-7.433021817524841,9.648185071396803,3.2973475018433938,1.3748410884580018,-0.25970256556518484,0.03830736724645543,0.005
1.0,0.2,0.005,0.0,36,current,32,1.3817830272004519,-0.2584172476554673,0.03912030441909324,-10.901879565319955,9.836988715774279,1.4132107226872155,1.378396381531214,-0.25632834806912064,0.039085744203378535,0.03
1.0,0.2,0.005,0.0,36,kink,32,1.3790487353451626,-0.2592905050113145,0.0439501340739051,-9.672607053405757,9.836988715774279,0.38836073724771647,1.3701935059653465,-0.25894812013666224,0.05357523316781411,0.03
1.0,0.2,0.005,0.0,36,shrink,32,1.3805481363543295,-0.2566412602415418,0.03979862331741519,-12.115177581895638,9.836988715774279,6.677664945897704,1.3746917089928468,-0.25100038582734435,0.041120700898344395,0.005
1.0,0.2,0.005,0.0,36,current,33,1.3812493904010819,-0.2563615935474865,0.03917909351563739,-11.182391195271844,9.886508222113081,2.5666815504841654,1.376763174064144,-0.25115111605183543,0.039999774005552116,0.03
1.0,0.2,0.005,0.0,36,kink,33,1.3790867121624866,-0.25510370551049855,0.03644896624470339,-9.529171077212515,9.886508222113081,2.156219413822822,1.370275139348358,-0.24737745194087157,0.0318093921927501,0.03
1.0,0.2,0.005,0.0,36,shrink,33,1.383397711564001,-0.256790672456832,0.04187710530179117,-9.952398822538061,9.886508222113081,-0.9485080912433477,1.3832081375529006,-0.2524383527798721,0.04809380936401344,0.005
1.0,0.2,0.005,0.0,36,current,34,1.3786286221992574,-0.2585737740899365,0.03818119997475647,-10.7657744036208,9.660998129077743,1.1953455576188692,1.3796064521029796,-0.2584454547701506,0.04763485027883115,0.03
1.0,0.2,0.005,0.0,36,kink,34,1.3806036594613633,-0.2576180636510466,0.031255876429240805,-12.100497714993027,9.660998129077743,1.9975246260598567,1.3855315638892967,-0.255578323453481,0.026858879642284166,0.03
1.0,0.2,0.005,0.0,36,shrink,34,1.3792082033946207,-0.2583571778087038,0.03599402682937946,-12.189576201109306,9.660998129077743,2.9946032470924315,1.3813451956890694,-0.2577956659264526,0.04107333084270013,0.005
1.0,0.2,0.005,0.0,36,current,35,1.3802130931635592,-0.25736212911038353,0.03788185869456769,-10.970847959773769,9.164006242220951,1.7464908488540594,1.38158029011616,-0.2597642199559627,0.03601825871101209,0.03
1.0,0.2,0.005,0.0,36,kink,35,1.3809894786677435,-0.2581287877255288,0.04119810796328593,-11.538609307661307,9.164006242220951,1.6828133717606102,1.3839094466287123,-0.2620641958013983,0.045967006517166786,0.03
1.0,0.2,0.005,0.0,36,shrink,35,1.379361488264155,-0.2570537762535369,0.0399747595602808,-9.829974699415574,9.164006242220951,1.8510528023148562,1.3790254754179465,-0.2588391613854229,0.04229696130815141,0.005
1.0,0.2,0.005,0.0,36,current,36,1.3786324972931052,-0.26083301305690454,0.04415939014236145,-10.787246159856139,9.340999539520514,0.9682358929824088,1.3775909730421287,-0.2571231067886235,0.045202779169624056,0.03
1.0,0.2,0.005,0.0,36,kink,36,1.3820844605884013,-0.2602530171282454,0.04566270396021566,-9.63436666933041,9.340999539520514,0.14253713687571268,1.387946862928017,-0.25538311900264593,0.04971272062318669,0.03
1.0,0.2,0.005,0.0,36,shrink,36,1.3792214425389846,-0.26254046582469504,0.04319940298966319,-18.175552945757765,9.340999539520514,1.639500840464349,1.379357808779767,-0.262245465091995,0.04232281771152928,0.005
1.0,0.2,0.005,0.0,36,current,37,1.3793627880229231,-0.2605509786303237,0.039502641582832614,-10.720319290968225,9.479226576362983,1.4436161536313044,1.377436568286863,-0.26018028449388564,0.04023340317728584,0.03
1.0,0.2,0.005,0.0,36,kink,37,1.3731097194496649,-0.2591946183452349,0.03938235602109535,-11.876763642539524,9.479226576362983,0.8358764117885461,1.3586773625670885,-0.2561112036386191,0.03987254649207406,0.03
1.0,0.2,0.005,0.0,36,shrink,37,1.3773347596087,-0.2597112974781426,0.04117187955072035,-11.748668326619889,9.479226576362983,-0.18342152993776906,1.371352483044194,-0.2576612410373422,0.045241117080949064,0.005
1.0,0.2,0.005,0.0,36,current,38,1.3783931769432127,-0.25973310784969955,0.03913548437783105,-11.548871878482528,9.60996249520288,2.097968262274186,1.37826892042349,-0.25744086128119764,0.03638600199851373,0.03
1.0,0.2,0.005,0.0,36,kink,38,1.3782554646247318,-0.25876161060818537,0.041182671544575916,-9.098013537888416,9.60996249520288,1.14684169620398,1.3778557834680476,-0.254526369556655,0.042527563498748325,0.03
1.0,0.2,0.005,0.0,36,shrink,38,1.3762439375916646,-0.2628543553429967,0.043171197176030664,-11.319790447591007,9.60996249520288,-1.559013051213437,1.371821202368846,-0.26680460376108917,0.04849314039311258,0.005
1.0,0.2,0.005,0.0,36,current,39,1.3798175573145268,-0.25752687073177283,0.03727561982896553,-11.122775719438387,10.232945899267577,1.8163854902234569,1.382223133027565,-0.25637769816582817,0.03662693758442388,0.03
1.0,0.2,0.005,0.0,36,kink,39,1.3753463233345433,-0.25705494164378623,0.03878288237381905,-10.632631714564214,10.232945899267577,1.5633749830984622,1.368809431087614,-0.2549619109018684,0.04114872521898443,0.03
1.0,0.2,0.005,0.0,36,shrink,39,1.3780134671864686,-0.26035036213376894,0.036580682846707305,-11.791355128054018,10.232945899267577,0.7081823775856589,1.37681086264339,-0.26484817237181657,0.034542126637649204,0.005
1.0,0.2,0.005,0.0,36,current,40,1.3768133895938153,-0.25883776962082594,0.0404036046754789,-11.194457507822094,9.52637184809213,1.0995713813428063,1.3774279968028587,-0.26078886385556677,0.04635627351089902,0.03
1.0,0.2,0.005,0.0,36,kink,40,1.377338936523585,-0.2596698105314125,0.04080696884960213,-9.440935623266512,9.52637184809213,0.489601064233256,1.3790046375921694,-0.2632849865873265,0.047566366033268734,0.03
1.0,0.2,0.005,0.0,36,shrink,40,1.379205402309793,-0.2597146454718042,0.040052226702140314,-10.709744498784996,9.52637184809213,-2.500242838749519,1.3846040349507924,-0.2634194914085013,0.04530213959088327,0.005
1.0,0.2,0.005,0.0,36,current,41,1.3741118561347136,-0.25466972345573463,0.04206329763261329,-10.727190100766645,9.93725942097765,0.7912375220903743,1.3764073119465023,-0.2564154309776153,0.04219855500395659,0.03
1.0,0.2,0.005,0.0,36,kink,41,1.3745688628455062,-0.25729543346440076,0.04358347517376373,-9.333161032434333,9.93725942097765,1.5817218777725643,1.377778332078879,-0.26429256100361365,0.046759087627407936,0.03
1.0,0.2,0.005,0.0,36,shrink,41,1.3744072185418699,-0.25749566364249593,0.045912419737618615,-11.478287594755407,9.93725942097765,3.797049881904684,1.3772933991679703,-0.26489325153789905,0.0537459213189726,0.005
1.0,0.2,0.005,0.0,36,current,42,1.377909509343432,-0.25643539371684887,0.04021331672340082,-11.330769435640935,10.08789477692364,0.7043075483496621,1.369137840045638,-0.25872563995930725,0.0357782048903658,0.03
1.0,0.2,0.005,0.0,36,kink,42,1.378231822229634,-0.2574861914950579,0.04257743061262392,-8.885520720840839,10.08789477692364,-0.014377779476007602,1.370104778704244,-0.26187803329393444,0.04287054655803513,0.03
1.0,0.2,0.005,0.0,36,shrink,42,1.3786016907939078,-0.2560947193429333,0.04169931460701573,-4.107159849811502,10.08789477692364,-1.9018650089752767,1.3712143843970652,-0.25770361683756077,0.04023619854121054,0.005
1.0,0.2,0.005,0.0,36,current,43,1.381348329596498,-0.25716066647988506,0.043374657898106544,-10.646932877130975,9.667336472448332,1.2000940470728032,1.377726526773543,-0.25048563130312057,0.05384191947886867,0.03
1.0,0.2,0.005,0.0,36,kink,43,1.3805221051599028,-0.25749131753899623,0.034857824238200885,-9.306684152855919,9.667336472448332,0.9198398568904398,1.3752478534637567,-0.25147758448045404,0.028291418499151687,0.03
1.0,0.2,0.005,0.0,36,shrink,43,1.3803121240380933,-0.2590087750944962,0.03929157964270199,-9.250067316814926,9.667336472448332,-2.1452066084770642,1.374617910098329,-0.2560299571469539,0.041592684712654995,0.005
1.0,0.2,0.005,0.0,36,current,44,1.3828239993774518,-0.2574224588845948,0.037841183511419296,-10.421277803812238,9.357194299703695,1.3468826295646534,1.3877242085494765,-0.25711259079712634,0.04034031007990692,0.03
1.0,0.2,0.005,0.0,36,kink,44,1.3803289979138398,-0.2546143836656989,0.04090746976631058,-8.472592716904957,9.357194299703695,0.40257068055663603,1.3802392041586402,-0.24868836514043868,0.04953916884458076,0.03
1.0,0.2,0.005,0.0,36,shrink,44,1.3784805936761828,-0.25609234861671837,0.036745569459054606,-13.544285073905376,9.357194299703695,2.911546487883379,1.3746939914456704,-0.2531222599934971,0.03705346792281285,0.005
1.0,0.2,0.005,0.0,36,current,45,1.3802514106585841,-0.2561792568054639,0.0396987869368251,-11.20114418132881,9.70567845895601,1.864408202295757,1.3832874896330658,-0.256483268428101,0.04677602193331814,0.03
1.0,0.2,0.005,0.0,36,kink,45,1.3802889483684986,-0.25704057117810136,0.03521780487300619,-10.997478177804053,9.70567845895601,1.8153028403773503,1.3834001027628091,-0.2590672115460133,0.033333075741861395,0.03
1.0,0.2,0.005,0.0,36,shrink,45,1.3804054964694445,-0.25689839505740397,0.04081762684942015,-7.5435365390536475,9.70567845895601,-1.0846830901643576,1.3837497470656468,-0.25864068318392114,0.05013254167110328,0.005
1.0,0.2,0.005,0.0,36,current,46,1.3760344443596544,-0.25883945312553114,0.04621986328368546,-11.350807410018277,9.95896636744431,0.44290152058877075,1.3786793650696865,-0.26549856698755175,0.04074309601065157,0.03
1.0,0.2,0.005,0.0,36,kink,46,1.3780733994300525,-0.256983112818071,0.04653002822438448,-8.783210994349572,9.95896636744431,-0.5098536791231985,1.3847962302808812,-0.25992954606517144,0.041673590832748617,0.03
1.0,0.2,0.005,0.0,36,shrink,46,1.3775259355888798,-0.255407853769265,0.04635906157182073,-12.116284844178756,9.95896636744431,3.3002718347814164,1.3831538387573634,-0.2552037689187534,0.04116069087505739,0.005
1.0,0.2,0.005,0.0,36,current,47,1.377126459466029,-0.25665373289079,0.04265765804671576,-11.037503432188291,10.485222427551543,1.6626945581781722,1.3811650419007926,-0.2542339188535315,0.047077992134559245,0.03
1.0,0.2,0.005,0.0,36,kink,47,1.3761534294297662,-0.25608213553750986,0.04500915472752267,-10.558817736434218,10.485222427551543,0.9534931591716507,1.3782459517920054,-0.25251912679369126,0.05413248217697996,0.03
1.0,0.2,0.005,0.0,36,shrink,47,1.3783591067678451,-0.26075347988136593,0.04032061365958847,-10.255000635379375,10.485222427551543,-0.5312545309682932,1.3848629838062423,-0.2665331598252594,0.04006685897317739,0.005
1.0,0.2,0.005,0.0,36,current,48,1.3807005897816669,-0.2595815528325377,0.03323458873222938,-10.62487489213063,10.028920580501554,1.6550728210025827,1.38958214954768,-0.2611179937922773,0.04330859351012945,0.03
1.0,0.2,0.005,0.0,36,kink,48,1.3792682910330514,-0.2584217870249536,0.03773280899555687,-10.068745679159697,10.028920580501554,0.657724866266747,1.3852852533018338,-0.25763869636952497,0.05680325430011193,0.03
1.0,0.2,0.005,0.0,36,shrink,48,1.3812162558460237,-0.2598327422232853,0.032377762098034134,-14.415092459866825,10.028920580501554,4.640254092359958,1.391129147740751,-0.26187156196451994,0.04073811360754372,0.005
1.0,0.2,0.005,0.0,36,current,49,1.3822980634133835,-0.25886730380695333,0.04384495969162317,-11.58125492092825,9.062968173832706,1.786732572294549,1.373685987561129,-0.2541038232058575,0.049773011247023345,0.03
1.0,0.2,0.005,0.0,36,kink,49,1.3864575062225821,-0.26009032314880737,0.043539778624627413,-8.077292095818564,9.062968173832706,2.1204721733094654,1.3861643159887242,-0.25777288123141956,0.048857468046036065,0.03
1.0,0.2,0.005,0.0,36,shrink,49,1.3853241038887798,-0.25872562949349387,0.03984557788267288,-7.625429770034646,9.062968173832706,3.4634414684911228,1.382764108987317,-0.2536788002654792,0.037774865820172476,0.005
1.0,0.2,0.005,0.0,40,current,0,3.0894307961936254,-0.4552229797423015,0.04316546669989638,-17.769006920536327,15.98537335399805,1.1392994041526077,3.0984452294118747,-0.4510230314156587,0.04681335229848603,0.03
1.0,0.2,0.005,0.0,40,kink,0,3.0799049856968437,-0.4545967906703805,0.04697664010196791,-17.590559461878325,15.98537335399805,0.6152304984999928,3.069867797921528,-0.44914446419989557,0.05824687250470062,0.03
1.0,0.2,0.005,0.0,40,shrink,0,3.084011700965565,-0.4571958537319265,0.0499236415727198,-33.61914487721113,15.98537335399805,4.771906366792259,3.082187943727693,-0.45694165338453346,0.06708787691695625,0.005
1.0,0.2,0.005,0.0,40,current,1,3.0854527038817534,-0.45634157820798116,0.05514282162240804,-19.932480037682524,16.656397927202924,1.7947671462401702,3.085166258290659,-0.4607364440436771,0.05811415244769703,0.03
1.0,0.2,0.005,0.0,40,kink,1,3.0789319874101353,-0.4586934624661622,0.05503734513172353,-21.61950001237555,16.656397927202924,-0.6982637832276002,3.0656041088758044,-0.4677920968182201,0.0577977229756435,0.03
1.0,0.2,0.005,0.0,40,shrink,1,3.0843872303437956,-0.45601753052153876,0.05402874069053532,-15.032821418839447,16.656397927202924,4.11005097583119,3.0819698376767857,-0.45976430098434984,0.05477190965207889,0.005
1.0,0.2,0.005,0.0,40,current,2,3.0864613440973834,-0.4479124652640478,0.04350404769452798,-18.646155209683393,16.703169510727836,1.8159221188972696,3.0927308344214497,-0.4480967471323659,0.04304603991064215,0.03
1.0,0.2,0.005,0.0,40,kink,2,3.0765900745784287,-0.4494200350866353,0.045835805264250705,-20.655852301303536,16.703169510727836,1.8950267379918444,3.063117025864586,-0.4526194566001284,0.050041312619810326,0.03
1.0,0.2,0.005,0.0,40,shrink,2,3.0825472442728787,-0.44837039759284975,0.043198527654261375,-23.012183260288815,16.703169510727836,3.4317500138687604,3.080988534947935,-0.4494705441187719,0.04212947978984232,0.005
1.0,0.2,0.005,0.0,40,current,3,3.085887959656463,-0.449708713990798,0.04719999660772376,-20.055383715177385,16.647415149835943,1.2911039197527365,3.0742491055053374,-0.457234345562163,0.05649066276767338,0.03
1.0,0.2,0.005,0.0,40,kink,3,3.0852961089044464,-0.4484184491585652,0.042583589756792294,-15.865186600077594,16.647415149835943,0.13503475217086391,3.072473553249287,-0.4533635510654646,0.04264144221487896,0.03
1.0,0.2,0.005,0.0,40,shrink,3,3.086116140643368,-0.44721723693884047,0.04399073433847378,-21.374042357498162,16.647415149835943,1.970511499501241,3.0749336484660525,-0.4497599144062902,0.04686287595992343,0.005
1.0,0.2,0.005,0.0,40,current,4,3.086967498978556,-0.4531556712807027,0.049989556902573264,-18.71604956737527,16.52698362303906,2.538923383570304,3.081943612897014,-0.447894050716045,0.04599830437176451,0.03
1.0,0.2,0.005,0.0,40,kink,4,3.0857552026376958,-0.45034904252381963,0.05040798377482567,-14.869698987190482,16.52698362303906,1.1815977051234963,3.0783067238744333,-0.43947416444539567,0.04725358498852178,0.03
1.0,0.2,0.005,0.0,40,shrink,4,3.088907201760659,-0.45425705475174166,0.05068366815298577,-16.89176635393774,16.52698362303906,-0.5338035982667966,3.0877627212433247,-0.4511982011291618,0.04808063812300202,0.005
1.0,0.2,0.005,0.0,40,current,5,3.090743491125282,-0.4481981119998754,0.04974580709621021,-18.585902021366714,15.929229929787656,1.1726795362885054,3.09275337171731,-0.4555368623427228,0.05221663817729558,0.03
1.0,0.2,0.005,0.0,40,kink,5,3.087295162304683,-0.4484125577578146,0.05258051588599785,-18.688830210657617,15.929229929787656,-0.5335306346841626,3.0824083852555146,-0.4561801996165403,0.06072076454665849,0.03
1.0,0.2,0.005,0.0,40,shrink,5,3.0920289000966554,-0.4474510074294004,0.049139693476912986,-21.656090099983864,15.929229929787656,2.3345867739264965,3.0966095986314297,-0.4532955486312977,0.0503982973194039,0.005
1.0,0.2,0.005,0.0,40,current,6,3.0920998236743276,-0.45273512139666927,0.04780874871043984,-18.65246384546483,15.778376298769938,1.8090888545677746,3.1010502408695095,-0.44947390330463305,0.04595586768289613,0.03
1.0,0.2,0.005,0.0,40,kink,6,3.087056856825513,-0.45099312389738994,0.04550170737888789,-18.522886832421676,15.778376298769938,2.9756872675019523,3.085921340323066,-0.44424791080679493,0.039034743688240295,0.03
1.0,0.2,0.005,0.0,40,shrink,6,3.0845334769494186,-0.4516664765384813,0.04880743173316888,-21.24231200041031,15.778376298769938,6.4252386884343045,3.078351200694783,-0.4462679687300691,0.04895191675108326,0.005
1.0,0.2,0.005,0.0,40,current,7,3.0912880138210492,-0.450888163426608,0.048939158539534726,-18.563817650163458,15.062236856243016,2.1687491678622104,3.0879116801070503,-0.45162724092238954,0.05784689444747797,0.03
1.0,0.2,0.005,0.0,40,kink,7,3.0827396219448726,-0.4487657811814854,0.04721235926985445,-18.87473059875733,15.062236856243016,4.24601454459414,3.06226650447852,-0.44526009418702195,0.05266649663843712,0.03
1.0,0.2,0.005,0.0,40,shrink,7,3.088587018384546,-0.4510048676279415,0.045665404449419085,-21.361794502292586,15.062236856243016,2.5192984888734213,3.0798086937975406,-0.45197735352639035,0.04802563217713106,0.005
1.0,0.2,0.005,0.0,40,current,8,3.087420740669463,-0.4491784890633328,0.04970041535546079,-17.84241345550805,16.562067310854125,1.934414879618208,3.095195509633193,-0.4490294472434509,0.038642433572274926,0.03
1.0,0.2,0.005,0.0,40,kink,8,3.0777257354631984,-0.44439063391172695,0.04699922391448263,-20.06740248739954,16.562067310854125,3.7525874140172935,3.0661104940143984,-0.4346658817886334,0.030538859249340432,0.03
1.0,0.2,0.005,0.0,40,shrink,8,3.0802897898885604,-0.44584018126908637,0.047269997631899825,-19.62655068889511,16.562067310854125,1.5133471589154985,3.073802657290485,-0.43901452386071155,0.031351180401592044,0.005
1.0,0.2,0.005,0.0,40,current,9,3.088280359215594,-0.4518809772194672,0.048919759072616364,-17.97546441626709,16.377657814711057,1.5201446403596797,3.0815312909201777,-0.4470010011357835,0.04914516943129027,0.03
1.0,0.2,0.005,0.0,40,kink,9,3.0905722094222923,-0.45826900324273834,0.04991411446504344,-13.926012116174636,16.377657814711057,-0.06696978446983803,3.0884068415402695,-0.4661650792055971,0.052128235608571494,0.03
1.0,0.2,0.005,0.0,40,shrink,9,3.088073676730476,-0.4545054204421774,0.04962430059764499,-10.846411766224984,16.377657814711057,0.8679487088736773,3.0809112434648247,-0.4548743308039141,0.05125879400637615,0.005
1.0,0.2,0.005,0.0,40,current,10,3.092626684209101,-0.45099908543965056,0.05138433821949546,-16.964666186495826,15.628039512492672,1.4869788830902755,3.093710941191949,-0.44882274131054245,0.04966343795491814,0.03
1.0,0.2,0.005,0.0,40,kink,10,3.090717060809134,-0.4522162329444768,0.04777110099985841,-19.03329064469174,15.628039512492672,2.1784763623071113,3.0879820709920494,-0.45247418382502136,0.03882372629600697,0.03
1.0,0.2,0.005,0.0,40,shrink,10,3.094166847745163,-0.4506517846080411,0.05340528845277836,-24.21229228085176,15.628039512492672,-2.8766865559385604,3.0983314318001356,-0.4477808388157142,0.05572628865476681,0.005
1.0,0.2,0.005,0.0,40,current,11,3.086333835941479,-0.4546733712871746,0.049367711867553,-20.386024835997883,15.7079097838,1.7298047618250523,3.077330527832971,-0.4529013421198069,0.047976045463941686,0.03
1.0,0.2,0.005,0.0,40,kink,11,3.0853579255624193,-0.4542803773884083,0.0403457429902439,-17.79914440413664,15.7079097838,2.5534745709318223,3.0744027966957916,-0.45172236042350794,0.020910138832014372,0.03
1.0,0.2,0.005,0.0,40,shrink,11,3.0831312102833643,-0.4561629813473793,0.058108717345964477,-19.515869860461866,15.7079097838,0.49288499137459674,3.0677226508586264,-0.45737017230042093,0.07419906189917609,0.005
1.0,0.2,0.005,0.0,40,current,12,3.0844348673994766,-0.45160411209378815,0.049687934020951285,-19.94585886700149,16.0370975054755,1.876951954574997,3.0769101281334703,-0.4541220566187633,0.05484247254129996,0.03
1.0,0.2,0.005,0.0,40,kink,12,3.0928917153885163,-0.4559843498719192,0.04857143870597347,-18.952902643824878,16.0370975054755,0.7687404701108351,3.1022806721005893,-0.46726276995315646,0.051492986596366495,0.03
1.0,0.2,0.005,0.0,40,shrink,12,3.0829891178680366,-0.44982553613892334,0.05236156044001524,-18.771176550149754,16.0370975054755,4.122382878484767,3.0725728795391505,-0.4487863287541688,0.06286335179849181,0.005
1.0,0.2,0.005,0.0,40,current,13,3.090438717098366,-0.45340026959924923,0.04145758701114836,-19.11867827301794,17.51887917734801,0.8576474161602048,3.093438451010786,-0.45323566339256155,0.033039290979504865,0.03
1.0,0.2,0.005,0.0,40,kink,13,3.08072825906124,-0.4508467410189145,0.04735116946116333,-20.25865882023884,17.51887917734801,3.458097650814161,3.0643070768994076,-0.4455750776515571,0.05072003832954976,0.03
1.0,0.2,0.005,0.0,40,shrink,13,3.0880109937225177,-0.4524480369722903,0.04910691288739116,-13.335383645979974,17.51887917734801,1.6386429074147792,3.0861552808832404,-0.4503789655116846,0.05598726860823327,0.005
1.0,0.2,0.005,0.0,40,current,14,3.088740695899619,-0.449174050977017,0.05573843061558779,-18.829224572209817,15.420145300243863,1.7939875744082794,3.090308427388076,-0.4508200976147879,0.06172847445272564,0.03
1.0,0.2,0.005,0.0,40,kink,14,3.090729197109256,-0.45574213601677277,0.05857808927225461,-16.2777475586487,15.420145300243863,-0.13630293277056027,3.096273931016986,-0.47052435273405513,0.07024745042272612,0.03
1.0,0.2,0.005,0.0,40,shrink,14,3.0892587965408977,-0.45058646293476556,0.052931367687017526,-19.157536731106926,15.420145300243863,-2.692686898096899,3.091862729311911,-0.45505733348803373,0.05330728566701485,0.005
1.0,0.2,0.005,0.0,40,current,15,3.0752809546121824,-0.4485328537139515,0.04987449866752151,-19.849192459768844,15.376854297056548,2.298034481192561,3.084652921508521,-0.4477679007841444,0.04719591195241375,0.03
1.0,0.2,0.005,0.0,40,kink,15,3.0765718103615565,-0.44370594547397163,0.04219421802239354,-17.40507573714445,15.376854297056548,3.648612909553121,3.0885254887566433,-0.43328717606420475,0.024155070017029833,0.03
1.0,0.2,0.005,0.0,40,shrink,15,3.072561010860538,-0.4477995007329192,0.05424354930194808,-20.867029308555225,15.376854297056548,4.983925501722811,3.0764930902535887,-0.44556784184104736,0.06030306385569346,0.005
1.0,0.2,0.005,0.0,40,current,16,3.0942334264995615,-0.4527759362551153,0.048552729881994765,-18.575326138699236,14.844640506750032,1.4785018957218514,3.091525592860853,-0.4484023416540989,0.057138106520972023,0.03
1.0,0.2,0.005,0.0,40,kink,16,3.0955207674082232,-0.4519217030239749,0.043849440187866046,-16.856552011907393,14.844640506750032,2.5311663563949827,3.09538761558684,-0.44583964196067777,0.04302823743858588,0.03
1.0,0.2,0.005,0.0,40,shrink,16,3.092612378335629,-0.45257298005042407,0.044459544443358846,-19.76013654329846,14.844640506750032,1.0939247253270818,3.0866624483690575,-0.44779347304002537,0.044858550205064275,0.005
1.0,0.2,0.005,0.0,40,current,17,3.0884573974936287,-0.45634145413150734,0.050786784577956996,-18.848761586332955,15.728540804884444,1.5285862710586675,3.090305519873596,-0.4647165123432267,0.05485537813925786,0.03
1.0,0.2,0.005,0.0,40,kink,17,3.0894449819676724,-0.45585327588558505,0.05017370133985805,-19.740714024365772,15.728540804884444,1.0718433149948858,3.093268273295728,-0.46325197760545955,0.05301612842496105,0.03
1.0,0.2,0.005,0.0,40,shrink,17,3.087402952661766,-0.45079950663896445,0.04973923185512067,-19.264429679269842,15.728540804884444,3.802463252377405,3.0871421853780094,-0.44809066986559787,0.0517127199707489,0.005
1.0,0.2,0.005,0.0,40,current,18,3.094247635748839,-0.45282512834500793,0.042256580453575214,-19.08800923218214,15.051453826519788,1.648368561310736,3.09628122214459,-0.4579480948704278,0.0501942281627528,0.03
1.0,0.2,0.005,0.0,40,kink,18,3.084296331040424,-0.44340150737903605,0.039320479978566594,-18.644492097428873,15.051453826519788,3.1552654502052553,3.066427308019346,-0.4296772319725121,0.04138592673772695,0.03
1.0,0.2,0.005,0.0,40,shrink,18,3.093973071298995,-0.452095743348095,0.04017338169840504,-15.088678861079263,15.051453826519788,-2.205691315821369,3.095457528795056,-0.455759939879689,0.04394463189724229,0.005
1.0,0.2,0.005,0.0,40,current,19,3.080437296221636,-0.44594317828564584,0.05175949479075014,-18.794810576702098,16.207104081481152,2.110152109292436,3.0893897705371254,-0.4519525352906431,0.050811781817440595,0.03
1.0,0.2,0.005,0.0,40,kink,19,3.0783928847972635,-0.44587499976489253,0.05464123189743112,-16.593553612095704,16.207104081481152,1.7473556442814986,3.083256536264008,-0.4517479997283831,0.059456993137483566,0.03
1.0,0.2,0.005,0.0,40,shrink,19,3.081374122438826,-0.4462386583607724,0.051328768522591516,-25.16059565912523,16.207104081481152,2.065276668479068,3.0922002491886955,-0.4528389755160227,0.049519603012964715,0.005
1.0,0.2,0.005,0.0,40,current,20,3.0915030457124963,-0.4540968698548718,0.05220602539146383,-19.17606550327432,14.843809520981203,0.8560302826344381,3.088104418478466,-0.4512222776173353,0.050998199561768105,0.03
1.0,0.2,0.005,0.0,40,kink,20,3.090035568497744,-0.45271923829382515,0.05374177520597224,-19.94665177562597,14.843809520981203,-0.11932499634493321,3.083701986834208,-0.44708938293419537,0.05560544900529332,0.03
1.0,0.2,0.005,0.0,40,shrink,20,3.0936176896588576,-0.44763458753618074,0.051081728560016776,-9.737199577282507,14.843809520981203,9.213972105584714,3.0944483503175477,-0.4318354306612621,0.04762530906742693,0.005
1.0,0.2,0.005,0.0,40,current,21,3.100140841620329,-0.45573235897094105,0.04457699900396925,-17.315206428637754,16.251714283718158,1.162901520113959,3.113945266111053,-0.45636948561575547,0.03963490043542384,0.03
1.0,0.2,0.005,0.0,40,kink,21,3.095306245695433,-0.4571089721072506,0.044879317921397134,-19.286106306212023,16.251714283718158,0.5811768567308015,3.099441478336363,-0.4604993250246841,0.040541857187707496,0.03
1.0,0.2,0.005,0.0,40,shrink,21,3.09537677734788,-0.4499705033672361,0.04474179096921032,-20.019651516547537,16.251714283718158,1.4775819290284984,3.099653073293706,-0.4390839188046406,0.04012927633114705,0.005
1.0,0.2,0.005,0.0,40,current,22,3.0905789476643513,-0.4520695647604156,0.049715889327359965,-18.564958075139103,16.44399716024641,1.3089039046367743,3.094707239309908,-0.4544898561216965,0.05200748205922309,0.03
1.0,0.2,0.005,0.0,40,kink,22,3.0904777954078804,-0.4494299651187639,0.04360484525784294,-20.557058011220317,16.44399716024641,1.214353885536973,3.0944037825404953,-0.44657105719674134,0.033674349850671983,0.03
1.0,0.2,0.005,0.0,40,shrink,22,3.0882608084546663,-0.4518137395979831,0.04566607283973503,-18.73865527109917,16.44399716024641,2.36770247767151,3.0877528216808527,-0.4537223806343991,0.03985803259634826,0.005
1.0,0.2,0.005,0.0,40,current,23,3.096462584404866,-0.45818482742441197,0.04666929250696436,-19.019200450096108,16.22637995055253,1.2113715430226306,3.089924374043082,-0.4530254637165878,0.05075068081623803,0.03
1.0,0.2,0.005,0.0,40,kink,23,3.0942025542282945,-0.460359534226167,0.047164381809911955,-16.410715182354622,16.22637995055253,1.8790134737749855,3.083144283513368,-0.4595495841218527,0.0522359487250808,0.03
1.0,0.2,0.005,0.0,40,shrink,23,3.092414753460096,-0.45845119146734326,0.04470977771873181,-22.13001047694066,16.22637995055253,-0.10472234775050926,3.077780881208772,-0.45382455584538156,0.04487213645154038,0.005
1.0,0.2,0.005,0.0,40,current,24,3.0906216885366384,-0.4529770545032535,0.04562325858059823,-17.20650705066868,17.43646147455617,0.5307881174705398,3.100201276531614,-0.4609832447117844,0.05043666246896235,0.03
1.0,0.2,0.005,0.0,40,kink,24,3.0794277561072945,-0.44566128923365667,0.04216886678025606,-18.402441737831655,17.43646147455617,1.603931479930993,3.066619479243582,-0.43903594890299374,0.040073487067935856,0.03
1.0,0.2,0.005,0.0,40,shrink,24,3.083356117637718,-0.44972348447903915,0.046263039875962274,-22.195662304439736,17.43646147455617,3.36962622622345,3.078404563834851,-0.4512225346391412,0.052356006355054496,0.005
1.0,0.2,0.005,0.0,40,current,25,3.08660315420233,-0.4510487959929786,0.04969944676542604,-18.995756448953387,17.747885826567362,1.19134635007904,3.0958955704990054,-0.45478963104999887,0.04594123667311693,0.03
1.0,0.2,0.005,0.0,40,kink,25,3.0846824035540217,-0.44944156843633004,0.0485681196179768,-18.073964928334213,17.747885826567362,2.3177785313131563,3.090133318554081,-0.4499679483800532,0.0425472552307692,0.03
1.0,0.2,0.005,0.0,40,shrink,25,3.0884551690524646,-0.45270489623762195,0.049787420247264645,-20.442691982029906,17.747885826567362,-0.8843551050468694,3.101451615049411,-0.4597579317839288,0.04620515711863271,0.005
1.0,0.2,0.005,0.0,40,current,26,3.0875229849016255,-0.44910176395016693,0.04461706740663828,-19.972629877028318,15.985447149232996,1.6822558177294034,3.0821837515558115,-0.452974468030619,0.04901090861402007,0.03
1.0,0.2,0.005,0.0,40,kink,26,3.0877828577875994,-0.44966685003546414,0.047211129881085605,-17.33653751694582,15.985447149232996,1.3214300084754431,3.0829633702137325,-0.4546697262865107,0.056793096037362024,0.03
1.0,0.2,0.005,0.0,40,shrink,26,3.088048791900185,-0.44863502409330275,0.044548435123271786,-21.47403755152433,15.985447149232996,4.8025653580047765,3.0837611725514913,-0.45157424846002653,0.04880501176392059,0.005
1.0,0.2,0.005,0.0,40,current,27,3.0969853667206118,-0.4586327606584614,0.05439339237579013,-17.020025695311663,17.780678283462485,1.0823111238664063,3.111639019604872,-0.45627458738271426,0.052741233668230914,0.03
1.0,0.2,0.005,0.0,40,kink,27,3.094211503129877,-0.4522111848571975,0.0533630620206219,-14.806367544913655,17.780678283462485,1.1933441229411814,3.1033174288326686,-0.4370098599789225,0.04965024260272624,0.03
1.0,0.2,0.005,0.0,40,shrink,27,3.0898376286075515,-0.4566783833015036,0.05416577125915035,-16.400531930925318,17.780678283462485,-3.042569043974347,3.090195805265692,-0.45041145531184085,0.0520583703183116,0.005
1.0,0.2,0.005,0.0,40,current,28,3.0841652521015352,-0.45416498930682714,0.051679357703990236,-18.161217443979027,16.123888165757734,1.007611961852296,3.0950831426585093,-0.4503617122321692,0.04972423445606777,0.03
1.0,0.2,0.005,0.0,40,kink,28,3.082788618663178,-0.45612647045704824,0.04733476278951016,-17.115209391016805,16.123888165757734,1.4343425493105975,3.090953242343437,-0.4562461556828326,0.03669044971262757,0.03
1.0,0.2,0.005,0.0,40,shrink,28,3.0822080949879918,-0.45557576211496315,0.04801660834504393,-18.96852614839389,16.123888165757734,0.13273496838691012,3.0892116713178783,-0.45459403065657716,0.03873598637922887,0.005
1.0,0.2,0.005,0.0,40,current,29,3.092023355877171,-0.4598266034774004,0.05139127112632591,-18.051134733600026,16.775336324112697,1.52756246492228,3.0938276972023866,-0.4589111773544964,0.043421853628434016,0.03
1.0,0.2,0.005,0.0,40,kink,29,3.0883340716088736,-0.46256389705506434,0.049931476003880336,-19.086821452186648,16.775336324112697,-0.17572033616342142,3.082759844397494,-0.4671230580874883,0.0390424682610973,0.03
1.0,0.2,0.005,0.0,40,shrink,29,3.08990514863844,-0.45936450096138176,0.05344892412230969,-14.103796808559768,16.775336324112697,3.8967196753768896,3.087473075486193,-0.4575248698064404,0.049594812616385375,0.005
1.0,0.2,0.005,0.0,40,current,30,3.0898619366500486,-0.4533445224794967,0.04682095889034155,-18.792192198442958,15.81789228844235,1.6767830745023793,3.081908392440072,-0.45658613353328964,0.044642322421245134,0.03
1.0,0.2,0.005,0.0,40,kink,30,3.0967151650440736,-0.4544892722587743,0.05287429030249954,-14.255144444861884,15.81789228844235,-0.05761192177379226,3.1024680776221474,-0.4600203828711225,0.06280231665771908,0.03
1.0,0.2,0.005,0.0,40,shrink,30,3.093830699130016,-0.4501074054516187,0.05199556425212307,-24.8689663928662,15.81789228844235,5.58384300546983,3.093814679879976,-0.4468747824496557,0.060166138506589674,0.005
1.0,0.2,0.005,0.0,40,current,31,3.0936355364115387,-0.4440821783023238,0.0446745305385223,-19.93820864321966,16.93011587009517,2.622644752659019,3.08718269003709,-0.43323827809684795,0.05188218674331011,0.03
1.0,0.2,0.005,0.0,40,kink,31,3.0891230872187045,-0.4498641265237362,0.038444674769702904,-15.771377706422022,16.93011587009517,0.3843286502222576,3.0736453424585863,-0.45058412276108506,0.033192619436851915,0.03
1.0,0.2,0.005,0.0,40,shrink,31,3.0938104204526122,-0.4487966302349078,0.04101827764482007,-18.755794854971338,16.93011587009517,0.8026852420027035,3.087707342160309,-0.44738163389459984,0.04091342806220342,0.005
1.0,0.2,0.005,0.0,40,current,32,3.0893529525773062,-0.45554429886522096,0.05112336806532786,-18.465013690667522,16.712546925411473,1.274561452350767,3.0958752587795817,-0.4497134075964955,0.05519450119769016,0.03
1.0,0.2,0.005,0.0,40,kink,32,3.0916380388401286,-0.45407509370760496,0.045501605565900216,-16.655620034003967,16.712546925411473,2.8048897779731785,3.1027305175680455,-0.4453057921236475,0.03832921369940726,0.03
1.0,0.2,0.005,0.0,40,shrink,32,3.0831874171114655,-0.4567870650350876,0.050937587914438955,-4.595507776237785,16.712546925411473,2.8814204532613363,3.0773786523820563,-0.45344170610609535,0.05463716074502348,0.005
1.0,0.2,0.005,0.0,40,current,33,3.090886401080827,-0.45744747623939547,0.05323123049353434,-18.997855334338205,16.28543720675289,1.3563477885611575,3.0956982848816903,-0.4584061278477562,0.051302527218815584,0.03
1.0,0.2,0.005,0.0,40,kink,33,3.0887343227895037,-0.4538342671726922,0.059537161448802216,-16.286841052263398,16.28543720675289,-1.0003496131163143,3.08924205000772,-0.44756650064764625,0.07022032008461919,0.03
1.0,0.2,0.005,0.0,40,shrink,33,3.0907967932949965,-0.4548812247483312,0.05532536911506728,-15.060035906279701,16.28543720675289,10.702768486610047,3.095429461524198,-0.4507073733745632,0.057584943083414386,0.005
1.0,0.2,0.005,0.0,40,current,34,3.0938640851581733,-0.4582416726478535,0.04809451253832853,-18.90228914235816,16.6737521590068,1.2428364735930189,3.092854273329837,-0.45632582344546263,0.04657385892483297,0.03
1.0,0.2,0.005,0.0,40,kink,34,3.0873334465688314,-0.45832806027154854,0.047386109957241344,-19.220156276547062,16.6737521590068,-0.41131505919263645,3.073262357561812,-0.4565849863165478,0.04444865118157143,0.03
1.0,0.2,0.005,0.0,40,shrink,34,3.092818444303621,-0.4558352576960174,0.051061399911295456,-16.153050743003813,16.6737521590068,-2.299026959914638,3.08971735076618,-0.4491065785899543,0.05547452104373378,0.005
1.0,0.2,0.005,0.0,40,current,35,3.0904707709066983,-0.4476974770690692,0.049696950584855404,-19.016688833034777,15.189491258366811,1.9892724367630426,3.087371010320927,-0.44679385219890866,0.05280205721445759,0.03
1.0,0.2,0.005,0.0,40,kink,35,3.083747086378324,-0.45446399013227734,0.05556452271431419,-16.267449834432583,15.189491258366811,1.2859143899521392,3.067199956735803,-0.46709339138853306,0.07040477360283395,0.03
1.0,0.2,0.005,0.0,40,shrink,35,3.08746842943731,-0.4480680709875906,0.049535811732802616,-22.0565369244733,15.189491258366811,8.802451557877841,3.0783639859127616,-0.4479056339544728,0.05231864065829926,0.005
1.0,0.2,0.005,0.0,40,current,36,3.0862754734137368,-0.4541813099416238,0.05425107786612802,-18.78101266476485,15.7785386887753,1.752331082509023,3.0894554339495395,-0.4514614672384964,0.0541923023108932,0.03
1.0,0.2,0.005,0.0,40,kink,36,3.0808192313197087,-0.45559714670199924,0.055127074380485176,-17.298485242119618,15.7785386887753,1.6116787492917006,3.073086707667456,-0.4557089775196227,0.05682029185396467,0.03
1.0,0.2,0.005,0.0,40,shrink,36,3.0867783530192097,-0.4520604337430041,0.05138110857298154,-17.124077188696994,15.7785386887753,3.4786354320003063,3.090964072765958,-0.4450988386426373,0.04558239443145374,0.005
1.0,0.2,0.005,0.0,40,current,37,3.086470280162026,-0.4522289884879817,0.055621355199271416,-19.06593404863588,14.955028957720495,1.4131739826519616,3.0846506208008946,-0.44930425168222354,0.06128484884039007,0.03
1.0,0.2,0.005,0.0,40,kink,37,3.077696524888647,-0.4489307162078597,0.0563253389836973,-21.683705554029242,14.955028957720495,2.3846320091509994,3.0583293549807578,-0.43940943484185724,0.06339680019366772,0.03
1.0,0.2,0.005,0.0,40,shrink,37,3.0850714870335945,-0.4535064667554403,0.05111200403004227,-20.99980800983339,14.955028957720495,1.8292715418901648,3.0804542414155995,-0.45313668648459926,0.04775679533270265,0.005
1.0,0.2,0.005,0.0,40,current,38,3.0883335088543884,-0.4541867498226688,0.048449534132292506,-19.63782581158096,16.032185271190816,2.550978855193762,3.0851171669277093,-0.4499371870605819,0.04224336333211948,0.03
1.0,0.2,0.005,0.0,40,kink,38,3.088907178913797,-0.45469682628823316,0.04728637303846064,-16.432029253876614,16.032185271190816,0.7329770385421261,3.086838177105934,-0.45146741645727473,0.03875388005062386,0.03
1.0,0.2,0.005,0.0,40,shrink,38,3.0890766074781144,-0.45413289398222506,0.048628412752468264,-25.944036465011948,16.032185271190816,10.180516607989357,3.087346462798887,-0.44977561953925055,0.04277999919264673,0.005
1.0,0.2,0.005,0.0,40,current,39,3.096543422753039,-0.45041130758872283,0.05157169330229135,-19.2897408093407,15.557088897366969,2.4096402686359584,3.090820516847475,-0.44985261733566617,0.04917569302723513,0.03
1.0,0.2,0.005,0.0,40,kink,39,3.092663950577954,-0.44715059920111094,0.056334096850564896,-20.151304783950216,15.557088897366969,1.8706195257410645,3.0791821003222206,-0.44007049217283084,0.06346290367205579,0.03
1.0,0.2,0.005,0.0,40,shrink,39,3.0928579233932787,-0.4458792137785035,0.053257073601458094,-21.74263668029858,15.557088897366969,6.24742707779506,3.079764018768195,-0.4362563359050084,0.05423183392473535,0.005
1.0,0.2,0.005,0.0,40,current,40,3.085380601996608,-0.4521593533737138,0.04629212027746699,-20.20833244696413,16.01887568767773,1.921866326486444,3.0859889038567734,-0.449170542009645,0.03744851958579,0.03
1.0,0.2,0.005,0.0,40,kink,40,3.098719088324101,-0.4487211742257397,0.05022076122341839,-14.627398170889332,16.01887568767773,1.6401527486950607,3.1260043628392515,-0.43885600456572255,0.04923444242364418,0.03
1.0,0.2,0.005,0.0,40,shrink,40,3.088708873011805,-0.45064201573824486,0.049203194208044726,-14.824194326032412,16.01887568767773,4.043550538960368,3.0959737169023644,-0.4446185291032381,0.04618174137752319,0.005
1.0,0.2,0.005,0.0,40,current,41,3.0783643394347635,-0.4446905714082953,0.0567539908771274,-19.380240415847354,16.38542717993435,2.4254037453462574,3.083980808496272,-0.436507348756234,0.054314367539713006,0.03
1.0,0.2,0.005,0.0,40,kink,41,3.075641290760522,-0.4452439121711415,0.05639018493382258,-19.27303053882009,16.38542717993435,2.260999903201686,3.0758116624735465,-0.43816737104477255,0.05322294970979854,0.03
1.0,0.2,0.005,0.0,40,shrink,41,3.0774214798495874,-0.4522991185810377,0.056991081300674075,-17.57305775219812,16.38542717993435,3.7568136457219037,3.0811522297407437,-0.45933299027446123,0.055025638810353036,0.005
1.0,0.2,0.005,0.0,40,current,42,3.090785887225246,-0.449288771107774,0.04292017824861947,-18.345654641158013,16.64628555196016,1.8526531314078187,3.096649383666414,-0.450468673609645,0.04529491664743779,0.03
1.0,0.2,0.005,0.0,40,kink,42,3.093226392726319,-0.4481193854152094,0.04306928064899801,-17.174281594964476,16.64628555196016,2.8592061972791525,3.1039709001696347,-0.446960516531951,0.04574222384857344,0.03
1.0,0.2,0.005,0.0,40,shrink,42,3.08923854705697,-0.44738471496016907,0.04198768529043149,-15.440064662921223,16.64628555196016,3.9037292887423245,3.0920073631615854,-0.44475650516683024,0.04249743777287387,0.005
1.0,0.2,0.005,0.0,40,current,43,3.0870254285222045,-0.4506436105702239,0.04254937718296222,-18.7197149302883,16.779049693366865,0.7647425252180029,3.098668426785332,-0.4588152244439096,0.043757890901319596,0.03
1.0,0.2,0.005,0.0,40,kink,43,3.076232152304732,-0.45054313535736523,0.04885616289455184,-21.76295235240189,16.779049693366865,2.388667022040771,3.066288598132915,-0.4585137988053337,0.06267824803608847,0.03
1.0,0.2,0.005,0.0,40,shrink,43,3.0825825889773184,-0.44888864809699003,0.044357817986387195,-22.064210402113382,16.779049693366865,-4.001644324125867,3.0853399081506736,-0.45355033702420805,0.04918321331159453,0.005
1.0,0.2,0.005,0.0,40,current,44,3.0979960882992343,-0.45599734010940574,0.04628498505930243,-17.027800086112407,16.08073912169561,0.8178835701480986,3.1027790956139523,-0.4615440502762829,0.048308609231494076,0.03
1.0,0.2,0.005,0.0,40,kink,44,3.0945466685713203,-0.4569679387309049,0.04992964264833633,-19.603196974073846,16.08073912169561,2.006372791013959,3.092430836430211,-0.4644558461407806,0.059242581998595764,0.03
1.0,0.2,0.005,0.0,40,shrink,44,3.090439209554051,-0.4520524327178086,0.048750035829865944,-15.841974620003395,16.08073912169561,2.9538115344731297,3.0801084593784043,-0.4497093281014916,0.0557037615431846,0.005
1.0,0.2,0.005,0.0,40,current,45,3.0837642370017853,-0.44836155189233157,0.04985069782919116,-18.49845330057174,16.31879903941145,1.3157632597725808,3.084709130015241,-0.45567956768290363,0.05110175694228986,0.03
1.0,0.2,0.005,0.0,40,kink,45,3.085487177609276,-0.44578132564547807,0.04692740934471793,-16.295417526350533,16.31879903941145,3.3587484885488768,3.089877951837714,-0.4479388889423432,0.04233189148887019,0.03
1.0,0.2,0.005,0.0,40,shrink,45,3.077559713622771,-0.4467415643042815,0.046023000786641004,-23.037490368641517,16.31879903941145,5.476381063237406,3.0660955598782,-0.45081960491875367,0.039618665814639374,0.005
1.0,0.2,0.005,0.0,40,current,46,3.094306938657915,-0.44677337794569355,0.04158190794369206,-17.520549293365313,17.22861605143004,1.3272639362435288,3.0967617850599427,-0.4554670224665361,0.044618423428313,0.03
1.0,0.2,0.005,0.0,40,kink,46,3.0928550270040365,-0.4512012332304265,0.05170746460941913,-16.55183922566214,17.22861605143004,2.020861468988033,3.0924060500983086,-0.4687505883207348,0.07499509342549418,0.03
1.0,0.2,0.005,0.0,40,shrink,46,3.093631810798536,-0.4484684936021135,0.04473633479879537,-19.217555726038867,17.22861605143004,2.915121359038188,3.0947364014818075,-0.46055236943579597,0.05408170399362293,0.005
1.0,0.2,0.005,0.0,40,current,47,3.1002028222750337,-0.45832567588808604,0.053082184217570105,-18.950567080643054,14.236573387179334,-0.06924798104015406,3.089863343649819,-0.4570218903702834,0.05240028919030154,0.03
1.0,0.2,0.005,0.0,40,kink,47,3.1056431678359666,-0.4502796045123901,0.04772555109560661,-17.18722749468282,14.236573387179334,4.662689300833568,3.1061843803326186,-0.43288367624319546,0.03633038982441107,0.03
1.0,0.2,0.005,0.0,40,shrink,47,3.1018774752535236,-0.4602927715964354,0.05361191287170786,-21.808294720486764,14.236573387179334,0.31123063308701093,3.094887302585288,-0.4629231774953314,0.05398947515271482,0.005
1.0,0.2,0.005,0.0,40,current,48,3.0766100104916805,-0.45605527240684873,0.05242561695714006,-18.359068257149534,16.324008273668678,1.1364336066556893,3.0816851590941874,-0.4603989070922819,0.04770573518598924,0.03
1.0,0.2,0.005,0.0,40,kink,48,3.082871508948035,-0.45469326459924037,0.05016357546368385,-17.414867218694773,16.324008273668678,3.298191132869512,3.1004696544632515,-0.45631288366945655,0.040919610705620585,0.03
1.0,0.2,0.005,0.0,40,shrink,48,3.0758613666499013,-0.4547456126321269,0.05456229622473193,-19.15104064320331,16.324008273668678,4.384033910449309,3.0794392275688502,-0.4564699277681161,0.054115772988764826,0.005
1.0,0.2,0.005,0.0,40,current,49,3.086214146694974,-0.45342510769054617,0.04960174206827072,-17.80628361608048,15.569937830773643,1.8154833778189634,3.094035505711158,-0.4525857960419658,0.031526480875153494,0.03
1.0,0.2,0.005,0.0,40,kink,49,3.0911912936042345,-0.4540207959173735,0.05751344855401402,-14.06552937540066,15.569937830773643,1.415017083753494,3.10896694643894,-0.4543728607224478,0.055261600332383386,0.03
1.0,0.2,0.005,0.0,40,shrink,49,3.0819545928322305,-0.4539914759064743,0.054446069984879004,-19.579139620389242,15.569937830773643,3.367382980954491,3.0812568441229287,-0.45428490068975036,0.04605946462497836,0.005
1.0,0.2,0.005,0.0,44,current,0,5.584614097528051,-0.6369969831851283,0.03879966396754044,-27.350560657638894,20.014431483777898,2.2708518656365673,5.595451443233527,-0.6266945151172857,0.033392531037279814,0.03
1.0,0.2,0.005,0.0,44,kink,0,5.574446625566374,-0.6453744828811557,0.03817602339572774,-31.911718452701187,20.014431483777898,-0.7271958016139037,5.5649490273484945,-0.6518270142053678,0.03152160932184174,0.03
1.0,0.2,0.005,0.0,44,shrink,0,5.583628340071551,-0.6401079498423496,0.04187625516844884,-32.53266614034233,20.014431483777898,7.2964099509443905,5.592494170864027,-0.6360274150889499,0.04262230464000502,0.005
1.0,0.2,0.005,0.0,44,current,1,5.579612787018962,-0.6444060717493575,0.05525606543385165,-24.710570718011812,23.11191973769288,0.6342362351841107,5.596779187386124,-0.6460878035712998,0.05507753312366903,0.03
1.0,0.2,0.005,0.0,44,kink,1,5.571429797335813,-0.648706598027204,0.04981674361038621,-19.20012471816173,23.11191973769288,-0.10209389622401721,5.572230218336675,-0.6589893824048393,0.03875956765327271,0.03
1.0,0.2,0.005,0.0,44,shrink,1,5.568611210253365,-0.6396641912983189,0.054769409962585114,-29.080804182546885,23.11191973769288,-0.47309186017695115,5.563774457089332,-0.6318621622181839,0.053617566709869405,0.005
1.0,0.2,0.005,0.0,44,current,2,5.5842831144602165,-0.64431434844101,0.054839246239517324,-25.932052622072415,20.766076078755525,0.31703733980866966,5.58518757381752,-0.6512275427567432,0.05221699597669756,0.03
1.0,0.2,0.005,0.0,44,kink,2,5.579932529890004,-0.6378888723184462,0.05672774809626165,-26.828270493044528,20.766076078755525,1.364913713689504,5.572135820106884,-0.6319511143890514,0.05788250154693054,0.03
1.0,0.2,0.005,0.0,44,shrink,2,5.585685554915556,-0.6408939450372815,0.05144838326731475,-23.601568105543038,20.766076078755525,-4.380345396094899,5.5893948951835375,-0.6409663325455575,0.04204440706008982,0.005
1.0,0.2,0.005,0.0,44,current,3,5.585772421413233,-0.6313470636866292,0.03892515823064933,-24.402031550156316,22.695913163800967,1.7004415648718554,5.609872958464457,-0.6406899252096849,0.02963093601004327,0.03
1.0,0.2,0.005,0.0,44,kink,3,5.590412574743653,-0.6336713356324037,0.04270661630606295,-16.938492584496053,22.695913163800967,-1.6097396617479234,5.623793418455719,-0.6476627410470087,0.04097531023628413,0.03
1.0,0.2,0.005,0.0,44,shrink,3,5.582549641729241,-0.633371403543152,0.04188223165182423,-18.145237256248606,22.695913163800967,8.810012824328844,5.600204619412479,-0.6467629447792533,0.038502156273567976,0.005
1.0,0.2,0.005,0.0,44,current,4,5.587516772494928,-0.6539062874595718,0.053545497956888864,-24.145659614801787,20.87697426531678,-0.6538692362895167,5.5947922635959815,-0.6468421880402642,0.04929119527160035,0.03
1.0,0.2,0.005,0.0,44,kink,4,5.58272900593921,-0.6509005776413098,0.05242575171361393,-24.113288765972325,20.87697426531678,1.551333232439265,5.580428963928824,-0.6378250585854781,0.04593195654177554,0.03
1.0,0.2,0.005,0.0,44,shrink,4,5.57905552278844,-0.6542162651688761,0.05442381922473564,-15.18410547420795,20.87697426531678,-14.375178262467525,5.5694085144765175,-0.647772121168177,0.05192615907514064,0.005
1.0,0.2,0.005,0.0,44,current,5,5.589841265580446,-0.648756224796393,0.06548262103647032,-26.967126372115615,22.2947497548626,0.6107174589832827,5.586394066016641,-0.6488632093154298,0.07566165848073662,0.03
1.0,0.2,0.005,0.0,44,kink,5,5.593304958386844,-0.6508661883853181,0.049376108124716496,-23.67357226557336,22.2947497548626,0.6010947005999079,5.596785144435836,-0.6551931000822049,0.027342119745475162,0.03
1.0,0.2,0.005,0.0,44,shrink,5,5.588300719779743,-0.6474762413414363,0.05324444039879358,-18.28919322029904,22.2947497548626,-4.2384093800090525,5.581772428614531,-0.6450232589505599,0.038947116567706414,0.005
1.0,0.2,0.005,0.0,44,current,6,5.602061803401766,-0.6484528375029656,0.042621901311749,-26.53186443141715,20.682637323070903,1.1323637446618975,5.585988584909285,-0.6346484467637005,0.03962766145585409,0.03
1.0,0.2,0.005,0.0,44,kink,6,5.60373992583449,-0.6473758105374708,0.045086355348625394,-26.193193008512395,20.682637323070903,1.9501615586761432,5.591022952207459,-0.6314173658672164,0.04702102356648329,0.03
1.0,0.2,0.005,0.0,44,shrink,6,5.601903364620624,-0.6496752422060149,0.05207146629956718,-39.3607830446743,20.682637323070903,2.95533578132114,5.585513268565859,-0.6383156608728487,0.06797635641930866,0.005
1.0,0.2,0.005,0.0,44,current,7,5.599371302570936,-0.6405607073447248,0.04253055223764523,-27.26121069590709,21.323073791784573,-0.6514087060567055,5.5947357098389325,-0.6446706623687414,0.04121831375167727,0.03
1.0,0.2,0.005,0.0,44,kink,7,5.589656162997678,-0.6286811563319975,0.05219203820165642,-26.00226361193578,21.323073791784573,4.361350605725333,5.565590291119161,-0.6090320093305593,0.07020277164371085,0.03
1.0,0.2,0.005,0.0,44,shrink,7,5.592004013162868,-0.63413693119044,0.043816437705214435,-28.32162491942667,21.323073791784573,-1.6710613331584323,5.572633841614734,-0.6253993339058869,0.045075970154384915,0.005
1.0,0.2,0.005,0.0,44,current,8,5.575230498618416,-0.643669754747955,0.0437355135254344,-27.108102200567924,20.203818919361005,0.8655255474851233,5.574813163159323,-0.6372061387652055,0.048520063873748964,0.03
1.0,0.2,0.005,0.0,44,kink,8,5.569940622516214,-0.6411268653521834,0.051107668994598156,-25.037439674290017,20.203818919361005,2.37790564146623,5.558943534852715,-0.6295774705778906,0.07063653028124023,0.03
1.0,0.2,0.005,0.0,44,shrink,8,5.5710273671186625,-0.6450208660271164,0.04910728385786516,-11.538917181648646,20.203818919361005,2.555232948331949,5.562203768660062,-0.6412594726026899,0.06463537487104123,0.005
1.0,0.2,0.005,0.0,44,current,9,5.585829930500279,-0.6426056416066883,0.047565697444475086,-23.892284367572408,21.37135723902692,1.2633231472176174,5.608917736699039,-0.6373040998916533,0.046625610016564734,0.03
1.0,0.2,0.005,0.0,44,kink,9,5.578639850894422,-0.6410739878977975,0.04124420275008974,-23.950424558350633,21.37135723902692,0.1376437224991407,5.587347497881467,-0.6327091387649805,0.027661125933408706,0.03
1.0,0.2,0.005,0.0,44,shrink,9,5.5721908702109735,-0.6395193662957216,0.050479681494939845,-26.508737590161992,21.37135723902692,6.394186848364717,5.568000555831118,-0.6280452739587532,0.05536756216795902,0.005
1.0,0.2,0.005,0.0,44,current,10,5.571979058957993,-0.6491590227235777,0.044860805705160316,-27.542459295603443,23.092397115648247,-1.1349830131125653,5.5773546442290245,-0.6688113671833552,0.046249427818618336,0.03
1.0,0.2,0.005,0.0,44,kink,10,5.569019130398732,-0.6388988778157165,0.04700154463522437,-24.67041470524093,23.092397115648247,1.4969059459078629,5.568474858551239,-0.6380309324597716,0.05267164460881052,0.03
1.0,0.2,0.005,0.0,44,shrink,10,5.560709945665096,-0.6416173787839143,0.05624211596080294,-48.12973167579665,23.092397115648247,-0.7309095573818829,5.5435473043503345,-0.646186435364365,0.08039335858554622,0.005
1.0,0.2,0.005,0.0,44,current,11,5.582259840454106,-0.6395131608709125,0.04475187184324714,-25.81092410469706,21.355883836059785,1.1293635692873862,5.605853436886079,-0.6433381671095196,0.03490963218590182,0.03
1.0,0.2,0.005,0.0,44,kink,11,5.5857942925390525,-0.6395124581503486,0.04276823439577008,-18.851085600790313,21.355883836059785,-1.2736155136793013,5.6164567931409195,-0.6433360589478279,0.02895871984347066,0.03
1.0,0.2,0.005,0.0,44,shrink,11,5.577206342509748,-0.6432486154797926,0.04674423182876858,-8.846711055844416,21.355883836059785,3.5975469083244795,5.590692943053006,-0.6545445309361597,0.04088671214246614,0.005
1.0,0.2,0.005,0.0,44,current,12,5.596024340034226,-0.6477242004324593,0.04064648194990283,-24.08768863193703,21.944665931323783,0.17992416002736356,5.6086899538975565,-0.6536879501258147,0.04048359103132627,0.03
1.0,0.2,0.005,0.0,44,kink,12,5.589918301002471,-0.6467721076250555,0.045255453999507235,-21.456040757978542,21.944665931323783,-1.7222269946347546,5.590371836802289,-0.6508316717036036,0.05431050718013947,0.03
1.0,0.2,0.005,0.0,44,shrink,12,5.5917871520385996,-0.644183569473543,0.04796087384879161,-36.63827202192359,21.944665931323783,-6.189851810015937,5.595978389910675,-0.6430660572490663,0.06242676672799262,0.005
1.0,0.2,0.005,0.0,44,current,13,5.593275592033372,-0.649303812831134,0.042100779400714966,-24.907311930739127,17.955557645299574,1.8253975335484018,5.595168235548066,-0.6516405911650186,0.041905041299462945,0.03
1.0,0.2,0.005,0.0,44,kink,13,5.579261696411436,-0.6492539907765545,0.053076177422353314,-25.489753859165162,17.955557645299574,-0.6024919436797025,5.5531265486822585,-0.6514911250012804,0.074831235364378,0.03
1.0,0.2,0.005,0.0,44,shrink,13,5.583014585051049,-0.643276437460359,0.05084082383760772,-35.92383275017227,17.955557645299574,0.3731604337640966,5.564385214601098,-0.6335584650526936,0.06812517461014121,0.005
1.0,0.2,0.005,0.0,44,current,14,5.584212654185943,-0.6351960530848281,0.04660242162892853,-26.706103900795878,21.991264582345078,1.1582310186951255,5.58037177052347,-0.6395108927670319,0.043330996308720365,0.03
1.0,0.2,0.005,0.0,44,kink,14,5.576940591096452,-0.6304558322561268,0.05348575186740237,-23.051376373756547,21.991264582345078,4.864513085841775,5.558555581254999,-0.6252902302809282,0.06398098702414187,0.03
1.0,0.2,0.005,0.0,44,shrink,14,5.577823428855541,-0.6306999361801395,0.049749956176839784,-36.44662442364424,21.991264582345078,-2.917667701916426,5.561204094532266,-0.6260225420529664,0.05277359995245413,0.005
1.0,0.2,0.005,0.0,44,current,15,5.585062483063067,-0.6332511701023247,0.041221875741478446,-26.32022800538016,21.449982498675592,1.53162163457712,5.5829862250702575,-0.6300610253980242,0.042780342020417285,0.03
1.0,0.2,0.005,0.0,44,kink,15,5.582851991856319,-0.6416848533180347,0.039951398575546714,-23.439072972204055,21.449982498675592,-0.3275346343628964,5.576354751450011,-0.6553620750451541,0.038968910522622066,0.03
1.0,0.2,0.005,0.0,44,shrink,15,5.579656257106554,-0.6276709780398054,0.04059379252346268,-32.81311656369212,21.449982498675592,11.17382934566055,5.56676754720072,-0.6133204492104664,0.04089609236636997,0.005
1.0,0.2,0.005,0.0,44,current,16,5.578013524743221,-0.6473789039781132,0.05772939543014066,-27.765487150327054,20.706890931538872,0.44233844236271747,5.575197407134679,-0.6456184289876387,0.05996608229096416,0.03
1.0,0.2,0.005,0.0,44,kink,16,5.577411572527698,-0.6465350349214797,0.05778341543414784,-26.190786950873807,20.706890931538872,-0.2688954869545994,5.573391550488109,-0.6430868218177382,0.06012814230298571,0.03
1.0,0.2,0.005,0.0,44,shrink,16,5.588141635699852,-0.6474201179289569,0.04706884442749674,-27.190553659198617,20.706890931538872,-3.2493415204052702,5.605581740004574,-0.64574207084017,0.027984429283032387,0.005
1.0,0.2,0.005,0.0,44,current,17,5.583231429493941,-0.6482260570769304,0.05341974533158433,-29.11148456959583,19.910975481680936,2.0761878996938945,5.555553352318492,-0.6443971475094687,0.05799021352620705,0.03
1.0,0.2,0.005,0.0,44,kink,17,5.580436066447164,-0.6439430545103418,0.04546760202288991,-29.264974198880275,19.910975481680936,2.9206416893605063,5.547167263178163,-0.6315481398097034,0.03413378360012378,0.03
1.0,0.2,0.005,0.0,44,shrink,17,5.582443590861307,-0.6482139271236637,0.05463318617310733,-38.847133042713175,19.910975481680936,8.875142396273148,5.553189836420593,-0.6443607576496689,0.06163053605077603,0.005
1.0,0.2,0.005,0.0,44,current,18,5.603884986577252,-0.6409842699806113,0.04694447860538575,-24.517718452093263,19.92363266117047,1.1046594003588908,5.613008592666701,-0.6478756418928455,0.056672602409060344,0.03
1.0,0.2,0.005,0.0,44,kink,18,5.589869053675252,-0.6339357509069736,0.038702136220223594,-27.33118811775524,19.92363266117047,-0.44214659388902433,5.570960793960705,-0.6267300846719325,0.03194557525357386,0.03
1.0,0.2,0.005,0.0,44,shrink,18,5.593321152928881,-0.638005061514506,0.044619834267663416,-32.40329912034186,19.92363266117047,-12.259007967341425,5.5813170917215915,-0.6389380164945292,0.04969866939589332,0.005
1.0,0.2,0.005,0.0,44,current,19,5.577823852707176,-0.646002038223541,0.05841732863413451,-24.460889274805478,21.160612984208345,0.7767015586407802,5.596396062842199,-0.6551982965147418,0.061452708496261256,0.03
1.0,0.2,0.005,0.0,44,kink,19,5.581640129115982,-0.6472098521779528,0.05796350325581795,-22.95594175730887,21.160612984208345,0.5048456059493582,5.607844892068615,-0.6588217383779774,0.06009123236131158,0.03
1.0,0.2,0.005,0.0,44,shrink,19,5.56576745128502,-0.6427129676432887,0.05945612867979289,-39.50315290028543,21.160612984208345,8.084678563142521,5.5602268585757315,-0.6453310847739849,0.06456910863323642,0.005
1.0,0.2,0.005,0.0,44,current,20,5.57221045282522,-0.6402805864600507,0.04426169216025986,-26.40249012347762,22.3037497672587,1.6014298996816954,5.584340817090916,-0.6328620325484388,0.034595495501443155,0.03
1.0,0.2,0.005,0.0,44,kink,20,5.573199360032114,-0.6412124804068968,0.05813159844622393,-24.478238964818175,22.3037497672587,1.3981365303353095,5.587307538711597,-0.635657714388977,0.07620521435933539,0.03
1.0,0.2,0.005,0.0,44,shrink,20,5.574503178658813,-0.6395442579864733,0.045543762950075395,-29.41899140223731,22.3037497672587,1.4809679265277582,5.591218994591697,-0.6306530471277065,0.038441707870889755,0.005
1.0,0.2,0.005,0.0,44,current,21,5.588070967093485,-0.6404665828805097,0.049163139952150346,-24.623830132452866,19.430749549383307,0.20917271202944043,5.61052910099732,-0.6541123647461421,0.036468274271518386,0.03
1.0,0.2,0.005,0.0,44,kink,21,5.58441763669614,-0.6402522197371586,0.04802870846731583,-27.822744971891797,19.430749549383307,2.8805173430354083,5.599569109805286,-0.6534692753160884,0.03306497981701484,0.03
1.0,0.2,0.005,0.0,44,shrink,21,5.583952982605889,-0.6380538701526467,0.051812015315468064,-26.42226934574636,19.430749549383307,-1.7891899761516923,5.598175147534531,-0.6468742265625529,0.04441490036147155,0.005
1.0,0.2,0.005,0.0,44,current,22,5.58527825097901,-0.6398256602645057,0.05584505550208831,-23.913948327626002,20.8656099473746,0.7465414263057413,5.603159210427143,-0.6442895315137721,0.03799333886500323,0.03
1.0,0.2,0.005,0.0,44,kink,22,5.573645942509138,-0.6382738644075979,0.05659400413306958,-26.48943402305442,20.8656099473746,-1.2167749772880634,5.5682622850175285,-0.6396341439430488,0.040240184757947016,0.03
1.0,0.2,0.005,0.0,44,shrink,22,5.570338957348831,-0.6382892477704681,0.05952543576151458,-31.670781134793025,20.8656099473746,4.405673511278232,5.558341329536605,-0.6396802940316595,0.04903447964328203,0.005
1.0,0.2,0.005,0.0,44,current,23,5.594444555757121,-0.6439906344263496,0.03815472072996077,-25.867127793167874,20.24769830290645,0.8880178931043319,5.58251228325032,-0.6488904170507518,0.05376823079855835,0.03
1.0,0.2,0.005,0.0,44,kink,23,5.606303474138593,-0.6421236526068751,0.03659955432446581,-24.15848843041375,20.24769830290645,2.339085607131922,5.618089038394734,-0.6432894715923277,0.04910273158207348,0.03
1.0,0.2,0.005,0.0,44,shrink,23,5.5908294377680265,-0.6316419074143798,0.03735480561256992,-27.674321437045663,20.24769830290645,-2.3803338446271267,5.571666929283035,-0.611844236014842,0.05136848544638582,0.005
1.0,0.2,0.005,0.0,44,current,24,5.59694385697022,-0.6456613487373564,0.03324988523061737,-25.821395801189077,19.540628300920698,0.033023602400229723,5.600377886150062,-0.656192267625994,0.04483701265203677,0.03
1.0,0.2,0.005,0.0,44,kink,24,5.582583380183839,-0.6444223419449879,0.04730261410847684,-27.16783296767227,19.540628300920698,2.195916298966402,5.55729645579092,-0.6524752472488887,0.08699519928561517,0.03
1.0,0.2,0.005,0.0,44,shrink,24,5.588283383926693,-0.6386704187262402,0.03028653474236469,-10.323019910683296,19.540628300920698,4.1562769651891855,5.57439646701948,-0.6352194775926456,0.03594696118727872,0.005
1.0,0.2,0.005,0.0,44,current,25,5.577090897599436,-0.6399902670704697,0.05216565045388102,-26.507084181634966,22.559564212627865,0.2430802819180904,5.585232580060567,-0.6480454445060996,0.06226366405768663,0.03
1.0,0.2,0.005,0.0,44,kink,25,5.573982555987249,-0.6315016423764322,0.03896080673487989,-25.489728738688328,22.559564212627865,2.2280546886488932,5.575907555224006,-0.6225795704239868,0.022649132900683235,0.03
1.0,0.2,0.005,0.0,44,shrink,25,5.5736644101803,-0.6408832660335116,0.0467776635202877,-7.040846554679138,22.559564212627865,-8.19861465155385,5.57495311780316,-0.6507244413952251,0.04609970325690668,0.005
1.0,0.2,0.005,0.0,44,current,26,5.585312724136576,-0.6510752498730247,0.05189097210651722,-25.84970962541687,19.438490217335026,-0.20187341891224841,5.582230915197894,-0.6550569361744156,0.0622757755056368,0.03
1.0,0.2,0.005,0.0,44,kink,26,5.577032866567311,-0.646462868013267,0.06040109036866878,-20.81560692594163,19.438490217335026,3.419435959508426,5.5573913424901,-0.6412197905951424,0.08780613029209147,0.03
1.0,0.2,0.005,0.0,44,shrink,26,5.591725753349237,-0.6483293295616996,0.04496890090672163,-25.46710543278975,19.438490217335026,0.4807152096945744,5.601470002835874,-0.6468191752404404,0.04150956190625002,0.005
1.0,0.2,0.005,0.0,44,current,27,5.58293148743223,-0.6397183960808265,0.044462344296169194,-24.013289799736924,21.01003003562206,1.2969490331584734,5.604197977215168,-0.6269090263606731,0.03457472701061455,0.03
1.0,0.2,0.005,0.0,44,kink,27,5.5613003320284635,-0.6389744526565012,0.04778385781629002,-29.1222078061733,21.01003003562206,0.47605546131831367,5.5393045110038726,-0.6246771960876977,0.044539267570977016,0.03
1.0,0.2,0.005,0.0,44,shrink,27,5.578003815478556,-0.6419520087810359,0.05003892804417978,-24.991512453445708,21.01003003562206,-2.6199582766233727,5.589414961354145,-0.6336098644613013,0.0513044782546463,0.005
1.0,0.2,0.005,0.0,44,current,28,5.593552008101406,-0.6404181751431396,0.03887424278277071,-23.613394225028173,20.55423790917748,2.5407388414178733,5.620177314832833,-0.6412470948689214,0.03354840067215044,0.03
1.0,0.2,0.005,0.0,44,kink,28,5.573379807518371,-0.6409355256802813,0.040133311664207284,-29.98938899472911,20.55423790917748,3.0342552488737278,5.55966071308373,-0.6427991464803465,0.03732560731646016,0.03
1.0,0.2,0.005,0.0,44,shrink,28,5.586987941631442,-0.6426805174263946,0.0478621673896481,-33.59434782447257,20.55423790917748,6.639849541292577,5.6004851154229405,-0.6480341217186862,0.060512174492782615,0.005
1.0,0.2,0.005,0.0,44,current,29,5.589626743658605,-0.6381316569007877,0.04285685138173578,-24.619345066876246,20.709895690099387,-0.25899278277915405,5.601000656025316,-0.6461223676740455,0.03961244366012709,0.03
1.0,0.2,0.005,0.0,44,kink,29,5.591315633686361,-0.6311134446429266,0.045053179598748015,-23.336162925867292,20.709895690099387,4.481143127862337,5.606067326108588,-0.6250677309004622,0.04620142831116378,0.03
1.0,0.2,0.005,0.0,44,shrink,29,5.586515829423327,-0.6357752099422959,0.041387737927275715,-21.083037765762548,20.709895690099387,0.6182960165521552,5.591667913319484,-0.6390530267985702,0.03520510329674688,0.005
1.0,0.2,0.005,0.0,44,current,30,5.5849405850139675,-0.6355391418836979,0.04401912985992359,-24.920294951456082,21.97989554080713,1.1579184681020336,5.583892139026801,-0.6395090746719243,0.05479249003253268,0.03
1.0,0.2,0.005,0.0,44,kink,30,5.586876790634929,-0.6317009658925642,0.03024100715376381,-24.24384864567784,21.97989554080713,-1.6557106533327386,5.589700755889687,-0.6279945466985236,0.01345812191405335,0.03
1.0,0.2,0.005,0.0,44,shrink,30,5.585464966111796,-0.634922419751823,0.04379127342060593,-21.092170256039502,21.97989554080713,2.0725286996532937,5.5854652823202855,-0.6376589082762996,0.054108920714579706,0.005
1.0,0.2,0.005,0.0,44,current,31,5.583874990805524,-0.6361494532458328,0.046409785777717004,-27.344960849132598,17.60707161759299,1.115189311038788,5.587183862587064,-0.6360646075240172,0.04670829146878081,0.03
1.0,0.2,0.005,0.0,44,kink,31,5.57642939477516,-0.6294997605081333,0.046559204543816624,-22.962609256637286,17.60707161759299,0.8654727743023432,5.56484707449597,-0.6161155293109186,0.04715654776707966,0.03
1.0,0.2,0.005,0.0,44,shrink,31,5.57995650521723,-0.6362231480845256,0.051871391398028564,-21.052779532245857,17.60707161759299,2.640562887177591,5.575428405822181,-0.6362856920400957,0.06309310832971549,0.005
1.0,0.2,0.005,0.0,44,current,32,5.598647010455906,-0.6485701682647981,0.04583387643994613,-25.83814549376724,22.621095503241975,0.3865745823458391,5.597429104648918,-0.6543959279113006,0.04609149016525574,0.03
1.0,0.2,0.005,0.0,44,kink,32,5.598130050932663,-0.6428472759188919,0.04207394308173396,-30.627559668682277,22.621095503241975,0.6711631242223683,5.595878226079186,-0.6372272508735817,0.03481169009061925,0.03
1.0,0.2,0.005,0.0,44,shrink,32,5.5902216165651275,-0.6396294669880168,0.0484631448174215,-36.53430611778166,22.621095503241975,3.7442616194243525,5.572152922976584,-0.6275738240809566,0.05397929529768183,0.005
1.0,0.2,0.005,0.0,44,current,33,5.5790245847027835,-0.6446701827954531,0.046779450069634,-26.76157656510169,21.95448220722519,0.04952281114708157,5.57305112903212,-0.6421903663785614,0.05401187728800529,0.03
1.0,0.2,0.005,0.0,44,kink,33,5.578240285258329,-0.6357316233989002,0.04362556775981106,-27.808664427070156,21.95448220722519,2.9661316663851425,5.570698230698755,-0.6153746881889026,0.04455023035853644,0.03
1.0,0.2,0.005,0.0,44,shrink,33,5.585516118263738,-0.6477455730735883,0.042825870743284776,-33.174698532495825,21.95448220722519,-0.5444447811227571,5.592525729714981,-0.6514165372129669,0.042151139308957565,0.005
1.0,0.2,0.005,0.0,44,current,34,5.581776392249254,-0.6364882007488576,0.051212632071924245,-28.01015743809576,19.721861013879668,0.5176191778849639,5.57399962514454,-0.6454027537840932,0.07275428406813307,0.03
1.0,0.2,0.005,0.0,44,kink,34,5.586759040378785,-0.6378038843177882,0.03852814021770119,-22.700033224680745,19.721861013879668,-0.34229385698242165,5.588947569533131,-0.6493498044908852,0.03470080850546391,0.03
1.0,0.2,0.005,0.0,44,shrink,34,5.575600057870392,-0.6321230955243817,0.04656688882884033,-11.351353342257298,19.721861013879668,1.8488370344957135,5.555470622007951,-0.6323074381106655,0.05881705433888133,0.005
1.0,0.2,0.005,0.0,44,current,35,5.592493483126,-0.6432041841378462,0.04912753653435973,-25.46174230539346,19.37971864047463,2.0034631754498218,5.599684516474843,-0.6385591093706904,0.05481846424128087,0.03
1.0,0.2,0.005,0.0,44,kink,35,5.5888999523077745,-0.6385013341382703,0.04346451646149224,-25.197183825296523,19.37971864047463,1.3888854151546377,5.588903924020167,-0.624450559371963,0.03782940402267839,0.03
1.0,0.2,0.005,0.0,44,shrink,35,5.591053644937992,-0.6435005293922548,0.05149866953359855,-32.4824667081925,19.37971864047463,6.24608499870917,5.595365001910818,-0.6394481451339161,0.06193186323899734,0.005
1.0,0.2,0.005,0.0,44,current,36,5.583242115105981,-0.6433788092104256,0.05352761852501986,-27.381107538921714,21.817484776768296,1.2541024167404162,5.575399266981566,-0.6304601853118628,0.04964044309205053,0.03
1.0,0.2,0.005,0.0,44,kink,36,5.581943123136164,-0.6406224935891663,0.058416028845989704,-27.518708071719544,21.817484776768296,3.814867999587939,5.571502291072119,-0.6221912384480853,0.06430567405496006,0.03
1.0,0.2,0.005,0.0,44,shrink,36,5.5841246998197684,-0.6442926290843206,0.04975288252978727,-25.20414996069295,21.817484776768296,3.2581551068341312,5.578047021122929,-0.6332016449335478,0.038316235106352764,0.005
1.0,0.2,0.005,0.0,44,current,37,5.592893373711418,-0.6353948600784967,0.04639894975616846,-23.547786132551607,20.727409451206636,-0.09348365754221355,5.620966256246977,-0.6403494332705274,0.03826993469643082,0.03
1.0,0.2,0.005,0.0,44,kink,37,5.589669710538884,-0.6331747784036599,0.055429594391459,-23.038932873207685,20.727409451206636,-2.5072019250051234,5.611295266729374,-0.6336891882460172,0.06536186860230242,0.03
1.0,0.2,0.005,0.0,44,shrink,37,5.5733764053965835,-0.6340984106093007,0.047462645833719584,-20.003779400785078,20.727409451206636,-0.3808485350003754,5.562415351302473,-0.6364600848629396,0.04146102292908418,0.005
1.0,0.2,0.005,0.0,44,current,38,5.58547137390433,-0.6430441585467088,0.044517317276626646,-26.102254537292378,22.949039753057324,0.5190181697380825,5.5853059715119056,-0.6494962737036967,0.04850318137944233,0.03
1.0,0.2,0.005,0.0,44,kink,38,5.58641039806293,-0.629482451465874,0.03635278735016196,-22.242647879240533,22.949039753057324,5.380991781403739,5.5881230439877045,-0.6088111524611924,0.024009591600048272,0.03
1.0,0.2,0.005,0.0,44,shrink,38,5.5859933987733825,-0.6375171954004091,0.03967787839430474,-27.8240180682917,22.949039753057324,-4.168391028743653,5.586872046119063,-0.6329153842647975,0.03398486473247662,0.005
1.0,0.2,0.005,0.0,44,current,39,5.585861597107332,-0.6476081326629215,0.045011256847944804,-28.279242610273563,20.615572102021094,0.7588602138408924,5.566028562885351,-0.6440970133887374,0.04091333818504947,0.03
1.0,0.2,0.005,0.0,44,kink,39,5.584874360909732,-0.6460165417394318,0.0440906314254757,-28.37360574192416,20.615572102021094,3.407801855523746,5.563066854292554,-0.6393222406182685,0.03815146191764217,0.03
1.0,0.2,0.005,0.0,44,shrink,39,5.582179574085232,-0.6452780651928344,0.04485665699434297,-12.81918939284515,20.615572102021094,-3.908673433919966,5.554982493819051,-0.6371068109784759,0.04044953862424396,0.005
1.0,0.2,0.005,0.0,44,current,40,5.584962282209337,-0.653688024434635,0.05398059132979305,-26.19937016987385,22.278963482794417,-0.05637394534035178,5.590574134268787,-0.6653941330623301,0.06538689545802613,0.03
1.0,0.2,0.005,0.0,44,kink,40,5.582673675028566,-0.6472487594932804,0.04723151355670412,-22.66026447398986,22.278963482794417,4.640967764134834,5.583708312726472,-0.6460763382382664,0.04513966213875936,0.03
1.0,0.2,0.005,0.0,44,shrink,40,5.582539122669309,-0.6410554078505709,0.04969654709309152,-26.324141278589554,22.278963482794417,-6.774751209131849,5.583304655648701,-0.6274962833101378,0.05253476274792156,0.005
1.0,0.2,0.005,0.0,44,current,41,5.586600423993709,-0.638147853349825,0.056353754825336645,-25.644998228163,20.539171346285254,1.5263920730445217,5.592436901008312,-0.6392013600952079,0.06303683310154284,0.03
1.0,0.2,0.005,0.0,44,kink,41,5.580757868427571,-0.6466606984634403,0.04221386642229761,-27.02578384194027,20.539171346285254,-1.1966509104496268,5.574909234309893,-0.6647398954360538,0.020617167892425726,0.03
1.0,0.2,0.005,0.0,44,shrink,41,5.583877152553177,-0.6355986921482427,0.05066267242474228,-22.328007448419882,20.539171346285254,8.085514795716254,5.584267086686712,-0.6315538764904612,0.045963585899759726,0.005
1.0,0.2,0.005,0.0,44,current,42,5.571784888502163,-0.6356409347756313,0.04288985059563657,-25.938801322517865,20.67872529416833,0.9418973122339926,5.583380780093385,-0.639619301844058,0.049262628490124055,0.03
1.0,0.2,0.005,0.0,44,kink,42,5.570661573711729,-0.6307264596071778,0.03047060550614614,-22.11617888430141,20.67872529416833,2.6323039835447517,5.580010835722085,-0.6248758763386972,0.012004893221652768,0.03
1.0,0.2,0.005,0.0,44,shrink,42,5.569420228295878,-0.6342197198725151,0.03966882452854149,-29.960020606525017,20.67872529416833,-5.134071977812333,5.57628679947453,-0.6353556571347093,0.03959955028883881,0.005
1.0,0.2,0.005,0.0,44,current,43,5.588042768764275,-0.6492804429850851,0.04771059198216837,-26.808375257406414,21.356168932384172,0.2335063353741087,5.590944605462122,-0.6556414193699202,0.05108705182508694,0.03
1.0,0.2,0.005,0.0,44,kink,43,5.596937214399882,-0.6370770366358207,0.0411479562582278,-18.350596201475945,21.356168932384172,1.811419209824504,5.617627942368939,-0.619031200322127,0.031399144653265196,0.03
1.0,0.2,0.005,0.0,44,shrink,43,5.588717733752532,-0.647151597939643,0.049745668357494575,-2.336460576287063,21.356168932384172,-14.726145795841987,5.592969500426889,-0.6492548842335938,0.057192280951065516,0.005
1.0,0.2,0.005,0.0,44,current,44,5.579853748286571,-0.6453695733134285,0.057237722230026856,-24.655566914101872,22.108332198161477,0.7655401370341486,5.599941583979923,-0.6440865117694012,0.07072996749082126,0.03
1.0,0.2,0.005,0.0,44,kink,44,5.572315141695903,-0.6526796131511239,0.04663581112154904,-26.62088045067216,22.108332198161477,-0.6597057258771839,5.577325764207915,-0.6660166312824877,0.0389242341653878,0.03
1.0,0.2,0.005,0.0,44,shrink,44,5.574452076166861,-0.641281606278216,0.05002341754017869,-25.353630925949997,22.108332198161477,0.03245607478667223,5.583736567620791,-0.6318226106637637,0.049087053421276755,0.005
1.0,0.2,0.005,0.0,44,current,45,5.577943386276075,-0.6426782746536778,0.050478889216714985,-27.78257527502348,19.87731144221617,0.2699607735774767,5.5837586172057785,-0.648985515146705,0.06193877808578905,0.03
1.0,0.2,0.005,0.0,44,kink,45,5.582224472794995,-0.6397317249430791,0.025970697169230544,-21.640887682467476,19.87731144221617,1.6973289635919988,5.596601876762539,-0.6401458660149087,-0.011585798056664313,0.03
1.0,0.2,0.005,0.0,44,shrink,45,5.583590696412993,-0.6368947265292216,0.03859406231398166,-18.31378548134449,19.87731144221617,-6.189410137074565,5.600700547616528,-0.6316348707733365,0.026284297377589038,0.005
1.0,0.2,0.005,0.0,44,current,46,5.588750504771593,-0.6478335722484431,0.04350062423412034,-23.471010786060017,21.263534151902967,0.30523496040214915,5.596136785035624,-0.6497412498313567,0.05833075038399739,0.03
1.0,0.2,0.005,0.0,44,kink,46,5.575308166096241,-0.6480908261234803,0.04269798351869967,-24.407237588655335,21.263534151902967,-0.511057427988491,5.555809769009572,-0.6505130114564688,0.05592282823773538,0.03
1.0,0.2,0.005,0.0,44,shrink,46,5.581298469315393,-0.641746339245127,0.044646232782660944,-35.21430951359639,21.263534151902967,2.3461550586176205,5.573780678667027,-0.6314795508214088,0.06176757602961921,0.005
1.0,0.2,0.005,0.0,44,current,47,5.596467028083533,-0.6432356731828645,0.04120558340904397,-27.1247761607452,20.51224741931782,0.8803333051996031,5.594350567569135,-0.6431200244839006,0.031174893967325795,0.03
1.0,0.2,0.005,0.0,44,kink,47,5.590762369593762,-0.6376437983787252,0.03936117920884705,-28.107475545313406,20.51224741931782,3.6266764669543754,5.57723659209982,-0.6263444000714828,0.025641681366735024,0.03
1.0,0.2,0.005,0.0,44,shrink,47,5.600205313688687,-0.6467858405743488,0.050850090335219394,-13.033549929009244,20.51224741931782,-4.358741055950001,5.605565424384599,-0.6537705266583539,0.06010841474585208,0.005
1.0,0.2,0.005,0.0,44,current,48,5.583781217843499,-0.6455008805608053,0.0553370011899407,-23.339535167004865,22.59489551303944,1.7454508845963097,5.608139899228036,-0.6409887801692441,0.042375593318825275,0.03
1.0,0.2,0.005,0.0,44,kink,48,5.576143041329796,-0.6459886106695647,0.06417464092475132,-21.13941597711164,22.59489551303944,-1.2686433446397074,5.585225369686928,-0.6424519704955223,0.06888851252325716,0.03
1.0,0.2,0.005,0.0,44,shrink,48,5.574282617070122,-0.6450158577499612,0.05930737120448452,-25.901911711059693,22.59489551303944,-4.608496362746756,5.579644096907908,-0.6395337117367117,0.05428670336245676,0.005
1.0,0.2,0.005,0.0,44,current,49,5.582399200247028,-0.6413204885463445,0.051534680910037045,-25.154374753034826,21.576173489807275,-0.7026457333785188,5.591503041645884,-0.6521844059453604,0.04723528393612442,0.03
1.0,0.2,0.005,0.0,44,kink,49,5.576539821011178,-0.6369160902169705,0.047919260687243004,-31.711370645428534,21.576173489807275,0.31246235610047135,5.573924903938332,-0.6389712109572385,0.03638902326774228,0.03
1.0,0.2,0.005,0.0,44,shrink,49,5.584650754094649,-0.6352356913090786,0.04624098796538798,-26.10564841455279,21.576173489807275,4.6455958253628395,5.598257703188743,-0.6339300142335628,0.03135420510217725,0.005
1.0,0.2,0.005,0.01,36,current,0,1.4794465439009443,-0.27021306543845736,0.03946602238770668,-12.079931152665486,10.138343349773065,1.3184967708296451,1.478483678984173,-0.26987751502702684,0.0408931908818938,0.03
1.0,0.2,0.005,0.01,36,kink,0,1.4799887331020012,-0.26959941608592447,0.039814442676871474,-12.599225195607417,10.138343349773065,1.6909655776690296,1.480110246587344,-0.2680365669694282,0.041938451749388164,0.03
1.0,0.2,0.005,0.01,36,shrink,0,1.4797261233326828,-0.26965053942113376,0.038985703162013254,-10.49351737501267,10.138343349773065,-0.05558249695298123,1.4793224172793884,-0.2681899369750561,0.03945223320481352,0.005
1.0,0.2,0.005,0.01,36,current,1,1.4772632084074966,-0.27138877582655324,0.03885266226540863,-11.187438633615216,10.380552196855346,1.3098158773566269,1.4758967864822203,-0.2711945377855156,0.036840970853770146,0.03
1.0,0.2,0.005,0.01,36,kink,1,1.4782600116143392,-0.27311486237582056,0.041856773630274464,-12.871758152222398,10.380552196855346,0.905246985425168,1.4788871961027474,-0.2763727974333174,0.04585330494836767,0.03
1.0,0.2,0.005,0.01,36,shrink,1,1.4773919908069686,-0.2713717113127731,0.03837231764072979,-9.459791327158076,10.380552196855346,4.9581564975630545,1.476283133680636,-0.2711433442441751,0.03539993697973363,0.005
1.0,0.2,0.005,0.01,36,current,2,1.48098630302991,-0.2699526231367327,0.03943347296199358,-11.953116801479167,10.53351284943447,1.7523555571795384,1.4831594476011305,-0.269936508802587,0.04467382005599226,0.03
1.0,0.2,0.005,0.01,36,kink,2,1.4774630431190883,-0.27073139413354425,0.03796554357648952,-13.150817452021059,10.53351284943447,1.4464227293007765,1.4725896678686663,-0.2722728217930214,0.04027003189948008,0.03
1.0,0.2,0.005,0.01,36,shrink,2,1.4817116526165597,-0.2691309868711991,0.036772917989859294,-9.613813346842049,10.53351284943447,4.308528076267622,1.4853354963610803,-0.26747160000598613,0.03669215513958941,0.005
1.0,0.2,0.005,0.01,36,current,3,1.4780879849293036,-0.26829668577652677,0.04096910906701511,-12.229062107709485,10.562778903905981,2.1792972802606725,1.480619552321849,-0.2653832363783613,0.03610394405092863,0.03
1.0,0.2,0.005,0.01,36,kink,3,1.4781637628503874,-0.2685364772720729,0.040679088859520506,-11.410501654368726,10.562778903905981,1.748897469639015,1.4808468860851003,-0.26610261086499987,0.03523388342844479,0.03
1.0,0.2,0.005,0.01,36,shrink,3,1.47970734527694,-0.2689871114211812,0.04078423980496573,-8.370999755240565,10.562778903905981,-0.8850916068958119,1.4854776333647581,-0.26745451331232456,0.03554933626478049,0.005
1.0,0.2,0.005,0.01,36,current,4,1.476064368758765,-0.2674709848173795,0.041453830477988056,-11.433740451811097,10.659460940979216,1.9645161364457076,1.4802745575160607,-0.26648429375726485,0.04243686911926285,0.03
1.0,0.2,0.005,0.01,36,kink,4,1.4736841984158788,-0.2658560337018566,0.03793765703796057,-12.98994437386491,10.659460940979216,2.442932637730877,1.4731340464874025,-0.26163944041069614,0.03188834879918043,0.03
1.0,0.2,0.005,0.01,36,shrink,4,1.4758613917316943,-0.2697616071656579,0.041845011492688246,-10.65614208312561,10.659460940979216,1.2641130912516414,1.4796656264348496,-0.2733561608020999,0.04361041216336343,0.005
1.0,0.2,0.005,0.01,36,current,5,1.4803697928480528,-0.26935181300376426,0.03875314117326407,-11.108454232634248,10.471119162090028,2.057351478086086,1.484707313108415,-0.26623355209117566,0.03791445511885422,0.03
1.0,0.2,0.005,0.01,36,kink,5,1.4804595313751763,-0.2713791031754586,0.040840691149923884,-11.547085579546419,10.471119162090028,1.6422375646390157,1.4849765286897845,-0.2723154226062586,0.044177105048833654,0.03
1.0,0.2,0.005,0.01,36,shrink,5,1.4807567017426304,-0.27190033547094844,0.03865308663633837,-12.080451009922047,10.471119162090028,-1.6772007372707143,1.4858680397921475,-0.27387911949272825,0.03761429150807711,0.005
1.0,0.2,0.005,0.01,36,current,6,1.4778509375322058,-0.27028882593730036,0.041686640629859044,-11.931778190322717,10.622447681117356,1.4515924088597414,1.4845523125137403,-0.27201068309542786,0.0379758003982507,0.03
1.0,0.2,0.005,0.01,36,kink,6,1.4749637192322165,-0.26866203994114585,0.040451978227751505,-12.454083215521319,10.622447681117356,1.778853160906242,1.4758906576137727,-0.2671303251069644,0.034271813191928076,0.03
1.0,0.2,0.005,0.01,36,shrink,6,1.4758099399854387,-0.27050924073930704,0.04182839036186447,-14.104679285395907,10.622447681117356,2.4044169168114067,1.4784293198734393,-0.2726719275014479,0.03840104959426697,0.005
1.0,0.2,0.005,0.01,36,current,7,1.4777256717895533,-0.2693537584601853,0.04144186330432325,-11.802168011720994,11.408585685233628,1.4747160827168448,1.4797188234618701,-0.271003487695895,0.04123839543901237,0.03
1.0,0.2,0.005,0.01,36,kink,7,1.4768149782079991,-0.26789989846134216,0.0388386918036862,-11.397899390192256,11.408585685233628,1.5123531537476205,1.4769867427172072,-0.26664190769936585,0.033428880937101224,0.03
1.0,0.2,0.005,0.01,36,shrink,7,1.4751384873217253,-0.26885914942316574,0.04026136316069979,-15.136045525168766,11.408585685233628,1.5511627772024954,1.4719572700583856,-0.2695196605848364,0.03769689500814201,0.005
1.0,0.2,0.005,0.01,36,current,8,1.4807017144642884,-0.2736962301639819,0.0397396272545836,-12.403320970264762,10.641864009236244,1.404019478613652,1.4743667545627452,-0.2698959954141277,0.03608962993629877,0.03
1.0,0.2,0.005,0.01,36,kink,8,1.482357691302609,-0.27306300206818884,0.04058574368643322,-11.852119483414322,10.641864009236244,2.08669497265153,1.479334685077708,-0.2679963111267484,0.038627979231847666,0.03
1.0,0.2,0.005,0.01,36,shrink,8,1.4797903402578072,-0.27312574492313807,0.041344543280108975,-12.8788145684989,10.641864009236244,2.718550181443188,1.4716326319433017,-0.2681845396915962,0.04090437801287492,0.005
1.0,0.2,0.005,0.01,36,current,9,1.4744469029062646,-0.26967693838505763,0.04361686879264202,-11.471026400084211,11.253412571485526,1.5432165690291086,1.470096030305685,-0.2672959394618605,0.046540345385270604,0.03
1.0,0.2,0.005,0.01,36,kink,9,1.4753859217783756,-0.2705482324529025,0.04031368403044817,-13.368348559716242,11.253412571485526,2.2731582923679463,1.4729130869220186,-0.26990982166539523,0.03663079109868904,0.03
1.0,0.2,0.005,0.01,36,shrink,9,1.4794135867489489,-0.2717838424609477,0.039908035817570194,-10.087931425804694,11.253412571485526,2.345327571882396,1.4849960818337375,-0.27361665168953075,0.035413846460055104,0.005
1.0,0.2,0.005,0.01,36,current,10,1.4793585904508586,-0.2725818429748443,0.04042511141227054,-11.382624591196716,11.171824312317616,1.2516202620675458,1.4780619167994546,-0.27645620346028404,0.036944263731451855,0.03
1.0,0.2,0.005,0.01,36,kink,10,1.477824412619217,-0.2686187645790049,0.03889887531991546,-11.53731308241225,11.171824312317616,0.9425511209223034,1.4734593833045293,-0.26456696827276593,0.03236555545438666,0.03
1.0,0.2,0.005,0.01,36,shrink,10,1.4770893152662214,-0.27034419861427306,0.04031684586947617,-13.165362343750068,11.171824312317616,2.1717568861354875,1.471254091245542,-0.2697432703785704,0.03661946710306876,0.005
1.0,0.2,0.005,0.01,36,current,11,1.4800618175669304,-0.27173160537630386,0.04147806831512265,-12.208580440262544,11.430356929030964,1.0259531726606386,1.483867661549866,-0.27750634842068406,0.03936157480925981,0.03
1.0,0.2,0.005,0.01,36,kink,11,1.4793150164458275,-0.27118956173673214,0.03960309008424037,-11.291062954137551,11.430356929030964,1.1277429450544587,1.481627258186557,-0.2758802175019689,0.03373664011661297,0.03
1.0,0.2,0.005,0.01,36,shrink,11,1.4772548165708204,-0.2702291758918247,0.042501843270995036,-16.14450965086511,11.430356929030964,1.6920095285986874,1.475446658561536,-0.27299905996724655,0.04243289967687697,0.005
1.0,0.2,0.005,0.01,36,current,12,1.4839543366512036,-0.2692041560711312,0.0418026920164924,-11.588021122761003,10.090429975457546,1.1427309112405422,1.4828782762914197,-0.2712325742431435,0.04445424330856219,0.03
1.0,0.2,0.005,0.01,36,kink,12,1.4833579097858873,-0.26698279612347814,0.04021247539833437,-11.631811783840076,10.090429975457546,1.964469809253899,1.4810889956954711,-0.2645684944001844,0.0396835934540881,0.03
1.0,0.2,0.005,0.01,36,shrink,12,1.4833187178215397,-0.2701725365498888,0.04003515309433111,-13.603289608989632,10.090429975457546,-1.0498948713409884,1.4809714198024282,-0.2741377156794163,0.03915162654207829,0.005
1.0,0.2,0.005,0.01,36,current,13,1.475821920648827,-0.2680368868074517,0.04496369103472553,-12.067770824621295,10.058429624444605,1.6083831277300715,1.4730143269162217,-0.2681884275960247,0.04567812982506604,0.03
1.0,0.2,0.005,0.01,36,kink,13,1.4749825918080834,-0.2691587734753471,0.04828534025952661,-12.408655091731992,10.058429624444605,0.05329286277786993,1.470496340393992,-0.2715540875997109,0.055643077499469284,0.03
1.0,0.2,0.005,0.01,36,shrink,13,1.474510717022128,-0.26565812595580834,0.043184775595265214,-18.64790498696856,10.058429624444605,3.023838979904111,1.469080716036126,-0.26105214504109453,0.04034138350668508,0.005
1.0,0.2,0.005,0.01,36,current,14,1.482686436704722,-0.2695362456663511,0.03962179652114772,-12.199051318255844,10.65287201673433,1.6524706141017527,1.4812990056896413,-0.2698315120889642,0.037342500648069335,0.03
1.0,0.2,0.005,0.01,36,kink,14,1.480350873873664,-0.2676601628414429,0.043419310195759946,-11.45752534422095,10.65287201673433,1.5058421014064791,1.474292317196468,-0.26420326361423957,0.048735041671905996,0.03
1.0,0.2,0.005,0.01,36,shrink,14,1.482391579503708,-0.26950472135493553,0.03894342585506352,-11.337814646638414,10.65287201673433,1.6536615657644864,1.480414434086599,-0.26973693915471747,0.03530738864981671,0.005
1.0,0.2,0.005,0.01,36,current,15,1.483535259329382,-0.27184295591104385,0.04093136630524206,-11.914571427597277,10.273576605555107,1.4520821967773352,1.485485361619031,-0.27265512631682237,0.038991261831701186,0.03
1.0,0.2,0.005,0.01,36,kink,15,1.4818557700771946,-0.2725446039800256,0.04060975187032407,-11.74079760744936,10.273576605555107,1.606087635638779,1.4804468938624684,-0.2747600705237679,0.03802641852694723,0.03
1.0,0.2,0.005,0.01,36,shrink,15,1.4807504138726484,-0.2707268974361898,0.04309458520690989,-9.85971736814406,10.273576605555107,0.8138175054301998,1.4771308252488293,-0.2693069508922603,0.04548091853670469,0.005
1.0,0.2,0.005,0.01,36,current,16,1.4799592235529382,-0.26707851590643633,0.04101015227572891,-12.508920898588475,10.548264123090226,2.068453078136058,1.471233148443679,-0.26401252425616323,0.04509827184404548,0.03
1.0,0.2,0.005,0.01,36,kink,16,1.4851877644100842,-0.26919308190735,0.040567355286303564,-11.23365778631175,10.548264123090226,1.4765173843676163,1.4869187710151166,-0.27035622225890404,0.043769880875769426,0.03
1.0,0.2,0.005,0.01,36,shrink,16,1.483005535424404,-0.2710135358712645,0.041291994955410576,-15.335409535100004,10.548264123090226,2.128948004660154,1.4803720840580763,-0.2758175841506478,0.04594379988309046,0.005
1.0,0.2,0.005,0.01,36,current,17,1.476303657366221,-0.26958627289829157,0.04266147842802078,-12.68000171707145,10.235411696397145,1.9436286285640976,1.4703380833552226,-0.26577846060508004,0.04620868807097546,0.03
1.0,0.2,0.005,0.01,36,kink,17,1.4773637116385334,-0.27057509144308683,0.04100222256853226,-13.008992023022447,10.235411696397145,1.7436583344815517,1.4735182461721599,-0.26874491623946595,0.041230920492509926,0.03
1.0,0.2,0.005,0.01,36,shrink,17,1.4791955601440454,-0.269871435399828,0.03987327847256425,-11.973195335041018,10.235411696397145,2.0638281786318737,1.4790137916886952,-0.26663394810968954,0.03784408820460587,0.005
1.0,0.2,0.005,0.01,36,current,18,1.4813590016243297,-0.27170703889862474,0.04441525578621327,-12.723141053952766,10.250265021389538,1.3276766710631827,1.4788543037710975,-0.27652476917944924,0.048868406816464,0.03
1.0,0.2,0.005,0.01,36,kink,18,1.4819228606786414,-0.2695059962145558,0.04318367272715016,-11.484462484066107,10.250265021389538,1.7239443643408126,1.4805458809340333,-0.26992164112724243,0.04517365763927468,0.03
1.0,0.2,0.005,0.01,36,shrink,18,1.4805776662145718,-0.27033092584225127,0.04025948051689895,-13.605217727699925,10.250265021389538,0.8376948164041569,1.4765102975418236,-0.2723964300103288,0.036401081008521026,0.005
1.0,0.2,0.005,0.01,36,current,19,1.4798103845331487,-0.26936666109827767,0.040339088452467586,-11.780788300023461,11.326660526471802,1.692838559258213,1.4836401697331343,-0.27019702923230793,0.04020335425392829,0.03
1.0,0.2,0.005,0.01,36,kink,19,1.4763428374847833,-0.26830945371030895,0.04382970778915646,-13.382418552813311,11.326660526471802,2.297446018054907,1.473237528588038,-0.26702540706840167,0.050675212263994907,0.03
1.0,0.2,0.005,0.01,36,shrink,19,1.478808713253849,-0.2689566713123683,0.04187299346968513,-13.199616649978465,11.326660526471802,2.53100461733342,1.4806351558952355,-0.26896705987457964,0.044805069305580904,0.005
1.0,0.2,0.005,0.01,36,current,20,1.4757578398503384,-0.2707135535830523,0.041565486271583636,-11.373304688577397,9.702862033709621,1.4022592053799172,1.4843283511583711,-0.27114837792239826,0.041538785403469405,0.03
1.0,0.2,0.005,0.01,36,kink,20,1.4681315358370035,-0.26884556046077324,0.041287071095268316,-11.531852441503785,9.702862033709621,1.3236181986872109,1.461449439118366,-0.265544398555561,0.04070353987452345,0.03
1.0,0.2,0.005,0.01,36,shrink,20,1.4742422012092768,-0.2715553002407142,0.04208696799058831,-15.79464152816151,9.702862033709621,4.538237241456582,1.479781435235186,-0.2736736178953839,0.04310323056048344,0.005
1.0,0.2,0.005,0.01,36,current,21,1.482168332874872,-0.27063989062267063,0.03737606418753985,-12.171595165027451,10.21483734510497,1.904341755022727,1.4814039843133016,-0.27054230946713903,0.034448497192559255,0.03
1.0,0.2,0.005,0.01,36,kink,21,1.4788090188821892,-0.26698242882792966,0.03642844253084133,-11.98460310963153,10.21483734510497,2.764424381697249,1.4713260423352539,-0.2595699240829161,0.031605632222463695,0.03
1.0,0.2,0.005,0.01,36,shrink,21,1.4818291472554055,-0.2706512605005202,0.03936587780981838,-9.800584053994484,10.21483734510497,-0.5482671467442599,1.4803864274549028,-0.2705764191006878,0.04041793805939486,0.005
1.0,0.2,0.005,0.01,36,current,22,1.4783234262564526,-0.2696676390671638,0.04031856414985111,-11.597424799805625,10.608728609293872,1.3978331699681148,1.4842184858659293,-0.2702339714712214,0.039744534066605934,0.03
1.0,0.2,0.005,0.01,36,kink,22,1.480861131485618,-0.2669229240174043,0.037442938756192944,-10.443729419648353,10.608728609293872,3.1673618656672744,1.4918316015534256,-0.261999826321943,0.031117657885631422,0.03
1.0,0.2,0.005,0.01,36,shrink,22,1.477731118334713,-0.269811508607463,0.03931739348100973,-11.550559509880607,10.608728609293872,0.5908113224273255,1.4824415621007103,-0.2706655800921189,0.036741022060081785,0.005
1.0,0.2,0.005,0.01,36,current,23,1.4799155657800291,-0.2724380936393466,0.04207889447308416,-11.785425515379464,10.610002709287048,1.1432991734907276,1.4773163923712915,-0.2740780247892585,0.04478182032258668,0.03
1.0,0.2,0.005,0.01,36,kink,23,1.4823579708208363,-0.27373019862319176,0.04748096070207634,-11.545965543835472,10.610002709287048,1.6466075021061906,1.484643607493713,-0.27795433974079387,0.060988019009563216,0.03
1.0,0.2,0.005,0.01,36,shrink,23,1.478522563951169,-0.2714416274515014,0.039079092000044696,-11.81489038579448,10.610002709287048,1.158010942916019,1.4731373868847115,-0.27108862622572283,0.03578241290346831,0.005
1.0,0.2,0.005,0.01,36,current,24,1.4757890493212316,-0.2724924216471248,0.04293176534634232,-11.981787078491891,10.565785865198961,1.0758506452819403,1.4723726381687678,-0.2758241637585702,0.04809237428637071,0.03
1.0,0.2,0.005,0.01,36,kink,24,1.4732516796654878,-0.27045925403233606,0.03935345769057409,-11.364171363758864,10.565785865198961,2.0398035288001193,1.4647605292015362,-0.269724660914204,0.03735745131906602,0.03
1.0,0.2,0.005,0.01,36,shrink,24,1.4748820899754556,-0.270673930295362,0.04007470019720285,-12.62350781085772,10.565785865198961,-1.6168501285895749,1.4696517601314394,-0.27036868970328176,0.03952117883895231,0.005
1.0,0.2,0.005,0.01,36,current,25,1.4760773183480869,-0.26759187717711946,0.04092864481428191,-12.124563200342147,11.111284648960549,1.3768648381916289,1.4805197868224291,-0.27043116845902443,0.04517659678741246,0.03
1.0,0.2,0.005,0.01,36,kink,25,1.4734409417916368,-0.2660104422253511,0.03967413191075785,-12.19508748110764,11.111284648960549,0.7727347891816052,1.4726106571530782,-0.26568686360371935,0.04141305807684028,0.03
1.0,0.2,0.005,0.01,36,shrink,25,1.475519256475067,-0.26722988301353207,0.03923415012891311,-11.56642687229807,11.111284648960549,2.0976137249679754,1.4788456012033688,-0.2693451859682623,0.040093112731306044,0.005
1.0,0.2,0.005,0.01,36,current,26,1.4783045697288755,-0.2702838159198893,0.04145315709096417,-12.068613384988778,10.666761934696043,1.8929062590153258,1.4820342770079027,-0.2692341869045649,0.038718058278091966,0.03
1.0,0.2,0.005,0.01,36,kink,26,1.4747791179992948,-0.2704430974736753,0.04320277965611238,-11.828303212535117,10.666761934696043,1.3316242223089318,1.4714579218191615,-0.26971203156592266,0.0439669259735366,0.03
1.0,0.2,0.005,0.01,36,shrink,26,1.476192848936919,-0.26924319286089626,0.04078502367071542,-14.411705449337555,10.666761934696043,1.6070875962254978,1.4756991146320328,-0.26611231772758553,0.0367136580173457,0.005
1.0,0.2,0.005,0.01,36,current,27,1.4825650145388671,-0.27285216057550404,0.03885800715048443,-11.529653739305521,10.730803458448458,1.4421839029687016,1.4876586725727956,-0.2741977554840414,0.03745528769045507,0.03
1.0,0.2,0.005,0.01,36,kink,27,1.4811079666618545,-0.2717141830430166,0.037870778043356375,-9.612461258625396,10.730803458448458,1.3898125114830284,1.4832875289417582,-0.270783822886579,0.03449360036907089,0.03
1.0,0.2,0.005,0.01,36,shrink,27,1.480899093925623,-0.27099383166373675,0.03993509940756048,-11.354654375455477,10.730803458448458,3.9629250984982556,1.4826609107330633,-0.2686227687487394,0.040686564461683235,0.005
1.0,0.2,0.005,0.01,36,current,28,1.476321639297779,-0.26947602630247486,0.040835278148174996,-12.502008359620218,10.266998026807068,2.0670369576914798,1.470220928688372,-0.2717637132224666,0.041596613501688445,0.03
1.0,0.2,0.005,0.01,36,kink,28,1.4755787396675641,-0.264201058247393,0.03963184192272087,-12.725416440150397,10.266998026807068,2.2141009995524383,1.4679922297977277,-0.255938809057221,0.037986304825326105,0.03
1.0,0.2,0.005,0.01,36,shrink,28,1.4770605336845868,-0.26839299495336316,0.039697485448754975,-9.34467328017832,10.266998026807068,-1.9692372888756595,1.4724376118487952,-0.26851461917513153,0.038183235403428405,0.005
1.0,0.2,0.005,0.01,36,current,29,1.4771014789690886,-0.26988334185315394,0.039058790163184746,-12.643553370878555,11.020139118142232,1.7712040692138316,1.4746617214696112,-0.26934575202910005,0.03618605565647799,0.03
1.0,0.2,0.005,0.01,36,kink,29,1.474046424885035,-0.2664849944684448,0.032920998271162925,-12.992511529082645,11.020139118142232,3.298238508561901,1.4654965592174498,-0.25915070987497263,0.01777267998041252,0.03
1.0,0.2,0.005,0.01,36,shrink,29,1.4770023727157522,-0.2707414631013268,0.038630458708505025,-16.462849182784254,11.020139118142232,2.16019482442183,1.4743644027096017,-0.2719201157736185,0.03490106129243882,0.005
1.0,0.2,0.005,0.01,36,current,30,1.4777101201410285,-0.2687393878088372,0.0417064378046998,-11.573801873558224,10.70100186209289,1.2093013799127075,1.4813529274131898,-0.27113870094004955,0.04507736003628503,0.03
1.0,0.2,0.005,0.01,36,kink,30,1.4778587467225102,-0.26914733676303965,0.04309598967719572,-11.836384689387167,10.70100186209289,2.0372924181322776,1.4817988071576347,-0.2723625478026568,0.049246015653772755,0.03
1.0,0.2,0.005,0.01,36,shrink,30,1.476111750213,-0.26863808718477117,0.04377889404843328,-13.803929086156867,10.70100186209289,-2.7550097299748018,1.4765578176291043,-0.2708347990678514,0.05129472876748546,0.005
1.0,0.2,0.005,0.01,36,current,31,1.4800194151503911,-0.26945627635570957,0.04277486629078205,-11.990682316019125,11.040047415394165,1.1988356048813331,1.4802241966387721,-0.271820999585702,0.04369371109372392,0.03
1.0,0.2,0.005,0.01,36,kink,31,1.4789502638728032,-0.2662559882011852,0.04054724807923591,-12.06370556472431,11.040047415394165,2.168538057534906,1.477016742806008,-0.26222013512212866,0.0370108564590855,0.03
1.0,0.2,0.005,0.01,36,shrink,31,1.4805778539464896,-0.27019316572881497,0.04158554327687009,-10.146951321545105,11.040047415394165,1.2787294678854282,1.4818995130270665,-0.274031667705018,0.04012574205198805,0.005
1.0,0.2,0.005,0.01,36,current,32,1.4785856012613916,-0.2638969703692649,0.038146181204082134,-12.400123122744453,9.79925958596619,1.768777367209148,1.4826714151518616,-0.26413748949311106,0.033358495886457076,0.03
1.0,0.2,0.005,0.01,36,kink,32,1.478249890211184,-0.26643438835672145,0.0395161960846239,-12.733168852177762,9.79925958596619,1.9556747675614519,1.4816642820012393,-0.2717497434554808,0.03746854052808237,0.03
1.0,0.2,0.005,0.01,36,shrink,32,1.4758589949348704,-0.2656565562561743,0.04170360281150857,-11.53799681006629,9.79925958596619,4.692670802257052,1.4744915961722986,-0.26941624715383927,0.0440307607087364,0.005
1.0,0.2,0.005,0.01,36,current,33,1.4813915831420934,-0.2704057041749747,0.03871398362683018,-12.251865940812584,10.649039309993492,1.8027085224853494,1.4812060595136787,-0.26794424534501465,0.03766803959270695,0.03
1.0,0.2,0.005,0.01,36,kink,33,1.4795989954225337,-0.270757105929613,0.03554778388203605,-11.497650820684331,10.649039309993492,2.1760972169660224,1.4758282963549993,-0.26899845060892963,0.028169440358324548,0.03
1.0,0.2,0.005,0.01,36,shrink,33,1.4805226042581767,-0.2702135742199625,0.03970875355030562,-13.314335852022682,10.649039309993492,2.112488221926293,1.4785991228619286,-0.2673678554799781,0.040652349363133264,0.005
1.0,0.2,0.005,0.01,36,current,34,1.4771388428646304,-0.26647578500076435,0.038928340441595294,-12.078391774875893,10.499079727435493,1.5377082401216269,1.4766940075710489,-0.26755674854203565,0.03244583736872947,0.03
1.0,0.2,0.005,0.01,36,kink,34,1.4786513996574666,-0.2694928359283386,0.04165544607368376,-12.124253993782327,10.499079727435493,1.0968513364631667,1.481231677949558,-0.2766079013247586,0.04062715426499485,0.03
1.0,0.2,0.005,0.01,36,shrink,34,1.4773288745737723,-0.26724759737540976,0.04382870399413193,-13.36674325350938,10.499079727435493,2.418185475090084,1.4772641026984743,-0.26987218566597193,0.047146928026339366,0.005
1.0,0.2,0.005,0.01,36,current,35,1.4761781012190853,-0.2717542363964897,0.04343081219624737,-12.764492157034555,10.390898893163044,1.6221165348165756,1.4724777697644476,-0.27527644820481595,0.042738074772412565,0.03
1.0,0.2,0.005,0.01,36,kink,35,1.4789151335068862,-0.2690205877154655,0.04232717163898825,-11.412335809913023,10.390898893163044,2.6851443183948853,1.48068886662785,-0.26707550216174325,0.039427153100635194,0.03
1.0,0.2,0.005,0.01,36,shrink,35,1.4795497059132323,-0.26982989594416723,0.040558052483155214,-9.814609917611222,10.390898893163044,3.01938744501257,1.4825925838468887,-0.26950342684784845,0.03411979563313608,0.005
1.0,0.2,0.005,0.01,36,current,36,1.4778570736602028,-0.268653065445936,0.04411387111208956,-12.07668407720735,10.638463595753207,1.338734270700722,1.4788309486568298,-0.2691568493125976,0.05133301650005347,0.03
1.0,0.2,0.005,0.01,36,kink,36,1.477645498400264,-0.26929067764194653,0.040365880148340146,-10.743197339566924,10.638463595753207,1.1681341115293185,1.478196222877013,-0.2710696859006294,0.04008904360880526,0.03
1.0,0.2,0.005,0.01,36,shrink,36,1.4786680148115308,-0.2693338612157254,0.04087388932572548,-10.379145473468123,10.638463595753207,-0.07490979089531691,1.481263772110813,-0.2711992366219658,0.041613071140961244,0.005
1.0,0.2,0.005,0.01,36,current,37,1.476153182282504,-0.26911777090835637,0.04357965048702134,-11.898201055350148,11.0022375253399,1.1810847396104334,1.4793707687914552,-0.27401427826721886,0.04393605904095255,0.03
1.0,0.2,0.005,0.01,36,kink,37,1.474384164362461,-0.2666441805240176,0.04306901871559763,-13.195624022018718,11.0022375253399,2.6821310500218116,1.4740637150313254,-0.26659350711420243,0.04240416372668143,0.03
1.0,0.2,0.005,0.01,36,shrink,37,1.4787694199018124,-0.27020526247172905,0.04435989095646451,-8.938584808133422,11.0022375253399,2.4145685235331866,1.4872194816493804,-0.27727675295733667,0.04627678044928208,0.005
1.0,0.2,0.005,0.01,36,current,38,1.480972916000111,-0.27195947843457025,0.03970728067498347,-11.548339071932094,10.469717044933272,1.354676290649309,1.483873524494031,-0.274033248524242,0.03782695668512278,0.03
1.0,0.2,0.005,0.01,36,kink,38,1.4787704944696678,-0.26924741631997695,0.03969978205342922,-12.69309052401307,10.469717044933272,2.3597480000146858,1.4772662599027018,-0.26589706218046216,0.037804460820460045,0.03
1.0,0.2,0.005,0.01,36,shrink,38,1.4817703050061681,-0.27047814246872803,0.03941734694906059,-11.806641038286855,10.469717044933272,-1.3820616827286538,1.486265691512203,-0.2695892406267154,0.03695715550735414,0.005
1.0,0.2,0.005,0.01,36,current,39,1.4804582261457409,-0.2660956261663307,0.03970869381393354,-11.479417835785938,10.354569643378971,1.9753454063638254,1.4930037543657042,-0.26963192136676145,0.034064880119865325,0.03
1.0,0.2,0.005,0.01,36,kink,39,1.4751454731296272,-0.2664686985030708,0.04075583149016816,-12.729962460526615,10.354569643378971,1.5299642710369497,1.4770654953173625,-0.2707511383769819,0.037206293148569186,0.03
1.0,0.2,0.005,0.01,36,shrink,39,1.4768239958544187,-0.265274823719237,0.0404109727701931,-10.615026272921007,10.354569643378971,-0.7230894083183119,1.4821010634917373,-0.26716951402548034,0.03617171698864401,0.005
1.0,0.2,0.005,0.01,36,current,40,1.4764897577076852,-0.26954606223700867,0.04605128326159596,-12.520484854553942,10.393124318015513,1.146836726949914,1.473941935204979,-0.27153752285955385,0.046027181883017666,0.03
1.0,0.2,0.005,0.01,36,kink,40,1.478022524461803,-0.2690459111044144,0.04480280953672036,-12.292314516621838,10.393124318015513,1.0752643006377913,1.478540235467333,-0.2700370694617711,0.04228176070839089,0.03
1.0,0.2,0.005,0.01,36,shrink,40,1.4766411599654035,-0.2694564836448668,0.04447095381866459,-8.422068925947572,10.393124318015513,3.7759274317042966,1.474396141978134,-0.2712687870831283,0.04128619355422357,0.005
1.0,0.2,0.005,0.01,36,current,41,1.4793904619958775,-0.2707100030039699,0.04339505781333206,-11.845972637438985,10.544976231452996,1.2099841362712254,1.4765859309056846,-0.26906203076226864,0.04395377266714785,0.03
1.0,0.2,0.005,0.01,36,kink,41,1.4797154759451479,-0.2697594106181072,0.04359692581198752,-11.661891622969023,10.544976231452996,1.4338118117751506,1.4775609727534955,-0.26621025360468065,0.04455937666311424,0.03
1.0,0.2,0.005,0.01,36,shrink,41,1.477540423758444,-0.268403490244264,0.04247271486781367,-6.149811139123831,10.544976231452996,-0.49790233244537685,1.471035816193384,-0.2621424924831511,0.041186743830592676,0.005
1.0,0.2,0.005,0.01,36,current,42,1.4750610557313495,-0.268333284544672,0.042485278377987705,-12.905795363655368,11.317237430297727,1.6837584798196272,1.4634507888501003,-0.2623358747122834,0.04244016400411426,0.03
1.0,0.2,0.005,0.01,36,kink,42,1.477847425576939,-0.2700323578674149,0.04077315421047021,-13.948766141895307,11.317237430297727,1.6748099546966648,1.4718098983868688,-0.2674330946805123,0.03730379150156178,0.03
1.0,0.2,0.005,0.01,36,shrink,42,1.4819075026564992,-0.2683499942943021,0.04029236847152532,-12.44976222631805,11.317237430297727,1.570499089560547,1.4839901296255493,-0.26238600396117384,0.03586143428472713,0.005
1.0,0.2,0.005,0.01,36,current,43,1.476336331738518,-0.2707885664788355,0.03866402031103793,-12.189814837499897,10.773957055992128,2.016262090491817,1.476900207593264,-0.2684899848556496,0.03789239726989523,0.03
1.0,0.2,0.005,0.01,36,kink,43,1.4736749422065565,-0.27114924966383736,0.03749043619809175,-12.23757660368327,10.773957055992128,1.5734721095548474,1.4689160389973792,-0.2695720344106553,0.034371644931056704,0.03
1.0,0.2,0.005,0.01,36,shrink,43,1.475629674081085,-0.2724262194335714,0.04261196029288957,-8.85456729357711,10.773957055992128,-0.9198784348863502,1.4747802346209644,-0.27340294371985757,0.04973621721545014,0.005
1.0,0.2,0.005,0.01,36,current,44,1.4807004543021802,-0.2725807095347031,0.04126708213937868,-12.438349883017773,11.383727660887041,1.7707500055028778,1.47842912082605,-0.27263811897353024,0.04112432976589741,0.03
1.0,0.2,0.005,0.01,36,kink,44,1.480917240958833,-0.2718692419128818,0.0446568187340299,-13.002604438146966,11.383727660887041,2.060190938972415,1.4790794807960086,-0.2705037161080663,0.05129353954985105,0.03
1.0,0.2,0.005,0.01,36,shrink,44,1.4809530016894457,-0.27150443547422226,0.03931825150473969,-13.33801079645928,11.383727660887041,3.571744616484792,1.4791867629878475,-0.26940929679208786,0.03527783786198045,0.005
1.0,0.2,0.005,0.01,36,current,45,1.4819894818618717,-0.2705077867058093,0.04075904468875343,-11.59861297714005,11.138800075873547,1.3878248215286013,1.4822935384486178,-0.27249442855730677,0.04076195785335149,0.03
1.0,0.2,0.005,0.01,36,kink,45,1.4803579036219423,-0.2706068199430931,0.03958336483952587,-12.816958879011894,11.138800075873547,2.587394748540953,1.4773988037288295,-0.27279152826915803,0.0372349183056688,0.03
1.0,0.2,0.005,0.01,36,shrink,45,1.481337645423677,-0.2696217503471594,0.039996757904559775,-13.053768667227269,11.138800075873547,2.303664447909814,1.4803380291340344,-0.26983631948135695,0.038475097500770515,0.005
1.0,0.2,0.005,0.01,36,current,46,1.481185317103946,-0.2675930994820353,0.040287921930413535,-11.913713035911305,9.620504746648685,1.4898146331683464,1.4831281688978448,-0.26887706259761074,0.040471296845358995,0.03
1.0,0.2,0.005,0.01,36,kink,46,1.479127091014471,-0.2659952171034647,0.03813373671934897,-8.902934446068567,9.620504746648685,2.314308642848723,1.4769534906294195,-0.26408341546189895,0.03400874121216529,0.03
1.0,0.2,0.005,0.01,36,shrink,46,1.481301849827639,-0.2677869805852275,0.03973213301465487,-9.41824937669437,9.620504746648685,3.3181032551888965,1.4834777670689236,-0.2694587059071873,0.038803930098082993,0.005
1.0,0.2,0.005,0.01,36,current,47,1.479208490767841,-0.26818158009025955,0.038805715527923564,-11.672665545359264,10.85022533294103,1.4663063210931506,1.4835135349379935,-0.270090319997874,0.03697407029105071,0.03
1.0,0.2,0.005,0.01,36,kink,47,1.478146998124153,-0.26834140333449347,0.041022697090101874,-11.484228946332838,10.85022533294103,0.921554245272005,1.4803290570069303,-0.2705697897305757,0.043625014977585634,0.03
1.0,0.2,0.005,0.01,36,shrink,47,1.478925505156966,-0.2673470505721712,0.038502988015918276,-14.566254812749632,10.85022533294103,4.258240708929177,1.4826645781053691,-0.26758673144360895,0.03606588775503484,0.005
1.0,0.2,0.005,0.01,36,current,48,1.4807367976077954,-0.2713013056305985,0.041887769457209546,-12.03062549036882,11.590142231606848,1.8956142205545503,1.4821967443507582,-0.2714174351390603,0.03947975183921016,0.03
1.0,0.2,0.005,0.01,36,kink,48,1.4772602313561325,-0.27140531009380126,0.044339912071437615,-13.445634030989428,11.590142231606848,2.1659642302821434,1.4717670455957692,-0.2717294485286686,0.046836179681894366,0.03
1.0,0.2,0.005,0.01,36,shrink,48,1.4795127277499927,-0.2721133600891494,0.042585352109430395,-9.835474190248078,11.590142231606848,-1.5215212998059955,1.4785245347773506,-0.27385359851471286,0.04157249979587269,0.005
1.0,0.2,0.005,0.01,36,current,49,1.4771846397268675,-0.26899924375203454,0.0429121248098254,-12.668728780102056,10.24470242743957,1.6022881912761209,1.470269206926175,-0.27341524259161726,0.04332132394663697,0.03
1.0,0.2,0.005,0.01,36,kink,49,1.48340291744995,-0.26475986941975393,0.03853475666156211,-9.818566993577555,10.24470242743957,1.7052445121023954,1.4889240400954222,-0.2606971195947756,0.030189219501847088,0.03
1.0,0.2,0.005,0.01,36,shrink,49,1.4785287437662182,-0.26623720298402914,0.042814967046840735,-12.086956770351058,10.24470242743957,1.5260866625274387,1.4743015190442275,-0.265129120287601,0.043029850657682965,0.005
1.0,0.2,0.005,0.01,40,current,0,3.2562646760594567,-0.4662246846135632,0.05345182741646911,-20.56968657458753,17.824434086985445,1.0526455787460511,3.2508089172187544,-0.4719574916613971,0.06291658974433992,0.03
1.0,0.2,0.005,0.01,40,kink,0,3.26030024078173,-0.46023062587648195,0.0418479007714592,-20.28932424323793,17.824434086985445,1.8582803717911343,3.2629156113855764,-0.45397531545015346,0.028104809809310228,0.03
1.0,0.2,0.005,0.01,40,shrink,0,3.258698916610362,-0.46138706697428433,0.05500094252966697,-19.931912422721954,17.824434086985445,1.3294761261313628,3.2581116388714717,-0.4574446387435604,0.06756393508393349,0.005
1.0,0.2,0.005,0.01,40,current,1,3.2555917925125857,-0.46302626707027467,0.049871159978521686,-21.106388465339,17.640678339632743,1.9981823767855853,3.2586099688232046,-0.463332090864132,0.05289274766596977,0.03
1.0,0.2,0.005,0.01,40,kink,1,3.2516810701998224,-0.4608096572611502,0.04922865310754809,-19.584518353517122,17.640678339632743,1.1251397871851774,3.2468778018849145,-0.45668226143675855,0.05096522705304895,0.03
1.0,0.2,0.005,0.01,40,shrink,1,3.2566313957744897,-0.46085031360708184,0.047346529017368875,-19.45745748479606,17.640678339632743,3.439945917402776,3.2617287786089175,-0.45680423047455343,0.04531885478251129,0.005
1.0,0.2,0.005,0.01,40,current,2,3.256509787859361,-0.4652656692708879,0.050800397929344376,-20.911897593750282,17.00857118399035,1.6912031773599352,3.266759833402247,-0.4665942186089905,0.06422509982459632,0.03
1.0,0.2,0.005,0.01,40,kink,2,3.2528051002957272,-0.45775359237174684,0.04239738091012577,-20.122091205987985,17.00857118399035,2.8555782874855358,3.2556457707113453,-0.4440579879115671,0.039016048766940536,0.03
1.0,0.2,0.005,0.01,40,shrink,2,3.2530798073096476,-0.4628908038268847,0.044760446853032355,-16.086022934049662,17.00857118399035,6.50878585869401,3.256469891753106,-0.4594696222769808,0.04610524659566026,0.005
1.0,0.2,0.005,0.01,40,current,3,3.2603436383363857,-0.46769337826842344,0.046430933658067434,-21.246670233206824,18.765094236272915,1.4019709422804747,3.262849983652265,-0.4741729980456587,0.04749697346386837,0.03
1.0,0.2,0.005,0.01,40,kink,3,3.2572118126502,-0.46210929768622444,0.04723826951885692,-23.144733752398984,18.765094236272915,1.4578597434851663,3.253454506593706,-0.45742075629906165,0.04991898104623682,0.03
1.0,0.2,0.005,0.01,40,shrink,3,3.25956666224612,-0.4646781506331596,0.045590997895347145,-23.046517847608158,18.765094236272915,0.6576342602168295,3.2605190553814687,-0.465127315139867,0.044977166175707496,0.005
1.0,0.2,0.005,0.01,40,current,4,3.2626640045436885,-0.46781528222648233,0.04744025852322998,-21.84340092626333,17.532873554193852,1.7567269798942087,3.2514742214482735,-0.46540884232910795,0.0482226317446056,0.03
1.0,0.2,0.005,0.01,40,kink,4,3.2632723060615976,-0.4661932192577533,0.04698680304921429,-21.18373197792561,17.532873554193852,0.22224845449389363,3.253299126002001,-0.4605426534229209,0.04686226532255854,0.03
1.0,0.2,0.005,0.01,40,shrink,4,3.266806838703357,-0.46864540265755233,0.048167550633284865,-19.94271702387099,17.532873554193852,5.187624590079565,3.26390272392728,-0.4678992036223179,0.05040450807477025,0.005
1.0,0.2,0.005,0.01,40,current,5,3.262927181965773,-0.4650046052843338,0.04562458607739328,-21.727631307259845,16.71759726304578,2.0737395892885204,3.254318728603491,-0.4616837288532667,0.04517260223637186,0.03
1.0,0.2,0.005,0.01,40,kink,5,3.263283131331654,-0.4658888117809478,0.047242196569907136,-19.403393973055593,16.71759726304578,1.3383587683396794,3.2553865767011336,-0.4643363483431087,0.05002543371391341,0.03
1.0,0.2,0.005,0.01,40,shrink,5,3.263873421450507,-0.46478581575688654,0.045853982267961835,-20.71434695558378,16.71759726304578,-0.36717331728858493,3.2571574470576934,-0.4610273602709249,0.0458607908080775,0.005
1.0,0.2,0.005,0.01,40,current,6,3.261006707331633,-0.4626260142648431,0.04478510374373304,-20.582821075536355,18.278803438792576,1.879920964562888,3.264496140512724,-0.4656172905838475,0.04316540885445071,0.03
1.0,0.2,0.005,0.01,40,kink,6,3.2569339548850276,-0.4616838836062474,0.045489821439051364,-20.464471255275622,18.278803438792576,0.44081939920753066,3.2522778831729084,-0.46279089860806033,0.04527956194040567,0.03
1.0,0.2,0.005,0.01,40,shrink,6,3.2599144027756153,-0.4619155604184653,0.045644199728274014,-21.173412895063286,18.278803438792576,2.6309030345204403,3.2612192268446716,-0.46348592904471414,0.04574269680807361,0.005
1.0,0.2,0.005,0.01,40,current,7,3.261211282486061,-0.4635497615200171,0.046338505035667166,-20.44604087345093,16.661078372056807,1.8937405012167172,3.2673083568422943,-0.46828952879801483,0.04475563056677276,0.03
1.0,0.2,0.005,0.01,40,kink,7,3.2566588319937675,-0.4617406894950869,0.05172845102234951,-21.66446946021781,16.661078372056807,2.781004539543454,3.253651005365412,-0.46286231272322415,0.06092546852681979,0.03
1.0,0.2,0.005,0.01,40,shrink,7,3.2610141218908524,-0.4626102916137482,0.045301756103584535,-19.971628528963436,16.661078372056807,2.434055261088571,3.2667168750566677,-0.46547111907920813,0.04164538377052488,0.005
1.0,0.2,0.005,0.01,40,current,8,3.2583877337123823,-0.46334558496708844,0.045321934499493934,-21.52468414136311,18.51932083708577,2.1045121242945415,3.2560017985183594,-0.46412912787619925,0.046190177225883464,0.03
1.0,0.2,0.005,0.01,40,kink,8,3.252337014876613,-0.4673733007308101,0.044801915336432546,-21.006657293086363,18.51932083708577,1.21723736800355,3.2378496420110525,-0.4762122751673644,0.044630119736699295,0.03
1.0,0.2,0.005,0.01,40,shrink,8,3.257469328070749,-0.4630248643787926,0.04378866500599046,-21.450886607546575,18.51932083708577,4.4095609835640825,3.2532465815934595,-0.4631669661113118,0.04159036874537304,0.005
1.0,0.2,0.005,0.01,40,current,9,3.258741219674853,-0.460694176578496,0.05141021545805652,-21.685597315051297,17.945205246511446,2.1225111636438583,3.2579425654209886,-0.46054131833447737,0.054015409671283196,0.03
1.0,0.2,0.005,0.01,40,kink,9,3.2573460187848426,-0.46351327436987383,0.05063206349233138,-21.46352417454955,17.945205246511446,0.7041196938300083,3.2537569627509577,-0.468998611708611,0.05168095377410781,0.03
1.0,0.2,0.005,0.01,40,shrink,9,3.255799269284631,-0.46106704393487047,0.053787828379686264,-27.071234202510226,17.945205246511446,4.379326612490274,3.249116714250322,-0.4616599204036007,0.061148248436172475,0.005
1.0,0.2,0.005,0.01,40,current,10,3.255627953300175,-0.46396737287534734,0.05228644127400261,-22.17291057551955,18.80017200706563,2.3450676124790073,3.2418241976943416,-0.46290473372340407,0.05959217963549759,0.03
1.0,0.2,0.005,0.01,40,kink,10,3.2611457520734284,-0.4598694893197705,0.04957092773411551,-19.66326178151162,18.80017200706563,1.8305498627586523,3.2583775940141027,-0.45061108305667336,0.0514456390158363,0.03
1.0,0.2,0.005,0.01,40,shrink,10,3.260455468611982,-0.4641037928455705,0.047070748625885554,-19.22805974707811,18.80017200706563,2.4153555668623587,3.256306743629765,-0.46331399363407355,0.04394510169114643,0.005
1.0,0.2,0.005,0.01,40,current,11,3.2603026472092034,-0.46438482956736465,0.05299242294555667,-21.218702286688547,19.02023078548831,1.310511087982025,3.255726884470136,-0.46547748996460186,0.06016522551624139,0.03
1.0,0.2,0.005,0.01,40,kink,11,3.263517061397893,-0.4631330043132705,0.049801841162256166,-20.084156518136574,19.02023078548831,1.5632615345465934,3.265370127036204,-0.46172201420231945,0.05059348016633986,0.03
1.0,0.2,0.005,0.01,40,shrink,11,3.2614536451521396,-0.46410103537934494,0.04780298255672677,-21.780367875223735,19.02023078548831,3.0806723493995483,3.2591798782989443,-0.4646261074005431,0.04459690434975167,0.005
1.0,0.2,0.005,0.01,40,current,12,3.2581956743916423,-0.4662778568964095,0.053163051284755396,-20.554772304882714,18.166586489365436,1.0520098888784415,3.261603893862725,-0.46940109547069797,0.06021790914853799,0.03
1.0,0.2,0.005,0.01,40,kink,12,3.2505693775549678,-0.4630333858132671,0.050244088450243495,-21.135651447418983,18.166586489365436,1.2677592849915393,3.2387250033527026,-0.45966768222127086,0.05146102064500227,0.03
1.0,0.2,0.005,0.01,40,shrink,12,3.257026892401259,-0.46608076711723784,0.05098708656928177,-22.594184573966505,18.166586489365436,0.28672928404870834,3.258097547891577,-0.4688098261331831,0.05369001500211709,0.005
1.0,0.2,0.005,0.01,40,current,13,3.263138082055074,-0.46996921282663623,0.04792334280128993,-21.07340264679981,18.463581526735535,1.517674333201145,3.2686861279591644,-0.4681139721620286,0.0503924648465532,0.03
1.0,0.2,0.005,0.01,40,kink,13,3.2577207463883826,-0.4709413436173815,0.052086302843720865,-22.110061174318986,18.463581526735535,0.3199398395208133,3.2524341209590903,-0.4710303645342644,0.06288134497384598,0.03
1.0,0.2,0.005,0.01,40,shrink,13,3.260733766901547,-0.46903636635711754,0.04568772720041341,-18.60189461777543,18.463581526735535,-1.0289201839697775,3.2614731824985834,-0.4653154327534724,0.04368561804392363,0.005
1.0,0.2,0.005,0.01,40,current,14,3.2611043196568716,-0.4662180457652663,0.05017943560701211,-20.264096901289296,19.582586589797685,1.5644572120407862,3.26534452646495,-0.4619716278625947,0.048205316337449775,0.03
1.0,0.2,0.005,0.01,40,kink,14,3.257338336682339,-0.465131606821916,0.05324873272451796,-19.07356255143601,19.582586589797685,1.5923956603402498,3.2540465775413514,-0.45871231103254373,0.057413207689967334,0.03
1.0,0.2,0.005,0.01,40,shrink,14,3.2598501768409776,-0.4699576604272831,0.05010349610897346,-29.747919558946325,19.582586589797685,-0.9820261385823357,3.2615820980172674,-0.4731904718486451,0.047977497843333834,0.005
1.0,0.2,0.005,0.01,40,current,15,3.262629323211535,-0.46355233401837864,0.04967783423230173,-20.14687922698516,17.86950240170392,1.686292085242103,3.2662569626455555,-0.46403757626091385,0.04620610429999302,0.03
1.0,0.2,0.005,0.01,40,kink,15,3.258258548091917,-0.46431342875930914,0.057614024635997414,-20.32505788952335,17.86950240170392,2.175425309268303,3.253144637286702,-0.4663208604837054,0.07001467551108007,0.03
1.0,0.2,0.005,0.01,40,shrink,15,3.2598877093493446,-0.4634003094034027,0.04845786087687918,-19.236429478758364,17.86950240170392,1.9854936201454787,3.2580321210589833,-0.4635815024159861,0.042546184233725345,0.005
1.0,0.2,0.005,0.01,40,current,16,3.2530822766975533,-0.46236025924123486,0.049694095225811995,-20.625202978579377,17.612819139573727,1.6375297715294002,3.2570825508751162,-0.46566041989501705,0.04939311001618688,0.03
1.0,0.2,0.005,0.01,40,kink,16,3.2489468808862125,-0.4585385126913935,0.04558058515442697,-21.225191329560243,17.612819139573727,1.331397500422312,3.2446763634410933,-0.454195180245493,0.037052579802031804,0.03
1.0,0.2,0.005,0.01,40,shrink,16,3.252472692818467,-0.4621653001820302,0.04841046125745883,-24.645809685907516,17.612819139573727,6.054654753675038,3.2552537992378574,-0.46507554271740315,0.045542208111127365,0.005
1.0,0.2,0.005,0.01,40,current,17,3.254467234822501,-0.46633517704627964,0.04612975283919285,-21.96479784745876,17.600479140805486,1.875859617030013,3.25556722159083,-0.460875103561729,0.048959067065089165,0.03
1.0,0.2,0.005,0.01,40,kink,17,3.246472703055518,-0.4658959936769164,0.050439213672452514,-23.46312360593733,17.600479140805486,2.748623818363911,3.231583626289879,-0.4595575534536392,0.06188744956486815,0.03
1.0,0.2,0.005,0.01,40,shrink,17,3.254283558748483,-0.4688693790090826,0.04963952567132867,-22.925858247047284,17.600479140805486,2.821983615996559,3.255016193368775,-0.4684777094501379,0.05948838556149663,0.005
1.0,0.2,0.005,0.01,40,current,18,3.2603375674368533,-0.4595692527308853,0.04772818103790377,-21.639751121337135,17.294562417549542,1.1872558221201772,3.265141294540807,-0.4644702116797174,0.056935619820143626,0.03
1.0,0.2,0.005,0.01,40,kink,18,3.256516439075813,-0.4560365688321197,0.04191350207640252,-18.64523096936721,17.294562417549542,1.8277086190800471,3.2536779094576858,-0.4538721599834205,0.039491582935639875,0.03
1.0,0.2,0.005,0.01,40,shrink,18,3.256459930929026,-0.45917382630063747,0.044908626464955005,-25.373118190933248,17.294562417549542,-1.215433639494084,3.253508385017324,-0.463283932388974,0.04847695610129733,0.005
1.0,0.2,0.005,0.01,40,current,19,3.2592009795952293,-0.4651499841999161,0.052560638018095684,-21.622871749734294,18.76721220769015,1.753083461264263,3.259872953345559,-0.4631921575651908,0.048520472578980164,0.03
1.0,0.2,0.005,0.01,40,kink,19,3.2640099310653947,-0.4676753166523688,0.04972247939135788,-19.18982123326817,18.76721220769015,0.8878641235592246,3.274299807756056,-0.4707681549225488,0.04000599669876673,0.03
1.0,0.2,0.005,0.01,40,shrink,19,3.262171387325754,-0.46821569030947,0.05217544906733556,-20.013750054740356,18.76721220769015,-1.1485003309719524,3.2687841765371357,-0.4723892758938525,0.04736490572669978,0.005
1.0,0.2,0.005,0.01,40,current,20,3.260850006505924,-0.46219157855014953,0.05180542444313554,-21.16770964002434,17.304384353096495,1.84546331765075,3.2591048928624122,-0.46855978360820677,0.049041587493044166,0.03
1.0,0.2,0.005,0.01,40,kink,20,3.2601881205258607,-0.45807968021087775,0.04896619480387963,-22.58255200097886,17.304384353096495,3.987029329212195,3.257119234922226,-0.45622408859039165,0.040523898575276454,0.03
1.0,0.2,0.005,0.01,40,shrink,20,3.257659334308812,-0.4595450534878925,0.055522132171864476,-15.41201338952007,17.304384353096495,-3.026629810313242,3.2495328762710782,-0.46062020842143575,0.060191710679231014,0.005
1.0,0.2,0.005,0.01,40,current,21,3.265001279769592,-0.466864950215558,0.0473146121679723,-19.95787613305088,18.16024571376999,2.5787770693040195,3.2692274790633116,-0.4581125020939706,0.05024082093450173,0.03
1.0,0.2,0.005,0.01,40,kink,21,3.2641279387528286,-0.4709867880714104,0.04732496500287706,-20.443709192362384,18.16024571376999,0.11093888675327235,3.266607456013021,-0.4704780156615278,0.050271879439216,0.03
1.0,0.2,0.005,0.01,40,shrink,21,3.260141926318934,-0.467531025367881,0.042178300890471386,-21.618776414588893,18.16024571376999,-0.20639203679721563,3.2546494187113373,-0.4601107275509395,0.034831887101998985,0.005
1.0,0.2,0.005,0.01,40,current,22,3.265470951659258,-0.4620820077698901,0.04656537807755242,-21.5726018620834,17.730575178329534,2.550302285875646,3.26299003153145,-0.4558788543684574,0.05207366104464434,0.03
1.0,0.2,0.005,0.01,40,kink,22,3.2684181056725037,-0.4686047142741306,0.047097441100122345,-20.475572233123923,17.730575178329534,-0.5950354010913337,3.2718314935711867,-0.47544697388117885,0.053669850112354096,0.03
1.0,0.2,0.005,0.01,40,shrink,22,3.2660064480489996,-0.46727253772755845,0.047212518633891476,-17.58988260927224,17.730575178329534,-2.814172289621717,3.2645965207006764,-0.4714504442414624,0.05401508271366151,0.005
1.0,0.2,0.005,0.01,40,current,23,3.2644777526073003,-0.46724607427747217,0.04831687299903731,-20.958392518002054,17.702150704591606,1.340824678943524,3.2672269403921494,-0.4718570148254993,0.05252629935893868,0.03
1.0,0.2,0.005,0.01,40,kink,23,3.266059964825832,-0.46570407601441516,0.045350350388589616,-20.42316177612213,17.702150704591606,1.2571682515801412,3.2719735770477434,-0.4672310200363282,0.04362673152759561,0.03
1.0,0.2,0.005,0.01,40,shrink,23,3.255314337816572,-0.4611767266165539,0.04842809706223685,-18.0992694987391,17.702150704591606,7.152534604410825,3.2397366960199645,-0.4536489718427446,0.0528599715485373,0.005
1.0,0.2,0.005,0.01,40,current,24,3.264154992175028,-0.4644552332638658,0.04614555349825781,-20.668679736974763,17.05444250883326,1.8803859421435767,3.2629643278269516,-0.4650501057159359,0.0457839115827384,0.03
1.0,0.2,0.005,0.01,40,kink,24,3.261094448892399,-0.46274611085229816,0.04031399202880149,-20.343994691408135,17.05444250883326,1.8493214278269188,3.2537826979790667,-0.4599227384812333,0.028289227174369443,0.03
1.0,0.2,0.005,0.01,40,shrink,24,3.2640915201235203,-0.4644232885870549,0.04482116845676768,-22.964860910422857,17.05444250883326,0.6113882220850808,3.26277391167243,-0.46495427168550324,0.041810756458268,0.005
1.0,0.2,0.005,0.01,40,current,25,3.257589262936404,-0.46786891607020564,0.054813907048251564,-20.465272152825833,17.940115547723835,1.2364384182027455,3.266422430296907,-0.4713819322704103,0.05269987408316986,0.03
1.0,0.2,0.005,0.01,40,kink,25,3.2533465958106955,-0.46754366390229024,0.0506558145595049,-21.88679793111177,17.940115547723835,2.2812216755233488,3.253694428919781,-0.47040617576666394,0.040225596616929885,0.03
1.0,0.2,0.005,0.01,40,shrink,25,3.255624040068163,-0.46699581459402967,0.052478267901649694,-22.2574591101643,17.940115547723835,-0.4625721413977373,3.260526761692184,-0.46876262784188244,0.04569295664336425,0.005
1.0,0.2,0.005,0.01,40,current,26,3.2608578679554934,-0.4673777629363542,0.041779609526588206,-20.658234089970083,18.598835319183372,1.7410947421250766,3.2698963279935116,-0.47197056083949646,0.04036331445263314,0.03
1.0,0.2,0.005,0.01,40,kink,26,3.2543221268520792,-0.46289772724231176,0.04117237214680782,-21.73310034900213,18.598835319183372,2.1574048987138386,3.25028910468327,-0.4585304537573691,0.03854160231329199,0.03
1.0,0.2,0.005,0.01,40,shrink,26,3.255540021912642,-0.46394681446007713,0.04649952006816177,-24.57113357329543,18.598835319183372,2.225903837745303,3.253942789864958,-0.46167771541066555,0.05452304607735385,0.005
1.0,0.2,0.005,0.01,40,current,27,3.261967825801753,-0.46329693166537617,0.04736138629850666,-22.44790619737371,17.50325510127279,2.6339888390028183,3.253402274555234,-0.45420565896152043,0.04614205153945093,0.03
1.0,0.2,0.005,0.01,40,kink,27,3.2608006849602895,-0.46811562913044896,0.04360195908822643,-21.972153321312526,17.50325510127279,1.9023992085640344,3.249900852030844,-0.46866175135673876,0.034863769908610245,0.03
1.0,0.2,0.005,0.01,40,shrink,27,3.264108517099487,-0.4677287023977847,0.0429658377982915,-21.09499304336498,17.50325510127279,3.145429759077546,3.2598243484484364,-0.4675009711587457,0.03295540603880546,0.005
1.0,0.2,0.005,0.01,40,current,28,3.260900964542015,-0.4657534453169599,0.048446302612735574,-20.789016974207488,18.46583632888525,1.2992822639566959,3.266770801661065,-0.46890541345832715,0.04523734007973106,0.03
1.0,0.2,0.005,0.01,40,kink,28,3.254993846982424,-0.4632592245180695,0.048296833222436664,-22.564740842277928,18.46583632888525,1.8737233865840235,3.2490494489822908,-0.46142275106165614,0.04478893190883434,0.03
1.0,0.2,0.005,0.01,40,shrink,28,3.258663807947917,-0.4675735505946581,0.051767359435063144,-27.576347020339846,18.46583632888525,-1.141598834367883,3.2600593318787703,-0.4743657292914218,0.055200510546713766,0.005
1.0,0.2,0.005,0.01,40,current,29,3.2608634328365596,-0.46427776585655617,0.049658930832553516,-20.56558364966676,17.154383433149142,1.913913142896414,3.2719292375938474,-0.4665308470463548,0.04744043167306826,0.03
1.0,0.2,0.005,0.01,40,kink,29,3.261857585723199,-0.46714092246438305,0.04681618089785347,-19.847391432935854,17.154383433149142,1.919974761239003,3.2749116962537648,-0.47512031686983547,0.03891218186896811,0.03
1.0,0.2,0.005,0.01,40,shrink,29,3.2565039333818753,-0.46287357416814695,0.049275223791519614,-19.21765454922572,17.154383433149142,1.2531156941397577,3.2588507392297967,-0.4623182719811272,0.04628931054996656,0.005
1.0,0.2,0.005,0.01,40,current,30,3.2556240243518797,-0.46352291584583744,0.049295810572802114,-21.293478960302597,19.291776118797877,2.2949190253478484,3.2565612910662463,-0.45997882433823856,0.055817794086478946,0.03
1.0,0.2,0.005,0.01,40,kink,30,3.256631896531088,-0.46234411561350014,0.046103137570424356,-21.595311249886255,19.291776118797877,3.9507738554234915,3.2595849076038723,-0.4564424236412268,0.04623977507934565,0.03
1.0,0.2,0.005,0.01,40,shrink,30,3.256800982983654,-0.46322894203926945,0.04322375424648911,-19.10692188577036,19.291776118797877,0.16231535743287395,3.2600921669615697,-0.4590969029185346,0.037601625107539935,0.005
1.0,0.2,0.005,0.01,40,current,31,3.262929889235309,-0.46659760074874024,0.046150257102076285,-20.86534696865116,18.42091409798918,1.2461744346991899,3.2657405034812474,-0.4703517258625042,0.05041049664081794,0.03
1.0,0.2,0.005,0.01,40,kink,31,3.2651317835398452,-0.46460913808843407,0.04716690943263092,-20.29842076195652,18.42091409798918,2.137811517834151,3.2723461863948553,-0.4643863378815855,0.05346045363248186,0.03
1.0,0.2,0.005,0.01,40,shrink,31,3.2611214779778375,-0.4642350114335527,0.04655414571750117,-19.142806130945587,18.42091409798918,1.2598092333966115,3.2603152697088325,-0.46326395791694164,0.0516221624870926,0.005
1.0,0.2,0.005,0.01,40,current,32,3.261836719895237,-0.46545635343912406,0.049772191316054974,-20.34947025568121,18.427972778710174,2.184508343415524,3.2661193381968117,-0.46325196566006743,0.035994870162619375,0.03
1.0,0.2,0.005,0.01,40,kink,32,3.2617227591333378,-0.4677604515682568,0.05535849143890207,-20.105540624121584,18.427972778710174,1.8297783929074998,3.2657774559111155,-0.4701642600474657,0.052753770531160676,0.03
1.0,0.2,0.005,0.01,40,shrink,32,3.2601045754712623,-0.465269052464571,0.05467848311023429,-23.53577141120846,18.427972778710174,4.413843707262219,3.2609229049248896,-0.4626900627364082,0.050713745545157306,0.005
1.0,0.2,0.005,0.01,40,current,33,3.259688308304529,-0.4615102304139512,0.04475997303023338,-20.36831623365491,16.38237718617372,1.5921028747385568,3.25565133401494,-0.46162848392951805,0.04952867150553863,0.03
1.0,0.2,0.005,0.01,40,kink,33,3.251672140358847,-0.4597226315167946,0.04700517450278945,-20.632105585581375,16.38237718617372,2.7789208293779786,3.2316028301778927,-0.4562656872380482,0.05626427592320685,0.03
1.0,0.2,0.005,0.01,40,shrink,33,3.25948893942905,-0.46201292966586704,0.046364147852709224,-16.727859059397808,16.38237718617372,1.1908548426143215,3.255053227388503,-0.4631365816852655,0.05434119597296617,0.005
1.0,0.2,0.005,0.01,40,current,34,3.26305090176321,-0.46746479582926764,0.05191895395296415,-21.946122188818666,16.948694646732925,0.5527609162956204,3.2584978872847716,-0.4731986492029848,0.05242835886007854,0.03
1.0,0.2,0.005,0.01,40,kink,34,3.2581387757101123,-0.4634030485082503,0.05099008674000474,-18.00497196491746,16.948694646732925,0.5750069149065282,3.243761509125479,-0.46101340723993284,0.04964175722120031,0.03
1.0,0.2,0.005,0.01,40,shrink,34,3.2666317850417994,-0.465095468596971,0.05113944369055932,-16.790604204858028,16.948694646732925,2.189703883848071,3.2692405371205404,-0.46609066750609485,0.05008982807286406,0.005
1.0,0.2,0.005,0.01,40,current,35,3.263760042740414,-0.4671589480960549,0.05025417407372176,-19.933529820110575,17.856029725911245,1.7215495245788872,3.2660709419151526,-0.4685460801077893,0.04918757206269299,0.03
1.0,0.2,0.005,0.01,40,kink,35,3.259203258806194,-0.47192772528670573,0.061402232397252045,-20.951022335197617,17.856029725911245,0.7406789688189912,3.2524005901124946,-0.4828524116797418,0.08263174703328385,0.03
1.0,0.2,0.005,0.01,40,shrink,35,3.2596218427210606,-0.4642751291393112,0.05196227411526503,-21.654862374546,17.856029725911245,2.948965349327738,3.253656341857093,-0.459894623237558,0.05431187218732281,0.005
1.0,0.2,0.005,0.01,40,current,36,3.265108194530864,-0.46398543426811845,0.045688556735590836,-19.82082546587514,17.2189646328909,1.6288405391854586,3.266744138971572,-0.4613751794123735,0.04834691319072961,0.03
1.0,0.2,0.005,0.01,40,kink,36,3.26372994022328,-0.46114658107891365,0.04674607404758632,-22.57633463447631,17.2189646328909,2.5026839248840513,3.262609376048819,-0.45285861984475906,0.051519465126716076,0.03
1.0,0.2,0.005,0.01,40,shrink,36,3.2624447052443046,-0.4653245019952676,0.04621230706081295,-24.0109118865135,17.2189646328909,4.986478100313452,3.2587536711118945,-0.4653923825938208,0.04991816416639598,0.005
1.0,0.2,0.005,0.01,40,current,37,3.260545063696913,-0.46546320203177083,0.049880652532339094,-21.747352245919664,17.704733525259567,2.4465277553566187,3.2632862702916614,-0.46356011051348356,0.04641688169627393,0.03
1.0,0.2,0.005,0.01,40,kink,37,3.253707610227938,-0.46088473640842853,0.050444887401495754,-23.451988049610613,17.704733525259567,2.9487657979106263,3.2427739098847352,-0.44982471364345666,0.04810958630374391,0.03
1.0,0.2,0.005,0.01,40,shrink,37,3.258536402515837,-0.4663536193032994,0.05074129266572825,-27.084009810286737,17.704733525259567,4.11278538989748,3.257260286748432,-0.46623136232806917,0.048998802096441404,0.005
1.0,0.2,0.005,0.01,40,current,38,3.2600375273325137,-0.4658592436727457,0.05308242616148919,-22.540541397956012,19.267303555659762,2.4383326853758103,3.2641007927870334,-0.46190718037333495,0.06304277798345517,0.03
1.0,0.2,0.005,0.01,40,kink,38,3.2619921683491704,-0.46951363242345234,0.049262448553263,-20.561618939246195,19.267303555659762,2.0432370877945223,3.2699647158370033,-0.4728703466254548,0.05158284515877659,0.03
1.0,0.2,0.005,0.01,40,shrink,38,3.255485993923243,-0.46437091985309803,0.04686605121431634,-25.04822252042224,19.267303555659762,5.657183386954813,3.250446192559222,-0.45744220891439197,0.04439365314193664,0.005
1.0,0.2,0.005,0.01,40,current,39,3.26499821538386,-0.46692790689790925,0.049663971863654316,-20.836382730625953,18.032799658308758,2.0872929145865613,3.2720526435652153,-0.4668538622097852,0.05391976319897101,0.03
1.0,0.2,0.005,0.01,40,kink,39,3.2603695509857773,-0.466988093668074,0.0511350542527457,-20.92657517434123,18.032799658308758,1.915812370342364,3.258166650370968,-0.4670344225202795,0.058333010366245164,0.03
1.0,0.2,0.005,0.01,40,shrink,39,3.265316867427328,-0.46663478285761034,0.04868893666913591,-23.905128049184903,18.032799658308758,1.569222876645033,3.273008599695617,-0.4659744900888886,0.0509946576154158,0.005
1.0,0.2,0.005,0.01,40,current,40,3.2618521965675225,-0.46329854450736013,0.04505537855566821,-21.68634934128949,17.428050687679356,2.304871152925126,3.2597436703299634,-0.4636964999332209,0.047121976520840866,0.03
1.0,0.2,0.005,0.01,40,kink,40,3.257056747448383,-0.4624043014973996,0.04151010429551612,-21.9552272092085,17.428050687679356,0.8248808320160277,3.2453573229725463,-0.4610137709033392,0.036486153740384594,0.03
1.0,0.2,0.005,0.01,40,shrink,40,3.2620518339870386,-0.46250812822832565,0.045345095644752836,-23.46412313233584,17.428050687679356,1.8762958044967821,3.260342582588511,-0.46132525109611733,0.04799112778809475,0.005
1.0,0.2,0.005,0.01,40,current,41,3.264576737854752,-0.46575924441626887,0.043726128900110246,-20.678682557663382,17.90436110766585,1.7502984388417246,3.2725575243545855,-0.4657273916400931,0.037828534713134535,0.03
1.0,0.2,0.005,0.01,40,kink,41,3.2571591648908815,-0.46408119070088155,0.04671208855313489,-22.578951370548438,17.90436110766585,2.127014435793018,3.2503048054629757,-0.46069323049393107,0.04678641367220847,0.03
1.0,0.2,0.005,0.01,40,shrink,41,3.261020353509892,-0.46608328985393516,0.0476713105421746,-15.455348467928198,17.90436110766585,-1.159295269192207,3.2618883713200058,-0.46669952795309194,0.04966407963932757,0.005
1.0,0.2,0.005,0.01,40,current,42,3.268602732692163,-0.46377841388497143,0.048717351082476046,-19.93171033908672,16.867920249529618,2.039073395575576,3.273589201588541,-0.4628856947573085,0.038430096585229716,0.03
1.0,0.2,0.005,0.01,40,kink,42,3.2601572836132227,-0.4639835202392244,0.05377336743033272,-24.221206790082107,16.867920249529618,1.8557274508312311,3.2482528543517186,-0.46350101382006725,0.05359814562879974,0.03
1.0,0.2,0.005,0.01,40,shrink,42,3.2641824556228687,-0.4639491315267393,0.05225819887881924,-22.74358558151799,16.867920249529618,0.5495031022425889,3.260328370380656,-0.46339784768261194,0.0490526399742593,0.005
1.0,0.2,0.005,0.01,40,current,43,3.2624352171225177,-0.463673502009109,0.04730141034446928,-21.159989528136446,17.882004201877358,2.4317384971680265,3.265185953807627,-0.4637388817917506,0.04438178766068713,0.03
1.0,0.2,0.005,0.01,40,kink,43,3.25552145482879,-0.46656686196265135,0.051234893324080266,-21.455110250489113,17.882004201877358,0.8328554558497236,3.244444666926442,-0.47241896165237757,0.05618223659952008,0.03
1.0,0.2,0.005,0.01,40,shrink,43,3.261046725204912,-0.4640184028039232,0.048867152963509686,-21.484191644999715,17.882004201877358,0.7906714604858316,3.2610204780548098,-0.46477358417619313,0.049079015517808335,0.005
1.0,0.2,0.005,0.01,40,current,44,3.253533402290754,-0.4619777534608092,0.047544910778511106,-20.851946625290363,19.467694901513692,1.0129249476911477,3.2552359707105967,-0.47148310645738534,0.04998556329509068,0.03
1.0,0.2,0.005,0.01,40,kink,44,3.2481044326642086,-0.45692844400820753,0.047726607941121935,-21.89303268538273,19.467694901513692,3.611142341330213,3.2389490618309633,-0.4563351780995802,0.05053065478292316,0.03
1.0,0.2,0.005,0.01,40,shrink,44,3.258020950106881,-0.45989242052239687,0.047855542885381075,-19.656873795695258,19.467694901513692,1.9280654087925715,3.2686986141589793,-0.4652271076421485,0.05091745961570056,0.005
1.0,0.2,0.005,0.01,40,current,45,3.254152070080325,-0.4635459859513018,0.05360804553449535,-21.4930509859827,17.5009642217985,1.9785644155574045,3.255750924889166,-0.4604543073933857,0.05036677202267978,0.03
1.0,0.2,0.005,0.01,40,kink,45,3.2488111712690713,-0.4629259490481128,0.05445925967189911,-20.343712563592028,17.5009642217985,2.97604514787921,3.239728228455405,-0.45859419668381884,0.05292041443489105,0.03
1.0,0.2,0.005,0.01,40,shrink,45,3.2562184882233054,-0.46431918689327806,0.04942574462898527,-20.92882027837472,17.5009642217985,2.9255720265423393,3.2619501793181067,-0.4627739102193146,0.03781986930614952,0.005
1.0,0.2,0.005,0.01,40,current,46,3.2663737837046463,-0.4664411042141466,0.05098398902678205,-20.719541098156263,17.628164425553585,1.9500389844806896,3.267080897456464,-0.4645515203666602,0.047892247515654185,0.03
1.0,0.2,0.005,0.01,40,kink,46,3.261010858534919,-0.46680682067677987,0.0508957619660445,-19.43117478219156,17.628164425553585,1.2256841884440477,3.250992121947282,-0.46564866975455993,0.04762756633344153,0.03
1.0,0.2,0.005,0.01,40,shrink,46,3.267043804087527,-0.4639069053058315,0.0488266919236737,-21.874174973374114,17.628164425553585,1.4536068746451594,3.2690909586051062,-0.45694892364171497,0.04142035620632914,0.005
1.0,0.2,0.005,0.01,40,current,47,3.2560690608441134,-0.46490140901671234,0.048869611269598,-21.39857517277243,18.82507384759636,1.3689765421501527,3.262871504990226,-0.4704491514588502,0.04258846696976047,0.03
1.0,0.2,0.005,0.01,40,kink,47,3.2550391485830956,-0.46673190028179007,0.05192091300565843,-18.420896826781252,18.82507384759636,0.41423807048225236,3.259781768207171,-0.47594062525408337,0.05174237217794175,0.03
1.0,0.2,0.005,0.01,40,shrink,47,3.2541193345541934,-0.4619276718093331,0.05325209985177653,-20.701266104612905,18.82507384759636,3.871096071211178,3.2570223261204667,-0.46152793983671225,0.05573593271629606,0.005
1.0,0.2,0.005,0.01,40,current,48,3.2572039987769217,-0.46034772275514907,0.0469187225547435,-21.230035158134502,17.293610292682004,2.7133928082601733,3.259032751019906,-0.45687590917923077,0.043305934571114514,0.03
1.0,0.2,0.005,0.01,40,kink,48,3.2568567959528494,-0.46064660153173387,0.04543564309024328,-17.296237020845872,17.293610292682004,1.0512132402891607,3.257991142547688,-0.45777254550898516,0.03885669617761388,0.03
1.0,0.2,0.005,0.01,40,shrink,48,3.2554996400101825,-0.46122171821979935,0.047914124198092156,-23.670284467122688,17.293610292682004,5.85866644695352,3.2539196747196883,-0.4594978955731817,0.046292139501160505,0.005
1.0,0.2,0.005,0.01,40,current,49,3.260463339736377,-0.4624900643670679,0.05039821430550523,-21.67378115415132,18.77645803067846,2.8125699446303507,3.259481895241724,-0.45951037106372805,0.05588206140896344,0.03
1.0,0.2,0.005,0.01,40,kink,49,3.254422014892757,-0.4659726910548217,0.05278838308519712,-21.631910301318587,18.77645803067846,1.0583509818447752,3.2413579207108665,-0.4699582511269894,0.0630525677480391,0.03
1.0,0.2,0.005,0.01,40,shrink,49,3.2610314441418,-0.46322954118814325,0.04663067788821724,-23.459425459595945,18.77645803067846,1.263964024456607,3.261186208457993,-0.461728801526954,0.04457945215709948,0.005
1.0,0.2,0.005,0.01,44,current,0,5.820606838289834,-0.6525917030287133,0.04362388099637749,-28.637287914478367,24.17653228920187,0.4945502421149468,5.828057115312169,-0.6498416467567248,0.03787278892510488,0.03
1.0,0.2,0.005,0.01,44,kink,0,5.81528873750343,-0.6486201258882414,0.04260794958566444,-27.53396360334228,24.17653228920187,2.727489145324962,5.812102812952954,-0.6379269153353091,0.034824994692965704,0.03
1.0,0.2,0.005,0.01,44,shrink,0,5.8107045306121705,-0.6523795524923409,0.05061551100799148,-34.84209561352236,24.17653228920187,4.896900034320131,5.798350192279177,-0.6492051951476074,0.058847678959946824,0.005
1.0,0.2,0.005,0.01,44,current,1,5.797996523933037,-0.6350079874234208,0.041992088582170066,-28.97923328815237,26.426018531295036,1.8861692639420413,5.826531465447633,-0.6490684651406657,0.054904096365553254,0.03
1.0,0.2,0.005,0.01,44,kink,1,5.787792607773991,-0.6344979329672803,0.039921866180374486,-32.581823186331064,26.426018531295036,0.56594592871856,5.795919716970492,-0.6475383017722438,0.04869342916016652,0.03
1.0,0.2,0.005,0.01,44,shrink,1,5.796046971791117,-0.637332190520515,0.03443527224092264,-24.86116375590051,26.426018531295036,1.12479187607157,5.820682809021873,-0.6560410744319484,0.032233647341810986,0.005
1.0,0.2,0.005,0.01,44,current,2,5.811550298036596,-0.6530168726661042,0.04055985274603252,-28.673768778572768,24.33161488871027,0.9325283639185742,5.820795957126953,-0.6466893564971576,0.03550972980372745,0.03
1.0,0.2,0.005,0.01,44,kink,2,5.8068122697621645,-0.6540279292615074,0.04893801158539177,-32.81052663727024,24.33161488871027,1.8655477359431547,5.806581872303659,-0.6497225262833675,0.06064420632180521,0.03
1.0,0.2,0.005,0.01,44,shrink,2,5.801091189094763,-0.6501267015370513,0.04306168165042973,-30.890003811360597,24.33161488871027,1.1042807177595757,5.789418630301458,-0.6380188431099995,0.043015216516919086,0.005
1.0,0.2,0.005,0.01,44,current,3,5.821125245029229,-0.6528001635252778,0.04508305120559872,-29.189688520912703,23.798697460093607,0.5005532775282611,5.8277027242094555,-0.6560476647791796,0.046036252470554415,0.03
1.0,0.2,0.005,0.01,44,kink,3,5.816695028960463,-0.6485144977734048,0.04291624634088085,-26.298254681997108,23.798697460093607,2.2304188998862142,5.814412076003157,-0.6431906675235605,0.03953583787640083,0.03
1.0,0.2,0.005,0.01,44,shrink,3,5.817666044310872,-0.6507404798949629,0.043890151123011506,-30.193592016392984,23.798697460093607,1.970878403687042,5.817325122054386,-0.6498686138882349,0.0424575522227928,0.005
1.0,0.2,0.005,0.01,44,current,4,5.815540396515584,-0.6540834678861756,0.04869934239469609,-30.691185271957497,22.442638928166748,1.83865845780286,5.821750918120204,-0.6500165334430507,0.059371730725787955,0.03
1.0,0.2,0.005,0.01,44,kink,4,5.805601526826234,-0.6526659938681519,0.04341262042503374,-32.25963755345728,22.442638928166748,1.9186590079876518,5.791934309052152,-0.6457641113889797,0.04351156481680094,0.03
1.0,0.2,0.005,0.01,44,shrink,4,5.810509954331451,-0.6552798780596284,0.04474775043801974,-24.777273868719966,22.442638928166748,1.2072509383891044,5.806659591567801,-0.6536057639634091,0.04751695485575893,0.005
1.0,0.2,0.005,0.01,44,current,5,5.8129176258021085,-0.649828940732967,0.04640582598127383,-28.9156867902278,23.54362953256092,1.1663282620793025,5.826332032680424,-0.6502992529393935,0.05006840488515225,0.03
1.0,0.2,0.005,0.01,44,kink,5,5.808046144141659,-0.6479932829434552,0.04372933407048705,-31.35065108992926,23.54362953256092,2.9394228658146915,5.811717587699072,-0.6447922795708579,0.04203892915279188,0.03
1.0,0.2,0.005,0.01,44,shrink,5,5.8110420944478784,-0.649620793753928,0.042618650458906844,-30.547700882123078,23.54362953256092,3.9639601691930393,5.8207054386177335,-0.6496748120022766,0.038706878318051266,0.005
1.0,0.2,0.005,0.01,44,current,6,5.8206933936598135,-0.6466806528215424,0.04063376095771735,-28.45327561983669,24.152640116883617,2.56589820454513,5.831361002321668,-0.640804033942088,0.04239343996557495,0.03
1.0,0.2,0.005,0.01,44,kink,6,5.8053749545886015,-0.6490686374548683,0.04525634973403905,-33.19326328635366,24.152640116883617,2.177193349868629,5.78540568510803,-0.6479679878420652,0.05626120629454005,0.03
1.0,0.2,0.005,0.01,44,shrink,6,5.812361932026456,-0.6490148465066173,0.03806422618731687,-36.85508079020381,24.152640116883617,4.28819968005873,5.806366617421594,-0.6478066149973126,0.03468483565437351,0.005
1.0,0.2,0.005,0.01,44,current,7,5.813345288021103,-0.6480313484051924,0.047194507516924646,-27.77614756195785,26.110348685092617,1.2078387145756257,5.826021151745997,-0.6568793104543805,0.04936314294278141,0.03
1.0,0.2,0.005,0.01,44,kink,7,5.812555984031198,-0.6371914604658376,0.041149863290915155,-29.47480779937886,26.110348685092617,4.748115135275753,5.823653239776283,-0.6243596466363165,0.031229210264752918,0.03
1.0,0.2,0.005,0.01,44,shrink,7,5.81097146935016,-0.6473440510190441,0.042919874918274904,-33.555502792611684,26.110348685092617,4.639931972714394,5.818899695733168,-0.6548174182959359,0.03653924514683216,0.005
1.0,0.2,0.005,0.01,44,current,8,5.818158153860677,-0.6458306110645707,0.041053000400814894,-29.82962833734617,26.1945502526838,1.505450463848569,5.825953725938202,-0.6468457092618336,0.04452866448225013,0.03
1.0,0.2,0.005,0.01,44,kink,8,5.813491315260522,-0.6496280876677468,0.04709173362443992,-30.034519091329003,26.1945502526838,0.2220346821381447,5.811953210137737,-0.6582381390713616,0.06264486415312522,0.03
1.0,0.2,0.005,0.01,44,shrink,8,5.812524025552783,-0.6450894498685859,0.04439316275263593,-25.896547501968,26.1945502526838,3.232451443232631,5.80905134101452,-0.6446222256738785,0.05454915153771324,0.005
1.0,0.2,0.005,0.01,44,current,9,5.820573355489292,-0.6519160149208426,0.039793763073504,-28.143841773164663,23.328299793541028,2.880799508765587,5.8325740260147105,-0.6492806446314419,0.04003162336407807,0.03
1.0,0.2,0.005,0.01,44,kink,9,5.814307271123364,-0.6513957816654488,0.044119910872070046,-28.45889434952685,23.328299793541028,2.3670889071585712,5.813775772916926,-0.6477199448652603,0.053010066759776216,0.03
1.0,0.2,0.005,0.01,44,shrink,9,5.813715295607575,-0.6494935039109264,0.04575100214618353,-22.589448174893114,23.328299793541028,-0.0016429084755971157,5.811999846369557,-0.6420131116016934,0.05790334058211667,0.005
1.0,0.2,0.005,0.01,44,current,10,5.814909628177932,-0.6505702168710759,0.05294410757658641,-31.510910128462754,23.56097274003875,1.8492420091252253,5.802859204943253,-0.6480801063283292,0.053644178465010336,0.03
1.0,0.2,0.005,0.01,44,kink,10,5.812661984347513,-0.6507335360022606,0.04931798737108801,-31.04443508333523,23.56097274003875,1.7890829907981574,5.796116273451997,-0.6485700637218835,0.042765817848515165,0.03
1.0,0.2,0.005,0.01,44,shrink,10,5.817684701982878,-0.6533252398927192,0.05177590553597398,-28.48027801950099,23.56097274003875,-2.290020865458577,5.8111844263580945,-0.6563451753932594,0.05013957234317307,0.005
1.0,0.2,0.005,0.01,44,current,11,5.816192149735773,-0.6444403978324796,0.041237873191105466,-29.705352182949138,26.192199109882498,2.4048313460885313,5.8343116146217495,-0.6373631044419833,0.035770855195071186,0.03
1.0,0.2,0.005,0.01,44,kink,11,5.807886227734033,-0.6492715820489664,0.041585611945645834,-30.698056151632745,26.192199109882498,2.41951399323404,5.809393848616529,-0.6518566570914436,0.03681407145869229,0.03
1.0,0.2,0.005,0.01,44,shrink,11,5.805587780736346,-0.648393640851411,0.04785544409777353,-36.22455416244228,26.192199109882498,4.091423570780328,5.80249850762347,-0.6492228334987773,0.055623567915075375,0.005
1.0,0.2,0.005,0.01,44,current,12,5.807152043033548,-0.646147723487383,0.035626452892542175,-29.92862218226475,25.18806190181278,1.7712674559308572,5.81634835961824,-0.6449444188758267,0.037738498053500505,0.03
1.0,0.2,0.005,0.01,44,kink,12,5.807336912308249,-0.6508545444798606,0.03597685092957805,-31.876673765067753,25.18806190181278,0.8792863582382258,5.816902967442341,-0.6590648818532588,0.03878969216460813,0.03
1.0,0.2,0.005,0.01,44,shrink,12,5.800758168847811,-0.649856723861293,0.03613899785480814,-35.973498601188865,25.18806190181278,-6.510533718851127,5.79716673706103,-0.6560714199975564,0.03927613294029839,0.005
1.0,0.2,0.005,0.01,44,current,13,5.815745152494745,-0.6534190477061227,0.050312107004912454,-28.53082462561679,25.550444762400303,0.42399561843600897,5.821320584216246,-0.6582006115068328,0.050957463255348424,0.03
1.0,0.2,0.005,0.01,44,kink,13,5.812021982962716,-0.6467898268631843,0.03987084127055445,-30.80886672132598,25.550444762400303,2.050061409514049,5.810151075620159,-0.6383129489780175,0.01963366605227443,0.03
1.0,0.2,0.005,0.01,44,shrink,13,5.8050878497507945,-0.6501113747760722,0.0490751361183317,-31.801006788081267,25.550444762400303,-1.7631813292190135,5.789348675984393,-0.6482775927166808,0.04724655059560616,0.005
1.0,0.2,0.005,0.01,44,current,14,5.812625021103369,-0.6463116346042721,0.04323719560322225,-28.206122943385182,25.73821502729671,1.7410502349298635,5.8232287069502195,-0.6522404508517189,0.04831616310958002,0.03
1.0,0.2,0.005,0.01,44,kink,14,5.803056237718103,-0.6486292293974979,0.04733198680065228,-29.801074814925123,25.73821502729671,1.353989660951879,5.794522356794419,-0.659193235231396,0.0606005367018701,0.03
1.0,0.2,0.005,0.01,44,shrink,14,5.805286168603058,-0.6469692085356827,0.042353381148770186,-22.028754131707217,25.73821502729671,4.838269271132093,5.801212149449288,-0.6542131726459505,0.04566471974622383,0.005
1.0,0.2,0.005,0.01,44,current,15,5.8149696089695135,-0.6504668837329582,0.050404569136405376,-30.453004263621093,25.44118183612036,1.4065086916695204,5.824506686717731,-0.6509907155707294,0.03549547214835126,0.03
1.0,0.2,0.005,0.01,44,kink,15,5.808535358181785,-0.6474781220287377,0.05045441868397755,-30.643771766790284,25.44118183612036,1.2751599148522936,5.805203934354545,-0.6420244304580675,0.03564502079106778,0.03
1.0,0.2,0.005,0.01,44,shrink,15,5.8116162063261845,-0.6467244608214008,0.05639181690392528,-29.54294816808028,25.44118183612036,-0.5573375639235738,5.814446478787745,-0.6397634468360567,0.05345721545091095,0.005
1.0,0.2,0.005,0.01,44,current,16,5.814015361253756,-0.6453400770078046,0.04565904092518915,-29.696391594815395,24.396791438257967,2.065422586511442,5.813197574448605,-0.6387431965125729,0.0460855690759382,0.03
1.0,0.2,0.005,0.01,44,kink,16,5.804553913465405,-0.6473145001363045,0.04707879128845021,-30.474052580700572,24.396791438257967,1.764351315335566,5.784813231083549,-0.6446664658980729,0.05034482016572139,0.03
1.0,0.2,0.005,0.01,44,shrink,16,5.818883887778786,-0.6511256827900987,0.04539235341080553,-37.178554332422394,24.396791438257967,6.845206037571111,5.8278031540236945,-0.6561000138594555,0.04528550653278737,0.005
1.0,0.2,0.005,0.01,44,current,17,5.818802691447641,-0.6523361044365037,0.049564179406883756,-28.193825182128244,24.572120136422853,0.7884036373592804,5.828906489001444,-0.6545222649494776,0.044633601971524904,0.03
1.0,0.2,0.005,0.01,44,kink,17,5.81690959158248,-0.6470954666610155,0.05292232366724808,-28.645574188506128,24.572120136422853,3.0343991794256446,5.823227189405962,-0.6388003516230131,0.05470803475261789,0.03
1.0,0.2,0.005,0.01,44,shrink,17,5.817056991860674,-0.650799683491232,0.04955800788567772,-28.157600710425662,24.572120136422853,4.316840582523184,5.823669390240541,-0.6499130021136624,0.04461508740790682,0.005
1.0,0.2,0.005,0.01,44,current,18,5.816535930920897,-0.6482940339939814,0.039241272573958846,-30.880987201300012,24.373433173315806,1.3546654827474038,5.81520659893044,-0.6534411548278345,0.04230969772305999,0.03
1.0,0.2,0.005,0.01,44,kink,18,5.816661676366998,-0.6484455858084055,0.04713379291094388,-29.287996497003736,24.373433173315806,2.184897826831204,5.8155838352687415,-0.6538958102711064,0.06598725873401506,0.03
1.0,0.2,0.005,0.01,44,shrink,18,5.817994403698049,-0.6460875030334564,0.04000031391777604,-27.359816120088293,24.373433173315806,5.314161596574546,5.819582017261893,-0.6468215619462594,0.044586821754511584,0.005
1.0,0.2,0.005,0.01,44,current,19,5.8190574828472394,-0.6486505320952226,0.045986020028712125,-30.096655272374882,23.935276378780635,1.683018561739283,5.818887975292111,-0.6506236911409529,0.0515356158891225,0.03
1.0,0.2,0.005,0.01,44,kink,19,5.819772322277761,-0.6476894921816561,0.04092217033531732,-26.357353878506373,23.935276378780635,0.7310915608484807,5.821032493583675,-0.6477405714002532,0.03634406680893808,0.03
1.0,0.2,0.005,0.01,44,shrink,19,5.817624587579348,-0.6470724982897905,0.0407824991825741,-44.01641765679979,23.935276378780635,-1.300575550982242,5.814589289488434,-0.6458895897246567,0.035925053350708405,0.005
1.0,0.2,0.005,0.01,44,current,20,5.822265107082174,-0.6452196463750807,0.04181392702864254,-29.06542709283993,20.548663353786903,1.0776914021494464,5.825156476782038,-0.6577770273654008,0.050765973015069486,0.03
1.0,0.2,0.005,0.01,44,kink,20,5.817278290922386,-0.6398131270775455,0.04112421192891131,-29.807617170599077,20.548663353786903,3.513346014967583,5.810196028302678,-0.6415574694727949,0.048696827715875794,0.03
1.0,0.2,0.005,0.01,44,shrink,20,5.8220834075348025,-0.6404310784821899,0.03776327819381187,-28.773949351194148,20.548663353786903,2.0632382818307793,5.824611378139924,-0.6434113236867285,0.03861402651057746,0.005
1.0,0.2,0.005,0.01,44,current,21,5.816147131038346,-0.6513388455277307,0.044861938289223684,-28.52850459992263,25.740634347150817,2.363782756621464,5.8266144879670945,-0.6384938998502002,0.03900547511967292,0.03
1.0,0.2,0.005,0.01,44,kink,21,5.815922490174699,-0.6577406734934903,0.049350486505963416,-29.07235617411082,25.740634347150817,1.0770307818469491,5.82594056537615,-0.6576993837474789,0.052471119769892126,0.03
1.0,0.2,0.005,0.01,44,shrink,21,5.814866043285975,-0.6597349075678154,0.045326076800923217,-33.005592475757176,25.740634347150817,4.764190614182985,5.822771224709979,-0.6636820859704542,0.040397890654771534,0.005
1.0,0.2,0.005,0.01,44,current,22,5.821394767649444,-0.6499081066738979,0.04877271181827666,-27.92156287921539,24.059569351753172,0.8264357964626078,5.8329289634961,-0.6472993906286606,0.03869407730196392,0.03
1.0,0.2,0.005,0.01,44,kink,22,5.809892087234765,-0.6423575138954616,0.04546662437595909,-26.834943292173612,24.059569351753172,2.9592274322904597,5.798420922252064,-0.6246476122933519,0.0287758149750112,0.03
1.0,0.2,0.005,0.01,44,shrink,22,5.81467710506013,-0.6479073495198734,0.050321246486061504,-37.9077210939911,24.059569351753172,1.3157721866018655,5.812775975728156,-0.6412971191665873,0.04333968130531845,0.005
1.0,0.2,0.005,0.01,44,current,23,5.804238589923744,-0.6422922745208492,0.04704490602724184,-29.805526165067548,25.38552462810248,0.8806187246776239,5.816871685041787,-0.6494494059108689,0.04131774192870022,0.03
1.0,0.2,0.005,0.01,44,kink,23,5.802996221078941,-0.6423532386709456,0.05318100169510905,-25.92751921683083,25.38552462810248,-3.656662594378971,5.813144578507376,-0.6496322983611579,0.05972602893230187,0.03
1.0,0.2,0.005,0.01,44,shrink,23,5.803937691430622,-0.640529585663264,0.0432726024239074,-27.393478239945985,25.38552462810248,5.66045622594377,5.815968989562419,-0.644161339338113,0.030000831118696933,0.005
1.0,0.2,0.005,0.01,44,current,24,5.809342642940824,-0.652050689786203,0.04363276082400206,-30.372385171863396,26.401600334730986,-0.5983518766800568,5.810474093887245,-0.6568769125002012,0.047377480220877184,0.03
1.0,0.2,0.005,0.01,44,kink,24,5.809369058252156,-0.6506449645648053,0.046142325075567064,-30.58788476881932,26.401600334730986,0.7884834500281481,5.810553339821238,-0.6526597368360079,0.05490617297557218,0.03
1.0,0.2,0.005,0.01,44,shrink,24,5.808665864519299,-0.6511845005688816,0.04568096542079516,-26.91720283179336,26.401600334730986,-7.768511294334369,5.808443758622667,-0.6542783448482367,0.05352209401125646,0.005
1.0,0.2,0.005,0.01,44,current,25,5.818643655700633,-0.6516631255523011,0.0443663023984431,-28.481029001315026,23.4742055888692,2.0043238188806978,5.827344763361981,-0.6501987388362082,0.043082290944527195,0.03
1.0,0.2,0.005,0.01,44,kink,25,5.807673256817734,-0.6479992875897235,0.04636408381154811,-33.955143113716005,23.4742055888692,2.557533922615788,5.794433566713285,-0.6392072249484754,0.049075635183842226,0.03
1.0,0.2,0.005,0.01,44,shrink,25,5.817504941737977,-0.6479724201306128,0.046384346895222715,-24.914334018354992,23.4742055888692,4.4382494996960045,5.823928621474015,-0.6391266225711436,0.04913642443486604,0.005
1.0,0.2,0.005,0.01,44,current,26,5.809697207983717,-0.6481957872205966,0.043926195126076616,-31.407562144579366,24.044337492511495,2.1108693452537315,5.7962478042254055,-0.6430022611084805,0.054342856472607455,0.03
1.0,0.2,0.005,0.01,44,kink,26,5.805589903370513,-0.6432627650522998,0.04216252009880398,-31.88198088798297,24.044337492511495,4.38870418793403,5.783925890385791,-0.6282031946035903,0.04905183139078957,0.03
1.0,0.2,0.005,0.01,44,shrink,26,5.813924239174534,-0.6480275355528861,0.03793062697664975,-32.16218619124348,24.044337492511495,0.807114214590865,5.8089288977978555,-0.6424975061053488,0.03635615202432685,0.005
1.0,0.2,0.005,0.01,44,current,27,5.821101958713128,-0.6452090552417896,0.04416365869643829,-29.636722488842565,23.642963690440517,1.7852915884911227,5.82527820093891,-0.6549456414694182,0.03750206474552245,0.03
1.0,0.2,0.005,0.01,44,kink,27,5.811186264822607,-0.6373529107337536,0.04140910226860733,-27.64434140344722,23.642963690440517,4.2414049746025135,5.795531119267345,-0.6313772079453099,0.02923839546202956,0.03
1.0,0.2,0.005,0.01,44,shrink,27,5.81783477973564,-0.639818260685245,0.04663687631311253,-34.14613055223495,23.642963690440517,3.3664979998877733,5.815476664006446,-0.6387732577997846,0.04492171759554518,0.005
1.0,0.2,0.005,0.01,44,current,28,5.811473106296899,-0.6488048543328448,0.05381949835601852,-30.33032612996641,25.565856935617532,1.6551027125585094,5.8048000308310455,-0.6469581832997623,0.05085146752710224,0.03
1.0,0.2,0.005,0.01,44,kink,28,5.789707382942196,-0.6515300206282789,0.055613805443739166,-34.841600756307116,25.565856935617532,-0.945769713313201,5.739502860766935,-0.6551336821860644,0.05623438879026417,0.03
1.0,0.2,0.005,0.01,44,shrink,28,5.810850647484955,-0.6492751767372259,0.05017056415245589,-16.648109512709475,25.565856935617532,-4.287722770448048,5.802932654395211,-0.6483691505129058,0.03990466491641437,0.005
1.0,0.2,0.005,0.01,44,current,29,5.811981063331111,-0.6493727924918979,0.041074714568547575,-29.194626522225345,24.57834549268345,1.3715688721503763,5.820567779646312,-0.6482489492503577,0.04062277597826239,0.03
1.0,0.2,0.005,0.01,44,kink,29,5.806483693950574,-0.6493232719071743,0.04570779888827,-26.423361531453395,24.57834549268345,1.4079480371567552,5.804075671504699,-0.6481003874961869,0.054522028937429655,0.03
1.0,0.2,0.005,0.01,44,shrink,29,5.803780261793619,-0.6501028887399293,0.040869161683582046,-43.828155250332294,24.57834549268345,-1.6520506576830678,5.795965375033838,-0.6504392379944518,0.04000611732336579,0.005
1.0,0.2,0.005,0.01,44,current,30,5.816036721704152,-0.6509948934400184,0.04501138670580398,-28.13129685284535,25.75174451647982,1.6231128281397362,5.832984338680838,-0.6494071860934206,0.03732897704295801,0.03
1.0,0.2,0.005,0.01,44,kink,30,5.807081797066594,-0.657116631318255,0.048394295204592354,-32.42970611447165,25.75174451647982,0.7922036005310307,5.806119564768163,-0.6677723997281305,0.04747770253932314,0.03
1.0,0.2,0.005,0.01,44,shrink,30,5.808499653623728,-0.6484422981634648,0.04398388443990183,-35.45743860799078,25.75174451647982,4.695037483494222,5.810373134439564,-0.6417494002637596,0.03424647024525155,0.005
1.0,0.2,0.005,0.01,44,current,31,5.8149208643351535,-0.6575070352120266,0.04730947769667144,-30.58366183008659,24.794088848798097,0.6584518388715774,5.804677914037048,-0.6605889615369455,0.04982260392034128,0.03
1.0,0.2,0.005,0.01,44,kink,31,5.8165225994415595,-0.6526929647913214,0.04658830953902787,-31.65954575686294,24.794088848798097,-1.657701511014866,5.809483119356266,-0.6461467502748302,0.047659099447410584,0.03
1.0,0.2,0.005,0.01,44,shrink,31,5.816532507180889,-0.6482968536573049,0.04584202972530264,-35.48783383034487,24.794088848798097,18.99943533699985,5.809512842574255,-0.6329584168727804,0.04542026000623487,0.005
1.0,0.2,0.005,0.01,44,current,32,5.810877641054901,-0.6507617788257246,0.041354397436155016,-30.57534847910395,24.256369820136,1.1123661814040093,5.809578679762546,-0.6574195655289672,0.05196568231680735,0.03
1.0,0.2,0.005,0.01,44,kink,32,5.814431787180926,-0.6475131634512116,0.0317282342476952,-32.59679826089675,24.256369820136,1.7024716010479874,5.820241118140618,-0.647673719405428,0.02308719275142791,0.03
1.0,0.2,0.005,0.01,44,shrink,32,5.811417491476461,-0.6459465834364725,0.03816067673734473,-38.81867513564774,24.256369820136,4.174439162554274,5.811198231027224,-0.6429739793612109,0.04238452022037649,0.005
1.0,0.2,0.005,0.01,44,current,33,5.8161485651295015,-0.6520992134776763,0.03680049524830507,-29.32861059322739,24.452072592004995,0.10954866102610517,5.818902943268973,-0.6571066939471487,0.03643974321296876,0.03
1.0,0.2,0.005,0.01,44,kink,33,5.816496989905082,-0.6464965942408819,0.043771270844792376,-28.374550540255388,24.452072592004995,1.6994130704146857,5.819948217595715,-0.6402988362367656,0.05735207000243065,0.03
1.0,0.2,0.005,0.01,44,shrink,33,5.809290747800194,-0.6454169344064583,0.04131003657990335,-35.19632666251769,24.452072592004995,4.394030565691679,5.79832949128105,-0.6370598567334951,0.04996836720776357,0.005
1.0,0.2,0.005,0.01,44,current,34,5.815048025013323,-0.6437258343336155,0.04585072478379449,-31.185975639135652,24.821709736482052,2.286648687474262,5.813076899621614,-0.6368469541980695,0.05240113655349887,0.03
1.0,0.2,0.005,0.01,44,kink,34,5.821802363313917,-0.6544683966180463,0.04686828474723422,-26.632099778646875,24.821709736482052,0.7740807805218102,5.833339914523392,-0.6690746410513622,0.05545381644381806,0.03
1.0,0.2,0.005,0.01,44,shrink,34,5.809650885342137,-0.6437901745861042,0.04700720368478687,-24.175370993616635,24.821709736482052,-1.9737947259118458,5.796885480608053,-0.6370399749555357,0.055870573256476014,0.005
1.0,0.2,0.005,0.01,44,current,35,5.805336641308607,-0.6491345484864773,0.04841794258479986,-30.80997190807473,26.06844816948646,1.5259161527058798,5.812225752252327,-0.650628730772717,0.051056014776406755,0.03
1.0,0.2,0.005,0.01,44,kink,35,5.808700591609122,-0.6522631567040781,0.045685637729547396,-26.305791330025112,26.06844816948646,2.067179976650648,5.8223176031538735,-0.6600145554255191,0.04285910021064938,0.03
1.0,0.2,0.005,0.01,44,shrink,35,5.808571881490582,-0.6506318232679048,0.04734693676580337,-27.924454259448357,26.06844816948646,-4.318607762803623,5.821931472798253,-0.6551205551169996,0.047842997319417296,0.005
1.0,0.2,0.005,0.01,44,current,36,5.8197560702409845,-0.6514373736465009,0.044636986882599095,-27.370441862684316,23.177634035228802,1.6041460316760021,5.831686817234083,-0.6555713805773129,0.04770902004730297,0.03
1.0,0.2,0.005,0.01,44,kink,36,5.80928918834785,-0.6515050928064262,0.04411223370036996,-29.00711718474423,23.177634035228802,2.2491482887165892,5.80028617155468,-0.6557745380570889,0.04613476050061556,0.03
1.0,0.2,0.005,0.01,44,shrink,36,5.811445163704036,-0.6487971452911342,0.042957115070216906,-34.19928123856943,23.177634035228802,0.7547402618636898,5.806754097623237,-0.6476506955112129,0.042669404610156406,0.005
1.0,0.2,0.005,0.01,44,current,37,5.805729979845032,-0.6484418254785899,0.048674194401701475,-30.804077454448336,26.491336654790835,1.708270717717024,5.810430892296767,-0.6453443795326842,0.05118577496880737,0.03
1.0,0.2,0.005,0.01,44,kink,37,5.807251932487257,-0.651309474549341,0.04614119546846291,-28.11903960637564,26.491336654790835,1.0537255947689574,5.81499675022344,-0.6539473267449376,0.04358677816909169,0.03
1.0,0.2,0.005,0.01,44,shrink,37,5.806663481035389,-0.6488617212951592,0.04678193729303784,-33.21321476544047,26.491336654790835,4.271084131445628,5.813231395867835,-0.6466040669823921,0.045509003642816466,0.005
1.0,0.2,0.005,0.01,44,current,38,5.8059876156109995,-0.6463485278430298,0.04905005637117906,-30.11940141802765,25.393245684487347,2.126144735099197,5.813041145630753,-0.6460870167601837,0.05140904104032273,0.03
1.0,0.2,0.005,0.01,44,kink,38,5.803011411401267,-0.6465026271791694,0.05206876198541014,-29.58574951002893,25.393245684487347,2.4863901896387652,5.80411253300155,-0.6465493147686027,0.060465157883015985,0.03
1.0,0.2,0.005,0.01,44,shrink,38,5.7996171507290795,-0.6425281243753047,0.04853146260015995,-32.46705146529367,25.393245684487347,7.25866605700914,5.793929750984989,-0.6346258063570086,0.049853259727265384,0.005
1.0,0.2,0.005,0.01,44,current,39,5.820516813352779,-0.6498696299584978,0.049134366208270164,-27.278753983605398,26.322915843832114,1.8379198966891537,5.8330627730678515,-0.6481253994961941,0.0416502208729286,0.03
1.0,0.2,0.005,0.01,44,kink,39,5.816214645635096,-0.6507500907377073,0.04672755823952476,-32.44126411567529,26.322915843832114,1.5324606429340415,5.820156269914803,-0.6507667818338222,0.034429796966692364,0.03
1.0,0.2,0.005,0.01,44,shrink,39,5.8140384180133715,-0.6510327463498685,0.04842676012704788,-31.107223214027833,26.322915843832114,1.449873872397097,5.813627587049629,-0.6516147486703059,0.039527402629261715,0.005
1.0,0.2,0.005,0.01,44,current,40,5.810537422433003,-0.6474407474413278,0.042472560765434576,-29.316213865294568,25.275627121139912,2.0001028313637077,5.818743542917862,-0.6505327934733197,0.04662884964071892,0.03
1.0,0.2,0.005,0.01,44,kink,40,5.804498183446589,-0.6488685709620547,0.044102796055815165,-32.179179762496766,25.275627121139912,2.10148125131015,5.800625825958619,-0.6548162640355005,0.0515195555118607,0.03
1.0,0.2,0.005,0.01,44,shrink,40,5.807346068296218,-0.6503386393062315,0.043494323320183916,-36.576842417959995,25.275627121139912,1.2694184936792086,5.809169480507506,-0.6592264690680308,0.049694137304966954,0.005
1.0,0.2,0.005,0.01,44,current,41,5.814466005819953,-0.6417518278761293,0.047318324723464034,-29.28405401796075,25.765595109002593,0.9093844101369303,5.814174914977824,-0.6461767600927222,0.05654811443330926,0.03
1.0,0.2,0.005,0.01,44,kink,41,5.808319610920599,-0.6418491396000939,0.044330004267478844,-31.597411869824022,25.765595109002593,1.3827218043897334,5.795735730279758,-0.6464686952646161,0.04758315306535368,0.03
1.0,0.2,0.005,0.01,44,shrink,41,5.814604900253286,-0.6450119519905256,0.04193106251718973,-31.365336439092,25.765595109002593,-3.5005473995529286,5.814591598277822,-0.6559571324359115,0.040386327814486325,0.005
1.0,0.2,0.005,0.01,44,current,42,5.8154558961165845,-0.6537044788710283,0.04532340524191086,-30.882879425555664,24.111249958878535,0.9557623098671795,5.812233004144585,-0.6515812235982394,0.049925323497453204,0.03
1.0,0.2,0.005,0.01,44,kink,42,5.813292675585647,-0.6452628180207357,0.028134830631466202,-32.51327482443578,24.111249958878535,5.991132815007679,5.805743342551775,-0.6262562410473614,-0.0016404003338807427,0.03
1.0,0.2,0.005,0.01,44,shrink,42,5.820103512878668,-0.6532464802896358,0.04308120245848925,-22.313968710886922,24.111249958878535,2.7959145460644197,5.826175854430839,-0.6502072278540618,0.04319871514718839,0.005
1.0,0.2,0.005,0.01,44,current,43,5.804780389739801,-0.6456087944737446,0.05126826226812692,-31.50239219579612,26.379673505580122,2.8038085761427287,5.804204336638666,-0.6327870585804865,0.05332619862856768,0.03
1.0,0.2,0.005,0.01,44,kink,43,5.804943835155629,-0.6486607140318751,0.04873116589360027,-29.84541752412238,26.379673505580122,2.287972668906548,5.804694672886147,-0.641942817254878,0.04571490950498772,0.03
1.0,0.2,0.005,0.01,44,shrink,43,5.808044661497097,-0.6504558449389751,0.04613033997266541,-31.294070314097247,26.379673505580122,4.158486847906678,5.813997151910556,-0.6473282099761781,0.037912431742183145,0.005
1.0,0.2,0.005,0.01,44,current,44,5.813482222851211,-0.6458508154596935,0.04517373257703561,-29.122344557886773,24.016661501026277,2.391242918635246,5.81992581508887,-0.6387840320243392,0.0597096976390025,0.03
1.0,0.2,0.005,0.01,44,kink,44,5.808969369185047,-0.6464147793072403,0.040165113709670984,-28.339459802933657,24.016661501026277,1.5362795516697787,5.806387254090378,-0.64047592356698,0.04468384103690863,0.03
1.0,0.2,0.005,0.01,44,shrink,44,5.8071935353772615,-0.6512567941441051,0.04674889985039932,-36.651720449807996,24.016661501026277,6.506466546396898,5.8010597526670225,-0.6550019680775743,0.06443519945909362,0.005
1.0,0.2,0.005,0.01,44,current,45,5.810037938517643,-0.6452405918211931,0.03663647477385849,-30.806615643763802,25.252617693257108,2.2920901377491485,5.81185255585885,-0.6444567716338673,0.037630733439890644,0.03
1.0,0.2,0.005,0.01,44,kink,45,5.798056416710797,-0.6464724557586491,0.039869461727117035,-32.24740141584512,25.252617693257108,1.5548512847498326,5.775907990438312,-0.6481523634462352,0.04732969429966626,0.03
1.0,0.2,0.005,0.01,44,shrink,45,5.808128437460549,-0.6475696857719101,0.04251157266081871,-34.96614939003023,25.252617693257108,-4.565288136305088,5.806124052687564,-0.6514440534860182,0.05525602710077133,0.005
1.0,0.2,0.005,0.01,44,current,46,5.814360971521342,-0.6515939456698514,0.05084148378156204,-28.707620425824906,26.442341161303776,0.6577931472768166,5.8200315292457745,-0.6443971050711101,0.05989724413508731,0.03
1.0,0.2,0.005,0.01,44,kink,46,5.813616181063863,-0.6505428524856439,0.045445960154614044,-31.048176227806216,26.442341161303776,2.2741194497409927,5.817797157873337,-0.6412438255184876,0.043710673254243305,0.03
1.0,0.2,0.005,0.01,44,shrink,46,5.807690961999191,-0.6522158419926068,0.04472777506205353,-28.39869542244964,26.442341161303776,5.207919483076545,5.800021500679319,-0.6462627940393764,0.04155611797656179,0.005
1.0,0.2,0.005,0.01,44,current,47,5.802033094707576,-0.6459432863899649,0.04971897896814212,-30.908821682205836,25.49371744826168,0.7878147617121483,5.797961550380306,-0.6517660724976754,0.05924376143192723,0.03
1.0,0.2,0.005,0.01,44,kink,47,5.8120627265416935,-0.6488159295551664,0.04470420735703271,-26.361815562814467,25.49371744826168,-0.17769284097071236,5.828050445882659,-0.6603840019932798,0.04419944659859903,0.03
1.0,0.2,0.005,0.01,44,shrink,47,5.806992804666927,-0.6412836445296121,0.041188649781114375,-23.948722437178887,25.49371744826168,5.730914820781717,5.81284068025836,-0.6377871469166168,0.033652773870844005,0.005
1.0,0.2,0.005,0.01,44,current,48,5.81809144605294,-0.6513006998686323,0.04702201139574715,-29.40447474384229,24.177121768710617,0.38466480997627817,5.83272291793295,-0.6548155353125933,0.049382038750221575,0.03
1.0,0.2,0.005,0.01,44,kink,48,5.816826377281344,-0.6445003552541936,0.04345937865517002,-27.999020381267403,24.177121768710617,1.7744370397615665,5.828927711618158,-0.6344145014692775,0.038694140528490205,0.03
1.0,0.2,0.005,0.01,44,shrink,48,5.807230969333387,-0.6483045418566057,0.052001383970638755,-41.58122661049205,24.177121768710617,-2.207832589992094,5.8001414877742885,-0.6458270612765135,0.0643201564748964,0.005
1.0,0.2,0.005,0.01,44,current,49,5.818468390968477,-0.6499580364365909,0.04901198286924378,-30.60724909496182,24.10455493287668,1.945074367890822,5.815144438063935,-0.6454484537985068,0.04946864524484457,0.03
1.0,0.2,0.005,0.01,44,kink,49,5.818967175197268,-0.6524911147246552,0.046976198280120236,-32.435479897150124,24.10455493287668,1.604638490427579,5.816640790750307,-0.6530476886626997,0.04336129147747395,0.03
1.0,0.2,0.005,0.01,44,shrink,49,5.810986144480437,-0.6486589907881942,0.04895293792949313,-34.26100534591472,24.10455493287668,5.128792515848298,5.792697698599815,-0.6415513168533166,0.04929151042559265,0.005
1.0,0.2,0.01,0.0,36,current,0,1.3268348020648013,-0.2505393192381924,0.03966935403427487,-9.698314229766504,9.029761287439314,1.0942649273292453,1.3297510080119157,-0.2519732657465882,0.037472696486093846,0.03
1.0,0.2,0.01,0.0,36,kink,0,1.3238746210557355,-0.2464976101955275,0.04271614840914645,-9.442071889223339,9.029761287439314,1.7548442380355957,1.3208704649847185,-0.2398481386185935,0.04661307961070855,0.03
1.0,0.2,0.01,0.0,36,shrink,0,1.3252960946269223,-0.250715712038809,0.04521487798391887,-10.598782311950789,9.029761287439314,1.371690340417238,1.3251348856982785,-0.2525024441484379,0.05410926833502582,0.01
1.0,0.2,0.01,0.0,36,current,1,1.3225923021399788,-0.24916775187035903,0.04142195020678819,-9.531201986394937,9.413557124900631,1.1733647239719733,1.3242716247200732,-0.2461203489689346,0.03972652512716805,0.03
1.0,0.2,0.01,0.0,36,kink,1,1.3238173224406178,-0.2520442432420686,0.04195322913764083,-10.941082798201137,9.413557124900631,1.0222790109516282,1.3279466856219897,-0.25474982308406313,0.041320361919726,0.03
1.0,0.2,0.01,0.0,36,shrink,1,1.32287719230392,-0.25432131905647437,0.043147692072552195,-10.041237733190352,9.413557124900631,0.3432817160205395,1.3251262952118965,-0.26158105052728065,0.04490375072446006,0.01
1.0,0.2,0.01,0.0,36,current,2,1.32508431214222,-0.2504765455628101,0.04087864226818863,-10.422759338664838,9.132393195597402,1.6569892673876965,1.3233483391658805,-0.25103521645093246,0.04410822492733348,0.03
1.0,0.2,0.01,0.0,36,kink,2,1.3216566546587114,-0.24865821520969877,0.038178514771114946,-9.670103875689158,9.132393195597402,1.950236318982399,1.3130653667153542,-0.24558022539159838,0.03600784243611244,0.03
1.0,0.2,0.01,0.0,36,shrink,2,1.3249591068964612,-0.25031247187083033,0.040887192499521864,-10.820524775330563,9.132393195597402,2.144969119983176,1.3229727234286035,-0.2505429953749931,0.04413387562133319,0.01
1.0,0.2,0.01,0.0,36,current,3,1.3273584950700936,-0.2526735124842024,0.04108547843000988,-10.170936106065888,9.565470204925562,1.3296938249299446,1.3239899582139796,-0.2529551721852934,0.0491428939032437,0.03
1.0,0.2,0.01,0.0,36,kink,3,1.3326611157952473,-0.2520652522677345,0.03512973849989746,-10.475436793876755,9.565470204925562,2.0117417419603854,1.3398978203894405,-0.25113039153588995,0.031275674112906424,0.03
1.0,0.2,0.01,0.0,36,shrink,3,1.3306739297217425,-0.2525911950005406,0.037727386167930976,-9.736957584715961,9.565470204925562,1.4009857190282247,1.3339362621689257,-0.2527082197343081,0.039068617117006973,0.01
1.0,0.2,0.01,0.0,36,current,4,1.3243106243085976,-0.24925579800533829,0.03801258358480395,-10.670701419477536,8.937151434294075,1.07960826704303,1.322300988178644,-0.24678783079072758,0.04098756300979226,0.03
1.0,0.2,0.01,0.0,36,kink,4,1.3279764772996618,-0.2489957903042086,0.03535442141052685,-9.757019210471816,8.937151434294075,1.9093729199279375,1.3332985471518364,-0.24600780768733854,0.03301307648696095,0.03
1.0,0.2,0.01,0.0,36,shrink,4,1.3249006247128967,-0.2509023141038526,0.03796165076021212,-10.109191574896046,8.937151434294075,0.011008234629863223,1.3240709893915406,-0.2517273790862707,0.04083476453601676,0.01
1.0,0.2,0.01,0.0,36,current,5,1.3255323424091874,-0.2516546700437772,0.042320633318689155,-9.587919633225798,9.572448300131754,0.8378664119238108,1.3267961851555963,-0.25022353856472723,0.046834827649424884,0.03
1.0,0.2,0.01,0.0,36,kink,5,1.3257005370058978,-0.2521452786816045,0.04445277304542389,-9.873968542909084,9.572448300131754,0.85042626055851,1.327300768945728,-0.2516953644782093,0.05323124682962907,0.03
1.0,0.2,0.01,0.0,36,shrink,5,1.3230262782366973,-0.25183882115283146,0.03957107704773835,-10.708239667045527,9.572448300131754,2.069062423096581,1.3192779926381262,-0.2507759918918899,0.03858615883657246,0.01
1.0,0.2,0.01,0.0,36,current,6,1.3324989917805896,-0.25258013412911406,0.035587536933318294,-10.27753586965729,8.418009666829182,1.287262984465291,1.3308373738851913,-0.25438021753672535,0.037040527760530156,0.03
1.0,0.2,0.01,0.0,36,kink,6,1.3319769308647489,-0.24970312076050938,0.031307354618833966,-10.33572528436775,8.418009666829182,1.9485757758410795,1.329271191137669,-0.24574917743091132,0.024199980817077166,0.03
1.0,0.2,0.01,0.0,36,shrink,6,1.3328656730100343,-0.2520465463787546,0.03741052692097176,-9.149171756276314,8.418009666829182,0.766396456472447,1.3319374175735257,-0.252779454285647,0.04250949772349054,0.01
1.0,0.2,0.01,0.0,36,current,7,1.327443993390916,-0.25087430497863045,0.040834751947193805,-9.785672330050357,8.860696268123014,1.1570030369901148,1.3268862838998094,-0.25007127649252187,0.03357115877070482,0.03
1.0,0.2,0.01,0.0,36,kink,7,1.3273347496720158,-0.2535804743428191,0.04443294189692057,-10.355895527902492,8.860696268123014,1.584480208844393,1.326558552743109,-0.25818978458508773,0.04436572861988512,0.03
1.0,0.2,0.01,0.0,36,shrink,7,1.3296827314238548,-0.25307305115211554,0.04184752320657695,-8.040213473213942,8.860696268123014,0.31924641667029463,1.3336024979986263,-0.2566675150129771,0.036609472548854244,0.01
1.0,0.2,0.01,0.0,36,current,8,1.325536804559954,-0.24894207410506267,0.0401968092202743,-10.737758372286494,8.819338010227773,1.6659512498405213,1.3212606797398414,-0.24507359506208554,0.04130330010667801,0.03
1.0,0.2,0.01,0.0,36,kink,8,1.3243565737908474,-0.24934264530069924,0.04117709601258121,-10.846343846210212,8.819338010227773,1.5354378829175652,1.3177199874325212,-0.24627530864899516,0.04424416048359875,0.03
1.0,0.2,0.01,0.0,36,shrink,8,1.3273069617595068,-0.2513424557736414,0.04108177655005707,-11.160432795888552,8.819338010227773,0.9011289126488579,1.3265711513384995,-0.2522747400678217,0.043958202096026314,0.01
1.0,0.2,0.01,0.0,36,current,9,1.3280904294649156,-0.2504422903004569,0.04499236806448146,-10.42828821187018,9.444650518538081,1.103769809684794,1.334386492917332,-0.24800437155611435,0.05130907419465099,0.03
1.0,0.2,0.01,0.0,36,kink,9,1.32186929739453,-0.24897306197286082,0.044180094310136385,-9.720812436838,9.444650518538081,2.1810858485180353,1.315723096706176,-0.2435966865733262,0.04887225293161575,0.03
1.0,0.2,0.01,0.0,36,shrink,9,1.3263288098380397,-0.2513131518088787,0.039635123917434525,-11.34259846844735,9.444650518538081,2.076586721352127,1.3291016340367043,-0.25061695608137985,0.03523734175351016,0.01
1.0,0.2,0.01,0.0,36,current,10,1.3262205253800998,-0.24916565339243654,0.037938726743453006,-10.09070865122677,9.403360381139484,1.2538664444362344,1.3287623150115992,-0.2432594493495362,0.03472540601550894,0.03
1.0,0.2,0.01,0.0,36,kink,10,1.3245066037010138,-0.2560996390951977,0.03876209821181923,-9.182418625300288,9.403360381139484,1.2568771337756128,1.3236205499743408,-0.2640614064578195,0.03719552042060763,0.03
1.0,0.2,0.01,0.0,36,shrink,10,1.3260493048053943,-0.2499384812303689,0.039909079257644774,-9.131028463945219,9.403360381139484,0.9629647620314871,1.3282486532874822,-0.24557793286333335,0.04063646355808427,0.01
1.0,0.2,0.01,0.0,36,current,11,1.325081635780417,-0.24941191489314374,0.03980234395120408,-9.539933988041465,8.929466755942608,1.7620334146594177,1.325325213429964,-0.2550952156904124,0.04082538821736431,0.03
1.0,0.2,0.01,0.0,36,kink,11,1.3231969551191625,-0.24689086693280418,0.04073939015841915,-11.027031565107288,8.929466755942608,1.6488838069459009,1.3196711714462004,-0.24753207180939374,0.043636526839009544,0.03
1.0,0.2,0.01,0.0,36,shrink,11,1.3235011410599884,-0.2462386599770244,0.03908508813727897,-9.511575598815195,8.929466755942608,0.5566887773557887,1.3205837292686782,-0.24557545094205435,0.038673620775588995,0.01
1.0,0.2,0.01,0.0,36,current,12,1.3215959828147616,-0.24948738810002768,0.044553676548382014,-10.99155901405738,9.37939931218207,1.4125188388896073,1.3197268507266828,-0.25017429852732376,0.03830702712979981,0.03
1.0,0.2,0.01,0.0,36,kink,12,1.31803406175427,-0.24753872952614608,0.049363824069185075,-10.473815500004203,9.37939931218207,0.580859697454984,1.3090410875452074,-0.2443283228056789,0.05273746969220902,0.03
1.0,0.2,0.01,0.0,36,shrink,12,1.323770889384572,-0.24990781870391876,0.04733032944184542,-10.079296538158198,9.37939931218207,1.4222711093493852,1.3262515704361137,-0.251435590338997,0.046636985810190046,0.01
1.0,0.2,0.01,0.0,36,current,13,1.3324085144291713,-0.25142072375400615,0.040592732057610915,-9.928510739145805,8.417737085646388,1.3009101162247667,1.331816578065551,-0.2528112038197937,0.04438825762352619,0.03
1.0,0.2,0.01,0.0,36,kink,13,1.3289574856693065,-0.2500772064661054,0.04092297557901516,-9.805563672081016,8.417737085646388,0.9801284448406911,1.3214634917859567,-0.24878065195609142,0.04537898818773892,0.03
1.0,0.2,0.01,0.0,36,shrink,13,1.3302561667519732,-0.251071809309597,0.04060851392679118,-9.137907771848479,8.417737085646388,1.268701755572471,1.325359535033957,-0.2517644604865662,0.04443560323106697,0.01
1.0,0.2,0.01,0.0,36,current,14,1.326953835886155,-0.2498685728880149,0.04370417821500666,-10.403423325851769,10.00642684147886,1.5857976807093548,1.3260359633060725,-0.25065749347108657,0.04758241362127677,0.03
1.0,0.2,0.01,0.0,36,kink,14,1.326475289701408,-0.24755305019069437,0.04016077289986996,-11.065835144549267,10.00642684147886,1.0584862471113432,1.3246003247518316,-0.24371092537912498,0.03695219767586665,0.03
1.0,0.2,0.01,0.0,36,shrink,14,1.327512264992407,-0.25097388821783145,0.04128425106057082,-11.412786147467306,10.00642684147886,1.0632021545234407,1.3277112506248283,-0.2539734394605364,0.040322632157969225,0.01
1.0,0.2,0.01,0.0,36,current,15,1.329812451787397,-0.24953984862176123,0.03841959590417566,-10.502874529623956,9.781906269926028,1.4845423667340654,1.3323291480511816,-0.2531645510404887,0.03740803273748116,0.03
1.0,0.2,0.01,0.0,36,kink,15,1.3263014656772785,-0.24636459623068233,0.03485059419427661,-10.19303753929816,9.781906269926028,1.356120978093332,1.321796189720826,-0.24363879386725204,0.026701027607784,0.03
1.0,0.2,0.01,0.0,36,shrink,15,1.327095734267117,-0.2472606907151146,0.040101351902953636,-10.625500280624276,9.781906269926028,0.684365851169324,1.324178995490342,-0.2463270773205489,0.042453300733815105,0.01
1.0,0.2,0.01,0.0,36,current,16,1.3214758931377737,-0.25067983944186273,0.042651166948540965,-10.458226634900686,8.23614232274316,0.9803586796342104,1.3318488587798016,-0.2550347541428205,0.038404635893630225,0.03
1.0,0.2,0.01,0.0,36,kink,16,1.3185814559467826,-0.24773595413463298,0.040809768173995044,-10.644197330212867,8.23614232274316,1.1649268505924177,1.3231655472068284,-0.24620309822113132,0.03288043956999247,0.03
1.0,0.2,0.01,0.0,36,shrink,16,1.3179196954320629,-0.25162515406095837,0.04257231837894491,-9.601839250070666,8.23614232274316,1.1956807892689023,1.3211802656626692,-0.2578706980001074,0.03816809018484207,0.01
1.0,0.2,0.01,0.0,36,current,17,1.3288489957545284,-0.24862073775967086,0.042602238232976784,-10.10875128475275,9.35603492868386,1.5275991656859293,1.3300938740427535,-0.24689902262202493,0.03394875654513076,0.03
1.0,0.2,0.01,0.0,36,kink,17,1.327878769210402,-0.24993805487866083,0.04173092399456188,-9.774458972642917,9.35603492868386,1.3725478499225567,1.3271831944103738,-0.2508509739789948,0.03133481382988605,0.03
1.0,0.2,0.01,0.0,36,shrink,17,1.3288081439497712,-0.2499380941983238,0.04391019910287967,-10.465524827220152,9.35603492868386,-1.2614615013386032,1.3299713186284818,-0.2508510919379837,0.03787263915483944,0.01
1.0,0.2,0.01,0.0,36,current,18,1.3265301946461066,-0.25005834245827185,0.04083633815893726,-10.05520353043985,8.861239790742154,1.18962992426168,1.3273925843324117,-0.24924583181902296,0.042226780566694336,0.03
1.0,0.2,0.01,0.0,36,kink,18,1.3295129614034267,-0.24909425450632025,0.03971856451845567,-10.076003827903568,8.861239790742154,1.8530219228159563,1.336340884604372,-0.24635356796316804,0.038873459645249554,0.03
1.0,0.2,0.01,0.0,36,shrink,18,1.3270377937858233,-0.2506346118696358,0.038404336782243594,-11.624485487751757,8.861239790742154,2.791760867580174,1.328915381751561,-0.2509746400531147,0.03493077643661332,0.01
1.0,0.2,0.01,0.0,36,current,19,1.3217860020420482,-0.24799391038811303,0.035208797757256584,-10.493558096165987,8.974734419180303,0.8498417574653836,1.315033150173447,-0.24400887696183646,0.03706387966651118,0.03
1.0,0.2,0.01,0.0,36,kink,19,1.32359313325964,-0.24654889333086552,0.03946388730054293,-10.61926264475885,8.974734419180303,1.395297906457114,1.3204545438262225,-0.23967382579009402,0.0498291482963702,0.03
1.0,0.2,0.01,0.0,36,shrink,19,1.3247731310538777,-0.24859207807972103,0.03551959746522917,-9.667809267143245,8.974734419180303,-0.28923256873981984,1.3239945372089352,-0.24580338003666044,0.037996278790428925,0.01
1.0,0.2,0.01,0.0,36,current,20,1.3248342589858206,-0.24826761224921742,0.041713494917545564,-10.65323203557959,9.179776740232175,1.7201326013691562,1.3280006467833951,-0.24981553188805852,0.038685738899256056,0.03
1.0,0.2,0.01,0.0,36,kink,20,1.3282448368874844,-0.24558390670000133,0.03851825730779932,-11.132289328330245,9.179776740232175,2.0736838322945355,1.3382323804883864,-0.2417644152404104,0.029100026070017333,0.03
1.0,0.2,0.01,0.0,36,shrink,20,1.3246031175657302,-0.24879835707830675,0.04232029394392914,-8.720439795076686,9.179776740232175,0.5164062479945588,1.3273072225231244,-0.2514077663753265,0.04050613597840677,0.01
1.0,0.2,0.01,0.0,36,current,21,1.3178840609211357,-0.24612898460734056,0.042802391564473026,-10.294385335595335,9.037066613516577,1.3972898590220715,1.3178025477334891,-0.2405619570503183,0.04191171273968204,0.03
1.0,0.2,0.01,0.0,36,kink,21,1.3191453283145738,-0.24931637601267995,0.041180635856167214,-9.918839237909665,9.037066613516577,1.4808097742627886,1.3215863499138032,-0.2501241312663365,0.03704644561476461,0.03
1.0,0.2,0.01,0.0,36,shrink,21,1.3201763298625533,-0.2500331371140517,0.04228915152555656,-10.028178730107213,9.037066613516577,0.27064499702703304,1.324679354557742,-0.2522744145704516,0.040371992622932645,0.01
1.0,0.2,0.01,0.0,36,current,22,1.3301219688635137,-0.25145924264408465,0.0404891472068743,-10.75464192919043,7.9251164816973905,0.9700580241320177,1.3291503095186594,-0.2550102504344039,0.04029695781282346,0.03
1.0,0.2,0.01,0.0,36,kink,22,1.3310461325035592,-0.25026583429254595,0.04140704725567717,-9.373038157095994,7.9251164816973905,0.8147355934008836,1.3319228004387957,-0.2514300253797878,0.04305065795923207,0.03
1.0,0.2,0.01,0.0,36,shrink,22,1.330031010647487,-0.2509382503154514,0.03887963093348914,-11.176797749989863,7.9251164816973905,0.33321266616426404,1.3288774348705794,-0.2534472734485043,0.03546840899266796,0.01
1.0,0.2,0.01,0.0,36,current,23,1.3323025167986275,-0.2522995538936454,0.038531420375000784,-10.149479813001612,9.116518512206046,1.7136546721567496,1.3335464480787873,-0.2507740052347623,0.037698689711155225,0.03
1.0,0.2,0.01,0.0,36,kink,23,1.3287807124720084,-0.2538465867430286,0.0430286555042442,-10.468129693020401,9.116518512206046,0.6563828012899784,1.3229810350989293,-0.255415103782912,0.05119039509888548,0.03
1.0,0.2,0.01,0.0,36,shrink,23,1.331936902621534,-0.2509159603431336,0.03548023683706168,-9.526803037864358,9.116518512206046,1.9025565703762166,1.3324496055475066,-0.24662322458322694,0.02854513909733792,0.01
1.0,0.2,0.01,0.0,36,current,24,1.3248947832241014,-0.2534259766587203,0.04490690148801191,-10.454826400288193,9.492207207532788,1.0012891647578104,1.3213906632186925,-0.25328862245749645,0.041826438341501036,0.03
1.0,0.2,0.01,0.0,36,kink,24,1.3290611889153077,-0.25323467278960715,0.04368173798419004,-10.336005197380755,9.492207207532788,0.8993004611253517,1.3338898802923111,-0.2527147108501572,0.03815094783003542,0.03
1.0,0.2,0.01,0.0,36,shrink,24,1.3256347951808494,-0.2525703997853153,0.04315516600599978,-11.290367024453484,9.492207207532788,1.3273690528892024,1.323610699088936,-0.2507218918372816,0.036571231895464615,0.01
1.0,0.2,0.01,0.0,36,current,25,1.3220780773441871,-0.25035387762348355,0.03760046562778204,-10.796551377468923,9.010320142717045,1.13355770920198,1.313005169701899,-0.24699954886977477,0.039419015161642396,0.03
1.0,0.2,0.01,0.0,36,kink,25,1.3213824587674778,-0.250721598341862,0.03798310036972984,-9.858724805578111,9.010320142717045,1.45053840106664,1.3109183139717713,-0.24810271102491005,0.04056691938748581,0.03
1.0,0.2,0.01,0.0,36,shrink,25,1.3266035589139538,-0.2512153723243411,0.038132102959086714,-9.137903429806824,9.010320142717045,4.914809103799407,1.326581614411199,-0.2495840329723474,0.04101392715555642,0.01
1.0,0.2,0.01,0.0,36,current,26,1.3273603350294094,-0.251196079339922,0.03776969902020307,-9.801338301928732,8.822509654504392,0.7877890547591825,1.3306856277941945,-0.2532937052801948,0.044730068824144584,0.03
1.0,0.2,0.01,0.0,36,kink,26,1.328819278300351,-0.2478342912802208,0.036662755649975884,-10.09606988924575,8.822509654504392,0.20880030712215758,1.3350624576070191,-0.24320834110109113,0.04140923871346302,0.03
1.0,0.2,0.01,0.0,36,shrink,26,1.327509845569075,-0.24949352860735785,0.0394030807271155,-9.42701759214267,8.822509654504392,2.0926593173804084,1.3311341594131911,-0.24818605308250238,0.04963021394488186,0.01
1.0,0.2,0.01,0.0,36,current,27,1.327019466801598,-0.2486803661288022,0.036611721998300734,-10.912818091076879,8.580595097165915,0.5634643429771848,1.3275156226737037,-0.25391466337566393,0.03483203304159472,0.03
1.0,0.2,0.01,0.0,36,kink,27,1.327745671792415,-0.24758523912402394,0.04047564969863678,-7.870470927196601,8.580595097165915,0.8488006257671623,1.329694237646155,-0.2506292823613291,0.04642381614260286,0.03
1.0,0.2,0.01,0.0,36,shrink,27,1.3253642807744337,-0.24755574409627465,0.03954656836854115,-7.763861689017894,8.580595097165915,1.5697925830778183,1.3225500645922104,-0.25054079727808126,0.043636572152315985,0.01
1.0,0.2,0.01,0.0,36,current,28,1.3279521415084041,-0.24974676957510358,0.04149854111540411,-9.703459018571834,8.491064030351131,1.4352503103998966,1.3264634209933144,-0.24654417930199657,0.038432279804136014,0.03
1.0,0.2,0.01,0.0,36,kink,28,1.3285551282079517,-0.25109142882761587,0.036282627787839104,-10.5853224198787,8.491064030351131,1.6108826498804631,1.3282723810919574,-0.25057815705953346,0.022784539821440963,0.03
1.0,0.2,0.01,0.0,36,shrink,28,1.3270530719134397,-0.2515265098521448,0.04200624111483625,-10.004912147415505,8.491064030351131,1.6929723074319118,1.323766212208421,-0.25188340013312016,0.03995537980243242,0.01
1.0,0.2,0.01,0.0,36,current,29,1.3234350441317793,-0.250781522208145,0.03779014879802799,-10.351563428912039,8.970069055762417,1.54366658535908,1.3284228974985175,-0.25689597274205056,0.04163498446288694,0.03
1.0,0.2,0.01,0.0,36,kink,29,1.3219617650683457,-0.2524561105385444,0.04159367701341461,-10.62328933885289,8.970069055762417,2.0121722829467164,1.3240030603082167,-0.2619197377332488,0.053045569109046814,0.03
1.0,0.2,0.01,0.0,36,shrink,29,1.3228933389746977,-0.24874714431468178,0.03838415867560578,-9.091507422479822,8.970069055762417,2.29297894437086,1.3267977820272723,-0.25079283906166094,0.04341701409562031,0.01
1.0,0.2,0.01,0.0,36,current,30,1.3277579930504115,-0.2553241787067125,0.0417096212898185,-10.402337784884429,8.426263746336856,1.0158383447651462,1.3297403733355866,-0.25806244306708603,0.04528895866246597,0.03
1.0,0.2,0.01,0.0,36,kink,30,1.3267154538659442,-0.2536482072011887,0.04400855751257776,-10.08496061225151,8.426263746336856,1.105019871013551,1.326612755782185,-0.2530345285505145,0.05218576733074379,0.03
1.0,0.2,0.01,0.0,36,shrink,30,1.3262383738013621,-0.25306761897070873,0.04110913373227401,-8.165305069774739,8.426263746336856,0.8115907001737493,1.3251815155884383,-0.25129276385907473,0.04348749598983253,0.01
1.0,0.2,0.01,0.0,36,current,31,1.3251571133028286,-0.2560795169526833,0.03838705769228247,-11.020182105287477,8.396456969475764,1.2587046887851436,1.3224483299315868,-0.2556363752917251,0.04037080162075391,0.03
1.0,0.2,0.01,0.0,36,kink,31,1.324054561453123,-0.2537681839608632,0.037072227785621865,-10.350586786246181,8.396456969475764,0.8038297714718201,1.3191406743824696,-0.2487023763162648,0.03642631190077209,0.03
1.0,0.2,0.01,0.0,36,shrink,31,1.3225354978113968,-0.25319076455027845,0.04209955880013514,-11.20237264697735,8.396456969475764,1.4411202069160387,1.3145834834572911,-0.24697011808451055,0.051508304944311904,0.01
1.0,0.2,0.01,0.0,36,current,32,1.3276615477737206,-0.2518514406414321,0.03799139204237398,-9.350480373485563,8.935172410995172,1.0555950508977996,1.327634937616205,-0.25291652750509724,0.0413177562380513,0.03
1.0,0.2,0.01,0.0,36,kink,32,1.326323902854331,-0.2527217008626949,0.03520861947078311,-9.971787438823952,8.935172410995172,1.5232430471809382,1.3236220028580368,-0.2555273081688856,0.0329694385232787,0.03
1.0,0.2,0.01,0.0,36,shrink,32,1.3271671163060799,-0.25175093364416984,0.040076614188221164,-9.798457492266767,8.935172410995172,2.6929134039093983,1.3261516432132832,-0.2526150065133102,0.047573422675592864,0.01
1.0,0.2,0.01,0.0,36,current,33,1.3247076004444471,-0.2544303965806189,0.03994491527128496,-10.621035968665344,9.705393413248759,0.8395476897051214,1.3221665755689016,-0.2565588436967123,0.04202185237775202,0.03
1.0,0.2,0.01,0.0,36,kink,33,1.3218656527249735,-0.2542698450910996,0.03948192946341087,-8.975704870285163,9.705393413248759,1.091775344219019,1.3136407324104806,-0.2560771892281546,0.040632894954129785,0.03
1.0,0.2,0.01,0.0,36,shrink,33,1.3271492596495733,-0.25314501477061396,0.042846165262021944,-10.060068368235775,9.705393413248759,1.5590347481794191,1.32949155318428,-0.25270269826669756,0.05072560234996299,0.01
1.0,0.2,0.01,0.0,36,current,34,1.3319331815481184,-0.24987395030374002,0.03705428226064867,-10.076414569592558,8.281726813995782,1.4104045618150773,1.3277584946568555,-0.25196910363849906,0.03596671435891076,0.03
1.0,0.2,0.01,0.0,36,kink,34,1.3332310616777285,-0.25008942600815537,0.0384813245729917,-9.982693993681668,8.281726813995782,0.790429634051731,1.3316521350456858,-0.25261553075174514,0.040247841295939835,0.03
1.0,0.2,0.01,0.0,36,shrink,34,1.3311184274240946,-0.249122324070595,0.03853362299366451,-11.179351222143023,8.281726813995782,1.7969808951892492,1.3253142322847842,-0.2497142249390641,0.04040473655795825,0.01
1.0,0.2,0.01,0.0,36,current,35,1.3197357958821465,-0.24902072541726042,0.03817285920835103,-11.086025055723578,8.729589118505046,1.0361636020395761,1.3147025837252708,-0.24734522661613112,0.04688370760181258,0.03
1.0,0.2,0.01,0.0,36,kink,35,1.323195253016739,-0.25076232817218286,0.03236052394514286,-10.721335556230507,8.729589118505046,1.6925164726653208,1.3250809551290479,-0.2525700348808983,0.029446701812188086,0.03
1.0,0.2,0.01,0.0,36,shrink,35,1.322238036007649,-0.25305330379266316,0.03587876810225061,-10.605102568072446,8.729589118505046,-0.3993855235437149,1.3222093041017788,-0.2594429617423393,0.04000143428351131,0.01
1.0,0.2,0.01,0.0,36,current,36,1.3306015323879208,-0.2560051407664136,0.03784677194789312,-10.855071182250166,8.980916026872622,1.3948796403660235,1.3282173463684315,-0.25785439516422837,0.037526227058179644,0.03
1.0,0.2,0.01,0.0,36,kink,36,1.3297940082195263,-0.25270255416235665,0.03600541036277733,-11.062372722444193,8.980916026872622,1.2655927599052015,1.3257947738632478,-0.2479466353520574,0.03200214230283228,0.03
1.0,0.2,0.01,0.0,36,shrink,36,1.330889292031229,-0.2536288956083606,0.03916075282309273,-9.383140967948929,8.980916026872622,1.6182046073966139,1.3290806252983558,-0.25072565969006927,0.041468169683778484,0.01
1.0,0.2,0.01,0.0,36,current,37,1.3220164627067825,-0.2490182231592426,0.04170322466044949,-10.954863915188204,8.2922799656621,1.9593601389935653,1.3182450565738848,-0.25382420971848874,0.046314704932060864,0.03
1.0,0.2,0.01,0.0,36,kink,37,1.324965540751592,-0.24795746925404658,0.03820813693897282,-11.331140637984394,8.2922799656621,1.675090384858721,1.3270922907083134,-0.2506419480029006,0.03582944176763083,0.03
1.0,0.2,0.01,0.0,36,shrink,37,1.3273931027870434,-0.24839194217799535,0.04164139264660012,-9.393582488203133,8.2922799656621,1.1915655756511416,1.334374976814667,-0.2519453667747471,0.04612920889051273,0.01
1.0,0.2,0.01,0.0,36,current,38,1.3255851866533073,-0.24885654631604762,0.033590628295336454,-10.933809598739236,9.090977229725008,1.4059885498083462,1.326798274600831,-0.24758947759169156,0.03565907130233322,0.03
1.0,0.2,0.01,0.0,36,kink,38,1.3235293482393617,-0.25209513580978454,0.03482391646249032,-10.35088046255794,9.090977229725008,1.1013898657034753,1.3206307593589943,-0.2573052460729024,0.03935893580379483,0.03
1.0,0.2,0.01,0.0,36,shrink,38,1.3230519693409188,-0.24734574797160716,0.034883732064629615,-13.018613133675304,9.090977229725008,5.351485898890458,1.3191986226636654,-0.24305708255837022,0.03953838261021272,0.01
1.0,0.2,0.01,0.0,36,current,39,1.329239476259913,-0.24794205894815954,0.036978147180201176,-10.500197081801948,9.31147566872795,1.5719256162537196,1.3332200637344582,-0.24421802571478143,0.030950932506381056,0.03
1.0,0.2,0.01,0.0,36,kink,39,1.328404348666641,-0.2479823033840056,0.04121687605799019,-9.164643951959627,9.31147566872795,1.1928405072825896,1.3307146809546422,-0.24433875902231952,0.0436671191397481,0.03
1.0,0.2,0.01,0.0,36,shrink,39,1.3274184706990138,-0.24800866656586748,0.04157286288282445,-8.585720894601774,9.31147566872795,1.5563204739216179,1.3277570470517608,-0.24441784856790524,0.04473507961425089,0.01
1.0,0.2,0.01,0.0,36,current,40,1.3309215283613385,-0.25451000369990245,0.03920247325031934,-9.445867302577023,9.582546390349352,1.3777025060874637,1.3378890918698678,-0.2579102838013192,0.03909478155865011,0.03
1.0,0.2,0.01,0.0,36,kink,40,1.3212647964360098,-0.25251202363349395,0.04631195826062742,-9.482440594857877,9.582546390349352,1.148700437748791,1.3089188960938825,-0.2519163436020936,0.06042323658957434,0.03
1.0,0.2,0.01,0.0,36,shrink,40,1.3296136334102693,-0.25502754489818846,0.04071763364217552,-10.846502699115609,9.582546390349352,-0.30454914845157854,1.3339654070166604,-0.2594629073961771,0.04364026273421864,0.01
1.0,0.2,0.01,0.0,36,current,41,1.3258557586550268,-0.25048928397552356,0.03815699392845814,-9.756994832712016,9.305472548106957,0.9709007631823654,1.3262817697713416,-0.25389982596888555,0.04645919055567705,0.03
1.0,0.2,0.01,0.0,36,kink,41,1.3245791383677001,-0.25040934954130667,0.038829790975478694,-10.812388769718478,9.305472548106957,1.6890280120253909,1.3224519089093612,-0.2536600226662348,0.048477581696738735,0.03
1.0,0.2,0.01,0.0,36,shrink,41,1.3249755978397593,-0.2502547014757918,0.03778657708422008,-9.82447388579879,9.305472548106957,0.6167930044708665,1.323641287325539,-0.2531960784696901,0.04534794002296287,0.01
1.0,0.2,0.01,0.0,36,current,42,1.3312415733317404,-0.2532390806701763,0.038804568751525,-10.161057327830536,9.050342505774136,1.3580349691663716,1.3281634995798384,-0.25679441438541223,0.040997330339934,0.03
1.0,0.2,0.01,0.0,36,kink,42,1.3314851451639187,-0.25138264070615535,0.04071922269704739,-9.543029400363286,9.050342505774136,0.801164851909672,1.328894215076373,-0.25122509449334934,0.04674129217650117,0.03
1.0,0.2,0.01,0.0,36,shrink,42,1.3309925208537605,-0.25129732810932853,0.038901382204304065,-9.663281592508802,9.050342505774136,0.7023549346834649,1.3274163421458993,-0.2509691567028689,0.04128777069827118,0.01
1.0,0.2,0.01,0.0,36,current,43,1.329732770059972,-0.2525332589558897,0.03804212280186717,-9.87395386490203,10.147248096268031,1.228522446622331,1.3350389919769494,-0.25628845508335585,0.046010523626092946,0.03
1.0,0.2,0.01,0.0,36,kink,43,1.3286618751577406,-0.24907300921602912,0.0319535412778287,-8.880083960684612,10.147248096268031,0.751990414115103,1.331826307270256,-0.24590770586377417,0.027744779053977528,0.03
1.0,0.2,0.01,0.0,36,shrink,43,1.3290729577554838,-0.25251516909500316,0.03586614134688149,-13.39368540480202,10.147248096268031,0.0037246053311190686,1.3330595550634856,-0.2562341855006962,0.03948257926113592,0.01
1.0,0.2,0.01,0.0,36,current,44,1.3191761300776346,-0.2466635284699367,0.04099184623643375,-11.84095682332502,9.212302709526961,1.958399942655834,1.3187342493418468,-0.24938237594256762,0.04210620467103641,0.03
1.0,0.2,0.01,0.0,36,kink,44,1.3194128897839323,-0.24821107954890073,0.04142508799599492,-11.539232265088083,9.212302709526961,1.8929665170099421,1.3194445284607406,-0.2540250291794597,0.0434059299497199,0.03
1.0,0.2,0.01,0.0,36,shrink,44,1.3212260427422888,-0.24593329259202779,0.03867658022464132,-8.177598857591574,9.212302709526961,1.2727930558298384,1.3248839873358094,-0.24719166830884087,0.03516040663565912,0.01
1.0,0.2,0.01,0.0,36,current,45,1.323001812241092,-0.2513650911041481,0.041890315997792534,-10.727793711420606,9.40918179163056,1.1980857510342509,1.3306827410837125,-0.25812030750127635,0.0390072824935384,0.03
1.0,0.2,0.01,0.0,36,kink,45,1.3208387856652628,-0.2478837957354354,0.044854125487277706,-9.11877875095583,9.40918179163056,0.003294218887926581,1.3241936613562246,-0.24767642139513807,0.0478987109619939,0.03
1.0,0.2,0.01,0.0,36,shrink,45,1.3223926519787828,-0.24776186057316538,0.041172471916660174,-10.443529669795934,9.40918179163056,0.044203392748796144,1.3288552602967842,-0.24731061590832804,0.03685375025014133,0.01
1.0,0.2,0.01,0.0,36,current,46,1.322748758590696,-0.24902323801408732,0.03979736400933632,-10.381865901082845,9.346967434206476,1.3407936314343227,1.3181547184828164,-0.24677884602952255,0.04328721953911572,0.03
1.0,0.2,0.01,0.0,36,kink,46,1.3230504020440264,-0.2511541477441212,0.03854942071622681,-8.859428750427565,9.346967434206476,1.2075514969766468,1.3190596488428072,-0.25317157521962413,0.03954338965978719,0.03
1.0,0.2,0.01,0.0,36,shrink,46,1.324058306775777,-0.2504107046344528,0.03770110365803078,-9.487593623339912,9.346967434206476,2.4599104170287114,1.3220833630380588,-0.25094124589061906,0.03699843848519912,0.01
1.0,0.2,0.01,0.0,36,current,47,1.3231326076158225,-0.24864238852432993,0.03924040052639647,-10.688781051178585,10.115854930297802,1.5173235669325362,1.3215833767263208,-0.2477742450114914,0.03579458527497259,0.03
1.0,0.2,0.01,0.0,36,kink,47,1.3214468422985923,-0.25137991931541537,0.04132244397120064,-9.988492505132049,10.115854930297802,1.584169975962122,1.3165260807746304,-0.25598683738474765,0.04204071560938512,0.03
1.0,0.2,0.01,0.0,36,shrink,47,1.3220429969733873,-0.24993239602499215,0.039651266925868914,-8.936153045859255,10.115854930297802,-0.4916010692326518,1.318314544799016,-0.25164426751347807,0.03702718447338994,0.01
1.0,0.2,0.01,0.0,36,current,48,1.3213864872639145,-0.24972003027560677,0.039000468970777386,-10.635415526592858,9.366677126254599,1.2863666596007997,1.3180856787175772,-0.24994814877352972,0.038476055747049334,0.03
1.0,0.2,0.01,0.0,36,kink,48,1.3233705123454809,-0.25164558386123553,0.03582525083456,-10.445758587925102,9.366677126254599,1.1042799334341384,1.3240377539622759,-0.2557248095304161,0.028950401338397193,0.03
1.0,0.2,0.01,0.0,36,shrink,48,1.3227834702047006,-0.24939804708240465,0.038359490133040595,-10.590564533763281,9.366677126254599,1.1777422997306544,1.3222766275399354,-0.24898219919392336,0.03655311923383896,0.01
1.0,0.2,0.01,0.0,36,current,49,1.3285130896467028,-0.25084202060691874,0.03713370608694578,-9.621738289307594,8.852606715416949,1.8150374655658315,1.329613918127354,-0.24919632038342163,0.03525241767314755,0.03
1.0,0.2,0.01,0.0,36,kink,49,1.327108727990866,-0.24901209961463988,0.03980380371856512,-10.21363697569674,8.852606715416949,0.8163106417320937,1.3254008331598437,-0.24370655740658503,0.04326271056800556,0.03
1.0,0.2,0.01,0.0,36,shrink,49,1.3270974891375775,-0.2515400639917678,0.03735467992773103,-10.838371413430837,8.852606715416949,1.2438256554701788,1.3253671165999776,-0.25129045053796883,0.03591533919550331,0.01
1.0,0.2,0.01,0.0,40,current,0,2.994432830566204,-0.44444189475893064,0.04648992553484437,-17.933031164830716,13.98544192484621,1.1596342954038343,2.980596470613721,-0.4435322537410814,0.039031524800838574,0.03
1.0,0.2,0.01,0.0,40,kink,0,2.9980354270149,-0.4437773121870845,0.04875118695032537,-16.851758125505203,13.98544192484621,1.528992183035713,2.9914042599598094,-0.4415385060255429,0.04581530904728156,0.03
1.0,0.2,0.01,0.0,40,shrink,0,2.9985804971944674,-0.4419910832079332,0.05100110280392727,-18.25648289712525,13.98544192484621,1.5080876508242926,2.9930394704985117,-0.4361798190880887,0.052565056608087274,0.01
1.0,0.2,0.01,0.0,40,current,1,3.0036109951333536,-0.44714584907768956,0.04365883383296761,-17.701328707669546,14.710869464260972,1.0994480036387753,3.0081456628511454,-0.4499650510727059,0.040001333074058926,0.03
1.0,0.2,0.01,0.0,40,kink,1,3.003291819152713,-0.44938528842046827,0.0460149474096725,-17.114523380070974,14.710869464260972,2.335850509092398,3.0071881349092253,-0.45668336910104207,0.04706967380417358,0.03
1.0,0.2,0.01,0.0,40,shrink,1,3.003131906401164,-0.4464621406622637,0.04592742634562488,-16.77291154225683,14.710869464260972,-0.14190536767819606,3.00670839665458,-0.44791392582642836,0.046807110612030745,0.01
1.0,0.2,0.01,0.0,40,current,2,3.0119473180813956,-0.4466629164774192,0.04320210761117158,-17.478430972796843,15.307483781008578,0.9137146045525681,3.00952972385825,-0.45622953057188953,0.03595699466790016,0.03
1.0,0.2,0.01,0.0,40,kink,2,3.006046396064159,-0.4434929215334158,0.04654253202573009,-16.9654229269328,15.307483781008578,2.779811999234422,2.991826957806539,-0.44671954573987943,0.045978267911575686,0.03
1.0,0.2,0.01,0.0,40,shrink,2,3.00558118009431,-0.4439968801556942,0.046405710927965915,-19.80103664016617,15.307483781008578,-0.6864828116001036,2.9904313098969926,-0.4482314216067149,0.045567804618283164,0.01
1.0,0.2,0.01,0.0,40,current,3,2.9929891275005,-0.4441437500712914,0.050635273334677246,-18.60687348653077,16.302376756069016,1.5754325828043103,2.9930734724819215,-0.43838692960923725,0.04317125547899131,0.03
1.0,0.2,0.01,0.0,40,kink,3,2.9974201600641557,-0.44791896402738746,0.05180979531943152,-17.256294481163582,16.302376756069016,1.7780790617339328,3.0063665701728888,-0.44971257147752536,0.046694821433254124,0.03
1.0,0.2,0.01,0.0,40,shrink,3,2.996332095811256,-0.4480579334125658,0.0535925835824357,-14.266685570461622,16.302376756069016,1.130102264597395,3.0031023774141894,-0.45012947963306044,0.05204318622226667,0.01
1.0,0.2,0.01,0.0,40,current,4,3.0098515162902832,-0.45096018926342746,0.04793688501277926,-17.297491520244797,14.340118521849318,1.1699824324611534,3.0084621318367297,-0.4532156841098811,0.03773553598587276,0.03
1.0,0.2,0.01,0.0,40,kink,4,3.01221703835957,-0.45165136771621084,0.04211569738177822,-15.996122013186852,14.340118521849318,0.9180810439765033,3.01555869804459,-0.45528921946823125,0.020271973092869617,0.03
1.0,0.2,0.01,0.0,40,shrink,4,3.0103928609961303,-0.44743599947090495,0.046234612702567235,-14.335819889970024,14.340118521849318,2.473386517803495,3.0100861659542693,-0.44264311473231355,0.03262871905523668,0.01
1.0,0.2,0.01,0.0,40,current,5,2.995556674891976,-0.44085109584629345,0.05650534220482704,-17.704754527349337,15.204319030948763,1.8078681081197399,2.9876850373116506,-0.4301485346018709,0.04258121621587638,0.03
1.0,0.2,0.01,0.0,40,kink,5,2.9971990725286464,-0.44457353607127637,0.061527787576913746,-16.369968662871955,15.204319030948763,0.04059333084542183,2.992612230221661,-0.4413158552768197,0.05764855233213648,0.03
1.0,0.2,0.01,0.0,40,shrink,5,2.994367895025764,-0.44499665396996585,0.058229806256112626,-16.926938030515338,15.204319030948763,2.7673419193360447,2.984118697713015,-0.442585208972888,0.04775460836973312,0.01
1.0,0.2,0.01,0.0,40,current,6,3.0061771323533706,-0.44006622564940406,0.041758394510881064,-16.091973923695022,14.08040311436316,1.173047053858857,3.0103997126515605,-0.4456104517419416,0.04391892764727823,0.03
1.0,0.2,0.01,0.0,40,kink,6,2.998588015921444,-0.44212216362188705,0.041959737683124394,-14.126779045257535,14.08040311436316,-0.07504185898131799,2.98763236335578,-0.45177826565939067,0.044522957164008246,0.03
1.0,0.2,0.01,0.0,40,shrink,6,2.9981949260326206,-0.43649042605258054,0.0434060054050781,-18.193739587245737,14.08040311436316,3.1121807311720175,2.9864530936893097,-0.43488305295147095,0.04886176032986935,0.01
1.0,0.2,0.01,0.0,40,current,7,3.0003699416365,-0.44340570344920205,0.05432458718711195,-17.39289140487314,14.314490815116299,1.1618915362664484,2.989930406118898,-0.44780500617228025,0.0541767591057414,0.03
1.0,0.2,0.01,0.0,40,kink,7,3.0015651794317173,-0.44675847524536,0.056299711705245954,-16.25970950198338,14.314490815116299,0.40224040711089804,2.993516119504551,-0.4578633215607541,0.0601021326601434,0.03
1.0,0.2,0.01,0.0,40,shrink,7,3.0056393980511937,-0.44455326081662533,0.053379287572240953,-12.109236233093117,14.314490815116299,-0.727533597041617,3.0057387753629787,-0.45124767827455,0.05134086026112838,0.01
1.0,0.2,0.01,0.0,40,current,8,2.996330517641235,-0.4525298217113288,0.05287851187097403,-17.445947199264282,15.445111851334552,1.0628244326673197,3.0008155982128146,-0.44882378241769616,0.04297095896216005,0.03
1.0,0.2,0.01,0.0,40,kink,8,2.9977415805348477,-0.4471482303295296,0.053766385881368145,-16.662039065417424,15.445111851334552,0.3244646539192655,3.0050487868936506,-0.4326790082722985,0.04563458099334238,0.03
1.0,0.2,0.01,0.0,40,shrink,8,2.996451220719926,-0.4560101283024158,0.058492661465049535,-19.082658841431062,15.445111851334552,-1.6051125297676012,3.0011777074488863,-0.4592647021909569,0.05981340774438655,0.01
1.0,0.2,0.01,0.0,40,current,9,2.9992721707018615,-0.4435549408153816,0.059097334016076204,-18.51476357851064,14.168190835522918,1.4700317812373969,2.9983718586596813,-0.4493848636581594,0.05998919851449761,0.03
1.0,0.2,0.01,0.0,40,kink,9,3.006744382797745,-0.44074890517181703,0.05528385804328772,-16.39714035763409,14.168190835522918,0.6095979159825411,3.020788494947331,-0.44096675672746566,0.04854877059613214,0.03
1.0,0.2,0.01,0.0,40,shrink,9,3.001937857724746,-0.44294654078515777,0.055008222455465466,-19.13267578534957,14.168190835522918,2.7660002107856556,3.0063689197283363,-0.4475596635674877,0.04772186383266539,0.01
1.0,0.2,0.01,0.0,40,current,10,2.9968009761931675,-0.44660497404507965,0.05248554657873023,-17.67649048862663,16.01232931612631,2.055278361375098,3.00212200748104,-0.44718628055650683,0.03900674252532145,0.03
1.0,0.2,0.01,0.0,40,kink,10,2.9970370207905686,-0.4433807087654722,0.05419824673300616,-17.49479257223055,16.01232931612631,0.5652142683719865,3.0028301412732445,-0.43751348471768453,0.04414484298814923,0.03
1.0,0.2,0.01,0.0,40,shrink,10,2.996962018128759,-0.4464134140030101,0.05423200464833979,-17.3117882942847,16.01232931612631,2.1579323719750776,3.002605133287814,-0.4466116004302983,0.04424611673415014,0.01
1.0,0.2,0.01,0.0,40,current,11,2.9905457814386938,-0.43284628484301507,0.04948085483978221,-18.28645743810068,14.947984270262097,2.634173367434067,2.985071228898543,-0.4431927865726518,0.046094787251192516,0.03
1.0,0.2,0.01,0.0,40,kink,11,2.99866776796218,-0.43407406229960954,0.048815822485591624,-19.62945839656099,14.947984270262097,1.4907690846477348,3.009437188469001,-0.44687611894243534,0.04409969018862076,0.03
1.0,0.2,0.01,0.0,40,shrink,11,2.992915110546471,-0.43201794830967327,0.04652212851876495,-17.553613371483753,14.947984270262097,2.6274392181990196,2.992179216221876,-0.4407077769726264,0.037218608288140734,0.01
1.0,0.2,0.01,0.0,40,current,12,2.9981260040333044,-0.4433440453825935,0.048361440023235995,-18.61646578692844,14.390745409094388,1.9393122283136377,2.998827685404858,-0.4363649885419852,0.04853238126462166,0.03
1.0,0.2,0.01,0.0,40,kink,12,3.0092198169562665,-0.4472911864933949,0.04416837989455633,-18.789036793958758,14.390745409094388,0.6712100752170485,3.0321091241737457,-0.44820641187438925,0.035953200878582676,0.03
1.0,0.2,0.01,0.0,40,shrink,12,2.999377585126364,-0.4491334894691794,0.04885753847717192,-15.179612292545654,14.390745409094388,0.8661899170927758,3.002582428684038,-0.45373332080174283,0.050020676626429436,0.01
1.0,0.2,0.01,0.0,40,current,13,3.004617874601463,-0.44152601636435446,0.0462267162834852,-17.112433037330923,14.588164858024092,2.2946469334470465,3.0115259955784768,-0.4356856952809594,0.046665930639584595,0.03
1.0,0.2,0.01,0.0,40,kink,13,3.005573449397898,-0.4446696368412182,0.04808183017713016,-18.305822441243368,14.588164858024092,0.4788870092110704,3.0143927199677827,-0.44511655671155065,0.05223127232051945,0.03
1.0,0.2,0.01,0.0,40,shrink,13,2.997758889981361,-0.44145359648176014,0.04642308845757134,-18.153470884524317,14.588164858024092,1.7006706163851502,2.990949041718173,-0.43546843563317655,0.04725504716184303,0.01
1.0,0.2,0.01,0.0,40,current,14,3.0065057254977225,-0.44503649677215956,0.048812268817941984,-16.88740308747185,14.790037685437621,0.9831214040747204,3.010212879379342,-0.4453695250824408,0.0417785811888657,0.03
1.0,0.2,0.01,0.0,40,kink,14,2.9979656762735805,-0.44528546110901446,0.05494017835460093,-16.580938625733122,14.790037685437621,1.2598807931231417,2.9845927317069165,-0.4461164180930056,0.06016230979884256,0.03
1.0,0.2,0.01,0.0,40,shrink,14,2.9994892985077364,-0.44419317181054635,0.051551715488743356,-14.96512513326893,14.790037685437621,0.24993513624897234,2.9891635984093847,-0.44283955019760135,0.049996921201269834,0.01
1.0,0.2,0.01,0.0,40,current,15,2.9986233862488683,-0.444937991654142,0.050852179509261984,-17.05608620774191,15.055360785015598,1.1476685079706768,2.9915995711526318,-0.44401308756381036,0.0549981104642995,0.03
1.0,0.2,0.01,0.0,40,kink,15,2.9993296633044686,-0.4433766387298959,0.0466646779795763,-17.47544954794291,15.055360785015598,1.7270205873342712,2.993718402319433,-0.4393290287910724,0.042435605875242435,0.03
1.0,0.2,0.01,0.0,40,shrink,15,2.9980018955709067,-0.44557824471021873,0.04984572706436562,-18.891801259855615,15.055360785015598,2.5094958778856533,2.9897350991187475,-0.4459338467320408,0.051978753129610394,0.01
1.0,0.2,0.01,0.0,40,current,16,3.001305504510982,-0.43813953909529335,0.05329046443660195,-17.41986522756183,15.149402923932247,2.5282522440490105,3.003033453552394,-0.43120994476845714,0.049758448486582535,0.03
1.0,0.2,0.01,0.0,40,kink,16,2.995209798427643,-0.43809959962990086,0.05073149049810027,-15.213646394065204,15.149402923932247,2.736287802099494,2.9847463353023778,-0.4310901263722797,0.04208152667107751,0.03
1.0,0.2,0.01,0.0,40,shrink,16,2.998813759482882,-0.4446428382917067,0.05264689616457393,-17.97683467841673,15.149402923932247,2.9592278363848914,2.9955582184680942,-0.4507198423576974,0.04782774367049846,0.01
1.0,0.2,0.01,0.0,40,current,17,3.0026457253425023,-0.4500826299451059,0.042890480834015116,-18.529357968244238,15.691548432131405,-0.07753709564617695,3.000242659875292,-0.4610785401989306,0.05357550974830685,0.03
1.0,0.2,0.01,0.0,40,kink,17,3.007735208519968,-0.44780638437983417,0.03632385811891098,-15.973675795569793,15.691548432131405,0.7885334631066199,3.015511109407687,-0.45424980350311545,0.033875641602994416,0.03
1.0,0.2,0.01,0.0,40,shrink,17,3.0051692903165232,-0.443271602399921,0.03698174454252217,-18.134325204387608,15.691548432131405,3.943120637568253,3.007813354797354,-0.44064545756337603,0.03584930087382798,0.01
1.0,0.2,0.01,0.0,40,current,18,3.009571997823199,-0.4499739379611667,0.04420441545270562,-17.125494337040532,15.538150703928894,1.1440770103098152,3.0053344311436483,-0.4507047609817305,0.04042061568228458,0.03
1.0,0.2,0.01,0.0,40,kink,18,3.0060034654871948,-0.44923332778754266,0.045671579623652585,-18.501322849954285,15.538150703928894,1.415879943346705,2.9946288341356357,-0.44848293046085824,0.044822108195125464,0.03
1.0,0.2,0.01,0.0,40,shrink,18,3.0087430156655466,-0.4479623671922584,0.04877572337142564,-16.476503449377915,15.538150703928894,0.4160414614378962,3.0028474846706934,-0.4446700486750057,0.05413453943844466,0.01
1.0,0.2,0.01,0.0,40,current,19,2.9980649067164795,-0.44364914182338805,0.053495976518458214,-18.688668203788826,14.500928325047557,1.8005637593341755,2.991364421701563,-0.442097421430955,0.052310676862003816,0.03
1.0,0.2,0.01,0.0,40,kink,19,2.9925214852551267,-0.44659232949409855,0.059149973229931464,-18.87824373298268,14.500928325047557,1.643466881484597,2.974734157317505,-0.45092698444308665,0.06927266699642358,0.03
1.0,0.2,0.01,0.0,40,shrink,19,2.997936779802552,-0.44757158409704273,0.05097305958166768,-11.491748682566817,14.500928325047557,2.8301815506157415,2.990980040959781,-0.4538647482519192,0.044741926051632235,0.01
1.0,0.2,0.01,0.0,40,current,20,2.9959159912534763,-0.44412958742317404,0.05555946733211883,-18.09680276227446,15.461699107115752,1.831003682643465,3.002668703129915,-0.43789630853984385,0.04773922232424076,0.03
1.0,0.2,0.01,0.0,40,kink,20,2.997247347130456,-0.44886215960146963,0.05403593637302743,-17.84211197366141,15.461699107115752,0.15389258485722768,3.0066627707608538,-0.4520940250747307,0.04316862944696659,0.03
1.0,0.2,0.01,0.0,40,shrink,20,2.990638019686197,-0.44431466123005836,0.061530142622374495,-16.693581368648342,15.461699107115752,2.0793112080796226,2.9868347884280766,-0.43845152996049686,0.0656512481950078,0.01
1.0,0.2,0.01,0.0,40,current,21,2.998066582923021,-0.43630287752601377,0.05404514812076381,-17.184252726388415,15.757393825005462,3.378187268813571,3.003851453743086,-0.43904003800772506,0.05018060648294765,0.03
1.0,0.2,0.01,0.0,40,kink,21,2.994111186319335,-0.4348036514275608,0.059650208877167314,-17.2259301249332,15.757393825005462,2.580672536919149,2.991985263932027,-0.43454235971236604,0.06699578875215814,0.03
1.0,0.2,0.01,0.0,40,shrink,21,3.001605742297688,-0.43888607249863015,0.0437669023866273,-14.26155158531936,15.757393825005462,2.7499193368284387,3.0144689318670865,-0.4467896229255742,0.019345869280538112,0.01
1.0,0.2,0.01,0.0,40,current,22,3.002973087485031,-0.4499720594421792,0.04818848274126463,-16.84930627882914,13.86658292305055,1.4225411534760153,3.010390046104231,-0.4510629831224216,0.04850438092407857,0.03
1.0,0.2,0.01,0.0,40,kink,22,2.9994571253586955,-0.4532515647142677,0.053184921624652916,-17.22273037669156,13.86658292305055,0.921729871759803,2.9998421597252247,-0.4609014989386871,0.06349369757424345,0.03
1.0,0.2,0.01,0.0,40,shrink,22,3.001017050248795,-0.45110855235308556,0.052841068316123486,-17.24858484729786,13.86658292305055,-2.6683323947307143,3.004521934395523,-0.45447246185514056,0.06246213764865516,0.01
1.0,0.2,0.01,0.0,40,current,23,2.9961931617073714,-0.4430376199259434,0.05095114579600644,-16.873300410020825,15.661717777432871,-0.2690886327148492,3.007616258499528,-0.45819375965618736,0.060118112694784516,0.03
1.0,0.2,0.01,0.0,40,kink,23,2.9908948874436603,-0.43301305969289366,0.04399001138475165,-17.99462398287196,15.661717777432871,1.212069715369861,2.991721435708394,-0.42812007895703796,0.03923470946102014,0.03
1.0,0.2,0.01,0.0,40,shrink,23,2.9944879316920563,-0.4392578976216131,0.04760103809902696,-18.553620337502622,15.661717777432871,4.914643471612124,3.0025005684535837,-0.4468545927431962,0.05006778960384605,0.01
1.0,0.2,0.01,0.0,40,current,24,3.003660615031246,-0.44922546896672366,0.05292957027341969,-16.696550416492748,14.204864456767066,0.30145006657930473,2.999957814342101,-0.45285704633045065,0.053046813433098965,0.03
1.0,0.2,0.01,0.0,40,kink,24,3.0073166081386282,-0.4499236059919934,0.05266430539659534,-17.53994205607799,14.204864456767066,0.3822325903747614,3.0109257936642466,-0.45495145740625986,0.052251018802625906,0.03
1.0,0.2,0.01,0.0,40,shrink,24,3.0083567698769578,-0.4472809578781991,0.054390143896077804,-13.965512199540306,14.204864456767066,3.683199556042731,3.014046278879237,-0.4470235130648771,0.057428534301073295,0.01
1.0,0.2,0.01,0.0,40,current,25,2.996783126514323,-0.4466712462494485,0.05246409029088991,-17.6679289653943,16.67513610497883,2.5793366265691415,2.9981693118535118,-0.43427947962266905,0.05702391229205886,0.03
1.0,0.2,0.01,0.0,40,kink,25,3.001475905837843,-0.4511528035192856,0.05345904486484707,-16.939385469991525,16.67513610497883,2.1068385631140494,3.01224764982407,-0.4477241514321804,0.06000877601393037,0.03
1.0,0.2,0.01,0.0,40,shrink,25,2.99426909816979,-0.44825625429219035,0.050656097038178194,-21.70540658525976,16.67513610497883,-1.4211044781203495,2.990627226819913,-0.43903450375089476,0.05159993253392375,0.01
1.0,0.2,0.01,0.0,40,current,26,2.9952237404117033,-0.4459137369349036,0.058499937983063445,-18.05701209258941,14.697016638179768,0.5682693592012737,3.0013098640107057,-0.4508132631607506,0.06384183988176423,0.03
1.0,0.2,0.01,0.0,40,kink,26,2.9968428798656404,-0.44723213374719867,0.050165775556569404,-16.26449414410598,14.697016638179768,0.6342756211372154,3.006167282372517,-0.4547684535976357,0.03883935260228209,0.03
1.0,0.2,0.01,0.0,40,shrink,26,2.995580178787286,-0.44527984672674403,0.05372664213048727,-16.76462978132906,14.697016638179768,3.01373841413703,3.0023791791374554,-0.448911592536272,0.049521952324035674,0.01
1.0,0.2,0.01,0.0,40,current,27,3.000036978412295,-0.4435042112689127,0.04650914805449891,-17.30130186923092,14.872811026084563,1.4969617033405302,3.0033707345659084,-0.4435211940037951,0.04050401618596054,0.03
1.0,0.2,0.01,0.0,40,kink,27,3.0019910498936064,-0.4442932330711169,0.047913340162149216,-17.6283656951194,14.872811026084563,0.6679415830257529,3.009232949009845,-0.4458882594104076,0.04471659250891145,0.03
1.0,0.2,0.01,0.0,40,shrink,27,2.9964393522271013,-0.444149037633476,0.052010068776257835,-17.414402109661967,14.872811026084563,2.1558160961043615,2.9925778560103278,-0.44545567309748485,0.05700677835123732,0.01
1.0,0.2,0.01,0.0,40,current,28,2.999845595856112,-0.44373637357405205,0.047668584188576606,-17.675303198692674,14.516668518153244,1.1463507504575747,2.987904545805227,-0.44593181273523996,0.050573502626774534,0.03
1.0,0.2,0.01,0.0,40,kink,28,2.9993517594195453,-0.44637364386241724,0.05008835858890067,-19.69226034886885,14.516668518153244,1.6065275932177001,2.986423036495526,-0.45384362360033537,0.05783282582774672,0.03
1.0,0.2,0.01,0.0,40,shrink,28,3.0033884859678146,-0.4458275339111208,0.0502253639732707,-20.49092954423665,14.516668518153244,-0.7796274299987094,2.9985332161403333,-0.4522052937464459,0.05824384198085683,0.01
1.0,0.2,0.01,0.0,40,current,29,3.001927524687508,-0.4422299247025722,0.04013079703535639,-16.540703084143434,14.890610212386497,1.407223994798426,3.0108055095708015,-0.4510196178555958,0.047645983669636655,0.03
1.0,0.2,0.01,0.0,40,kink,29,3.0005951303675644,-0.44494042653466187,0.04050712622209047,-16.363523878626076,14.890610212386497,-0.17161930560418148,3.00680832661097,-0.4591511233518647,0.0487749712298389,0.03
1.0,0.2,0.01,0.0,40,shrink,29,2.9980540245028813,-0.439013040397429,0.04138830594773749,-17.615322170739503,14.890610212386497,5.079962572146747,2.999185009016922,-0.4413689649401661,0.05141851040677995,0.01
1.0,0.2,0.01,0.0,40,current,30,3.0024568235126505,-0.44957124093930984,0.04941479234303437,-18.16782571360261,15.341310320726288,0.8293258369511074,3.002986083381157,-0.44846789853342683,0.04381594607584316,0.03
1.0,0.2,0.01,0.0,40,kink,30,3.0041043463183574,-0.45229763896757924,0.053625655796529816,-16.803267366998192,15.341310320726288,1.3226091616947604,3.007928651798278,-0.456647092618235,0.0564485364363295,0.03
1.0,0.2,0.01,0.0,40,shrink,30,2.9979118418342448,-0.44575214322721673,0.05602591772877402,-17.157791044209297,15.341310320726288,3.7766965366226186,2.989351138345938,-0.43701060539714753,0.06364932223306212,0.01
1.0,0.2,0.01,0.0,40,current,31,2.994062496187562,-0.4440206151833872,0.04701659414152636,-18.328072339722546,15.055283246503732,1.7007048164702487,2.9907514131933572,-0.4394156683851728,0.045399534354970704,0.03
1.0,0.2,0.01,0.0,40,kink,31,2.992954204220679,-0.44729196014933287,0.04465556852402752,-16.1859668385853,15.055283246503732,1.268261819277347,2.987426537292708,-0.4492297032830097,0.03831645750247419,0.03
1.0,0.2,0.01,0.0,40,shrink,31,2.9949947251857783,-0.4453403115659793,0.04894635726127986,-19.667162281335415,15.055283246503732,1.0622642493972605,2.993548100188004,-0.443374757532949,0.05118882371423123,0.01
1.0,0.2,0.01,0.0,40,current,32,2.9977253129533956,-0.4443793917091845,0.05126996166115161,-17.19482028419317,15.53206988260815,-0.3287872169364896,2.9982274869651966,-0.45519989014689977,0.05563194228535429,0.03
1.0,0.2,0.01,0.0,40,kink,32,2.993726634689876,-0.43921244073030047,0.05252171066830804,-17.313116971389753,15.53206988260815,1.124098181272255,2.986231452174638,-0.43969903721024783,0.05938718930682358,0.03
1.0,0.2,0.01,0.0,40,shrink,32,2.9998267481024676,-0.44342921573291405,0.052925003148474405,-15.544095438352606,15.53206988260815,1.6847387845073833,3.004531792412413,-0.4523493622180884,0.06059706674732269,0.01
1.0,0.2,0.01,0.0,40,current,33,3.0030881411625963,-0.45055316121271494,0.04894924040882148,-17.00396658603511,15.090859210359959,1.6076319069566112,3.0060145244340095,-0.4529729607401731,0.0508892455681635,0.03
1.0,0.2,0.01,0.0,40,kink,33,2.998121632390204,-0.4462591807643744,0.05051968635446538,-17.817016358752284,15.090859210359959,1.621708272532895,2.9911149981168323,-0.44009101939515133,0.0556005834050952,0.03
1.0,0.2,0.01,0.0,40,shrink,33,2.998225360628504,-0.44992746009215906,0.05010082353983517,-18.563233721661565,15.090859210359959,-0.17631667463101786,2.9914261828317326,-0.45109585737850527,0.054343994961204595,0.01
1.0,0.2,0.01,0.0,40,current,34,2.9994092456162726,-0.4506543844085482,0.05370080040077444,-17.290348700919576,14.809976150233295,1.092847416254343,2.996180791749736,-0.4515451813036587,0.05625932411935052,0.03
1.0,0.2,0.01,0.0,40,kink,34,2.997197761573952,-0.4477813732907663,0.05247016447068359,-17.76039103471951,14.809976150233295,2.035136688293305,2.9895463396227715,-0.44292614795031293,0.05256741632907794,0.03
1.0,0.2,0.01,0.0,40,shrink,34,2.9989383285218856,-0.44646289572774434,0.04885174642183291,-15.005223642543033,14.809976150233295,0.6697952678045749,2.9947680404665737,-0.4389707152612473,0.04171216218252592,0.01
1.0,0.2,0.01,0.0,40,current,35,2.9974601334437634,-0.4451794492302625,0.056397029667986924,-17.255044772918957,13.697125018493955,1.410755323704026,2.997659976265331,-0.4405491291334305,0.06161933862706426,0.03
1.0,0.2,0.01,0.0,40,kink,35,2.992226817260517,-0.44820127311085,0.055697626017744535,-16.208502905006263,13.697125018493955,0.6958969513501319,2.981960027715591,-0.44961460077519294,0.059521127676337104,0.03
1.0,0.2,0.01,0.0,40,shrink,35,3.003915659071891,-0.44517594822625006,0.051412270702673395,-15.15411507177419,13.697125018493955,0.6927466001034928,3.0170265531497127,-0.4405386261213932,0.04666506173112368,0.01
1.0,0.2,0.01,0.0,40,current,36,3.0003754543125183,-0.4504246143851373,0.05457436693900906,-15.869825107667369,14.780487445959608,0.9916776478905156,3.0106482758270134,-0.4503834076829878,0.049291228069093286,0.03
1.0,0.2,0.01,0.0,40,kink,36,3.0032132019941926,-0.453662935477732,0.05318435962324108,-18.04684847741037,14.780487445959608,1.0329933681098558,3.0191615188720373,-0.4600983709607719,0.045121206121789346,0.03
1.0,0.2,0.01,0.0,40,shrink,36,2.9976436584537303,-0.4498895330382913,0.055309297173971074,-22.85828041458318,14.780487445959608,1.7687907494352442,3.00245288825065,-0.4487781636424499,0.05149601877397936,0.01
1.0,0.2,0.01,0.0,40,current,37,2.9963772112366827,-0.44534689509255604,0.04933156711968669,-17.395129516488936,13.896605362460894,1.5619073896529536,2.997459446953062,-0.4484659891580763,0.050020581812224345,0.03
1.0,0.2,0.01,0.0,40,kink,37,2.99270195145759,-0.44205730874206983,0.0502649669612023,-17.015621714855314,13.896605362460894,0.20884955510304004,2.986433667615783,-0.4385972301066178,0.05282078133677117,0.03
1.0,0.2,0.01,0.0,40,shrink,37,2.9964079076826398,-0.44828101806055787,0.0508656453710585,-19.133805596387365,13.896605362460894,-1.3302374688417447,2.997551536290933,-0.45726835806208177,0.054622816566339764,0.01
1.0,0.2,0.01,0.0,40,current,38,2.997833225660456,-0.44994291798480823,0.04994437503899413,-17.454869439438376,15.526374460066949,1.693936308839552,2.9887026303496986,-0.44364074913776114,0.0528804998929036,0.03
1.0,0.2,0.01,0.0,40,kink,38,3.008803574778925,-0.45157046940809914,0.04374916440258906,-16.25085215429876,15.526374460066949,1.3319944580901844,3.021613677705104,-0.44852340340763375,0.034294867983688374,0.03
1.0,0.2,0.01,0.0,40,shrink,38,3.0040922134439705,-0.450283947221956,0.046305580113590615,-16.632899822021223,15.526374460066949,1.127831927500274,3.0074795937002414,-0.44466383684920446,0.04196411511669305,0.01
1.0,0.2,0.01,0.0,40,current,39,3.0036804818378555,-0.44605282857362355,0.050490190815631115,-17.419487695683753,15.296777670163303,1.3691596460515678,3.001728571164154,-0.457677751502899,0.05311840303142882,0.03
1.0,0.2,0.01,0.0,40,kink,39,3.0153218176598844,-0.4482120517286523,0.040525744276647215,-16.364605875865465,15.296777670163303,1.807116698710083,3.036652578630241,-0.4641554209679854,0.0232250634144771,0.03
1.0,0.2,0.01,0.0,40,shrink,39,3.0005184380703542,-0.44465985388153983,0.050258095861512114,-15.416388222242327,15.296777670163303,2.2466101965018495,2.9922424398616507,-0.4534988274266479,0.0524221181690718,0.01
1.0,0.2,0.01,0.0,40,current,40,2.9929832158105083,-0.44025957895944806,0.04715118250096737,-16.585005551484826,15.45588699668244,0.8807861292377488,3.000032061668035,-0.4362959937711087,0.04126252825089619,0.03
1.0,0.2,0.01,0.0,40,kink,40,2.9880963346106078,-0.443155364689294,0.058563002392005487,-18.010775746808385,15.45588699668244,1.1154966217944189,2.9853714180683326,-0.4449833509606466,0.07549798792401052,0.03
1.0,0.2,0.01,0.0,40,shrink,40,2.9911116366563433,-0.4432023769065431,0.051785087552311974,-19.917806801995255,15.45588699668244,1.3566913471943471,2.9944173242055387,-0.4451243876123938,0.055164243404929994,0.01
1.0,0.2,0.01,0.0,40,current,41,3.008207135022665,-0.4438246480355221,0.05397467064794547,-15.521417431044,14.848041086251751,1.1061861669079764,3.009342364681075,-0.44391882306099106,0.052363633166713,0.03
1.0,0.2,0.01,0.0,40,kink,41,3.0074961961906546,-0.44323243223383413,0.05795504267758695,-18.37399903300216,14.848041086251751,1.0672290946124823,3.007209548185043,-0.44214217565592734,0.06430474925563748,0.03
1.0,0.2,0.01,0.0,40,shrink,41,3.0070220171048216,-0.44526521419123927,0.050936731750943466,-15.939727920483122,14.848041086251751,2.3072496710181185,3.005787010927545,-0.4482405215281426,0.043249816475707,0.01
1.0,0.2,0.01,0.0,40,current,42,3.005942942690257,-0.43974980456722973,0.05334151745434853,-16.808307775552535,15.167448178358391,1.1471073818285267,3.0066576116385866,-0.44590149971169296,0.0584508796576966,0.03
1.0,0.2,0.01,0.0,40,kink,42,3.00309946953665,-0.43727247174019573,0.04664108493750523,-18.4338346160348,15.167448178358391,-1.0356002425786837,2.998127192177765,-0.4384695012305909,0.038349582107166706,0.03
1.0,0.2,0.01,0.0,40,shrink,42,2.997465761476505,-0.4399649313025092,0.04911839223634262,-21.811493441492093,15.167448178358391,-0.39230853490656714,2.98122606799733,-0.4465468799175313,0.04578150400367889,0.01
1.0,0.2,0.01,0.0,40,current,43,3.0083648374860084,-0.4481111061227701,0.05384498953921198,-17.202269034902585,14.479175781487651,0.9310127900707403,3.016812988125878,-0.45148097961898936,0.05543856482239184,0.03
1.0,0.2,0.01,0.0,40,kink,43,3.0024626742310674,-0.44459654851901687,0.05235434329921098,-17.08546272736397,14.479175781487651,0.24905178693048113,2.999106498361056,-0.44093730680772963,0.05096662610238883,0.03
1.0,0.2,0.01,0.0,40,shrink,43,3.0091670015957015,-0.44709679606406616,0.05437934255770313,-14.833770214950391,14.479175781487651,0.33821105498991644,3.0192194804549577,-0.4484380494428774,0.057041623877865266,0.01
1.0,0.2,0.01,0.0,40,current,44,3.0042328083686605,-0.4514942465078131,0.056668297851203864,-17.61459873854032,15.20036260074709,1.513171070332208,2.9933554171151973,-0.44669010194890113,0.05118555254816688,0.03
1.0,0.2,0.01,0.0,40,kink,44,2.9997689029726904,-0.45003963498244387,0.05499060255989316,-18.329273415736914,15.20036260074709,0.9203509481642469,2.9799637009272884,-0.4423262673727935,0.04615246667423478,0.03
1.0,0.2,0.01,0.0,40,shrink,44,3.001898390002132,-0.4491718438709531,0.05332254368962808,-19.74495037885959,15.20036260074709,1.2350368319841807,2.9863521620156117,-0.439722894038321,0.041148290063439535,0.01
1.0,0.2,0.01,0.0,40,current,45,2.9994107378801775,-0.44012751053293653,0.05006354938174005,-16.316883741161618,15.535310519054393,1.8539700594434423,3.0243155363049565,-0.4389781869029607,0.04438950704361438,0.03
1.0,0.2,0.01,0.0,40,kink,45,2.9866961483049255,-0.4433245187472961,0.04875569161614768,-16.450143953504316,15.535310519054393,1.4982456857354591,2.9861717675792,-0.44856921154603946,0.04046593374683725,0.03
1.0,0.2,0.01,0.0,40,shrink,45,2.9905500528048985,-0.4437537224243204,0.0524788563714576,-20.8754046597495,15.535310519054393,1.0920253832346842,2.9977334810791185,-0.44985682257711207,0.05163542801276702,0.01
1.0,0.2,0.01,0.0,40,current,46,2.996223274907079,-0.44134654962317077,0.05145881688887691,-19.30432035305459,15.92978871005239,1.9227781669029615,2.9804871710610774,-0.44301707004065416,0.06804142360986302,0.03
1.0,0.2,0.01,0.0,40,kink,46,2.9964611501162506,-0.4387561993168445,0.05133174464801917,-17.614997147305576,15.92978871005239,1.4558078749221703,2.981200796688594,-0.4352460191216755,0.06766020688728981,0.03
1.0,0.2,0.01,0.0,40,shrink,46,2.9971068205470606,-0.43968223663624656,0.04513071145006136,-18.725906365925354,15.92978871005239,4.51048024503766,2.9831378079810236,-0.43802413107988164,0.04905710729341637,0.01
1.0,0.2,0.01,0.0,40,current,47,2.9967885217623063,-0.43684805083840444,0.05516808675228729,-17.910570326025862,16.47450976861514,0.8643786010857535,3.000368462004422,-0.44046163490909435,0.05493067214937609,0.03
1.0,0.2,0.01,0.0,40,kink,47,2.9969903549866097,-0.43637901223394304,0.05150461788051425,-15.030848582887028,16.47450976861514,0.23183778617324635,3.0009739616773334,-0.43905451909571025,0.04394026553405694,0.03
1.0,0.2,0.01,0.0,40,shrink,47,2.9939770880700998,-0.440759314384437,0.054039435799339196,-19.925499326274362,16.47450976861514,-0.4877466376483699,2.991934160927803,-0.45219542554719194,0.051544719290531775,0.01
1.0,0.2,0.01,0.0,40,current,48,3.000868065522966,-0.4432403612543383,0.04966201262011528,-15.82078287325864,15.442413738455874,-0.770850704662968,3.0097888288986057,-0.44947329018581716,0.038843839886158374,0.03
1.0,0.2,0.01,0.0,40,kink,48,3.005123657730555,-0.4399875736803159,0.04599736808715724,-17.193987748888357,15.442413738455874,1.2520721674236388,3.022555605521372,-0.4397149274637499,0.027849906287284246,0.03
1.0,0.2,0.01,0.0,40,shrink,48,2.9992724383505482,-0.4393495694071978,0.05148310645330256,-8.971543217376531,15.442413738455874,-3.480953348805433,3.0050019473813525,-0.43780091464439563,0.044307121385720225,0.01
1.0,0.2,0.01,0.0,40,current,49,2.999071682506307,-0.44756467745481654,0.0470934351474445,-16.669602144455826,15.15079859571148,1.1619627772519205,3.0010976744616915,-0.44502811719308716,0.04906542772108463,0.03
1.0,0.2,0.01,0.0,40,kink,49,2.996335216636466,-0.44397406369806164,0.04378541078891907,-17.943321808885003,15.15079859571148,1.8522913104917087,2.992888276852169,-0.4342562759228226,0.03914135464550835,0.03
1.0,0.2,0.01,0.0,40,shrink,49,2.9970317816746985,-0.4481396890284466,0.04495698999946041,-21.304200099744385,15.15079859571148,1.2444975073386975,2.994977971966867,-0.4467531519139771,0.04265609227713238,0.01
1.0,0.2,0.01,0.0,44,current,0,5.473118657737395,-0.6392689215482001,0.042138812914610045,-24.343142084502887,19.025170243677014,1.765869785751121,5.4710709706063465,-0.6178620748818563,0.03830871298482498,0.03
1.0,0.2,0.01,0.0,44,kink,0,5.468183368629319,-0.6326791598445637,0.042764488959239455,-20.610319214730715,19.025170243677014,0.9993002317614754,5.456265103282117,-0.5980927897709467,0.040185741118713245,0.03
1.0,0.2,0.01,0.0,44,shrink,0,5.473425562997252,-0.6446828821087983,0.04495991726112144,-24.048206447798822,19.025170243677014,4.048702575988542,5.471991686385918,-0.6341039565636509,0.04677202602435916,0.01
1.0,0.2,0.01,0.0,44,current,1,5.459856995342904,-0.6451665025589692,0.054320024701509706,-24.36781627419573,20.102566589199945,0.06070719821377568,5.45054121326302,-0.636617269594452,0.054695898866362745,0.03
1.0,0.2,0.01,0.0,44,kink,1,5.487043714524251,-0.6468257564476995,0.04519690508132359,-21.415210895233514,20.102566589199945,-1.3414395447668077,5.532101370807059,-0.6415950312606428,0.027326540005804395,0.03
1.0,0.2,0.01,0.0,44,shrink,1,5.474418921039361,-0.6411706706736952,0.05211199730497248,-22.59480151996961,20.102566589199945,5.58075138694152,5.49422699035239,-0.6246297739386298,0.04807181667675107,0.01
1.0,0.2,0.01,0.0,44,current,2,5.47284457446525,-0.6434796211380571,0.05072749060543615,-23.047321328089147,21.26834954914439,0.6077664485605634,5.474285435015913,-0.6484960882424421,0.05301505485003042,0.03
1.0,0.2,0.01,0.0,44,kink,2,5.465857199258012,-0.6444386384200765,0.05300055433934992,-21.345011107208983,21.26834954914439,0.5400657287517749,5.453323309394198,-0.6513731400885002,0.059834246051771726,0.03
1.0,0.2,0.01,0.0,44,shrink,2,5.468537068517037,-0.6446955186724055,0.0522130052046147,-23.788829893177834,21.26834954914439,5.662184879970905,5.461362917171274,-0.652143780845487,0.05747159864756607,0.01
1.0,0.2,0.01,0.0,44,current,3,5.47292558092089,-0.6359424387006576,0.03570424238280643,-21.047276987225928,17.1210501318146,-0.08282876079207213,5.457955122119335,-0.6500877104605701,0.05958789060160148,0.03
1.0,0.2,0.01,0.0,44,kink,3,5.474896420073592,-0.627045610210763,0.03656845214320084,-21.008141506922406,17.1210501318146,0.7376955206872211,5.463867639577441,-0.6233972249908861,0.062180519882784724,0.03
1.0,0.2,0.01,0.0,44,shrink,3,5.475758968750719,-0.6375659190758193,0.031207202500031655,-15.249747402519851,17.1210501318146,-1.6672408322295798,5.46645528560882,-0.6549581515860551,0.04609677095327715,0.01
1.0,0.2,0.01,0.0,44,current,4,5.4736511399312135,-0.6419945989637913,0.04799605967127313,-21.903781918414687,21.687018223415862,0.25510562426422867,5.468724557152631,-0.6420096002227342,0.05670789029545402,0.03
1.0,0.2,0.01,0.0,44,kink,4,5.478564552546313,-0.6574375149030934,0.04774242477319985,-21.18682953724714,21.687018223415862,0.722279926682375,5.483464794997932,-0.688338348040641,0.05594698560123419,0.03
1.0,0.2,0.01,0.0,44,shrink,4,5.474166813174247,-0.6382508289254772,0.044572405363010555,-12.824982347585877,21.687018223415862,-2.5609654803053354,5.4702715768817365,-0.630778290107792,0.046436927370666306,0.01
1.0,0.2,0.01,0.0,44,current,5,5.464094931608757,-0.6410553759389451,0.047598163813993004,-24.27294776064236,17.462424550577943,0.15076361808875394,5.460979584718263,-0.6286795354075604,0.06955340341414154,0.03
1.0,0.2,0.01,0.0,44,kink,5,5.474819976090342,-0.6438647511707726,0.03727211628392461,-22.296324952786634,17.462424550577943,0.6981771319444008,5.493154718163021,-0.637107661103043,0.03857526082393637,0.03
1.0,0.2,0.01,0.0,44,shrink,5,5.475206400946834,-0.6426387406960322,0.04264515989289244,-17.372254424844826,17.462424550577943,-2.5631691965035364,5.494313992732495,-0.6334296296788215,0.05469439165083987,0.01
1.0,0.2,0.01,0.0,44,current,6,5.463241343712652,-0.6396594335914948,0.03587858404451813,-22.94645638996144,21.13532922246109,-0.5277676365006922,5.479775312239776,-0.6408723818925918,0.051561051600298745,0.03
1.0,0.2,0.01,0.0,44,kink,6,5.4715713667313315,-0.6447289877608126,0.028530671024111942,-22.351849125791922,21.13532922246109,2.583761619797273,5.504765381295814,-0.6560810444005449,0.02951731253908019,0.03
1.0,0.2,0.01,0.0,44,shrink,6,5.455478876671749,-0.6415875601221538,0.034888637080764846,-22.793808126069152,21.13532922246109,6.94215076498526,5.456487911117068,-0.6466567614845685,0.048591210709038886,0.01
1.0,0.2,0.01,0.0,44,current,7,5.466511694142576,-0.6306891650342096,0.04695081892113623,-20.958601367166644,20.812701154566263,1.2866020765876662,5.49658781728974,-0.6284097433810394,0.059179111852592926,0.03
1.0,0.2,0.01,0.0,44,kink,7,5.46398875677934,-0.6400703052772909,0.04242098658053861,-20.011574568575895,20.812701154566263,1.6209211069018687,5.489019005200031,-0.6565531641102836,0.04558961483080009,0.03
1.0,0.2,0.01,0.0,44,shrink,7,5.4653874323148655,-0.6340075317583515,0.04257817779746148,-26.220861090184037,20.812701154566263,0.45958660736132284,5.493215031806609,-0.6383648435534652,0.046061188481568704,0.01
1.0,0.2,0.01,0.0,44,current,8,5.45847840711567,-0.631206595249037,0.06800492649041083,-24.192687294950165,18.28074841237527,0.38474562607965246,5.471082310822927,-0.6431828095483767,0.05828292443929746,0.03
1.0,0.2,0.01,0.0,44,kink,8,5.460241017313937,-0.6348626151362082,0.06417994650072473,-22.73927881008661,18.28074841237527,-0.03587386887326738,5.476370141417729,-0.6541508692098906,0.04680798447023917,0.03
1.0,0.2,0.01,0.0,44,shrink,8,5.455280246533754,-0.6293941101450212,0.07272755328352005,-20.92339744823247,18.28074841237527,3.884678632807082,5.461487829077184,-0.6377453542363295,0.07245080481862515,0.01
1.0,0.2,0.01,0.0,44,current,9,5.458057738431374,-0.6375539337349068,0.056373710626946065,-22.3807810321424,18.769111696283222,-0.5277509948806951,5.453224775838563,-0.6256018465542219,0.05622974552983749,0.03
1.0,0.2,0.01,0.0,44,kink,9,5.457124692045288,-0.6369736962246239,0.0462026762005583,-20.52314685231714,18.769111696283222,0.49010190139193655,5.450425636680307,-0.6238611340233731,0.02571664225067421,0.03
1.0,0.2,0.01,0.0,44,shrink,9,5.461730160851002,-0.644316227816945,0.05449536211722702,-21.39347945434102,18.769111696283222,-3.440655349594822,5.464242043097449,-0.6458887288003367,0.05059470000068036,0.01
1.0,0.2,0.01,0.0,44,current,10,5.456184277916395,-0.6419132910426374,0.05620535838013372,-24.04136264673975,20.40905986272756,1.8477669744203564,5.473046094532207,-0.6472281713127199,0.0508179676395752,0.03
1.0,0.2,0.01,0.0,44,kink,10,5.4613514795766,-0.638887024648826,0.049900626145802714,-21.873852030192104,20.40905986272756,1.4441661572758027,5.488547699512825,-0.6381493721312852,0.031903770936582164,0.03
1.0,0.2,0.01,0.0,44,shrink,10,5.453954404384631,-0.6400431347904508,0.060587391736191175,-18.972744142004935,20.40905986272756,-2.595924976927213,5.466356473936916,-0.6416177025561599,0.06396406770774754,0.01
1.0,0.2,0.01,0.0,44,current,11,5.482435351966269,-0.6452337386653774,0.03841886439210373,-23.95749980898191,18.494684632060505,0.5040399267287134,5.505543198561488,-0.6439031315029258,0.038191042313248526,0.03
1.0,0.2,0.01,0.0,44,kink,11,5.451410356020816,-0.6515980928379302,0.056868588586784286,-20.097676733011674,18.494684632060505,1.840820344431726,5.412468210725132,-0.6629961940205846,0.0935402148972902,0.03
1.0,0.2,0.01,0.0,44,shrink,11,5.456972984880466,-0.6430993362587859,0.04822979096596312,-23.975414175497797,18.494684632060505,-5.566824275456513,5.429156097304078,-0.6374999242831515,0.06762382203482668,0.01
1.0,0.2,0.01,0.0,44,current,12,5.467983751988513,-0.6437489275136908,0.04534086598573613,-24.458071052793407,17.814392407635758,-0.4629180309559435,5.455543421547687,-0.6447626213258647,0.04331147600215558,0.03
1.0,0.2,0.01,0.0,44,kink,12,5.465346339774278,-0.6283314823149414,0.05148993309838307,-22.929070575726236,17.814392407635758,1.8237687593913867,5.447631184904983,-0.5985102857296165,0.061758677340096386,0.03
1.0,0.2,0.01,0.0,44,shrink,12,5.471666372845692,-0.6473657190218349,0.041826766252416214,-18.481250065141275,17.814392407635758,6.529552127395829,5.4665912841192235,-0.655612995850297,0.032769176802195814,0.01
1.0,0.2,0.01,0.0,44,current,13,5.4620766766626545,-0.6390325622134632,0.06827541155638268,-24.649234805197366,18.69835282591965,-0.46355671001732257,5.447367750474339,-0.6401980207990496,0.0730482446238288,0.03
1.0,0.2,0.01,0.0,44,kink,13,5.468572417427187,-0.6377455829073022,0.06395743294288851,-23.25703599377007,18.69835282591965,1.497940239167904,5.466854972767935,-0.6363370828805666,0.060094308783346276,0.03
1.0,0.2,0.01,0.0,44,shrink,13,5.466077459992879,-0.6404645890208313,0.06480306801889159,-20.7916865365299,18.69835282591965,-0.06812904796828301,5.459370100465013,-0.6444941012211535,0.0626312140113555,0.01
1.0,0.2,0.01,0.0,44,current,14,5.472085939512213,-0.643280824799004,0.047212101933677066,-21.12880939162117,18.321775637975186,0.7215201099560848,5.474829719580394,-0.633383443328311,0.04428226375351852,0.03
1.0,0.2,0.01,0.0,44,kink,14,5.4680003133040875,-0.643882234108364,0.05728284906064065,-25.734679846274766,18.321775637975186,0.7547879621228093,5.462572840956016,-0.6351876712563911,0.07449450513440928,0.03
1.0,0.2,0.01,0.0,44,shrink,14,5.4657647616034835,-0.6438943553937371,0.05147003549748284,-21.914572037830084,18.321775637975186,1.4184121234648284,5.455866185854205,-0.6352240351125104,0.057056064444935856,0.01
1.0,0.2,0.01,0.0,44,current,15,5.470641432494837,-0.6461679186057926,0.04940128538037505,-23.907001120814808,19.807131807105097,-0.8382572364472838,5.466862302004389,-0.6486314796924364,0.04185421831038363,0.03
1.0,0.2,0.01,0.0,44,kink,15,5.471081499226557,-0.6385158474979917,0.05185275289468269,-25.841650282101227,19.807131807105097,1.3422569754030482,5.468182502199552,-0.6256752663690339,0.04920862085330659,0.03
1.0,0.2,0.01,0.0,44,shrink,15,5.473572931038966,-0.6395911582346071,0.05372143753003757,-25.111442317383514,19.807131807105097,4.017155058403008,5.47565679763678,-0.6289011985788803,0.054814674759371206,0.01
1.0,0.2,0.01,0.0,44,current,16,5.470968942159214,-0.6364480039032311,0.04538017691143607,-22.297972509470224,18.740433018092826,1.3523285674503431,5.467818110785432,-0.6298394146994106,0.04720370016644961,0.03
1.0,0.2,0.01,0.0,44,kink,16,5.467323422050089,-0.6390669836459901,0.04023477293690991,-23.853038340703304,18.740433018092826,-1.7986201282183936,5.456881550458055,-0.637696353927688,0.03176748824287114,0.03
1.0,0.2,0.01,0.0,44,shrink,16,5.469496501023098,-0.6419701465535917,0.0485184482909047,-16.336510230984914,18.740433018092826,-5.427496294427362,5.4634007873770845,-0.6464058426504931,0.05661851430485551,0.01
1.0,0.2,0.01,0.0,44,current,17,5.467716176832198,-0.6359131891830367,0.046786316332731524,-19.798284140352806,18.22359719427397,0.30164703928629244,5.469393390668546,-0.6308421587352114,0.03203276985998122,0.03
1.0,0.2,0.01,0.0,44,kink,17,5.464879994616315,-0.6364361030313854,0.05172780176160028,-22.091571137671934,18.22359719427397,-0.10277344752150963,5.4608848440209,-0.6324109002802575,0.04685722614658752,0.03
1.0,0.2,0.01,0.0,44,shrink,17,5.453740651594491,-0.6333647391534273,0.05433209556877899,-32.10125343363001,18.22359719427397,-0.009899421484625304,5.4274668149554275,-0.623196808646383,0.05467010756812365,0.01
1.0,0.2,0.01,0.0,44,current,18,5.473198548414087,-0.6312236523916658,0.0526294984969796,-22.006582586330147,18.369854561631925,0.5154313846324479,5.473951215849524,-0.6159315080782655,0.04385672072488886,0.03
1.0,0.2,0.01,0.0,44,kink,18,5.474761161320963,-0.6333213110330553,0.04922069206294255,-21.580398662125454,18.369854561631925,1.1658913035050218,5.478639054570153,-0.6222244840024344,0.03363030142277769,0.03
1.0,0.2,0.01,0.0,44,shrink,18,5.471409039124602,-0.6364713910781137,0.05885857410104064,-17.53352542864986,18.369854561631925,-1.3164697792420348,5.46858268798107,-0.6316747241376092,0.06254394753707196,0.01
1.0,0.2,0.01,0.0,44,current,19,5.4550433046583295,-0.6396409115470133,0.05786261085547515,-21.11864965489765,20.542557373735843,0.9284401697091318,5.468528912409612,-0.635677815244827,0.04186721253623666,0.03
1.0,0.2,0.01,0.0,44,kink,19,5.444220364065948,-0.6555054199926568,0.06060138628605077,-23.152975870518013,20.542557373735843,0.4948723713729153,5.4360600906324645,-0.6832713405817576,0.050083538827963486,0.03
1.0,0.2,0.01,0.0,44,shrink,19,5.451010077877662,-0.6363337142528817,0.0608320877214108,-10.521262647543523,20.542557373735843,1.3638105756920453,5.456429232067608,-0.6257562233624321,0.0507756431340436,0.01
1.0,0.2,0.01,0.0,44,current,20,5.482002481814223,-0.647874675550316,0.03554023499904311,-21.384714547234545,20.6368451848596,0.24844793844908697,5.49142998527209,-0.6556155781531252,0.030928909304267414,0.03
1.0,0.2,0.01,0.0,44,kink,20,5.472186212815632,-0.6402646871175574,0.0413659108787759,-24.50285553436598,20.6368451848596,0.21108408521663313,5.461981178276318,-0.6327856128548494,0.04840593694346577,0.03
1.0,0.2,0.01,0.0,44,shrink,20,5.472549111466795,-0.646698965015847,0.04130576327714335,-21.668468953818362,20.6368451848596,-1.0959783802806398,5.463069874229809,-0.6520884465497185,0.04822549413856816,0.01
1.0,0.2,0.01,0.0,44,current,21,5.468864771540415,-0.6332082555716633,0.05831784537239793,-24.075299844967013,17.404751512072828,0.78677764538104,5.462111654273873,-0.6271601153628813,0.05075289904915724,0.03
1.0,0.2,0.01,0.0,44,kink,21,5.462803925591229,-0.6363243098615546,0.06545868542003858,-19.56517682750924,17.404751512072828,-1.8680167783477006,5.443929116426315,-0.6365082782325552,0.07217541919207915,0.03
1.0,0.2,0.01,0.0,44,shrink,21,5.471857499033469,-0.6402075485577979,0.054434440274184794,-18.889194622250653,17.404751512072828,2.054428407409097,5.471089836753036,-0.6481579943212852,0.03910268375451783,0.01
1.0,0.2,0.01,0.0,44,current,22,5.464839199528286,-0.6418181126586476,0.05535711622110706,-23.82192973037984,18.64107478285828,1.0224203421096987,5.4711392066722055,-0.6294570752938743,0.04149932362176788,0.03
1.0,0.2,0.01,0.0,44,kink,22,5.4591730002638075,-0.6521367627650257,0.06909779155619851,-24.022596078777205,18.64107478285828,0.6133083899150662,5.454140608878773,-0.6604130256130086,0.08272134962704222,0.03
1.0,0.2,0.01,0.0,44,shrink,22,5.463695787127208,-0.6469395441077381,0.058412944906926285,-17.429637856222854,18.64107478285828,0.5775147518020904,5.4677089694689744,-0.6448213696411457,0.050666809679225586,0.01
1.0,0.2,0.01,0.0,44,current,23,5.471536984921257,-0.6369928185274151,0.05334108648582136,-22.712366915929916,18.400225586525014,-0.8783486646065131,5.465911497808013,-0.6374639443302791,0.05860420808759291,0.03
1.0,0.2,0.01,0.0,44,kink,23,5.473993010910639,-0.6425144921340457,0.050544089970817545,-25.32800319825442,18.400225586525014,1.9818178553338202,5.473279575776157,-0.654028965150171,0.0502132185425815,0.03
1.0,0.2,0.01,0.0,44,shrink,23,5.471183270021303,-0.6412942460552787,0.054401809330362656,-24.114831293467503,18.400225586525014,0.4055903834187069,5.464850353108154,-0.6503682269138702,0.061786376621216825,0.01
1.0,0.2,0.01,0.0,44,current,24,5.4563649769832425,-0.6360263366788333,0.04917985491421015,-25.240649507170648,20.047718685124465,-0.7749152397879928,5.447663134593623,-0.6457662637122564,0.06044166937650634,0.03
1.0,0.2,0.01,0.0,44,kink,24,5.464478225798459,-0.6370674811399714,0.047509793237649416,-21.339338424564517,20.047718685124465,1.6165641333274026,5.472002881039272,-0.6488896970956705,0.055431484346824135,0.03
1.0,0.2,0.01,0.0,44,shrink,24,5.461643552161509,-0.6344747368800044,0.04762709950533308,-25.74889508673005,20.047718685124465,-3.3919525795225463,5.463498860128422,-0.6411114643157696,0.05578340314987513,0.01
1.0,0.2,0.01,0.0,44,current,25,5.456789502989797,-0.632203427128312,0.04350677724361759,-24.652386883382782,19.851549504520257,1.0433394850681066,5.4506687463109555,-0.6419452835394228,0.06240290468909733,0.03
1.0,0.2,0.01,0.0,44,kink,25,5.456180977879174,-0.6250467967292085,0.04420126313236709,-22.195249663492014,19.851549504520257,0.31692723782849996,5.448843170979081,-0.6204753923421124,0.06448636235534586,0.03
1.0,0.2,0.01,0.0,44,shrink,25,5.458852740670626,-0.6328745268922261,0.03536851280754672,-23.366401332212575,19.851549504520257,-1.0594216886498813,5.456858459353444,-0.6439585828311654,0.03798811138088475,0.01
1.0,0.2,0.01,0.0,44,current,26,5.468224110656617,-0.6394771432113818,0.051466889200668005,-22.67025014775186,18.4080465006236,1.4805196416273343,5.492428637453656,-0.6410791994490626,0.03251927832260076,0.03
1.0,0.2,0.01,0.0,44,kink,26,5.4572803037932855,-0.6480779996678812,0.060535377075787045,-26.043204359961255,18.4080465006236,1.6049015761320604,5.45959721686366,-0.6668817688185604,0.05972474194795788,0.03
1.0,0.2,0.01,0.0,44,shrink,26,5.453356755936277,-0.635443774208249,0.06274963005813579,-21.568947108309587,18.4080465006236,1.4793587511585577,5.447826573292635,-0.628979092439664,0.0663675008950041,0.01
1.0,0.2,0.01,0.0,44,current,27,5.455000241957388,-0.6403231436612976,0.043370367742241615,-20.84296251601238,19.335880815161225,-0.9294364230264811,5.462002810620476,-0.6519693937670493,0.041001869311905755,0.03
1.0,0.2,0.01,0.0,44,kink,27,5.464134978472223,-0.62730480676042,0.04047683413181335,-22.28827917053509,19.335880815161225,0.3981486019574578,5.489407020164979,-0.6129143830644164,0.032321268480620946,0.03
1.0,0.2,0.01,0.0,44,shrink,27,5.451327598913856,-0.6367364498868281,0.04721541759172501,-25.73893251188119,19.335880815161225,-0.8393477288402729,5.450984881489879,-0.6412093124436407,0.05253701886035595,0.01
1.0,0.2,0.01,0.0,44,current,28,5.467151295211622,-0.6331648041698379,0.035879484379142325,-21.48295045651033,19.37969768261331,-0.2165011729931876,5.471252986374874,-0.6480872076843398,0.04959752601140876,0.03
1.0,0.2,0.01,0.0,44,kink,28,5.4678858861771245,-0.6183006047937358,0.02588925751958364,-21.98217784679048,19.37969768261331,-0.5195296918195609,5.473456759271378,-0.6034946095560336,0.019626845432732718,0.03
1.0,0.2,0.01,0.0,44,shrink,28,5.463760605527703,-0.6281749831683574,0.03854261762371144,-20.708818101426488,19.37969768261331,-2.2298608272109934,5.461080917323113,-0.6331177446798982,0.057586925745116105,0.01
1.0,0.2,0.01,0.0,44,current,29,5.462057849281273,-0.6261448505566432,0.05395275050135958,-23.64834549865784,19.51832261609916,1.0798881146950823,5.452706868833873,-0.6413050500868107,0.06225124698904579,0.03
1.0,0.2,0.01,0.0,44,kink,29,5.476680750185949,-0.6240736951567182,0.044586044931618385,-22.013600721170555,19.51832261609916,0.5090500292121272,5.496575571547908,-0.6350915838870357,0.03415113027982222,0.03
1.0,0.2,0.01,0.0,44,shrink,29,5.4688970179822185,-0.6258435722741084,0.04349081498072189,-20.345633494795607,19.51832261609916,-1.2168204658310235,5.473224374936714,-0.6404012152392062,0.030865440427132733,0.01
1.0,0.2,0.01,0.0,44,current,30,5.46475292860283,-0.6303267532200619,0.04810580069219197,-23.66180753616029,21.441756332022614,0.41597679277672484,5.463722562962821,-0.6316287045678678,0.04839000272359624,0.03
1.0,0.2,0.01,0.0,44,kink,30,5.479451531547459,-0.6386684551898826,0.042006424833841094,-21.824165338541537,21.441756332022614,-0.9817524752089419,5.507818371796704,-0.6566538104773296,0.030091875148543615,0.03
1.0,0.2,0.01,0.0,44,shrink,30,5.466288931748306,-0.6319760263781272,0.055304058681507944,-19.196502561659962,21.441756332022614,3.0919408685278515,5.468330572399246,-0.6365765240420634,0.06998477669154414,0.01
1.0,0.2,0.01,0.0,44,current,31,5.4736326149344094,-0.6394895929572515,0.052425656545393516,-24.840047502471364,19.907815668968976,1.9762987700883632,5.475153930480751,-0.6434649152358403,0.06121901034008181,0.03
1.0,0.2,0.01,0.0,44,kink,31,5.478185922246992,-0.6496836061277625,0.053574330143181866,-23.57722046886158,19.907815668968976,3.2226437767119958,5.488813852418499,-0.6740469547473734,0.06466503113344688,0.03
1.0,0.2,0.01,0.0,44,shrink,31,5.4711413116706415,-0.6351074974321856,0.04765244165084293,-26.387941178630975,19.907815668968976,-1.8694239085252329,5.467680020689447,-0.6303186286606427,0.04689936565643008,0.01
1.0,0.2,0.01,0.0,44,current,32,5.459383483789641,-0.634922500373501,0.05655716057266952,-23.332487326320678,19.05497128007968,-0.21594574802384936,5.469736210622264,-0.6500316306881897,0.04135562362958617,0.03
1.0,0.2,0.01,0.0,44,kink,32,5.440214094995966,-0.6344718591669763,0.0618968575652654,-24.74241245838455,19.05497128007968,0.34194114325215863,5.412228044241237,-0.6486797070686159,0.0573747146073738,0.03
1.0,0.2,0.01,0.0,44,shrink,32,5.452771199882666,-0.6314125930795593,0.06146367682881377,-26.78229453439979,19.05497128007968,6.017947764708301,5.449899358901338,-0.6395019088063649,0.056075172398018916,0.01
1.0,0.2,0.01,0.0,44,current,33,5.4593463213506785,-0.6391516043758775,0.04271316157583322,-21.21659547152661,20.386662073614414,0.6031243648630422,5.454288395781851,-0.6213132713542747,0.06449010540186734,0.03
1.0,0.2,0.01,0.0,44,kink,33,5.468095129420367,-0.6430316430087116,0.044042356711839266,-24.476236185040676,20.386662073614414,1.2887022226454956,5.48053481999092,-0.6329533872527774,0.06847769080988547,0.03
1.0,0.2,0.01,0.0,44,shrink,33,5.462939640179278,-0.6457778810869818,0.040512255727458535,-19.955421642729135,20.386662073614414,-2.189515477286963,5.46506835226765,-0.6411921014875874,0.05788738785674328,0.01
1.0,0.2,0.01,0.0,44,current,34,5.461442265408661,-0.6355971508301758,0.05039211769438254,-22.32164474202562,19.88188180492114,-0.6878820857602908,5.464486384888755,-0.648277598513311,0.05515953432162747,0.03
1.0,0.2,0.01,0.0,44,kink,34,5.454254219949212,-0.6305426220464145,0.06044543099450656,-18.9612587282872,19.88188180492114,-0.34954102152409017,5.442922248510406,-0.6331140121620275,0.08531947422199955,0.03
1.0,0.2,0.01,0.0,44,shrink,34,5.466001036157631,-0.631113621483267,0.058095483544230275,-22.886175597101975,19.88188180492114,4.782068855128079,5.478162697135661,-0.6348270104725847,0.0782696318711707,0.01
1.0,0.2,0.01,0.0,44,current,35,5.470912924143598,-0.6402345902765479,0.0478529973875839,-22.81562854980506,18.86829252508323,0.7006792524143515,5.4734889740470765,-0.6311971436293098,0.042971235690782233,0.03
1.0,0.2,0.01,0.0,44,kink,35,5.476829920401195,-0.6413707540147415,0.049936405145821566,-22.925345066291236,18.86829252508323,2.206532053622605,5.491239962819865,-0.6346056348438909,0.049221458965495235,0.03
1.0,0.2,0.01,0.0,44,shrink,35,5.472175370263031,-0.6382290568401885,0.04334270127128506,-22.48659199749573,18.86829252508323,6.132958192262337,5.4772763124053725,-0.6251805433202317,0.02944034734188574,0.01
1.0,0.2,0.01,0.0,44,current,36,5.468287751111137,-0.6434848871752896,0.04864276049182009,-23.929002220495796,18.83485783916484,0.3120023393192608,5.4644819961657065,-0.6674488749996369,0.047839152868745384,0.03
1.0,0.2,0.01,0.0,44,kink,36,5.470476984982319,-0.6317801888749911,0.04893637914399287,-21.252175499612346,18.83485783916484,2.3640048508545894,5.471049697779251,-0.6323347800987412,0.048720008825263734,0.03
1.0,0.2,0.01,0.0,44,shrink,36,5.474110966533334,-0.635796316187451,0.04766838353942785,-20.27830247548463,18.83485783916484,-0.40867042467087544,5.481951642432296,-0.6443831620361212,0.0449160220115687,0.01
1.0,0.2,0.01,0.0,44,current,37,5.4710625536065445,-0.6394636434287878,0.037902813547876536,-24.46487793275632,15.963977342800122,0.7812424005424208,5.451109677023443,-0.6437804747931382,0.05172495328687657,0.03
1.0,0.2,0.01,0.0,44,kink,37,5.470785717646499,-0.6398889439837814,0.026828962895638186,-21.006264913351245,15.963977342800122,0.3029022099658196,5.450279169143304,-0.6450563764581189,0.018503401330161515,0.03
1.0,0.2,0.01,0.0,44,shrink,37,5.476118393021185,-0.6403059407478334,0.03468128734378576,-15.000383985878523,15.963977342800122,3.8714333038816644,5.466277195267364,-0.6463073667502749,0.04206037467460423,0.01
1.0,0.2,0.01,0.0,44,current,38,5.454733957486113,-0.6468134544813888,0.05083819041414885,-21.772410607731594,20.639962130799393,0.18954511709350608,5.481185783491814,-0.6473280965560427,0.045327469512920035,0.03
1.0,0.2,0.01,0.0,44,kink,38,5.4531306095624545,-0.648222347510658,0.05683586246759902,-25.737933861662242,20.639962130799393,-1.0894764155010643,5.476375739720842,-0.6515547756438499,0.06332048567327053,0.03
1.0,0.2,0.01,0.0,44,shrink,38,5.443944370413766,-0.646064442758974,0.053788235487384047,-20.52470209095499,20.639962130799393,-2.372676812602112,5.448817022274775,-0.6450810613887983,0.05417760473262561,0.01
1.0,0.2,0.01,0.0,44,current,39,5.469660700509029,-0.6321105229156149,0.0565535838580736,-21.879199604152042,20.27516177371403,3.3370506251472163,5.4632446577297,-0.6057246854892646,0.05434053845244418,0.03
1.0,0.2,0.01,0.0,44,kink,39,5.464996404740444,-0.639679137355846,0.05455777911032909,-20.045906496657377,20.27516177371403,0.009785668107501255,5.449251770423945,-0.628430528809958,0.04835312420921066,0.03
1.0,0.2,0.01,0.0,44,shrink,39,5.470991831488831,-0.6443789503339811,0.059859444560324666,-19.56371824920647,20.27516177371403,2.416668948332265,5.4672380506691045,-0.6425299677443629,0.0642581205591974,0.01
1.0,0.2,0.01,0.0,44,current,40,5.468253380681847,-0.6355180388700282,0.060084016303119936,-22.293955093868142,17.610187063648045,0.37544792530502646,5.46869199369708,-0.6323616207162512,0.05607132291321641,0.03
1.0,0.2,0.01,0.0,44,kink,40,5.476091365343997,-0.6336287311879817,0.05080235457345731,-20.544480652225694,17.610187063648045,-0.6453899765234612,5.492205947683532,-0.626693697670112,0.028226337724228563,0.03
1.0,0.2,0.01,0.0,44,shrink,40,5.474330352718867,-0.6449050143602916,0.06068413276687925,-22.691921126340343,17.610187063648045,-1.0911371120184647,5.48692290980814,-0.6605225471870414,0.057871672304494366,0.01
1.0,0.2,0.01,0.0,44,current,41,5.466725203911859,-0.6416395935204346,0.03946339246353588,-23.716985450851027,18.79768915235301,1.5010498966277963,5.453608331383849,-0.6325793713687476,0.03451221476617586,0.03
1.0,0.2,0.01,0.0,44,kink,41,5.456752889258833,-0.6340330716287242,0.03449539060927825,-23.63400715140388,18.79768915235301,0.16661996407800816,5.423691387424767,-0.6097598056936163,0.01960820920340295,0.03
1.0,0.2,0.01,0.0,44,shrink,41,5.4735433831159765,-0.6501586681974527,0.045950151797274186,-18.81599413921279,18.79768915235301,1.7240199146457462,5.474062868996199,-0.6581365953998021,0.05397249276739077,0.01
1.0,0.2,0.01,0.0,44,current,42,5.466038361660942,-0.6401570557287474,0.046983341920768855,-23.211390755083663,20.346368021987892,0.7783419165637664,5.46373284159871,-0.6324088173852456,0.05833153418073618,0.03
1.0,0.2,0.01,0.0,44,kink,42,5.4522940492316465,-0.6512624303347029,0.04205537230382566,-24.652730492236742,20.346368021987892,1.0721778280218108,5.4224999043108255,-0.6657249412031119,0.043547625329906595,0.03
1.0,0.2,0.01,0.0,44,shrink,42,5.452438141666305,-0.6462062993970039,0.04810715185103354,-28.81628508427426,20.346368021987892,2.934129923028978,5.4229321816148,-0.6505565483900151,0.061702963971530245,0.01
1.0,0.2,0.01,0.0,44,current,43,5.470385632610669,-0.6419386048179148,0.0503636476729085,-20.908272967767807,20.32609809088656,0.31711093757454445,5.49557186791761,-0.6510056705252666,0.049918275023556724,0.03
1.0,0.2,0.01,0.0,44,kink,43,5.467288304205734,-0.648172600847119,0.053170432411274525,-19.3523135582986,20.32609809088656,0.45911708643933724,5.486279882702806,-0.6697076586128791,0.05833862923865478,0.03
1.0,0.2,0.01,0.0,44,shrink,43,5.46569732821088,-0.633905004045791,0.04690329574456156,-19.11095829139843,20.32609809088656,-0.06646033875546342,5.4815069547182445,-0.6269048682088951,0.039537219238515914,0.01
1.0,0.2,0.01,0.0,44,current,44,5.4720374647458785,-0.6463134166840546,0.05528374695798529,-23.64417425087892,17.713728904908336,-1.5351965904792897,5.485179617287611,-0.6584827376341058,0.05098530363666166,0.03
1.0,0.2,0.01,0.0,44,kink,44,5.471757442933108,-0.6482502527591071,0.060023537104600566,-22.775534135568023,17.713728904908336,0.27842156156582076,5.484339551849297,-0.6642932458592631,0.06520467407650747,0.03
1.0,0.2,0.01,0.0,44,shrink,44,5.472987732800107,-0.6459105613153978,0.05130301794095262,-22.356161518992195,17.713728904908336,-0.9724560686029438,5.488030421450289,-0.657274171528135,0.03904311658556368,0.01
1.0,0.2,0.01,0.0,44,current,45,5.447232854402686,-0.6380037684951746,0.047582487309849424,-24.46957271685252,18.606579486606414,1.501278850592631,5.452750077270339,-0.6276090228653392,0.03010700304472544,0.03
1.0,0.2,0.01,0.0,44,kink,45,5.446591913824622,-0.6411007873291547,0.060272408062754336,-22.945680041566096,18.606579486606414,0.43051652946966246,5.450827255536146,-0.6369000793672794,0.06817676530344019,0.03
1.0,0.2,0.01,0.0,44,shrink,45,5.450099183644736,-0.6414942216121309,0.047381045717382,-16.588742197036744,18.606579486606414,-0.9260452241115231,5.4613490649964875,-0.6380803822162079,0.029502678267323185,0.01
1.0,0.2,0.01,0.0,44,current,46,5.465986534340234,-0.6311916083528116,0.04770293289654138,-24.197739264021816,21.87514239599301,1.0227671617393703,5.4767531875072315,-0.6278967127077956,0.04722650123498111,0.03
1.0,0.2,0.01,0.0,44,kink,46,5.472937047559778,-0.6344335881711625,0.04925861807319006,-22.7450647134955,21.87514239599301,0.3326249166356341,5.4976047271658635,-0.6376226521628483,0.05189355676492712,0.03
1.0,0.2,0.01,0.0,44,shrink,46,5.461644060324111,-0.624633887104085,0.047448402002787084,-16.456539470062836,21.87514239599301,-1.0001568324810293,5.463725765458861,-0.6082235489616155,0.04646290855371822,0.01
1.0,0.2,0.01,0.0,44,current,47,5.462348294123857,-0.6356262538895008,0.052287389209560914,-23.6834998252834,20.311117657146706,1.6923927573103632,5.44730608973787,-0.6385039570224905,0.05104615363529384,0.03
1.0,0.2,0.01,0.0,44,kink,47,5.469860642674852,-0.6410446195386692,0.04971928803244547,-21.73354820712275,20.311117657146706,0.6631254020626176,5.469843135390854,-0.6547590539699958,0.04334185010394752,0.03
1.0,0.2,0.01,0.0,44,shrink,47,5.465338703318058,-0.6300964701925098,0.04585303756114728,-22.024574058994197,20.311117657146706,1.7828010719402765,5.456277317320473,-0.6219146059315178,0.03174309869005294,0.01
1.0,0.2,0.01,0.0,44,current,48,5.461607152304425,-0.6385126572360454,0.057608295354611955,-22.626693070904444,19.04380453743152,0.24848979987444042,5.471760546291591,-0.6377717815074663,0.06608162646746582,0.03
1.0,0.2,0.01,0.0,44,kink,48,5.475687735637828,-0.6364359169171075,0.04766406217638802,-20.998389110509294,19.04380453743152,-0.3228938345756436,5.5140022962918005,-0.6315415605506525,0.03624892693279404,0.03
1.0,0.2,0.01,0.0,44,shrink,48,5.465674003882675,-0.638472061720778,0.04417896456850462,-20.757973022627805,19.04380453743152,3.3976867676719715,5.483961101026343,-0.6376499949616641,0.025793634109143832,0.01
1.0,0.2,0.01,0.0,44,current,49,5.458511744427341,-0.632353947887952,0.04702045515850286,-24.32453664199131,17.3967693638642,0.37697020857237273,5.447668259818614,-0.6286435118239906,0.04430507984653765,0.03
1.0,0.2,0.01,0.0,44,kink,49,5.455827532810822,-0.6289717669052767,0.04591109837876445,-22.699111065177178,17.3967693638642,3.425204766563401,5.439615624969058,-0.6184969688759645,0.040977009507322436,0.03
1.0,0.2,0.01,0.0,44,shrink,49,5.463822497881165,-0.6324143125952868,0.03942264187093612,-24.377713303161983,17.3967693638642,4.016987938547951,5.463600520180086,-0.6288246059459949,0.02151163998383746,0.01
1.0,0.2,0.01,0.01,36,current,0,1.4154441360452095,-0.25859486044817065,0.040917239368638024,-10.549416485174966,10.125973457377716,1.2342469438480255,1.4208945519112026,-0.25926872888228647,0.039944414394710005,0.03
1.0,0.2,0.01,0.01,36,kink,0,1.414200683380719,-0.2590740897117378,0.04202085444632039,-11.974490238805727,10.125973457377716,1.8083224420031212,1.4171641939177315,-0.2607064166729879,0.04325525962775708,0.03
1.0,0.2,0.01,0.01,36,shrink,0,1.4140881495070436,-0.2567423054892157,0.039198202940621055,-12.514369169814513,10.125973457377716,2.4971604028177063,1.4168265922967056,-0.2537110640054217,0.034787305110659104,0.01
1.0,0.2,0.01,0.01,36,current,1,1.419519957614959,-0.262909235973191,0.03855263296412387,-11.140463087248179,9.798556334024072,1.7893286200982668,1.4183487270884865,-0.26341928061325565,0.03981086758384338,0.03
1.0,0.2,0.01,0.01,36,kink,1,1.419659711162531,-0.26177609219380976,0.03727584201131569,-11.249620918590509,9.798556334024072,1.7302316265025437,1.4187679877312023,-0.2600198492751119,0.03598049472541884,0.03
1.0,0.2,0.01,0.01,36,shrink,1,1.4187173050201214,-0.2621666185825814,0.040093215037532,-12.587164506748596,9.798556334024072,-0.28823829200305773,1.4159407693039736,-0.26119142844142684,0.044432613804067767,0.01
1.0,0.2,0.01,0.01,36,current,2,1.4244649055083602,-0.26376805363306494,0.036809441046566756,-11.251814554646495,9.886923687863343,1.7772565565267882,1.4210873065569616,-0.26129169633742355,0.03563569186826781,0.03
1.0,0.2,0.01,0.01,36,kink,2,1.4230557096790701,-0.26355919349574525,0.04167093671500046,-11.734056663487411,9.886923687863343,1.6021098058882488,1.4168597190690917,-0.2606651159254646,0.0502201788735689,0.03
1.0,0.2,0.01,0.01,36,shrink,2,1.4247217623121011,-0.2639034669448384,0.03706183213083635,-12.462176704525229,9.886923687863343,1.3589390092925435,1.421857876968184,-0.26169793627274407,0.03639286512107659,0.01
1.0,0.2,0.01,0.01,36,current,3,1.420097133838613,-0.26334155590930314,0.044619236658862506,-10.73266282639875,9.296546778621149,1.2885748966700667,1.416042411297377,-0.2544919485605919,0.043184310358197364,0.03
1.0,0.2,0.01,0.01,36,kink,3,1.4152274910083948,-0.26393850955801385,0.04742592429718582,-11.648676069275583,9.296546778621149,2.1970030405289296,1.4014334828067223,-0.25628280950672394,0.051604373273167345,0.03
1.0,0.2,0.01,0.01,36,shrink,3,1.42012509923429,-0.26553565170758625,0.04198878830751688,-10.5626403719437,9.296546778621149,0.6471549004515199,1.416126307484408,-0.26107423595544116,0.03529296530416052,0.01
1.0,0.2,0.01,0.01,36,current,4,1.424595565067036,-0.26107285234002986,0.04120843985740683,-11.02717151358838,10.173613831403495,1.785155140604975,1.4206647682223885,-0.2581909273733815,0.03918310824901063,0.03
1.0,0.2,0.01,0.01,36,kink,4,1.4266340679396354,-0.2629484728181097,0.0360425010562262,-10.504201908006713,10.173613831403495,1.7675915343280377,1.4267802768401865,-0.2638177888076209,0.023685291845468755,0.03
1.0,0.2,0.01,0.01,36,shrink,4,1.4269459116992655,-0.2639619619917403,0.042062439383638274,-9.798730971596644,10.173613831403495,0.7910364663939843,1.427715808119077,-0.26685825632851284,0.041745106827704985,0.01
1.0,0.2,0.01,0.01,36,current,5,1.4244910385349498,-0.2574978411117795,0.04184564179773118,-11.74411714501662,9.956860595912195,2.477294202522745,1.4229467158079359,-0.2575988708831518,0.045439627820186235,0.03
1.0,0.2,0.01,0.01,36,kink,5,1.4286250577272732,-0.2599151566032851,0.04195361548617533,-12.027001894555378,9.956860595912195,2.5748511972005135,1.435348773384906,-0.26485081735766874,0.04576354888551867,0.03
1.0,0.2,0.01,0.01,36,shrink,5,1.4223238707823842,-0.25777739221955914,0.0401555153696693,-11.808492212283026,9.956860595912195,3.0050120344099085,1.4164452125502387,-0.25843752420649085,0.04036924853600058,0.01
1.0,0.2,0.01,0.01,36,current,6,1.4164882396817522,-0.2643134772636368,0.03635840279262693,-10.901259480320364,9.795820408605774,0.9323892786751277,1.4198080942040159,-0.2680207956631862,0.04161261478024637,0.03
1.0,0.2,0.01,0.01,36,kink,6,1.4183810923823863,-0.2638190433421164,0.03697054114715361,-11.65870418269928,9.795820408605774,1.2757897076200537,1.4254866523059178,-0.2665374938986252,0.0434490298438264,0.03
1.0,0.2,0.01,0.01,36,shrink,6,1.416988916237974,-0.2636605991074719,0.03744210445552448,-9.692837979919078,9.795820408605774,1.481651939125171,1.4213101238726806,-0.2660621611946917,0.04486371976893902,0.01
1.0,0.2,0.01,0.01,36,current,7,1.4244654277806301,-0.26428189903090454,0.04202348662822991,-11.014747475047121,10.120517049140426,1.4470803284481015,1.4302502347559978,-0.26095817074342215,0.04062465142597402,0.03
1.0,0.2,0.01,0.01,36,kink,7,1.4189966500152325,-0.2661181056974074,0.044572116668682125,-11.457820046259135,10.120517049140426,1.7291534847168428,1.4138439014598048,-0.26646679074293095,0.04827054154733064,0.03
1.0,0.2,0.01,0.01,36,shrink,7,1.4207715952315505,-0.2649824441719714,0.043365390329042124,-11.59226538963136,10.120517049140426,1.1789496397967785,1.419168737108759,-0.26305980616662283,0.044650362528410634,0.01
1.0,0.2,0.01,0.01,36,current,8,1.4221128950376007,-0.2646024528747843,0.03855166851481154,-11.357880023584674,9.45017017153992,1.4164477380163227,1.416864092615365,-0.26252468754406943,0.036843916625740415,0.03
1.0,0.2,0.01,0.01,36,kink,8,1.4241390806558372,-0.26426538829213103,0.039705684385582564,-10.451321392339233,9.45017017153992,1.7155980043070482,1.422942649470075,-0.2615134937961097,0.0403059642380535,0.03
1.0,0.2,0.01,0.01,36,shrink,8,1.4247578397741298,-0.2644697956653394,0.041262501059590666,-12.561873126930791,9.45017017153992,2.363468834563742,1.4247989268249523,-0.2621267159157349,0.044976414260077785,0.01
1.0,0.2,0.01,0.01,36,current,9,1.4214861834733472,-0.26325560125931685,0.04038420525388613,-11.048717659829766,9.526381581878287,2.147447998829425,1.418542948232525,-0.26468152243620047,0.04223775619308501,0.03
1.0,0.2,0.01,0.01,36,kink,9,1.4210621430894683,-0.26274909442682065,0.04207282739769532,-11.684182113304335,9.526381581878287,1.4252420735486264,1.4172708270808874,-0.26316200193871164,0.047303622624512584,0.03
1.0,0.2,0.01,0.01,36,shrink,9,1.4231474675706568,-0.26420014897160726,0.036455224163917097,-11.545179265046253,9.526381581878287,0.5552014406334502,1.4235268005244526,-0.26751516557307153,0.03045081292317791,0.01
1.0,0.2,0.01,0.01,36,current,10,1.4177652050446914,-0.26168734997849963,0.040695017251059014,-10.92384299087818,10.070188077725442,1.295409357014518,1.423128448018233,-0.2656889781218004,0.03833411346512867,0.03
1.0,0.2,0.01,0.01,36,kink,10,1.4165570548997586,-0.26387203369038115,0.04350689781796111,-10.434932940235825,10.070188077725442,0.399136736902977,1.4195039975834345,-0.272243029257445,0.04676975516583498,0.03
1.0,0.2,0.01,0.01,36,shrink,10,1.416431506344025,-0.2603697447504209,0.044227644253166803,-12.071535624788133,10.070188077725442,1.1423998542283362,1.4191273519162342,-0.26173616243756437,0.04893199447145204,0.01
1.0,0.2,0.01,0.01,36,current,11,1.427470681040689,-0.26253644149464667,0.03960288101702803,-10.716404354652626,9.634222647925641,1.599486432660024,1.4284039382167901,-0.2646429442668844,0.04323177583499255,0.03
1.0,0.2,0.01,0.01,36,kink,11,1.427365725891858,-0.2625271313080802,0.038540288891981356,-11.238816256143409,9.634222647925641,1.3559903596558227,1.4280890727702977,-0.2646150137071849,0.04004399945985253,0.03
1.0,0.2,0.01,0.01,36,shrink,11,1.424277338336693,-0.26248956807845547,0.03785568444698252,-11.245964166616258,9.634222647925641,0.9410748773209056,1.4188239101048017,-0.2645023240183107,0.037990186124856024,0.01
1.0,0.2,0.01,0.01,36,current,12,1.4206167237940948,-0.26365208766109316,0.0371228972473155,-12.090245907461394,10.479482199758328,1.4715646129119693,1.416261009805767,-0.26218289327418615,0.037017676196261194,0.03
1.0,0.2,0.01,0.01,36,kink,12,1.424266199948739,-0.2645143300615569,0.03684792923917516,-10.84532088027102,10.479482199758328,1.842854472930378,1.4272094382696996,-0.2647696204755773,0.03619277217184017,0.03
1.0,0.2,0.01,0.01,36,shrink,12,1.4221871012616416,-0.2637822506125395,0.03873024060906777,-10.786927960768052,10.479482199758328,1.8133756892233894,1.4209721422084076,-0.26257338212852527,0.04183970628151799,0.01
1.0,0.2,0.01,0.01,36,current,13,1.4248313939167268,-0.2615954529393613,0.04217304884114029,-10.9066363454366,9.636088561546252,2.0468771484817,1.4256969969633886,-0.25841739412319537,0.05224640511825664,0.03
1.0,0.2,0.01,0.01,36,kink,13,1.4231665759442513,-0.2614227523714525,0.0454434815690723,-11.159979888701992,9.636088561546252,1.999635636723338,1.4207025430459619,-0.25789929241946885,0.06205770330205267,0.03
1.0,0.2,0.01,0.01,36,shrink,13,1.4227788468160991,-0.2609834801210847,0.03703227508715679,-11.82296630260497,9.636088561546252,3.0149391590354955,1.4195393556615057,-0.25658147566836553,0.03682408385630615,0.01
1.0,0.2,0.01,0.01,36,current,14,1.4219926527430164,-0.26207472174660273,0.03370201823640865,-11.452535243140725,10.142290616548433,0.9146463681096703,1.4158366832702218,-0.2620100445402415,0.028002854315085753,0.03
1.0,0.2,0.01,0.01,36,kink,14,1.4242906957280683,-0.25851438754248673,0.03568715264971595,-10.280646221955505,10.142290616548433,1.7137928512479186,1.422730812225378,-0.2513290419278936,0.03395825755500764,0.03
1.0,0.2,0.01,0.01,36,shrink,14,1.4231907156013774,-0.25897774486317043,0.036581894600379646,-9.500438200515182,10.142290616548433,1.6634940734469381,1.4194308718453057,-0.25271911388994467,0.036642483406998744,0.01
1.0,0.2,0.01,0.01,36,current,15,1.4176408018134568,-0.2622856256553732,0.04877456601682403,-11.317695497562823,10.489607729921934,1.287489389575198,1.4179189113912103,-0.2578754334595248,0.03374932618605893,0.03
1.0,0.2,0.01,0.01,36,kink,15,1.4207287260121921,-0.2591936335908916,0.046097538786596504,-10.953268586221196,10.489607729921934,1.9869290531301136,1.4271826839874169,-0.2485994572660799,0.025718244495376366,0.03
1.0,0.2,0.01,0.01,36,shrink,15,1.4200784795198997,-0.2628674266978277,0.05071455476582342,-10.358838742080302,10.489607729921934,1.3231915814102324,1.4252319445105401,-0.25962083658688834,0.0395692924330571,0.01
1.0,0.2,0.01,0.01,36,current,16,1.4200509138932997,-0.2625841938461167,0.04481341679237554,-11.619358666104382,10.205819173184675,1.7503644784459262,1.4185082136122094,-0.25811077635235324,0.04204221383917584,0.03
1.0,0.2,0.01,0.01,36,kink,16,1.4203684707673816,-0.26477027444259305,0.045103182781719875,-11.820638973395305,10.205819173184675,1.6067034452902227,1.4194608842344552,-0.26466901814178223,0.042911511807208855,0.03
1.0,0.2,0.01,0.01,36,shrink,16,1.4218153496958115,-0.2631208319599571,0.04289810566591323,-11.464253960633302,10.205819173184675,2.341957492705932,1.4238015210197448,-0.2597206906938744,0.0362962804597889,0.01
1.0,0.2,0.01,0.01,36,current,17,1.4240677234790862,-0.2594467592380005,0.0386299605418202,-11.617225818768327,9.857667685681205,1.8445149198012933,1.419804482797775,-0.25634755268805026,0.04241383365500063,0.03
1.0,0.2,0.01,0.01,36,kink,17,1.4236993788141674,-0.26093711476287845,0.038088047576482764,-11.064368844911245,9.857667685681205,1.5553967474159767,1.4186994488030185,-0.2608186192626842,0.04078809475898833,0.03
1.0,0.2,0.01,0.01,36,shrink,17,1.421455758901164,-0.25945558350851644,0.03698339829155401,-11.712982499558514,9.857667685681205,2.051684731044066,1.4119685890640088,-0.2563740254995982,0.03747414690420206,0.01
1.0,0.2,0.01,0.01,36,current,18,1.4218953530207852,-0.2637919034714394,0.041572169235004154,-11.43999619897715,10.516883409830278,1.446469801509754,1.4241792025686302,-0.2673853557121801,0.03894759331096518,0.03
1.0,0.2,0.01,0.01,36,kink,18,1.4188935014172042,-0.2631169302223253,0.041120508728163065,-10.930309326706658,10.516883409830278,1.8267901062870564,1.4151736477578867,-0.26536043596483777,0.03759261179044191,0.03
1.0,0.2,0.01,0.01,36,shrink,18,1.4172713664692178,-0.25953605276260167,0.04183670734593828,-13.871120245847472,10.516883409830278,3.121941109885739,1.4103072429139276,-0.25461780358566677,0.039741207643767554,0.01
1.0,0.2,0.01,0.01,36,current,19,1.4196958587588193,-0.26142453851497177,0.04489156361163175,-12.095805102003386,9.944250576901814,1.5007826799177988,1.4157933939330287,-0.26178633448272354,0.05364666484826866,0.03
1.0,0.2,0.01,0.01,36,kink,19,1.4187159625851276,-0.2622959195687861,0.04595227660742973,-11.968401516524231,9.944250576901814,2.0937303594840406,1.412853705411953,-0.2644004776441667,0.05682880383566263,0.03
1.0,0.2,0.01,0.01,36,shrink,19,1.4173690640751584,-0.2614066203304531,0.03924296979128895,-8.490816246447904,9.944250576901814,2.981770030455513,1.4088130098820455,-0.26173257992916776,0.03670088338724026,0.01
1.0,0.2,0.01,0.01,36,current,20,1.4215246045096912,-0.2615110071779744,0.0400084799492574,-11.069764225846122,9.934162789896705,1.4466577719974993,1.4150000607663935,-0.2553625545176709,0.04681493284968709,0.03
1.0,0.2,0.01,0.01,36,kink,20,1.4259280494554674,-0.2634187520618731,0.03619528016305234,-11.363332678001719,9.934162789896705,1.025249337106759,1.4282103956037224,-0.26108578916936714,0.0353753334910719,0.03
1.0,0.2,0.01,0.01,36,shrink,20,1.422624472833155,-0.26010072931652944,0.03864233766787368,-11.3927702716471,9.934162789896705,2.1464329207669373,1.418299665736785,-0.25113172093333624,0.04271650600553594,0.01
1.0,0.2,0.01,0.01,36,current,21,1.4187824542859644,-0.2639145453178903,0.04483912668090611,-11.499047526808054,9.082513218081894,1.456456411092559,1.4150983362843736,-0.261238003982235,0.046995534103519525,0.03
1.0,0.2,0.01,0.01,36,kink,21,1.422446860604697,-0.2628312982454848,0.039922473362758,-10.446861831552365,9.082513218081894,1.0645483691435722,1.4260915552405726,-0.2579882627650185,0.03224557414907518,0.03
1.0,0.2,0.01,0.01,36,shrink,21,1.4186372442513273,-0.26386296061051184,0.04128314772657568,-13.713091924701715,9.082513218081894,3.07703162715237,1.4146627061804633,-0.2610832498600998,0.036327597240528246,0.01
1.0,0.2,0.01,0.01,36,current,22,1.4209607845736805,-0.26278747054628115,0.041619802586212055,-11.758926545769885,9.794825107580516,1.4988255036228184,1.418669938472845,-0.259222794456648,0.04302846677620865,0.03
1.0,0.2,0.01,0.01,36,kink,22,1.4196347374413267,-0.26404039612346536,0.04218830375033702,-10.705371574448073,9.794825107580516,0.9623422910836373,1.414691797075784,-0.26298157118820065,0.04473397026858352,0.03
1.0,0.2,0.01,0.01,36,shrink,22,1.4206939635989537,-0.2643461819004185,0.04000504255772393,-10.61231685488148,9.794825107580516,1.7752414378889108,1.417869475548665,-0.26389892851905994,0.038184186690744255,0.01
1.0,0.2,0.01,0.01,36,current,23,1.4228638547845591,-0.2626818038457013,0.04244303405455161,-11.561804495381656,9.931950728698304,1.5082378930360356,1.4232801484595412,-0.26355127493668173,0.04121358233775566,0.03
1.0,0.2,0.01,0.01,36,kink,23,1.4270545786914521,-0.2618192464555238,0.043733528938798005,-11.897173441182604,9.931950728698304,1.1978718384833753,1.4358523201802202,-0.26096360276614927,0.045085066990494825,0.03
1.0,0.2,0.01,0.01,36,shrink,23,1.4221646529334169,-0.2623152605681611,0.043185913672581865,-12.196340333267887,9.931950728698304,1.0381295889975162,1.4211825429061145,-0.26245164510406116,0.04344222119184639,0.01
1.0,0.2,0.01,0.01,36,current,24,1.4216608472394296,-0.2655468403061634,0.042242065751775915,-11.507360140689961,9.298282234130339,1.2627647744896608,1.419400101810761,-0.2652466638048032,0.041147634851955266,0.03
1.0,0.2,0.01,0.01,36,kink,24,1.4234688010062087,-0.2625617815149452,0.041245700113887014,-10.817062843318558,9.298282234130339,1.093278508468746,1.4248239631110984,-0.25629148743114877,0.03815853793828858,0.03
1.0,0.2,0.01,0.01,36,shrink,24,1.4214831363166451,-0.2647486755085839,0.042671305089894786,-9.918225853226511,9.298282234130339,1.4643838529167181,1.4188669690424074,-0.26285216941206485,0.0424353528663119,0.01
1.0,0.2,0.01,0.01,36,current,25,1.4212324721304295,-0.26566997611920495,0.043220602843529854,-11.419096618907725,9.47268650472294,1.2986079364574774,1.422874990790099,-0.2623050998093662,0.04325333205819436,0.03
1.0,0.2,0.01,0.01,36,kink,25,1.4245965977451587,-0.2665129912459812,0.03772349828977565,-11.799919853993316,9.47268650472294,1.994345088865462,1.4329673676342867,-0.26483414518969506,0.026762018396931736,0.03
1.0,0.2,0.01,0.01,36,shrink,25,1.4219001947050371,-0.26555306402516177,0.041167237459560475,-13.616788402012823,9.47268650472294,3.335410477787504,1.424878158513922,-0.26195436352723667,0.03709323590628622,0.01
1.0,0.2,0.01,0.01,36,current,26,1.4221802736903735,-0.2594762027451778,0.04289448331450554,-11.170296649161134,10.074328350308386,1.8363750737437163,1.4235902047509328,-0.25767170767636544,0.0420577957804288,0.03
1.0,0.2,0.01,0.01,36,kink,26,1.422950923161969,-0.25957069414493944,0.04125383632609156,-11.237078004546424,10.074328350308386,1.0502230828170822,1.4259021531657197,-0.25795518187565025,0.037135854815186886,0.03
1.0,0.2,0.01,0.01,36,shrink,26,1.4203785300883836,-0.261682509145205,0.0425227324467424,-9.899207829758847,10.074328350308386,3.553821655843848,1.4181849739449637,-0.26429062687644705,0.0409425431771394,0.01
1.0,0.2,0.01,0.01,36,current,27,1.4217067105600576,-0.2639879898251469,0.039874336742386364,-11.87433560044169,9.493977028401142,1.5360187204383358,1.4239350739186956,-0.26527251601971186,0.036143290566693145,0.03
1.0,0.2,0.01,0.01,36,kink,27,1.4199132725110883,-0.2617912016579421,0.03837069111179327,-10.406306201494823,9.493977028401142,0.9807646774459209,1.4185547597717878,-0.2586821515180975,0.03163235367491387,0.03
1.0,0.2,0.01,0.01,36,shrink,27,1.4201361831144717,-0.2629142003499349,0.042049742889097075,-12.70044173935158,9.493977028401142,1.3571012386239905,1.4192234915819382,-0.2620511475940759,0.0426695090068253,0.01
1.0,0.2,0.01,0.01,36,current,28,1.424829176609098,-0.26467744765412043,0.04009483986969007,-11.821244162763291,9.862628736959257,1.6374655444009107,1.4214818323067007,-0.2647030614952593,0.04696424559879231,0.03
1.0,0.2,0.01,0.01,36,kink,28,1.4212056306586576,-0.26294485700353915,0.03992802193642167,-10.996078615669063,9.862628736959257,2.014929174736948,1.41061119445538,-0.2595052895435155,0.04646379179898711,0.03
1.0,0.2,0.01,0.01,36,shrink,28,1.423415771370604,-0.2641361347028885,0.03816162596290835,-11.118426394411035,9.862628736959257,1.2658479377505745,1.4172416165912183,-0.26307912264156363,0.041164603878447156,0.01
1.0,0.2,0.01,0.01,36,current,29,1.4222301075619004,-0.2615255794112193,0.03542334235924268,-11.385262217718717,10.206681788939802,1.6938528173493128,1.4213743000613674,-0.26388957349621894,0.0411118496838036,0.03
1.0,0.2,0.01,0.01,36,kink,29,1.4224389428693573,-0.26375395537197727,0.0393945488541849,-10.871779232391795,10.206681788939802,0.875394092398995,1.4220008059837386,-0.2705747013784929,0.05302546916863027,0.03
1.0,0.2,0.01,0.01,36,shrink,29,1.4234612639173403,-0.26235179712391066,0.03546361612827816,-9.428107156808979,10.206681788939802,1.1471243580752215,1.4250677691276867,-0.26636822663429294,0.04123267099091005,0.01
1.0,0.2,0.01,0.01,36,current,30,1.4240146279406873,-0.26250541741316497,0.036152484269533575,-11.585271204434036,9.982211992094282,1.6121854413901664,1.421057405543304,-0.263474683577192,0.04190705801345976,0.03
1.0,0.2,0.01,0.01,36,kink,30,1.420865307424101,-0.26160374206558773,0.035677013032649425,-10.812855833514657,9.982211992094282,1.5502226400907653,1.4116094439935452,-0.2607696575344604,0.040480644302807296,0.03
1.0,0.2,0.01,0.01,36,shrink,30,1.4254210215223544,-0.2629792239975832,0.03428615785505082,-9.741872997165599,9.982211992094282,2.593723134532239,1.4252765862883052,-0.2648961033304468,0.03630807877001149,0.01
1.0,0.2,0.01,0.01,36,current,31,1.4171687626131833,-0.2621909869964251,0.043014087785193576,-11.238475622592565,10.026908037289807,1.272425032061728,1.4147092897151883,-0.2602889538048836,0.04759178876353747,0.03
1.0,0.2,0.01,0.01,36,kink,31,1.4211465469027635,-0.2635053954255607,0.04223900880710011,-11.558543360028986,10.026908037289807,1.3462529260967284,1.42664264258393,-0.26423217909229024,0.04526655182925712,0.03
1.0,0.2,0.01,0.01,36,shrink,31,1.419045220316371,-0.2651254868113893,0.04270188297002386,-12.777019801664581,10.026908037289807,2.329018217478268,1.4203386628247516,-0.26909245324977615,0.04665517431802834,0.01
1.0,0.2,0.01,0.01,36,current,32,1.4195023197504835,-0.25800950297441855,0.03623157567633458,-11.47252242921735,10.992466019468775,1.4413488134600831,1.4165964860165048,-0.2627604354373878,0.04241684479789478,0.03
1.0,0.2,0.01,0.01,36,kink,32,1.4199412686138901,-0.25413079679378914,0.031453048879085385,-11.771288089854458,10.992466019468775,1.756777569429602,1.4179133326067253,-0.2511243168954995,0.0280812644061472,0.03
1.0,0.2,0.01,0.01,36,shrink,32,1.4202269949551314,-0.2565374158918385,0.03614610775079776,-11.566892797140857,10.992466019468775,4.211290754811564,1.4187705116304492,-0.2583441741896475,0.04216044102128432,0.01
1.0,0.2,0.01,0.01,36,current,33,1.420053929770548,-0.2615224110084625,0.03491137839745281,-11.621556533122035,9.870696918421102,1.8656802895813978,1.416640352290161,-0.2600331167349172,0.031918360796815565,0.03
1.0,0.2,0.01,0.01,36,kink,33,1.421120799403606,-0.2646742119929865,0.037434027987531156,-10.853703095207816,9.870696918421102,1.6499232474256476,1.4198409611893352,-0.26948851968848914,0.039486309567050584,0.03
1.0,0.2,0.01,0.01,36,shrink,33,1.420330143153918,-0.26120238234514076,0.03717565113257943,-13.250493954364268,9.870696918421102,2.09088967513397,1.4174689924402712,-0.2590730307449518,0.03871117900219541,0.01
1.0,0.2,0.01,0.01,36,current,34,1.4238646198955172,-0.2586389559110318,0.04123720340060656,-11.496994639606205,9.79457687480902,1.7440162729461823,1.428170733042662,-0.25446387023863365,0.043804872322050416,0.03
1.0,0.2,0.01,0.01,36,kink,34,1.421857134596672,-0.25932426169097944,0.03641363212574897,-11.39449397188402,9.79457687480902,1.0678275288746253,1.4221482771461267,-0.25651978757847643,0.029334158497477638,0.03
1.0,0.2,0.01,0.01,36,shrink,34,1.4219018281530758,-0.26075643997764114,0.03950407792209434,-11.246674538047193,9.79457687480902,1.603489908591631,1.4222823578153378,-0.2608163224384615,0.03860549588651375,0.01
1.0,0.2,0.01,0.01,36,current,35,1.4221299540749168,-0.25963977711958786,0.0373064983670809,-11.279115475173047,9.554943002182531,1.794439978200952,1.4190793480111374,-0.2608418183635871,0.03377786573830442,0.03
1.0,0.2,0.01,0.01,36,kink,35,1.4264719115678428,-0.25835189947687753,0.03571612597991803,-11.665181993244481,9.554943002182531,1.168190314393562,1.4321052204899158,-0.2569781854354561,0.029006748576815802,0.03
1.0,0.2,0.01,0.01,36,shrink,35,1.4212038453506601,-0.2600335478896025,0.04158752022312927,-8.243276404101024,9.554943002182531,0.1344233791215026,1.4163010218383678,-0.2620231306736309,0.04662093130644954,0.01
1.0,0.2,0.01,0.01,36,current,36,1.418898083452117,-0.2614956904913612,0.040522135651943327,-12.201321470382407,10.736922844268733,1.750539536259367,1.4177236568441234,-0.25865541983307916,0.041415277204174525,0.03
1.0,0.2,0.01,0.01,36,kink,36,1.4195406559639083,-0.25879254864831097,0.03865807935063941,-11.614946240058783,10.736922844268733,2.0558654768282976,1.4196513743794965,-0.25054599430392865,0.03582310830026275,0.03
1.0,0.2,0.01,0.01,36,shrink,36,1.417334030466262,-0.2622591408284464,0.04000929322889172,-11.614813559266192,10.736922844268733,0.2873667961228865,1.4130314978865586,-0.26094577084433496,0.03987674993501969,0.01
1.0,0.2,0.01,0.01,36,current,37,1.4236315887137516,-0.25884458237509284,0.03562455900404484,-11.390967675506856,10.172041334924666,1.6877499741552484,1.423234326016239,-0.25386481338872763,0.02992378717542832,0.03
1.0,0.2,0.01,0.01,36,kink,37,1.4231421538162332,-0.2603429608166055,0.035616613416134896,-10.721541984797922,10.172041334924666,0.5709835904646945,1.4217660213236836,-0.25835994871326545,0.02989995041169849,0.03
1.0,0.2,0.01,0.01,36,shrink,37,1.4227289832858991,-0.25982621508252984,0.040186599686022534,-11.244699738179744,10.172041334924666,-0.4862170120296563,1.4205265097326818,-0.25680971151103854,0.043609909221361404,0.01
1.0,0.2,0.01,0.01,36,current,38,1.4245991820424984,-0.2670637709798939,0.040197780706466,-10.671776823483443,10.444201792593507,0.9266774376524594,1.4305787466424973,-0.264898164008246,0.04582781241423828,0.03
1.0,0.2,0.01,0.01,36,kink,38,1.423350350424915,-0.26546922547690993,0.03877408902118925,-11.972173326285,10.444201792593507,1.5537372075212432,1.4268322517897465,-0.26011452749929403,0.04155673735840803,0.03
1.0,0.2,0.01,0.01,36,shrink,38,1.4246214862421374,-0.2652333709977718,0.03721262571729132,-11.719610658442976,10.444201792593507,1.965598121459614,1.4306456592414134,-0.2594069640618795,0.03687234744671424,0.01
1.0,0.2,0.01,0.01,36,current,39,1.4218783525761862,-0.26134622124203233,0.0430729295857323,-11.40534741034891,10.61206432069429,1.665011026918354,1.420134176964749,-0.26044164962214883,0.04375441598587601,0.03
1.0,0.2,0.01,0.01,36,kink,39,1.4205666561976393,-0.25713757659026887,0.039679064903411075,-10.008423784476227,10.61206432069429,1.0738540226755036,1.416199087829108,-0.24781571566685862,0.033572821938912326,0.03
1.0,0.2,0.01,0.01,36,shrink,39,1.42049426758025,-0.26182519214015304,0.04216205063395037,-10.914865064050698,10.61206432069429,1.4658427569282306,1.4159819219769405,-0.26187856231651097,0.04102177913053021,0.01
1.0,0.2,0.01,0.01,36,current,40,1.4230820373838518,-0.2634163363379397,0.03827661466640408,-11.361189062742607,10.308714958043206,1.3918181250558503,1.4251458151365706,-0.2640341071087926,0.03854137974707556,0.03
1.0,0.2,0.01,0.01,36,kink,40,1.4232378919397384,-0.2653939139540477,0.03730642267084618,-11.251585108078872,10.308714958043206,1.461086790445938,1.4256133788042304,-0.2699668399571165,0.03563080376040188,0.03
1.0,0.2,0.01,0.01,36,shrink,40,1.421966950536432,-0.2628527115551942,0.04004957352079145,-9.369428015204551,10.308714958043206,0.39248952285854166,1.421800554594311,-0.262343232760556,0.04386025631023768,0.01
1.0,0.2,0.01,0.01,36,current,41,1.418305031072883,-0.2634973847308064,0.04059997193933774,-11.444880800181256,10.373100246959861,1.8471402638201968,1.4200234551733883,-0.2609854996959063,0.03538725516000259,0.03
1.0,0.2,0.01,0.01,36,kink,41,1.4149879939453094,-0.26368939541607656,0.041901033901419894,-12.05978967681345,10.373100246959861,1.6043389328984292,1.4100723437906677,-0.2615615317517168,0.03929044104624905,0.03
1.0,0.2,0.01,0.01,36,shrink,41,1.4205656802877387,-0.2637002405382574,0.04163572577478541,-11.94426835400076,10.373100246959861,1.532032497628144,1.426805402817955,-0.2615940671182593,0.038494516666345575,0.01
1.0,0.2,0.01,0.01,36,current,42,1.4201478378902055,-0.2605943187301801,0.045175922453526564,-11.186011212451465,9.57230101420781,2.1808322478017224,1.4193223297289868,-0.2582316720536206,0.04626275005515243,0.03
1.0,0.2,0.01,0.01,36,kink,42,1.4215211777381287,-0.2627763139765717,0.0454858255089552,-12.10050536863677,9.57230101420781,1.4047371888015565,1.423442349272756,-0.26477765779279533,0.04719245922143834,0.03
1.0,0.2,0.01,0.01,36,shrink,42,1.4214165698031183,-0.2633701612471274,0.04316059920884522,-10.146890790035005,9.57230101420781,1.9917996666361941,1.4231285254677246,-0.2665591996044625,0.04021678032110839,0.01
1.0,0.2,0.01,0.01,36,current,43,1.4205534541371703,-0.2604372433696678,0.04112943643936796,-10.999633984328486,9.851120546130517,1.0604161333779967,1.421080374883703,-0.2623512341555828,0.03991789536290544,0.03
1.0,0.2,0.01,0.01,36,kink,43,1.417228083181459,-0.26093947740510903,0.049131368935921495,-11.269437061347254,9.851120546130517,1.6783795241328343,1.4111042620165697,-0.2638579362619065,0.06392369285256606,0.03
1.0,0.2,0.01,0.01,36,shrink,43,1.4205629820621282,-0.2594217482469264,0.04136086987870214,-11.479486169831151,9.851120546130517,0.18479684399209462,1.421108958658577,-0.2593047487873586,0.04061219568090801,0.01
1.0,0.2,0.01,0.01,36,current,44,1.421754078535205,-0.2614846483265014,0.04138095539401639,-12.031780789069996,10.357099604043961,2.3113582063740026,1.4164149255802958,-0.2622326860066772,0.04497554538701248,0.03
1.0,0.2,0.01,0.01,36,kink,44,1.4266534169556486,-0.26140013858286154,0.038287213038387204,-10.406636096740254,10.357099604043961,1.2264383318787255,1.4311129408416263,-0.26197915677575745,0.03569431832012492,0.03
1.0,0.2,0.01,0.01,36,shrink,44,1.4202543747938619,-0.2592899025161907,0.03797311125871621,-11.295099812117455,10.357099604043961,1.6936729332604472,1.4119158143562665,-0.25564844857574504,0.03475201298111194,0.01
1.0,0.2,0.01,0.01,36,current,45,1.4222026702900827,-0.2625972642397791,0.04028404131406497,-11.504367516866864,10.047474237762577,1.0755384319359684,1.4221114834624973,-0.2681261155401176,0.04329275606807757,0.03
1.0,0.2,0.01,0.01,36,kink,45,1.424089041188236,-0.258203787733813,0.038104550000591514,-11.591448606887974,10.047474237762577,1.7082901858571227,1.4277705961569573,-0.2549456860222194,0.036754282127657203,0.03
1.0,0.2,0.01,0.01,36,shrink,45,1.42291429414441,-0.26027745967886945,0.038892605553650254,-11.395406644966936,10.047474237762577,1.7976717887252291,1.4242463550254791,-0.2611667018573888,0.039118448786833404,0.01
1.0,0.2,0.01,0.01,36,current,46,1.425029028380375,-0.2620113743499273,0.03439949911709674,-11.406920565681515,9.436718255978372,1.469040105454613,1.4226567334863538,-0.25772741740950555,0.031220328784105328,0.03
1.0,0.2,0.01,0.01,36,kink,46,1.4240911009124535,-0.264543461863676,0.038618855648231254,-11.757635952135866,9.436718255978372,1.308604286659588,1.4198429510825894,-0.26532367995075173,0.04387839837750886,0.03
1.0,0.2,0.01,0.01,36,shrink,46,1.4257360839563393,-0.26020821511671643,0.034540950792101247,-10.715577541763253,9.436718255978372,1.572033035982259,1.4247779002142467,-0.25231793970987304,0.03164468380911884,0.01
1.0,0.2,0.01,0.01,36,current,47,1.4257747457376115,-0.26311007522902813,0.03997529587432075,-11.00931946826474,9.613322336765048,1.2319828868265783,1.4237895268954355,-0.2649562803777661,0.04569890827166523,0.03
1.0,0.2,0.01,0.01,36,kink,47,1.4262401714309665,-0.26342868327853003,0.03832962581294518,-10.971995458076258,9.613322336765048,1.4216867596029243,1.4251858039755008,-0.2659121045262718,0.04076189808753854,0.03
1.0,0.2,0.01,0.01,36,shrink,47,1.424093171152981,-0.261368665077933,0.03586679392361959,-11.20494574879672,9.613322336765048,1.8906052835504732,1.4187448031415437,-0.2597320499244806,0.03337340241956176,0.01
1.0,0.2,0.01,0.01,36,current,48,1.4200419160649975,-0.26607364658917126,0.042250866947660316,-11.39735972494544,10.150753027406562,1.3521893143227228,1.4189194771499065,-0.2670809995823581,0.04023175888861356,0.03
1.0,0.2,0.01,0.01,36,kink,48,1.4231682546311901,-0.2652513718043144,0.04279041478464194,-10.671829557379402,10.150753027406562,1.6974731996955792,1.4282984928484839,-0.26461417522778746,0.04185040239955844,0.03
1.0,0.2,0.01,0.01,36,shrink,48,1.4188362769382123,-0.26572211331103385,0.04249965137365178,-10.045644711605181,10.150753027406562,1.4391672451545363,1.4153025597695499,-0.2660263997479458,0.04097811216658798,0.01
1.0,0.2,0.01,0.01,36,current,49,1.4174688421603119,-0.2617232767388727,0.04112499676252188,-11.88297279173375,9.741706438864009,2.1767117463511347,1.4150775148897932,-0.26030472402262755,0.04358997962314266,0.03
1.0,0.2,0.01,0.01,36,kink,49,1.4171923237722588,-0.2622494355290558,0.03570943708762322,-11.536262339155009,9.741706438864009,2.22001608990276,1.4142479597256339,-0.2618832003931767,0.02734330059844665,0.03
1.0,0.2,0.01,0.01,36,shrink,49,1.4184980930389266,-0.26256869535022564,0.03938862404091381,-12.054254013722042,9.741706438864009,2.4269902386877833,1.4181652675256373,-0.26284097985668636,0.03838086145831845,0.01
1.0,0.2,0.01,0.01,40,current,0,3.1524558881100675,-0.45971804189237275,0.051121165452928254,-21.56285956183883,16.55487624116534,1.0221440579949466,3.1581971208189157,-0.4641644143940936,0.042644816601093136,0.03
1.0,0.2,0.01,0.01,40,kink,0,3.1521328990722566,-0.4622281814347964,0.05189499521249693,-19.946038620019465,16.55487624116534,2.344674076010209,3.157228153705483,-0.4716948330213645,0.04496630587979917,0.03
1.0,0.2,0.01,0.01,40,shrink,0,3.1494011101012465,-0.4512509467377781,0.05050771538387738,-23.34599751503503,16.55487624116534,1.5045837761177863,3.1490327867924512,-0.43876312893030966,0.04080446639394051,0.01
1.0,0.2,0.01,0.01,40,current,1,3.1533256473031237,-0.454752651586833,0.04330230866613455,-18.916654621217685,16.715320634500017,2.474704851108587,3.167666114554933,-0.4494625395211239,0.038747846900134324,0.03
1.0,0.2,0.01,0.01,40,kink,1,3.152356739578924,-0.4609563761270567,0.04508914291524446,-20.516471053067942,16.715320634500017,2.7870538317618054,3.164759391382335,-0.4680737131417948,0.044108349647464073,0.03
1.0,0.2,0.01,0.01,40,shrink,1,3.1463017276266654,-0.45783621330237817,0.046384786055831684,-20.29183605904885,16.715320634500017,2.055146947013905,3.1465943555255595,-0.4587132246677595,0.04799527906922572,0.01
1.0,0.2,0.01,0.01,40,current,2,3.1659057300489923,-0.46185206368434367,0.046258299380373104,-19.43714605460393,16.712672779572816,1.496819154013415,3.164449686035022,-0.4596269356078375,0.044746961085970635,0.03
1.0,0.2,0.01,0.01,40,kink,2,3.1630141237566556,-0.46183428153952266,0.0484747271495278,-18.611937606979716,16.712672779572816,1.2138523373913843,3.1557748671580113,-0.4595735891733746,0.05139624439343473,0.03
1.0,0.2,0.01,0.01,40,shrink,2,3.1608894874670272,-0.46174597605687556,0.04832576307331118,-17.87044932168184,16.712672779572816,3.1816805585211263,3.149400958289125,-0.4593086727254332,0.05094935216478485,0.01
1.0,0.2,0.01,0.01,40,current,3,3.161183269809881,-0.45951547875822163,0.05819726663607453,-19.344175121315384,16.47630353268097,1.3584200379557037,3.161023792018051,-0.4584103716863209,0.05912851283930973,0.03
1.0,0.2,0.01,0.01,40,kink,3,3.1640271981558903,-0.45953008068081447,0.04865259595426296,-18.04530858100355,16.47630353268097,0.625327867715606,3.169555577056079,-0.4584541774540995,0.03049450079387499,0.03
1.0,0.2,0.01,0.01,40,shrink,3,3.1600103220041995,-0.4574950749377509,0.054649763056591284,-19.07287818954179,16.47630353268097,-1.0320986438183752,3.1575049486010074,-0.4523491602249085,0.04848600210085999,0.01
1.0,0.2,0.01,0.01,40,current,4,3.152977761534894,-0.453413164270506,0.056653224439245864,-20.42380643576419,15.612955765309065,1.651266060013239,3.135275746138781,-0.46180611204455296,0.07202324540848667,0.03
1.0,0.2,0.01,0.01,40,kink,4,3.151798425635832,-0.45266237482231464,0.058926948911312726,-18.28342613647507,15.612955765309065,1.53740152456349,3.131737738441592,-0.45955374369997887,0.07884441882468728,0.03
1.0,0.2,0.01,0.01,40,shrink,4,3.1561972476966003,-0.4467907142668739,0.04405183713232804,-21.176307544803127,15.612955765309065,2.1505966251427577,3.1449342046238984,-0.4419387620336567,0.03421908348773321,0.01
1.0,0.2,0.01,0.01,40,current,5,3.1655400481894116,-0.4497084017807636,0.04407555088731494,-19.829583434045364,15.431168653916282,1.698515696992148,3.1685448271701904,-0.4587969317971049,0.0423520315154229,0.03
1.0,0.2,0.01,0.01,40,kink,5,3.1581870473775226,-0.4433472142692763,0.04466651441584058,-20.356179123711463,15.431168653916282,1.4243395293508694,3.1464858247345244,-0.43971336926264304,0.04412492210099984,0.03
1.0,0.2,0.01,0.01,40,shrink,5,3.161724565112825,-0.4524394686117394,0.04332086102402636,-18.860359801852745,15.431168653916282,-1.7883881599747278,3.1570983779404296,-0.4669901322900322,0.04008796192555715,0.01
1.0,0.2,0.01,0.01,40,current,6,3.158204431899478,-0.45858458231037474,0.0475752871759638,-20.687517891414267,16.593831772919618,1.6070144462894382,3.1544701157335493,-0.4609901238594642,0.05499738529149414,0.03
1.0,0.2,0.01,0.01,40,kink,6,3.1591003434192526,-0.46274664053336717,0.0452393931087836,-20.026018750196585,16.593831772919618,2.1046841730174473,3.1571578502928728,-0.4734762985284415,0.04798970308995353,0.03
1.0,0.2,0.01,0.01,40,shrink,6,3.1631874514816385,-0.45627906099841936,0.044070669146030965,-15.370963109107088,16.593831772919618,1.0121123029518775,3.16941917448003,-0.45407355992359805,0.04448353120169562,0.01
1.0,0.2,0.01,0.01,40,current,7,3.161868791715733,-0.4557025315486214,0.04626131113709817,-20.187505175174245,17.149006222465008,3.170588979073415,3.166972441573695,-0.4478209737165909,0.046116100592277595,0.03
1.0,0.2,0.01,0.01,40,kink,7,3.159648863735678,-0.45795406537896,0.05071169764997482,-19.943449425426433,17.149006222465008,1.1063804317762358,3.1603126576335283,-0.4545755752076066,0.059467260130907515,0.03
1.0,0.2,0.01,0.01,40,shrink,7,3.1636185916119057,-0.45364329968911515,0.04070558730713083,-20.254034998814877,17.149006222465008,2.7343161090470858,3.1722218412622127,-0.44164327813807236,0.02944892910237556,0.01
1.0,0.2,0.01,0.01,40,current,8,3.1623442762711917,-0.4563915913433785,0.04960851033342275,-19.175607288339197,18.07547051881833,1.4648802355742405,3.168542063308671,-0.4594500274320894,0.046364867540675446,0.03
1.0,0.2,0.01,0.01,40,kink,8,3.156534461129841,-0.4547521474561978,0.05125440130750825,-21.342329386851524,18.07547051881833,0.912835565026415,3.15111261788462,-0.4545316957705475,0.051302540462931964,0.03
1.0,0.2,0.01,0.01,40,shrink,8,3.159428878198113,-0.4565177361694452,0.052507774993056006,-20.189310473302147,18.07547051881833,0.413185522853851,3.159795869089433,-0.4598284619102894,0.055062661519575215,0.01
1.0,0.2,0.01,0.01,40,current,9,3.1647096196507998,-0.4551529598017938,0.04602376143337441,-18.766393867265045,16.081476845445877,1.9234505506889785,3.1602922849272783,-0.454725216906087,0.046220646869380454,0.03
1.0,0.2,0.01,0.01,40,kink,9,3.1621687193809556,-0.44968507514728434,0.04270750491458911,-19.638090625826035,16.081476845445877,0.6761746128647077,3.152669584117745,-0.43832156294255864,0.036271877313024566,0.03
1.0,0.2,0.01,0.01,40,shrink,9,3.1598877013264084,-0.45517435218477154,0.046881911845645906,-13.89012075633904,16.081476845445877,1.116333405461896,3.145826529954104,-0.45478939405502034,0.048795098106194944,0.01
1.0,0.2,0.01,0.01,40,current,10,3.1647706008251877,-0.453340197643808,0.0536595523389836,-18.85444087695823,15.969872969318208,1.4983135897902136,3.167277879815522,-0.44948442430829166,0.06014320585294865,0.03
1.0,0.2,0.01,0.01,40,kink,10,3.1564654267463954,-0.4564207981897049,0.049949632601000014,-18.690932208745583,15.969872969318208,3.111881813774768,3.142362357579145,-0.45872622594598245,0.04901344663899791,0.03
1.0,0.2,0.01,0.01,40,shrink,10,3.158176862830077,-0.45745858438089587,0.053238230857103774,-24.59681918593192,15.969872969318208,0.9283561193944592,3.147496665830189,-0.4618395845195555,0.0588792414073092,0.01
1.0,0.2,0.01,0.01,40,current,11,3.1610306114633935,-0.45919304730661664,0.04743577318121651,-20.092497294726424,16.18088277417139,1.4793358530780103,3.1605597498317892,-0.4587183076782502,0.04902983041794404,0.03
1.0,0.2,0.01,0.01,40,kink,11,3.1588574156162132,-0.4541650019300229,0.047486048189018505,-20.26695934524622,16.18088277417139,1.3766683029986946,3.1540401622902503,-0.443634171548469,0.049180655441350016,0.03
1.0,0.2,0.01,0.01,40,shrink,11,3.1583018951287385,-0.4580832423169435,0.049877369327620234,-20.42447906226008,16.18088277417139,0.34594083294510614,3.152373600827825,-0.45538889270923083,0.0563546188571552,0.01
1.0,0.2,0.01,0.01,40,current,12,3.1610671113459485,-0.4528580244149913,0.0503800049023009,-19.817853193075557,16.17147749093631,1.9239303990951195,3.1538281863352102,-0.4523416069417217,0.05756020197749332,0.03
1.0,0.2,0.01,0.01,40,kink,12,3.1564387424795957,-0.4487636306685305,0.048966375881913604,-18.182825037738244,16.17147749093631,0.7542819867962771,3.1399430797361525,-0.4400584257023394,0.05331931491633145,0.03
1.0,0.2,0.01,0.01,40,shrink,12,3.1589449649337014,-0.4551254469514088,0.050246794579133315,-20.4052991796863,16.17147749093631,-0.6305576663206705,3.147461747098469,-0.4591438745509742,0.0571605710079906,0.01
1.0,0.2,0.01,0.01,40,current,13,3.1527780107585843,-0.4593811012360309,0.04427333517457307,-20.246881698205303,18.36981299644226,1.9072438424554887,3.1446265982907287,-0.4520817174121562,0.04937954574491198,0.03
1.0,0.2,0.01,0.01,40,kink,13,3.14949188772682,-0.45599361125226395,0.04410779662776324,-18.062702467020376,18.36981299644226,0.24739998411628394,3.1347682291954366,-0.4419192474608556,0.048882930104482504,0.03
1.0,0.2,0.01,0.01,40,shrink,13,3.1534011645422484,-0.46248565353844917,0.04359356861742556,-18.290222876688418,18.36981299644226,1.8167969667300172,3.146496059641721,-0.46139537431941124,0.047340246073469476,0.01
1.0,0.2,0.01,0.01,40,current,14,3.165369106454578,-0.45781355872087826,0.04884613454939667,-18.657664776058486,17.94740731724447,1.448742526749895,3.1708960843495584,-0.45556112447118563,0.04974732128457432,0.03
1.0,0.2,0.01,0.01,40,kink,14,3.164566536205809,-0.46122122387716974,0.045775708923121404,-19.392592995430437,17.94740731724447,1.2316600094400822,3.168488373603252,-0.4657841199400599,0.04053604440574851,0.03
1.0,0.2,0.01,0.01,40,shrink,14,3.160805841879803,-0.46016155965963706,0.050706716626186615,-16.293842374965045,17.94740731724447,-1.680806932004128,3.157206290625234,-0.462605127287462,0.055329067514944166,0.01
1.0,0.2,0.01,0.01,40,current,15,3.1514992520020457,-0.4578582902318744,0.048242721898584306,-19.46128152694743,15.086455331359517,1.4690981287188136,3.1596615055310813,-0.45882386048769525,0.047115603265349734,0.03
1.0,0.2,0.01,0.01,40,kink,15,3.1440744047248868,-0.4541194584288502,0.04904115872178003,-20.41081929080036,15.086455331359517,3.1586722681558204,3.137386963699603,-0.44760736507862275,0.049510913734936934,0.03
1.0,0.2,0.01,0.01,40,shrink,15,3.142593632324051,-0.45312008120729147,0.04952937056632187,-21.70951632101038,15.086455331359517,3.683835666207731,3.1329446464970965,-0.4446092334139463,0.050975549268562424,0.01
1.0,0.2,0.01,0.01,40,current,16,3.153495265987288,-0.45441267493377957,0.04675318075206051,-20.738058729686376,18.01947589369901,2.551279671523888,3.14990590695235,-0.455532722875689,0.05066115479371657,0.03
1.0,0.2,0.01,0.01,40,kink,16,3.15775380309907,-0.45519273196223375,0.04138576568503042,-19.99456916893034,18.01947589369901,1.845358205693287,3.1626815182876973,-0.45787289396105163,0.034558909592626294,0.03
1.0,0.2,0.01,0.01,40,shrink,16,3.1548273101742175,-0.4567207044759356,0.04474159717210216,-21.07883899861505,18.01947589369901,-0.2370761123536942,3.153902039513138,-0.46245681150215734,0.04462640405384152,0.01
1.0,0.2,0.01,0.01,40,current,17,3.1586126204645724,-0.45275851120285243,0.0497829350232751,-20.174841146528976,15.036805039124514,2.514792473529309,3.1516279141969807,-0.44248438984998345,0.04932163420688895,0.03
1.0,0.2,0.01,0.01,40,kink,17,3.158433356694509,-0.4555062735888154,0.050408387837188005,-18.194845121327944,15.036805039124514,0.09207136998644061,3.1510901228867887,-0.45072767700787253,0.051197992648627684,0.03
1.0,0.2,0.01,0.01,40,shrink,17,3.1585427273352806,-0.45818973865574253,0.05219371025948449,-24.753225580480656,15.036805039124514,1.636833886706233,3.1514182348091033,-0.4587780722086538,0.05655395991551711,0.01
1.0,0.2,0.01,0.01,40,current,18,3.1639270945493863,-0.45423573060696404,0.04402371392184117,-19.01683043313093,16.35715519267668,1.77992842954927,3.164828359214109,-0.4569789877879733,0.046103084254909235,0.03
1.0,0.2,0.01,0.01,40,kink,18,3.1667851935667843,-0.4533061945981469,0.04696505841989356,-21.009444534340947,16.35715519267668,2.2229358342857313,3.1734026562663034,-0.4541903797615219,0.05492711774906641,0.03
1.0,0.2,0.01,0.01,40,shrink,18,3.166779229567975,-0.45214210622322687,0.043894181487162724,-15.550728594872744,16.35715519267668,-0.928844132091492,3.173384764269875,-0.4506981146367615,0.04571448695087389,0.01
1.0,0.2,0.01,0.01,40,current,19,3.1636813528750487,-0.45626564259977015,0.042135064703721005,-19.612446485359165,16.69466574752008,0.832466930874924,3.163699796514508,-0.4599360671041247,0.03685753026919369,0.03
1.0,0.2,0.01,0.01,40,kink,19,3.160889725624088,-0.4530166084291046,0.0491199818465154,-20.946342936146586,16.69466574752008,1.9182290591234947,3.155324914761625,-0.4501889645921282,0.057812281697576864,0.03
1.0,0.2,0.01,0.01,40,shrink,19,3.163449262757213,-0.4561244598417819,0.043368728966180596,-15.710246232498775,16.69466574752008,-0.05975984784214883,3.1630035261609986,-0.45951251883016003,0.04055852305657244,0.01
1.0,0.2,0.01,0.01,40,current,20,3.163293472839504,-0.4543362525139263,0.053011887595720474,-19.50310372182481,14.723707838212016,1.6006265505078374,3.1668021087992195,-0.45889498217569896,0.05447500446994619,0.03
1.0,0.2,0.01,0.01,40,kink,20,3.164188756326292,-0.4527897169326441,0.05277260916047721,-18.61488794262016,14.723707838212016,1.2738228115505579,3.169487959259584,-0.4542553754318525,0.05375716916421641,0.03
1.0,0.2,0.01,0.01,40,shrink,20,3.163004964270583,-0.4539269544604087,0.04947025653066308,-18.176618798465867,14.723707838212016,2.513648558247173,3.165936583092457,-0.45766708801514616,0.04385011127477397,0.01
1.0,0.2,0.01,0.01,40,current,21,3.1571903460370643,-0.45438124680382486,0.049884570337196094,-20.13834976926668,17.504773412874687,1.3002065727713292,3.15938712929868,-0.4534664144095576,0.056747464162341915,0.03
1.0,0.2,0.01,0.01,40,kink,21,3.155114349427271,-0.4556989067593697,0.053898560446189535,-17.321157464622612,17.504773412874687,2.412131366821418,3.1531591394692984,-0.45741939427619194,0.06878943448932223,0.03
1.0,0.2,0.01,0.01,40,shrink,21,3.155838833748953,-0.4557391760393384,0.04767088975224404,-18.290055198262454,17.504773412874687,-0.028832382468226614,3.1553325924343447,-0.45754020211609814,0.05010642240748575,0.01
1.0,0.2,0.01,0.01,40,current,22,3.158110725394423,-0.45788028055650215,0.05119362831661323,-19.84863563211439,16.87280610121133,0.8607523188103072,3.160842997736103,-0.4608077082312069,0.05890656509716838,0.03
1.0,0.2,0.01,0.01,40,kink,22,3.1543694823529975,-0.45658883277612955,0.05125983893652688,-19.149264125490724,16.87280610121133,1.3276512530540334,3.1496192686118265,-0.4569333648900888,0.059105196956909314,0.03
1.0,0.2,0.01,0.01,40,shrink,22,3.156342789065564,-0.45687224098991397,0.0476935849136882,-19.624423713359587,16.87280610121133,1.3572082002671002,3.1555391887495268,-0.4577835895314424,0.04840643488839328,0.01
1.0,0.2,0.01,0.01,40,current,23,3.1614461505787133,-0.4526011573799062,0.04555053170582096,-18.904940285816405,17.150788737741408,1.312301763637943,3.1711854582386163,-0.4590562599322588,0.04481159309027752,0.03
1.0,0.2,0.01,0.01,40,kink,23,3.1508358362642803,-0.45410451047023265,0.04763004856809883,-17.69356958848801,17.150788737741408,1.5040847367704784,3.139354515295318,-0.4635663192032382,0.05105014367711113,0.03
1.0,0.2,0.01,0.01,40,shrink,23,3.1589697900119034,-0.4506698335849184,0.05136688916604724,-18.15145057598499,17.150788737741408,1.3840127014168022,3.163756376538185,-0.4532622885472955,0.06226066547095634,0.01
1.0,0.2,0.01,0.01,40,current,24,3.154019040312398,-0.4579562346172014,0.04798989762599176,-19.409991814346924,16.90805415909249,1.3392505350082762,3.156647249397705,-0.45831986797777496,0.05214787235690816,0.03
1.0,0.2,0.01,0.01,40,kink,24,3.1513970459278102,-0.4546100804553668,0.04566158647565255,-20.42116124366227,16.90805415909249,0.7025794062570452,3.1487812662439407,-0.4482814054922712,0.045162938905890515,0.03
1.0,0.2,0.01,0.01,40,shrink,24,3.1530370316725373,-0.4574786342162776,0.04413519243966698,-21.350677071151015,16.90805415909249,0.17657303750176223,3.153701223478121,-0.45688706677500346,0.040583756797933815,0.01
1.0,0.2,0.01,0.01,40,current,25,3.161690082838779,-0.4580793127356259,0.05405809075033289,-19.925926974595285,14.903987714584183,1.5908635529892678,3.162567429341059,-0.45369832388291953,0.04775564332117203,0.03
1.0,0.2,0.01,0.01,40,kink,25,3.153082961092172,-0.45669586630452247,0.057483893244622795,-18.162901348461382,14.903987714584183,0.6066491161253678,3.136746064101239,-0.44954798458960926,0.0580330508040417,0.03
1.0,0.2,0.01,0.01,40,shrink,25,3.1595171520921848,-0.4579448246365509,0.052153991621061546,-21.414633179752542,14.903987714584183,-0.11593421366949008,3.156048637101277,-0.4532948595856944,0.04204334593335797,0.01
1.0,0.2,0.01,0.01,40,current,26,3.1525869508704063,-0.45623545359866924,0.04862535713603231,-20.55378414114917,16.94021958885214,2.2096971653411193,3.14965612654776,-0.44900725355730714,0.05302018730676543,0.03
1.0,0.2,0.01,0.01,40,kink,26,3.1521536664437533,-0.46046995883544234,0.052578143262300196,-19.566197037007495,16.94021958885214,0.5757279723785558,3.148356273267799,-0.4617107692676264,0.06487854568556906,0.03
1.0,0.2,0.01,0.01,40,shrink,26,3.1524203065139402,-0.45688947779194383,0.04550849351052947,-20.810032197439114,16.94021958885214,3.44989196208856,3.149156193478361,-0.4509693261371309,0.04366959643025688,0.01
1.0,0.2,0.01,0.01,40,current,27,3.14725432667514,-0.45203729535975684,0.053789130970160776,-19.279024085004867,18.269544205811663,2.518513884500905,3.1572907744122443,-0.4490636421340832,0.045211062102235855,0.03
1.0,0.2,0.01,0.01,40,kink,27,3.151415199405328,-0.4511836721865537,0.05258268482986309,-18.8493692944714,18.269544205811663,0.6285855068926556,3.1697733926028078,-0.44650277261447396,0.041591723681342826,0.03
1.0,0.2,0.01,0.01,40,shrink,27,3.1460937910446662,-0.45319683832848306,0.05403951324381756,-18.75536577307288,18.269544205811663,0.4675738474956892,3.153809167520822,-0.45254227104026207,0.045962208923206196,0.01
1.0,0.2,0.01,0.01,40,current,28,3.155822723658678,-0.45969203265938646,0.046423482244248304,-20.946717970047303,16.86570236880211,1.820447159213222,3.1579393235529696,-0.46229823072158366,0.048324038568197905,0.03
1.0,0.2,0.01,0.01,40,kink,28,3.157000434917176,-0.46298953095672446,0.04833173582533212,-17.684432808727788,16.86570236880211,0.3524611245981346,3.1614724573284634,-0.47219072561359765,0.05404879931144939,0.03
1.0,0.2,0.01,0.01,40,shrink,28,3.154742142263494,-0.4580564217263457,0.046985705746743524,-20.612988671997922,16.86570236880211,0.8190050312573154,3.154697579367419,-0.45739139792246136,0.050010709075683606,0.01
1.0,0.2,0.01,0.01,40,current,29,3.158479308187353,-0.4570687665132939,0.052749431884578396,-18.931802330206413,17.196070312449145,0.7079844406615956,3.1620602655391217,-0.4589145232960453,0.05207458759298626,0.03
1.0,0.2,0.01,0.01,40,kink,29,3.1579539474075844,-0.45622138835066955,0.04920991957616818,-18.57847366409996,17.196070312449145,2.370509298589305,3.1604841831998156,-0.4563723888081722,0.041456050667755616,0.03
1.0,0.2,0.01,0.01,40,shrink,29,3.1509302466935174,-0.4541202395999305,0.047340261147621944,-19.29985127537947,17.196070312449145,2.7788979480882228,3.139413081057616,-0.4500689425559551,0.03584707538211693,0.01
1.0,0.2,0.01,0.01,40,current,30,3.1500684471309257,-0.46026703205668623,0.056734756465987995,-20.01909840433429,17.485626814947963,2.018616675582478,3.1549982658193154,-0.4513151085610866,0.060388339444431026,0.03
1.0,0.2,0.01,0.01,40,kink,30,3.151788742687247,-0.46456880130804756,0.054838837583715105,-19.12294968441793,17.485626814947963,0.4193734057548426,3.160159152488279,-0.4642204163151707,0.05470058279761237,0.03
1.0,0.2,0.01,0.01,40,shrink,30,3.150827950908619,-0.4629924657731981,0.05377040171061043,-18.15717895943513,17.485626814947963,1.687882233022973,3.1572767771523957,-0.4594914097106221,0.05149527517829831,0.01
1.0,0.2,0.01,0.01,40,current,31,3.158653711753722,-0.4620401046318859,0.0523157162080787,-20.387123029599188,18.273471103060967,1.2550602626630778,3.1589937539069175,-0.4614444391471829,0.05374284384825933,0.03
1.0,0.2,0.01,0.01,40,kink,31,3.163022529632226,-0.4627042878231576,0.047018506632915034,-18.398935819744654,18.273471103060967,0.958157558361943,3.17210020754243,-0.463436988720998,0.037851215122768345,0.03
1.0,0.2,0.01,0.01,40,shrink,31,3.15706643214429,-0.45968933282873586,0.050914196145264996,-22.940966282974628,18.273471103060967,2.4576136660316896,3.154231915078622,-0.4543921237377327,0.04953828365981822,0.01
1.0,0.2,0.01,0.01,40,current,32,3.1617480467303984,-0.4562617452903051,0.04245722771966453,-19.85904635406828,16.13044054500035,1.3535086351889762,3.157093651587418,-0.45797027045064054,0.04620007460039345,0.03
1.0,0.2,0.01,0.01,40,kink,32,3.1572651826529063,-0.4558109471056622,0.049402090979634515,-19.970019730394064,16.13044054500035,2.5641443891205977,3.143645059354941,-0.45661787589671193,0.06703466438030342,0.03
1.0,0.2,0.01,0.01,40,shrink,32,3.163305270651208,-0.45386322776078575,0.04802536217685514,-17.602324319142642,16.13044054500035,2.5671293081052635,3.1617653233498473,-0.45077471786208245,0.06290447797196529,0.01
1.0,0.2,0.01,0.01,40,current,33,3.156385551712264,-0.4494215356341525,0.04347281675781008,-19.506463011404783,16.833907624366027,1.192710974539622,3.1515634397002974,-0.45341614731393987,0.04604536366576307,0.03
1.0,0.2,0.01,0.01,40,kink,33,3.161094928152752,-0.45100681697267,0.04098637770954727,-18.319721942482374,16.833907624366027,-0.9958908807158713,3.1656915690217606,-0.4581719913294923,0.03858604652097464,0.03
1.0,0.2,0.01,0.01,40,shrink,33,3.157412619315766,-0.4515362724381123,0.039928528558110125,-18.62570808619465,16.833907624366027,-0.2684037693716379,3.154644642510803,-0.45976035772581925,0.0354124990666632,0.01
1.0,0.2,0.01,0.01,40,current,34,3.1644315478750364,-0.45936594483413035,0.050119229208453096,-19.993888467732766,16.73064688966521,0.8993919653306788,3.1658609920686303,-0.46526690134933396,0.057557619841741285,0.03
1.0,0.2,0.01,0.01,40,kink,34,3.1552021198331204,-0.4537612623866183,0.0489507712866912,-20.303127836339733,16.73064688966521,3.0035331084041017,3.13817270794288,-0.4484528540067976,0.05405224607645563,0.03
1.0,0.2,0.01,0.01,40,shrink,34,3.160714277194478,-0.45668078351729324,0.04745355445043323,-16.435538219702998,16.73064688966521,-1.6762380307342812,3.1547091800269556,-0.4572114173988225,0.049560595567681706,0.01
1.0,0.2,0.01,0.01,40,current,35,3.1592560320829333,-0.45853239871915447,0.055619863402206336,-18.728384668432458,17.26915925995906,0.3568820848069858,3.16308264669382,-0.4598247048898474,0.05696755166579269,0.03
1.0,0.2,0.01,0.01,40,kink,35,3.159887881255304,-0.4557534401761298,0.05234796643030604,-20.234999262705948,17.26915925995906,2.5965227555433215,3.1649781942109323,-0.45148782926077347,0.0471518607500918,0.03
1.0,0.2,0.01,0.01,40,shrink,35,3.1550588719748855,-0.4550425325708068,0.05963889484158149,-16.85718933361963,17.26915925995906,0.5823576639170338,3.150491166369677,-0.4493551064448045,0.06902464598391815,0.01
1.0,0.2,0.01,0.01,40,current,36,3.1641464235660925,-0.4541440492655757,0.046151246625863396,-18.759735124815283,17.07521163230354,0.7551045958711091,3.176467145106686,-0.4574284585272128,0.042349616213759905,0.03
1.0,0.2,0.01,0.01,40,kink,36,3.1584674387882714,-0.45448336039235265,0.04431694986478008,-19.51848411966104,17.07521163230354,2.4548861933799104,3.159430190773225,-0.45844639190754366,0.036846725930509965,0.03
1.0,0.2,0.01,0.01,40,shrink,36,3.157133451028495,-0.45339405852430587,0.046664893839629046,-17.757677374592287,17.07521163230354,0.14152683111794961,3.1554282274938936,-0.45517848630340335,0.04389055785505685,0.01
1.0,0.2,0.01,0.01,40,current,37,3.166942394925004,-0.46031556156692693,0.045646238514802005,-19.026488702271017,17.237290601736387,0.5978395180636129,3.1709559849960174,-0.4630437389642706,0.03790420754579158,0.03
1.0,0.2,0.01,0.01,40,kink,37,3.162505184601761,-0.4577244523760073,0.04923863018533473,-19.100216690025054,17.237290601736387,1.2165515933950761,3.1576443540262877,-0.45527041139151175,0.048681382557389775,0.03
1.0,0.2,0.01,0.01,40,shrink,37,3.160420318840295,-0.4576859896904335,0.048260946542104145,-19.48981307606158,17.237290601736387,0.5643274307405062,3.15138975674189,-0.4551550233347903,0.04574833162769802,0.01
1.0,0.2,0.01,0.01,40,current,38,3.157559677129741,-0.4540912190106594,0.05226805758195932,-17.608105195929824,17.126377310143397,0.9598173658007598,3.1684431099456,-0.45550542026152957,0.05202820051010751,0.03
1.0,0.2,0.01,0.01,40,kink,38,3.152117649796784,-0.45273704974994994,0.053363863993233764,-20.016020045872047,17.126377310143397,2.0606446707789416,3.1521170279467303,-0.45144291247940116,0.05531561974393082,0.03
1.0,0.2,0.01,0.01,40,shrink,38,3.1579711162459616,-0.4523559736586212,0.04891673891647074,-17.26575179871874,17.126377310143397,2.2914997871192218,3.1696774272942614,-0.4502996842054149,0.04197424451364174,0.01
1.0,0.2,0.01,0.01,40,current,39,3.161266740587267,-0.4563944648226457,0.046344143877225796,-19.666604447671848,17.32117449812203,1.7558715820916189,3.1690407086059893,-0.45455729951827395,0.0464642873379793,0.03
1.0,0.2,0.01,0.01,40,kink,39,3.1610764611794515,-0.45478595398024807,0.037707823841505055,-17.636044803335814,17.32117449812203,0.39612747890765454,3.168469870382542,-0.4497317669910812,0.020555327230817093,0.03
1.0,0.2,0.01,0.01,40,shrink,39,3.1584187000411412,-0.45705009509356254,0.04522451556164378,-22.084430725743182,17.32117449812203,4.349133526772712,3.160496586967612,-0.4565241903310248,0.043105402391233255,0.01
1.0,0.2,0.01,0.01,40,current,40,3.1565597704008668,-0.45418389890382344,0.049639767853703026,-18.464724431443912,16.359810234645277,1.3210480429470732,3.1541310095792627,-0.4528150673912716,0.04926845127208448,0.03
1.0,0.2,0.01,0.01,40,kink,40,3.1578787137646906,-0.4555930577525484,0.05019037166547627,-18.48635240647378,16.359810234645277,0.8310314000338062,3.158087839670735,-0.4570425439374463,0.0509202627074042,0.03
1.0,0.2,0.01,0.01,40,shrink,40,3.1599366363076045,-0.45680332563406195,0.048904918673403776,-19.466000626011915,16.359810234645277,-1.020669718434586,3.164261607299475,-0.4606733475819871,0.04706390373118674,0.01
1.0,0.2,0.01,0.01,40,current,41,3.1600559713763183,-0.4538461819013484,0.045152628779153096,-18.765132082931668,15.740392856616158,2.219880451594672,3.17060186858015,-0.4543603702025841,0.03600245316599252,0.03
1.0,0.2,0.01,0.01,40,kink,41,3.1553512680647273,-0.4536709487470256,0.04864157558629013,-18.653395497529075,15.740392856616158,1.639951191768072,3.156487758645376,-0.45383467073961575,0.046469293587403614,0.03
1.0,0.2,0.01,0.01,40,shrink,41,3.155985483079249,-0.4563215471443247,0.049869821532227236,-21.366961779918093,15.740392856616158,2.4733566829494853,3.1583904036889416,-0.46178646593151285,0.05015403142521493,0.01
1.0,0.2,0.01,0.01,40,current,42,3.157424138920766,-0.45916574819673456,0.053267722306782,-19.403746246746692,17.575595326789163,1.153473640882455,3.1611639230995037,-0.4611467543419436,0.04999988976295578,0.03
1.0,0.2,0.01,0.01,40,kink,42,3.1586734197597384,-0.4576614249838884,0.053528512465307154,-18.8137611682114,17.575595326789163,1.8570271230617617,3.1649117656164205,-0.45663378470340527,0.05078226023853123,0.03
1.0,0.2,0.01,0.01,40,shrink,42,3.1553460993283515,-0.45770795208259135,0.05621516088341368,-19.250053783502366,17.575595326789163,-0.786826305363358,3.154929804322261,-0.45677336599951396,0.058842205492850824,0.01
1.0,0.2,0.01,0.01,40,current,43,3.169521468951118,-0.46230327885967837,0.04570599724676924,-18.959041786168836,16.177449903450224,1.308449852094402,3.166515890640491,-0.46451580413036064,0.040206698931167205,0.03
1.0,0.2,0.01,0.01,40,kink,43,3.160034210952212,-0.45749818638325074,0.05493809275224066,-19.827894362795462,16.177449903450224,0.6751943957652624,3.1380541166437728,-0.45010052670107786,0.06790298544758146,0.03
1.0,0.2,0.01,0.01,40,shrink,43,3.164156763140472,-0.4557766170341681,0.049551804471233335,-20.062723658126778,16.177449903450224,4.955497877392043,3.1504217732085515,-0.44493581865383014,0.05174412060455948,0.01
1.0,0.2,0.01,0.01,40,current,44,3.1641329617199845,-0.4528884184051129,0.04184732630564583,-19.594425176906327,16.499995138774786,1.6717739795619546,3.167363019666321,-0.456376705230793,0.0399849842028062,0.03
1.0,0.2,0.01,0.01,40,kink,44,3.160009686876164,-0.44741347138665705,0.04373270343993779,-20.535211116921477,16.499995138774786,1.5412836429286192,3.154993195134859,-0.4399518641754255,0.04564111560568206,0.03
1.0,0.2,0.01,0.01,40,shrink,44,3.1619329818297808,-0.45370237064792257,0.04346854686353709,-19.248880375381987,16.499995138774786,4.516751648507229,3.160763079995709,-0.458818561959222,0.044848645876479964,0.01
1.0,0.2,0.01,0.01,40,current,45,3.156643301257059,-0.4552443790760529,0.04436362742652225,-18.725142610005346,16.436638928645014,1.265780572055462,3.1604017156160804,-0.45907750639024136,0.04439228896562454,0.03
1.0,0.2,0.01,0.01,40,kink,45,3.151966257033372,-0.4527279248891271,0.04171259626886418,-17.539368976765154,16.436638928645014,0.2516265127844972,3.146370582945018,-0.451528143829464,0.036439195492650324,0.03
1.0,0.2,0.01,0.01,40,shrink,45,3.159043221166938,-0.45681047011009746,0.046156456343647845,-25.666663187383108,16.436638928645014,0.06644121322633745,3.1676014753457165,-0.46377577949237514,0.049770775717001316,0.01
1.0,0.2,0.01,0.01,40,current,46,3.1561503925648147,-0.4520751991369855,0.04771291219554271,-21.667549757176687,16.862150407684293,1.8243450757792656,3.152758029124674,-0.4564986089820389,0.056794025994377426,0.03
1.0,0.2,0.01,0.01,40,kink,46,3.155422370081382,-0.45537111571602557,0.04160791819447767,-19.01071019013038,16.862150407684293,1.947956488652264,3.150573961674376,-0.466386358719159,0.03847904399118232,0.03
1.0,0.2,0.01,0.01,40,shrink,46,3.1582771694351544,-0.4527086496731196,0.04388169462934677,-17.364156944521675,16.862150407684293,1.4973126126699887,3.1591383597356946,-0.458398960590441,0.045300373295789606,0.01
1.0,0.2,0.01,0.01,40,current,47,3.153671039155481,-0.45390369325280955,0.05131177760637263,-19.564548971685063,16.31491660061949,2.4051386035430564,3.1622376700274133,-0.45246131262082223,0.05191311317242192,0.03
1.0,0.2,0.01,0.01,40,kink,47,3.15107285300617,-0.45581273932435806,0.05369756179307387,-17.961905695827372,16.31491660061949,1.599216974085787,3.154443111579479,-0.4581884508354677,0.059070465732525654,0.03
1.0,0.2,0.01,0.01,40,shrink,47,3.1505762854559713,-0.4585725695654633,0.04790831731926859,-18.272008134877478,16.31491660061949,0.3418275963735906,3.152953408928884,-0.4664679415587833,0.04170273231110981,0.01
1.0,0.2,0.01,0.01,40,current,48,3.1578858308677753,-0.46086383442604967,0.053111290138354667,-19.65994201268927,16.173714031595594,2.126310170917792,3.1628747530091212,-0.4554827715262112,0.04871467087951676,0.03
1.0,0.2,0.01,0.01,40,kink,48,3.1523690994861435,-0.45985147695147827,0.054199356591351056,-17.59205583925541,16.173714031595594,1.8372187438239034,3.146324558864225,-0.45244569910249693,0.051978870238505934,0.03
1.0,0.2,0.01,0.01,40,shrink,48,3.160283343462119,-0.4583238795943814,0.05349504557640696,-18.60883214083831,16.173714031595594,3.4064578598025506,3.1700672907921517,-0.44786290703120646,0.04986593719367366,0.01
1.0,0.2,0.01,0.01,40,current,49,3.1546365725437693,-0.45484126448900986,0.0507063454470994,-20.279816196398396,16.627296855512537,2.0243335232805313,3.159871806713917,-0.4569582376955614,0.05586363681480264,0.03
1.0,0.2,0.01,0.01,40,kink,49,3.151087199390597,-0.4570148805898387,0.05698237584413419,-19.67970280946429,16.627296855512537,1.2940169301819195,3.1492236872543993,-0.463479085998048,0.07469172800590704,0.03
1.0,0.2,0.01,0.01,40,shrink,49,3.155612276576323,-0.45663266517045376,0.05064625005130537,-19.231201781865494,16.627296855512537,0.5835508844858579,3.1627989188115775,-0.46233243973989313,0.05568335062742058,0.01
1.0,0.2,0.01,0.01,44,current,0,5.666860528265246,-0.6419303424698544,0.05072740636761247,-28.279503947718265,22.687633685554104,1.5669264162287384,5.672155861330796,-0.6331715974042312,0.05293807553813892,0.03
1.0,0.2,0.01,0.01,44,kink,0,5.657418772710428,-0.6408806103993261,0.042160359620792114,-26.26003817194817,22.687633685554104,-0.8009743103713314,5.6438305946663405,-0.6300224011926465,0.027236935297677844,0.03
1.0,0.2,0.01,0.01,44,shrink,0,5.66837092110089,-0.641970989858193,0.04634322482008629,-21.549267451377325,22.687633685554104,4.233600087147405,5.676687039837726,-0.6332935395692473,0.03978553089556038,0.01
1.0,0.2,0.01,0.01,44,current,1,5.676159493860436,-0.6404080056817847,0.052741673599190415,-26.76317591088593,23.450084805333688,0.8942279499669015,5.679923067815722,-0.6437598412236097,0.03984566560689274,0.03
1.0,0.2,0.01,0.01,44,kink,1,5.664689749566597,-0.6402017528178673,0.056507299646054665,-26.1517906135211,23.450084805333688,-0.02710486048362548,5.645513834934206,-0.6431410826318572,0.05114254374748547,0.03
1.0,0.2,0.01,0.01,44,shrink,1,5.665769024699313,-0.6373469107013725,0.0559878176995785,-30.885262339233492,23.450084805333688,3.0221472876411077,5.648751660332353,-0.6345765562823731,0.04958409790805701,0.01
1.0,0.2,0.01,0.01,44,current,2,5.680791856451202,-0.6518630792193462,0.0412492719461497,-27.029634923409134,22.3805298760116,1.5266554491136524,5.693990273497125,-0.6542289961762413,0.035416265182217035,0.03
1.0,0.2,0.01,0.01,44,kink,2,5.670765744344917,-0.6447077631421485,0.04456277596869082,-27.98961340906926,22.3805298760116,0.9477061135770337,5.663911937178271,-0.6327630479446484,0.045356777249840385,0.03
1.0,0.2,0.01,0.01,44,shrink,2,5.67327194782463,-0.6502218002774153,0.050724217210465335,-21.104506302449607,22.3805298760116,-0.9543346592647701,5.6714305476174065,-0.6493051593504485,0.06384110097516393,0.01
1.0,0.2,0.01,0.01,44,current,3,5.665279277338555,-0.6410850406322721,0.0322014770469004,-28.742820289523735,24.146708553948773,0.5830047126268527,5.676568975426867,-0.6523908618191918,0.026929320969035612,0.03
1.0,0.2,0.01,0.01,44,kink,3,5.662320441138491,-0.6357410483804296,0.03517802816187654,-26.9266216059903,24.146708553948773,0.06256194399857051,5.667692466826677,-0.6363588850636642,0.03585897431396402,0.03
1.0,0.2,0.01,0.01,44,shrink,3,5.665914440105232,-0.6431782063690126,0.04556178296797533,-29.986726036561585,24.146708553948773,-0.490174536357733,5.6784744637269,-0.6586703590294133,0.06701023873226038,0.01
1.0,0.2,0.01,0.01,44,current,4,5.68028523354479,-0.6505642483248263,0.05131056788583205,-27.88642254424016,20.54192840059122,1.058137213449664,5.666842279813162,-0.6399355452240736,0.045040111791541576,0.03
1.0,0.2,0.01,0.01,44,kink,4,5.688233780416021,-0.6528563827344063,0.06383476098383507,-26.78291821468672,20.54192840059122,1.4171860473524276,5.690687920426855,-0.6468119484528133,0.08261269108555062,0.03
1.0,0.2,0.01,0.01,44,shrink,4,5.680790779009558,-0.6479965924343789,0.041135888710838134,-28.863924982971838,20.54192840059122,-0.6342969622890733,5.668358916207464,-0.6322325775527315,0.014516074266559813,0.01
1.0,0.2,0.01,0.01,44,current,5,5.678508183738944,-0.6353490946395915,0.04335265682740038,-27.001316057604505,22.03826592005997,1.4718329599951137,5.677789456730045,-0.6390381517889997,0.050826282818057365,0.03
1.0,0.2,0.01,0.01,44,kink,5,5.673186018343611,-0.6371547482463993,0.040870029278254234,-26.314195357613823,22.03826592005997,0.9293491263602186,5.661822960544049,-0.6444551126094229,0.04337840017061894,0.03
1.0,0.2,0.01,0.01,44,shrink,5,5.680547794987048,-0.6439901110146944,0.03495564710837487,-22.552212781958858,22.03826592005997,0.49538286310611257,5.68390829047436,-0.664961200914308,0.025635253660980836,0.01
1.0,0.2,0.01,0.01,44,current,6,5.674566039349,-0.6362186857362588,0.050689041941333675,-25.808163213804605,22.391166142317424,0.6337186924276748,5.676975013060786,-0.6566220925001179,0.061193008997227516,0.03
1.0,0.2,0.01,0.01,44,kink,6,5.663590179057596,-0.6274392332942007,0.05281833287699338,-25.834207037530344,22.391166142317424,0.8185127217068002,5.644047432186574,-0.6302837351739433,0.06758088180420663,0.03
1.0,0.2,0.01,0.01,44,shrink,6,5.669068047600764,-0.6319389309753678,0.04567996166643661,-25.475620711906224,22.391166142317424,1.8395358984390566,5.660481037816077,-0.6437828282174449,0.046165768172536314,0.01
1.0,0.2,0.01,0.01,44,current,7,5.66638373409738,-0.6417945005169425,0.044876680092165645,-27.275079466273674,23.60589858384852,0.1116149222012286,5.677971890351222,-0.6509008636217826,0.06066775950661708,0.03
1.0,0.2,0.01,0.01,44,kink,7,5.661979926919884,-0.6407973876654743,0.04351588714474134,-27.626070748660705,23.60589858384852,0.1568852496266293,5.664760468818731,-0.6479095250673779,0.05658538066434415,0.03
1.0,0.2,0.01,0.01,44,shrink,7,5.657371485373729,-0.6328203186644008,0.045083255263643596,-28.169928391104158,23.60589858384852,1.5590027249684062,5.650935144180267,-0.6239783180641573,0.06128748502105093,0.01
1.0,0.2,0.01,0.01,44,current,8,5.673825421360031,-0.6433351641693714,0.05295511876532741,-27.48503258682141,22.792251119803034,2.6075811389924297,5.67305504753252,-0.6400823687862849,0.04621511628876187,0.03
1.0,0.2,0.01,0.01,44,kink,8,5.6725295973164735,-0.6497852923569177,0.05906436158211643,-27.231510253798675,22.792251119803034,0.6159050000529678,5.6691675754018505,-0.6594327533489235,0.06454284473912893,0.03
1.0,0.2,0.01,0.01,44,shrink,8,5.676591512203878,-0.6466994498023082,0.05638329287852939,-26.024923056678112,22.792251119803034,2.076875329862426,5.681353320064061,-0.6501752256850949,0.05649963862836781,0.01
1.0,0.2,0.01,0.01,44,current,9,5.679542674836718,-0.6382716620754625,0.034535944171440354,-26.395827200686572,21.39996613780454,0.43932269871988927,5.679707628913873,-0.6482857439796231,0.049144929813178986,0.03
1.0,0.2,0.01,0.01,44,kink,9,5.670896647817115,-0.6367150362854797,0.04171356872521942,-23.661702764239642,21.39996613780454,-1.014840370807954,5.653769547855066,-0.6436158666096743,0.07067780347451619,0.03
1.0,0.2,0.01,0.01,44,shrink,9,5.6821899940900025,-0.6329381536956085,0.02639932725100119,-23.018539559073147,21.39996613780454,1.7164676776765975,5.687649586673726,-0.6322852188400607,0.02473507905186149,0.01
1.0,0.2,0.01,0.01,44,current,10,5.67662825833565,-0.6342418677920909,0.04598678337477565,-26.753917269856455,22.004890548609435,1.5889151242042063,5.6898754215589005,-0.6379133035794945,0.03701806343571526,0.03
1.0,0.2,0.01,0.01,44,kink,10,5.6587379707748555,-0.6390353323069247,0.05279930896341103,-25.675293884155018,22.004890548609435,1.8924292909426406,5.6362045588765195,-0.6522936971239959,0.05745564020162137,0.03
1.0,0.2,0.01,0.01,44,shrink,10,5.670377219219966,-0.6364785696437885,0.04384623405437645,-21.432298993514884,22.004890548609435,0.6496946271799213,5.671122304211852,-0.6446234091345873,0.030596415474517642,0.01
1.0,0.2,0.01,0.01,44,current,11,5.6806115099228505,-0.6434081121141028,0.041927760100172295,-26.32575305439431,22.893088588510793,0.8375380720813228,5.6892964083840925,-0.6473374049413853,0.0527252269309118,0.03
1.0,0.2,0.01,0.01,44,kink,11,5.680090653617939,-0.6446140059848354,0.03498419302162841,-26.49338054967332,22.893088588510793,1.3695986043043944,5.6877338394693595,-0.6509550865535834,0.031894525695280174,0.03
1.0,0.2,0.01,0.01,44,shrink,11,5.673710836830755,-0.6384615199431529,0.0365771783837403,-23.081470104403216,22.893088588510793,2.8814490834215567,5.668594389107807,-0.6324976284285361,0.036673481781615835,0.01
1.0,0.2,0.01,0.01,44,current,12,5.671901025717031,-0.6451036336158306,0.053490973077832064,-27.065264083615375,20.404696034855405,0.9802635318751398,5.6766116278748955,-0.6518953189522028,0.07451713734332935,0.03
1.0,0.2,0.01,0.01,44,kink,12,5.6743199559508914,-0.6346986035229986,0.04840756875045504,-24.817587676231117,20.404696034855405,1.9431288382011442,5.683868418576472,-0.620680228673707,0.05926692436119829,0.03
1.0,0.2,0.01,0.01,44,shrink,12,5.676635809831924,-0.6437756638733035,0.04340815084798844,-23.77320723044469,20.404696034855405,1.7188399707460222,5.690815980219569,-0.6479114097246218,0.04426867065379852,0.01
1.0,0.2,0.01,0.01,44,current,13,5.6616462235117515,-0.636687015646845,0.0451681213237235,-29.030953032674784,24.39846798293133,0.8305309308975213,5.663036317423217,-0.6399208548890025,0.0580057785741796,0.03
1.0,0.2,0.01,0.01,44,kink,13,5.662339190402864,-0.6329750028600877,0.042220907892393474,-22.328906138685948,24.39846798293133,0.8860199522965997,5.665115218096557,-0.6287848165287301,0.04916413828018954,0.03
1.0,0.2,0.01,0.01,44,shrink,13,5.66398096260777,-0.6352093580448587,0.040309973687393204,-27.456432050105043,24.39846798293133,2.0543558714057224,5.670040534711275,-0.635487882083043,0.04343133566518871,0.01
1.0,0.2,0.01,0.01,44,current,14,5.674941503174025,-0.6447208029894089,0.050132668853759436,-29.318935495451917,21.53829806414575,2.4371146672097845,5.674216095618878,-0.638884104842584,0.0530641130103034,0.03
1.0,0.2,0.01,0.01,44,kink,14,5.669416347249011,-0.643171407338018,0.05343069923221308,-28.92681631015663,21.53829806414575,1.1969845924711204,5.657640627843838,-0.6342359178884112,0.06295820414566435,0.03
1.0,0.2,0.01,0.01,44,shrink,14,5.668504217666949,-0.6477191783576185,0.04907795914536801,-33.90394050288412,21.53829806414575,0.2060209731957343,5.654904239097652,-0.6478792309472126,0.04989998388512913,0.01
1.0,0.2,0.01,0.01,44,current,15,5.678091271025362,-0.647485147197988,0.05052571760202771,-26.086304422182224,22.485035537026974,1.5408175996414286,5.689447855153044,-0.6417741578563245,0.045420537401037075,0.03
1.0,0.2,0.01,0.01,44,kink,15,5.658049063712409,-0.6515243810003474,0.05560253158752254,-27.0498331913201,22.485035537026974,0.7662186950336167,5.629321233214181,-0.6538918592634028,0.060650979357521534,0.03
1.0,0.2,0.01,0.01,44,shrink,15,5.669258148309997,-0.6500706148306921,0.04668866512569073,-28.014475754978637,22.485035537026974,-4.144937823600769,5.6629484870069495,-0.6495305607544368,0.03390937997202615,0.01
1.0,0.2,0.01,0.01,44,current,16,5.672837604811563,-0.6417187995077974,0.05135862014484042,-27.56736608314375,25.171501145120146,0.563941075281305,5.679993419572749,-0.6392083081538523,0.041248929596270405,0.03
1.0,0.2,0.01,0.01,44,kink,16,5.658136535283256,-0.6402423618960248,0.05654774540362776,-23.395957529834945,25.171501145120146,-1.4495069111309298,5.635890210987829,-0.6347789953185342,0.05681630537263241,0.03
1.0,0.2,0.01,0.01,44,shrink,16,5.663624405229801,-0.6389165074057203,0.05478263353486348,-25.59310507224196,25.171501145120146,0.6779920902821099,5.652353820827465,-0.6308014318476206,0.05152096976633955,0.01
1.0,0.2,0.01,0.01,44,current,17,5.681889193318944,-0.6447180544822312,0.04130740849837631,-26.588889734590715,24.10961906772986,0.9942637701164677,5.684663382748056,-0.6433669449185176,0.05603246125784454,0.03
1.0,0.2,0.01,0.01,44,kink,17,5.673488655209424,-0.6494124932743722,0.0438276678229634,-28.017773147882767,24.10961906772986,2.4093563684678805,5.659461768419499,-0.6574502612949411,0.06359323923160581,0.03
1.0,0.2,0.01,0.01,44,shrink,17,5.67732391325255,-0.6461878789414451,0.03825434674047996,-26.54368751944662,24.10961906772986,0.95100267106809,5.670967542548877,-0.6477764182961596,0.04687327598415549,0.01
1.0,0.2,0.01,0.01,44,current,18,5.67618035784509,-0.6419453960910126,0.06609730769215423,-27.036730479965616,23.572250581570408,0.63843100297225,5.684734184684344,-0.6456946940118898,0.06264201687878154,0.03
1.0,0.2,0.01,0.01,44,kink,18,5.682682391176576,-0.6447980895308635,0.056514649886187394,-25.354906858071544,23.572250581570408,1.5661476219427057,5.7042402846788045,-0.6542527743314424,0.03389404346088103,0.03
1.0,0.2,0.01,0.01,44,shrink,18,5.676694406196905,-0.6458521721631382,0.06918974011462777,-32.52448539019864,23.572250581570408,1.1442763400963547,5.686276329739789,-0.6574150222282665,0.07191931414620215,0.01
1.0,0.2,0.01,0.01,44,current,19,5.6632328447646465,-0.6429473828451324,0.04696777326683032,-27.321617961804183,22.398482869811396,1.0102898504446707,5.658350040588786,-0.6389190440503112,0.05456301477047327,0.03
1.0,0.2,0.01,0.01,44,kink,19,5.669572217193306,-0.6466837248207763,0.04444949308680795,-26.03423283976027,22.398482869811396,0.4078435443755275,5.677368157874763,-0.650128069977243,0.047008174230406166,0.03
1.0,0.2,0.01,0.01,44,shrink,19,5.659234743119145,-0.6429755367412241,0.04202885945711284,-28.45817814577841,22.398482869811396,2.420658956653843,5.64635573565228,-0.6390035057385864,0.03974627334132086,0.01
1.0,0.2,0.01,0.01,44,current,20,5.678347877593584,-0.6409436644232055,0.036134730943276926,-25.83857666029293,22.15347992836732,1.0475456770483353,5.689087531231199,-0.6362994377965391,0.043166605300723866,0.03
1.0,0.2,0.01,0.01,44,kink,20,5.676358656946456,-0.6453206653426532,0.03997684973848601,-26.6830275535276,22.15347992836732,2.1272465264142046,5.683119869289816,-0.649430440554882,0.05469296168635112,0.03
1.0,0.2,0.01,0.01,44,shrink,20,5.675425223373767,-0.6414176183772754,0.03661427212616586,-25.413327450830888,22.15347992836732,4.2755782258568225,5.680319568571747,-0.6377212996587486,0.04460522884939068,0.01
1.0,0.2,0.01,0.01,44,current,21,5.674988999416773,-0.6412415488311406,0.045409524839345315,-26.42822347655009,23.02344414626514,2.8898718118423297,5.686357497149443,-0.6274381838792324,0.03689206505089534,0.03
1.0,0.2,0.01,0.01,44,kink,21,5.669797997488547,-0.6424966380076714,0.04246394259590942,-25.41339601267007,23.02344414626514,1.4772284422488675,5.670784491364764,-0.631203451408825,0.028055318320587667,0.03
1.0,0.2,0.01,0.01,44,shrink,21,5.665301142622575,-0.6462801780817461,0.05351808172453398,-27.318384036741797,23.02344414626514,-2.039954972591874,5.657293926766848,-0.6425540716310489,0.061217735706461336,0.01
1.0,0.2,0.01,0.01,44,current,22,5.66542282264422,-0.6361469022430651,0.038356971566739013,-29.06154800426804,22.66905210476496,0.5317219653827281,5.66548040863605,-0.6475076839328824,0.03867800703837804,0.03
1.0,0.2,0.01,0.01,44,kink,22,5.670286429479531,-0.6314877906220967,0.029257467989420808,-26.739471125113305,22.66905210476496,0.10821873812183025,5.680071229141984,-0.633530349069977,0.011379496306423417,0.03
1.0,0.2,0.01,0.01,44,shrink,22,5.671298097399202,-0.6308899780273415,0.03515497449302113,-28.349184525308445,22.66905210476496,5.823635938058725,5.683106232900997,-0.6317369112857114,0.02907201581722439,0.01
1.0,0.2,0.01,0.01,44,current,23,5.668387377216298,-0.6501524031230018,0.038747072100109026,-28.27183120374087,23.239307235640613,-0.07413352533671436,5.6659162938071255,-0.6452417254111995,0.04030623295280214,0.03
1.0,0.2,0.01,0.01,44,kink,23,5.679595815570114,-0.6544815583468112,0.04052598267979011,-27.839358083314732,23.239307235640613,1.2524287243528212,5.699541608868571,-0.6582291910826279,0.04564296469184538,0.03
1.0,0.2,0.01,0.01,44,shrink,23,5.66334372153478,-0.6486247736552001,0.048431797101320985,-31.454212027789197,23.239307235640613,3.3434706414817095,5.650785326762571,-0.6406588370077942,0.06936040795643801,0.01
1.0,0.2,0.01,0.01,44,current,24,5.671126062547412,-0.6408297826233661,0.047791178702528934,-26.888028967886775,21.85733174779626,-0.4266258025802441,5.675929207075968,-0.6485692086668287,0.054472255752994934,0.03
1.0,0.2,0.01,0.01,44,kink,24,5.670030500778833,-0.6359513846650083,0.04964804597916339,-28.66081223608003,21.85733174779626,1.153610043037829,5.672642521770233,-0.6339340147917556,0.060042857582898304,0.03
1.0,0.2,0.01,0.01,44,shrink,24,5.657436384148542,-0.62993029548615,0.04664442033242413,-29.632721074198734,21.85733174779626,5.038951446047921,5.6348601718793585,-0.6158707472551803,0.05103198064268052,0.01
1.0,0.2,0.01,0.01,44,current,25,5.670606062284844,-0.6413015766632013,0.05003260681695108,-28.895425238077912,20.89737947672384,2.5319661911089613,5.658370009160983,-0.6324546027687122,0.04989276512203853,0.03
1.0,0.2,0.01,0.01,44,kink,25,5.665686888991114,-0.6368359598146742,0.049220217210643145,-26.28670491808958,20.89737947672384,0.8022595290153309,5.643612489279793,-0.6190577522231311,0.0474555963031147,0.03
1.0,0.2,0.01,0.01,44,shrink,25,5.667100725511692,-0.638246289255925,0.05186818876173437,-25.478993312250207,20.89737947672384,-1.339662696309618,5.647853998841528,-0.6232887405468835,0.0553995109563884,0.01
1.0,0.2,0.01,0.01,44,current,26,5.684952261924342,-0.6421788531745043,0.04207908827926274,-26.66474787916274,21.07886466944895,0.2805339729195122,5.684546484142782,-0.6563424619325863,0.0577368686370462,0.03
1.0,0.2,0.01,0.01,44,kink,26,5.678739019031661,-0.6397182137526332,0.04391162354200622,-24.021658213742818,21.07886466944895,0.7580123754597807,5.665906755464742,-0.6489605436669729,0.06323447442527663,0.03
1.0,0.2,0.01,0.01,44,shrink,26,5.681461681349011,-0.636559560394515,0.03125475527903134,-23.490119392588984,21.07886466944895,-0.5641349474051047,5.6740747424167886,-0.6394845835926184,0.025263869636351993,0.01
1.0,0.2,0.01,0.01,44,current,27,5.674394920898865,-0.6450701639378278,0.04716347936993278,-26.54389694802247,21.547526003464206,1.3108354994526938,5.671025969658771,-0.6440899293544478,0.0439240438314235,0.03
1.0,0.2,0.01,0.01,44,kink,27,5.668226445014109,-0.6499902814364511,0.048123238062840266,-27.910081740579322,21.547526003464206,1.748546847654819,5.6525205420045,-0.6588502818503176,0.04680331991014598,0.03
1.0,0.2,0.01,0.01,44,shrink,27,5.672394876856903,-0.645094251787049,0.04939924592515169,-28.145989383050143,21.547526003464206,-1.0529246573350486,5.665025837532885,-0.6441621929021115,0.050631343497080275,0.01
1.0,0.2,0.01,0.01,44,current,28,5.666582399197722,-0.6446581552894529,0.056506397191104556,-26.885653918381674,24.915043676208718,0.7452763697733888,5.67730298650812,-0.6517138790667796,0.0488616777026675,0.03
1.0,0.2,0.01,0.01,44,kink,28,5.6654596171054346,-0.6405641437006854,0.05604682969367394,-26.746841172392866,24.915043676208718,0.9471522414138275,5.673934640231259,-0.6394318443004767,0.04748297521037564,0.03
1.0,0.2,0.01,0.01,44,shrink,28,5.662376298046411,-0.6408194728441755,0.05662084209678223,-31.474455687183926,24.915043676208718,2.5333840788640574,5.664684683054189,-0.6401978317309474,0.04920501241970053,0.01
1.0,0.2,0.01,0.01,44,current,29,5.673592774342883,-0.6475532453005656,0.04674050929353322,-26.27385300098851,22.247119270565197,0.7640914453021208,5.689819537017212,-0.6480999781506598,0.0519937856716428,0.03
1.0,0.2,0.01,0.01,44,kink,29,5.670767424409616,-0.6347140067340843,0.04021623072090313,-24.959023105727116,22.247119270565197,2.0992448661415635,5.681343487217404,-0.6095822624512162,0.03242094995375252,0.03
1.0,0.2,0.01,0.01,44,shrink,29,5.669176268981455,-0.6486166156787534,0.042578151262658494,-25.35042574307794,22.247119270565197,-1.8799834914155045,5.676570020932922,-0.6512900892852233,0.03950671157901861,0.01
1.0,0.2,0.01,0.01,44,current,30,5.661932857087231,-0.6470331926699984,0.04495861812890533,-29.254306622568514,20.275164246436955,-0.006861929354990526,5.658263584355244,-0.6421348906943801,0.04170187561298149,0.03
1.0,0.2,0.01,0.01,44,kink,30,5.667088819678585,-0.6520412429342279,0.04913188303945693,-27.4166116959561,20.275164246436955,0.48620658222631796,5.6737314721293055,-0.6571590414870688,0.054221670344636305,0.03
1.0,0.2,0.01,0.01,44,shrink,30,5.658961100630068,-0.6480712218254016,0.04605466686936127,-31.885352608554925,20.275164246436955,-1.0171991955524562,5.649348314983755,-0.6452489781605897,0.0449900218343493,0.01
1.0,0.2,0.01,0.01,44,current,31,5.666949399147118,-0.6397552689806331,0.03789777583522895,-29.82688554053101,23.252484529068948,1.5451331009681568,5.657933512792735,-0.6315502368273471,0.03966452767780053,0.03
1.0,0.2,0.01,0.01,44,kink,31,5.671703896167769,-0.645992291079455,0.03341264081883618,-24.566540676559327,23.252484529068948,0.9273896574595655,5.6721970038546905,-0.6502613031238129,0.02620912262862223,0.03
1.0,0.2,0.01,0.01,44,shrink,31,5.673468550576209,-0.6442946699912201,0.04027476791814364,-25.331839061265047,23.252484529068948,0.07952564523852823,5.6774909670800096,-0.6451684398591083,0.04679550392654459,0.01
1.0,0.2,0.01,0.01,44,current,32,5.671221143760174,-0.6476341212345671,0.051058529079237525,-26.81102242016758,23.52453844266007,2.0020299325612068,5.689300865638789,-0.6490918693787453,0.055624597059768244,0.03
1.0,0.2,0.01,0.01,44,kink,32,5.672338692320301,-0.6401920884541986,0.035306299029196374,-28.591332781405356,23.52453844266007,1.657985761688724,5.692653511319174,-0.6267657710376399,0.008367906909644798,0.03
1.0,0.2,0.01,0.01,44,shrink,32,5.670622852902679,-0.6458738766121886,0.04511848749872821,-21.845599510674944,23.52453844266007,2.135088551404979,5.687505993066308,-0.6438111355116101,0.037804472318240315,0.01
1.0,0.2,0.01,0.01,44,current,33,5.672745404725011,-0.6411587712618091,0.05118528331668252,-29.276987000641935,24.05387863986699,1.7602431730709085,5.65360840748447,-0.6387706329856755,0.05925572290877772,0.03
1.0,0.2,0.01,0.01,44,kink,33,5.683549069657459,-0.6465734559687534,0.03969099154446539,-25.894457480038955,24.05387863986699,1.7927313292953484,5.686019402281811,-0.6550146871065083,0.024772847592126335,0.03
1.0,0.2,0.01,0.01,44,shrink,33,5.675489604637172,-0.6391682314457393,0.04914734550226918,-23.933355496027527,24.05387863986699,-1.659345177959136,5.6618410072209535,-0.6327990135374663,0.05314190946553769,0.01
1.0,0.2,0.01,0.01,44,current,34,5.67626289549228,-0.6438795873004629,0.05386538251784362,-28.19979383996965,21.972119685568593,0.4542431799459512,5.669901166067464,-0.645512029474013,0.05251887647286415,0.03
1.0,0.2,0.01,0.01,44,kink,34,5.675458273525241,-0.6402448317268316,0.04830877557939627,-27.27260888735168,21.972119685568593,0.7038929559310345,5.6674873001663455,-0.6346077627531188,0.03584905565752211,0.03
1.0,0.2,0.01,0.01,44,shrink,34,5.683471709041158,-0.6438571780155654,0.04311935526002639,-22.06326845089254,21.972119685568593,3.199103642041476,5.6915276067141,-0.6454448016193206,0.020280794699412446,0.01
1.0,0.2,0.01,0.01,44,current,35,5.671522939642331,-0.6420421006692084,0.05378172981786348,-27.281918105273512,24.399797231952974,0.3863953987469184,5.671309622451119,-0.6509370006801938,0.04847463174311167,0.03
1.0,0.2,0.01,0.01,44,kink,35,5.676226645914567,-0.6369985245195416,0.05552795748137826,-23.310272769903413,24.399797231952974,1.5698671498851895,5.685420741267826,-0.6358062722311932,0.053713314733656016,0.03
1.0,0.2,0.01,0.01,44,shrink,35,5.67146577733726,-0.6418142506643955,0.05234012758896614,-29.44792203015353,24.399797231952974,-1.2491962144275224,5.671138135535907,-0.6502534506657549,0.04414982505641965,0.01
1.0,0.2,0.01,0.01,44,current,36,5.671789550591105,-0.6468268331266146,0.040856461545733254,-29.002065679382923,21.040108185778173,1.6633806914879354,5.667410657478363,-0.645379746171637,0.03990129977280144,0.03
1.0,0.2,0.01,0.01,44,kink,36,5.668640054170834,-0.6454153508214898,0.04116273951812118,-22.903743878328847,21.040108185778173,0.48279857450731023,5.657962168217549,-0.6411452992562627,0.04082013368996522,0.03
1.0,0.2,0.01,0.01,44,shrink,36,5.675071332866529,-0.6464247476653179,0.04198626894116788,-27.720798302701873,21.040108185778173,0.8244654167819534,5.677256004304631,-0.6441734897877474,0.04329072195910533,0.01
1.0,0.2,0.01,0.01,44,current,37,5.677560994839393,-0.6465907985797242,0.037454522981832335,-30.67096559991183,20.959998545040783,0.44841453328986036,5.657606223342557,-0.6402333341320575,0.04315138374451228,0.03
1.0,0.2,0.01,0.01,44,kink,37,5.678998501228059,-0.6507751893264824,0.03715273797867743,-26.37206918102092,20.959998545040783,0.2510430123423184,5.661918742508559,-0.6527865063723322,0.042246028735047556,0.03
1.0,0.2,0.01,0.01,44,shrink,37,5.6830800029135595,-0.6455232541077921,0.03932840585067788,-27.888740457491572,20.959998545040783,-0.4565822044246204,5.67416324756506,-0.6370307007162612,0.048773032351048906,0.01
1.0,0.2,0.01,0.01,44,current,38,5.68246671512012,-0.6431768972412554,0.045496133647841774,-26.473008817731113,22.73103719070287,1.5555924720397107,5.696914679971491,-0.645623498563633,0.045546966966222124,0.03
1.0,0.2,0.01,0.01,44,kink,38,5.677957999442614,-0.6471982774918307,0.045206407079009164,-26.919168304582787,22.73103719070287,1.9607768755873982,5.683388532938973,-0.6576876393153591,0.04467778725972429,0.03
1.0,0.2,0.01,0.01,44,shrink,38,5.683357296996674,-0.6458431812142301,0.04172139589528639,-28.39907086816782,22.73103719070287,3.0161103453680673,5.699586425601152,-0.6536223504825576,0.03422275370855597,0.01
1.0,0.2,0.01,0.01,44,current,39,5.660877192290812,-0.6488356141506992,0.046460725544218394,-28.614861392678478,24.70949033470126,0.469017113572177,5.672594136656166,-0.6541435482020147,0.046018270018126216,0.03
1.0,0.2,0.01,0.01,44,kink,39,5.658431093208349,-0.6502852735437069,0.05374087441762868,-24.408949032183216,24.70949033470126,1.051002165750896,5.665255839408775,-0.6584925263810376,0.06785871663835706,0.03
1.0,0.2,0.01,0.01,44,shrink,39,5.658625159218288,-0.6488251482525492,0.047669925630700494,-24.246889106766496,24.70949033470126,0.9004079845711782,5.6658380374385935,-0.6541121505075647,0.04964587027757249,0.01
1.0,0.2,0.01,0.01,44,current,40,5.6648815686298155,-0.6461179417399441,0.050690490109200986,-28.304223879012056,23.744217929914132,0.8446400405682223,5.65994193711886,-0.6460271242415698,0.054799353839903954,0.03
1.0,0.2,0.01,0.01,44,kink,40,5.663186217512259,-0.6425990717445725,0.042073096173322666,-28.633710145548058,23.744217929914132,1.419266284478137,5.65485588376619,-0.635470514255455,0.028947172032269004,0.03
1.0,0.2,0.01,0.01,44,shrink,40,5.664145156965532,-0.6464545984769576,0.046959597393936285,-31.354726349940613,23.744217929914132,-0.03988150975589777,5.657732702126007,-0.6470370944526107,0.043606675694109864,0.01
1.0,0.2,0.01,0.01,44,current,41,5.6725953941785106,-0.6399202251104352,0.05042084202492957,-25.64298232911804,24.208170720531342,1.6115980343144836,5.692614727287386,-0.6370073545400929,0.044218478004310884,0.03
1.0,0.2,0.01,0.01,44,kink,41,5.667246258763228,-0.6480718897521797,0.04978045275018017,-29.052693035014475,24.208170720531342,1.441651083476053,5.6765673210415395,-0.6614623484653258,0.04229731018006269,0.03
1.0,0.2,0.01,0.01,44,shrink,41,5.661223110570865,-0.6402115890628526,0.05149051701884133,-26.1657036478657,24.208170720531342,2.8672350659031802,5.658497876464448,-0.6378814463973447,0.04742750298604618,0.01
1.0,0.2,0.01,0.01,44,current,42,5.667973590145103,-0.6409657696760224,0.04806217210966058,-27.27609047767592,25.098352606106847,1.1655622548400446,5.671712245212749,-0.6513755037770599,0.054648222135284,0.03
1.0,0.2,0.01,0.01,44,kink,42,5.66620364212559,-0.6320523516854051,0.042277308735596965,-24.15073546474213,25.098352606106847,0.4371769035488797,5.6664024011542065,-0.6246352498052082,0.03729363201309318,0.03
1.0,0.2,0.01,0.01,44,shrink,42,5.663934807685359,-0.6412165764453802,0.0384191841965378,-21.974764916103112,25.098352606106847,-0.706992151367758,5.659595897833515,-0.6521279240851336,0.025719258395915653,0.01
1.0,0.2,0.01,0.01,44,current,43,5.670251880531463,-0.6444881753047206,0.0523933837032324,-27.408075806808363,21.814079069287327,0.8164498847774722,5.678631644207842,-0.6442079786616638,0.06336305527930197,0.03
1.0,0.2,0.01,0.01,44,kink,43,5.668394648059189,-0.641504423787545,0.04517679446562853,-24.746816094453433,21.814079069287327,-0.07299658576013757,5.673059946791019,-0.635256724110137,0.041713287566490384,0.03
1.0,0.2,0.01,0.01,44,shrink,43,5.665960470658832,-0.6451505138470214,0.04149401916099149,-20.363124117106686,21.814079069287327,-3.015437064451415,5.66575741458995,-0.6461949942885663,0.030664961652579266,0.01
1.0,0.2,0.01,0.01,44,current,44,5.679059175651026,-0.6308154318118881,0.041335773263114994,-27.321238293768516,22.64213798072994,2.2714154689421036,5.6821733982880875,-0.6291689270597003,0.04135724331956129,0.03
1.0,0.2,0.01,0.01,44,kink,44,5.682816718265311,-0.632601336928035,0.03976119573911104,-27.0714364562796,22.64213798072994,-0.43510265960230576,5.693446026130945,-0.6345266424081408,0.03663351074754943,0.03
1.0,0.2,0.01,0.01,44,shrink,44,5.671281346337893,-0.6271680172358042,0.04413888122788695,-30.669795462816147,22.64213798072994,3.76403628226945,5.658839910348691,-0.6182266833314484,0.049766567213877164,0.01
1.0,0.2,0.01,0.01,44,current,45,5.6723156249428115,-0.638867999613681,0.04469292975206105,-27.90593575435731,23.282351846862174,1.1734040324576784,5.670064396631168,-0.6457330274634372,0.04734471411313622,0.03
1.0,0.2,0.01,0.01,44,kink,45,5.682174338962131,-0.6362949726982574,0.0389532583110068,-26.557274107738657,23.282351846862174,2.6154136184670858,5.699640538689125,-0.6380139467171665,0.030125699789973464,0.03
1.0,0.2,0.01,0.01,44,shrink,45,5.665198968006202,-0.6322002677185988,0.03905751628831818,-25.58393163577668,23.282351846862174,2.0584846278688116,5.648714425821336,-0.6257298317781907,0.030438473721907593,0.01
1.0,0.2,0.01,0.01,44,current,46,5.688462234446855,-0.6441263723158195,0.047472218743473814,-25.524125613997096,21.7377631272528,0.5111577938795862,5.694779247933415,-0.6436547434586202,0.04399446342024477,0.03
1.0,0.2,0.01,0.01,44,kink,46,5.673882402166103,-0.6421876489034686,0.04160936755160669,-25.319454121820733,21.7377631272528,0.5073897422386504,5.651039751091158,-0.6378385732215676,0.026405909844643423,0.03
1.0,0.2,0.01,0.01,44,shrink,46,5.677750935419012,-0.6431527773961285,0.05386307561582912,-25.564122117847802,21.7377631272528,2.4872058369853205,5.662645350849887,-0.6407339586995475,0.0631670340373107,0.01
1.0,0.2,0.01,0.01,44,current,47,5.672249943076931,-0.6468894364124321,0.042314578466544656,-28.179090328886062,24.130961272746408,0.6965280693714213,5.677764391798383,-0.6549480229046476,0.04147480310255989,0.03
1.0,0.2,0.01,0.01,44,kink,47,5.668723966412762,-0.6342026707460574,0.03838212249842917,-25.078856618034756,24.130961272746408,1.8093602428372382,5.667186461805876,-0.6168877259055234,0.02967743519821343,0.03
1.0,0.2,0.01,0.01,44,shrink,47,5.666049896408975,-0.6393844203673749,0.046621943383219074,-24.802325828434995,24.130961272746408,2.2034987466719933,5.659164251794515,-0.6324329747694756,0.05439689785258314,0.01
1.0,0.2,0.01,0.01,44,current,48,5.67098832304801,-0.6423831135995886,0.045497136782958886,-26.325202566477703,23.892954888177513,2.7890050450087065,5.674951661450037,-0.6344752612971442,0.03908698699677483,0.03
1.0,0.2,0.01,0.01,44,kink,48,5.6627192158641035,-0.644144821612036,0.043464072402097494,-27.187359560891082,23.892954888177513,1.8238846041101542,5.650144339898317,-0.6397603853344862,0.03298779385419065,0.03
1.0,0.2,0.01,0.01,44,shrink,48,5.669221792980693,-0.6403682752182128,0.04499264396478811,-28.331803275758638,23.892954888177513,3.7267851692065035,5.669652071248083,-0.6284307461530168,0.03757350854226249,0.01
1.0,0.2,0.01,0.01,44,current,49,5.676352474346867,-0.6463886388456895,0.04188710267019957,-25.84741735750849,21.706949368676803,0.666954865469634,5.677444395403676,-0.6443704014991035,0.03374510499130457,0.03
1.0,0.2,0.01,0.01,44,kink,49,5.662974797347279,-0.6455177347054818,0.04943903440190661,-24.61961691974779,21.706949368676803,-0.22707616762729943,5.637311364404912,-0.6417576890784804,0.056400900186425684,0.03
1.0,0.2,0.01,0.01,44,shrink,49,5.669736183520109,-0.6428411221156298,0.045619171962853144,-24.93207949413532,21.706949368676803,2.0453486637978155,5.657595522923401,-0.6337278513089245,0.04494131286926528,0.01
1.0,0.2,0.02,0.0,36,current,0,1.2289034445418034,-0.24002384914933242,0.03999888454341705,-9.014372108763855,8.171348834129672,1.4293578331521501,1.2257170162603364,-0.23901003613535812,0.04274461651412616,0.03
1.0,0.2,0.02,0.0,36,kink,0,1.227227896912279,-0.2367377177844235,0.03671250689801938,-10.00659328604473,8.171348834129672,1.0057606128382497,1.2206903733717631,-0.22915164204063126,0.03288548357793313,0.03
1.0,0.2,0.02,0.0,36,shrink,0,1.2275505478523348,-0.23964484181506904,0.039531465385664925,-8.736035829154131,8.171348834129672,0.6605327162225308,1.22165832619193,-0.23787301413256792,0.04134235904086976,0.02
1.0,0.2,0.02,0.0,36,current,1,1.2269996679435007,-0.2419655079267201,0.039470086112782715,-8.883468233764361,8.924933521087084,1.188946502701895,1.2220917384966086,-0.24370991882805193,0.048004899044203075,0.03
1.0,0.2,0.02,0.0,36,kink,1,1.2309588978624884,-0.24326421516985375,0.0390679078637813,-8.606881545823235,8.924933521087084,0.6755815468810531,1.233969428253571,-0.2476060405574529,0.04679836429719885,0.03
1.0,0.2,0.02,0.0,36,shrink,1,1.2311798355292691,-0.23896975048804567,0.03761957513199339,-8.530920416972428,8.924933521087084,1.3106958776089936,1.234632241253914,-0.23472264651202862,0.04245336610183511,0.02
1.0,0.2,0.02,0.0,36,current,2,1.231094949887139,-0.2373725401427421,0.036755044458027,-8.804726166508143,8.53301450020838,0.6317247371966083,1.2330377580155287,-0.23926931399794055,0.03834433722484445,0.03
1.0,0.2,0.02,0.0,36,kink,2,1.2281178455461508,-0.2376549394128197,0.03786305015639799,-10.440489153482643,8.53301450020838,2.169446042853137,1.2241064449925645,-0.24011651180817353,0.04166835431995742,0.03
1.0,0.2,0.02,0.0,36,shrink,2,1.2279864355774646,-0.23680403725437524,0.035847999883118514,-9.663678007906503,8.53301450020838,-0.3821384609615377,1.2237122150865059,-0.23756380533283997,0.03562320350011899,0.02
1.0,0.2,0.02,0.0,36,current,3,1.2281279310660518,-0.24433137484166526,0.03980059063806206,-9.361325859484188,8.287121901916764,1.2231335712989124,1.2265952385665102,-0.24013822265692497,0.037640879836690615,0.03
1.0,0.2,0.02,0.0,36,kink,3,1.2286986019214352,-0.24464115452350313,0.03912405967565214,-9.133516149666589,8.287121901916764,1.232924517163608,1.2283072511326605,-0.2410675617024387,0.03561128694946085,0.03
1.0,0.2,0.02,0.0,36,shrink,3,1.229420985304922,-0.24231446587439573,0.03846725425373677,-9.189819893086344,8.287121901916764,0.796957710102708,1.2304744012831206,-0.23408749575511634,0.03364087068371474,0.02
1.0,0.2,0.02,0.0,36,current,4,1.227590712507846,-0.24088677620350063,0.041118921441366994,-9.433618731794175,9.122933332669175,1.4488629378685607,1.2350307666305114,-0.23270000958344383,0.039376069434808036,0.03
1.0,0.2,0.02,0.0,36,kink,4,1.2265124760929356,-0.24350520277781904,0.03842472906049856,-8.605720727296323,9.122933332669175,0.6632837393941824,1.2317960573857798,-0.24055528930639897,0.03129349229220273,0.03
1.0,0.2,0.02,0.0,36,shrink,4,1.224652099584743,-0.24010774333508147,0.04442870255746969,-9.550591911682414,9.122933332669175,1.7257417693233732,1.2262149278612022,-0.23036291097818637,0.04930541278311613,0.02
1.0,0.2,0.02,0.0,36,current,5,1.2311478680894965,-0.23846795003309293,0.03710444006517519,-9.328254588025644,7.748188694663075,1.7472877579285035,1.228260026317771,-0.23946468688072994,0.041496542302374186,0.03
1.0,0.2,0.02,0.0,36,kink,5,1.2313143734357237,-0.23877137042777785,0.0364734806733185,-8.936288779187485,7.748188694663075,0.7570462620544167,1.2287595423564528,-0.24037494806478482,0.03960366412680413,0.03
1.0,0.2,0.02,0.0,36,shrink,5,1.230673053959791,-0.23619727866656204,0.03402571117186003,-10.30568570188395,7.748188694663075,1.3543267109556576,1.2268355839286549,-0.2326526727811374,0.032260355622428724,0.02
1.0,0.2,0.02,0.0,36,current,6,1.2277597702856735,-0.2373024383654548,0.039830547210192545,-8.665564141812906,7.730722558231676,1.0814191044993193,1.223802558442411,-0.24089358322769353,0.04607726104966553,0.03
1.0,0.2,0.02,0.0,36,kink,6,1.2268693799832504,-0.23559094374195885,0.04306870834125103,-9.39108132749362,7.730722558231676,0.7159768217383624,1.2211313875351415,-0.23575909935720554,0.055791744442840976,0.03
1.0,0.2,0.02,0.0,36,shrink,6,1.2293586236440326,-0.2350005869878259,0.033231905033609586,-7.82434837137253,7.730722558231676,2.2153862328772647,1.2285991185174883,-0.2339880290948067,0.02628133451991664,0.02
1.0,0.2,0.02,0.0,36,current,7,1.2188922046993433,-0.23634857063541168,0.04448132215126912,-9.450015264900399,8.751116304650226,1.413835819969727,1.221936299553129,-0.23088488123984613,0.03717754402002198,0.03
1.0,0.2,0.02,0.0,36,kink,7,1.2172746278267106,-0.23682684472635,0.04451307147313785,-9.166889157607754,8.751116304650226,1.7120993081389106,1.2170835689352306,-0.2323197035126611,0.03727279198562819,0.03
1.0,0.2,0.02,0.0,36,shrink,7,1.220122960571192,-0.23883872892502453,0.04521710091060197,-9.49286027373811,8.751116304650226,0.9463540309206669,1.2256285671686753,-0.23835535610868464,0.039384880298020564,0.02
1.0,0.2,0.02,0.0,36,current,8,1.2346946829813596,-0.24308847897469954,0.04017455096807527,-8.221220796891293,8.37620041111902,0.8543138877460948,1.2341914659431776,-0.23700168978323374,0.0357386310305005,0.03
1.0,0.2,0.02,0.0,36,kink,8,1.2355543939079132,-0.24411996222577528,0.040533236003049304,-8.59445802820542,8.37620041111902,1.2286559272511393,1.2367705987228386,-0.24009613953646103,0.0368146861354226,0.03
1.0,0.2,0.02,0.0,36,shrink,8,1.2359025303046807,-0.2431585545869018,0.038278017826668974,-9.884437035460582,8.37620041111902,1.0945586477231244,1.2378150079131411,-0.23721191661984053,0.03004903160628159,0.02
1.0,0.2,0.02,0.0,36,current,9,1.2327408693356947,-0.24059509330240578,0.03880797316150236,-8.801067053914908,8.846936613157592,1.6070884499142188,1.2320283761919548,-0.24044560505649293,0.03882369975422403,0.03
1.0,0.2,0.02,0.0,36,kink,9,1.2341761500282802,-0.2370899041514826,0.03940671302704953,-9.065060071265497,8.846936613157592,1.5958308664903562,1.2363342182697108,-0.22993003760372335,0.04061991935086553,0.03
1.0,0.2,0.02,0.0,36,shrink,9,1.232761783825909,-0.24145694186492808,0.04311987921327964,-8.830265850369791,8.846936613157592,9.596740998585318e-05,1.2320911196625979,-0.2430311507440599,0.05175941790955585,0.02
1.0,0.2,0.02,0.0,36,current,10,1.2281027720637139,-0.24052030753787057,0.04534773273560874,-8.810966507108558,8.735291525839282,1.505689774505528,1.2349864771736565,-0.2415803432995497,0.044721112307556134,0.03
1.0,0.2,0.02,0.0,36,kink,10,1.2256018108105586,-0.2390594852920236,0.04340499884873636,-9.132514353346082,8.735291525839282,1.0967617489039565,1.2274835934141912,-0.23719787656200875,0.038892910646939005,0.03
1.0,0.2,0.02,0.0,36,shrink,10,1.2272192746613817,-0.23807108510091735,0.04168592084404408,-8.889669478116424,8.735291525839282,1.5054280513564642,1.2323359849666597,-0.23423267598869002,0.03373567663286216,0.02
1.0,0.2,0.02,0.0,36,current,11,1.2250989273897113,-0.24026072329781342,0.037735161085326825,-9.378929391816868,8.701990134250465,0.8061573347912186,1.2264391815018665,-0.2452017788849603,0.04552441720403584,0.03
1.0,0.2,0.02,0.0,36,kink,11,1.2256970033729135,-0.23589435110641577,0.03476543370317211,-10.195604076475806,8.701990134250465,1.345621392676494,1.2282334094514735,-0.23210266231076737,0.0366152350575717,0.03
1.0,0.2,0.02,0.0,36,shrink,11,1.2239852539768323,-0.23753478856763277,0.03769408964140666,-9.268420164807692,8.701990134250465,1.6157658671118562,1.2230981612632297,-0.23702397469441838,0.04540120287227532,0.02
1.0,0.2,0.02,0.0,36,current,12,1.2306892920903258,-0.2401845349158004,0.035408101385553926,-10.07947638818204,8.11682874100924,0.6257006481872384,1.2230731691870056,-0.24280845691837366,0.03914810853146254,0.03
1.0,0.2,0.02,0.0,36,kink,12,1.231608000403235,-0.23675340133651698,0.03780205021580974,-8.897390150954207,8.11682874100924,1.420884341314312,1.2258292941257334,-0.2325150561805233,0.04632995502223,0.03
1.0,0.2,0.02,0.0,36,shrink,12,1.2285357888902817,-0.23875997765347093,0.03818480680359531,-8.53820612067141,8.11682874100924,0.33233361295126485,1.2166126595868731,-0.23853478513138515,0.047478224785586706,0.02
1.0,0.2,0.02,0.0,36,current,13,1.2295081291121595,-0.23594249873203965,0.04000855579655448,-9.072472438326868,9.616380511663474,1.7744587839939094,1.227285995484772,-0.23226395597061675,0.036021796770586284,0.03
1.0,0.2,0.02,0.0,36,kink,13,1.2304642238756422,-0.2394296007333179,0.03776553353759979,-9.160378221235167,9.616380511663474,1.7939343203348495,1.23015427977522,-0.24272526197445152,0.029292729993722202,0.03
1.0,0.2,0.02,0.0,36,shrink,13,1.228495771288178,-0.23700774503338415,0.043852515344690424,-10.470494467518392,9.616380511663474,0.6350975544302241,1.2242489220128274,-0.2354596948746502,0.04755367541499412,0.02
1.0,0.2,0.02,0.0,36,current,14,1.2296548938229819,-0.24187728561926083,0.03394776903929413,-8.825452524664088,7.975663804352909,1.651616895409532,1.2326569738730575,-0.24388929583892877,0.02512277856508728,0.03
1.0,0.2,0.02,0.0,36,kink,14,1.228069299698027,-0.23887572133552637,0.03666024855383183,-9.213127742751235,7.975663804352909,0.5193703101756089,1.2279001914981929,-0.2348846029877254,0.03326021710870035,0.03
1.0,0.2,0.02,0.0,36,shrink,14,1.230139461297237,-0.24168913349828522,0.03713001855805466,-9.752338270159523,7.975663804352909,0.8573776038144922,1.2341106762958223,-0.24332483947600192,0.03466952712136885,0.02
1.0,0.2,0.02,0.0,36,current,15,1.2323006127152565,-0.2395894417907407,0.035428556090153995,-9.37819290100772,7.8808056377930455,0.9637646975389287,1.2228416047195303,-0.23828369916602923,0.03956821829018834,0.03
1.0,0.2,0.02,0.0,36,kink,15,1.2332760163292016,-0.23605481147956864,0.035304404785406106,-8.740669426860112,7.8808056377930455,0.7403166733214692,1.2257678155613652,-0.22767980823251294,0.039195764375944665,0.03
1.0,0.2,0.02,0.0,36,shrink,15,1.2350320358524736,-0.24112363495491462,0.03648634872667957,-7.575325408582491,7.8808056377930455,1.424419673696692,1.2310358741311813,-0.24288627865855092,0.04274159619976508,0.02
1.0,0.2,0.02,0.0,36,current,16,1.2293248010259532,-0.24144012497083234,0.03908945539538924,-8.97543134705523,9.637426594754118,1.1179857170720213,1.2281329705534925,-0.2404096366620379,0.04068091944476789,0.03
1.0,0.2,0.02,0.0,36,kink,16,1.2276988579427035,-0.23828397298698145,0.040621231345268655,-9.11529830424703,9.637426594754118,1.4596643300489958,1.2232551413037434,-0.23094118071048525,0.045276247294406144,0.03
1.0,0.2,0.02,0.0,36,shrink,16,1.2281377162420286,-0.23957216134594464,0.037016440739493374,-8.126869501092473,9.637426594754118,1.4151756448390709,1.2245717162017191,-0.2348057457873749,0.03446187547708031,0.02
1.0,0.2,0.02,0.0,36,current,17,1.2227756676698116,-0.23696716784913155,0.036903823229498624,-9.796895764356867,7.953167125360838,1.0872558599836233,1.2244544099784227,-0.2409377619232607,0.038259454341493804,0.03
1.0,0.2,0.02,0.0,36,kink,17,1.2263091685057745,-0.23637130198354203,0.03509621993686913,-9.11828459102704,7.953167125360838,0.22198118915276877,1.2350549124863115,-0.23915016432649205,0.03283664446360531,0.03
1.0,0.2,0.02,0.0,36,shrink,17,1.2243278505501543,-0.23599254242337156,0.034031483655144315,-8.78448712460918,7.953167125360838,0.3951851511550364,1.229110958619451,-0.23801388564598067,0.029642435618430878,0.02
1.0,0.2,0.02,0.0,36,current,18,1.231090155246309,-0.2399770617955407,0.046128813707116634,-9.231550173564225,7.6371159669962445,1.5392299905681217,1.2262965320164927,-0.24176661492130413,0.049660555082534266,0.03
1.0,0.2,0.02,0.0,36,kink,18,1.2316458563226287,-0.23845110441068065,0.04034860834926196,-8.911213235717739,7.6371159669962445,1.8353321466420367,1.227963635245452,-0.237188742766724,0.03231993900897025,0.03
1.0,0.2,0.02,0.0,36,shrink,18,1.2324600035950948,-0.23708642970023797,0.04208818286604926,-8.387196182073058,7.6371159669962445,1.17973664903904,1.2304060770628502,-0.23309471863539594,0.03753866255933214,0.02
1.0,0.2,0.02,0.0,36,current,19,1.2331159250676178,-0.23337764869944913,0.040989191627118976,-9.516176712818408,8.690131786278476,1.7209142753880196,1.2329837722746864,-0.23615669783299648,0.04853311009275765,0.03
1.0,0.2,0.02,0.0,36,kink,19,1.230312622792055,-0.23114753327780777,0.037345611310502826,-9.746095807802165,8.690131786278476,0.907096555877443,1.2245738654479983,-0.22946635156807244,0.03760236914290921,0.03
1.0,0.2,0.02,0.0,36,shrink,19,1.23570658006292,-0.23516746690143986,0.037208766201600796,-8.688267278023359,8.690131786278476,1.1536404259864959,1.2407557372605926,-0.24152615243896863,0.037191833816203126,0.02
1.0,0.2,0.02,0.0,36,current,20,1.2339608215448161,-0.2396304658824926,0.03447870937512996,-10.197607577730937,8.466000130127764,0.9108052633015012,1.230016676730257,-0.24015744349782844,0.04328033933250653,0.03
1.0,0.2,0.02,0.0,36,kink,20,1.2340770053920942,-0.23888916883261246,0.03625052091559077,-9.037937693455827,8.466000130127764,1.190486617210754,1.2303652282720916,-0.237933552348188,0.04859577395388896,0.03
1.0,0.2,0.02,0.0,36,shrink,20,1.2339075846740422,-0.2421966093120961,0.035059189468542314,-8.958162685384751,8.466000130127764,0.4841110164239759,1.229856966117935,-0.24785587378663904,0.04502177961274358,0.02
1.0,0.2,0.02,0.0,36,current,21,1.223987162289233,-0.23938911810166996,0.03881086118166981,-9.127791268519047,8.711871628100823,0.8674278345163063,1.2327522042956989,-0.24264210979378886,0.03390874791439474,0.03
1.0,0.2,0.02,0.0,36,kink,21,1.2208700265129853,-0.23859027705699168,0.042871565870225836,-9.184918735099199,8.711871628100823,1.5982914644349226,1.2234007969669547,-0.240245586659754,0.046090861980062826,0.03
1.0,0.2,0.02,0.0,36,shrink,21,1.2246760887948156,-0.23678365381402558,0.03980793927493818,-9.101997463930596,8.711871628100823,1.094951401736931,1.2348189838124455,-0.23482571693085577,0.036899982194199835,0.02
1.0,0.2,0.02,0.0,36,current,22,1.226446598192729,-0.2360529127608382,0.0419034897945695,-8.946404055199888,8.610841300462747,0.9040290295188068,1.2286917658512495,-0.2412346596396334,0.03730005809230392,0.03
1.0,0.2,0.02,0.0,36,kink,22,1.2277410417198833,-0.23680289158482656,0.045938031810866996,-9.452604216210318,8.610841300462747,1.1769383219140654,1.2325750964327125,-0.2434845961115984,0.049403684141196405,0.03
1.0,0.2,0.02,0.0,36,shrink,22,1.2247701546922318,-0.23366085573157033,0.04082080819745502,-7.99457052071439,8.610841300462747,0.48936732725481935,1.2236624353497583,-0.23405848855182973,0.03405201330096049,0.02
1.0,0.2,0.02,0.0,36,current,23,1.2294996055179104,-0.23742575578095174,0.038506282419864694,-9.669339666881042,7.9354101021976025,1.3141944655398292,1.227157411692207,-0.22889358734652027,0.03744199547599982,0.03
1.0,0.2,0.02,0.0,36,kink,23,1.2267771380521502,-0.2408769510105422,0.045017430404033894,-9.274530205891107,7.9354101021976025,1.2267297571746496,1.2189900092949257,-0.23924717303529178,0.05697543942850743,0.03
1.0,0.2,0.02,0.0,36,shrink,23,1.2291218628883893,-0.24209300028416267,0.039252236102284475,-8.472664873628657,7.9354101021976025,1.1057211795456512,1.2260241838036436,-0.24289532085615317,0.03967985652325915,0.02
1.0,0.2,0.02,0.0,36,current,24,1.2276556292763965,-0.23822679240687997,0.040391884534016646,-8.826337627046687,8.399782752714714,1.4540702280173488,1.2237639606396014,-0.2414808951520396,0.043068501029555034,0.03
1.0,0.2,0.02,0.0,36,kink,24,1.229027351043362,-0.23720727632578456,0.04162444579301918,-10.8822955094517,8.399782752714714,2.1573968219166213,1.2278791259404989,-0.23842234690875344,0.04676618480656264,0.03
1.0,0.2,0.02,0.0,36,shrink,24,1.2259830621077807,-0.23846697632064137,0.038979081713601815,-8.93895846315627,8.399782752714714,1.012518314940773,1.2187462591337552,-0.24220144689332382,0.03883009256831054,0.02
1.0,0.2,0.02,0.0,36,current,25,1.2284921006390952,-0.24322159505840468,0.044832385037140966,-8.757525943087689,8.457149258886737,1.30164473255177,1.230037731117964,-0.2420318049379221,0.04304283399828513,0.03
1.0,0.2,0.02,0.0,36,kink,25,1.2273683766025243,-0.24242333943548236,0.04368781863910576,-10.000280006827158,8.457149258886737,1.6593929253209474,1.2266665590082515,-0.2396370380691552,0.039609134804179484,0.03
1.0,0.2,0.02,0.0,36,shrink,25,1.2290820238347864,-0.24476179324720293,0.04254749469516287,-8.349724752474906,8.457149258886737,1.681276061545995,1.2318075007050375,-0.24665239950431683,0.03618816297235084,0.02
1.0,0.2,0.02,0.0,36,current,26,1.2236525324585945,-0.23932005024089453,0.04493696060986019,-9.174127129680699,8.424094547321253,0.9451481391057033,1.2188720001762152,-0.23680890715176006,0.045217691253263595,0.03
1.0,0.2,0.02,0.0,36,kink,26,1.2250106392163815,-0.23985597894735533,0.04144100876490502,-8.8781880317751,8.424094547321253,-0.1527207473460621,1.2229463204495763,-0.2384166932711425,0.03472983571839809,0.03
1.0,0.2,0.02,0.0,36,shrink,26,1.2266564337604584,-0.23998683658866016,0.04268289669776798,-8.291681356002867,8.424094547321253,1.5760481341202508,1.2278837040818065,-0.23880926619505694,0.03845549951698697,0.02
1.0,0.2,0.02,0.0,36,current,27,1.228083348777628,-0.2365557446188844,0.043333373499416634,-9.962749144866613,8.876868303580913,1.1099824235416116,1.2325989145115213,-0.23620291756266518,0.043435565665620735,0.03
1.0,0.2,0.02,0.0,36,kink,27,1.2258161632591975,-0.2372622062979385,0.04133489332130132,-8.03602711374845,8.876868303580913,0.6723639125934195,1.2257973579562305,-0.2383223025998275,0.03744012513127479,0.03
1.0,0.2,0.02,0.0,36,shrink,27,1.2249649311608775,-0.23667951211853813,0.04180910796200784,-9.918301795154441,8.876868303580913,0.5552952059166149,1.2232436616612703,-0.2365742200616264,0.038862769053394336,0.02
1.0,0.2,0.02,0.0,36,current,28,1.2321400039606079,-0.23255060886050963,0.0367268164044428,-9.080527364462844,8.533558900479129,1.0528975184617984,1.235074468994334,-0.23397056083722712,0.03685797730850128,0.03
1.0,0.2,0.02,0.0,36,kink,28,1.2334958311504773,-0.23670824359959983,0.035938931686426395,-9.008325565124267,8.533558900479129,-0.43912693922982027,1.2391419505639427,-0.24644346505449768,0.03449432315445206,0.03
1.0,0.2,0.02,0.0,36,shrink,28,1.2298165480706584,-0.23338539559881136,0.0366614839062599,-10.72688584692663,8.533558900479129,1.4111103552664572,1.2281041013244862,-0.2364749210521324,0.03666197981395257,0.02
1.0,0.2,0.02,0.0,36,current,29,1.231775312683058,-0.23882557318746825,0.038471854885939814,-9.337596356304267,8.501828576684707,1.5892693786214065,1.240770134010255,-0.23971361344861744,0.03346449550733658,0.03
1.0,0.2,0.02,0.0,36,kink,29,1.2287354504687686,-0.23488879847760738,0.04246325544881679,-8.760038967109939,8.501828576684707,-0.033413219166825714,1.2316505473673869,-0.22790328931903484,0.04543869719596748,0.03
1.0,0.2,0.02,0.0,36,shrink,29,1.2296954921787833,-0.23744733093609316,0.03824830236640186,-8.112091932663285,8.501828576684707,0.29007720082699584,1.2345306724974314,-0.23557888669449215,0.03279383794872271,0.02
1.0,0.2,0.02,0.0,36,current,30,1.2344467239431103,-0.24171925637583622,0.03412374428806972,-8.934726637334713,7.007186900600448,0.8709347924509608,1.2362725232028688,-0.24390060501846408,0.03373133326545884,0.03
1.0,0.2,0.02,0.0,36,kink,30,1.2350967212114934,-0.24203541440212276,0.03467739383651974,-8.372549890377089,7.007186900600448,0.9985607840094416,1.2382225150080184,-0.24484907909732362,0.03539228191080891,0.03
1.0,0.2,0.02,0.0,36,shrink,30,1.2328593012728517,-0.24068110438040366,0.03797692262618552,-10.332052936340276,7.007186900600448,0.626236202595496,1.2315102551920938,-0.2407861490321663,0.045290868279806246,0.02
1.0,0.2,0.02,0.0,36,current,31,1.2304099451922441,-0.23773884788422794,0.03618660197901458,-9.089862842383416,7.352655647260315,2.007004688521927,1.230138749473923,-0.23480295416545358,0.03629081431234592,0.03
1.0,0.2,0.02,0.0,36,kink,31,1.228411452891667,-0.2402580453593899,0.03983258469398879,-9.28208550932526,7.352655647260315,2.0387045042192318,1.2241432725721924,-0.24236054659093947,0.047228762457268536,0.03
1.0,0.2,0.02,0.0,36,shrink,31,1.229606078948331,-0.23743939871440176,0.03556899426973823,-9.267592847258554,7.352655647260315,1.0603331832335676,1.2277271507421843,-0.23390460665597493,0.034437991184516875,0.02
1.0,0.2,0.02,0.0,36,current,32,1.2289913039563563,-0.2351508167427375,0.03648895291945311,-9.37219735624548,8.55108959200977,0.9772019937971144,1.2295840737528894,-0.23398761657868583,0.02923593491552666,0.03
1.0,0.2,0.02,0.0,36,kink,32,1.2276004753245755,-0.23570242505370054,0.037640515036065386,-9.547263827702933,8.55108959200977,0.9361787710073044,1.2254115878575471,-0.2356424415115749,0.032690621265363505,0.03
1.0,0.2,0.02,0.0,36,shrink,32,1.2273093789352043,-0.23459641972390152,0.039268055705548234,-9.521072690057732,8.55108959200977,1.8163308787687125,1.2245382986894333,-0.23232442552217789,0.037573243273812056,0.02
1.0,0.2,0.02,0.0,36,current,33,1.2284549538078224,-0.2411460420323992,0.037737149833519744,-9.347653583023407,7.945230783223275,1.1139595754340748,1.2309726409076225,-0.24499986199379775,0.04152665639624348,0.03
1.0,0.2,0.02,0.0,36,kink,33,1.227652243581182,-0.23889919421939246,0.040334382152210274,-9.313508095687661,7.945230783223275,0.38632320643970686,1.2285645102277016,-0.23825931855477758,0.04931835335231508,0.03
1.0,0.2,0.02,0.0,36,shrink,33,1.2285231012494409,-0.24098010293704994,0.03848833749897904,-8.373892629560489,7.945230783223275,2.097303043463385,1.231177083232477,-0.24450204470774994,0.04378021939262138,0.02
1.0,0.2,0.02,0.0,36,current,34,1.2299090798981658,-0.2383206317898241,0.043553085430265794,-9.94902584324818,6.863397949682741,0.9652093726566925,1.2283394389368663,-0.24484571513779824,0.043895987460885584,0.03
1.0,0.2,0.02,0.0,36,kink,34,1.2285441632700662,-0.23576874628883104,0.04108850212464637,-9.657455238921788,6.863397949682741,1.3416911867186068,1.2242446890525671,-0.2371900586348191,0.03650223754402731,0.03
1.0,0.2,0.02,0.0,36,shrink,34,1.231910582706254,-0.2361290178529657,0.04074032248844157,-10.200791856323926,6.863397949682741,1.8195826658944434,1.2343439473611308,-0.23827087332722305,0.035457698635412885,0.02
1.0,0.2,0.02,0.0,36,current,35,1.2302422143086118,-0.24268845946779485,0.03846717409079522,-9.927243945220361,8.450999579437555,2.1313156336027648,1.220982759409179,-0.24303526753010593,0.04738801612998704,0.03
1.0,0.2,0.02,0.0,36,kink,35,1.2327517897975027,-0.24045558494083688,0.0351117997341035,-9.562187485092329,8.450999579437555,0.8468067560321088,1.228511485875852,-0.23633664394923207,0.0373218930599119,0.03
1.0,0.2,0.02,0.0,36,shrink,35,1.2332641383019214,-0.2421507041501021,0.03596824088976816,-10.418779470616728,8.450999579437555,2.202963666895432,1.2300485313891076,-0.24142200157702765,0.039891216526905866,0.02
1.0,0.2,0.02,0.0,36,current,36,1.2319222067986062,-0.23932170291768806,0.03970002412460174,-8.72071261145282,9.769439684058288,1.2861429297319031,1.232384101460191,-0.24095227460675137,0.03359206259206108,0.03
1.0,0.2,0.02,0.0,36,kink,36,1.2323239151057586,-0.232420626566326,0.03854539262920542,-7.825263758433184,9.769439684058288,-0.47062067271790986,1.2335892263816486,-0.22024904555266517,0.030128168105872134,0.03
1.0,0.2,0.02,0.0,36,shrink,36,1.2315737061417136,-0.23669199694876983,0.03939726452448156,-8.945954491574224,9.769439684058288,1.058763885918291,1.2313385994895134,-0.2330631566999966,0.032683783791700526,0.02
1.0,0.2,0.02,0.0,36,current,37,1.2280806116932035,-0.23806155822709507,0.03640309388408669,-9.245991526797335,8.473225950866794,1.1157309157362358,1.2363666960684785,-0.23679428799769034,0.04191424430835787,0.03
1.0,0.2,0.02,0.0,36,kink,37,1.2259279617622245,-0.23784907122019053,0.03368435250989104,-9.36893184741365,8.473225950866794,1.3398896781512626,1.2299087462755416,-0.2361568269769767,0.03375802018577092,0.03
1.0,0.2,0.02,0.0,36,shrink,37,1.2260694099987306,-0.2405481546064242,0.03650530248512698,-10.27468072310332,8.473225950866794,1.834370856518093,1.23033309098506,-0.24425407713567776,0.04222087011147872,0.02
1.0,0.2,0.02,0.0,36,current,38,1.2301870020691676,-0.23851773142271063,0.04211997163529646,-9.009005713729357,7.8303662936836025,1.5872652421904352,1.2313450030329303,-0.23571978787372677,0.039953442453210516,0.03
1.0,0.2,0.02,0.0,36,kink,38,1.2273984757489627,-0.2391064791291501,0.0413710124801678,-8.389833788695189,7.8303662936836025,0.6492659021208385,1.2229794240723146,-0.23748603099304508,0.03770656498782452,0.03
1.0,0.2,0.02,0.0,36,shrink,38,1.2305680573234736,-0.2407786355861307,0.04119296745274216,-8.47376508722305,7.8303662936836025,1.7403915001190935,1.2324881687958475,-0.2425025003639868,0.03717242990554761,0.02
1.0,0.2,0.02,0.0,36,current,39,1.2309456014385094,-0.24383188876546782,0.03917859258765172,-8.047448248021375,8.783577111841364,1.3967354589942096,1.2289414627468862,-0.24304347058472303,0.03449562698550245,0.03
1.0,0.2,0.02,0.0,36,kink,39,1.2278245284636535,-0.2413810969496493,0.037651972301669535,-7.773256401589193,8.783577111841364,0.9183332905474317,1.219578243822319,-0.23569109513726752,0.029915766127555914,0.03
1.0,0.2,0.02,0.0,36,shrink,39,1.2310572601203307,-0.2414931220671754,0.04195821399058516,-8.395341865704296,8.783577111841364,0.8589826920164138,1.22927643879235,-0.2360271704898458,0.042834491194302764,0.02
1.0,0.2,0.02,0.0,36,current,40,1.2319095065112917,-0.23941092601828817,0.04167525648725667,-8.728198271204834,8.986731622334554,0.6455227841666927,1.2356236686665674,-0.24564748316315316,0.041015352082996295,0.03
1.0,0.2,0.02,0.0,36,kink,40,1.2295814327843857,-0.23477126995453937,0.040812798203866116,-9.790968452589935,8.986731622334554,0.35193635524297817,1.2286394474858489,-0.23172851497190672,0.038427977232824644,0.03
1.0,0.2,0.02,0.0,36,shrink,40,1.2306057676958417,-0.23745099217335278,0.04308624018911028,-8.018620698723815,8.986731622334554,1.4206279971799458,1.2317124522202176,-0.2397676816283469,0.04524830318855711,0.02
1.0,0.2,0.02,0.0,36,current,41,1.237194498052218,-0.2385927712741757,0.040038773282036304,-8.227997786051926,8.048765701660692,1.175762397932513,1.2454312538976904,-0.2388401897570529,0.03304413124193377,0.03
1.0,0.2,0.02,0.0,36,kink,41,1.2314868941181871,-0.23990358012329735,0.0458191693923669,-8.87107270524756,8.048765701660692,1.1098152697901864,1.2283084420955979,-0.2427726163044179,0.050385319572925566,0.03
1.0,0.2,0.02,0.0,36,shrink,41,1.22983186866139,-0.2383113873268801,0.04469792899780354,-11.05242270980334,8.048765701660692,0.2188571209034591,1.2233433657252066,-0.2379960379151662,0.0470215983892355,0.02
1.0,0.2,0.02,0.0,36,current,42,1.2275773785683066,-0.234143503397509,0.04048712794902105,-9.382780978634798,8.368279141568351,1.103382634300476,1.2314819632856986,-0.23384025949487144,0.041391252817407895,0.03
1.0,0.2,0.02,0.0,36,kink,42,1.2270115773681898,-0.23537148353858325,0.04009154549258596,-9.047673233634029,8.368279141568351,1.4160470085906525,1.2297845596853474,-0.23752419991809412,0.04020450544810263,0.03
1.0,0.2,0.02,0.0,36,shrink,42,1.2245799272419644,-0.23606825790156685,0.04109540721847582,-9.50991790520322,8.368279141568351,0.4523839936261298,1.2224896093066713,-0.23961452300704492,0.043216090625772224,0.02
1.0,0.2,0.02,0.0,36,current,43,1.2272871079261174,-0.24159311226027522,0.038262550306152575,-8.774667074306542,8.495631247557853,0.8470387359124315,1.225446406300433,-0.2458915321757642,0.042887465905064155,0.03
1.0,0.2,0.02,0.0,36,kink,43,1.2296561295260433,-0.24392995367324133,0.03656411253377296,-9.285953306020419,8.495631247557853,1.141514565029873,1.2325534711002109,-0.2529020564146625,0.0377921525879253,0.03
1.0,0.2,0.02,0.0,36,shrink,43,1.2302648518601795,-0.24063992899639416,0.03668037416156863,-9.535570809151794,8.495631247557853,1.3633007599507085,1.234379638102619,-0.2430319823841211,0.03814093747131233,0.02
1.0,0.2,0.02,0.0,36,current,44,1.228027749135785,-0.23871035004303284,0.034862800265322715,-8.576606041589825,8.652333581460844,0.4408287505796271,1.2330522409187865,-0.24234256442231938,0.02904262701470577,0.03
1.0,0.2,0.02,0.0,36,kink,44,1.2248942051636553,-0.24027597433605277,0.041871726714444245,-8.955665464681601,8.652333581460844,1.1099896412008097,1.2236516090023979,-0.24703943730137914,0.05006940636207033,0.03
1.0,0.2,0.02,0.0,36,shrink,44,1.224970346310784,-0.23863352252475759,0.03939672858101778,-8.530043168517455,8.652333581460844,0.4827957628775612,1.2238800324437837,-0.2421120818674936,0.042644411961790946,0.02
1.0,0.2,0.02,0.0,36,current,45,1.2302944070400659,-0.23982400958785202,0.0357151962609431,-8.338177896207226,8.18128725016685,1.3506895834096255,1.2332410855151925,-0.236815655689625,0.028572340389488117,0.03
1.0,0.2,0.02,0.0,36,kink,45,1.2277163485826057,-0.23706019290599914,0.03710010179610586,-9.737331031219941,8.18128725016685,1.5340736130948263,1.225506910142812,-0.22852420564406634,0.03272705699497639,0.03
1.0,0.2,0.02,0.0,36,shrink,45,1.2267395381225843,-0.2416957446691558,0.0395381869712176,-8.982649595191118,8.18128725016685,0.6204333874317911,1.2225764787627478,-0.2424308609335363,0.040041312520311616,0.02
1.0,0.2,0.02,0.0,36,current,46,1.2294355189425834,-0.24100773024220715,0.041310443306950884,-9.314700622444052,9.070766587940005,1.2432253474669057,1.229573180825226,-0.2423519355859935,0.03576429766714311,0.03
1.0,0.2,0.02,0.0,36,kink,46,1.2286642602550997,-0.24164251662021793,0.04275941021048923,-9.2715236374917,9.070766587940005,1.1860546445293954,1.2272594047627752,-0.24425629472002583,0.04011119837775814,0.03
1.0,0.2,0.02,0.0,36,shrink,46,1.2293306986643602,-0.24063120000598612,0.04234452041909203,-8.869918726532978,9.070766587940005,0.5135202063973312,1.229258719990557,-0.2412223448773304,0.03886652900356653,0.02
1.0,0.2,0.02,0.0,36,current,47,1.2293232118026072,-0.23406883505031004,0.03954401435547444,-9.108345715946205,8.195150085895902,1.1701977278454248,1.2250540153713712,-0.23053043714962707,0.035358020481896464,0.03
1.0,0.2,0.02,0.0,36,kink,47,1.2307051629625698,-0.23511861914602586,0.04067727895684864,-9.063987856638052,8.195150085895902,1.470508031978203,1.2291998688512586,-0.23367978943677445,0.03875781428601908,0.03
1.0,0.2,0.02,0.0,36,shrink,47,1.2269601587675698,-0.23381960431229323,0.04209814868446696,-9.498211108264464,8.195150085895902,0.6065536411477775,1.2179648562662586,-0.2297827449355767,0.04302042346887403,0.02
1.0,0.2,0.02,0.0,36,current,48,1.2315800377158155,-0.2393635937826204,0.04105404559228205,-8.665998074973636,7.406586075075619,1.1589925217866732,1.2318767649483977,-0.2476947088116512,0.04465961455641391,0.03
1.0,0.2,0.02,0.0,36,kink,48,1.2324252639486282,-0.23810966316049167,0.04326936471343929,-8.703095166611153,7.406586075075619,0.5956728515556768,1.2344124436468353,-0.24393291694526517,0.05130557191988564,0.03
1.0,0.2,0.02,0.0,36,shrink,48,1.2319171531427822,-0.23599254045873128,0.03775858299633191,-9.019669494393566,7.406586075075619,1.0731386433747878,1.2328881112292978,-0.23758154883998384,0.0347732267685635,0.02
1.0,0.2,0.02,0.0,36,current,49,1.2292303340813948,-0.2368704893415526,0.03812476809253152,-9.66963253486603,9.310199356612694,1.0011591105980908,1.2299217232637696,-0.24239322649810818,0.046769756409681285,0.03
1.0,0.2,0.02,0.0,36,kink,49,1.2266581697613652,-0.2351802360927974,0.03487101257985404,-8.332106955055647,9.310199356612694,0.4281035489675056,1.2222052303036801,-0.23732246675184254,0.03700848987164886,0.03
1.0,0.2,0.02,0.0,36,shrink,49,1.2285882643643384,-0.23597186321816452,0.03428262198190387,-8.7884727095149,9.310199356612694,0.44195660152035976,1.2279955141126002,-0.23969734812794388,0.03524331807779833,0.02
1.0,0.2,0.02,0.0,40,current,0,2.834867884093773,-0.4379732650764139,0.05107947912216266,-14.700103491862183,13.25288253358222,1.6377573337594635,2.839729130977076,-0.4374790717990512,0.05362393090420996,0.03
1.0,0.2,0.02,0.0,40,kink,0,2.8367998688520095,-0.4366918091243968,0.054903314858422696,-16.880732437591018,13.25288253358222,0.4280067409254098,2.8455250852517873,-0.43363470394300013,0.06509543811299005,0.03
1.0,0.2,0.02,0.0,40,shrink,0,2.830656668442904,-0.4398779615096926,0.05351718265471097,-17.061399251641117,13.25288253358222,1.1640557559456868,2.82709548402447,-0.4431931610988873,0.060937041501854895,0.02
1.0,0.2,0.02,0.0,40,current,1,2.8345261795936154,-0.42189102460274924,0.05479823843070707,-15.00641988130044,13.498186480835324,1.0212641922484593,2.829352209053604,-0.41904220000951886,0.04430072500440306,0.03
1.0,0.2,0.02,0.0,40,kink,1,2.830446712140153,-0.4258706316227692,0.061960332907839456,-15.767966700457809,13.498186480835324,0.3923881800890672,2.817113806693217,-0.43098102106957886,0.06578700843580022,0.03
1.0,0.2,0.02,0.0,40,shrink,1,2.8337511727025126,-0.4263952287215335,0.05633693639775691,-15.26945039308254,13.498186480835324,2.2394232281464657,2.827027188380296,-0.4325548123658716,0.048916818905552564,0.02
1.0,0.2,0.02,0.0,40,current,2,2.841280820476067,-0.4417694416962066,0.054086483682055174,-15.07516785173026,13.282353089974317,0.10611467282918752,2.8363918048102703,-0.4542899900325578,0.05336725260243344,0.03
1.0,0.2,0.02,0.0,40,kink,2,2.8413096818789225,-0.43630701592578697,0.04819613121923527,-17.057038230297753,13.282353089974317,2.0203791413348515,2.8364783890188376,-0.43790271272129894,0.03569619521397372,0.03
1.0,0.2,0.02,0.0,40,shrink,2,2.840515628384288,-0.4393460211057089,0.05451998229706207,-15.35434391016906,13.282353089974317,1.0124221509313187,2.8340962285349325,-0.4470197282610647,0.05466774844745413,0.02
1.0,0.2,0.02,0.0,40,current,3,2.8525368601787715,-0.4321301184864392,0.041519926145507445,-17.003600107747562,13.609802044013271,0.8984195912521196,2.8519416228565433,-0.4327661194029168,0.04651482959150702,0.03
1.0,0.2,0.02,0.0,40,kink,3,2.849923537569991,-0.4327343422474728,0.04255914716986691,-14.482307628104074,13.609802044013271,1.468881868185954,2.8441016550302027,-0.43457879068601796,0.0496324926645854,0.03
1.0,0.2,0.02,0.0,40,shrink,3,2.8533597950611447,-0.43526980407822896,0.04152908648497943,-16.222591542763446,13.609802044013271,1.0304388032318592,2.8544104275036615,-0.4421851761782861,0.04654231060992297,0.02
1.0,0.2,0.02,0.0,40,current,4,2.828688203630836,-0.4335731884835277,0.06432142995544131,-15.773109532920843,13.155670132770371,1.5921510803859313,2.827662670498584,-0.4246085214724675,0.059159879719396055,0.03
1.0,0.2,0.02,0.0,40,kink,4,2.8345714129100084,-0.43212047019816596,0.05339706750221777,-14.221447798939018,13.155670132770371,1.0416499873114649,2.8453122983361014,-0.4202503666163822,0.026386792359725453,0.03
1.0,0.2,0.02,0.0,40,shrink,4,2.835302246585499,-0.4356598744808408,0.05365893800279355,-15.9670877207825,13.155670132770371,2.519008410900253,2.8475047993625746,-0.43086857946440676,0.02717240386145279,0.02
1.0,0.2,0.02,0.0,40,current,5,2.833802005902418,-0.4302313896741719,0.050116902785077834,-15.642177837347377,12.994777162201952,1.1339835549273154,2.839964672700284,-0.431210023481452,0.0454567133996455,0.03
1.0,0.2,0.02,0.0,40,kink,5,2.8335007667987653,-0.43026760160130023,0.05161819053837052,-15.448608039954593,12.994777162201952,0.4597340683456812,2.8390609553893253,-0.43131865926283686,0.049960576659523574,0.03
1.0,0.2,0.02,0.0,40,shrink,5,2.8313374352367924,-0.43445840926712426,0.05348725211949284,-18.55404688619602,12.994777162201952,-0.019605439187241558,2.832570960703407,-0.4438910822603091,0.05556776140289051,0.02
1.0,0.2,0.02,0.0,40,current,6,2.8358852616240107,-0.43705149814321914,0.04904949151641016,-15.439596771144178,15.039129918868081,1.4329876420560947,2.8301466594424696,-0.44698532286497755,0.06390743933564598,0.03
1.0,0.2,0.02,0.0,40,kink,6,2.8418905922021476,-0.4338096455703444,0.03780284511032935,-16.352307028921512,15.039129918868081,1.4207362220153557,2.848162651176879,-0.4372597651463536,0.030167500117403545,0.03
1.0,0.2,0.02,0.0,40,shrink,6,2.8401573714867676,-0.4311305815960169,0.04361201063296791,-15.304031554826771,15.039129918868081,0.5917700885310149,2.84296298903074,-0.429222573223371,0.04759499668531924,0.02
1.0,0.2,0.02,0.0,40,current,7,2.838311402262404,-0.43230462222797716,0.053947429874407794,-16.687969926591332,13.922487442926169,0.7826937893969572,2.816680736710303,-0.42696313422993365,0.06369156071739074,0.03
1.0,0.2,0.02,0.0,40,kink,7,2.847328766980189,-0.4398622052787635,0.05088078005356841,-14.424265579094376,13.922487442926169,0.29200445484346993,2.843732830863659,-0.44963588338229266,0.05449161125487255,0.03
1.0,0.2,0.02,0.0,40,shrink,7,2.844050650991998,-0.4379325405626941,0.05753430390452787,-16.93937190762201,13.922487442926169,1.4563144022258299,2.833898482899085,-0.44384688923408433,0.07445218280775096,0.02
1.0,0.2,0.02,0.0,40,current,8,2.838969573932973,-0.43465101631920255,0.05466564788335398,-13.259637137299066,13.194022035439549,1.4424116491040144,2.838274238807659,-0.4333871894828596,0.05327796024481437,0.03
1.0,0.2,0.02,0.0,40,kink,8,2.841566840136558,-0.4390356687805408,0.05696078455383774,-15.85452173242231,13.194022035439549,2.26711789212344,2.846066037418414,-0.4465411468668743,0.060163370256265676,0.03
1.0,0.2,0.02,0.0,40,shrink,8,2.8431318214203913,-0.4348247195375012,0.05213079355772402,-13.21825389951584,13.194022035439549,2.3065217904957223,2.8507609812699153,-0.43390829913775525,0.04567339726792451,0.02
1.0,0.2,0.02,0.0,40,current,9,2.8373448964019343,-0.4351299558018382,0.05007307320225916,-14.349074276255493,13.469431171420455,-0.11823768108220412,2.8550057302411966,-0.4460370504611519,0.047383064795974095,0.03
1.0,0.2,0.02,0.0,40,kink,9,2.837126722713789,-0.42762924282107245,0.05587932808027735,-15.231049913929429,13.469431171420455,1.5787292261167791,2.85435120917676,-0.4235349115188545,0.06480182943002867,0.03
1.0,0.2,0.02,0.0,40,shrink,9,2.8369338287964876,-0.4287603064855801,0.04826231426387511,-16.450377601691716,13.469431171420455,-0.7116335053507457,2.8537725274248564,-0.4269281025123775,0.04195078798082195,0.02
1.0,0.2,0.02,0.0,40,current,10,2.832656541745088,-0.4294651477979339,0.050820906194505945,-14.84941111688929,11.798793003904775,2.094794312432495,2.8375223361277437,-0.4230948467564769,0.04473830350239649,0.03
1.0,0.2,0.02,0.0,40,kink,10,2.8238179757182187,-0.4306373718353697,0.05804228908324329,-14.14801595207232,11.798793003904775,0.8996893520266562,2.811006638047134,-0.42661151886878457,0.06640245216860854,0.03
1.0,0.2,0.02,0.0,40,shrink,10,2.8299180725885815,-0.4330044173431338,0.0504943908862181,-13.024950076051073,11.798793003904775,0.9884308702068053,2.8293069286582244,-0.43371265539207665,0.04375875757753295,0.02
1.0,0.2,0.02,0.0,40,current,11,2.833546173999322,-0.4375733340361429,0.05806852646773464,-15.483717930406852,13.322010274303262,0.776875445303804,2.8395642683466558,-0.4328050792722229,0.06374333691914423,0.03
1.0,0.2,0.02,0.0,40,kink,11,2.8288904864428286,-0.43801556113377127,0.04976245006955935,-16.43851526848329,13.322010274303262,0.3108821100948129,2.8255972056771745,-0.43413176056510816,0.03882510772461837,0.03
1.0,0.2,0.02,0.0,40,shrink,11,2.832760364165248,-0.4368089818612695,0.05566367450256554,-13.97688543235029,13.322010274303262,0.5480935006959315,2.837206838844433,-0.4305120227476028,0.05652878102363695,0.02
1.0,0.2,0.02,0.0,40,current,12,2.8289979930083464,-0.43435311842600566,0.05603025952163373,-13.85182787641589,12.264591695317133,-0.17327491653258154,2.8319472347635215,-0.4334345668152435,0.054052941494631065,0.03
1.0,0.2,0.02,0.0,40,kink,12,2.832085395888219,-0.43432922874567864,0.06003256085150949,-17.054469800856392,12.264591695317133,0.6155444707314794,2.8412094434031387,-0.4333628977742626,0.06605984548425832,0.03
1.0,0.2,0.02,0.0,40,shrink,12,2.8353700138352163,-0.4336669817097818,0.05326653341804225,-12.313131411567014,12.264591695317133,1.9620025174031726,2.8510632972441314,-0.4313761566665719,0.045761763183856635,0.02
1.0,0.2,0.02,0.0,40,current,13,2.845573153787505,-0.4411328450655314,0.06176052165036875,-13.78358980407419,12.038651490567535,0.6692983809343445,2.8449178440870297,-0.4420777947635101,0.050737068623149056,0.03
1.0,0.2,0.02,0.0,40,kink,13,2.8387084904319537,-0.43968299385134624,0.062451066502925666,-16.042564015028194,12.038651490567535,0.35426470100488894,2.8243238540203777,-0.43772824112095465,0.052808703180819816,0.03
1.0,0.2,0.02,0.0,40,shrink,13,2.837987965969015,-0.4392577514976206,0.06302251724990911,-17.018676316085674,12.038651490567535,1.313138915922625,2.822162280631561,-0.43645251405977775,0.05452305542177013,0.02
1.0,0.2,0.02,0.0,40,current,14,2.8279106382182975,-0.42122180158770023,0.047403263076003094,-16.11592899951516,13.281261111114128,1.695152381296909,2.820962261234523,-0.406151423243778,0.03805655873330091,0.03
1.0,0.2,0.02,0.0,40,kink,14,2.823721110181122,-0.42710571974662986,0.048800630975793624,-13.06974103282866,13.281261111114128,0.9424340876697748,2.808393677122995,-0.4238031777205668,0.042248662432672494,0.03
1.0,0.2,0.02,0.0,40,shrink,14,2.831121445016599,-0.425758427977654,0.046840418786314564,-15.277556121235447,13.281261111114128,2.5474474200943353,2.830594681629428,-0.4197613024136392,0.03636802586423532,0.02
1.0,0.2,0.02,0.0,40,current,15,2.838296866822827,-0.4386111375114679,0.047375165435882216,-15.98237853574157,13.36240382086932,1.8677825382342248,2.8275249351358163,-0.42813739597635797,0.054685910093566034,0.03
1.0,0.2,0.02,0.0,40,kink,15,2.83727514359885,-0.443425062511712,0.04868822198505258,-13.340224170612291,13.36240382086932,1.0170325832791098,2.8244597654638848,-0.44257917097709004,0.05862507974107713,0.03
1.0,0.2,0.02,0.0,40,shrink,15,2.8429403763373777,-0.4336437346363921,0.04511135961130059,-17.97881133366397,13.36240382086932,2.516896679667093,2.841455463679467,-0.41323518735113035,0.047894492619821157,0.02
1.0,0.2,0.02,0.0,40,current,16,2.8396182363446614,-0.44263113156832806,0.04160136501731975,-15.446347084022307,15.276613808436602,0.7402400850506681,2.8420403751425796,-0.4436054598508011,0.04979423278449376,0.03
1.0,0.2,0.02,0.0,40,kink,16,2.8403820901289447,-0.437454125421236,0.04654527921002763,-15.271815061271418,15.276613808436602,1.2045097811874657,2.844331936495431,-0.4280744414095249,0.06462597536261741,0.03
1.0,0.2,0.02,0.0,40,shrink,16,2.845352507743593,-0.43890782240967047,0.03778388763661828,-13.738076388863991,15.276613808436602,2.1378148141953752,2.859243189339375,-0.4324355323748283,0.038341800642389366,0.02
1.0,0.2,0.02,0.0,40,current,17,2.832678886524525,-0.428096079431306,0.04600813117871669,-14.055384016577856,12.461661680055151,-0.23706884020991792,2.834016228691265,-0.4321829547029261,0.04864186337493058,0.03
1.0,0.2,0.02,0.0,40,kink,17,2.8337843769524276,-0.43092433022358795,0.054195290908923284,-16.545336949301152,12.461661680055151,0.37086405824517277,2.837332699974972,-0.4406677070797718,0.07320334256555039,0.03
1.0,0.2,0.02,0.0,40,shrink,17,2.835256183371007,-0.42647380026136883,0.053344089759378925,-13.195207456932096,12.461661680055151,0.32552624207100767,2.8417481192307092,-0.42731611719311435,0.07064973911691728,0.02
1.0,0.2,0.02,0.0,40,current,18,2.8417854939377114,-0.43108672145019145,0.044558109088282345,-15.374541083191176,15.358164842052757,1.2898641851361003,2.8397553530382,-0.42674625366640856,0.051729397473357495,0.03
1.0,0.2,0.02,0.0,40,kink,18,2.842293451055569,-0.43757158110677746,0.04558739870799645,-15.693148289225965,15.358164842052757,1.8729035973195645,2.8412792243917733,-0.4462008326361665,0.05481726633249979,0.03
1.0,0.2,0.02,0.0,40,shrink,18,2.840493729973005,-0.43117286805766347,0.0448271510037204,-14.373900016851268,15.358164842052757,1.7370740759465686,2.8358800611440804,-0.4270046934888247,0.05253652321967167,0.02
1.0,0.2,0.02,0.0,40,current,19,2.8360535456223133,-0.4310975792566067,0.04132021995614621,-16.610967853556147,13.429731471668218,1.1755166778248651,2.8253797673015124,-0.4342302964098979,0.050068128268198946,0.03
1.0,0.2,0.02,0.0,40,kink,19,2.8352310663831264,-0.4296826835734049,0.04358847907603416,-16.83457831679282,13.429731471668218,1.0272909658607277,2.822912329583952,-0.4299856093602926,0.05687290562786277,0.03
1.0,0.2,0.02,0.0,40,shrink,19,2.8358659833615882,-0.4260820366508408,0.04475457837787056,-12.064610729951326,13.429731471668218,1.1888858536860067,2.824817080519338,-0.4191836685926003,0.06037120353337199,0.02
1.0,0.2,0.02,0.0,40,current,20,2.833873253206906,-0.43396156726475194,0.0566175121959765,-16.242912192613144,15.793419588017432,1.0380022120006958,2.8217694779639597,-0.43713144737261267,0.055269900303278836,0.03
1.0,0.2,0.02,0.0,40,kink,20,2.8354872307349033,-0.42807087990694953,0.05009881045719133,-17.580206583698974,15.793419588017432,1.3861606556490018,2.826611410547952,-0.4194593852992053,0.03571379508692331,0.03
1.0,0.2,0.02,0.0,40,shrink,20,2.8427680956365955,-0.43407296511804505,0.05524516297402121,-14.703501933071838,15.793419588017432,1.7430920094406255,2.8484540052530294,-0.43746564093249163,0.05115285263741296,0.02
1.0,0.2,0.02,0.0,40,current,21,2.827376042263973,-0.43295398734122176,0.05529502370690276,-16.487174576905744,11.745765406088154,1.6513775840774751,2.813482865837967,-0.4279433451288466,0.05883194359835619,0.03
1.0,0.2,0.02,0.0,40,kink,21,2.829836509558593,-0.4378196064844891,0.050250083964001845,-13.991761259638096,11.745765406088154,0.6942830268375375,2.820864267721826,-0.44254020255864884,0.04369712436965345,0.03
1.0,0.2,0.02,0.0,40,shrink,21,2.8319814886779313,-0.43385428087288264,0.05438369233513161,-18.01092780965302,11.745765406088154,0.24935269552139094,2.827299205079843,-0.4306442257238293,0.056097949483042746,0.02
1.0,0.2,0.02,0.0,40,current,22,2.8438610404383717,-0.43488378029828006,0.050324586257764335,-15.388661024340324,14.044516242824688,2.360249412366076,2.8357631858919414,-0.4301239954510816,0.0540995305301422,0.03
1.0,0.2,0.02,0.0,40,kink,22,2.844794525115443,-0.4359580529305158,0.05060413545230703,-15.973311826237953,14.044516242824688,0.23440547773718068,2.838563639923155,-0.4333468133477889,0.05493817811377028,0.03
1.0,0.2,0.02,0.0,40,shrink,22,2.844772124365194,-0.43493719422284843,0.04915555375156113,-16.42286506447202,14.044516242824688,1.4985660692259486,2.8384964376724082,-0.4302842372247868,0.05059243301153256,0.02
1.0,0.2,0.02,0.0,40,current,23,2.8483383133641476,-0.43224583549014955,0.055092171593176885,-15.150574991836274,12.390599708491186,1.9173848087894043,2.8342784599799935,-0.41934985411365644,0.054551659894490186,0.03
1.0,0.2,0.02,0.0,40,kink,23,2.8519765346329025,-0.43023990924079025,0.04999737599782392,-15.435780849990017,12.390599708491186,1.456368330686863,2.845193123786258,-0.41333207536557864,0.03926727310843131,0.03
1.0,0.2,0.02,0.0,40,shrink,23,2.850880352634965,-0.43755070046703076,0.053455820706671396,-15.697643502593953,12.390599708491186,0.9996971918826196,2.8419045777924454,-0.43526444904430006,0.049642607234973754,0.02
1.0,0.2,0.02,0.0,40,current,24,2.8315272316309845,-0.43422873212411267,0.04863359008402431,-15.454409029353632,13.213135461689742,1.353976681673092,2.8288589945194795,-0.43747357823196303,0.055369219873421,0.03
1.0,0.2,0.02,0.0,40,kink,24,2.8364728813240756,-0.43683000865813293,0.04747232737656013,-14.41830820657459,13.213135461689742,0.3697222723169944,2.843695943598751,-0.4452774078340238,0.05188543175102848,0.03
1.0,0.2,0.02,0.0,40,shrink,24,2.8361723445499023,-0.43305284610525385,0.0467932671536884,-16.13069593964663,13.213135461689742,1.6501026927975708,2.8427943332762307,-0.43394592017538663,0.04984825108241329,0.02
1.0,0.2,0.02,0.0,40,current,25,2.8326105593115867,-0.438209781679838,0.04709747711455281,-15.71667181390182,13.927119984511725,1.1104605602669828,2.8368067048586787,-0.43265604726126494,0.04963239410221312,0.03
1.0,0.2,0.02,0.0,40,kink,25,2.834660401903966,-0.44292049588734966,0.05059278196784025,-14.04286691338566,13.927119984511725,1.471905511825602,2.842956232635817,-0.4467881898838,0.06011830866207543,0.03
1.0,0.2,0.02,0.0,40,shrink,25,2.8352352076961718,-0.44163591921260226,0.045827389359448044,-16.614815325657514,13.927119984511725,1.963072847585013,2.844680650012433,-0.442934459859558,0.04582213083689882,0.02
1.0,0.2,0.02,0.0,40,current,26,2.845338171187907,-0.427940803773647,0.0428679676839074,-16.032268733780196,12.484818297714966,1.2534821648908996,2.8333274083358466,-0.41712856164191536,0.034799539225092,0.03
1.0,0.2,0.02,0.0,40,kink,26,2.8399798124647977,-0.4333545862508947,0.04880360607213121,-15.948146816053065,12.484818297714966,1.334296337186995,2.817252332166518,-0.4333699090736582,0.0526064543897634,0.03
1.0,0.2,0.02,0.0,40,shrink,26,2.8472419191518896,-0.43651144398252156,0.04644671565029806,-15.98075909116254,12.484818297714966,2.4354786503502295,2.8390386522277953,-0.4428404822685388,0.045535783124263964,0.02
1.0,0.2,0.02,0.0,40,current,27,2.8483384442284088,-0.4381143595608208,0.05020908724526507,-14.125476931943517,12.666317458498172,2.2196999128952672,2.8351343520023873,-0.4279579660467533,0.03668925326744684,0.03
1.0,0.2,0.02,0.0,40,kink,27,2.844786985897661,-0.43325461662765136,0.04886403306573617,-15.63406147991724,12.666317458498172,0.9037947957186518,2.8244799770101436,-0.41337873724724505,0.03265409072886015,0.03
1.0,0.2,0.02,0.0,40,shrink,27,2.849163765140588,-0.44147980656741953,0.05378066513887745,-15.629375059449105,12.666317458498172,0.938837527394234,2.8376103147389258,-0.4380543070665497,0.04740398694828401,0.02
1.0,0.2,0.02,0.0,40,current,28,2.844262301366713,-0.44256594640568886,0.05932357839360161,-14.381668509398903,14.336566592091478,0.9406980292636145,2.8471347429938,-0.4425270637736929,0.05370249363887577,0.03
1.0,0.2,0.02,0.0,40,kink,28,2.8413536511085957,-0.44651395568759805,0.06231186715634776,-15.990503335564343,14.336566592091478,1.9115600865574427,2.8384087922194476,-0.4543710916194207,0.06266735992711424,0.03
1.0,0.2,0.02,0.0,40,shrink,28,2.8417829417363394,-0.44574829986974446,0.06040160388985202,-12.979932341719493,14.336566592091478,-2.01943676252814,2.839696664102681,-0.45207412416585996,0.056936570127626984,0.02
1.0,0.2,0.02,0.0,40,current,29,2.83969212542399,-0.44077694861698785,0.05245676080099918,-17.107312088071826,13.077154705491477,0.8471038424681117,2.838246231899393,-0.4284245657756146,0.05610176042819826,0.03
1.0,0.2,0.02,0.0,40,kink,29,2.831220635064802,-0.43898774543794666,0.057169140307417626,-16.661357898239217,13.077154705491477,0.2832649536459866,2.8128317608218274,-0.42305695623849116,0.0702388989474536,0.03
1.0,0.2,0.02,0.0,40,shrink,29,2.836873539939695,-0.4435540159728693,0.05241795788645722,-15.458935141895571,13.077154705491477,0.905399280352988,2.829790475446507,-0.4367557678432591,0.05598535168457237,0.02
1.0,0.2,0.02,0.0,40,current,30,2.8353843769666427,-0.4347331566291244,0.05701678229861625,-16.224376189540774,11.718930094955056,0.4536774565717512,2.8188382688593756,-0.4400375540987077,0.06565898464121218,0.03
1.0,0.2,0.02,0.0,40,kink,30,2.83908980542746,-0.42929410509046556,0.05121973272188554,-15.699426422049147,11.718930094955056,0.5967610364402343,2.829954554241828,-0.42372039948273116,0.048267835911020074,0.03
1.0,0.2,0.02,0.0,40,shrink,30,2.8462082649092397,-0.4357433645755086,0.050260748760996087,-15.31580425621782,11.718930094955056,-1.1362560600905525,2.851309932687166,-0.4430681779378602,0.04539088402835169,0.02
1.0,0.2,0.02,0.0,40,current,31,2.8378314611974376,-0.4438580287287664,0.050009079795392646,-14.424617392462695,14.760906633564781,-0.45849147225433917,2.848886029198545,-0.44555300265040065,0.032839803730596355,0.03
1.0,0.2,0.02,0.0,40,kink,31,2.829341375508415,-0.4374024362512909,0.0556688806495357,-15.319926943655855,14.760906633564781,0.5469474800136331,2.8234157721314754,-0.42618622521797417,0.04981920629302554,0.03
1.0,0.2,0.02,0.0,40,shrink,31,2.8351406489745767,-0.4408949719646103,0.05095923367063219,-15.300194210056453,14.760906633564781,0.542445683436243,2.8408135925299614,-0.4366638323579325,0.035690265356315004,0.02
1.0,0.2,0.02,0.0,40,current,32,2.847028707473752,-0.43986785758406977,0.04196871035544869,-14.840792820986753,12.837616790433636,0.8893144630566445,2.8483463319046383,-0.4448720060971708,0.051078031857927364,0.03
1.0,0.2,0.02,0.0,40,kink,32,2.8447823815895004,-0.43247808499035933,0.038764373855640376,-15.261139272247005,12.837616790433636,1.4130880973426831,2.8416073542518854,-0.42270268831603947,0.041465022358502426,0.03
1.0,0.2,0.02,0.0,40,shrink,32,2.8460380972185164,-0.44226864868503113,0.04435767426546041,-14.237672693737192,12.837616790433636,1.1402667766614754,2.8453745011389326,-0.45207437940005496,0.05824492358796253,0.02
1.0,0.2,0.02,0.0,40,current,33,2.838545533935717,-0.43064802026996457,0.05720700410338372,-13.795458521892758,12.202222632917174,0.771062702235557,2.841402489079298,-0.4374949677790453,0.047538660776287,0.03
1.0,0.2,0.02,0.0,40,kink,33,2.838311312004261,-0.4302163600092747,0.06084239796508361,-13.370864352130326,12.202222632917174,0.24765709955352921,2.84069982328493,-0.43619998699697554,0.05844484236138668,0.03
1.0,0.2,0.02,0.0,40,shrink,33,2.8364637218739426,-0.4295183686066825,0.05751318758957349,-13.681741254148676,12.202222632917174,1.3677972345855218,2.8351570528939756,-0.434106012789199,0.0484572112348563,0.02
1.0,0.2,0.02,0.0,40,current,34,2.840028426076477,-0.4355450602924415,0.055592645423741566,-14.599540893111188,14.855332494079942,1.8181351677984723,2.84183360185507,-0.4377671124160751,0.05792002198637954,0.03
1.0,0.2,0.02,0.0,40,kink,34,2.8409638442739005,-0.4387928843035127,0.056568758214266074,-15.0176624872573,14.855332494079942,0.8275391453823508,2.8446398564473396,-0.44751058444928876,0.06084836035795306,0.03
1.0,0.2,0.02,0.0,40,shrink,34,2.8344611533124584,-0.4341775619867399,0.054916273972500464,-14.564728988133396,14.855332494079942,0.9120162980613258,2.8251317835630148,-0.4336646174989704,0.05589090763265623,0.02
1.0,0.2,0.02,0.0,40,current,35,2.8365403227117483,-0.4412655745222615,0.049286079272202375,-16.1860172600167,13.715572106515971,0.7388797677188625,2.8377500418421566,-0.4339856669130238,0.04800399458718495,0.03
1.0,0.2,0.02,0.0,40,kink,35,2.841228818713057,-0.43358298971118575,0.04734210697252417,-14.972365839437428,13.715572106515971,1.4932316714884182,2.8518155298460828,-0.41093791247979644,0.04217207768815033,0.03
1.0,0.2,0.02,0.0,40,shrink,35,2.8464539342935016,-0.44023471732951575,0.04542359214356214,-14.707666819922824,13.715572106515971,1.0634468457756614,2.8674908765874165,-0.4308930953347866,0.03641653320126424,0.02
1.0,0.2,0.02,0.0,40,current,36,2.847446713462336,-0.43972344818166703,0.047541984117176965,-15.699003823525857,13.596422436355915,1.385023444673569,2.8426194208990876,-0.4401746129240362,0.05017492350857734,0.03
1.0,0.2,0.02,0.0,40,kink,36,2.8434875164009514,-0.4336484736745529,0.048012055521364096,-16.679619924282377,13.596422436355915,2.1014331787879934,2.8307418297149343,-0.4219496894026935,0.051585137721138756,0.03
1.0,0.2,0.02,0.0,40,shrink,36,2.8482510063126454,-0.43711297139736155,0.04806891730987567,-13.843622514534072,13.596422436355915,1.8425359723217205,2.8450322994500166,-0.4323431825711196,0.051755723086673464,0.02
1.0,0.2,0.02,0.0,40,current,37,2.8260761203153457,-0.43622748265250094,0.05171778503627252,-15.594014122218457,13.907624132980349,0.7968890698090327,2.8402664159741997,-0.43774867264771006,0.054900743175481215,0.03
1.0,0.2,0.02,0.0,40,kink,37,2.827879849451154,-0.4359289496836642,0.052363703487773194,-18.027713121104775,13.907624132980349,1.35397370426104,2.8456776033816245,-0.4368530737411998,0.05683849852998324,0.03
1.0,0.2,0.02,0.0,40,shrink,37,2.828403552764895,-0.44172198028537,0.04994054410630497,-15.265038309748196,13.907624132980349,0.014469884743897987,2.847248713322847,-0.4542321655463175,0.04956902038557855,0.02
1.0,0.2,0.02,0.0,40,current,38,2.84549714204783,-0.4289237846389932,0.050526518295451704,-15.0816381395701,13.615256743020057,0.44681246613950076,2.840703259910488,-0.42821372732863505,0.0509848749339347,0.03
1.0,0.2,0.02,0.0,40,kink,38,2.846775076212752,-0.42757451659510815,0.04691290297393136,-12.88090075041816,13.615256743020057,0.7577137509152512,2.8445370624052537,-0.42416592319697993,0.04014402896937367,0.03
1.0,0.2,0.02,0.0,40,shrink,38,2.846696867345038,-0.4291202516220704,0.04848306992347007,-18.147441912604037,13.615256743020057,2.31420001703589,2.8443024358021116,-0.42880312827786665,0.04485452981798982,0.02
1.0,0.2,0.02,0.0,40,current,39,2.8442705052523958,-0.43823269867503356,0.042585557958386,-12.233227804107383,11.295730253599167,1.491530011717862,2.8582702997080447,-0.4313680596822728,0.04194891368981893,0.03
1.0,0.2,0.02,0.0,40,kink,39,2.8330345504482755,-0.43874382986050015,0.04779771974112046,-17.513335795103934,11.295730253599167,0.45394281454826224,2.8245624352956846,-0.43290145323867246,0.05758539903802233,0.03
1.0,0.2,0.02,0.0,40,shrink,39,2.8331628672348184,-0.43855658551391463,0.047999832392543386,-13.438866813713307,11.295730253599167,0.2692667493505547,2.8249473856553124,-0.432339720198916,0.05819173699229109,0.02
1.0,0.2,0.02,0.0,40,current,40,2.83886108288972,-0.43470616384875954,0.04347600977745286,-15.04616517049295,15.365612217286687,1.4083952458230784,2.8370149419769444,-0.4278669275346757,0.04527153862485438,0.03
1.0,0.2,0.02,0.0,40,kink,40,2.8403816145448695,-0.4363122000660104,0.047366820270393774,-15.748443212281984,15.365612217286687,1.2114684904529844,2.841576536942392,-0.4326850361864281,0.05694397010367713,0.03
1.0,0.2,0.02,0.0,40,shrink,40,2.8455651863202043,-0.4355397912404668,0.04230564062781983,-12.15581765626954,15.365612217286687,0.05107100132068809,2.857127252268396,-0.4303678097097973,0.041760431175955286,0.02
1.0,0.2,0.02,0.0,40,current,41,2.8402607824800987,-0.43122570803708715,0.052799249794099445,-14.390215730875486,14.518475615272713,2.4926575151091885,2.839029453514155,-0.43303152194515404,0.05341559276117048,0.03
1.0,0.2,0.02,0.0,40,kink,41,2.8422661125057047,-0.4362489802325508,0.047575993790113014,-15.279779421803331,14.518475615272713,1.4766431898423937,2.845045443590974,-0.44810133853154527,0.03774582474921118,0.03
1.0,0.2,0.02,0.0,40,shrink,41,2.837166947367629,-0.43485511597746535,0.050602173952693064,-15.758680757057306,14.518475615272713,0.4126749626831474,2.829747948176748,-0.4439197457662887,0.04682436523695133,0.02
1.0,0.2,0.02,0.0,40,current,42,2.8280453186003798,-0.4361185505811629,0.0591647796669128,-15.105431408462007,13.694178014601926,-0.1507639206959981,2.8349194252736685,-0.4444051683739223,0.06494344559901793,0.03
1.0,0.2,0.02,0.0,40,kink,42,2.8362527966514093,-0.44282012661218756,0.060632364530803395,-15.539815072690812,13.694178014601926,2.9044965048358464,2.8595418594267557,-0.4645098964669963,0.06934620019068972,0.03
1.0,0.2,0.02,0.0,40,shrink,42,2.832056269145765,-0.43335205989049924,0.054843943294552056,-16.2414932006222,13.694178014601926,0.7728962543318085,2.846952276909824,-0.4361056963019315,0.051980936481935684,0.02
1.0,0.2,0.02,0.0,40,current,43,2.842004066209569,-0.43239543946856074,0.046379641712669166,-14.777305060940877,13.540127383222035,0.07085967336417354,2.8462826630600904,-0.44075412443222717,0.05132272246125692,0.03
1.0,0.2,0.02,0.0,40,kink,43,2.836804615148101,-0.43249999321013716,0.04112726285176301,-15.604664132745166,13.540127383222035,1.4613301301008155,2.8306843098756853,-0.44106778565695637,0.03556558587853846,0.03
1.0,0.2,0.02,0.0,40,shrink,43,2.8360314662521495,-0.4322944015667661,0.04888338849019957,-15.982169353401785,13.540127383222035,-0.19168271820990546,2.8283648631878306,-0.44045101072684306,0.05883396279384812,0.02
1.0,0.2,0.02,0.0,40,current,44,2.8331844240809265,-0.4353361886213929,0.05517752272326054,-13.222764990235369,12.725467754466472,1.073264807293702,2.839745917322392,-0.43543974436389365,0.04603552662529361,0.03
1.0,0.2,0.02,0.0,40,kink,44,2.84423871454698,-0.4356798779941599,0.057673401502812575,-15.739703508908558,12.725467754466472,1.4407106061157124,2.872908788720552,-0.43647081248219455,0.0535231629639497,0.03
1.0,0.2,0.02,0.0,40,shrink,44,2.8341455752606204,-0.4350577912257565,0.0548192040782202,-15.04757133196836,12.725467754466472,1.0712335872140288,2.842629370861473,-0.43460455217698435,0.044960570690172556,0.02
1.0,0.2,0.02,0.0,40,current,45,2.835070655321269,-0.4327281733342583,0.055588151762953696,-12.942023962470207,12.588286098130832,0.13812908818961867,2.8400930459595473,-0.42967695328001065,0.06287244599174562,0.03
1.0,0.2,0.02,0.0,40,kink,45,2.8388977689057597,-0.4327330800234117,0.04899040631675605,-13.424221372937835,12.588286098130832,1.2280072216985358,2.8515743867130205,-0.429691673347471,0.04307920965315268,0.03
1.0,0.2,0.02,0.0,40,shrink,45,2.8347592783902087,-0.43663966342098864,0.05564799119171945,-17.760453793158874,12.588286098130832,1.0756534008100638,2.839158915166369,-0.44141142354020174,0.06305196427804285,0.02
1.0,0.2,0.02,0.0,40,current,46,2.839126274632807,-0.43057134592245955,0.04665211988415261,-17.135502167513103,14.233565021683233,2.6646912551882824,2.8528718015024834,-0.431634008071332,0.032369582667568786,0.03
1.0,0.2,0.02,0.0,40,kink,46,2.8374277800980643,-0.4302712620737414,0.04619343432092954,-15.762278629668918,14.233565021683233,1.4179256478942064,2.8477763178982554,-0.43073375652517754,0.030993525977899564,0.03
1.0,0.2,0.02,0.0,40,shrink,46,2.8359857166133646,-0.4315170878568366,0.05837336995605341,-15.326654352759109,14.233565021683233,1.5900854432226221,2.843450127444156,-0.4344712338744632,0.06753333288327118,0.02
1.0,0.2,0.02,0.0,40,current,47,2.8366403955586628,-0.4302913840193317,0.051089088445924614,-15.438463966030126,11.837153289985292,-0.3829929384804589,2.8361350515681596,-0.42791447404362576,0.06095203123116771,0.03
1.0,0.2,0.02,0.0,40,kink,47,2.8343341085866336,-0.42864223300958587,0.0477095022720303,-14.954173985580944,11.837153289985292,0.7108870519873878,2.8292161906520716,-0.4229670210143882,0.05081327270948475,0.03
1.0,0.2,0.02,0.0,40,shrink,47,2.8413315879019163,-0.4336809866625089,0.04517526201641305,-15.611667162074045,11.837153289985292,0.43590992648850957,2.850208628597921,-0.4380832819731574,0.043210551942633006,0.02
1.0,0.2,0.02,0.0,40,current,48,2.83875356470559,-0.42446024899140006,0.04289350945807315,-14.6302274653174,12.21736867479492,1.5899163741436393,2.840967826076099,-0.41714650452559704,0.04301477133439902,0.03
1.0,0.2,0.02,0.0,40,kink,48,2.8361322930830393,-0.42575730761369474,0.05177862961082946,-14.64527045866065,12.21736867479492,1.3820175278939766,2.833104011208447,-0.4210376803924812,0.06967013179266797,0.03
1.0,0.2,0.02,0.0,40,shrink,48,2.8361352917561846,-0.4343207507338551,0.04940948504012338,-19.07241556997603,12.21736867479492,-0.11588364304501164,2.833113007227883,-0.4467280097529625,0.06256269808054969,0.02
1.0,0.2,0.02,0.0,40,current,49,2.846879314218443,-0.4403151606022612,0.0460945520372106,-15.260364892556627,15.048068537559791,1.10082248641289,2.8435730951288183,-0.43477294401544414,0.04456461335976251,0.03
1.0,0.2,0.02,0.0,40,kink,49,2.8452518969589633,-0.44398084086543205,0.04759785116717241,-14.999677148717936,15.048068537559791,-0.8715566262376924,2.8386908433503786,-0.4457699848049567,0.04907451074964795,0.03
1.0,0.2,0.02,0.0,40,shrink,49,2.842524639801843,-0.4400992453136607,0.050899376597961975,-14.89743278019289,15.048068537559791,0.7102238296399139,2.830509071879019,-0.43412519814964234,0.05897908704201664,0.02
1.0,0.2,0.02,0.0,44,current,0,5.268856960577327,-0.6264392642350071,0.029926503355570844,-16.28237440257827,15.201648151379622,-0.5850375640936392,5.251661807089013,-0.6413585231749755,0.043189031733700436,0.03
1.0,0.2,0.02,0.0,44,kink,0,5.2630755757313485,-0.6243207477973556,0.034842917245409284,-20.094488157357212,15.201648151379622,-0.20840479803082212,5.234317652551075,-0.6350029738620215,0.05793827340321576,0.03
1.0,0.2,0.02,0.0,44,shrink,0,5.26872504904356,-0.6209853813129075,0.036665911249493595,-17.157380656341203,15.201648151379622,4.310278025045608,5.251266072487709,-0.624996874408677,0.06340725541546868,0.02
1.0,0.2,0.02,0.0,44,current,1,5.263617210161372,-0.634582634690322,0.041984098998100745,-17.475916675094663,17.347228192484884,-1.7302930292118681,5.265402531487968,-0.6409078345953404,0.04453644083015093,0.03
1.0,0.2,0.02,0.0,44,kink,1,5.263586095308546,-0.6260049489654932,0.04493403519112802,-20.367839120440394,17.347228192484884,-0.44974749961092586,5.265309186929489,-0.615174777420854,0.05338624940923276,0.03
1.0,0.2,0.02,0.0,44,shrink,1,5.258621949912795,-0.6299048485553254,0.04694963567142546,-14.972934776004147,17.347228192484884,-0.8490549893158454,5.250416750742239,-0.6268744761903505,0.05943305085012506,0.02
1.0,0.2,0.02,0.0,44,current,2,5.269047939115647,-0.6338993503019159,0.05115114922091158,-19.74827569285909,17.220203302401327,0.6062776350972561,5.281899210692612,-0.618417845094814,0.027582760971411744,0.03
1.0,0.2,0.02,0.0,44,kink,2,5.260979462878162,-0.6414100222481112,0.05809772918422787,-19.453895179103025,17.220203302401327,1.1777604936546227,5.257693781980158,-0.6409498609333999,0.0484225008613606,0.03
1.0,0.2,0.02,0.0,44,shrink,2,5.259657579498828,-0.6374785106149276,0.0631013508641155,-18.773340932708447,17.220203302401327,1.6410281557014468,5.2537281318421565,-0.6291553260338493,0.06343336590102351,0.02
1.0,0.2,0.02,0.0,44,current,3,5.248178839757171,-0.6352726121008527,0.05426497140555742,-18.237554421204496,16.471946970158506,-0.7956403539457497,5.26570385363777,-0.6334615488402571,0.04017216554625387,0.03
1.0,0.2,0.02,0.0,44,kink,3,5.238978318841707,-0.6302632051783533,0.05957513531340789,-25.121298578065304,16.471946970158506,-1.4828726604793512,5.238102290891382,-0.6184333280727589,0.05610265726980526,0.03
1.0,0.2,0.02,0.0,44,shrink,3,5.236261116722127,-0.6355655048650948,0.06627355102365044,-23.238182886496393,16.471946970158506,5.316570176147272,5.229950684532641,-0.6343402271329833,0.07619790440053294,0.02
1.0,0.2,0.02,0.0,44,current,4,5.239724997203506,-0.636873552559882,0.04625864599121677,-17.976950373733608,17.79556023100229,1.230313938543763,5.253375902105553,-0.6226124522403156,0.04536274090825273,0.03
1.0,0.2,0.02,0.0,44,kink,4,5.245668926939775,-0.6437262966221172,0.04578610648761941,-18.84089760411301,17.79556023100229,1.9812186360568327,5.271207691314361,-0.6431706844270212,0.043945122397460644,0.03
1.0,0.2,0.02,0.0,44,shrink,4,5.246044209182327,-0.6315043322166365,0.04243278362190547,-20.108762440618356,17.79556023100229,0.027960895107707717,5.272333538042018,-0.6065047912105791,0.033885153800318826,0.02
1.0,0.2,0.02,0.0,44,current,5,5.257847968222021,-0.6420959491178596,0.07009471160326715,-18.613020829904812,16.26008439129437,-1.107103704342217,5.255050615131223,-0.6519971863221963,0.07591387917405548,0.03
1.0,0.2,0.02,0.0,44,kink,5,5.260029609881674,-0.6428948162558653,0.06655575166779822,-18.09841384421358,16.26008439129437,0.051943651653905576,5.261595540110182,-0.6543937877362132,0.06529699936764868,0.03
1.0,0.2,0.02,0.0,44,shrink,5,5.263714788998102,-0.6327675931243492,0.057938375618844656,-19.120004316910666,16.26008439129437,-1.6856102519599299,5.272651077459465,-0.6240121183416645,0.03944487122078798,0.02
1.0,0.2,0.02,0.0,44,current,6,5.248271044580539,-0.646960571376542,0.05423714919645234,-20.073210954708586,16.52810893252928,-0.34450995827863684,5.258758180885021,-0.6548875849049565,0.05075944690097078,0.03
1.0,0.2,0.02,0.0,44,kink,6,5.254459962946221,-0.644296926463949,0.05109835103415742,-18.85174259084704,16.52810893252928,-0.886508059118277,5.277324935982066,-0.6468966501671775,0.041343052414086034,0.03
1.0,0.2,0.02,0.0,44,shrink,6,5.245575114630668,-0.6434494939582668,0.049756350311431635,-17.87665879227074,16.52810893252928,-3.78865852659352,5.250670391035409,-0.644354352650131,0.03731705024590866,0.02
1.0,0.2,0.02,0.0,44,current,7,5.238992041907842,-0.6322676167454772,0.06284462051472174,-17.48031981312389,15.055090685300586,-0.4073408544821251,5.269431254012573,-0.6369623860409378,0.03755500154630998,0.03
1.0,0.2,0.02,0.0,44,kink,7,5.236946846596443,-0.6255801575500421,0.06433441547403573,-17.75124927025322,15.055090685300586,1.2280445165462395,5.263295668078378,-0.6169000084546326,0.042024386424251964,0.03
1.0,0.2,0.02,0.0,44,shrink,7,5.236636276988748,-0.6366967907001038,0.06750965562153728,-19.047432089983133,15.055090685300586,-0.5392942971189782,5.2623639592552935,-0.6502499079048173,0.05155010686675664,0.02
1.0,0.2,0.02,0.0,44,current,8,5.24280568801657,-0.6295525444788728,0.06402308100964055,-17.813337251080696,17.417775851621293,0.25466232105777853,5.248583556644443,-0.6234441553084261,0.05585202814780825,0.03
1.0,0.2,0.02,0.0,44,kink,8,5.235312454548105,-0.6335874512506735,0.0756172283107543,-21.122040546715144,17.417775851621293,1.5804215779525195,5.2261038562390505,-0.6355488756238281,0.09063447005114952,0.03
1.0,0.2,0.02,0.0,44,shrink,8,5.234204288845591,-0.6358053542628485,0.057656947709997776,-16.37106373245835,17.417775851621293,-2.062226195523601,5.222779359131508,-0.6422025846603531,0.036753628248879934,0.02
1.0,0.2,0.02,0.0,44,current,9,5.242993298589207,-0.6357224787514709,0.0637864179710703,-18.474911165773577,15.364253832632027,-0.7760873298851405,5.236324148573896,-0.6394937026244185,0.0714100371349596,0.03
1.0,0.2,0.02,0.0,44,kink,9,5.245376469140738,-0.6379996988858295,0.06337570543375111,-17.87684974861105,15.364253832632027,0.9513521207960705,5.243473660228489,-0.6463253630274943,0.07017789952300207,0.03
1.0,0.2,0.02,0.0,44,shrink,9,5.244037218371856,-0.6353211942823217,0.057626273739419274,-19.9353481617134,15.364253832632027,-0.7249617438020293,5.239455907921844,-0.6382898492169706,0.05292960444000654,0.02
1.0,0.2,0.02,0.0,44,current,10,5.25465179602321,-0.6333299121986354,0.054511785747265167,-18.361683844759064,16.146389496717823,0.13781813216688477,5.245716102404908,-0.6248382113487096,0.05155564498624593,0.03
1.0,0.2,0.02,0.0,44,kink,10,5.268018810366367,-0.6417011030167354,0.058897857313147804,-21.191008233904935,16.146389496717823,-0.2506127960963185,5.285817145434382,-0.6499517838030098,0.06471385968389386,0.03
1.0,0.2,0.02,0.0,44,shrink,10,5.267164648046973,-0.6395014520650393,0.050716854873205125,-18.966081024384778,16.146389496717823,-1.0590387836272956,5.2832546584761975,-0.6433528309479215,0.04017085236406581,0.02
1.0,0.2,0.02,0.0,44,current,11,5.271523892179453,-0.6377116780305822,0.04987748106891773,-19.283146673157077,16.045152540827278,1.0129558173527826,5.279361389997827,-0.6413853790891181,0.054395316815871175,0.03
1.0,0.2,0.02,0.0,44,kink,11,5.269765915420027,-0.6346657070740189,0.0447258383906426,-17.816267085011475,16.045152540827278,1.9550798517900088,5.2740874597195475,-0.6322474662194285,0.03894038878104581,0.03
1.0,0.2,0.02,0.0,44,shrink,11,5.262593115501918,-0.6322595455262415,0.05092487374978588,-20.33404157432485,16.045152540827278,-2.029360913182721,5.252569059965222,-0.6250289815760962,0.05753749485847564,0.02
1.0,0.2,0.02,0.0,44,current,12,5.260728451676588,-0.6344325145061319,0.05247660333785289,-18.738668043962512,17.557617042333305,1.5383390540453064,5.2529315247984325,-0.6351842322277714,0.04658210788180467,0.03
1.0,0.2,0.02,0.0,44,kink,12,5.264420098617168,-0.6288363185748788,0.05517484457372118,-17.489528781130968,17.557617042333305,0.02443107301512293,5.264006465620173,-0.618395644434012,0.05467683158940957,0.03
1.0,0.2,0.02,0.0,44,shrink,12,5.255165691061266,-0.6287855677975386,0.061507644418853334,-14.729215952700365,17.557617042333305,0.42281364281388,5.236243242952466,-0.6182433921019916,0.073675231124806,0.02
1.0,0.2,0.02,0.0,44,current,13,5.258444614101118,-0.62948793526522,0.05322246733662058,-20.767989202787838,15.688953373095627,-1.1067405253072828,5.237226827169529,-0.6338747926860325,0.056421169160063844,0.03
1.0,0.2,0.02,0.0,44,kink,13,5.271117190566927,-0.6324543925366299,0.05898454321450752,-20.255067877252326,15.688953373095627,-0.8223113510494606,5.275244556566958,-0.6427741645002623,0.07370739679372468,0.03
1.0,0.2,0.02,0.0,44,shrink,13,5.269688135803868,-0.6268756296618507,0.052993837217798524,-15.396020172678796,15.688953373095627,-2.8318257876175603,5.27095739227778,-0.6260378758759246,0.055735278803597674,0.02
1.0,0.2,0.02,0.0,44,current,14,5.262332123933255,-0.6306555479555436,0.065363671131121,-19.699745829821957,16.04962974785427,-0.4176582491075642,5.276860178316591,-0.6340813710655728,0.04586029912512322,0.03
1.0,0.2,0.02,0.0,44,kink,14,5.263510535683197,-0.6310154318654941,0.06941000636234974,-18.789325059438916,16.04962974785427,2.2726276859347174,5.280395413566418,-0.6351610227954249,0.05799930481880944,0.03
1.0,0.2,0.02,0.0,44,shrink,14,5.269212157018539,-0.6272303239000392,0.06397902184539599,-15.94747330551937,16.04962974785427,1.3332364718886396,5.2975002775724445,-0.6238056988990598,0.04170635126794818,0.02
1.0,0.2,0.02,0.0,44,current,15,5.281162486451525,-0.6357780586354459,0.056896302311310785,-19.448043393275373,15.876600114636874,1.1849457604621345,5.294738167929754,-0.6189780297498536,0.036484276076417264,0.03
1.0,0.2,0.02,0.0,44,kink,15,5.2621233824520806,-0.634467666443815,0.06556270346088662,-19.557863198551793,15.876600114636874,-1.1714324630268655,5.237620855931421,-0.6150468531749613,0.062483479525144825,0.03
1.0,0.2,0.02,0.0,44,shrink,15,5.276942394463125,-0.6433945124699095,0.054290700550051474,-22.104199010255506,15.876600114636874,-1.2653306297720373,5.282077891964556,-0.6418273912532448,0.02866747079263936,0.02
1.0,0.2,0.02,0.0,44,current,16,5.2578929363200535,-0.627952250652907,0.040310597549008224,-19.242912862024216,15.947929793684862,-0.9217492770846505,5.245764247743972,-0.6366941740470172,0.032636327789470364,0.03
1.0,0.2,0.02,0.0,44,kink,16,5.254899851123818,-0.6224745018548645,0.039462221610013816,-15.642089624210039,15.947929793684862,1.7869995583466065,5.236784992155266,-0.6202609276528898,0.03009119997248713,0.03
1.0,0.2,0.02,0.0,44,shrink,16,5.255413722361566,-0.6217671658854388,0.04665094550851947,-18.663274909228008,15.947929793684862,-1.1149245865521924,5.23832660586851,-0.6181389197446125,0.051657371668004104,0.02
1.0,0.2,0.02,0.0,44,current,17,5.25436720135993,-0.6354295131138914,0.037116549123659276,-16.812065137668924,17.710702731328166,0.41347726841912613,5.247630421884525,-0.6482739619961051,0.051317168874529674,0.03
1.0,0.2,0.02,0.0,44,kink,17,5.244579693177058,-0.6326323882767685,0.03695546156816928,-19.527323992983504,17.710702731328166,-0.382114249748883,5.218267897335907,-0.6398825874847363,0.050833906208059686,0.03
1.0,0.2,0.02,0.0,44,shrink,17,5.247967695883212,-0.6291194929892472,0.03398514959884078,-18.866497534072845,17.710702731328166,-2.274631848686927,5.228431905454373,-0.6293439016221725,0.04192297030007419,0.02
1.0,0.2,0.02,0.0,44,current,18,5.263706331160542,-0.6497744548498933,0.07287803227108422,-22.177794658214964,16.69816126726633,0.4996434059017454,5.265757785465008,-0.6574870686781317,0.07188525500013772,0.03
1.0,0.2,0.02,0.0,44,kink,18,5.268886678445478,-0.6476668559718022,0.06474770545675501,-16.361203904488047,16.69816126726633,-0.2712108669278419,5.281298827319817,-0.6511642720438582,0.04749427455715012,0.03
1.0,0.2,0.02,0.0,44,shrink,18,5.266930826540685,-0.6504776206170824,0.06526983058146307,-22.375118157914137,16.69816126726633,0.49585860812797744,5.27543127160544,-0.659596565979699,0.04906064993127429,0.02
1.0,0.2,0.02,0.0,44,current,19,5.264875205534349,-0.6268317705817242,0.04272806932832004,-18.192567449804955,15.17700789466627,0.7102803717089767,5.254575621444756,-0.6423512891272617,0.053470485087943095,0.03
1.0,0.2,0.02,0.0,44,kink,19,5.276707015716664,-0.6325987221706261,0.043943315741107936,-17.422019484982172,15.17700789466627,-1.0889625690691669,5.2900710519917,-0.6596521438939674,0.057116224326306794,0.03
1.0,0.2,0.02,0.0,44,shrink,19,5.26651190601767,-0.6225659010942991,0.046610102201384444,-17.366641835820502,15.17700789466627,-1.6290360184928105,5.259485722894722,-0.6295536806649865,0.06511658370713633,0.02
1.0,0.2,0.02,0.0,44,current,20,5.257773864775732,-0.6353898964599946,0.05466759332952651,-19.159716506040382,16.176526018036576,2.556712452849621,5.256442832993137,-0.6328547224397569,0.052520911668445476,0.03
1.0,0.2,0.02,0.0,44,kink,20,5.256617696784582,-0.6409781570831908,0.05571188447059198,-17.126946229487395,16.176526018036576,-2.3866568760866937,5.252974329019688,-0.6496195043093459,0.055653785091641886,0.03
1.0,0.2,0.02,0.0,44,shrink,20,5.257145413993997,-0.6369531551271379,0.054366830798600496,-18.842820340589498,16.176526018036576,0.3696777367335571,5.2545574806479305,-0.6375444984411871,0.05161862407566741,0.02
1.0,0.2,0.02,0.0,44,current,21,5.265245774082796,-0.6240931248498442,0.047335468599857426,-18.830277909533898,16.614299491250662,-1.5643800538182075,5.250953714532203,-0.6299662792738878,0.06632725128294448,0.03
1.0,0.2,0.02,0.0,44,kink,21,5.2671161826964505,-0.6238094928145408,0.037652781423513026,-19.135763815969888,16.614299491250662,2.376749364290162,5.2565649403731625,-0.6291153831679773,0.037279189753911285,0.03
1.0,0.2,0.02,0.0,44,shrink,21,5.265234947348577,-0.6264955329401658,0.04073352601706315,-20.41936617260401,16.614299491250662,-3.1360502709152223,5.250921234329543,-0.6371735035448525,0.04652142353456164,0.02
1.0,0.2,0.02,0.0,44,current,22,5.24363762521348,-0.6384545467969346,0.06275595207312974,-20.103373075129735,16.574856522217498,0.08048780482418239,5.200001323014076,-0.6269469113206786,0.08375189998487138,0.03
1.0,0.2,0.02,0.0,44,kink,22,5.247629959948071,-0.641821357947582,0.05470514680783476,-17.408766106804762,16.574856522217498,-2.9666816609864752,5.211978327217851,-0.637047344772621,0.05959948418898643,0.03
1.0,0.2,0.02,0.0,44,shrink,22,5.2472339259054595,-0.6394518915547,0.054520494642434005,-21.029856879773217,16.574856522217498,-2.112150816102219,5.210790225090017,-0.629938945593975,0.059045527692784164,0.02
1.0,0.2,0.02,0.0,44,current,23,5.256745389782403,-0.6272159420788532,0.04888329769180295,-20.035820988151634,15.561427928403619,-0.5593979538888139,5.2463491414143615,-0.6271543609368511,0.061403467007525775,0.03
1.0,0.2,0.02,0.0,44,kink,23,5.255345635984925,-0.6269064807692178,0.05717275241183681,-20.900533780255227,15.561427928403619,0.22505092745697208,5.242149880021929,-0.6262259770079451,0.08627183116762735,0.03
1.0,0.2,0.02,0.0,44,shrink,23,5.258387602085354,-0.6238531973362559,0.04122415678562074,-16.40480096658201,15.561427928403619,0.06066777152679803,5.251275778323215,-0.617066126709059,0.03842604428897915,0.02
1.0,0.2,0.02,0.0,44,current,24,5.26402370543762,-0.633722525993195,0.04690297330333045,-20.75876067156245,18.20191759861089,-1.5532420379666618,5.249711213306183,-0.6261672301668556,0.03776702404977884,0.03
1.0,0.2,0.02,0.0,44,kink,24,5.266574442288309,-0.6395672125756656,0.060744386958250886,-21.38512761531065,18.20191759861089,-1.1429847123802275,5.2573634238582505,-0.6437012899142676,0.07929126501454015,0.03
1.0,0.2,0.02,0.0,44,shrink,24,5.261957451639895,-0.6356553092637193,0.06811682534937062,-22.0280394865449,18.20191759861089,2.140940056623985,5.243512451913008,-0.6319655799784286,0.10140858018789933,0.02
1.0,0.2,0.02,0.0,44,current,25,5.258462097690079,-0.6386107805085038,0.057464338719613185,-17.19725216130179,16.143534872013703,0.32451230707784373,5.263111266985042,-0.6362427664451951,0.05944252499964673,0.03
1.0,0.2,0.02,0.0,44,kink,25,5.25620095312087,-0.6400628646069594,0.055627855276775585,-17.684455192320602,16.143534872013703,0.3950733274824412,5.256327833277412,-0.6405990187405619,0.053933074671133945,0.03
1.0,0.2,0.02,0.0,44,shrink,25,5.255046415539355,-0.6408323784872355,0.06038000423171339,-18.092322299710723,16.143534872013703,-1.784361076055427,5.25286422053287,-0.64290756038139,0.06818952153594737,0.02
1.0,0.2,0.02,0.0,44,current,26,5.250450408605945,-0.6379490503764772,0.048798961369904394,-20.20768032415316,14.818299394524239,1.080018099113019,5.227056551753519,-0.6195618542269572,0.05529381183042095,0.03
1.0,0.2,0.02,0.0,44,kink,26,5.260210348686537,-0.6390357470015585,0.04821033848593458,-18.673356310979557,14.818299394524239,-0.5368824010502564,5.256336371995292,-0.6228219441022007,0.05352794317851149,0.03
1.0,0.2,0.02,0.0,44,shrink,26,5.258179862514571,-0.6464508791004725,0.05040388305362978,-20.999387775035565,14.818299394524239,1.5894615754289834,5.250244913479395,-0.6450673403989426,0.060108576881597105,0.02
1.0,0.2,0.02,0.0,44,current,27,5.272322068944564,-0.6397008968045611,0.03196071777435952,-19.50201572565109,12.238106612420953,1.2203153125928343,5.247772223514812,-0.6450414692619142,0.04316154395884722,0.03
1.0,0.2,0.02,0.0,44,kink,27,5.267867678830113,-0.6359943816231951,0.03652694598868237,-17.31302968726798,12.238106612420953,0.20261668354308737,5.2344090531714595,-0.6339219237178163,0.05686022860181579,0.03
1.0,0.2,0.02,0.0,44,shrink,27,5.2805876588979475,-0.6396598451280541,0.035760843218299115,-15.935499650495785,12.238106612420953,-0.9726930780185716,5.272568993374963,-0.6449183142323932,0.054561920290666005,0.02
1.0,0.2,0.02,0.0,44,current,28,5.2499308571982,-0.6474022984086091,0.06195336601133994,-20.258376685945215,15.401240229310268,-0.9618563576019752,5.236576396907418,-0.6409965950258478,0.07541651213574016,0.03
1.0,0.2,0.02,0.0,44,kink,28,5.256320566032508,-0.6507111811671189,0.05217395139638422,-20.084375709925194,15.401240229310268,0.6455557193690258,5.255745523410343,-0.6509232433013771,0.046078268290873005,0.03
1.0,0.2,0.02,0.0,44,shrink,28,5.258229527313142,-0.6426948034312424,0.053911231887350995,-21.27021957428442,15.401240229310268,0.008163625041531786,5.261472407252242,-0.6268741100937476,0.05129010976377332,0.02
1.0,0.2,0.02,0.0,44,current,29,5.245650065927163,-0.6307226434419752,0.05000265548658239,-17.720693870987454,17.315529689266413,1.5431521364399885,5.248361391694047,-0.6237125454944884,0.044347715019428254,0.03
1.0,0.2,0.02,0.0,44,kink,29,5.249058954634786,-0.6339191648198631,0.05392358363833927,-19.545704022561594,17.315529689266413,-1.1227670852411644,5.2585880578169135,-0.633302109628152,0.056110499474698886,0.03
1.0,0.2,0.02,0.0,44,shrink,29,5.252484750319352,-0.6298596231922312,0.04974439034718039,-18.791287475744973,17.315529689266413,2.4390520922816568,5.268865444870614,-0.6211234847452566,0.04357291960122223,0.02
1.0,0.2,0.02,0.0,44,current,30,5.2662922480469225,-0.6318170388343026,0.037172928401488434,-17.80979400354827,14.329506311583545,-0.27063571905603734,5.29108971594672,-0.6303427814496674,0.05562808604083889,0.03
1.0,0.2,0.02,0.0,44,kink,30,5.260260901325022,-0.6398322392579903,0.03137850330069499,-17.499894668367443,14.329506311583545,0.766916523028498,5.27299567578102,-0.6543883827207301,0.038244810738458555,0.03
1.0,0.2,0.02,0.0,44,shrink,30,5.26246578824719,-0.6380123113971555,0.03878120027111104,-18.657452398144528,14.329506311583545,-0.2265579135574578,5.27961033654752,-0.6489285991382256,0.0604529016497067,0.02
1.0,0.2,0.02,0.0,44,current,31,5.250812330512691,-0.6483779278711953,0.05339737883247473,-20.930824351222725,17.4670302127608,-1.2887435696327612,5.242182262237799,-0.6438475369736294,0.03429010916614315,0.03
1.0,0.2,0.02,0.0,44,kink,31,5.250600876505291,-0.6431142393524776,0.06096091760138051,-18.76759635494774,17.4670302127608,-0.7164379439062141,5.2415479002156,-0.6280564714174763,0.05698072547286049,0.03
1.0,0.2,0.02,0.0,44,shrink,31,5.252525673965804,-0.6460193602788639,0.06224751781904523,-20.457654344990786,17.4670302127608,-1.0971292073816357,5.247322292597141,-0.6367718341966353,0.06084052612585466,0.02
1.0,0.2,0.02,0.0,44,current,32,5.245546475971049,-0.6390676267963107,0.06409081170806596,-19.95076470774157,16.512461449890836,0.06853884007995026,5.234384144678456,-0.6363901845515014,0.06681519718557431,0.03
1.0,0.2,0.02,0.0,44,kink,32,5.246408864459006,-0.6351096011005318,0.060136061047369155,-17.788474961783123,16.512461449890836,0.8211011462503737,5.236971310142327,-0.6245161074641647,0.05495094520348389,0.03
1.0,0.2,0.02,0.0,44,shrink,32,5.247321080578473,-0.6384124468538905,0.05892916750699393,-18.81487618700117,16.512461449890836,-0.928748671896015,5.239707958500728,-0.6344246447242411,0.051330264582358225,0.02
1.0,0.2,0.02,0.0,44,current,33,5.276486395651466,-0.6376918645768166,0.05388674517264928,-17.922177943254745,17.274781942139352,-0.5000711802002962,5.296306498597378,-0.6421310072982338,0.0590250317975181,0.03
1.0,0.2,0.02,0.0,44,kink,33,5.270873068434676,-0.6347260111389619,0.037772316791235265,-15.149380262299461,17.274781942139352,-0.6048585285917123,5.279466516947005,-0.6332334469846694,0.010681746653276071,0.03
1.0,0.2,0.02,0.0,44,shrink,33,5.269006651916337,-0.6358009174205274,0.05379420679342484,-20.202381773374746,17.274781942139352,-0.46998121811776095,5.27386726739199,-0.6364581658293659,0.058747416659844794,0.02
1.0,0.2,0.02,0.0,44,current,34,5.252581719134912,-0.6433451843196288,0.05986489598801561,-19.8681347775888,18.401029472041838,0.20495307235467353,5.255867237262839,-0.6485107632979313,0.059728728566684805,0.03
1.0,0.2,0.02,0.0,44,kink,34,5.250707551715877,-0.6456269971187637,0.05763307149809895,-20.287009074341135,18.401029472041838,-0.528267538602059,5.250244735005737,-0.6553562016953363,0.053033255096934837,0.03
1.0,0.2,0.02,0.0,44,shrink,34,5.250334410240051,-0.6385114182881738,0.05673605791258462,-19.26650341419007,18.401029472041838,-1.0328602023520332,5.249125310578261,-0.6340094652035664,0.050342214340391836,0.02
1.0,0.2,0.02,0.0,44,current,35,5.267139928122989,-0.6439187903606295,0.053486802173477795,-17.37233184899202,17.131453334398046,-1.6532226042336289,5.262165770854771,-0.6422859302341608,0.05205728990020415,0.03
1.0,0.2,0.02,0.0,44,kink,35,5.261850975779105,-0.6429001529870825,0.051058548618671935,-20.38838317319263,17.131453334398046,1.1967010654400156,5.246298913823121,-0.6392300181135195,0.04477252923578658,0.03
1.0,0.2,0.02,0.0,44,shrink,35,5.263558288563015,-0.6446333968202652,0.05634523128813886,-20.81035369184424,17.131453334398046,-1.437764995112191,5.251420852174849,-0.644429749613068,0.06063257724418734,0.02
1.0,0.2,0.02,0.0,44,current,36,5.26803441724517,-0.6475760081286414,0.050113989244450624,-18.696723087416434,14.80374914971839,-1.2500547176421772,5.260766006749067,-0.6459642105796416,0.06472079208531793,0.03
1.0,0.2,0.02,0.0,44,kink,36,5.265695410477634,-0.6424934729153692,0.04080593556358788,-20.65706092060553,14.80374914971839,-1.0742955321997734,5.253748986446459,-0.6307166049398252,0.03679663104272969,0.03
1.0,0.2,0.02,0.0,44,shrink,36,5.2672683069531105,-0.6441276908461845,0.04786186607328607,-20.622258182398404,14.80374914971839,0.023901209063387885,5.25846767587289,-0.6356192587322709,0.057964422571824256,0.02
1.0,0.2,0.02,0.0,44,current,37,5.232269985489395,-0.6216901180034639,0.06337842381967075,-19.576641052896996,16.33117013721762,-0.6513563673734271,5.221025609564692,-0.6228602004909756,0.05873681628384774,0.03
1.0,0.2,0.02,0.0,44,kink,37,5.226716180891377,-0.6194415442705234,0.06446725825465695,-15.878547567715847,16.33117013721762,-0.23078368017437922,5.2043641957706415,-0.6161144792921545,0.06200331958880634,0.03
1.0,0.2,0.02,0.0,44,shrink,37,5.230961887225933,-0.6173358258364865,0.06584046633424755,-19.46993722420075,16.33117013721762,0.3369727781100489,5.217101314774308,-0.6097973239900436,0.06612294382757812,0.02
1.0,0.2,0.02,0.0,44,current,38,5.261761449116198,-0.6336232874847291,0.04448863134099807,-17.955158990978852,17.162359837600732,-0.7134505116510503,5.264068658061135,-0.6300944307281856,0.03448416114956087,0.03
1.0,0.2,0.02,0.0,44,kink,38,5.256603125041439,-0.6418088480822602,0.0507554057305963,-21.320192676765537,17.162359837600732,1.9977210107445385,5.248593685836856,-0.6546511125207791,0.05328448431835553,0.03
1.0,0.2,0.02,0.0,44,shrink,38,5.256520395491977,-0.6293307082878804,0.049586338330424695,-19.633370833515023,17.162359837600732,-0.7833769080948625,5.248345497188471,-0.6172166931376396,0.04977728211784074,0.02
1.0,0.2,0.02,0.0,44,current,39,5.265444198994057,-0.6209553862549138,0.04769795503799159,-18.70596571500906,14.398552886001676,-0.24506490556338356,5.25247347561928,-0.6305414283025143,0.05321155013843106,0.03
1.0,0.2,0.02,0.0,44,kink,39,5.280037771499413,-0.6296698186402309,0.043134197868224866,-18.048010222210202,14.398552886001676,-1.6442401347369286,5.296254193135345,-0.6566847254584655,0.03952027862913091,0.03
1.0,0.2,0.02,0.0,44,shrink,39,5.275168063623315,-0.6247107610953037,0.03976480296065995,-18.750285084758055,14.398552886001676,-0.5730810467446084,5.281645069507053,-0.6418075528236842,0.02941209390643618,0.02
1.0,0.2,0.02,0.0,44,current,40,5.2753777732295495,-0.6307417032356346,0.038158212776122226,-20.17884382998345,14.43209580131467,1.0022656155134286,5.255159994948486,-0.6315917349053205,0.0446554550821995,0.03
1.0,0.2,0.02,0.0,44,kink,40,5.270079966713585,-0.6342105021962366,0.04440197809056843,-18.74057135686499,14.43209580131467,-2.352534314753106,5.239266575400594,-0.6419981317871267,0.06338675102553812,0.03
1.0,0.2,0.02,0.0,44,shrink,40,5.280689744491734,-0.6361279610387981,0.04115331170501068,-19.47592644144628,14.43209580131467,-1.9306437861678183,5.271095908735038,-0.6477505083148113,0.05364075186886486,0.02
1.0,0.2,0.02,0.0,44,current,41,5.259150895540432,-0.6351458472904868,0.04870992017654457,-15.974309544292453,19.04930849940831,0.1955135624600568,5.265940875293465,-0.6118782595658326,0.04061743861573844,0.03
1.0,0.2,0.02,0.0,44,kink,41,5.2546162924581346,-0.642130469523223,0.04977084476103005,-18.32370149407639,19.04930849940831,-0.9019773878730928,5.252337066046575,-0.6328321262640407,0.04380021236919489,0.03
1.0,0.2,0.02,0.0,44,shrink,41,5.255742002832558,-0.6405625553773863,0.05219644874785858,-24.55756992464606,19.04930849940831,0.9668418919415274,5.255714197169844,-0.6281283838265307,0.05107702432968047,0.02
1.0,0.2,0.02,0.0,44,current,42,5.266560532056796,-0.6348695967131419,0.05082821489435238,-18.68567480320921,16.248875256991262,0.45722005588357884,5.262415884718369,-0.6294106765167644,0.061667117658671354,0.03
1.0,0.2,0.02,0.0,44,kink,42,5.274220482658175,-0.6411324148505692,0.04756638158272301,-21.729621056245392,16.248875256991262,-0.8269577442343019,5.285395736522504,-0.6481991309290461,0.05188161772378324,0.03
1.0,0.2,0.02,0.0,44,shrink,42,5.259947472463309,-0.6419858672595087,0.04748671551426164,-22.3587416925032,16.248875256991262,0.2841112726677304,5.242576705937904,-0.6507594881558646,0.051642619518399116,0.02
1.0,0.2,0.02,0.0,44,current,43,5.2668822959525645,-0.6292676297291183,0.03073893730046692,-18.08929077613545,14.86838531872674,0.7756383285334525,5.260022320275863,-0.6399657260159152,0.05663386270736626,0.03
1.0,0.2,0.02,0.0,44,kink,43,5.258739957790486,-0.6232764500377224,0.0315417333085693,-16.03014317663345,14.86838531872674,-2.1052926252660593,5.235595305789628,-0.6219921869417274,0.05904225073167341,0.03
1.0,0.2,0.02,0.0,44,shrink,43,5.277548012541593,-0.6315310214566955,0.02507558335696029,-20.07719799830692,14.86838531872674,1.5885257087691929,5.292019470042947,-0.6467559011986469,0.03964380087684638,0.02
1.0,0.2,0.02,0.0,44,current,44,5.271450376062576,-0.6365170319440052,0.048300895304207316,-18.01114831469122,17.409309026929016,-1.5553418755367767,5.276441503512494,-0.6157788274485922,0.045288080663482326,0.03
1.0,0.2,0.02,0.0,44,kink,44,5.27158686751969,-0.6431997235727284,0.05389145726543962,-21.493252767741165,17.409309026929016,0.9714520602976822,5.2768509778838375,-0.6358269023347614,0.06205976654717922,0.03
1.0,0.2,0.02,0.0,44,shrink,44,5.276097217410308,-0.6468284839380911,0.044162213137661145,-17.668636773392393,17.409309026929016,-0.49087262264406295,5.290382027555688,-0.6467131834308497,0.0328720341638438,0.02
1.0,0.2,0.02,0.0,44,current,45,5.252629467484627,-0.6493426535482487,0.06043061507662717,-21.365721143019638,12.575934989064315,0.6318173886385969,5.236183947530368,-0.64930702570927,0.06714425537044119,0.03
1.0,0.2,0.02,0.0,44,kink,45,5.251645368226767,-0.6475415134002395,0.069433391546453,-18.686238183357503,12.575934989064315,-0.7004324108510382,5.233231649756791,-0.6439036052652419,0.09415258477991872,0.03
1.0,0.2,0.02,0.0,44,shrink,45,5.263242880357653,-0.6453550348065491,0.05693782934940489,-18.09990564467475,12.575934989064315,-0.5832635934512562,5.26802418614945,-0.6373441694841713,0.056665898188774357,0.02
1.0,0.2,0.02,0.0,44,current,46,5.258395463019923,-0.6228306755438006,0.04291754734106845,-18.18958400357784,15.19758839172303,1.2549278298169182,5.268168425302993,-0.6193857022459657,0.052193834688501146,0.03
1.0,0.2,0.02,0.0,44,kink,46,5.253961850035409,-0.6237208323389354,0.03752654945887038,-15.92511195685071,15.19758839172303,-2.5342947213550313,5.25486758634945,-0.6220561726313701,0.036020841041906906,0.03
1.0,0.2,0.02,0.0,44,shrink,46,5.252911544481505,-0.6302554711397353,0.04318207064359877,-15.454191603295495,15.19758839172303,0.9586654208927603,5.251716669687739,-0.6416600890337698,0.05298740459609208,0.02
1.0,0.2,0.02,0.0,44,current,47,5.260615274788631,-0.6396170641078905,0.0538405543309356,-20.333930140407155,15.171450122709333,0.368841879655585,5.2541592547232225,-0.6411948674227498,0.053098893139180314,0.03
1.0,0.2,0.02,0.0,44,kink,47,5.258803710771708,-0.6386640947027162,0.04866393272906989,-20.782771468526803,15.171450122709333,0.6382408028122235,5.248724562672455,-0.6383359592072265,0.03756902833358321,0.03
1.0,0.2,0.02,0.0,44,shrink,47,5.2624054994867215,-0.6443313771029681,0.05462926325423273,-20.278086569256917,15.171450122709333,-2.9753710212422084,5.259529928817495,-0.6553378064079821,0.05546501990907173,0.02
1.0,0.2,0.02,0.0,44,current,48,5.247343229108084,-0.6370813173022496,0.05260884776730642,-17.043329938342872,17.496441863094745,-1.5199701161538433,5.252379804636722,-0.6345520327158317,0.04483732787047357,0.03
1.0,0.2,0.02,0.0,44,kink,48,5.25177787056005,-0.6339334154624027,0.05472667231735511,-19.816964659283418,17.496441863094745,-1.3725303522870562,5.265683728992619,-0.6251083271962911,0.05119080152061964,0.03
1.0,0.2,0.02,0.0,44,shrink,48,5.250310003053737,-0.6378751006578715,0.058700287636127446,-19.97956791309446,17.496441863094745,-0.7767424815306394,5.261280126473679,-0.6369333827826971,0.06311164747693665,0.02
1.0,0.2,0.02,0.0,44,current,49,5.267223487553802,-0.6400394533009478,0.06102780989276676,-19.286555225813654,16.194245718030437,0.22458811775504817,5.264044172953178,-0.629180575910826,0.04082537545567743,0.03
1.0,0.2,0.02,0.0,44,kink,49,5.258050975941919,-0.647524742860349,0.06612893863417112,-16.11846405261364,16.194245718030437,-2.9713983620512585,5.236526638117529,-0.6516364445890295,0.05612876167989052,0.03
1.0,0.2,0.02,0.0,44,shrink,49,5.270916533720993,-0.6428397728463767,0.05758200873439536,-19.12513168342479,16.194245718030437,3.5356427390897256,5.275123311454755,-0.637581534547113,0.030487971980563237,0.02
1.0,0.2,0.02,0.01,36,current,0,1.3197250122625717,-0.2490309718171324,0.041129769074037544,-9.585852976371626,8.409653771844068,1.0045861413112438,1.3205985842020256,-0.24910933913752198,0.03459561059776365,0.03
1.0,0.2,0.02,0.01,36,kink,0,1.3168720974860493,-0.249492895244903,0.0429411103399314,-9.719849009701377,8.409653771844068,0.9011215338904814,1.3120398398724578,-0.2504951094208338,0.04002963439544522,0.03
1.0,0.2,0.02,0.01,36,shrink,0,1.3181191676281685,-0.24839272976175467,0.0454073131024025,-9.378913666462799,8.409653771844068,0.6319702392311993,1.3157810502988163,-0.24719461297138876,0.0474282426828585,0.02
1.0,0.2,0.02,0.01,36,current,1,1.3181015628544241,-0.2471235514924962,0.03910817922072057,-9.118418247228762,9.260712467236152,1.5468025078734708,1.3116231882405387,-0.2468345814088108,0.038648379565534074,0.03
1.0,0.2,0.02,0.01,36,kink,1,1.3193835865125818,-0.24953216311345147,0.039754744371149155,-10.7568073675717,9.260712467236152,0.8431382599554896,1.3154692592150117,-0.2540604162716765,0.040588075016819825,0.03
1.0,0.2,0.02,0.01,36,shrink,1,1.3182053302727077,-0.24728528479999948,0.03720472906485326,-10.631352804580029,9.260712467236152,0.6311814780306773,1.3119344904953896,-0.2473197813313206,0.03293802909793215,0.02
1.0,0.2,0.02,0.01,36,current,2,1.3146578972283256,-0.2500343461664178,0.041377914150990174,-9.791562783585702,8.904366939468224,1.1291977570967104,1.3182427218718635,-0.25188496861034,0.04424215749458268,0.03
1.0,0.2,0.02,0.01,36,kink,2,1.31603673334785,-0.2509741603108128,0.039464076938622035,-10.103603609895472,8.904366939468224,1.3924743361919887,1.3223792302304365,-0.25470441104352504,0.03850064585747827,0.03
1.0,0.2,0.02,0.01,36,shrink,2,1.3133849640038733,-0.24792726111199034,0.039714454826264727,-10.961533132292388,8.904366939468224,1.3130286919168461,1.3144239221985063,-0.2455637134470576,0.03925177952040632,0.02
1.0,0.2,0.02,0.01,36,current,3,1.318640907312081,-0.24940038252886695,0.03373801639738728,-9.48295397224636,9.206300185472893,0.26274590222445093,1.3200211749524078,-0.25274751581003685,0.03895510974664555,0.03
1.0,0.2,0.02,0.01,36,kink,3,1.3181810043002427,-0.24709231441944587,0.03494259299939223,-9.729439021576937,9.206300185472893,0.4807331457423689,1.3186414659168924,-0.24582331148177358,0.04256883955266039,0.03
1.0,0.2,0.02,0.01,36,shrink,3,1.3200979342826855,-0.24896780746992017,0.03350622028853551,-10.968120974153598,9.206300185472893,1.9511420536422563,1.3243922558642214,-0.2514497906331965,0.03825972142009024,0.02
1.0,0.2,0.02,0.01,36,current,4,1.3165444965990833,-0.25036795806713746,0.0370274761388815,-10.222857172321081,8.610002515460858,1.4150420921793498,1.3173040352202094,-0.2488183180313538,0.03383240745656487,0.03
1.0,0.2,0.02,0.01,36,kink,4,1.311773292722534,-0.24769793248179273,0.03516731084518701,-9.5651286493361,8.610002515460858,1.4738281041082566,1.3029904235905616,-0.24080824127531955,0.02825191157548141,0.03
1.0,0.2,0.02,0.01,36,shrink,4,1.3143915124310082,-0.2502195985996622,0.04009612955019402,-11.340677530553426,8.610002515460858,0.6165863202949563,1.3108450827159832,-0.24837323962892802,0.04303836769050241,0.02
1.0,0.2,0.02,0.01,36,current,5,1.318020176688929,-0.251658641286892,0.03873315969071522,-10.03457151134944,9.17457640924208,0.7999810537056581,1.318591368776897,-0.2501590439126506,0.04322959672261146,0.03
1.0,0.2,0.02,0.01,36,kink,5,1.3173604098664777,-0.24958759468877148,0.03660983251490605,-9.456654446216907,9.17457640924208,1.4988721087874655,1.3166120683095435,-0.243945904118289,0.03685961519518399,0.03
1.0,0.2,0.02,0.01,36,shrink,5,1.3171428311060025,-0.2516846402645774,0.03760786958862678,-9.688632799039347,9.17457640924208,1.3314098069848403,1.3159593320281178,-0.25023704084570675,0.039853726416346186,0.02
1.0,0.2,0.02,0.01,36,current,6,1.318657695196712,-0.25065839914772736,0.03567367854136717,-10.82700630512107,7.882286962452899,0.8318767464728851,1.3145713929132319,-0.24696538020886802,0.04226714674544155,0.03
1.0,0.2,0.02,0.01,36,kink,6,1.31896709227136,-0.24844580756875045,0.03375625646257929,-11.942559100397258,7.882286962452899,1.7425364695842207,1.3154995841371755,-0.2403276054719373,0.03651488050907792,0.03
1.0,0.2,0.02,0.01,36,shrink,6,1.3193142195698486,-0.2512381058184378,0.03426199443326271,-7.454542008010826,7.882286962452899,0.5269527582265314,1.3165409660326413,-0.24870450022099921,0.038032094421128156,0.02
1.0,0.2,0.02,0.01,36,current,7,1.3165059656631228,-0.24712561303427272,0.038630989930511554,-9.769528627988537,9.94475150192245,1.164972085255903,1.3100092057241093,-0.24676363992269493,0.03662365872570378,0.03
1.0,0.2,0.02,0.01,36,kink,7,1.315752821205252,-0.24785955064362875,0.03847329613505081,-9.998281141891844,9.94475150192245,0.5569245781994734,1.3077497723504972,-0.248965452750763,0.03615057733932154,0.03
1.0,0.2,0.02,0.01,36,shrink,7,1.314697852917024,-0.24768705186485898,0.04480878268374907,-9.008220954774023,9.94475150192245,1.2190592037013088,1.3045848674858123,-0.2484479564144537,0.0551570369854163,0.02
1.0,0.2,0.02,0.01,36,current,8,1.3190856997348746,-0.2534271034640975,0.038306006903577876,-10.446473767598885,8.883238264930528,1.4599600251688811,1.3207868786246482,-0.2525671826369212,0.039264744711243624,0.03
1.0,0.2,0.02,0.01,36,kink,8,1.315251288537848,-0.253783676149084,0.038467093087516904,-10.297067329931533,8.883238264930528,1.364814573529924,1.3092836450335683,-0.2536369006918806,0.0397480032630607,0.03
1.0,0.2,0.02,0.01,36,shrink,8,1.316599990200049,-0.2517992063109748,0.041515816836843696,-9.924186714339815,8.883238264930528,2.713283715921806,1.3133297500201713,-0.2476834911775531,0.04889417451104109,0.02
1.0,0.2,0.02,0.01,36,current,9,1.3168425170416467,-0.2508678693396112,0.044916151300872974,-10.146744470616262,9.05969420605565,1.655663076130153,1.3143159706968053,-0.24826722522525044,0.04058673074516799,0.03
1.0,0.2,0.02,0.01,36,kink,9,1.3197109240201184,-0.2505366817715848,0.04248751854836467,-10.098341042533043,9.05969420605565,1.4183572538719178,1.3229211916322203,-0.2472736625211712,0.033300832487643116,0.03
1.0,0.2,0.02,0.01,36,shrink,9,1.3185335005993835,-0.2496362155943407,0.045051220361130774,-10.62457286609963,9.05969420605565,0.8591871551689102,1.3193889213700158,-0.2445722639894391,0.0409919379259414,0.02
1.0,0.2,0.02,0.01,36,current,10,1.3184838531822423,-0.2459162478312442,0.03465381587098401,-10.563467388505597,8.169045070701126,0.9409038245468319,1.3225374584405252,-0.24786223803353094,0.029145925042154693,0.03
1.0,0.2,0.02,0.01,36,kink,10,1.3149374922352288,-0.24374203155947516,0.03843436689842252,-10.385372833345592,8.169045070701126,0.6044572246393811,1.311898375599485,-0.24133958921822385,0.04048757812447024,0.03
1.0,0.2,0.02,0.01,36,shrink,10,1.317779979223373,-0.24595381286812992,0.034945179457228186,-9.786158032011713,8.169045070701126,1.4357042464262328,1.320425836563918,-0.24797493314418823,0.030020015800887225,0.02
1.0,0.2,0.02,0.01,36,current,11,1.3142910526324967,-0.24435712868084106,0.039234566267576404,-10.70372604660552,8.442081099818047,1.1516515556088538,1.31025012734509,-0.24535424480557572,0.037212505986247875,0.03
1.0,0.2,0.02,0.01,36,kink,11,1.3150265579869844,-0.2427058060806383,0.03835431198408067,-10.509605967498702,8.442081099818047,1.1003146770237562,1.3124566434085532,-0.24040027700496733,0.03457174313576067,0.03
1.0,0.2,0.02,0.01,36,shrink,11,1.316239765095028,-0.24511642217854987,0.040401329689241254,-10.657256586550496,8.442081099818047,1.2316623038031718,1.3160962647326835,-0.24763212529870204,0.040712796251242404,0.02
1.0,0.2,0.02,0.01,36,current,12,1.3144452590757094,-0.24852318855696875,0.04459264259074323,-10.101879445096817,8.97726589882478,1.589390761654397,1.3143820179822465,-0.24112146655136443,0.03954191414779814,0.03
1.0,0.2,0.02,0.01,36,kink,12,1.3149218569424443,-0.24935214310450926,0.04498590482312345,-10.12754721371521,8.97726589882478,1.304741825198854,1.3158118115824518,-0.24360833019398598,0.04072170084493882,0.03
1.0,0.2,0.02,0.01,36,shrink,12,1.312434631755769,-0.2490510894260488,0.04476545507456737,-10.126549181017225,8.97726589882478,0.5503140193412004,1.3083501360224252,-0.24270516915860457,0.04006035159927058,0.02
1.0,0.2,0.02,0.01,36,current,13,1.317669337601642,-0.2495815924600561,0.04430707120194963,-9.874544926345516,8.650992628728552,1.0249552494112075,1.3067243864551743,-0.2500216374992195,0.04502531037822641,0.03
1.0,0.2,0.02,0.01,36,kink,13,1.3218339260138874,-0.25236850772208913,0.046430920903747286,-10.23147502341782,8.650992628728552,1.3044658536315592,1.3192181516919106,-0.2583823832853185,0.051396859483619384,0.03
1.0,0.2,0.02,0.01,36,shrink,13,1.3175426524034073,-0.24829627049865907,0.044331751331322944,-9.621895672481886,8.650992628728552,0.6833203901288084,1.30634433086047,-0.24616567161502834,0.04509935076634636,0.02
1.0,0.2,0.02,0.01,36,current,14,1.3155145389246534,-0.24639816730868977,0.04117094540656168,-10.407154401858472,9.357374191121107,1.6202262482030219,1.311533325517323,-0.2494263892503983,0.04406108619897757,0.03
1.0,0.2,0.02,0.01,36,kink,14,1.3137421424576698,-0.24455230709749867,0.03952492948744205,-9.857738920038557,9.357374191121107,1.3480667682323872,1.3062161361163722,-0.24388880861682505,0.039123038441618706,0.03
1.0,0.2,0.02,0.01,36,shrink,14,1.3200432258289247,-0.24814119770622578,0.03848785421399348,-8.301772934660855,9.357374191121107,0.6508436538260619,1.3251193862301371,-0.25465548044300634,0.036011812621272975,0.02
1.0,0.2,0.02,0.01,36,current,15,1.3097466116470962,-0.2470107066642905,0.036421365463975584,-10.502382169676626,9.875643702755118,1.2879649392404124,1.3145490104227362,-0.24354401194953748,0.0320366255354842,0.03
1.0,0.2,0.02,0.01,36,kink,15,1.312508482733227,-0.24986110419294238,0.037443558007644824,-9.357295899911493,9.875643702755118,1.6683908931688858,1.3228346236811286,-0.2520952045354932,0.035103203166491924,0.03
1.0,0.2,0.02,0.01,36,shrink,15,1.3094890071023804,-0.24696899251852442,0.03697478747622479,-9.517771814853868,9.875643702755118,1.1710017661871004,1.3137761967885893,-0.24341886951223926,0.03369689157223182,0.02
1.0,0.2,0.02,0.01,36,current,16,1.3139041819188333,-0.2516301564652376,0.043369369951983684,-11.00554247264582,8.814073080598302,0.9602024970629899,1.3050249892296457,-0.25172249048229367,0.04557897021055953,0.03
1.0,0.2,0.02,0.01,36,kink,16,1.315174998240342,-0.251546293282728,0.039652833702788604,-9.281951544644437,8.814073080598302,1.1136074888927545,1.3088374381941716,-0.2514709009347648,0.03442936146297427,0.03
1.0,0.2,0.02,0.01,36,shrink,16,1.3180692397505729,-0.25087334652903853,0.03906290628306077,-9.943596153492752,8.814073080598302,0.8814053924697486,1.317520162724865,-0.24945206067369644,0.03265957920379078,0.02
1.0,0.2,0.02,0.01,36,current,17,1.3180832637634128,-0.24862823962062097,0.03717620393302722,-9.076317136815259,8.591074788075145,1.4432132715249244,1.3160943457614287,-0.2441471959857315,0.04208683800304945,0.03
1.0,0.2,0.02,0.01,36,kink,17,1.3171694483330205,-0.2468308276104397,0.03684428282245737,-9.664169218116236,8.591074788075145,0.8846252813974869,1.3133528994702521,-0.23875495995518775,0.041091074671339885,0.03
1.0,0.2,0.02,0.01,36,shrink,17,1.3198846574941714,-0.2516443083679715,0.03510277756291348,-10.697894354985515,8.591074788075145,1.066128129848698,1.3214985269537043,-0.2531954022277831,0.03586655889270822,0.02
1.0,0.2,0.02,0.01,36,current,18,1.3150826902783381,-0.249213537570134,0.04370835829033526,-10.225766795866814,9.615798494371475,1.1260716232864119,1.312593810500623,-0.2532048064357291,0.04284361531270864,0.03
1.0,0.2,0.02,0.01,36,kink,18,1.3186821780073987,-0.24954826008983355,0.04163491225395378,-10.575329600434603,9.615798494371475,1.8915524340847496,1.3233922736878043,-0.25420897399482767,0.03662327720356422,0.03
1.0,0.2,0.02,0.01,36,shrink,18,1.3166365127547455,-0.24839867236644167,0.04224467243979787,-10.026989562146971,9.615798494371475,1.8449602099322586,1.3172552779298452,-0.2507602108246521,0.03845255776109649,0.02
1.0,0.2,0.02,0.01,36,current,19,1.3198299167557161,-0.25063201857159806,0.04348352344570914,-10.370028775793683,8.154053771469448,1.4925613552245995,1.3144592418024323,-0.25204930652857177,0.04227200052329625,0.03
1.0,0.2,0.02,0.01,36,kink,19,1.3227535543819915,-0.25092125276101235,0.04201158598460408,-10.021989153541808,8.154053771469448,1.3165125366266355,1.3232301546812584,-0.25291700909681464,0.037856188139981053,0.03
1.0,0.2,0.02,0.01,36,shrink,19,1.322551782805978,-0.25069987716229897,0.04320271697263073,-9.451606343320638,8.154053771469448,1.35570655520692,1.3226248399532181,-0.2522528823006744,0.04142958110406099,0.02
1.0,0.2,0.02,0.01,36,current,20,1.312070517875314,-0.2502113055991584,0.04162106718817254,-10.163183601330152,10.147358564398452,1.5425608787834013,1.3237310160731774,-0.2515319826914506,0.036972536833146184,0.03
1.0,0.2,0.02,0.01,36,kink,20,1.3116592451755147,-0.24741649524457646,0.041013914922811194,-10.6061815575117,10.147358564398452,0.45725978961913394,1.3224971979737796,-0.2431475516277049,0.035151080037062146,0.03
1.0,0.2,0.02,0.01,36,shrink,20,1.3111809718282095,-0.2480675493673786,0.03880788587283324,-10.158232999179027,10.147358564398452,1.8420873853662443,1.321062377931864,-0.24510071399611127,0.028532992887128284,0.02
1.0,0.2,0.02,0.01,36,current,21,1.3156959026433854,-0.24936534922628897,0.039351446994144355,-9.952947822425156,9.163898894028348,0.9566569299932858,1.3177439941888547,-0.2514720370402683,0.04386924182396895,0.03
1.0,0.2,0.02,0.01,36,kink,21,1.313836565257226,-0.24862265211676346,0.03826231679917282,-10.716008103035964,9.163898894028348,0.94395428302539,1.3121659820303762,-0.24924394571169178,0.04060185123905437,0.03
1.0,0.2,0.02,0.01,36,shrink,21,1.3147966649195408,-0.2499046446633122,0.03780579658477972,-9.215220033803185,9.163898894028348,1.1992154461814808,1.3150462810173211,-0.253089923351338,0.03923229059587507,0.02
1.0,0.2,0.02,0.01,36,current,22,1.3170948328186174,-0.24813181001733364,0.03815256360368848,-10.1298248713139,8.598695117803274,1.6196985684285887,1.3167650102874517,-0.24743683833274055,0.040001894358476876,0.03
1.0,0.2,0.02,0.01,36,kink,22,1.3149539517612727,-0.24954935275150478,0.038540500697197944,-9.433685830923384,8.598695117803274,0.5729831218314094,1.310342367115418,-0.25168946653525387,0.04116570563900526,0.03
1.0,0.2,0.02,0.01,36,shrink,22,1.3161975211255572,-0.2507283379831594,0.03900741307511448,-9.276331126715506,8.598695117803274,0.6421709094920747,1.3140730752082717,-0.2552264222302178,0.04256644277275488,0.02
1.0,0.2,0.02,0.01,36,current,23,1.3092279368418789,-0.24919208347847324,0.03817335650293268,-9.717447401998639,9.749218985368506,0.7120610357962394,1.3060537681903854,-0.2489107095399678,0.04324513718034769,0.03
1.0,0.2,0.02,0.01,36,kink,23,1.3112547656879168,-0.24782293219070076,0.03476049068269659,-9.710940423345216,9.749218985368506,0.2975742310527354,1.312134254728499,-0.24480325567665034,0.03300653971963945,0.03
1.0,0.2,0.02,0.01,36,shrink,23,1.3104325044132172,-0.2516650693753994,0.039156932128370334,-10.203490854862647,9.749218985368506,1.9286766997498686,1.3096674709044005,-0.256329667230746,0.046195864056660665,0.02
1.0,0.2,0.02,0.01,36,current,24,1.3101772055110412,-0.24570292498226073,0.039747512297549636,-10.031970078297604,8.977945676571744,0.9777886201806203,1.3172566755194182,-0.2483463733942559,0.035087113490652536,0.03
1.0,0.2,0.02,0.01,36,kink,24,1.3075970096242058,-0.24568597888334262,0.04113480230166666,-10.872673144016641,8.977945676571744,0.7303591010279531,1.3095160878589123,-0.24829553509750163,0.0392489835030036,0.03
1.0,0.2,0.02,0.01,36,shrink,24,1.3125101772380734,-0.2476144806191193,0.04082502140953622,-10.371075065566899,8.977945676571744,1.0486590129119884,1.324255590700515,-0.25408104030483175,0.03831964082661227,0.02
1.0,0.2,0.02,0.01,36,current,25,1.314687137313603,-0.24887585509797042,0.04346479577149793,-9.709776134319124,8.609224763121105,0.3646231087982905,1.3082178474633055,-0.25058550243890493,0.047865186344646767,0.03
1.0,0.2,0.02,0.01,36,kink,25,1.3127876333029425,-0.24843804537661837,0.0428723756464908,-10.143505497443932,8.609224763121105,1.5097298378032176,1.3025193354313236,-0.24927207327484868,0.04608792596962541,0.03
1.0,0.2,0.02,0.01,36,shrink,25,1.315217668323382,-0.24823646202431646,0.039053424557967904,-10.95315756008805,8.609224763121105,0.7745760936164284,1.3098094404926424,-0.24866732321794296,0.0346310727040567,0.02
1.0,0.2,0.02,0.01,36,current,26,1.316150571979702,-0.2479176320156634,0.039382929475247526,-10.752073464839322,9.188579856975256,1.4822808942403405,1.3156324187320347,-0.24195507719874795,0.031716537924771936,0.03
1.0,0.2,0.02,0.01,36,kink,26,1.3161346678432901,-0.25236603244721145,0.04563083256488881,-10.800182339704033,9.188579856975256,0.9119990409291374,1.3155847063228001,-0.25530027849339204,0.050460247193695774,0.03
1.0,0.2,0.02,0.01,36,shrink,26,1.3133018867357371,-0.24824801835395482,0.03902134047985841,-10.717582931945799,9.188579856975256,1.5644289393797153,1.3070863630001406,-0.2429462362136223,0.030631770938604575,0.02
1.0,0.2,0.02,0.01,36,current,27,1.3165390152149163,-0.25026880000926505,0.04151687152568189,-10.73307024451957,8.697005290298675,1.4124752902589208,1.3181460447793019,-0.24816558045124543,0.04538423303109393,0.03
1.0,0.2,0.02,0.01,36,kink,27,1.3124626732851328,-0.25087484798590004,0.04171045660096654,-9.74325321702412,8.697005290298675,1.3717488846767254,1.3059170189899505,-0.2499837243811503,0.045964988256947885,0.03
1.0,0.2,0.02,0.01,36,shrink,27,1.3160832338680957,-0.25026717657551995,0.040887197255849106,-8.830546753483343,8.697005290298675,0.03967349117689167,1.3167787007388396,-0.24816071015001012,0.04349521022159557,0.02
1.0,0.2,0.02,0.01,36,current,28,1.309817365177474,-0.24820905335189355,0.043815670681235465,-10.558426464182286,9.473484986440052,1.3359373805612689,1.315224989727132,-0.24864675295352054,0.0478800102979758,0.03
1.0,0.2,0.02,0.01,36,kink,28,1.3130792502357707,-0.24921421694215148,0.039989504833457847,-9.806288161021754,9.473484986440052,1.237799290983749,1.3250106449020216,-0.2516622437242943,0.03640151275464293,0.03
1.0,0.2,0.02,0.01,36,shrink,28,1.3118172214579154,-0.24632489088652343,0.03997790435978304,-9.684451859449677,9.473484986440052,1.3737659234124382,1.3212245585684559,-0.24299426555741027,0.03636671133361853,0.02
1.0,0.2,0.02,0.01,36,current,29,1.3201870360785246,-0.2548749342473,0.04077172358374508,-9.534624572574197,8.867205999855686,0.7958372714000292,1.3263134736529112,-0.2564369168793313,0.04227175164125225,0.03
1.0,0.2,0.02,0.01,36,kink,29,1.3160844834090726,-0.2523929630389732,0.039223897866465594,-10.534646071446279,8.867205999855686,1.6213378573766077,1.3140058156445553,-0.2489910032543508,0.03762827448941378,0.03
1.0,0.2,0.02,0.01,36,shrink,29,1.315558500099317,-0.2518925879085445,0.040195361667119074,-9.98445534591959,8.867205999855686,0.609133052582092,1.3124278657152892,-0.2474898778630649,0.0405426658913742,0.02
1.0,0.2,0.02,0.01,36,current,30,1.3154324162559299,-0.24689895138974274,0.042937851461152886,-9.797124175183276,8.85901222531798,0.6724637195084704,1.3137835844589345,-0.24760576067064946,0.04324363944949147,0.03
1.0,0.2,0.02,0.01,36,kink,30,1.3173481721741869,-0.24826206816197985,0.04182006017913884,-10.352135829204704,8.85901222531798,1.5676789396852866,1.3195308522137055,-0.25169511098736075,0.03989026560344936,0.03
1.0,0.2,0.02,0.01,36,shrink,30,1.3184281003634106,-0.24879878282086068,0.04050283361410703,-8.417536900875362,8.85901222531798,1.4229183744805178,1.3227706367813763,-0.25330525496400325,0.03593858590835391,0.02
1.0,0.2,0.02,0.01,36,current,31,1.3168577936109254,-0.24977536206316878,0.03735309769348038,-10.459222369384548,9.185168140387896,1.3473041783020698,1.3107556523716077,-0.2465913993228768,0.04688227331782678,0.03
1.0,0.2,0.02,0.01,36,kink,31,1.3151246936118735,-0.2514839723692097,0.03906806939107736,-10.12277312511863,9.185168140387896,1.9108663102675056,1.305556352374452,-0.25171723024099957,0.05202718841061772,0.03
1.0,0.2,0.02,0.01,36,shrink,31,1.318018636214844,-0.2506759966677525,0.03689312818824925,-9.752235567212617,9.185168140387896,2.087845836802042,1.3142381801833638,-0.2492933031366279,0.045502364802133384,0.02
1.0,0.2,0.02,0.01,36,current,32,1.3196744015614623,-0.24329753811021404,0.03705933795752945,-9.658476491575849,9.094707847785166,0.6079400097860495,1.3213673848807086,-0.23902236827426288,0.02865661649432589,0.03
1.0,0.2,0.02,0.01,36,kink,32,1.3203610157960222,-0.24716537047065232,0.039486345598972086,-9.099134645483153,9.094707847785166,1.6149772161352112,1.3234272275843881,-0.2506258653555776,0.0359376394186538,0.03
1.0,0.2,0.02,0.01,36,shrink,32,1.3203931336631713,-0.24456148520002133,0.03933165150176176,-9.324451992851765,9.094707847785166,1.1445427373112005,1.3235235811858355,-0.2428142095436848,0.035473557127022805,0.02
1.0,0.2,0.02,0.01,36,current,33,1.3182739527755543,-0.25247652614736965,0.037377810809710955,-10.174295646045273,9.087882423647315,1.4441734200496996,1.3232025094131892,-0.25021557055434346,0.03094320679247903,0.03
1.0,0.2,0.02,0.01,36,kink,33,1.313299892282435,-0.2508944732583461,0.04025825670063716,-9.332749098612796,9.087882423647315,0.9410924905349536,1.3082803279338313,-0.24546941188727267,0.03958454446525765,0.03
1.0,0.2,0.02,0.01,36,shrink,33,1.3149977787040366,-0.24924558741146874,0.03762907844359569,-9.354619717925903,9.087882423647315,0.6749847838908056,1.313373987198636,-0.24052275434664072,0.03169700969413325,0.02
1.0,0.2,0.02,0.01,36,current,34,1.3146810546550025,-0.24976325682134773,0.04232679318838182,-10.116119141259297,8.854691941049126,1.0968845967395777,1.3176375724765708,-0.24924541258978186,0.0337328020344805,0.03
1.0,0.2,0.02,0.01,36,kink,34,1.3141736458536126,-0.2494092343878104,0.04513659367945196,-9.664539623829668,8.854691941049126,1.5887835325473998,1.3161153460724009,-0.2481833452891699,0.04216220350769091,0.03
1.0,0.2,0.02,0.01,36,shrink,34,1.3152683028200192,-0.250510748488212,0.04346574357111466,-10.762158038389428,8.854691941049126,2.0275513462064616,1.319399316971621,-0.25148788759037455,0.037149653182679016,0.02
1.0,0.2,0.02,0.01,36,current,35,1.3151848486011148,-0.24735081262309092,0.03681386440875275,-9.919828079148425,8.372787515208204,1.4686742521013247,1.3125664671064412,-0.2514471264814491,0.03230726336550656,0.03
1.0,0.2,0.02,0.01,36,kink,35,1.3186590620643976,-0.24562331426087003,0.03880736719791586,-9.562021277960131,8.372787515208204,0.6355701182549554,1.3229891074962898,-0.2462646313947864,0.0382877717329959,0.03
1.0,0.2,0.02,0.01,36,shrink,35,1.3172381459353462,-0.2475935694859042,0.040188245274722756,-9.737494743627373,8.372787515208204,0.9961861459739185,1.3187263591091354,-0.2521753970698889,0.0424304059634166,0.02
1.0,0.2,0.02,0.01,36,current,36,1.3149632298655132,-0.24668295897261908,0.035075840770366164,-10.567284047188243,8.69423178660354,0.6706827239458119,1.3157606637796015,-0.24908630930153283,0.035658846588510436,0.03
1.0,0.2,0.02,0.01,36,kink,36,1.3177403250260706,-0.24426548386848154,0.036701395477637684,-11.043279231852408,8.69423178660354,0.2558450193493156,1.3240919492612742,-0.24183388398912004,0.04053551071032498,0.03
1.0,0.2,0.02,0.01,36,shrink,36,1.3175127095407333,-0.24626327701613038,0.03178179695204073,-8.581373402124512,8.69423178660354,0.8262399815191213,1.3234091028052617,-0.2478272634320666,0.025776715133534134,0.02
1.0,0.2,0.02,0.01,36,current,37,1.3164188478444026,-0.24694317434280397,0.040135097848027025,-9.577972974495509,8.932742042737598,1.1818294343508182,1.321101835180409,-0.2473420531754556,0.03914733069906781,0.03
1.0,0.2,0.02,0.01,36,kink,37,1.3144682954334033,-0.247569949330561,0.037293369605542304,-9.990613338157269,8.932742042737598,1.232462958631307,1.3152501779474106,-0.24922237813872672,0.03062214597161363,0.03
1.0,0.2,0.02,0.01,36,shrink,37,1.3137759600691956,-0.24536687947480382,0.03984838972585719,-9.787455749034704,8.932742042737598,1.0584092740806137,1.3131731718547877,-0.24261316857145515,0.03828720633255831,0.02
1.0,0.2,0.02,0.01,36,current,38,1.3154309203769843,-0.24833253834078226,0.03837767257229329,-10.11509067166994,10.574778935692608,1.4400283290039546,1.320484604327726,-0.2504691333960977,0.036534602594114826,0.03
1.0,0.2,0.02,0.01,36,kink,38,1.3121091625483288,-0.24731524566730312,0.040020882652213076,-10.038564019375915,10.574778935692608,0.7169617398028694,1.3105193308417593,-0.2474172553756604,0.04146423283387421,0.03
1.0,0.2,0.02,0.01,36,shrink,38,1.3151101240061296,-0.24871937232252375,0.04316698546622971,-11.539167381224047,10.574778935692608,1.4153604349865119,1.3195222152151627,-0.2516296353413223,0.0509025412759241,0.02
1.0,0.2,0.02,0.01,36,current,39,1.3132089599539416,-0.25197360521076656,0.043660098702322625,-10.555240355465077,8.502087687063202,1.46187033327146,1.3152225017802814,-0.24725146885036692,0.04151386452787696,0.03
1.0,0.2,0.02,0.01,36,kink,39,1.3146238567448825,-0.24955021071475172,0.040108940422445984,-9.568139738956035,8.502087687063202,1.6886505454100336,1.3194671921531047,-0.23998128536232244,0.030860389688247027,0.03
1.0,0.2,0.02,0.01,36,shrink,39,1.3124199189595203,-0.2524118058408784,0.04253835925006897,-10.776584503428285,8.502087687063202,1.517304525756548,1.3128553787970179,-0.24856607074070247,0.038148646171116,0.02
1.0,0.2,0.02,0.01,36,current,40,1.3159045797871862,-0.2504137230280365,0.04200215965460682,-10.167155860945432,9.657624089121807,1.2991519423414306,1.3200359851984842,-0.24782569864231957,0.04839960447606595,0.03
1.0,0.2,0.02,0.01,36,kink,40,1.317438272887584,-0.25151381972820486,0.03880363112916633,-10.14134632907815,9.657624089121807,1.2757675788394969,1.3246370644996774,-0.2511259887428246,0.038804018899744476,0.03
1.0,0.2,0.02,0.01,36,shrink,40,1.3153654637726777,-0.25042315566758605,0.037806083554782044,-10.220223172854485,9.657624089121807,1.6143313680744729,1.318418637154958,-0.24785399656096835,0.03581137617659163,0.02
1.0,0.2,0.02,0.01,36,current,41,1.3158111194631457,-0.24475115519679416,0.039504254483051594,-10.30653015478313,9.07217906291788,1.9340617299559812,1.3130942756585857,-0.24122384226958735,0.04073508066501559,0.03
1.0,0.2,0.02,0.01,36,kink,41,1.317525144034277,-0.2484580788668854,0.0363263118054144,-10.076746634834823,9.07217906291788,1.6906650118363136,1.318236349371979,-0.25234461327986096,0.031201252632104014,0.03
1.0,0.2,0.02,0.01,36,shrink,41,1.317389526140446,-0.247405111697479,0.03716085107647723,-10.17919019756233,9.07217906291788,1.430266029588041,1.3178294956904866,-0.24918571177164184,0.03370487044529248,0.02
1.0,0.2,0.02,0.01,36,current,42,1.317564830572673,-0.2504055680758099,0.04133563713084792,-10.473963706293194,8.514510347810807,1.0266701366934061,1.31912492119276,-0.2519577554699081,0.04268925297742794,0.03
1.0,0.2,0.02,0.01,36,kink,42,1.3157943192008295,-0.2506007240063984,0.040391140161594605,-11.027115317713292,8.514510347810807,1.7226038758209807,1.3138133870772295,-0.2525432232616736,0.03985576206966801,0.03
1.0,0.2,0.02,0.01,36,shrink,42,1.3165025653447953,-0.25040477186064375,0.04179542761744853,-10.311099644568236,8.514510347810807,1.178006809110355,1.3159381255091265,-0.2519553668244098,0.04406862443722981,0.02
1.0,0.2,0.02,0.01,36,current,43,1.3205830964499305,-0.2507170456285742,0.040465777218633765,-10.711937505036847,9.272240530653828,1.7008755892947964,1.3174905330623494,-0.2476785024548104,0.04091793689790899,0.03
1.0,0.2,0.02,0.01,36,kink,43,1.3183185739809766,-0.2507307019544118,0.04194240671403076,-10.965927138877994,9.272240530653828,1.1220217795334082,1.3106969656554879,-0.2477194714323232,0.045347825384099975,0.03
1.0,0.2,0.02,0.01,36,shrink,43,1.3202649792672108,-0.25007552737027045,0.041330522158829014,-10.411047192214092,9.272240530653828,1.388895663225995,1.3165361815141903,-0.24575394767989914,0.04351217171849474,0.02
1.0,0.2,0.02,0.01,36,current,44,1.3202894558416645,-0.25361588963551224,0.040187021553124855,-9.548015825768509,8.835225138338402,1.3093713043063426,1.3170775565969641,-0.2572668549998885,0.0410776505164341,0.03
1.0,0.2,0.02,0.01,36,kink,44,1.3215527232156337,-0.2513905736311325,0.04033970761405157,-9.851455146488778,8.835225138338402,1.1139768329730506,1.3208673587188717,-0.2505909069867492,0.04153570869921423,0.03
1.0,0.2,0.02,0.01,36,shrink,44,1.318503899853373,-0.2519403277967452,0.03694740197940436,-8.737568016794791,8.835225138338402,0.6031073830864045,1.3117208886320895,-0.2522401694835873,0.03135879179527262,0.02
1.0,0.2,0.02,0.01,36,current,45,1.314665281859351,-0.25356421583750555,0.040715496439359004,-10.380026359106026,8.92820855979889,1.7176002915750217,1.313209151836429,-0.2519286687893019,0.039900387943908475,0.03
1.0,0.2,0.02,0.01,36,kink,45,1.313935359629187,-0.25349822617030354,0.0431747088391064,-10.028225418512445,8.92820855979889,1.2159740633106186,1.311019385145937,-0.2517306997876959,0.04727802514315066,0.03
1.0,0.2,0.02,0.01,36,shrink,45,1.3140685932406944,-0.25509017522022676,0.04433034363836575,-10.173543476060372,8.92820855979889,0.7873338428348129,1.3114190859804593,-0.2565065469374655,0.05074492954092871,0.02
1.0,0.2,0.02,0.01,36,current,46,1.3165592955942638,-0.24888847792648572,0.039974837432026476,-9.914628875801768,9.305205748414789,0.17965622639729806,1.3205662464681407,-0.25205634498592844,0.04278387611153425,0.03
1.0,0.2,0.02,0.01,36,kink,46,1.3142824172440022,-0.24763780921793455,0.038109710903856515,-10.068433584246353,9.305205748414789,0.8773644218761751,1.3137356114173548,-0.24830433886027492,0.03718849652702438,0.03
1.0,0.2,0.02,0.01,36,shrink,46,1.3164379602185428,-0.2476330287315078,0.03979436206786613,-9.562644481196141,9.305205748414789,1.6221279541986038,1.3202022403409772,-0.24828999740099464,0.042242450019053225,0.02
1.0,0.2,0.02,0.01,36,current,47,1.3213637302556107,-0.2507815177265977,0.0398035644992426,-9.762218404636668,9.012277313039856,1.448965597999794,1.3216288226484223,-0.24969755742664368,0.04518185640901267,0.03
1.0,0.2,0.02,0.01,36,kink,47,1.3193480582848625,-0.25162646031818414,0.03978570333043329,-10.318772937082183,9.012277313039856,1.7606670466175385,1.3155818067361775,-0.25223238520140323,0.04512827290258475,0.03
1.0,0.2,0.02,0.01,36,shrink,47,1.318828644718124,-0.2508568824967332,0.040247031220385886,-9.861649650103809,9.012277313039856,1.5115879012459874,1.3140235660359625,-0.2499236517370503,0.04651225657244253,0.02
1.0,0.2,0.02,0.01,36,current,48,1.316072745202911,-0.24970743499557224,0.041004131516614174,-10.624846978290398,8.931535757490535,1.359731457237081,1.313765758155431,-0.24899517784680195,0.03928133845972257,0.03
1.0,0.2,0.02,0.01,36,kink,48,1.3158031992521797,-0.2529353374530061,0.04031712552611529,-10.195004660453225,8.931535757490535,1.4750453773707188,1.3129571203032364,-0.25867888521910354,0.037220320488225905,0.03
1.0,0.2,0.02,0.01,36,shrink,48,1.3135616932447247,-0.25038338275860444,0.043684332650272585,-10.41944335117423,8.931535757490535,0.8484772133374591,1.3062326022808715,-0.2510230211358987,0.04732194186069781,0.02
1.0,0.2,0.02,0.01,36,current,49,1.3118545452721937,-0.25204018893045393,0.045164389232407086,-10.011523865761951,9.534100555262318,0.42795655245444,1.3197301256177085,-0.26258151902861343,0.044384591192967955,0.03
1.0,0.2,0.02,0.01,36,kink,49,1.309573265371308,-0.24625210095600125,0.04198751783141106,-10.64623968617631,9.534100555262318,1.1838921345759923,1.3128862859150516,-0.2452172551052554,0.03485397698997991,0.03
1.0,0.2,0.02,0.01,36,shrink,49,1.3119690891593099,-0.24867628093007177,0.04276911604251199,-9.884803180452028,9.534100555262318,1.1957298939194225,1.320073757279057,-0.252489795027467,0.037198771623282695,0.02
1.0,0.2,0.02,0.01,40,current,0,2.9773973299486585,-0.4434652028821387,0.05295113455886578,-18.28271774635622,13.969910357166029,2.0888073599483468,2.9753721278231007,-0.44211681529322033,0.05774951128439918,0.03
1.0,0.2,0.02,0.01,40,kink,0,2.9783843758598807,-0.447152115162623,0.0448317404370274,-16.91767273186177,13.969910357166029,1.1236925084121907,2.9783332655567683,-0.45317755213467303,0.03339132891888406,0.03
1.0,0.2,0.02,0.01,40,shrink,0,2.983858939691759,-0.44415693032503034,0.05302877937104825,-15.687975054247056,13.969910357166029,1.7651824846011606,2.994756957052404,-0.44419199762189515,0.0579824457209466,0.02
1.0,0.2,0.02,0.01,40,current,1,2.978038771351656,-0.45345163419894624,0.050161924906974686,-16.21704889420997,15.352207798803038,-0.8599078725818117,2.9805715341804127,-0.46004521686043665,0.05980501099498189,0.03
1.0,0.2,0.02,0.01,40,kink,1,2.9798054615826093,-0.4492188448821978,0.045181206709905664,-19.321312859370423,15.352207798803038,1.4839964267735255,2.9858716048732727,-0.4473468489101912,0.0448628564037748,0.03
1.0,0.2,0.02,0.01,40,shrink,1,2.980992804142573,-0.4483265536055268,0.04382011698141972,-16.215986823190562,15.352207798803038,3.8448833587952524,2.989433632553164,-0.4446699750801783,0.040779587218317,0.02
1.0,0.2,0.02,0.01,40,current,2,2.973549967667625,-0.43554072521633724,0.051300498269687855,-17.969129548873727,13.644654897071781,1.52410355310083,2.96439158670355,-0.4335508068319025,0.05436248314015271,0.03
1.0,0.2,0.02,0.01,40,kink,2,2.974185399849578,-0.4320970581652574,0.05150746725864139,-16.278041693333247,13.644654897071781,0.4032093743842977,2.9662978832494105,-0.42321980567866285,0.05498339010701333,0.03
1.0,0.2,0.02,0.01,40,shrink,2,2.9767944376723285,-0.4351679552038836,0.04203276599955136,-16.02966317552788,13.644654897071781,1.0948723013107595,2.974124996717662,-0.43243249679454154,0.026559286329743224,0.02
1.0,0.2,0.02,0.01,40,current,3,2.9788522288470154,-0.4416652125047013,0.04261101172561962,-17.019264495841966,14.473952533373236,1.5656655914331394,2.9685318582391487,-0.4385820054886034,0.05092449829391674,0.03
1.0,0.2,0.02,0.01,40,kink,3,2.981333218144114,-0.4453094005729512,0.039457202590349474,-16.677650283768877,14.473952533373236,0.6122290298939632,2.975974826130447,-0.44951456969335307,0.04146307088810633,0.03
1.0,0.2,0.02,0.01,40,shrink,3,2.9841362421985274,-0.44619027198606614,0.04100203856341663,-15.633529256727458,14.473952533373236,0.9111811336897162,2.9843838982936846,-0.4521571839326978,0.04609757880730778,0.02
1.0,0.2,0.02,0.01,40,current,4,2.981125009686236,-0.4461493195099422,0.045091812565389126,-16.658976835776862,14.946204072169822,0.35062810756704743,2.984129089008488,-0.442956482771809,0.0562718331634564,0.03
1.0,0.2,0.02,0.01,40,kink,4,2.97700319675695,-0.44556734214196947,0.048560178538834965,-17.39727925179,14.946204072169822,1.2601731984937716,2.971763650220632,-0.4412105506678907,0.06667693108379391,0.03
1.0,0.2,0.02,0.01,40,shrink,4,2.979882181451367,-0.4441413973274864,0.04154042752734617,-16.367027712248934,14.946204072169822,1.0113229327636428,2.980400604303882,-0.43693271622444174,0.04561767804932754,0.02
1.0,0.2,0.02,0.01,40,current,5,2.9775429868427516,-0.4409693528506616,0.05546053144878235,-16.562568897108438,15.65165715725329,0.43412728434190373,2.9891342330102373,-0.44031126160551,0.046104173268611874,0.03
1.0,0.2,0.02,0.01,40,kink,5,2.978816307872792,-0.44057125891606524,0.05223374695358574,-16.673836973766953,15.65165715725329,0.19956687933041573,2.9929541961003574,-0.43911697980172093,0.03642381978302207,0.03
1.0,0.2,0.02,0.01,40,shrink,5,2.976437235210966,-0.44016582228726553,0.057384741563648554,-15.46335397087576,15.65165715725329,1.2636892430608713,2.98581697811488,-0.4379006699153218,0.05187680361321048,0.02
1.0,0.2,0.02,0.01,40,current,6,2.9849527349368974,-0.4409631285471903,0.03985498967288024,-16.225010874011645,15.040434401871867,0.31767007985664875,2.9880592378068473,-0.4374231582134592,0.039423470653951076,0.03
1.0,0.2,0.02,0.01,40,kink,6,2.985511601021003,-0.44206576445458917,0.04188646161190029,-18.19743933520517,15.040434401871867,0.575871110554536,2.989735836059164,-0.4407310659356557,0.045517886471011196,0.03
1.0,0.2,0.02,0.01,40,shrink,6,2.983236104289274,-0.4460348044052454,0.042489696419651106,-15.065067836789417,15.040434401871867,-0.2792831468924495,2.9829093458639764,-0.45263818578762466,0.04732759089426365,0.02
1.0,0.2,0.02,0.01,40,current,7,2.9796790855323994,-0.43780096606049934,0.043142284217922273,-17.176702358417643,14.694216768376673,0.7667301041195018,2.9755621627826816,-0.43274969618953885,0.05578202026331751,0.03
1.0,0.2,0.02,0.01,40,kink,7,2.9831933674731435,-0.44375769807001614,0.03956826589124512,-18.75163121105534,14.694216768376673,1.4899032635870024,2.986105008604915,-0.4506198922180891,0.04505996528328604,0.03
1.0,0.2,0.02,0.01,40,shrink,7,2.9798618739035714,-0.4393072365119137,0.04317331587771318,-15.573589414556192,14.694216768376673,0.3399082704014258,2.976110527896198,-0.43726850754378194,0.05587511524269022,0.02
1.0,0.2,0.02,0.01,40,current,8,2.974945621134257,-0.4456649356571087,0.04949381900276937,-18.271074098327695,16.132219738135834,0.8140333214216857,2.9647011365594875,-0.4539715536800506,0.05744291103670554,0.03
1.0,0.2,0.02,0.01,40,kink,8,2.9770125460608843,-0.44053950819447535,0.04785149285052037,-16.239762953348407,16.132219738135834,1.6318702000209664,2.97090191133937,-0.4385952712921506,0.05251593257995854,0.03
1.0,0.2,0.02,0.01,40,shrink,8,2.977499008543546,-0.4382318039230437,0.04271738547078502,-17.869422509006576,16.132219738135834,2.2347962947686333,2.972361298787355,-0.4316721584778556,0.037113610440752495,0.02
1.0,0.2,0.02,0.01,40,current,9,2.9856007489843592,-0.44884857823589025,0.05289025868035785,-17.86290134479429,13.937399780381027,0.7651205813467861,2.9778749691418573,-0.4436345354972224,0.06361632040443169,0.03
1.0,0.2,0.02,0.01,40,kink,9,2.9866145250369733,-0.44704087023851136,0.04846707939683132,-16.432005516165404,13.937399780381027,1.9487984109106549,2.9809162972996988,-0.4382114115050855,0.05034678255385211,0.03
1.0,0.2,0.02,0.01,40,shrink,9,2.987517401231661,-0.4481969098176144,0.0508339823540391,-16.810021146946298,13.937399780381027,0.737845456856544,2.983624925883762,-0.44167953024239465,0.05744749142547546,0.02
1.0,0.2,0.02,0.01,40,current,10,2.9841216794846246,-0.4465975321527895,0.04845912542601007,-16.30631328168818,14.677306124983907,1.1385441699125638,2.976060220695621,-0.4470417674282387,0.047513495237254434,0.03
1.0,0.2,0.02,0.01,40,kink,10,2.9851734555183,-0.4469881355558214,0.045638545253521394,-17.01164687987794,14.677306124983907,0.46567887945450726,2.9792155487966467,-0.44821357763733427,0.039051754719788376,0.03
1.0,0.2,0.02,0.01,40,shrink,10,2.9861582644179943,-0.4497744787904816,0.04898297770122956,-16.565742112378526,14.677306124983907,-0.35342559545843266,2.982169975495729,-0.4565726073413149,0.04908505206291287,0.02
1.0,0.2,0.02,0.01,40,current,11,2.9839327026195384,-0.44514397506353715,0.05091583498255162,-15.595804077958544,14.799403580741103,1.3231166155405585,2.9957145809682038,-0.4522296022870645,0.05262207030697044,0.03
1.0,0.2,0.02,0.01,40,kink,11,2.980551069537558,-0.4417277570798562,0.05337242710363402,-15.810496738407622,14.799403580741103,0.6593213052583351,2.9855696817222634,-0.4419809483360217,0.05999184667021765,0.03
1.0,0.2,0.02,0.01,40,shrink,11,2.9748030869157973,-0.44680041085833166,0.04758996794384248,-15.79240758660855,14.799403580741103,1.179505417160769,2.968325733856982,-0.457198909671448,0.04264446919084301,0.02
1.0,0.2,0.02,0.01,40,current,12,2.9778881213197343,-0.4430212022884434,0.04878214684045242,-17.748491277644472,13.734913376391216,0.8785228831360476,2.965179257096633,-0.4439562545939866,0.04539450807659353,0.03
1.0,0.2,0.02,0.01,40,kink,12,2.983927036494098,-0.4427608685026743,0.04856315160609078,-16.44773202865982,13.734913376391216,0.9373236025363296,2.9832960026197255,-0.4431752532366794,0.0447375223735086,0.03
1.0,0.2,0.02,0.01,40,shrink,12,2.983736942367782,-0.44193235516908963,0.052800931859066126,-15.349977797101982,13.734913376391216,-0.25683130758289496,2.982725720240776,-0.44068971323592515,0.05745086313243464,0.02
1.0,0.2,0.02,0.01,40,current,13,2.9810697438890656,-0.4445881541941377,0.04796010440841351,-18.223328115642634,13.646317741536974,0.5317197383654759,2.9804731147114696,-0.4450098539224292,0.050383515167631385,0.03
1.0,0.2,0.02,0.01,40,kink,13,2.9795707868245884,-0.43934305889018016,0.05320798733730156,-17.04225530689901,13.646317741536974,0.4724424849518998,2.9759762435180375,-0.42927456801055647,0.06612716395429552,0.03
1.0,0.2,0.02,0.01,40,shrink,13,2.9779198372103757,-0.44371977070361607,0.051920016321244176,-14.421431547454425,13.646317741536974,0.22151047016743775,2.971023394675399,-0.442404703450864,0.06226325090612336,0.02
1.0,0.2,0.02,0.01,40,current,14,2.9844387240752552,-0.44489679696649426,0.05102067040393154,-15.790182287521835,13.775075900665428,1.4000213618767587,2.985060964517053,-0.44412550998498945,0.048175566694529964,0.03
1.0,0.2,0.02,0.01,40,kink,14,2.984410153391717,-0.44381566998839855,0.04836955628657643,-16.958086766416056,13.775075900665428,0.1771140928135735,2.984975252466438,-0.4408821290507022,0.040222224342464655,0.03
1.0,0.2,0.02,0.01,40,shrink,14,2.982455953760794,-0.4433882471753077,0.05040972268944788,-17.19100730801469,13.775075900665428,-0.4376242431119721,2.9791126535736696,-0.4395998606114299,0.046342723551079,0.02
1.0,0.2,0.02,0.01,40,current,15,2.980608413016474,-0.4416393028699222,0.055307398817189955,-15.723653920166193,13.216346983487501,0.7044180053069782,3.0030133753504233,-0.447647486265141,0.043205694672879005,0.03
1.0,0.2,0.02,0.01,40,kink,15,2.9742413629403956,-0.4380897209135828,0.05435157691812528,-16.27417646081532,13.216346983487501,1.3093690027591727,2.983912225122188,-0.4369987403961224,0.040338228975685,0.03
1.0,0.2,0.02,0.01,40,shrink,15,2.970099876394714,-0.4390325504118517,0.06051094882013122,-16.253413711204058,13.216346983487501,0.6877687790351272,2.9714877654851426,-0.43982722889092923,0.05881634468170281,0.02
1.0,0.2,0.02,0.01,40,current,16,2.985373222000384,-0.44343109737938474,0.03707446306054137,-15.327199701437149,17.153854741044356,1.0346855969429605,2.9919763985756638,-0.44434149044404797,0.04017934681911162,0.03
1.0,0.2,0.02,0.01,40,kink,16,2.9792970618791266,-0.44367354704256406,0.04177365641978157,-17.43265430656021,17.153854741044356,0.33127293860565143,2.9737479182118918,-0.445068839433586,0.054276926896832216,0.03
1.0,0.2,0.02,0.01,40,shrink,16,2.98298775481199,-0.44613220799304415,0.04306793698999869,-15.438353234710675,17.153854741044356,1.825373787245544,2.984819997010481,-0.4524448222850263,0.05815976860748355,0.02
1.0,0.2,0.02,0.01,40,current,17,2.983206264975628,-0.43993258382861306,0.04318046787320067,-16.641071308866067,14.417359277661914,1.9366280749630906,2.9932885712842734,-0.4407918199277356,0.03674886600171845,0.03
1.0,0.2,0.02,0.01,40,kink,17,2.9833267736704134,-0.44053973768761584,0.043199665638740226,-14.617760109835988,14.417359277661914,0.658502455863464,2.99365009736863,-0.4426132815047438,0.03680645929833712,0.03
1.0,0.2,0.02,0.01,40,shrink,17,2.9794759498842205,-0.44164533137539835,0.04490136275503643,-15.166893617987604,14.417359277661914,2.0713097273695382,2.98209762601005,-0.4459300625680916,0.041911550647225716,0.02
1.0,0.2,0.02,0.01,40,current,18,2.9766483689792267,-0.4479173498885772,0.047441717214546576,-15.721295729773132,15.323332414365488,1.5911583360537003,2.979296284399227,-0.4433112073139289,0.04581081617594205,0.03
1.0,0.2,0.02,0.01,40,kink,18,2.985274049979519,-0.45191092038854114,0.048090785737882315,-15.698727231613894,15.323332414365488,1.8798968056569432,3.0051733274001045,-0.45529191881382075,0.04775802174594925,0.03
1.0,0.2,0.02,0.01,40,shrink,18,2.9769360398332148,-0.4472673092540536,0.046044067953632285,-18.34733002992172,15.323332414365488,0.6995843904747088,2.980159296961191,-0.44136108541035834,0.04161786839319919,0.02
1.0,0.2,0.02,0.01,40,current,19,2.9742628791517425,-0.44225667522486795,0.05211217185327197,-16.56800134820768,14.222102106606318,0.5160082226610032,2.9761311405727353,-0.43752857553295676,0.047795854520782305,0.03
1.0,0.2,0.02,0.01,40,kink,19,2.975163622761176,-0.4446591014841468,0.053293011025695204,-16.546634566393067,14.222102106606318,1.1682753650762114,2.9788333714010364,-0.4447358543107932,0.051338372038052,0.03
1.0,0.2,0.02,0.01,40,shrink,19,2.9739422642812876,-0.44558113687959694,0.049771246932278045,-17.018809886254473,14.222102106606318,0.832592511646546,2.975169295961369,-0.44750196049714375,0.040773079757800486,0.02
1.0,0.2,0.02,0.01,40,current,20,2.9760076867941034,-0.4402494271431932,0.041209020379543694,-16.111274320682938,16.417816935520115,0.7143594821400405,2.9796704503296154,-0.4473631400411838,0.04859477476134188,0.03
1.0,0.2,0.02,0.01,40,kink,20,2.981532650958711,-0.44115635513072315,0.04284073018804374,-16.438640896941827,16.417816935520115,1.6955212851508035,2.996245342823438,-0.45008392400377356,0.053489904186842026,0.03
1.0,0.2,0.02,0.01,40,shrink,20,2.9796793031772473,-0.4366515063934932,0.042496840970213313,-15.269475522454371,16.417816935520115,1.700298639665344,2.9906852994790456,-0.43656937779208366,0.05245823653335077,0.02
1.0,0.2,0.02,0.01,40,current,21,2.9784984840618907,-0.44519189149636906,0.04590539918961271,-17.80253379738512,13.518812575307084,0.9141466674807208,2.9692214907639207,-0.4396168407809923,0.04409634165452013,0.03
1.0,0.2,0.02,0.01,40,kink,21,2.9778275254016795,-0.44920892896724407,0.049142037901701706,-17.085679740175244,13.518812575307084,-0.12150369947293993,2.9672086147832886,-0.4516679531936172,0.053806257790787085,0.03
1.0,0.2,0.02,0.01,40,shrink,21,2.9793027467213977,-0.4487761973401181,0.04505947130824741,-17.44915199935185,13.518812575307084,1.897229695380842,2.9716342787424415,-0.4503697583122394,0.041558558010424226,0.02
1.0,0.2,0.02,0.01,40,current,22,2.979759854465771,-0.4434268783874753,0.05379733945624621,-18.677104794232072,15.322480928343408,0.7395585090489873,2.9771443389491443,-0.4445306026274833,0.05033491265509612,0.03
1.0,0.2,0.02,0.01,40,kink,22,2.979179681487164,-0.4429585029982294,0.05645758340951107,-15.627666887158142,15.322480928343408,0.7255727917228203,2.975403820013324,-0.4431254764597457,0.0583156445148907,0.03
1.0,0.2,0.02,0.01,40,shrink,22,2.976972224784928,-0.44078523042155177,0.04960207602153099,-18.282207692460847,15.322480928343408,0.0856660567121128,2.968781449906615,-0.4366056587297127,0.03774912235095046,0.02
1.0,0.2,0.02,0.01,40,current,23,2.969121729582471,-0.439019815136035,0.053000763849906006,-17.25765619862118,14.268059948943103,1.6227640931733498,2.963267007884537,-0.42828999865042117,0.04923452218867373,0.03
1.0,0.2,0.02,0.01,40,kink,23,2.9713251356367922,-0.4393557336015029,0.0491606958040281,-16.02447743477751,14.268059948943103,2.5485497356933218,2.9698772260475015,-0.4292977540468246,0.037714318051040044,0.03
1.0,0.2,0.02,0.01,40,shrink,23,2.9797762393719007,-0.44123289822899897,0.047147582997637764,-15.468699491461873,14.268059948943103,2.2743364640013777,2.995230537252827,-0.4349292479293129,0.03167497963186902,0.02
1.0,0.2,0.02,0.01,40,current,24,2.9781014818095746,-0.4461541650392691,0.05279111650697333,-17.04395237890325,15.319919978462043,1.4985645129921081,2.9786291822628117,-0.4478292244880359,0.04997386308483698,0.03
1.0,0.2,0.02,0.01,40,kink,24,2.9735651841116044,-0.443479443077694,0.048591773251171595,-17.758440304691685,15.319919978462043,0.9753558047824471,2.9650202891689004,-0.4398050586033105,0.037375833317431766,0.03
1.0,0.2,0.02,0.01,40,shrink,24,2.9738471082588602,-0.4450334845021177,0.053317592589538804,-19.29182724521914,15.319919978462043,1.387630375460976,2.965866061610667,-0.44446718287658177,0.05155329133253339,0.02
1.0,0.2,0.02,0.01,40,current,25,2.9766661733302637,-0.4358090249414426,0.056533552398757424,-17.00864381113543,15.798727915724934,2.0297241278376186,2.97050362356054,-0.4229696567761618,0.052941867689737264,0.03
1.0,0.2,0.02,0.01,40,kink,25,2.979049778676996,-0.44144992480254586,0.05592201268813942,-17.748835664348352,15.798727915724934,1.0895143460100734,2.977654439600737,-0.4398923563594717,0.05110724855788325,0.03
1.0,0.2,0.02,0.01,40,shrink,25,2.9830896825912245,-0.443759621964189,0.05738806542944974,-16.201751826474123,15.798727915724934,1.0529711865868945,2.989774151343422,-0.4468214478444011,0.05550540678181422,0.02
1.0,0.2,0.02,0.01,40,current,26,2.978676214397634,-0.43756923585211477,0.042822881610530605,-18.34569128655032,15.842102424457256,2.590486067425927,2.974248399448126,-0.42847047812412153,0.04500055431840326,0.03
1.0,0.2,0.02,0.01,40,kink,26,2.9780128012989517,-0.44241131777229903,0.043785564243324894,-18.120304589695728,15.842102424457256,1.5765119653533481,2.972258160152079,-0.4429967238846744,0.04788860221678613,0.03
1.0,0.2,0.02,0.01,40,shrink,26,2.9768376963436776,-0.44486361043814027,0.0472228089304624,-20.369751862919394,15.842102424457256,3.524438917876383,2.968732845286257,-0.45035360188219814,0.05820033627819862,0.02
1.0,0.2,0.02,0.01,40,current,27,2.974758207652665,-0.43850725853189404,0.04311034731069768,-17.078395722636195,13.886380678969637,2.0611942944299284,2.9746867885121953,-0.44101228493791356,0.04049502114958739,0.03
1.0,0.2,0.02,0.01,40,kink,27,2.969847417065415,-0.43778677012853856,0.04485866481236799,-16.273478879407076,13.886380678969637,2.398666890442252,2.959954416750447,-0.43885081972784734,0.04573997365459831,0.03
1.0,0.2,0.02,0.01,40,shrink,27,2.9734541692127956,-0.4406191223179672,0.04882673708233693,-17.12391678241502,13.886380678969637,-0.05380273214119735,2.9707746731925866,-0.4473478762961331,0.057644190464505154,0.02
1.0,0.2,0.02,0.01,40,current,28,2.979842329543056,-0.44377432134084777,0.06006273801622112,-17.507678125402208,15.40072542924442,1.082809268831845,2.984261726567512,-0.4481505304616616,0.04936540062878715,0.03
1.0,0.2,0.02,0.01,40,kink,28,2.974812666882533,-0.43881636161928544,0.05843908822334868,-16.098932934938848,15.40072542924442,1.225000378453332,2.9691727385859443,-0.4332766512969747,0.044494451250169834,0.03
1.0,0.2,0.02,0.01,40,shrink,28,2.976983295230939,-0.4397514242890954,0.05758326335827807,-17.306446128369785,15.40072542924442,3.2360523760053828,2.9756846236311616,-0.4360818393064047,0.04192697665495801,0.02
1.0,0.2,0.02,0.01,40,current,29,2.9763688593672586,-0.4469839796359641,0.05812707510878304,-18.05208313807627,14.546631462478112,1.8694215207160605,2.9738295528380987,-0.45077159217775314,0.06766780644242869,0.03
1.0,0.2,0.02,0.01,40,kink,29,2.9791272343884105,-0.44641102359796125,0.049953773471125784,-17.137360016802575,14.546631462478112,0.6460722201942903,2.9821046779015545,-0.4490527240637446,0.04314790152945694,0.03
1.0,0.2,0.02,0.01,40,shrink,29,2.974062183701206,-0.44421285323524046,0.053696040280530107,-20.331292979441496,14.546631462478112,1.6095964532895763,2.9669095258399403,-0.4424582129755822,0.05437470195766992,0.02
1.0,0.2,0.02,0.01,40,current,30,2.969587496483499,-0.44941181134432656,0.049602751144620816,-16.962484486625144,14.883994598194171,1.6229238356903393,2.9639339235566653,-0.44796066406212587,0.04832743625431985,0.03
1.0,0.2,0.02,0.01,40,kink,30,2.976130535886989,-0.45306643373767086,0.04756276548889906,-16.48298985852406,14.883994598194171,1.7615868451718393,2.983563041767135,-0.4589245312421588,0.042207479287154584,0.03
1.0,0.2,0.02,0.01,40,shrink,30,2.973880521031544,-0.44796562078421837,0.05312759112654316,-15.45237873612311,14.883994598194171,1.0818544197357176,2.976812997200801,-0.44362209238180095,0.05890195620008687,0.02
1.0,0.2,0.02,0.01,40,current,31,2.977900909123917,-0.44366336159088515,0.05253806346558468,-16.397526852430573,13.985621853173363,1.065568451226935,2.9745665073736345,-0.44504121386865453,0.05029777797667162,0.03
1.0,0.2,0.02,0.01,40,kink,31,2.9778932593980847,-0.44249416115040513,0.048181242113911615,-17.74851270685935,13.985621853173363,0.11340462057137324,2.974543558196138,-0.44153361254721457,0.037227313921652426,0.03
1.0,0.2,0.02,0.01,40,shrink,31,2.9740105283383698,-0.4420886868332517,0.057021694271861635,-17.413267236729663,13.985621853173363,0.28528582468326724,2.9628953650169936,-0.4403171895957543,0.0637486703955025,0.02
1.0,0.2,0.02,0.01,40,current,32,2.9813306840887144,-0.4471021355987366,0.048891889860545344,-17.410797534391737,15.124912092830437,1.9732105436801424,2.9727826335324066,-0.4324636408060191,0.04788521120044091,0.03
1.0,0.2,0.02,0.01,40,kink,32,2.9845212581480918,-0.4464207294890037,0.0476636624824332,-18.050499882016148,15.124912092830437,2.272319582387124,2.9823543557105388,-0.4304194224768203,0.04420052906610453,0.03
1.0,0.2,0.02,0.01,40,shrink,32,2.985524120721619,-0.450878779281867,0.04699730283271788,-17.386586619121896,15.124912092830437,0.16129221246925618,2.985362943431121,-0.4437935718554101,0.042201450116958535,0.02
1.0,0.2,0.02,0.01,40,current,33,2.9914975611154353,-0.4395921326767749,0.04434833871146643,-15.643197271277767,15.665144439582729,0.6139623700427923,2.9971913757951856,-0.4398186353459706,0.040260963309415594,0.03
1.0,0.2,0.02,0.01,40,kink,33,2.988548019381593,-0.43924366706619494,0.04786704676956033,-15.938572514290335,15.665144439582729,1.1233375221502626,2.9883427505936595,-0.43877323851423056,0.05081708748369733,0.03
1.0,0.2,0.02,0.01,40,shrink,33,2.983470677020192,-0.4428972493419731,0.037845062351119466,-18.70455381166271,15.665144439582729,-0.756190477469824,2.9731107235094543,-0.4497339853415651,0.020751134228374733,0.02
1.0,0.2,0.02,0.01,40,current,34,2.980837423725614,-0.44638645239431635,0.049524458779009274,-16.825009466216766,13.967880863378985,-0.05190085000268474,2.9876820321881663,-0.4492919779779596,0.043180779112980065,0.03
1.0,0.2,0.02,0.01,40,kink,34,2.978419306704879,-0.4448113201752201,0.05333069375913313,-17.95395379008572,13.967880863378985,1.1703867504819314,2.9804276811259607,-0.44456658132067106,0.05459948405335162,0.03
1.0,0.2,0.02,0.01,40,shrink,34,2.9826859912833616,-0.44642896215402067,0.049254014699471015,-15.830584358725542,13.967880863378985,1.7418194109862035,2.9932277348614096,-0.4494195072570728,0.04236944687436527,0.02
1.0,0.2,0.02,0.01,40,current,35,2.9753099018514324,-0.4405739543859491,0.05580334672780778,-17.668611972499022,14.040117736464143,0.8366755731746038,2.953050369019398,-0.4420304637514754,0.058646802670203245,0.03
1.0,0.2,0.02,0.01,40,kink,35,2.9831058518348477,-0.4369948490199332,0.04673834236921503,-15.231165614599359,14.040117736464143,0.7752900809527523,2.976438218969642,-0.43129314765342774,0.03145178959442499,0.03
1.0,0.2,0.02,0.01,40,shrink,35,2.9777702158534667,-0.4367133641429047,0.04964575220142512,-17.173015160141137,14.040117736464143,3.456870170457419,2.9604313110255003,-0.4304486930223421,0.040174019091055266,0.02
1.0,0.2,0.02,0.01,40,current,36,2.974257362808867,-0.4370163570430918,0.04714677064106144,-16.75875450096273,16.369628606901816,3.0827308461283787,2.9806683106431833,-0.428962032262642,0.043297640359899824,0.03
1.0,0.2,0.02,0.01,40,kink,36,2.972639111666884,-0.443566929657925,0.04907314677609007,-16.600539210619406,16.369628606901816,1.2753321470553887,2.975813557217234,-0.4486137501071417,0.049076768764985734,0.03
1.0,0.2,0.02,0.01,40,shrink,36,2.9736317869940976,-0.44345425911163083,0.04865142520086465,-17.265545322456227,16.369628606901816,1.0222519457864747,2.9787915831988747,-0.4482757384682591,0.04781160403930943,0.02
1.0,0.2,0.02,0.01,40,current,37,2.9593114200612187,-0.44356958637845034,0.05527897481337715,-17.177620456080337,14.162666790377573,1.8839132332551627,2.9529698189863547,-0.4393683800872505,0.046156068033552045,0.03
1.0,0.2,0.02,0.01,40,kink,37,2.963175035345778,-0.4437868131197889,0.05763464727336711,-16.690558238581954,14.162666790377573,1.2211899871287621,2.9645606648400333,-0.4400200603112663,0.053223085413521914,0.03
1.0,0.2,0.02,0.01,40,shrink,37,2.9639179848213786,-0.44529128641693544,0.05601701391452474,-14.58404219479075,14.162666790377573,0.38456945203762083,2.966789513266835,-0.4445334802027059,0.04837018533699482,0.02
1.0,0.2,0.02,0.01,40,current,38,2.9790367925200307,-0.4417773586316154,0.055695091898338954,-16.79621293850683,12.959981744252259,0.9056711746142814,2.973616327907458,-0.4454582964021901,0.05225152162142989,0.03
1.0,0.2,0.02,0.01,40,kink,38,2.9771092314186105,-0.44193115098531793,0.05750875535659258,-18.008834098297736,12.959981744252259,1.008064727339111,2.967833644603197,-0.4459196734632978,0.05769251199619074,0.03
1.0,0.2,0.02,0.01,40,shrink,38,2.9763090123739797,-0.437948331898035,0.05352995485172138,-18.6710237770419,12.959981744252259,1.49923310529132,2.9654329874693053,-0.433971216201449,0.045756110481577156,0.02
1.0,0.2,0.02,0.01,40,current,39,2.9748767661525606,-0.4445165834133115,0.04551216531950852,-16.896689119692606,14.86116330909783,0.6793085219232029,2.972490836182047,-0.44137381034096396,0.0403618474304781,0.03
1.0,0.2,0.02,0.01,40,kink,39,2.9794996473594275,-0.4484864071217023,0.04925452966534797,-17.294930590923833,14.86116330909783,0.6649420804629609,2.986359479802649,-0.4532832814661363,0.05158894046799646,0.03
1.0,0.2,0.02,0.01,40,shrink,39,2.976242088047904,-0.44824800800417347,0.04879675090829124,-16.97202794336151,14.86116330909783,0.125739550752342,2.976586801868078,-0.45256808411354965,0.05021560419682626,0.02
1.0,0.2,0.02,0.01,40,current,40,2.9828999404358356,-0.4402618546309771,0.049034849867126064,-15.65883654486914,13.228865500846073,0.8075267660116852,2.9830147622021532,-0.4417748254882528,0.05298767272444982,0.03
1.0,0.2,0.02,0.01,40,kink,40,2.9821103778710145,-0.4401394207672114,0.04443161388401066,-16.624254258343438,13.228865500846073,0.5239740400606658,2.9806460745076904,-0.44140752389695553,0.039177964775103595,0.03
1.0,0.2,0.02,0.01,40,shrink,40,2.9825338325834103,-0.4424725742876665,0.049688761810785555,-16.173682363960857,13.228865500846073,1.421507321600373,2.9819164386448773,-0.44840698445832095,0.054949408555428306,0.02
1.0,0.2,0.02,0.01,40,current,41,2.982791752522252,-0.44803095779655266,0.05117847551321255,-15.674726140087824,14.596552347441092,1.2575652450638275,2.974209436353319,-0.4400449265608497,0.05231280697551002,0.03
1.0,0.2,0.02,0.01,40,kink,41,2.984265908804209,-0.44747909753944864,0.04249276567039878,-18.549060624264914,14.596552347441092,1.6162988940279264,2.9786319051991894,-0.4383893457895375,0.02625567744706872,0.03
1.0,0.2,0.02,0.01,40,shrink,41,2.9873406098970947,-0.4452255182665629,0.05234694847236391,-15.262001022974985,14.596552347441092,3.2699686986234564,2.9878560084778463,-0.43162860797088043,0.055818225852964094,0.02
1.0,0.2,0.02,0.01,40,current,42,2.9762523638419256,-0.43816000785762355,0.045403742980810624,-17.058489030347072,14.313806113528834,2.5447375060678237,2.9647040523715353,-0.4380634911013397,0.06029434699153891,0.03
1.0,0.2,0.02,0.01,40,kink,42,2.9789717729413745,-0.43844857251690555,0.04165837890504525,-16.57477974856361,14.313806113528834,0.9465341501651443,2.9728622796698816,-0.4389291850791855,0.04905825476424278,0.03
1.0,0.2,0.02,0.01,40,shrink,42,2.9759733195241957,-0.4420381137504976,0.04382966069220084,-16.591108636298493,14.313806113528834,2.793313326735377,2.963866919418346,-0.4496978087799619,0.055572100125709546,0.02
1.0,0.2,0.02,0.01,40,current,43,2.9761099813417577,-0.43313779305566436,0.04563503773245842,-17.59071132015525,14.245255029089398,1.1570753548439479,2.98475869934624,-0.43146693799338237,0.03498155312482985,0.03
1.0,0.2,0.02,0.01,40,kink,43,2.9720434688090616,-0.43755944720829554,0.049621528069770965,-18.520118206084152,14.245255029089398,0.47121580859437473,2.9725591617481517,-0.44473190045127586,0.04694102413676751,0.03
1.0,0.2,0.02,0.01,40,shrink,43,2.97335988968543,-0.4371298710207139,0.048032259677801004,-17.833856751367684,14.245255029089398,2.288212180306792,2.9765084243772577,-0.443443171888531,0.04217321896085762,0.02
1.0,0.2,0.02,0.01,40,current,44,2.9824670337864396,-0.44689044319711124,0.045100412894369356,-14.837572326465317,14.982707618095462,1.1656771892181017,2.992271420712496,-0.44877996942099807,0.049596742409188044,0.03
1.0,0.2,0.02,0.01,40,kink,44,2.9785662560637136,-0.44630366589604403,0.043797548713133905,-17.29806151224874,14.982707618095462,1.4567387364641495,2.9805690875443185,-0.4470196375177964,0.045688149865481704,0.03
1.0,0.2,0.02,0.01,40,shrink,44,2.978528020394796,-0.4415612248571694,0.045749227822601934,-15.873819557911151,14.982707618095462,3.8031459479978604,2.980454380537565,-0.43279231440117266,0.051543187193885766,0.02
1.0,0.2,0.02,0.01,40,current,45,2.9792373603864886,-0.4443613307940281,0.05038182422981346,-16.176280862439157,15.735351382038665,1.2803151470895835,2.9812498375305676,-0.4422029333499059,0.053695502875394416,0.03
1.0,0.2,0.02,0.01,40,kink,45,2.9778031728328327,-0.4428708472598684,0.04920021919136228,-15.680195097747898,15.735351382038665,0.7431480436165476,2.9769472748696004,-0.437731482747427,0.050150687760040884,0.03
1.0,0.2,0.02,0.01,40,shrink,45,2.981360793008282,-0.4434223152936781,0.05041567928739523,-16.53744789286984,15.735351382038665,0.3034892632755024,2.9876201353959493,-0.43938588684885604,0.05379706804813973,0.02
1.0,0.2,0.02,0.01,40,current,46,2.98071070916369,-0.44083417063335745,0.05381463742264936,-16.652116788542703,14.516957794702659,1.9018047015067094,2.9800239350584024,-0.43685782931575945,0.04466087921173074,0.03
1.0,0.2,0.02,0.01,40,kink,46,2.9792719985524365,-0.4450522047419962,0.051951558817080946,-15.067750997050315,14.516957794702659,-0.47915855857380296,2.975707803224644,-0.4495119316416755,0.03907164339502551,0.03
1.0,0.2,0.02,0.01,40,shrink,46,2.973607270257618,-0.43973129984910914,0.0583173205982797,-18.02121135557288,14.516957794702659,1.1025349892195067,2.9587136183401865,-0.43354921696301435,0.05816892873862176,0.02
1.0,0.2,0.02,0.01,40,current,47,2.9829257502993407,-0.4420116203924291,0.040198184489891174,-17.27258615804735,14.708754356204263,1.5209008876408558,2.9815098817819394,-0.44632121392534196,0.0409336268531761,0.03
1.0,0.2,0.02,0.01,40,kink,47,2.9852470385944954,-0.4356517529973967,0.034022401803572626,-18.66333407994867,14.708754356204263,0.9346558877501931,2.9884737466674047,-0.4272416117402451,0.022406278794220462,0.03
1.0,0.2,0.02,0.01,40,shrink,47,2.981978116790167,-0.439582457363983,0.042135188710267314,-17.9005824398466,14.708754356204263,1.7933560987903698,2.9786669812544195,-0.4390337248400037,0.046744639514304534,0.02
1.0,0.2,0.02,0.01,40,current,48,2.9789678332440226,-0.44012277445509057,0.0458913744150636,-17.032564051898774,13.331677911101673,1.2506595122505737,2.983787028232828,-0.438236325381473,0.04785246758139661,0.03
1.0,0.2,0.02,0.01,40,kink,48,2.9769405681292276,-0.4382044051779448,0.04996572679895611,-15.112664573750273,13.331677911101673,0.4205091510171426,2.9777052328884426,-0.4324812175500355,0.06007552473307415,0.03
1.0,0.2,0.02,0.01,40,shrink,48,2.9755958950251675,-0.439992169179597,0.045213551603662555,-15.654796819295427,13.331677911101673,-0.5239240692728522,2.973671213576263,-0.4378445095549924,0.04581899914719346,0.02
1.0,0.2,0.02,0.01,40,current,49,2.9708428636984148,-0.44461264243428933,0.04599080686142148,-16.57665625727694,13.79604183826203,1.0434960714446069,2.9721333617938743,-0.44968433068591906,0.04078185777307778,0.03
1.0,0.2,0.02,0.01,40,kink,49,2.9808157969938467,-0.4454401329519386,0.05263758564925839,-18.051862379126476,13.79604183826203,0.9529778420885906,3.002052161680171,-0.4521668022388669,0.06072219413658854,0.03
1.0,0.2,0.02,0.01,40,shrink,49,2.970240702469208,-0.44055836362033457,0.04743267357406697,-20.877241757811888,13.79604183826203,1.9675398550858596,2.970326878106255,-0.43752149424405484,0.04510745791101426,0.02
1.0,0.2,0.02,0.01,44,current,0,5.429054793065762,-0.6359622026699286,0.04405749942534961,-21.827101193629396,17.219830141238948,-1.6970344991635935,5.395907606641419,-0.6199426337633026,0.04919338208099107,0.03
1.0,0.2,0.02,0.01,44,kink,0,5.43999286441715,-0.6381346563627331,0.035980631516199055,-21.84822105238165,17.219830141238948,0.9496194389884295,5.428721820695581,-0.6264599948417159,0.024962778353539404,0.03
1.0,0.2,0.02,0.01,44,shrink,0,5.427201095400027,-0.6421847516243074,0.03554973847139252,-19.85610371211976,17.219830141238948,1.0498979070462942,5.390346513644213,-0.6386102806264388,0.023670099219119802,0.02
1.0,0.2,0.02,0.01,44,current,1,5.432824941241674,-0.6311274271824477,0.04743824205511001,-21.88184468386996,18.773856860960706,1.282654370718134,5.435759992515263,-0.6302102801489219,0.03282448954500108,0.03
1.0,0.2,0.02,0.01,44,kink,1,5.439185571356223,-0.6311173477088121,0.05344846157411599,-20.660321061683657,18.773856860960706,-0.006694332476366416,5.454841882858908,-0.6301800417280148,0.05085514810201903,0.03
1.0,0.2,0.02,0.01,44,shrink,1,5.437380580061871,-0.631916723161678,0.04699295513998347,-21.404688343887766,18.773856860960706,0.7077624744469246,5.449426908975853,-0.6325781680866125,0.031488628799621464,0.02
1.0,0.2,0.02,0.01,44,current,2,5.451996755069793,-0.6363783772155805,0.043801917876652864,-21.521494543471093,17.369117003065625,1.9648884211348532,5.446166642361043,-0.6198098796831392,0.04976910503968656,0.03
1.0,0.2,0.02,0.01,44,kink,2,5.448907109952148,-0.6373059162404687,0.03918384893554482,-23.71517874660176,17.369117003065625,-0.8043045209714901,5.436897707008108,-0.6225924967578034,0.03591489821636243,0.03
1.0,0.2,0.02,0.01,44,shrink,2,5.447477248644752,-0.6369099760052973,0.04038874779558569,-22.37573096820102,17.369117003065625,-2.6169394331739517,5.432608123085924,-0.6214046760522891,0.03952959479648505,0.02
1.0,0.2,0.02,0.01,44,current,3,5.425427364693829,-0.6326331984998489,0.045150434967005305,-22.961548350906604,19.8961812500923,-0.028991002633235174,5.422614388811159,-0.634542023063692,0.052551764969381964,0.03
1.0,0.2,0.02,0.01,44,kink,3,5.425273157205809,-0.6316842955608476,0.04382908148672313,-20.89613019396626,19.8961812500923,-2.0750025906027667,5.422151766347097,-0.6316953142466879,0.048587704528535454,0.03
1.0,0.2,0.02,0.01,44,shrink,3,5.426025780135048,-0.6327685157782521,0.04767612482856484,-22.518809617082837,19.8961812500923,3.1926230673523333,5.424409635134816,-0.6349479748989014,0.06012883455406055,0.02
1.0,0.2,0.02,0.01,44,current,4,5.452154803187457,-0.6434788079855984,0.03863887537993257,-21.474875645979107,16.13055720559459,-0.46294601534395907,5.463286931838636,-0.633348262369048,0.02817419388189912,0.03
1.0,0.2,0.02,0.01,44,kink,4,5.446023622374088,-0.6498380969353641,0.04100554841002374,-19.755379673394486,16.13055720559459,0.6275623620826258,5.444893389398522,-0.652426129218345,0.03527421297217263,0.03
1.0,0.2,0.02,0.01,44,shrink,4,5.4498034508912285,-0.6491635861145643,0.044611680015850586,-21.78411190307123,16.13055720559459,-2.019847360887214,5.456232874949949,-0.6504025967559457,0.046092607789653156,0.02
1.0,0.2,0.02,0.01,44,current,5,5.433473757244788,-0.6391690299792651,0.05198592529206075,-25.445755977599568,20.003828999722582,0.9714612832765683,5.441428174723984,-0.6452185655170055,0.05778944222134718,0.03
1.0,0.2,0.02,0.01,44,kink,5,5.414764217415422,-0.6329209061675695,0.05414433863531487,-20.67884440488526,20.003828999722582,-0.18950402270042854,5.3852995552358855,-0.6264741940819187,0.06426468225110951,0.03
1.0,0.2,0.02,0.01,44,shrink,5,5.424204371477153,-0.6405913554966873,0.05566780402818359,-25.895616487969292,20.003828999722582,3.3243761479446836,5.413620017421077,-0.6494855420692721,0.06883507842971567,0.02
1.0,0.2,0.02,0.01,44,current,6,5.434657004811957,-0.6347657510568846,0.04634812046496791,-21.211654802923988,18.708088606357293,-1.6257107023794148,5.438615539492326,-0.6434569928991795,0.04769561431814374,0.03
1.0,0.2,0.02,0.01,44,kink,6,5.434338086535394,-0.6415519794904334,0.05794385149611154,-22.762598866103957,18.708088606357293,1.248310992545146,5.437658784662641,-0.6638156781998261,0.08248280741157463,0.03
1.0,0.2,0.02,0.01,44,shrink,6,5.437824589080475,-0.6295660471064973,0.04550065514828982,-20.304923615997858,18.708088606357293,-2.0676220817495286,5.448118292297885,-0.6278578810480179,0.045153218368109455,0.02
1.0,0.2,0.02,0.01,44,current,7,5.410481821383431,-0.6483407959553226,0.06909072034894402,-23.082111899413682,20.416275645684173,1.0470508978305488,5.435265445181151,-0.6363907133692336,0.05951417731250158,0.03
1.0,0.2,0.02,0.01,44,kink,7,5.41007297031859,-0.6388924407797506,0.06419852649879826,-20.929510187793973,20.416275645684173,-0.5892711356971838,5.434038891986625,-0.6080456478425176,0.044837595762064274,0.03
1.0,0.2,0.02,0.01,44,shrink,7,5.413989749319641,-0.6534125456358381,0.06845523588578765,-22.468701793951652,20.416275645684173,-2.0006007856584316,5.44578922898978,-0.6516059624107801,0.05760772392303248,0.02
1.0,0.2,0.02,0.01,44,current,8,5.431059643553884,-0.638246488828719,0.051435614813715856,-20.785161249832733,17.06140108199333,1.139548198743535,5.434240501830311,-0.6461664417354941,0.034832512526546656,0.03
1.0,0.2,0.02,0.01,44,kink,8,5.434470340589738,-0.637249971009087,0.0548464342656099,-20.374016889491028,17.06140108199333,0.36132028769371116,5.444472592937871,-0.6431768882765976,0.0450649708822288,0.03
1.0,0.2,0.02,0.01,44,shrink,8,5.428165252942097,-0.6234709053600361,0.055098363334868415,-19.83804655138809,17.06140108199333,3.083318379465835,5.42555732999495,-0.6018396913294453,0.04582075809000433,0.02
1.0,0.2,0.02,0.01,44,current,9,5.418179622680344,-0.6466467535962298,0.05128664504917672,-22.691658976421134,17.046640086531376,-0.3603966098178537,5.4084600376664955,-0.641969855290932,0.05622647905821474,0.03
1.0,0.2,0.02,0.01,44,kink,9,5.43100289323383,-0.6467183630153176,0.05122024140107024,-21.757066886158277,17.046640086531376,0.7526852408909668,5.4469298493269545,-0.6421846835481951,0.05602726811389532,0.03
1.0,0.2,0.02,0.01,44,shrink,9,5.427423540870066,-0.6424118131167992,0.054655496821515694,-18.686004846846018,17.046640086531376,1.2261841890168228,5.4361917922356655,-0.6292650338526401,0.06633303437523169,0.02
1.0,0.2,0.02,0.01,44,current,10,5.44372982748045,-0.6385413820117342,0.057877206537748964,-21.672966811639945,19.8153863934346,0.34238095792040046,5.450196313633169,-0.6289129083282408,0.04274365852359076,0.03
1.0,0.2,0.02,0.01,44,kink,10,5.435562476479016,-0.6435492554554113,0.05740402528950612,-19.648945965260435,19.8153863934346,-0.19379994042670168,5.42569426062887,-0.6439365286592724,0.04132411477886224,0.03
1.0,0.2,0.02,0.01,44,shrink,10,5.439753048238377,-0.6409822262449226,0.06427256901201188,-22.265891111311678,19.8153863934346,-0.5895348947142538,5.438265975906955,-0.6362354410278067,0.06192974594637951,0.02
1.0,0.2,0.02,0.01,44,current,11,5.443831115593249,-0.6410095137833546,0.053226090378350764,-21.471324566096676,18.354256007973262,0.29414381414899826,5.445960683068571,-0.6345233862977091,0.047300001082123275,0.03
1.0,0.2,0.02,0.01,44,kink,11,5.4423686963314815,-0.6415151785451679,0.0510537112180236,-21.359225444961737,18.354256007973262,0.4109062417299092,5.4415734252832655,-0.6360403805831492,0.040782863601141806,0.03
1.0,0.2,0.02,0.01,44,shrink,11,5.441921419980516,-0.6433865873091037,0.05601444446796281,-19.649547768022245,18.354256007973262,-0.6481363024216025,5.44023159623037,-0.6416546068749566,0.05566506335095943,0.02
1.0,0.2,0.02,0.01,44,current,12,5.434026503539303,-0.6474022583907663,0.0637014790868528,-22.525535747290213,17.33955104581616,1.3509525420755688,5.4338853445808715,-0.631065429774303,0.05779099008966762,0.03
1.0,0.2,0.02,0.01,44,kink,12,5.434883799541285,-0.6476699554865765,0.05548260415958689,-21.870181280453988,17.33955104581616,1.8617811777389681,5.436457232586816,-0.6318685210617332,0.03313436530786991,0.03
1.0,0.2,0.02,0.01,44,shrink,12,5.431507153805044,-0.6492954699171145,0.0595779865670214,-20.729846704383124,17.33955104581616,1.2861234822870027,5.426327295378095,-0.6367450643533473,0.04542051253017344,0.02
1.0,0.2,0.02,0.01,44,current,13,5.445304761505668,-0.6463909396071125,0.0519192377754878,-20.435346284714274,18.512471062117392,0.3479046483556474,5.429752774185011,-0.6471172281578255,0.06485219664307791,0.03
1.0,0.2,0.02,0.01,44,kink,13,5.451338881895552,-0.6464920349502923,0.045855036906513984,-19.677797130644137,18.512471062117392,-0.032872863547052544,5.447855135354668,-0.6474205141873646,0.04665959403615645,0.03
1.0,0.2,0.02,0.01,44,shrink,13,5.449719625942072,-0.6487611634778293,0.04366325725165982,-21.07374342028644,18.512471062117392,0.39943992769751513,5.442997367494225,-0.6542278997699756,0.04008425507159398,0.02
1.0,0.2,0.02,0.01,44,current,14,5.448547580078713,-0.6432438067486067,0.05462252212514749,-23.17035237716947,17.78507378773454,-1.0174318176164316,5.451164716965914,-0.6493985996609861,0.059845429593908005,0.03
1.0,0.2,0.02,0.01,44,kink,14,5.459863422761959,-0.641045787174951,0.051904237628038995,-19.9704254209928,17.78507378773454,1.6416973097152634,5.485112245015656,-0.6428045409400192,0.051690576102582535,0.03
1.0,0.2,0.02,0.01,44,shrink,14,5.452141554327141,-0.6392159575564148,0.04737508945041489,-17.233039936164886,17.78507378773454,-0.008936698037078639,5.4619466397112,-0.6373150520844104,0.03810313156971024,0.02
1.0,0.2,0.02,0.01,44,current,15,5.434266190079929,-0.6195034312187967,0.05197876009756925,-21.434322216558467,20.998386015457296,1.0230481033373415,5.44757495442315,-0.6197341491339,0.03744949775547606,0.03
1.0,0.2,0.02,0.01,44,kink,15,5.420755697806573,-0.6286249585180191,0.05991247641516667,-22.769398245379417,20.998386015457296,-0.31275524564680124,5.4070434776030805,-0.6470987310315672,0.061250646708268325,0.03
1.0,0.2,0.02,0.01,44,shrink,15,5.434132950546792,-0.6256765858185167,0.050978475121654133,-17.91635623633676,20.998386015457296,-1.257126913259008,5.44717523582374,-0.6382536129330598,0.03444864282773072,0.02
1.0,0.2,0.02,0.01,44,current,16,5.428605242505056,-0.6413281499580622,0.053850129714619686,-20.854400060400042,21.338897363452773,0.6574633898968552,5.440422290813303,-0.6288778653202014,0.04329987462845557,0.03
1.0,0.2,0.02,0.01,44,kink,16,5.425471403724668,-0.645494109994523,0.05489529301896048,-23.082565108710178,21.338897363452773,3.552576613151548,5.431020774472139,-0.6413757454295835,0.046435364541477925,0.03
1.0,0.2,0.02,0.01,44,shrink,16,5.423574238471258,-0.6444835810792903,0.05941260291941675,-21.462674782161713,21.338897363452773,-2.4508805761774286,5.425329278711911,-0.6383441586838855,0.05998729424284676,0.02
1.0,0.2,0.02,0.01,44,current,17,5.440072212680384,-0.6402371604804751,0.04935780337615971,-21.67226039084931,17.705784085036445,-0.0631053851493284,5.439942851684744,-0.645501778872516,0.041206271181334006,0.03
1.0,0.2,0.02,0.01,44,kink,17,5.439277853531124,-0.6379805519028287,0.04796134247312437,-22.754957707248124,17.705784085036445,-0.5394154128844351,5.437559774236963,-0.6387319531395766,0.03701688847222798,0.03
1.0,0.2,0.02,0.01,44,shrink,17,5.4314464892836005,-0.6420655270314602,0.048761385495183336,-21.768573871530595,17.705784085036445,-2.210880231631521,5.41406568149439,-0.6509868785254714,0.03941701753840489,0.02
1.0,0.2,0.02,0.01,44,current,18,5.421004681842799,-0.6295653764710855,0.05159362970185547,-21.278133790915348,16.4281727934205,0.6268436469839762,5.4348413283672405,-0.6405847396168506,0.0649537675032704,0.03
1.0,0.2,0.02,0.01,44,kink,18,5.42456457790071,-0.6280725435127953,0.04682333109507528,-21.61654931365905,16.4281727934205,-0.49547079220268886,5.4455210165409715,-0.6361062407419804,0.0506428716829298,0.03
1.0,0.2,0.02,0.01,44,shrink,18,5.425038075653668,-0.6339666711548828,0.041659775013417256,-19.533101970940464,16.4281727934205,-1.4582127978685904,5.446941509799847,-0.6537886236682429,0.03515220343795574,0.02
1.0,0.2,0.02,0.01,44,current,19,5.433566379903778,-0.6404361117021685,0.04299736445037694,-23.67090087589024,17.46960799699377,0.8572901764188816,5.426357032451961,-0.6440590838887543,0.049412172825402896,0.03
1.0,0.2,0.02,0.01,44,kink,19,5.432829814462804,-0.637767829773396,0.04638435049655548,-18.396174441232873,17.46960799699377,-1.0035879013665427,5.424147336129038,-0.6360542381024368,0.05957313096393852,0.03
1.0,0.2,0.02,0.01,44,shrink,19,5.43455743090027,-0.6437979171090888,0.04993495795819173,-21.662065431202336,17.46960799699377,-0.9840931921871308,5.429330185441438,-0.6541445001095153,0.07022495334884726,0.02
1.0,0.2,0.02,0.01,44,current,20,5.423196988043077,-0.6296077314210268,0.0591511417521412,-21.72248480968429,19.783714767695052,-0.40551010400026755,5.4258738599373135,-0.6408510161544394,0.053205294744341054,0.03
1.0,0.2,0.02,0.01,44,kink,20,5.427014087424552,-0.6338222455941237,0.05478416240599868,-21.374705303218775,19.783714767695052,-0.9952378399629906,5.437325158081738,-0.6534945586737303,0.0401043567059135,0.03
1.0,0.2,0.02,0.01,44,shrink,20,5.416798697892049,-0.6299205121217694,0.05828753650732216,-24.98140064611754,19.783714767695052,0.36800153012257497,5.40667898948423,-0.6417893582566675,0.05061447900988394,0.02
1.0,0.2,0.02,0.01,44,current,21,5.451382138793235,-0.6341073514059424,0.048673223868935474,-22.762690516291446,17.45607207032397,0.641465055925976,5.458146734842202,-0.6289918911020589,0.05569690352338441,0.03
1.0,0.2,0.02,0.01,44,kink,21,5.438409716660719,-0.6437656434327951,0.04242881789733068,-20.197488098215278,17.45607207032397,-0.7587536199437275,5.419229468444655,-0.6579667671826172,0.03696368560857003,0.03
1.0,0.2,0.02,0.01,44,shrink,21,5.451524801034072,-0.6448998297142101,0.04225924234819169,-21.740925945223225,17.45607207032397,1.1365069194899946,5.458574721564713,-0.6613693260268622,0.036454958961153035,0.02
1.0,0.2,0.02,0.01,44,current,22,5.44337864707575,-0.6357034723512994,0.04121400696929076,-21.048223395736798,18.288901794529767,2.077989837247786,5.4333938124500225,-0.62535597845445,0.043751009875854584,0.03
1.0,0.2,0.02,0.01,44,kink,22,5.448485225098545,-0.6391375056076666,0.039190145756221664,-22.55024106234537,18.288901794529767,-0.8417477632904906,5.448713546518407,-0.6356580782235517,0.03767942623664729,0.03
1.0,0.2,0.02,0.01,44,shrink,22,5.447353829051582,-0.6344930177825271,0.04276776303900704,-18.243222665976095,18.288901794529767,2.1736930791379256,5.445319358377514,-0.6217246147481333,0.04841227808500342,0.02
1.0,0.2,0.02,0.01,44,current,23,5.4282114449986,-0.634544112757185,0.04368081898270276,-24.184887680550005,20.1001501890889,-0.09509988914647183,5.414856182640962,-0.6338442615584126,0.04258128874667552,0.03
1.0,0.2,0.02,0.01,44,kink,23,5.423551290783531,-0.6366199927049387,0.05160381360689666,-19.358012634601195,20.1001501890889,-2.299661255718758,5.4008757199957556,-0.6400719014016736,0.06635027261925724,0.03
1.0,0.2,0.02,0.01,44,shrink,23,5.441992537911653,-0.6335293483246861,0.03892124483883028,-19.69244205808109,20.1001501890889,1.7228036786613599,5.456199461380123,-0.6307999682609153,0.028302566315058085,0.02
1.0,0.2,0.02,0.01,44,current,24,5.4280383502687535,-0.632634540625861,0.04578964493682767,-23.96878000198553,19.213450676640623,0.295281681109854,5.42699003158991,-0.6350464090775045,0.05479150814022007,0.03
1.0,0.2,0.02,0.01,44,kink,24,5.42213902414647,-0.6348883887436404,0.05105109328577543,-18.90426132495069,19.213450676640623,1.371884897333583,5.4092920532230595,-0.6418079534308427,0.07057585318706334,0.03
1.0,0.2,0.02,0.01,44,shrink,24,5.434012703356692,-0.6388825325650561,0.04065675688518024,-19.428730638095463,19.213450676640623,0.807889195434617,5.444913090853726,-0.65379038489509,0.03939284398527779,0.02
1.0,0.2,0.02,0.01,44,current,25,5.4538845803018985,-0.6374087549539198,0.036043925501158126,-22.793526732399123,16.377444071148037,0.9819046908752552,5.4248335757873285,-0.6410013617907931,0.04542720747317497,0.03
1.0,0.2,0.02,0.01,44,kink,25,5.454088055947326,-0.6260721355338438,0.032516881850478595,-19.52534233628836,16.377444071148037,-2.050787779064811,5.425444002723615,-0.606991503530565,0.03484607652113638,0.03
1.0,0.2,0.02,0.01,44,shrink,25,5.461994251810732,-0.6342965104180613,0.03916478751803036,-23.407280373260882,16.377444071148037,-1.9971518635580816,5.449162590313831,-0.6316646281832177,0.054789793523791666,0.02
1.0,0.2,0.02,0.01,44,current,26,5.431252730644036,-0.63214307144358,0.056368248895748686,-23.43470913136228,17.948050470367452,2.446806546081911,5.4209007851283815,-0.619998535736413,0.04835714480664253,0.03
1.0,0.2,0.02,0.01,44,kink,26,5.431581717184739,-0.6361804922416358,0.05737998044240981,-18.397324890002075,17.948050470367452,-0.7646822758490419,5.4218877447504905,-0.6321107981305804,0.05139233944662593,0.03
1.0,0.2,0.02,0.01,44,shrink,26,5.4286036033311404,-0.6318910505373391,0.05770128973349999,-24.438132782162022,17.948050470367452,0.016724117448717157,5.412953403189696,-0.6192424730176904,0.052356267319896455,0.02
1.0,0.2,0.02,0.01,44,current,27,5.426423163897415,-0.6444306214290226,0.049777651083566465,-20.357344749379777,22.996596397686023,-0.39845143124751914,5.434441524938279,-0.6422609784977145,0.055274120986619504,0.03
1.0,0.2,0.02,0.01,44,kink,27,5.408481551696653,-0.6370531863985937,0.047975493613481475,-18.03306234301974,22.996596397686023,-1.9831002616535476,5.380616688335992,-0.6201286734064275,0.04986764857636455,0.03
1.0,0.2,0.02,0.01,44,shrink,27,5.430953829080426,-0.6360875447377273,0.04760899844997089,-22.807836149437005,22.996596397686023,0.5866252480749543,5.448033520487312,-0.6172317484238283,0.04876816308583276,0.02
1.0,0.2,0.02,0.01,44,current,28,5.426970632601953,-0.6372529133954393,0.0612735049151595,-21.47831477166266,19.050916702719157,1.702924010228682,5.45983264866943,-0.6305124062100784,0.04167916418566405,0.03
1.0,0.2,0.02,0.01,44,kink,28,5.424232079221884,-0.636382627672411,0.06558608345990913,-24.610714886449067,19.050916702719157,-0.44664344135106804,5.4516169885292225,-0.6279015490409937,0.05461689981991293,0.03
1.0,0.2,0.02,0.01,44,shrink,28,5.425601440118882,-0.6443998051285978,0.06091838996953944,-21.463020777274867,19.050916702719157,1.7284899927143735,5.4557250712202165,-0.6519530814095541,0.04061381934880384,0.02
1.0,0.2,0.02,0.01,44,current,29,5.449937468602059,-0.6483367777583601,0.05146114277115388,-22.021558406563297,16.50943281333659,0.6923084212386106,5.447853334569508,-0.6312224343273329,0.04384720771257217,0.03
1.0,0.2,0.02,0.01,44,kink,29,5.442231550241444,-0.6557672627654921,0.05573882620215908,-21.804518820316495,16.50943281333659,-0.6187562728091152,5.424735579487664,-0.6535138893487289,0.056680258005587764,0.03
1.0,0.2,0.02,0.01,44,shrink,29,5.450146872175566,-0.6497561774728559,0.055224879638175094,-21.487609054475246,16.50943281333659,-0.6739780627704368,5.448481545290031,-0.6354806334708197,0.0551384183136358,0.02
1.0,0.2,0.02,0.01,44,current,30,5.440742333623976,-0.6438373876384308,0.03619060357623569,-21.526740195200063,16.842488642021706,-0.5830520135083352,5.447548290732172,-0.6555654123237411,0.055956429959622876,0.03
1.0,0.2,0.02,0.01,44,kink,30,5.430500082736461,-0.6436299955543189,0.03558880624729663,-18.218017388626677,16.842488642021706,-1.2419952924018127,5.41682153806963,-0.6549432360714053,0.054151037972805696,0.03
1.0,0.2,0.02,0.01,44,shrink,30,5.433011174060546,-0.638522231386392,0.03533713007503931,-17.167097898016436,16.842488642021706,2.419667886377799,5.4243548120418845,-0.6396199435676244,0.05339600945603374,0.02
1.0,0.2,0.02,0.01,44,current,31,5.437526046159289,-0.6465050760940138,0.05440972555575263,-21.495808697971263,17.435466473522187,0.05764689930690703,5.43027249596206,-0.6473448615499977,0.06891685273783754,0.03
1.0,0.2,0.02,0.01,44,kink,31,5.441544527958228,-0.6419142748303044,0.045843870113521236,-19.966292346297145,17.435466473522187,-0.49553788392908293,5.442327941358874,-0.6335724577588695,0.04321928641114335,0.03
1.0,0.2,0.02,0.01,44,shrink,31,5.442900980932307,-0.6389987103657596,0.05111196072546229,-19.963277377366676,17.435466473522187,1.6789552332636497,5.4463973002811095,-0.6248257643652352,0.0590235582469665,0.02
1.0,0.2,0.02,0.01,44,current,32,5.430439556440411,-0.6271307662009433,0.036668966354057794,-22.20696249316314,19.502674863574335,1.7101514251118717,5.435052058472109,-0.6215128677343681,0.022986960577276037,0.03
1.0,0.2,0.02,0.01,44,kink,32,5.425083994340706,-0.6243246406952326,0.039957425859482795,-22.071347720595575,19.502674863574335,-1.4000369788253004,5.418985372172993,-0.6130944912172362,0.03285233909355104,0.03
1.0,0.2,0.02,0.01,44,shrink,32,5.417921315277083,-0.6259887789876935,0.04317318666248763,-22.135393310174255,19.502674863574335,0.5041303605308185,5.397497334982125,-0.6180869060946185,0.04249962150256555,0.02
1.0,0.2,0.02,0.01,44,current,33,5.449901912220646,-0.6309771388910851,0.0482836164020789,-20.95169249233177,17.28002987451194,1.488094958697463,5.467030940220461,-0.6287869461379457,0.035056956178221396,0.03
1.0,0.2,0.02,0.01,44,kink,33,5.452646337351254,-0.634736334820867,0.047087164707796704,-20.613070141375495,17.28002987451194,-0.5915765622900433,5.4752642156122855,-0.6400645339272913,0.03146760109537481,0.03
1.0,0.2,0.02,0.01,44,shrink,33,5.448487261722487,-0.635700643986856,0.0522226025425101,-16.187405427614195,17.28002987451194,0.7313079131893068,5.462786988725985,-0.6429574614252586,0.046873914599514996,0.02
1.0,0.2,0.02,0.01,44,current,34,5.419760849803935,-0.6348674364408309,0.04646815595000037,-21.044881865776375,20.528873669614086,1.1706116022032313,5.430276571065817,-0.6376784903497696,0.048628287818973895,0.03
1.0,0.2,0.02,0.01,44,kink,34,5.422951087230223,-0.6306018827367598,0.04730458191243115,-18.561433846953506,20.528873669614086,-0.44249374738207203,5.4398472833446805,-0.6248818292375565,0.051137565706266236,0.03
1.0,0.2,0.02,0.01,44,shrink,34,5.425542952559741,-0.631700651577682,0.042698039287458404,-21.315231706837764,20.528873669614086,-1.6824533309375345,5.447622879333237,-0.6281781357603232,0.03731793783134798,0.02
1.0,0.2,0.02,0.01,44,current,35,5.4383687279812705,-0.6364309116874155,0.04319690109116409,-23.939513577862645,16.630305584442553,-0.8822442267622099,5.427298322145387,-0.6467683465386297,0.053842730858478835,0.03
1.0,0.2,0.02,0.01,44,kink,35,5.44016419649122,-0.6392055539089443,0.0438030779088846,-25.131085194976734,16.630305584442553,-0.31530878288143205,5.432684727675237,-0.6550922732032161,0.05566126131164034,0.03
1.0,0.2,0.02,0.01,44,shrink,35,5.440315559602834,-0.634304803772286,0.040776904297281674,-23.565892696137922,16.630305584442553,-2.4385813236296365,5.433138817010079,-0.6403900227932413,0.046582740476831565,0.02
1.0,0.2,0.02,0.01,44,current,36,5.434328234581703,-0.6390252302999193,0.045658284933004174,-20.067150601768372,17.027307747815943,-0.04089056643863298,5.432584365182779,-0.6393006293468326,0.031400787141815066,0.03
1.0,0.2,0.02,0.01,44,kink,36,5.433543476333111,-0.6452584984506449,0.05153588329521037,-21.324750675669364,17.027307747815943,-0.08823924470678546,5.430230090437003,-0.6580004337990093,0.049033582228433646,0.03
1.0,0.2,0.02,0.01,44,shrink,36,5.436634207206228,-0.6392230379683088,0.057099853966637505,-23.019798196189047,17.027307747815943,1.2751967294088313,5.43950228305635,-0.6398940523520013,0.06572549424271504,0.02
1.0,0.2,0.02,0.01,44,current,37,5.436278877853726,-0.6275356310359771,0.03733174967496798,-22.724561959149465,18.104412909358896,1.3330089621628822,5.435000663236659,-0.6278184499599196,0.0538309262807578,0.03
1.0,0.2,0.02,0.01,44,kink,37,5.430610570123203,-0.6341276484410222,0.041531754584448015,-23.93730406001558,18.104412909358896,1.0418894005234116,5.417995740045086,-0.6475945021750552,0.06643094100919789,0.03
1.0,0.2,0.02,0.01,44,shrink,37,5.445844308340447,-0.6269047268581093,0.031062555368775464,-18.621992853776902,18.104412909358896,1.885860987751546,5.463696954696817,-0.6259257374263159,0.035023343362180256,0.02
1.0,0.2,0.02,0.01,44,current,38,5.44831939232371,-0.6524095181062305,0.061181340504388594,-22.59061590209252,17.706876778911557,-0.5841392809989054,5.435248609327419,-0.6488441540183206,0.06986000331803204,0.03
1.0,0.2,0.02,0.01,44,kink,38,5.446607986793552,-0.6412039032346525,0.05274090782815205,-21.644624671051723,17.706876778911557,0.5970702421023146,5.430114392736944,-0.6152273094035864,0.04453870528932239,0.03
1.0,0.2,0.02,0.01,44,shrink,38,5.44596772511609,-0.6508544526710159,0.04613550269028222,-21.19336772141762,17.706876778911557,0.8327032063650008,5.428193607704561,-0.6441789577126769,0.024722489875712926,0.02
1.0,0.2,0.02,0.01,44,current,39,5.423404045879759,-0.6488354801629722,0.05865649696859198,-24.550177036012606,19.020183190055526,-0.48692548324714036,5.420695798186244,-0.6439820813016199,0.07410933098366868,0.03
1.0,0.2,0.02,0.01,44,kink,39,5.42081045314238,-0.6451628159491896,0.05527597966734948,-20.986618986013454,19.020183190055526,0.48255631596624804,5.4129150199741085,-0.6329640886602721,0.06396777907994118,0.03
1.0,0.2,0.02,0.01,44,shrink,39,5.431026974241288,-0.6527248211168779,0.04736363753044531,-20.856252909725242,19.020183190055526,-2.178942430384606,5.443564583270831,-0.6556501041633371,0.04023075266922869,0.02
1.0,0.2,0.02,0.01,44,current,40,5.435403972752159,-0.6300891869080968,0.050891714855274994,-20.09238357843179,16.446048854346678,-0.17351976440791494,5.434653483606991,-0.6286062087554137,0.0529620153090201,0.03
1.0,0.2,0.02,0.01,44,kink,40,5.4325121786215576,-0.6245735473152583,0.04247072929045025,-23.317111352293686,16.446048854346678,-0.158584650484213,5.425978101215185,-0.6120592899768982,0.027699058614545868,0.03
1.0,0.2,0.02,0.01,44,shrink,40,5.427284666295226,-0.6336410935443842,0.04794340941124792,-22.514912095563496,16.446048854346678,0.42257695801532247,5.4102955642361925,-0.6392619286642763,0.04411709897693887,0.02
1.0,0.2,0.02,0.01,44,current,41,5.4436173506752255,-0.6456137400168226,0.03273674052666931,-21.2671407435271,17.912693709042905,-1.410911248430612,5.4364095627150375,-0.6519063429079203,0.0454932564347886,0.03
1.0,0.2,0.02,0.01,44,kink,41,5.444559347721193,-0.6439446397768301,0.031356968687207304,-23.435005294256015,17.912693709042905,0.037156265065410254,5.439235553852941,-0.6468990421879428,0.04135394091640257,0.03
1.0,0.2,0.02,0.01,44,shrink,41,5.439799944495481,-0.6434982010034122,0.038365080287117985,-21.29294692523431,17.912693709042905,-0.1932314682945253,5.424957344175805,-0.6455597258676886,0.06237827571613459,0.02
1.0,0.2,0.02,0.01,44,current,42,5.435193085376525,-0.636258558091709,0.053585211309047205,-21.97808468650119,18.087280550076507,-1.302813302350207,5.421693728961622,-0.6444113592956513,0.06705264076923437,0.03
1.0,0.2,0.02,0.01,44,kink,42,5.430164188832244,-0.636504475267007,0.04914827617683563,-20.391268674181724,18.087280550076507,-0.21050287186367234,5.406607039328776,-0.6451491108215459,0.053741835372599626,0.03
1.0,0.2,0.02,0.01,44,shrink,42,5.433161621267604,-0.6341349433128876,0.050625224823476124,-21.91518600267148,18.087280550076507,0.12001432803045442,5.415599336634854,-0.6380405149591873,0.058172681312521124,0.02
1.0,0.2,0.02,0.01,44,current,43,5.42822196306966,-0.6398928660540749,0.038291185191823014,-20.643843726715808,19.319194022502394,-0.3534434055081146,5.4138305008256795,-0.6547385768992768,0.04481515275094259,0.03
1.0,0.2,0.02,0.01,44,kink,43,5.4263048885888905,-0.6323998931084521,0.042435189322978906,-19.29601990914253,19.319194022502394,2.601674013343873,5.408079277383371,-0.6322596580624086,0.05724716514441025,0.03
1.0,0.2,0.02,0.01,44,shrink,43,5.443446544387179,-0.6323436056410986,0.04060600393611034,-23.62415046996793,19.319194022502394,-1.0623236073337377,5.459504244778233,-0.6320907956603478,0.05175960898380455,0.02
1.0,0.2,0.02,0.01,44,current,44,5.42038977692431,-0.6305171457926501,0.05023352318027933,-18.70395328008675,19.427628989139706,-0.23563197172740757,5.431184291983676,-0.6222811267986122,0.05109968850351585,0.03
1.0,0.2,0.02,0.01,44,kink,44,5.430171862007515,-0.6372460946829048,0.038533753692994104,-19.731738707297794,19.427628989139706,-0.7475683878684456,5.460530547233287,-0.6424679734693765,0.01600038004166016,0.03
1.0,0.2,0.02,0.01,44,shrink,44,5.426910991556316,-0.6405645983504125,0.04905135448767179,-22.563605142573746,19.427628989139706,0.8664998647534417,5.450747935879692,-0.6524234844718994,0.04755318242569323,0.02
1.0,0.2,0.02,0.01,44,current,45,5.430681085843825,-0.6267464951386446,0.051155887288638346,-21.20157047923505,17.731266482929133,3.423946011904997,5.427107213997626,-0.6185609451541313,0.05252951302003591,0.03
1.0,0.2,0.02,0.01,44,kink,45,5.4356772502684665,-0.6308942075656163,0.05041080447300767,-22.79005848648805,17.731266482929133,-1.5340960162185042,5.442095707271551,-0.6310040824350469,0.05029426457314391,0.03
1.0,0.2,0.02,0.01,44,shrink,45,5.428481012453414,-0.6299217063796028,0.052508264200473526,-19.943474561847314,17.731266482929133,0.5517074123673633,5.420506993826391,-0.628086578877006,0.056586643755541455,0.02
1.0,0.2,0.02,0.01,44,current,46,5.420961330359352,-0.6321316786128337,0.04873563580649431,-23.152998358817676,20.904431287028217,-1.2929579409375438,5.414290628901563,-0.6309909974981719,0.048621807166913215,0.03
1.0,0.2,0.02,0.01,44,kink,46,5.427308999586882,-0.6328722159823283,0.05434616657618843,-23.279895386634507,20.904431287028217,0.366268906483995,5.4333336365841545,-0.6332126096066558,0.0654533994759956,0.03
1.0,0.2,0.02,0.01,44,shrink,46,5.423027160802221,-0.6370304845993903,0.043679756301623074,-19.701371681084133,20.904431287028217,-0.5627294704903116,5.42048812023017,-0.6456874154578419,0.033454168652299526,0.02
1.0,0.2,0.02,0.01,44,current,47,5.441292977594725,-0.6441452555154495,0.0524234390089926,-21.95217609876972,17.068816617863888,-0.23640769582301324,5.438841359592575,-0.6542314779366405,0.05741515883924611,0.03
1.0,0.2,0.02,0.01,44,kink,47,5.440695504571326,-0.6375849939065454,0.04888626660692021,-20.481118164638055,17.068816617863888,-0.2676429197973822,5.437048940522373,-0.634550693109928,0.046803641633028956,0.03
1.0,0.2,0.02,0.01,44,shrink,47,5.443867810473154,-0.6351037254044009,0.0427162526726805,-16.58516532716857,17.068816617863888,-1.082676889009306,5.446565858227862,-0.6271068876034944,0.028293599830309827,0.02
1.0,0.2,0.02,0.01,44,current,48,5.437035172461896,-0.6517842344563486,0.054374782603936134,-23.376360128624874,16.401039156091137,0.4755937823378604,5.436993736797685,-0.6483265237253082,0.03861894945703027,0.03
1.0,0.2,0.02,0.01,44,kink,48,5.435558611349375,-0.6460010279760796,0.05558001965568107,-19.457319467823723,16.401039156091137,-1.013636817807019,5.432564053460123,-0.6309769042845013,0.04223466061226509,0.03
1.0,0.2,0.02,0.01,44,shrink,48,5.438466645701933,-0.6531830387331273,0.06291660483112214,-22.290872212513005,16.401039156091137,0.5859489428786606,5.441288156517796,-0.6525229365556443,0.0642444161385883,0.02
1.0,0.2,0.02,0.01,44,current,49,5.446995672766712,-0.6392409810871228,0.04638577856157713,-21.92080264097418,17.69026858353901,-0.2238689986299116,5.442720761270581,-0.6413394252179415,0.04323142424523836,0.03
1.0,0.2,0.02,0.01,44,kink,49,5.439100096400769,-0.6371215848007391,0.05049164353923905,-21.074718467896055,17.69026858353901,1.1113002607919285,5.419034032172752,-0.6349812363587903,0.055549019178224135,0.03
1.0,0.2,0.02,0.01,44,shrink,49,5.449838812085743,-0.638084517969702,0.04402208358289674,-18.084807829257645,17.69026858353901,-1.6435181914768,5.451250179227676,-0.6378700358656789,0.03614033930919722,0.02
1.0,0.2,0.03,0.0,36,current,0,1.1456666639612203,-0.23201621730020985,0.03750799872835448,-6.5092599992969,8.57640140965876,1.3563105769714627,1.1512384393472936,-0.23982666513214987,0.04326606194397311,0.03
1.0,0.2,0.03,0.0,36,kink,0,1.1450398544419695,-0.22714215812646177,0.035449124653757026,-6.692445117661058,8.57640140965876,0.1537125289238026,1.1493580107895416,-0.22520448761090558,0.03708943972018074,0.03
1.0,0.2,0.03,0.0,36,shrink,0,1.1455468809592066,-0.22839979360586057,0.03724204994608725,-8.271997408531098,8.57640140965876,1.5815234654376609,1.1508790903412531,-0.22897739404910203,0.04246821559717143,0.03
1.0,0.2,0.03,0.0,36,current,1,1.1337547064574431,-0.22614202058760502,0.0361468635502799,-8.553961420891707,7.359184353650574,1.4173213900818484,1.1325453914534707,-0.2215137452918804,0.03829392688907066,0.03
1.0,0.2,0.03,0.0,36,kink,1,1.1365025794845112,-0.227884023540697,0.03533544463018615,-8.54966895205801,7.359184353650574,1.5673274605188465,1.1407890105346747,-0.22673975415115638,0.03585967012878941,0.03
1.0,0.2,0.03,0.0,36,shrink,1,1.1326200948004728,-0.22496110224329527,0.036283946300664754,-7.940411228984821,7.359184353650574,1.0561229326795927,1.1291415564825593,-0.2179709902589512,0.03870517514022522,0.03
1.0,0.2,0.03,0.0,36,current,2,1.1412182315120403,-0.22307412414819827,0.04118476220376344,-8.985001972780696,7.496812727453263,0.8649630538772949,1.1480143561672949,-0.2227416615805348,0.04242679718326573,0.03
1.0,0.2,0.03,0.0,36,kink,2,1.1404251400088052,-0.22333810653206643,0.04035141170397921,-8.932151784985614,7.496812727453263,0.8547059386379873,1.1456350816575902,-0.2235336087321393,0.03992674568391302,0.03
1.0,0.2,0.03,0.0,36,shrink,2,1.1388924265749136,-0.22107045590562346,0.04144594948727662,-8.545811411806344,7.496812727453263,1.0994146466520534,1.1410369413559154,-0.21673065685281037,0.043210359033805254,0.03
1.0,0.2,0.03,0.0,36,current,3,1.137360670031517,-0.2208745285484758,0.03243904100921959,-8.352594094512034,7.400499365028724,1.6722132469454587,1.1347822688023546,-0.21772474195034153,0.033830311843997186,0.03
1.0,0.2,0.03,0.0,36,kink,3,1.1406829999686086,-0.22579729607642965,0.0313391179581102,-7.938065928855043,7.400499365028724,1.6890108584508907,1.1447492586136288,-0.2324930445342031,0.030530542690669023,0.03
1.0,0.2,0.03,0.0,36,shrink,3,1.1390939409437555,-0.2254342489386704,0.03487385152345978,-9.199896994840586,7.400499365028724,1.8734633485478698,1.1399820815390698,-0.23140390312092532,0.04113474338671774,0.03
1.0,0.2,0.03,0.0,36,current,4,1.145253910529932,-0.22772690995483033,0.03663228487958541,-8.83101684455814,6.697766523312353,1.2533947020962368,1.1504013231847123,-0.2297401929528956,0.03431110592469119,0.03
1.0,0.2,0.03,0.0,36,kink,4,1.1420090073594282,-0.22603781538667977,0.037959757101187826,-8.13480028065149,6.697766523312353,1.1920765960277602,1.1406666136732013,-0.22467290924844405,0.03829352258949844,0.03
1.0,0.2,0.03,0.0,36,shrink,4,1.1417056666144583,-0.22695540891343832,0.038694620357116856,-8.730590517481962,6.697766523312353,1.1877534331516038,1.1397565914382912,-0.2274256898287196,0.04049811235728554,0.03
1.0,0.2,0.03,0.0,36,current,5,1.1436193314516736,-0.23087134388235916,0.03441024079473507,-8.010014239374572,7.499881419688027,0.9064280636513874,1.1405179525401485,-0.22748108089268088,0.030921078574477984,0.03
1.0,0.2,0.03,0.0,36,kink,5,1.145954907000246,-0.23271011627781213,0.038569252508761705,-9.394915638487566,7.499881419688027,1.536801011535843,1.1475246791858649,-0.23299739807903982,0.0433981137165579,0.03
1.0,0.2,0.03,0.0,36,shrink,5,1.1428977583853615,-0.22882754517846285,0.03846076100242571,-7.634848458722592,7.499881419688027,0.7139148934003555,1.1383532333412114,-0.22134968478099207,0.0430726391975499,0.03
1.0,0.2,0.03,0.0,36,current,6,1.140958897459457,-0.23206199309463302,0.04670196917713801,-8.267185741506076,7.239330029903742,0.600332220180667,1.1470458570009816,-0.22900452385023037,0.046937572911895147,0.03
1.0,0.2,0.03,0.0,36,kink,6,1.141485346134451,-0.23234662534092654,0.04486480118424214,-8.559809318586801,7.239330029903742,0.7523727511173184,1.1486252030259634,-0.229858420589111,0.04142606893320754,0.03
1.0,0.2,0.03,0.0,36,shrink,6,1.1407159030446923,-0.23219938324422087,0.04594211903754399,-9.78436937475691,7.239330029903742,0.1696915746708243,1.1463168737566871,-0.229416694298994,0.044658022493113084,0.03
1.0,0.2,0.03,0.0,36,current,7,1.1366780166137749,-0.22749902001287928,0.0372674147232799,-7.6765922712302235,7.37248588239439,1.0954958129381904,1.1312867828533653,-0.22218354502881404,0.033618295432,0.03
1.0,0.2,0.03,0.0,36,kink,7,1.1355471563558746,-0.23111964508337116,0.04077052598327537,-8.112892063344118,7.37248588239439,1.1530943274097,1.127894202079664,-0.23304542024028974,0.044127629211986416,0.03
1.0,0.2,0.03,0.0,36,shrink,7,1.1348895062143154,-0.22789254016601032,0.04039184897884599,-9.309601853908916,7.37248588239439,1.060887067420151,1.1259212516549872,-0.2233641054882071,0.04299159819869829,0.03
1.0,0.2,0.03,0.0,36,current,8,1.14593419474107,-0.22457965651940873,0.03828579296541207,-8.129119017330353,8.744276796450169,1.2118921827000104,1.1485123970970075,-0.2265732078628152,0.0351182769375394,0.03
1.0,0.2,0.03,0.0,36,kink,8,1.1417621784753929,-0.22388116896810475,0.039513858844363196,-7.97827445454518,8.744276796450169,1.323901121784523,1.1359963482999769,-0.22447774520890335,0.038802474574392794,0.03
1.0,0.2,0.03,0.0,36,shrink,8,1.141361403104624,-0.22306722686877892,0.040686311038855685,-8.139514289255409,8.744276796450169,0.8246901576618975,1.1347940221876691,-0.22203591891092575,0.04231983115787025,0.03
1.0,0.2,0.03,0.0,36,current,9,1.145084141348369,-0.22824041217547508,0.03590831076797039,-8.619575017004667,6.8766008583275555,1.0851088258129011,1.1476423921859806,-0.22965674805503933,0.04429987545891684,0.03
1.0,0.2,0.03,0.0,36,kink,9,1.1424064166032806,-0.22680891337785922,0.034038532297369375,-9.270914533598301,6.8766008583275555,1.154749968129546,1.1396092179507158,-0.22536225166219162,0.038690540047113794,0.03
1.0,0.2,0.03,0.0,36,shrink,9,1.1424852174538271,-0.22920041558437101,0.0357568769280099,-8.62172908020796,6.8766008583275555,0.6882522282139275,1.1398456205023557,-0.23253675828172707,0.043845573939035355,0.03
1.0,0.2,0.03,0.0,36,current,10,1.1420324028318702,-0.22720965008452096,0.04175438482985019,-8.634498556736308,7.926340982749417,0.5968344225251725,1.141930858818196,-0.22908239717218423,0.042903532695361055,0.03
1.0,0.2,0.03,0.0,36,kink,10,1.14287473639126,-0.2299753901037049,0.041115019842193644,-8.11076412014585,7.926340982749417,0.6722767419104395,1.1444578594963648,-0.23737961722973608,0.04098543773239144,0.03
1.0,0.2,0.03,0.0,36,shrink,10,1.1396608459028406,-0.2289870846241837,0.03791403119396774,-8.240986622540618,7.926340982749417,0.8937417380087428,1.1348161880311067,-0.23441470079117252,0.0313824717877137,0.03
1.0,0.2,0.03,0.0,36,current,11,1.1488521439835075,-0.22667704195170899,0.038150872344751056,-8.654277425424603,7.712068470999873,0.8395900732150504,1.155220240611475,-0.2250519464800259,0.03383275429769995,0.03
1.0,0.2,0.03,0.0,36,kink,11,1.1462254421961386,-0.2272503640650959,0.04167226429735422,-8.755357353667245,7.712068470999873,0.42278300848367056,1.1473401352493684,-0.22677191282018672,0.044396930155509426,0.03
1.0,0.2,0.03,0.0,36,shrink,11,1.1470722362383128,-0.22713570496999877,0.03840081097329986,-7.64072740593281,7.712068470999873,1.0713923886533596,1.1498805173758908,-0.2264279355348953,0.03458257018334635,0.03
1.0,0.2,0.03,0.0,36,current,12,1.141628782426957,-0.2233981751317706,0.03848388456493421,-8.157525414804976,7.361571974114101,1.1954935149008519,1.1393365154858444,-0.22194909819760314,0.04182405332159539,0.03
1.0,0.2,0.03,0.0,36,kink,12,1.1404866436150713,-0.22248326350307457,0.03902305430212461,-8.41544774589357,7.361571974114101,1.2047153609619778,1.135910099050187,-0.21920436331151508,0.043441562533166604,0.03
1.0,0.2,0.03,0.0,36,shrink,12,1.1462746714054444,-0.2242898761770927,0.03590332892214012,-8.678213363414276,7.361571974114101,0.7330731362050449,1.1532741824213062,-0.22462420133356942,0.03408238639321312,0.03
1.0,0.2,0.03,0.0,36,current,13,1.1414587668249945,-0.23198188948180984,0.03693050654555107,-9.327499477975778,5.999859339275054,1.119281477301569,1.1384929658651424,-0.22998847439270417,0.039097990605360046,0.03
1.0,0.2,0.03,0.0,36,kink,13,1.1413733212440895,-0.23004357895374336,0.03825208043139213,-7.560544604552725,5.999859339275054,0.7614051518404905,1.1382366291224275,-0.2241735428085047,0.04306271226288323,0.03
1.0,0.2,0.03,0.0,36,shrink,13,1.1397167510468782,-0.23108268749872093,0.03742711871984078,-8.890677602320185,5.999859339275054,1.3489124512644046,1.1332669185307944,-0.22729086844343743,0.04058782712822918,0.03
1.0,0.2,0.03,0.0,36,current,14,1.1429046351671133,-0.22632390583529513,0.0356258620890187,-8.638158378504915,7.314162834071971,1.4184765144382119,1.1362646414527087,-0.22142552682201463,0.03663916798499244,0.03
1.0,0.2,0.03,0.0,36,kink,14,1.1446289811141988,-0.2251357115261625,0.03820390819789209,-9.403117682541906,7.314162834071971,2.0749093269906123,1.1414376792939644,-0.21786094389461674,0.0443733063116126,0.03
1.0,0.2,0.03,0.0,36,shrink,14,1.1419822963411723,-0.22709764017911735,0.03916088922594117,-8.688663276739,7.314162834071971,1.5398732073930106,1.1334976249748852,-0.22374672985348137,0.04724424939575984,0.03
1.0,0.2,0.03,0.0,36,current,15,1.143524089590765,-0.22957408246192776,0.032833985477111916,-9.04218531398176,7.165478162227344,1.2867893168940816,1.139702140790463,-0.23321441536183138,0.031705619783916034,0.03
1.0,0.2,0.03,0.0,36,kink,15,1.1416701105473732,-0.22679777931650014,0.03948011116219322,-9.082758828708748,7.165478162227344,0.786135815765739,1.1341402036602881,-0.22488550592554846,0.05164399683915994,0.03
1.0,0.2,0.03,0.0,36,shrink,15,1.1401887357845373,-0.2325362812264945,0.03787578324060149,-8.055140521154724,7.165478162227344,1.0235682342067935,1.1296960793717796,-0.24210101165553155,0.04683101307438476,0.03
1.0,0.2,0.03,0.0,36,current,16,1.1388942152140331,-0.2291669349324292,0.04179114060516126,-7.975307505979763,7.214919304692594,0.5817062098937794,1.1499607623780914,-0.2281384115419419,0.04429536085317428,0.03
1.0,0.2,0.03,0.0,36,kink,16,1.1378769147878607,-0.22722021861602149,0.03986694749786168,-7.765134840152934,7.214919304692594,0.9499559796760922,1.1469088610995732,-0.22229826259271884,0.038522781531275564,0.03
1.0,0.2,0.03,0.0,36,shrink,16,1.1377633736446002,-0.22850967938583622,0.0408508741109366,-8.763258036240279,7.214919304692594,1.4077798827525163,1.1465682376697919,-0.226166644902163,0.04147456137050032,0.03
1.0,0.2,0.03,0.0,36,current,17,1.139203230105005,-0.22784930513906143,0.04160877461562448,-9.071488648602424,8.14919087277372,0.6355938463243083,1.144105280619551,-0.23109597059311643,0.03845915243017944,0.03
1.0,0.2,0.03,0.0,36,kink,17,1.133894051974577,-0.2263814242006653,0.04149306789290924,-8.0010217314972,8.14919087277372,1.2469482889401728,1.1281777462282678,-0.226692327777928,0.03811203226203369,0.03
1.0,0.2,0.03,0.0,36,shrink,17,1.1376118055876865,-0.22747892496919955,0.04013608758719933,-9.625051220350615,8.14919087277372,1.6669560242467765,1.1393310070675957,-0.2299848300835308,0.034041091344903976,0.03
1.0,0.2,0.03,0.0,36,current,18,1.136577032158402,-0.22660883141310398,0.04145383980740147,-8.635442036120375,7.887051378252885,0.4492835748725006,1.1362794632201407,-0.22563882684605777,0.04108465086979892,0.03
1.0,0.2,0.03,0.0,36,kink,18,1.138918214613969,-0.22924372485045882,0.04028553817169275,-8.11115413741246,7.887051378252885,1.3398901965426502,1.1433030105868425,-0.2335435071581222,0.037579745962672786,0.03
1.0,0.2,0.03,0.0,36,shrink,18,1.1375649262401535,-0.22761647063516455,0.04195317935450929,-7.456006585216098,7.887051378252885,0.5241310156955734,1.139243145465396,-0.22866174451223936,0.04258266951112239,0.03
1.0,0.2,0.03,0.0,36,current,19,1.1452408724153165,-0.22928419562655233,0.03547403923129212,-8.33978825367458,6.580177485046837,0.9152235626603253,1.14428776160601,-0.22390450574296492,0.033328217712281165,0.03
1.0,0.2,0.03,0.0,36,kink,19,1.142685992942072,-0.22888837572675066,0.04010161989020655,-9.391736871338718,6.580177485046837,1.6363317806388569,1.1366231231862771,-0.22271704604355988,0.047210959689024445,0.03
1.0,0.2,0.03,0.0,36,shrink,19,1.1442493573874224,-0.22973807365429955,0.03859337452433738,-9.02117274264979,6.580177485046837,0.9678704531519623,1.1413132165223283,-0.2252661398262065,0.042686223591416925,0.03
1.0,0.2,0.03,0.0,36,current,20,1.1460975448023536,-0.22700697339427814,0.03575340561116536,-8.25870626398561,7.241092770955888,2.2070024913916084,1.1479278821628967,-0.2244728796546454,0.03359101789305952,0.03
1.0,0.2,0.03,0.0,36,kink,20,1.1417348862861991,-0.22739642016174497,0.03641611360417419,-8.535269516578147,7.241092770955888,1.1918807502857192,1.1348399066144332,-0.22564121995704586,0.035579141872085995,0.03
1.0,0.2,0.03,0.0,36,shrink,20,1.1459965286306202,-0.22805043835582287,0.0354973146817124,-8.72860760040821,7.241092770955888,1.2384160368174761,1.1476248336476962,-0.22760327453927967,0.03282274510470062,0.03
1.0,0.2,0.03,0.0,36,current,21,1.1346281485034853,-0.22797649564240638,0.04419660234127668,-8.452150066213521,7.493519151415324,1.2632151705729897,1.1419397779153346,-0.23057793217349562,0.036774081669322986,0.03
1.0,0.2,0.03,0.0,36,kink,21,1.1356185305249513,-0.22631439970705736,0.043188277286824256,-8.115490684592958,7.493519151415324,1.015615799559072,1.1449109239797328,-0.2255916443674486,0.03374910650596571,0.03
1.0,0.2,0.03,0.0,36,shrink,21,1.1365085023328054,-0.22728251282903408,0.04412823962483379,-9.126477074981866,7.493519151415324,1.5490147973137707,1.1475808394032947,-0.22849598373337873,0.036568993519994326,0.03
1.0,0.2,0.03,0.0,36,current,22,1.136675630062393,-0.2280754699631332,0.04170789840238729,-8.599902089893252,7.602451743457136,1.5304686241028502,1.1492677643146791,-0.23450414614905754,0.041625698337270006,0.03
1.0,0.2,0.03,0.0,36,kink,22,1.135961914539732,-0.22290556807140827,0.04062821468413336,-8.885596803282258,7.602451743457136,1.4980306082219355,1.1471266177466954,-0.2189944404738828,0.03838664718250821,0.03
1.0,0.2,0.03,0.0,36,shrink,22,1.1341427025196795,-0.22605689384282493,0.03953174249763696,-8.21210406701945,7.602451743457136,1.1349256977443969,1.1416689816865382,-0.22844841778813282,0.03509723062301903,0.03
1.0,0.2,0.03,0.0,36,current,23,1.134180318044396,-0.22596281433489881,0.045179805347749014,-8.536731266781148,7.49848193754919,1.3870044533286103,1.124110954066315,-0.21711909483704547,0.04522601415672863,0.03
1.0,0.2,0.03,0.0,36,kink,23,1.13506247247218,-0.22947979427291246,0.04481442474765434,-8.996911799346858,7.49848193754919,2.2932363510767404,1.1267574173496673,-0.22767003465108648,0.04412987235644461,0.03
1.0,0.2,0.03,0.0,36,shrink,23,1.1370391359440237,-0.23108917922893238,0.04555974426539952,-8.094626325171799,7.49848193754919,0.14914860765453253,1.1326874077651983,-0.2324981895191462,0.04636583090968015,0.03
1.0,0.2,0.03,0.0,36,current,24,1.139654952335414,-0.22879022617772216,0.0359118646266716,-8.284485427885844,8.000728456683127,1.099281358366247,1.1336291547387871,-0.22399812811602493,0.02648302195984753,0.03
1.0,0.2,0.03,0.0,36,kink,24,1.1421380385595936,-0.22922235593056425,0.03685998058107107,-8.228960597282619,8.000728456683127,0.9746692515041195,1.1410784134113254,-0.22529451737455117,0.029327369823045922,0.03
1.0,0.2,0.03,0.0,36,shrink,24,1.1409339117765602,-0.22973338430644885,0.041175433342697625,-9.227968640388823,8.000728456683127,1.128821641033303,1.137466033062226,-0.22682760250220502,0.042273728107925596,0.03
1.0,0.2,0.03,0.0,36,current,25,1.1457078104572902,-0.22692274834934148,0.03218708700300935,-9.111856494590272,7.237944760041786,1.1878915629636428,1.146699983715943,-0.23519199147414113,0.03758892300430944,0.03
1.0,0.2,0.03,0.0,36,kink,25,1.1454622409228172,-0.22687202500565484,0.03587654386523207,-7.981988518746766,7.237944760041786,1.2583925919110717,1.1459632751125244,-0.23503982144308116,0.04865729359097759,0.03
1.0,0.2,0.03,0.0,36,shrink,25,1.142901010274219,-0.22419565104241646,0.03231675468927948,-8.776539311090628,7.237944760041786,0.9725237218680365,1.13827958316673,-0.22701069955336606,0.037977926063119796,0.03
1.0,0.2,0.03,0.0,36,current,26,1.1405933173723335,-0.22800799119705975,0.03782548434886738,-8.950175586337433,8.009341624527613,1.5711035408511766,1.1426894603485886,-0.22752474260255148,0.04837858967876661,0.03
1.0,0.2,0.03,0.0,36,kink,26,1.1394864344292441,-0.22665073296717705,0.03281039192078262,-8.910178024064596,8.009341624527613,1.8508267974830916,1.13936881151932,-0.2234529679129034,0.03333331239451233,0.03
1.0,0.2,0.03,0.0,36,shrink,26,1.140123294087629,-0.2276959563293146,0.03399871386869268,-8.048394136315569,8.009341624527613,0.8396415436582545,1.1412793904944751,-0.22658863799931606,0.03689827823824253,0.03
1.0,0.2,0.03,0.0,36,current,27,1.1363772546427577,-0.2285862314288639,0.046166307880209236,-8.633184831377172,7.02046834151695,0.8507948360277643,1.1403951400945491,-0.2313178622782485,0.045415976850816844,0.03
1.0,0.2,0.03,0.0,36,kink,27,1.1358248875329442,-0.2270517775655402,0.04261432951817423,-8.744536967726752,7.02046834151695,1.6419405773311055,1.1387380387651085,-0.2267145006882775,0.034760041764711785,0.03
1.0,0.2,0.03,0.0,36,shrink,27,1.1352437998593221,-0.22975678359731397,0.04405355007816295,-8.061553830775955,7.02046834151695,0.9666521921328797,1.1369947757442418,-0.2348295187835987,0.039077703444677966,0.03
1.0,0.2,0.03,0.0,36,current,28,1.1421850934622462,-0.23038425848896105,0.042834873458239664,-8.93362566709647,7.93330061063353,0.9600163411696842,1.1474370205830309,-0.23436810931199464,0.04187289427971137,0.03
1.0,0.2,0.03,0.0,36,kink,28,1.1453983460557027,-0.22914075132717968,0.040542667710567075,-8.584929332243572,7.93330061063353,1.3537933550915198,1.1570767783634013,-0.23063758782665056,0.034996277036693585,0.03
1.0,0.2,0.03,0.0,36,shrink,28,1.1438410521023405,-0.22971084952466492,0.04265177884539401,-9.847229339943842,7.93330061063353,0.8934366045981927,1.1524048965033147,-0.23234788241910637,0.04132361044117443,0.03
1.0,0.2,0.03,0.0,36,current,29,1.146032738903253,-0.2329103431350602,0.040011511539609024,-8.686655282578116,7.731587969295854,1.311309155098854,1.1388798778735663,-0.22718261930683883,0.03640895600476323,0.03
1.0,0.2,0.03,0.0,36,kink,29,1.142252717877442,-0.2333605825943085,0.040602337598797555,-7.556207182512354,7.731587969295854,1.0948530799075917,1.1275398147961335,-0.22853333768458384,0.038181434182328826,0.03
1.0,0.2,0.03,0.0,36,shrink,29,1.1436945219728707,-0.23401635012734423,0.04009336607461359,-8.485563125964012,7.731587969295854,1.5195585681672494,1.1318652270824194,-0.23050064028369097,0.03665451960977694,0.03
1.0,0.2,0.03,0.0,36,current,30,1.1384095600046045,-0.2287869659893893,0.04025680683734078,-8.572210106894635,7.412273644748358,0.9842008784370652,1.1331610356068564,-0.227521296288302,0.039289152430619007,0.03
1.0,0.2,0.03,0.0,36,kink,30,1.141099432967504,-0.2298645003515428,0.04125943183393232,-7.656419952281954,7.412273644748358,1.5964376443984385,1.1412306544955542,-0.2307538993747625,0.04229702742039362,0.03
1.0,0.2,0.03,0.0,36,shrink,30,1.1431525587313784,-0.22859201933717962,0.0387476983061179,-8.708010315138104,7.412273644748358,0.8505681395315211,1.1473900317871777,-0.226936456331673,0.034761826836950366,0.03
1.0,0.2,0.03,0.0,36,current,31,1.136744307781681,-0.22998245613953897,0.04085166712313601,-8.741243435231114,7.030945795859862,0.9644853219279209,1.1327707873613242,-0.22759187902746983,0.04075650662624064,0.03
1.0,0.2,0.03,0.0,36,kink,31,1.1387387879992572,-0.23014955316994878,0.04197300633989515,-8.732218401090957,7.030945795859862,1.533698513369057,1.1387542280140521,-0.22809317011869923,0.044120524276518046,0.03
1.0,0.2,0.03,0.0,36,shrink,31,1.1388567286891624,-0.22725631450647144,0.040326245898537776,-8.086875900542287,7.030945795859862,0.9363281384471992,1.139108050083768,-0.2194134541282672,0.03918024295244593,0.03
1.0,0.2,0.03,0.0,36,current,32,1.134000900374675,-0.2262191417859337,0.03709275852135168,-8.837438124994435,6.772551826926278,0.8898277403588942,1.1204454986167998,-0.22685968095566633,0.04730013907098346,0.03
1.0,0.2,0.03,0.0,36,kink,32,1.1376510266336743,-0.22715615264019196,0.03481603590052234,-9.707721910694469,6.772551826926278,1.5962669554675846,1.1313958773937982,-0.2296707135184412,0.04046997120849544,0.03
1.0,0.2,0.03,0.0,36,shrink,32,1.1375412950731738,-0.22562567510736709,0.03512220599595313,-9.474059436812663,6.772551826926278,1.4637650015731856,1.1310666827122964,-0.22507928091996648,0.04138848149478782,0.03
1.0,0.2,0.03,0.0,36,current,33,1.143419689070086,-0.22712278150635132,0.03804626785665858,-8.667404274485996,7.845786849440605,1.094401607832174,1.1491860700338552,-0.22401101300065532,0.0389400240948386,0.03
1.0,0.2,0.03,0.0,36,kink,33,1.141280346876016,-0.22909384859207713,0.036981992083940554,-8.525012294090354,7.845786849440605,0.9291712210883023,1.1427680434516443,-0.22992421425783266,0.035747196776684524,0.03
1.0,0.2,0.03,0.0,36,shrink,33,1.141387809561313,-0.22727252225961428,0.040306390493865245,-8.675187573328445,7.845786849440605,1.497442694098486,1.1430904315075354,-0.22446023526044423,0.045720392006458596,0.03
1.0,0.2,0.03,0.0,36,current,34,1.1395288174681473,-0.2290830837650384,0.04102222867515177,-8.701221066553545,7.67404098079467,1.1898037836085615,1.1429029774608053,-0.22676359960061584,0.036633668980028525,0.03
1.0,0.2,0.03,0.0,36,kink,34,1.1385928864591228,-0.2303703183367537,0.04316717597004981,-8.94034242549448,7.67404098079467,0.6840784812688716,1.1400951844337317,-0.2306253033157618,0.04306851086472263,0.03
1.0,0.2,0.03,0.0,36,shrink,34,1.134592602861985,-0.22592923873979154,0.04235134902930724,-7.489128070197031,7.67404098079467,1.2836416327900657,1.1280943336423184,-0.21730206452487527,0.040621030042494934,0.03
1.0,0.2,0.03,0.0,36,current,35,1.142848162116615,-0.22411026728811104,0.035996376361823915,-8.91076360267302,7.122703294581161,1.0257883347933694,1.1420512535757086,-0.2238331217166756,0.03484119285361576,0.03
1.0,0.2,0.03,0.0,36,kink,35,1.1399803396845634,-0.22658207168731445,0.03710388180971973,-8.060837181528072,7.122703294581161,0.8873647240896019,1.1334477862795527,-0.23124853491428574,0.0381637091973032,0.03
1.0,0.2,0.03,0.0,36,shrink,35,1.1435080803420468,-0.22661606105416532,0.038121720682708075,-8.035189186189655,7.122703294581161,0.7158515516087509,1.1440310082520033,-0.23135050301483842,0.04121722581626823,0.03
1.0,0.2,0.03,0.0,36,current,36,1.1413244363703032,-0.22481730547378279,0.03149819375065647,-8.395830378433308,7.199406558327104,0.9532565168144704,1.139729471981335,-0.22675481641677891,0.03388298334363975,0.03
1.0,0.2,0.03,0.0,36,kink,36,1.1390206990016003,-0.22285709885271074,0.032220880704254974,-8.224534909580976,7.199406558327104,1.6108613677094048,1.132818259875227,-0.2208741965535628,0.03605104420443526,0.03
1.0,0.2,0.03,0.0,36,shrink,36,1.1426524295044729,-0.22395369914549543,0.032625344574964486,-8.140612015551794,7.199406558327104,1.1054359112013021,1.1437134513838443,-0.22416399743191687,0.03726443581656378,0.03
1.0,0.2,0.03,0.0,36,current,37,1.1375461481426326,-0.22804365151132186,0.037572192264555014,-8.739607782941118,7.283405906394756,1.1283645794359518,1.1357903418102575,-0.22325345994983156,0.036498124004703335,0.03
1.0,0.2,0.03,0.0,36,kink,37,1.142250724430711,-0.2324915260218979,0.038061029531353686,-7.279070775122902,7.283405906394756,-0.23391411205240842,1.1499040706744934,-0.23659708348155967,0.03796463580509934,0.03
1.0,0.2,0.03,0.0,36,shrink,37,1.1393454558012996,-0.22990191189856748,0.04001267910784466,-9.372490987025776,7.283405906394756,1.903995215708946,1.1411882647862595,-0.2288282411115685,0.04381958453457228,0.03
1.0,0.2,0.03,0.0,36,current,38,1.141290103425951,-0.22945950261654824,0.035606460910358025,-9.169823622833263,8.21256989349897,1.0999269898382957,1.1371984012839707,-0.22643336289737115,0.033812047263387934,0.03
1.0,0.2,0.03,0.0,36,kink,38,1.1381100499266916,-0.2275050030037901,0.03579738712302688,-8.04137072176061,8.21256989349897,1.3909868736920572,1.1276582407861924,-0.2205698640590967,0.034384825901394495,0.03
1.0,0.2,0.03,0.0,36,shrink,38,1.1414142189240186,-0.2292085702775154,0.035586378386571665,-7.776650500643338,8.21256989349897,1.2227806103874603,1.1375707477781731,-0.22568056588027266,0.03375179969202886,0.03
1.0,0.2,0.03,0.0,36,current,39,1.140361931164958,-0.23401894622153133,0.04621855529697403,-7.7735274342628085,7.86446152679665,-0.3947042608806506,1.1324405125353876,-0.23350757956014156,0.04631677857390544,0.03
1.0,0.2,0.03,0.0,36,kink,39,1.142187296531251,-0.23219218061758784,0.04389030273787148,-8.36805635144034,7.86446152679665,0.7520793809584394,1.1379166086342662,-0.22802728274831116,0.03933202089659775,0.03
1.0,0.2,0.03,0.0,36,shrink,39,1.1416450460499743,-0.22860126708806636,0.044548907492334665,-8.76507266805454,7.86446152679665,0.9999950953439688,1.136289857190437,-0.21725454215974666,0.04130783515998732,0.03
1.0,0.2,0.03,0.0,36,current,40,1.139481423469871,-0.23096592319559248,0.043500203321687525,-8.389590433136128,7.455551632900418,0.7135599608692917,1.143716527179915,-0.23397562803588282,0.04188928866697233,0.03
1.0,0.2,0.03,0.0,36,kink,40,1.133951903894565,-0.22984466441520054,0.04322483770682506,-8.850527205269007,7.455551632900418,0.5655233844279425,1.1271279684539968,-0.230611851694707,0.04106319182238494,0.03
1.0,0.2,0.03,0.0,36,shrink,40,1.134481847568073,-0.22814339608334,0.039972504024577166,-8.791600266871102,7.455551632900418,1.1337806574939806,1.1287177994745214,-0.22550804669912544,0.03130619077564126,0.03
1.0,0.2,0.03,0.0,36,current,41,1.1401114508259322,-0.22855751913532618,0.04101425907757545,-8.813732862929887,7.147851022682813,0.9069221279046928,1.1350600549018137,-0.22723738495940304,0.044946077978684294,0.03
1.0,0.2,0.03,0.0,36,kink,41,1.1425361863646184,-0.22796156029276052,0.03691781295152074,-8.32546383083718,7.147851022682813,1.5590161246316174,1.1423342615178724,-0.22544950843170614,0.032656739600520145,0.03
1.0,0.2,0.03,0.0,36,shrink,41,1.141078696029255,-0.22590134692859473,0.03795394846471108,-8.162313795205804,7.147851022682813,0.5487098227466926,1.1379617905117816,-0.21926886833920875,0.03576514614009118,0.03
1.0,0.2,0.03,0.0,36,current,42,1.1406864695545942,-0.23064148838645326,0.0414065661144556,-9.068087289455345,7.600629961958315,1.6498684953819138,1.1390200991568658,-0.22940440176424115,0.03900295087976091,0.03
1.0,0.2,0.03,0.0,36,kink,42,1.1389193888225337,-0.22888102982127378,0.04182226209454896,-7.192514026192731,7.600629961958315,1.140334565445454,1.1337188569606846,-0.22412302606870266,0.04025003882004101,0.03
1.0,0.2,0.03,0.0,36,shrink,42,1.140347491978772,-0.23023910334542966,0.04072845713119734,-8.698385200635222,7.600629961958315,1.6405225093038807,1.1380031664293988,-0.22819724664117036,0.03696862392998616,0.03
1.0,0.2,0.03,0.0,36,current,43,1.140945400878868,-0.22747732981214028,0.041470733192562344,-9.044840476239033,6.936326153644323,1.7555229479978904,1.1349110323824223,-0.22686111013243088,0.03626475138234244,0.03
1.0,0.2,0.03,0.0,36,kink,43,1.1399753852105305,-0.224433097691217,0.04366534112228404,-7.937840542648606,6.936326153644323,0.814578706566912,1.1320009853774096,-0.21772841376966096,0.04284857517150751,0.03
1.0,0.2,0.03,0.0,36,shrink,43,1.141009268444553,-0.22478142361041722,0.0427051609516356,-7.912831052055308,6.936326153644323,1.355002242575887,1.1351026350794768,-0.2187733915272617,0.03996803465956222,0.03
1.0,0.2,0.03,0.0,36,current,44,1.1390180321841106,-0.22644157461151815,0.04307662659144187,-9.221153069038659,7.282124249283701,1.0931112686370041,1.1489949802090127,-0.22864913110072588,0.0373066191797798,0.03
1.0,0.2,0.03,0.0,36,kink,44,1.136438109846151,-0.22610888224684342,0.04443913207640863,-7.104527636700663,7.282124249283701,0.8506144009603549,1.1412552131951337,-0.22765105400670174,0.04139413563468013,0.03
1.0,0.2,0.03,0.0,36,shrink,44,1.1329033379945537,-0.22531147029154242,0.04857360400451447,-8.875990132045619,7.282124249283701,1.3283509645150207,1.1306508976403415,-0.22525881814079876,0.05379755141899763,0.03
1.0,0.2,0.03,0.0,36,current,45,1.1384199174931207,-0.22888842278775415,0.0445673465041786,-7.775942493506324,7.169565784735287,0.9745875538919915,1.1329224527651298,-0.23309614070743828,0.04660534976029496,0.03
1.0,0.2,0.03,0.0,36,kink,45,1.1416608624985438,-0.22820120142727762,0.037960483873109234,-8.665950820695908,7.169565784735287,1.0830500191902348,1.1426452877813995,-0.23103447662600865,0.026784761867086823,0.03
1.0,0.2,0.03,0.0,36,shrink,45,1.1415938022519179,-0.22790253048441714,0.043954979784857,-8.119980647389415,7.169565784735287,1.0284858464845807,1.1424441070415217,-0.23013846379742728,0.04476824960233014,0.03
1.0,0.2,0.03,0.0,36,current,46,1.1448719476099685,-0.2295640738691057,0.037992744566660804,-8.41979055945188,8.161004726975063,1.8360341515645142,1.1412803601494212,-0.23369722720520358,0.04306579549975207,0.03
1.0,0.2,0.03,0.0,36,kink,46,1.144997877377028,-0.22771135759321445,0.03599036889351708,-8.418585345398494,8.161004726975063,1.7584621492720478,1.1416581494505995,-0.2281390783775298,0.03705866848032087,0.03
1.0,0.2,0.03,0.0,36,shrink,46,1.1429246170798273,-0.22665124063760148,0.03484639785447561,-8.136621573259944,8.161004726975063,1.0997985312005212,1.135438368558998,-0.224958727510691,0.03362675536319647,0.03
1.0,0.2,0.03,0.0,36,current,47,1.1373089883126102,-0.22569072208062504,0.03937422349984782,-8.173652673482492,8.664023632448808,1.442227406608876,1.1339468730143514,-0.22962599796356492,0.03953578626455407,0.03
1.0,0.2,0.03,0.0,36,kink,47,1.1391095867622958,-0.2272163450082878,0.039099243978695235,-8.359157264486186,8.664023632448808,1.325132685425307,1.1393486683634078,-0.23420286674655308,0.0387108477010963,0.03
1.0,0.2,0.03,0.0,36,shrink,47,1.1355262459143096,-0.22508318934027102,0.038284256212524494,-8.25609537059968,8.664023632448808,0.8362715586467752,1.1285986458194497,-0.22780339974250272,0.036265884402584096,0.03
1.0,0.2,0.03,0.0,36,current,48,1.1451595003757935,-0.22876561843488685,0.04045185943587463,-8.108495364792892,7.368736626217838,0.8693723141423014,1.1492067034900249,-0.22664861602937453,0.04349602340095785,0.03
1.0,0.2,0.03,0.0,36,kink,48,1.1457047911025777,-0.23006955653425817,0.0379592594124195,-8.935548976193843,7.368736626217838,1.9774330079316988,1.150842575670377,-0.23056043032748846,0.03601822333059248,0.03
1.0,0.2,0.03,0.0,36,shrink,48,1.1445569931025588,-0.2303363837138175,0.03951035431098953,-7.429584036822952,7.368736626217838,1.205091618458305,1.147399181670321,-0.23136091186616653,0.04067150802630255,0.03
1.0,0.2,0.03,0.0,36,current,49,1.1368252975648245,-0.22439421737434392,0.033775200281535314,-8.924291864259361,8.611080407820582,0.8632713408089262,1.1346040744467816,-0.22980857502288696,0.044605478863854166,0.03
1.0,0.2,0.03,0.0,36,kink,49,1.1413260044690068,-0.22402604237557153,0.031243937127927238,-7.678366805439325,8.611080407820582,0.7697570083519532,1.1481061951593274,-0.22870405002656968,0.03701168940302993,0.03
1.0,0.2,0.03,0.0,36,shrink,49,1.1414410263182468,-0.2228773325256117,0.03276998372771079,-8.567242028664792,8.611080407820582,1.903562937677543,1.148451260707048,-0.22525792047669027,0.04158982920238058,0.03
1.0,0.2,0.03,0.0,40,current,0,2.6905740334527835,-0.43161503190169404,0.05709976698789654,-14.436287439818624,12.765823235614493,1.5533595734935837,2.6940091208995667,-0.4325258447091976,0.05941183215455793,0.03
1.0,0.2,0.03,0.0,40,kink,0,2.691058565361859,-0.4341429895318513,0.05458688584580108,-13.068529959144898,12.765823235614493,1.4058551815590752,2.695462716626794,-0.4401097175996693,0.051873188728271534,0.03
1.0,0.2,0.03,0.0,40,shrink,0,2.6859034850995234,-0.4347227127512303,0.05842415926301522,-14.799585113043147,12.765823235614493,-0.0849742708401624,2.679997475839787,-0.4418488872578064,0.06338500897991396,0.03
1.0,0.2,0.03,0.0,40,current,1,2.6839645872344686,-0.4182142982072478,0.06019434661175901,-15.522967265416396,14.256887657133555,0.2977981899052762,2.6816565810011803,-0.4219241947135163,0.06726483736700793,0.03
1.0,0.2,0.03,0.0,40,kink,1,2.686573351147654,-0.4140991886742262,0.053351129300646734,-14.629948828711147,14.256887657133555,0.8058050411878095,2.6894828727407374,-0.4095788661144515,0.04673518543367112,0.03
1.0,0.2,0.03,0.0,40,shrink,1,2.683251712754265,-0.42229316523461297,0.058236177556515285,-14.592705200063467,14.256887657133555,0.7225001806624622,2.6795179575605705,-0.43416079579561184,0.061390330201276766,0.03
1.0,0.2,0.03,0.0,40,current,2,2.679667352568027,-0.4217179163208053,0.04935141965674047,-15.169893320658037,12.17362263985794,1.6788973573654018,2.6797781167972334,-0.42757721966121565,0.030589312043630273,0.03
1.0,0.2,0.03,0.0,40,kink,2,2.6783009340618453,-0.4209666732084532,0.060706662005215496,-15.147481808680368,12.17362263985794,-0.28248204178143577,2.675678861278689,-0.4253234903241595,0.06465503908905533,0.03
1.0,0.2,0.03,0.0,40,shrink,2,2.6799761767312726,-0.4201609246798555,0.060027619925056154,-14.523219065635288,12.17362263985794,0.45064785618410186,2.68070458928697,-0.42290624473836647,0.06261791284857732,0.03
1.0,0.2,0.03,0.0,40,current,3,2.6801597472059115,-0.4293716912391407,0.05442787317582152,-13.881560230094482,10.18044638427587,0.5144839736410136,2.672629660635411,-0.4195612301253046,0.05701752037123345,0.03
1.0,0.2,0.03,0.0,40,kink,3,2.684536496712726,-0.4320048339275628,0.05525846522694167,-13.866646725889883,10.18044638427587,1.852997593216611,2.685759909155854,-0.42746065819057094,0.059509296524593906,0.03
1.0,0.2,0.03,0.0,40,shrink,3,2.684754051780431,-0.43148372270630864,0.056197552579270525,-13.550020227290004,10.18044638427587,1.8910289746368543,2.6864125743589695,-0.4258973245268084,0.06232655858158045,0.03
1.0,0.2,0.03,0.0,40,current,4,2.6980321734929067,-0.4335193375957091,0.04737394845714094,-13.59179093494336,12.148586310073362,0.15307502683509777,2.691855951338864,-0.42744616045413486,0.05289880176098036,0.03
1.0,0.2,0.03,0.0,40,kink,4,2.697655093332207,-0.4355227358836418,0.054259981509547535,-14.69070913798123,12.148586310073362,1.0388127216949972,2.6907247108567653,-0.43345635531793314,0.07355690091820014,0.03
1.0,0.2,0.03,0.0,40,shrink,4,2.6956588833397066,-0.43747558974689676,0.0482527754480447,-12.816656745277825,12.148586310073362,-0.7282887442479955,2.684736080879264,-0.43931491690769797,0.05553528273369161,0.03
1.0,0.2,0.03,0.0,40,current,5,2.6897962277730207,-0.4257342437719598,0.057868052413444136,-13.952178179201827,13.746621762631793,-0.5884507015726845,2.6925769558991486,-0.42083174248724964,0.0454677483400229,0.03
1.0,0.2,0.03,0.0,40,kink,5,2.684990515220317,-0.4243010809107435,0.06235527691113013,-13.852706416357584,13.746621762631793,0.8582031897974274,2.6781598182410384,-0.4165322539036007,0.05892942183308087,0.03
1.0,0.2,0.03,0.0,40,shrink,5,2.68285381494015,-0.4255968478147365,0.06374304061010609,-13.311823906177366,13.746621762631793,-0.0885770531186012,2.671749717400538,-0.42041955461557967,0.06309271293000876,0.03
1.0,0.2,0.03,0.0,40,current,6,2.675174675645762,-0.42358304635778743,0.05437333723722385,-16.0952830281451,13.286159174795612,0.8796006533141787,2.6646226446832517,-0.4374110917796865,0.07238769212543253,0.03
1.0,0.2,0.03,0.0,40,kink,6,2.6801383161403387,-0.42282654480869275,0.05056082324026198,-14.647994479746075,13.286159174795612,1.4784783814493896,2.6795135661669804,-0.43514158713240253,0.060950150134546896,0.03
1.0,0.2,0.03,0.0,40,shrink,6,2.681841266530725,-0.4235082948388576,0.05244689424602375,-15.49395659805942,13.286159174795612,0.5418645514002844,2.6846224173381383,-0.4371868372228972,0.0666083631518322,0.03
1.0,0.2,0.03,0.0,40,current,7,2.700109942078337,-0.42603303431659384,0.05989811502889127,-15.416794978446429,11.080329529405603,-0.12031490637584663,2.711942303085632,-0.43019907542126545,0.05698471752521002,0.03
1.0,0.2,0.03,0.0,40,kink,7,2.6977371057744066,-0.42496857241625624,0.06300283491076149,-11.499400466069865,11.080329529405603,0.45933490785839015,2.7048237941738407,-0.42700568972025277,0.0662988771708207,0.03
1.0,0.2,0.03,0.0,40,shrink,7,2.6915380079287217,-0.42459346932802194,0.06197487395396548,-14.410989959823814,11.080329529405603,0.9067440511946938,2.686226500636784,-0.4258803804555499,0.06321499430043268,0.03
1.0,0.2,0.03,0.0,40,current,8,2.686565089262725,-0.42617349792977494,0.057959456055124446,-12.852173689543115,12.613865868017852,1.2835020538888258,2.6899039442784725,-0.4205862403483453,0.06203469763269679,0.03
1.0,0.2,0.03,0.0,40,kink,8,2.6863878771834795,-0.43117295415872753,0.057729624714916494,-14.55403038654419,12.613865868017852,0.038217419908533,2.689372308040736,-0.43558460903520285,0.06134520361207294,0.03
1.0,0.2,0.03,0.0,40,shrink,8,2.6875894616069824,-0.4327053924267234,0.06289384334620474,-13.909257219440144,12.613865868017852,0.8230430049241741,2.6929770613112445,-0.4401819238391905,0.07683785950593768,0.03
1.0,0.2,0.03,0.0,40,current,9,2.698196118578238,-0.43116676849621755,0.05285160046090898,-15.52936850874485,11.836963936408669,0.8540791123710716,2.6903403826968404,-0.4365350910920187,0.04123129508852074,0.03
1.0,0.2,0.03,0.0,40,kink,9,2.6950654741112103,-0.4297326823002862,0.058882403660573845,-14.396794209096726,11.836963936408669,1.192000265722052,2.680948449295757,-0.43223283250422473,0.05932370468751531,0.03
1.0,0.2,0.03,0.0,40,shrink,9,2.7075001951750592,-0.43168998519772944,0.053926838502147245,-14.117029723978337,11.836963936408669,1.4183429449675236,2.718252612487303,-0.43810474119655457,0.04445700921223551,0.03
1.0,0.2,0.03,0.0,40,current,10,2.6936871843445203,-0.4207825704448222,0.04625624981650673,-15.697939450444535,13.521776418098929,0.5024800316303046,2.682093660531169,-0.423603269233097,0.04330374250615994,0.03
1.0,0.2,0.03,0.0,40,kink,10,2.6938384524506644,-0.4193798369578676,0.04737183606735914,-14.067795443426098,13.521776418098929,1.7042961934917429,2.6825474648496006,-0.4193950687722334,0.046650501258717156,0.03
1.0,0.2,0.03,0.0,40,shrink,10,2.6966992248696044,-0.41996776107303885,0.044370223464949454,-16.287957754201376,13.521776418098929,1.5027309421833381,2.6911297821064215,-0.421158841117747,0.03764566345148811,0.03
1.0,0.2,0.03,0.0,40,current,11,2.6881788684638805,-0.4283214572366824,0.045996126330498065,-14.27495396841921,13.27095271564513,0.6693156913901877,2.684623416980914,-0.4355801564200822,0.04259392746238363,0.03
1.0,0.2,0.03,0.0,40,kink,11,2.690065706015503,-0.4236258846853487,0.050178958739865075,-15.13684815600379,13.27095271564513,1.1682439517378311,2.6902839296357826,-0.42149343876608114,0.05514242469048466,0.03
1.0,0.2,0.03,0.0,40,shrink,11,2.6902024218659975,-0.42563505315958167,0.05136968746003908,-15.363832556583207,13.27095271564513,1.9655583661366753,2.6906940771872647,-0.42752094418878,0.05871461085100664,0.03
1.0,0.2,0.03,0.0,40,current,12,2.68489412173115,-0.42569774557103707,0.05398172892307021,-15.015906637712598,11.402673993393043,-0.006624036706818437,2.6925028338770023,-0.4248646824454675,0.051461601608838135,0.03
1.0,0.2,0.03,0.0,40,kink,12,2.6860099570707487,-0.42614497135821433,0.056279594631175524,-15.42539472728552,11.402673993393043,-0.4060363718307587,2.6958503398957987,-0.4262063598069995,0.05835519873315409,0.03
1.0,0.2,0.03,0.0,40,shrink,12,2.68804832565154,-0.4245442943976199,0.05471588122939113,-15.458622227805575,11.402673993393043,1.7751403060623259,2.7019654456381725,-0.42140432892521623,0.05366405852780091,0.03
1.0,0.2,0.03,0.0,40,current,13,2.691586988108286,-0.42332330638746357,0.055971905491522915,-15.37075896593338,10.974393154298625,2.3223771100864807,2.6933751329066107,-0.419836120091466,0.06475225681899091,0.03
1.0,0.2,0.03,0.0,40,kink,13,2.6911947850520606,-0.4227360121452854,0.05169118749253168,-13.901143715585157,10.974393154298625,2.6162352281081,2.692198523737935,-0.4180742373649312,0.05191010282201723,0.03
1.0,0.2,0.03,0.0,40,shrink,13,2.6904758068356354,-0.41719843225444886,0.0536947322695119,-13.569468355686633,10.974393154298625,1.3639827991386047,2.6900415890886595,-0.4014614976924217,0.05792073715295786,0.03
1.0,0.2,0.03,0.0,40,current,14,2.685376427098246,-0.4152688508912477,0.05682892735806783,-13.703522598681502,14.25318565525731,1.0306105268952108,2.6837855149583594,-0.426872863570307,0.0640344361989179,0.03
1.0,0.2,0.03,0.0,40,kink,14,2.6844554425578964,-0.4172928865448171,0.05357798512235155,-15.137277190296409,14.25318565525731,1.032778755631749,2.681022561337312,-0.4329449705310153,0.054281609491769064,0.03
1.0,0.2,0.03,0.0,40,shrink,14,2.6923930998304093,-0.412713546494508,0.04516087155538909,-13.793200139236859,14.25318565525731,2.8097566252455253,2.704835533154849,-0.4192069503800878,0.029030268790881678,0.03
1.0,0.2,0.03,0.0,40,current,15,2.6857971056590295,-0.43225853082980187,0.050462952235313725,-13.877483901936522,13.449498145404213,0.5485264600256015,2.693510788375758,-0.4408762808818363,0.058073421236767904,0.03
1.0,0.2,0.03,0.0,40,kink,15,2.6813557819685543,-0.4271662901076725,0.05141076664616719,-14.485414414348138,13.449498145404213,0.9342577861959267,2.6801868173043335,-0.4255995587154481,0.060916864469328286,0.03
1.0,0.2,0.03,0.0,40,shrink,15,2.681308287513662,-0.424400205459918,0.049430638204213694,-13.192158898699248,13.449498145404213,1.0809186798644022,2.680044333939655,-0.41730130477218463,0.0549764791434678,0.03
1.0,0.2,0.03,0.0,40,current,16,2.6814722740911923,-0.4143410815077246,0.053985850488796866,-16.032488039999883,11.176883565824259,1.9789874894790536,2.687567586034058,-0.40114656872677223,0.055227602835040086,0.03
1.0,0.2,0.03,0.0,40,kink,16,2.687650177303642,-0.419559070876465,0.0520552776751878,-14.180816981500424,11.176883565824259,0.17713250071846853,2.706101295671408,-0.41680053683299356,0.049435884394212884,0.03
1.0,0.2,0.03,0.0,40,shrink,16,2.6807369560152083,-0.42375560526238415,0.05286029265061892,-12.170141437234033,11.176883565824259,0.16596232253063903,2.685361631806106,-0.42939013999075115,0.051850929320506264,0.03
1.0,0.2,0.03,0.0,40,current,17,2.6858400490213286,-0.4260801796312503,0.06203049766139754,-14.958320105531758,12.014217690989927,1.862296362478703,2.696285452355816,-0.43287361044719797,0.07736374779826935,0.03
1.0,0.2,0.03,0.0,40,kink,17,2.6889765734904594,-0.4252383532029584,0.053701776243579476,-13.38694875026592,12.014217690989927,1.2358679355161728,2.705695025763207,-0.4303481311623223,0.052377583544815164,0.03
1.0,0.2,0.03,0.0,40,shrink,17,2.681392388480622,-0.4256757656370338,0.05621464843581619,-14.804549108434156,12.014217690989927,-0.8433274288632224,2.6829424707336953,-0.4316603684645486,0.059916200121525265,0.03
1.0,0.2,0.03,0.0,40,current,18,2.688793994166931,-0.4191029819832876,0.05658702232917557,-13.690050851245072,11.426144764878337,1.0927888301781161,2.691902970550608,-0.42174699649313163,0.04989408007954772,0.03
1.0,0.2,0.03,0.0,40,kink,18,2.6902433016050864,-0.42393556784832126,0.05893616075456831,-14.583328434370246,11.426144764878337,0.9836522706811742,2.6962508928650735,-0.43624475408823277,0.05694149535572595,0.03
1.0,0.2,0.03,0.0,40,shrink,18,2.6886700145721343,-0.42247168395087525,0.058069527060944426,-14.597251551184954,11.426144764878337,2.3458896017349495,2.6915310317662176,-0.43185310239589453,0.054341594274854264,0.03
1.0,0.2,0.03,0.0,40,current,19,2.6848814221475674,-0.4269926255098693,0.05005973448839792,-14.499120729615559,13.817666871695922,0.5727892949272602,2.6843891997920872,-0.42938292380127246,0.0493594695694218,0.03
1.0,0.2,0.03,0.0,40,kink,19,2.681583583946804,-0.4226964117056105,0.05010947034593993,-15.722021474028574,13.817666871695922,-0.6447114828218898,2.674495685189797,-0.4164942823884963,0.049508677142047854,0.03
1.0,0.2,0.03,0.0,40,shrink,19,2.683770197633621,-0.4235096145168631,0.04567797631180481,-14.190835286142743,13.817666871695922,1.0624472110786078,2.6810555262502476,-0.41893389082225385,0.03621419503964247,0.03
1.0,0.2,0.03,0.0,40,current,20,2.696090313441983,-0.4278355597761341,0.057022432985357384,-13.09089793327449,12.361563517555226,1.124795078857577,2.6863291561228753,-0.43971250472257367,0.05650907199469799,0.03
1.0,0.2,0.03,0.0,40,kink,20,2.692602581871531,-0.41573881701163273,0.05723361924089163,-14.932450975718787,12.361563517555226,1.4744344464034236,2.6758659614115192,-0.40342227642906964,0.05714263076130076,0.03
1.0,0.2,0.03,0.0,40,shrink,20,2.6929461890170714,-0.42492787219037603,0.05495240687477693,-13.031279545958224,12.361563517555226,0.8894140782253332,2.6768967828481403,-0.4309894419652996,0.05029899366295665,0.03
1.0,0.2,0.03,0.0,40,current,21,2.6881577426218897,-0.42297364062433457,0.045305434423380204,-14.609227285037306,10.323789258475486,1.445479147134378,2.6783430033477327,-0.43169622496805704,0.04640947749718011,0.03
1.0,0.2,0.03,0.0,40,kink,21,2.69112522254602,-0.42031769853907647,0.04908251578742501,-14.446693495964706,10.323789258475486,0.1809910971082369,2.6872454431201227,-0.42372839871228285,0.057740721589314495,0.03
1.0,0.2,0.03,0.0,40,shrink,21,2.686070220807052,-0.41600767859026583,0.046484790560097404,-13.974712261353575,10.323789258475486,0.985049039182593,2.6720804379032215,-0.41079833886585077,0.04994754590733167,0.03
1.0,0.2,0.03,0.0,40,current,22,2.6860837935973687,-0.4348941647017595,0.06574883850645476,-14.198713184038368,12.486015873749178,0.9546685066515952,2.678397362207126,-0.43008562626000196,0.07242261770290943,0.03
1.0,0.2,0.03,0.0,40,kink,22,2.69647074846403,-0.4311170819167242,0.054787301035855294,-14.061644930092736,12.486015873749178,2.3702580128705977,2.7095582268071117,-0.4187543779048963,0.03953800529111103,0.03
1.0,0.2,0.03,0.0,40,shrink,22,2.6831604171004204,-0.434341087059162,0.06492802577421225,-12.84842304946114,12.486015873749178,0.6908862394352588,2.6696272327162816,-0.42842639333220967,0.0699601795061819,0.03
1.0,0.2,0.03,0.0,40,current,23,2.6874438487679178,-0.41715453953418963,0.05565069591376582,-13.12612108688047,13.069246473467459,-0.006471609914761922,2.674528650210163,-0.4246120366514342,0.059966494148320525,0.03
1.0,0.2,0.03,0.0,40,kink,23,2.689276955042986,-0.420260980590186,0.05887890946860324,-14.025143658613876,13.069246473467459,0.5955323036735651,2.680027969035368,-0.4339313598194234,0.06965113481283278,0.03
1.0,0.2,0.03,0.0,40,shrink,23,2.700323264968033,-0.4161098790312918,0.05097845712047114,-13.68124576947719,13.069246473467459,1.2649076660716227,2.71316689881051,-0.4214780551427407,0.045949777768436464,0.03
1.0,0.2,0.03,0.0,40,current,24,2.6873588852628756,-0.43261711473899184,0.0679028331542502,-12.993083956276973,11.684741353837058,1.0316372273258483,2.677898846387174,-0.4363814143787168,0.07646929044821275,0.03
1.0,0.2,0.03,0.0,40,kink,24,2.698195788032527,-0.4342757301443199,0.060557442946697716,-13.591847103712098,11.684741353837058,0.9143711929440119,2.7104095546961284,-0.441357260594701,0.05443311982555525,0.03
1.0,0.2,0.03,0.0,40,shrink,24,2.6910664158112123,-0.42548907105438033,0.059816251265519614,-14.643292637219712,11.684741353837058,0.7236031266444758,2.689021438032185,-0.41499728332488217,0.05220954478202093,0.03
1.0,0.2,0.03,0.0,40,current,25,2.698044749588593,-0.4344418634774272,0.05303634000292686,-14.114138901873659,13.24126223378304,0.7395600612421072,2.690452622222146,-0.4441550093274548,0.04683822340396246,0.03
1.0,0.2,0.03,0.0,40,kink,25,2.702580788579079,-0.43018780411970653,0.05230018270415302,-15.33688096913528,13.24126223378304,1.3390703607585683,2.7040607391936056,-0.43139283125429273,0.04462975150764091,0.03
1.0,0.2,0.03,0.0,40,shrink,25,2.6999503613873492,-0.4286360680396184,0.056789740860776004,-14.28910331769165,13.24126223378304,1.4009463936063469,2.6961694576184145,-0.42673762301402834,0.058098425977509874,0.03
1.0,0.2,0.03,0.0,40,current,26,2.694737943131761,-0.42065844357311777,0.056671067912880006,-12.48240377075787,14.620159299102168,0.7574291223006944,2.6901431298255374,-0.4148499935694101,0.0652685108471956,0.03
1.0,0.2,0.03,0.0,40,kink,26,2.694920228999301,-0.42511718960692063,0.05699015357905322,-15.040380571568686,14.620159299102168,1.604054145411685,2.6906899874281573,-0.42822623167081864,0.06622576784571524,0.03
1.0,0.2,0.03,0.0,40,shrink,26,2.6995369800873394,-0.42525760979647625,0.04985686021735744,-13.677894231394035,14.620159299102168,0.572372462608091,2.7045402406922734,-0.4286474922394855,0.04482588776062788,0.03
1.0,0.2,0.03,0.0,40,current,27,2.686070288963436,-0.4302581706295538,0.05969017967479882,-14.596045223198804,12.296640423425139,1.480254662902735,2.6919080088409224,-0.43120505458736336,0.06474180459256092,0.03
1.0,0.2,0.03,0.0,40,kink,27,2.6825063866701515,-0.42842407851923414,0.057799686587220324,-12.427034502380987,12.296640423425139,-0.6165754841290803,2.681216301961069,-0.4257027782564044,0.05907032532982545,0.03
1.0,0.2,0.03,0.0,40,shrink,27,2.6810433301931806,-0.4297956861409257,0.05487284462875928,-13.732644598448488,12.296640423425139,1.2061357108266333,2.676827132530157,-0.429817601121479,0.050289799454442334,0.03
1.0,0.2,0.03,0.0,40,current,28,2.69421481737789,-0.4165478985060427,0.04684603294945655,-14.871781607658711,12.837814336378724,-0.0011427233200069775,2.693926219219837,-0.40907954437629085,0.05328689120108963,0.03
1.0,0.2,0.03,0.0,40,kink,28,2.690482473745833,-0.4199057829970531,0.05382037277488411,-16.309306433992514,12.837814336378724,0.7020408712380732,2.682729188323666,-0.4191531978493222,0.07420991067737229,0.03
1.0,0.2,0.03,0.0,40,shrink,28,2.694657657065991,-0.4204413765269461,0.04777524196606938,-15.552396218657663,12.837814336378724,1.6083071874356358,2.695254738284141,-0.4207599784390009,0.05607451825092811,0.03
1.0,0.2,0.03,0.0,40,current,29,2.6808622982180244,-0.426639395049386,0.05629132218563578,-14.889017091062913,12.11504270530157,0.7504915862103068,2.680739646936926,-0.43037660657161814,0.05691979264662374,0.03
1.0,0.2,0.03,0.0,40,kink,29,2.682071910660177,-0.42523860494002014,0.05436154623584074,-14.645219755376283,12.11504270530157,0.6086029654093721,2.6843684842633846,-0.42617423624352047,0.05113046479723862,0.03
1.0,0.2,0.03,0.0,40,shrink,29,2.679840531953013,-0.4244081347445478,0.054073483152135886,-12.10088181995554,12.11504270530157,0.7774735472404088,2.6776743481418914,-0.42368282565710347,0.05026627554612407,0.03
1.0,0.2,0.03,0.0,40,current,30,2.6934107595352175,-0.42858295874640273,0.059518755168140015,-12.107300820152647,12.03824480187134,1.245662940540882,2.6947320507481582,-0.42926674308573143,0.056147752992352765,0.03
1.0,0.2,0.03,0.0,40,kink,30,2.690567162090391,-0.42312772455999625,0.054576852523170884,-12.86932267595089,12.03824480187134,0.5054880561274446,2.686201258413677,-0.4129010405265121,0.041322045057445356,0.03
1.0,0.2,0.03,0.0,40,shrink,30,2.688421550601817,-0.42585512922292174,0.060713585675451674,-13.771683184852797,12.03824480187134,2.479344708735369,2.6797644239479554,-0.42108325451528855,0.05973224451428772,0.03
1.0,0.2,0.03,0.0,40,current,31,2.6845561001271085,-0.428925546109983,0.05232679905001148,-15.38513188123957,12.945702819426174,2.210167961239984,2.6806132066873833,-0.42151651979317967,0.055180166325036986,0.03
1.0,0.2,0.03,0.0,40,kink,31,2.683106374789799,-0.43073463513665006,0.050950923151531075,-13.313222955927676,12.945702819426174,0.5496394994487646,2.6762640306754553,-0.42694378687318074,0.05105253862959574,0.03
1.0,0.2,0.03,0.0,40,shrink,31,2.683720758776156,-0.43103942675315005,0.05037483978992346,-15.451624457649062,12.945702819426174,1.0513955019592474,2.6781071826345264,-0.4278581617226808,0.049324288544772894,0.03
1.0,0.2,0.03,0.0,40,current,32,2.6874902224686577,-0.42859052687782895,0.04276154873060289,-13.458991210927092,13.584795324790552,0.5008812299551266,2.7076657454252313,-0.4279531078239582,0.036313262831036995,0.03
1.0,0.2,0.03,0.0,40,kink,32,2.6864121235508134,-0.42870295751793663,0.05281495125383651,-14.863118215744885,13.584795324790552,0.5763284555136801,2.7044314486716985,-0.42829039974428124,0.06647347040073788,0.03
1.0,0.2,0.03,0.0,40,shrink,32,2.6786816269763922,-0.4251803885056232,0.04850737516445283,-12.938720282419322,13.584795324790552,0.24042913840335522,2.6812399589484346,-0.41772269270734086,0.05355074213258682,0.03
1.0,0.2,0.03,0.0,40,current,33,2.689687756981568,-0.42303990732990226,0.062136011734965246,-15.324543329280463,12.416742650739888,2.2846854916077657,2.665653659170796,-0.42432225735888374,0.06811032859600794,0.03
1.0,0.2,0.03,0.0,40,kink,33,2.688634046471216,-0.42352244167725867,0.061308976120923876,-16.311111256750642,12.416742650739888,1.0291319248914133,2.6624925276397415,-0.42576986040095294,0.06562922175388383,0.03
1.0,0.2,0.03,0.0,40,shrink,33,2.6893501354357703,-0.4215840306958181,0.060393785888169293,-13.674809309410968,12.416742650739888,1.2360363218385961,2.664640794533404,-0.41995462745663137,0.06288365105562005,0.03
1.0,0.2,0.03,0.0,40,current,34,2.686408967247066,-0.4232910696485844,0.04957236203955414,-13.513971523913824,13.132982097727991,0.8392136924072686,2.6801726746437646,-0.4309590382222352,0.05046667962541539,0.03
1.0,0.2,0.03,0.0,40,kink,34,2.690520556996699,-0.4238672202205671,0.049621772324123535,-15.777773023346576,13.132982097727991,0.15524184657042728,2.6925074438926626,-0.43268748993818346,0.05061491047912359,0.03
1.0,0.2,0.03,0.0,40,shrink,34,2.6853739878125613,-0.42333509029407085,0.050269121821129255,-11.67156193326452,13.132982097727991,1.427449845927268,2.6770677363402506,-0.43109110015869456,0.05255695897014076,0.03
1.0,0.2,0.03,0.0,40,current,35,2.682462269007456,-0.41884662350865803,0.05882397197466014,-14.464055447640767,13.886398465356756,1.209713570631203,2.693488364287695,-0.4090078795795208,0.05105365358497544,0.03
1.0,0.2,0.03,0.0,40,kink,35,2.686571510355988,-0.4267269001344811,0.054860856249941296,-13.422192403445674,13.886398465356756,0.2757890166384085,2.7058160883332913,-0.43264870945699013,0.039164306410818917,0.03
1.0,0.2,0.03,0.0,40,shrink,35,2.6741156804931787,-0.42486160091890524,0.06291325532244041,-12.834145142918661,13.886398465356756,1.8455609601652363,2.6684485987448627,-0.4270528118102622,0.06332150362831625,0.03
1.0,0.2,0.03,0.0,40,current,36,2.690645382255297,-0.41964528576344823,0.053919190186825505,-14.649900427483823,11.710076205726928,1.1076631274912891,2.6918036156724194,-0.4237399815330831,0.048116747499317304,0.03
1.0,0.2,0.03,0.0,40,kink,36,2.6887363543549943,-0.4200834714462127,0.05417472097718382,-13.12182395084972,11.710076205726928,-0.537459626366293,2.6860765319715116,-0.42505453858137665,0.04888333987039226,0.03
1.0,0.2,0.03,0.0,40,shrink,36,2.6879419277554497,-0.41987857649026816,0.06196787226216836,-12.9344998188458,11.710076205726928,1.3744030955682967,2.6836932521728767,-0.42443985371354315,0.07226279372534587,0.03
1.0,0.2,0.03,0.0,40,current,37,2.6864774986946975,-0.42224087109770264,0.0609054732841063,-13.633272182472238,14.876146541257185,1.3225719217356542,2.684582194931748,-0.4291359481374687,0.06427762820143323,0.03
1.0,0.2,0.03,0.0,40,kink,37,2.687895070296058,-0.42030793926389554,0.057745519934100466,-13.858334574993009,14.876146541257185,1.2374601419494144,2.6888349097358275,-0.4233371526360473,0.054797768151415745,0.03
1.0,0.2,0.03,0.0,40,shrink,37,2.6839306303521915,-0.4227881024582416,0.057547508898606936,-16.57760552676085,14.876146541257185,0.14350698024916886,2.676941589904227,-0.43077764221908565,0.054203735044935177,0.03
1.0,0.2,0.03,0.0,40,current,38,2.6960358856213653,-0.42755419944610207,0.043957903040232026,-13.193659896882593,12.740855154629154,0.1357053628159024,2.699715856598647,-0.43261059836733895,0.04956007171669904,0.03
1.0,0.2,0.03,0.0,40,kink,38,2.6892294512252586,-0.42740987720557433,0.05079221532114487,-14.222829596220759,12.740855154629154,1.87139803569009,2.6792965534103264,-0.43217763164575557,0.07006300855943758,0.03
1.0,0.2,0.03,0.0,40,shrink,38,2.693170286927218,-0.4195580068661062,0.037225608364561076,-14.469758297413403,12.740855154629154,2.212586243745256,2.691119060516203,-0.40862202062735137,0.029363187689686175,0.03
1.0,0.2,0.03,0.0,40,current,39,2.6944557575160437,-0.42984982506632124,0.05966655279658375,-15.084429827248407,12.29002813331244,0.926366322506391,2.7017652797805294,-0.43386089070199874,0.04954141380404656,0.03
1.0,0.2,0.03,0.0,40,kink,39,2.6956931826110035,-0.4305248038806791,0.06181567840749217,-13.1206708411071,12.29002813331244,0.9210372183051405,2.705477555065411,-0.43588582714507246,0.05598879063677185,0.03
1.0,0.2,0.03,0.0,40,shrink,39,2.6849555093508926,-0.4320160179746923,0.0676767681645935,-12.598909520599292,12.29002813331244,0.2752904454976415,2.6732645352850777,-0.4403594694271119,0.07357205990807583,0.03
1.0,0.2,0.03,0.0,40,current,40,2.700968011094932,-0.42984543955574867,0.04816989930796164,-13.985059534640136,11.971822955492707,-0.49048102971121676,2.705040607115388,-0.43021509501401495,0.048146772323082426,0.03
1.0,0.2,0.03,0.0,40,kink,40,2.698134953116181,-0.42581085616976616,0.054246653735021085,-13.853545025147895,11.971822955492707,0.17054444544392466,2.696541433179135,-0.4181113448560675,0.0663770356042608,0.03
1.0,0.2,0.03,0.0,40,shrink,40,2.688485051374254,-0.4275101405359443,0.054552994409308504,-14.509358367765932,11.971822955492707,1.0970673732570257,2.6675917279533548,-0.42320919795460216,0.06729605762712305,0.03
1.0,0.2,0.03,0.0,40,current,41,2.7053093516206026,-0.42230432208946667,0.034653744047444236,-13.8867867336706,11.999899210922408,0.35323026893917797,2.709533129240308,-0.414412363743255,0.025485975516959903,0.03
1.0,0.2,0.03,0.0,40,kink,41,2.696937902718943,-0.42683812746518995,0.04633738564132384,-15.211452901712413,11.999899210922408,1.6488868832845747,2.6844187825353285,-0.42801377987042466,0.06053690029859873,0.03
1.0,0.2,0.03,0.0,40,shrink,41,2.6991982855183143,-0.4218008430640085,0.04393221539974604,-12.980085269549,11.999899210922408,0.23076172656202587,2.691199930933443,-0.41290192666688036,0.053321389573865306,0.03
1.0,0.2,0.03,0.0,40,current,42,2.6845682477604136,-0.4220015450889485,0.0640174839501196,-14.666770200826157,12.548632559365357,0.871339263159139,2.690878380670866,-0.4177714495152071,0.053455136517468964,0.03
1.0,0.2,0.03,0.0,40,kink,42,2.692452738970079,-0.4276722929812908,0.06575971746841797,-14.35850969290037,12.548632559365357,2.398354942883871,2.714531854299861,-0.43478369319223376,0.058681837072364115,0.03
1.0,0.2,0.03,0.0,40,shrink,42,2.6848877559070936,-0.4234626954294008,0.06515061860458303,-14.00233083389734,12.548632559365357,0.22964122336032844,2.691836905110905,-0.42215490053656396,0.0568545404808593,0.03
1.0,0.2,0.03,0.0,40,current,43,2.68873519071686,-0.4214645306745804,0.04556254009135666,-15.120359303597494,11.868042442135675,0.3045875647501115,2.6782577373609597,-0.42387148500038363,0.055270256298848325,0.03
1.0,0.2,0.03,0.0,40,kink,43,2.68682556095762,-0.4185629661617056,0.04481141037524213,-13.752945414198802,11.868042442135675,-0.39693377880564573,2.67252884808324,-0.41516679146175894,0.053016867150504764,0.03
1.0,0.2,0.03,0.0,40,shrink,43,2.6863921452764075,-0.42144382627722976,0.046753405857722634,-15.788106710327266,11.868042442135675,1.3053460877088277,2.6712286010396027,-0.42380937180833156,0.05884285359794625,0.03
1.0,0.2,0.03,0.0,40,current,44,2.695840655854164,-0.4253546457046358,0.04807864782909132,-13.516485074798485,12.05183193886844,0.6244426314402622,2.6845827542142544,-0.4299759998086295,0.05814817664103419,0.03
1.0,0.2,0.03,0.0,40,kink,44,2.6946196938774656,-0.423617904980403,0.046423465095028295,-15.016752129981517,12.05183193886844,0.9692672224671229,2.68091986828416,-0.424765777635931,0.053182628438845116,0.03
1.0,0.2,0.03,0.0,40,shrink,44,2.703385936052124,-0.4190416828163201,0.04130779972566595,-14.24215401478541,12.05183193886844,0.8519296375631467,2.7072185948081375,-0.41103711114368224,0.037835632330758096,0.03
1.0,0.2,0.03,0.0,40,current,45,2.683500272079815,-0.4231420300182118,0.05844210600978226,-13.85493040960223,13.893147816907602,1.3652364883140375,2.68891864524725,-0.42766097041552265,0.06446360270104326,0.03
1.0,0.2,0.03,0.0,40,kink,45,2.6773937329514115,-0.4213229851292559,0.05458029850006884,-13.904059210017815,13.893147816907602,0.5232211303844367,2.67059902786204,-0.42220383574865467,0.05287818017190297,0.03
1.0,0.2,0.03,0.0,40,shrink,45,2.682853292351782,-0.422388561645539,0.054554470480189486,-14.015403919512508,13.893147816907602,2.1303514621417787,2.686977706063153,-0.42540056529750403,0.052800696112264886,0.03
1.0,0.2,0.03,0.0,40,current,46,2.6941818336283654,-0.42404405901244235,0.04934834737744015,-14.675462365953674,12.319768915405762,0.9119164285428489,2.692834129114941,-0.4148819912207641,0.03277023239016123,0.03
1.0,0.2,0.03,0.0,40,kink,46,2.695909056300245,-0.4312611884441198,0.05967525513197406,-12.964040267845416,12.319768915405762,0.8554966185475736,2.698015797130577,-0.4365333795157965,0.063750955653763,0.03
1.0,0.2,0.03,0.0,40,shrink,46,2.6919877032001964,-0.4256700695629127,0.05608374747930567,-14.793780425702751,12.319768915405762,0.8189701819677699,2.6862517378304327,-0.41976002287217506,0.05297643269575781,0.03
1.0,0.2,0.03,0.0,40,current,47,2.694864360102701,-0.4329962917808536,0.059133009371047505,-16.3427426738723,11.231517488562371,1.7821332924703506,2.684852570420804,-0.4200793830147655,0.050911249140343,0.03
1.0,0.2,0.03,0.0,40,kink,47,2.692627893951432,-0.4342064085024376,0.06211597682779202,-13.30905471174816,11.231517488562371,0.9284663952498389,2.678143171966997,-0.42370973317951766,0.05986015151057657,0.03
1.0,0.2,0.03,0.0,40,shrink,47,2.6940882436288986,-0.43387726536889293,0.05873781096464514,-13.717929719994341,11.231517488562371,1.9070382209573358,2.682524220999395,-0.4227223037788836,0.049725653921135926,0.03
1.0,0.2,0.03,0.0,40,current,48,2.6983474107413277,-0.42800898233933055,0.047951844351177754,-14.393113746925621,14.255516061741893,1.3346680097001382,2.6955744937267947,-0.4244753238483894,0.047051034792905615,0.03
1.0,0.2,0.03,0.0,40,kink,48,2.6950756007563146,-0.42567213318694735,0.053222116231565884,-14.711357008803244,14.255516061741893,1.6049905333425207,2.6857590637717537,-0.41746477639123986,0.06286185043406999,0.03
1.0,0.2,0.03,0.0,40,shrink,48,2.702326416023538,-0.42637849386756593,0.04787255997909031,-14.710328780100859,14.255516061741893,2.004980280711183,2.707511509573424,-0.41958385843309565,0.046813181676643265,0.03
1.0,0.2,0.03,0.0,40,current,49,2.6916629771259104,-0.4316727080787561,0.056996831765827365,-13.882249314037661,10.720610309106426,0.7194314293907955,2.6817241632064595,-0.4372080056329442,0.07229963742426374,0.03
1.0,0.2,0.03,0.0,40,kink,49,2.700431983275832,-0.4272004169218733,0.050031340461634294,-13.856591010058557,10.720610309106426,1.6206341445507557,2.708031181656225,-0.4237911321622959,0.05140316351168453,0.03
1.0,0.2,0.03,0.0,40,shrink,49,2.6943321360884163,-0.4320430485504996,0.05485181722992569,-15.009152016221899,10.720610309106426,0.6725049068838342,2.689731640093978,-0.43831902704817477,0.06586459381655871,0.03
1.0,0.2,0.03,0.0,44,current,0,5.069607816728291,-0.6505765007206908,0.06309558281741114,-18.172427066234235,16.422232434598182,0.24140655764247598,5.0904864445451645,-0.6534987590017771,0.05499693910409934,0.03
1.0,0.2,0.03,0.0,44,kink,0,5.072601026467418,-0.6457786093713812,0.060444195043044914,-16.284420673301376,16.422232434598182,2.06484166826027,5.0994660737625495,-0.6391050849538478,0.047042775781000704,0.03
1.0,0.2,0.03,0.0,44,shrink,0,5.06388107939985,-0.6482107900480502,0.06382251408136615,-18.87476165511716,16.422232434598182,-1.065666370148175,5.073306232559843,-0.6464016269838548,0.05717773289596441,0.03
1.0,0.2,0.03,0.0,44,current,1,5.084181692332259,-0.6391278042447296,0.06800168238337034,-16.95167173223711,14.728379905631092,-2.5840327616524723,5.117135593591738,-0.6591819268739942,0.07456613631779073,0.03
1.0,0.2,0.03,0.0,44,kink,1,5.0800015704371075,-0.6333208657504978,0.06463120216963629,-16.869443959641885,14.728379905631092,-1.779613439517664,5.104595227906282,-0.6417611113912992,0.06445469567658854,0.03
1.0,0.2,0.03,0.0,44,shrink,1,5.084108425753643,-0.6389769717042887,0.06943611102398688,-14.969046812137982,14.728379905631092,-3.020064264912614,5.116915793855888,-0.6587294292526717,0.07886942223964034,0.03
1.0,0.2,0.03,0.0,44,current,2,5.064425450900296,-0.6435988770518802,0.053801188072042684,-14.370143543478635,14.185117222142006,-0.13618540114847155,5.059073548605572,-0.6436334040981412,0.05816142569856329,0.03
1.0,0.2,0.03,0.0,44,kink,2,5.060591978490311,-0.6430052328289081,0.05740002615197331,-14.873663654546162,14.185117222142006,-1.18069909498674,5.0475731313756125,-0.6418524714292246,0.06895793993835514,0.03
1.0,0.2,0.03,0.0,44,shrink,2,5.074540893084223,-0.647471613611846,0.049688694945469146,-19.02194813047945,14.185117222142006,-0.21751294428132883,5.089419875157353,-0.6552516137780383,0.04582394631884266,0.03
1.0,0.2,0.03,0.0,44,current,3,5.0684637330052995,-0.6313469203149759,0.046395771837251853,-16.05590056770301,16.266443488987647,0.13063627986385695,5.069560906195983,-0.6345058390084157,0.05686460720896759,0.03
1.0,0.2,0.03,0.0,44,kink,3,5.076689614897394,-0.6330034661673783,0.04003096862461201,-16.162394314024027,16.266443488987647,-0.9405096467135889,5.094238551872268,-0.6394754765656232,0.03777019757104807,0.03
1.0,0.2,0.03,0.0,44,shrink,3,5.069746413122156,-0.6353014510757324,0.049579629298850715,-20.408012245708473,16.266443488987647,-0.16601807525611445,5.073408946546553,-0.6463694312906856,0.06641617959376417,0.03
1.0,0.2,0.03,0.0,44,current,4,5.080269492224743,-0.6586405069563016,0.06885232992306263,-18.154126632327362,15.900874483017304,-0.8519693247837115,5.078565131004423,-0.6486682901964846,0.05975723943963118,0.03
1.0,0.2,0.03,0.0,44,kink,4,5.087938780412252,-0.6557647656116483,0.06450284563414273,-13.225142198209074,15.900874483017304,-2.2137562201906666,5.10157299556695,-0.6400410661625249,0.04670878657287149,0.03
1.0,0.2,0.03,0.0,44,shrink,4,5.0884342086425525,-0.6664321258578876,0.06450947925728956,-14.510248533677297,15.900874483017304,-1.2514426018364029,5.103059280257851,-0.6720431469012427,0.04672868744231197,0.03
1.0,0.2,0.03,0.0,44,current,5,5.074147185184684,-0.6463443120344362,0.04801119904127136,-18.43240259373333,13.51790588033423,0.9369215272569111,5.079827696409178,-0.665592111583254,0.0641425156317952,0.03
1.0,0.2,0.03,0.0,44,kink,5,5.076383843691655,-0.6405959451651012,0.04122848626184415,-16.899247973348466,13.51790588033423,0.24653894352251737,5.086537671930092,-0.6483470109752489,0.04379437729351357,0.03
1.0,0.2,0.03,0.0,44,shrink,5,5.07399923207372,-0.6361640314794746,0.050036277317879775,-17.174264131923245,13.51790588033423,1.8083270855099394,5.079383837076287,-0.6350512699183692,0.07021775046162046,0.03
1.0,0.2,0.03,0.0,44,current,6,5.097210400919454,-0.6439876957033046,0.04742700167305864,-15.856346527429196,11.013733827647258,-1.1334628395409236,5.0721719138718715,-0.6364753146698584,0.051907128243116475,0.03
1.0,0.2,0.03,0.0,44,kink,6,5.098273389225618,-0.6407077482578426,0.044555753497101724,-17.613062553753664,11.013733827647258,1.8618245851063082,5.075360878790363,-0.6266354723334722,0.04329338371524571,0.03
1.0,0.2,0.03,0.0,44,shrink,6,5.097081762918988,-0.6486868857551821,0.05719287584091757,-17.81220039907461,11.013733827647258,-1.4563906037710392,5.071785999870474,-0.6505728848254906,0.08120475074669325,0.03
1.0,0.2,0.03,0.0,44,current,7,5.085203362591094,-0.6393374012383898,0.06186844371285626,-13.758565463052697,14.414640848275914,-2.3298111003821385,5.10183752562794,-0.646566314837069,0.06577276071321428,0.03
1.0,0.2,0.03,0.0,44,kink,7,5.089069584285845,-0.6363443015302667,0.05837421051629216,-15.038269237094646,14.414640848275914,-0.6089311944183873,5.113436190712194,-0.6375870157126999,0.05529006112352197,0.03
1.0,0.2,0.03,0.0,44,shrink,7,5.08773224229732,-0.6402110997088145,0.06046647635632446,-19.218396513177744,14.414640848275914,-1.3940104848479482,5.109424164746616,-0.6491874102483436,0.061566858643618896,0.03
1.0,0.2,0.03,0.0,44,current,8,5.076127804389106,-0.6449389610785649,0.05798101311677927,-16.669170197484902,11.807919651899768,-1.715009545379106,5.076582974575865,-0.6400130346519562,0.051286983324164405,0.03
1.0,0.2,0.03,0.0,44,kink,8,5.07667464164264,-0.6439226216750008,0.0586517553424031,-17.67934930751487,11.807919651899768,-0.4126382388116139,5.078223486336468,-0.636964016441264,0.0532992100010359,0.03
1.0,0.2,0.03,0.0,44,shrink,8,5.069398594491122,-0.6415892239372393,0.062162058480840755,-17.63419296482568,11.807919651899768,-0.8321272134209092,5.0563953448819134,-0.6299638232279795,0.06383011941634886,0.03
1.0,0.2,0.03,0.0,44,current,9,5.078402331777885,-0.6380907729625004,0.05237973210318251,-17.5876729145664,16.463336794006956,-0.5261160184251206,5.086183726861231,-0.6507800262475769,0.045250677554171025,0.03
1.0,0.2,0.03,0.0,44,kink,9,5.072039800759083,-0.6343005665514275,0.04940878619103736,-20.13799787438749,16.463336794006956,-1.6580401059225238,5.067096133804826,-0.6394094070143579,0.036337839817735584,0.03
1.0,0.2,0.03,0.0,44,shrink,9,5.068948841913412,-0.6328609758319724,0.05048715477913826,-18.61719746605431,16.463336794006956,-0.9683789510982459,5.057823257267811,-0.6350906348559925,0.03957294558203827,0.03
1.0,0.2,0.03,0.0,44,current,10,5.094335459158079,-0.6451123853166179,0.06843646486548334,-17.50030181771009,16.975351667118666,0.9549259105347168,5.0730320632175765,-0.6365761851747728,0.05246294659424766,0.03
1.0,0.2,0.03,0.0,44,kink,10,5.091957620436929,-0.6466282258057271,0.07159727116249572,-13.792349764335617,16.975351667118666,-1.0448802221142195,5.065898547054128,-0.6411237066421003,0.06194536548528477,0.03
1.0,0.2,0.03,0.0,44,shrink,10,5.094145799431568,-0.6450972421659622,0.0678044540451681,-15.715563572229685,16.975351667118666,-1.6599555942319322,5.072463084038047,-0.6365307557228059,0.05056691413330194,0.03
1.0,0.2,0.03,0.0,44,current,11,5.066605264740072,-0.6375382614069643,0.05640573157870863,-17.33154831218456,13.604601406392932,-1.3319886480141467,5.052908756268909,-0.6453268527600058,0.05730754464403365,0.03
1.0,0.2,0.03,0.0,44,kink,11,5.069061760963163,-0.6333382647037396,0.0578870716785686,-16.402109342928608,13.604601406392932,1.1119901643687398,5.060278244938183,-0.6327268626503313,0.06175156494361354,0.03
1.0,0.2,0.03,0.0,44,shrink,11,5.076954874668342,-0.6330886384818638,0.0570054212862934,-17.82012713448225,13.604601406392932,0.9951965753572739,5.083957586053719,-0.6319779839847042,0.059106613766787934,0.03
1.0,0.2,0.03,0.0,44,current,12,5.077533504207122,-0.6390852117037747,0.05899283411943268,-14.477224682099434,14.538663109667512,0.5067409646164205,5.044733911024095,-0.6335994632370024,0.06103876811221291,0.03
1.0,0.2,0.03,0.0,44,kink,12,5.0797271910671915,-0.6463600135057214,0.05853143705012064,-16.419149804875218,14.538663109667512,-0.3729558818131107,5.051314971604302,-0.6554238686428426,0.05965457690427679,0.03
1.0,0.2,0.03,0.0,44,shrink,12,5.082699917488168,-0.6451931898191053,0.05590704266490013,-20.339985819197924,14.538663109667512,-0.029441480189292157,5.060233150867235,-0.6519233975829944,0.05178139374861529,0.03
1.0,0.2,0.03,0.0,44,current,13,5.084719409066147,-0.6443779441056976,0.07044785594593224,-16.326130321610272,12.292980800040525,-3.0067556997442777,5.080729577505177,-0.6273875721851747,0.08396375051644421,0.03
1.0,0.2,0.03,0.0,44,kink,13,5.087917856330927,-0.6450962183056658,0.06032557926847485,-18.10368203214196,12.292980800040525,-1.5237163361190555,5.09032491929952,-0.6295423947850791,0.05359692048407206,0.03
1.0,0.2,0.03,0.0,44,shrink,13,5.087477170115775,-0.6479232396229032,0.06254446695757998,-13.682155855846972,12.292980800040525,0.8130672788871971,5.089002860654063,-0.6380234587367913,0.06025358355138743,0.03
1.0,0.2,0.03,0.0,44,current,14,5.083311663079605,-0.6386710439700446,0.06231861170159553,-17.63006331391575,12.932380192018218,0.20928532398454247,5.059301887356761,-0.656060634069745,0.07240600913273652,0.03
1.0,0.2,0.03,0.0,44,kink,14,5.096182255557725,-0.6314441621236323,0.05201297923182666,-14.947797062833564,12.932380192018218,0.4204886749164707,5.09791366479112,-0.6343799885305081,0.041489111723429915,0.03
1.0,0.2,0.03,0.0,44,shrink,14,5.086995943584217,-0.6342083266195897,0.06421025790990366,-15.39701052510649,12.932380192018218,-0.9786631580448111,5.070354728870596,-0.6426724820183802,0.0780809477576609,0.03
1.0,0.2,0.03,0.0,44,current,15,5.070351095322301,-0.6454352601042784,0.05104395886218164,-20.5731618003501,14.518286778667923,0.683754616623985,5.059190118553342,-0.6531644306875931,0.04893179434298141,0.03
1.0,0.2,0.03,0.0,44,kink,15,5.069258097386145,-0.6382072253072834,0.061619207358572625,-16.002131951266385,14.518286778667923,1.6758114467147551,5.055911124744874,-0.6314803262966077,0.08065753983215435,0.03
1.0,0.2,0.03,0.0,44,shrink,15,5.068073321438397,-0.6380681144121749,0.051350109517788324,-17.95181449286666,14.518286778667923,-0.8322106257579263,5.0523567969016305,-0.6310629936112825,0.049850246309801484,0.03
1.0,0.2,0.03,0.0,44,current,16,5.072272022131813,-0.6489366362800838,0.07157171793644011,-15.194411688031062,13.731856602299475,-0.5408973343491827,5.062563155035608,-0.6556998290214262,0.07685663406820101,0.03
1.0,0.2,0.03,0.0,44,kink,16,5.072146826671304,-0.6383994372482391,0.058566681927368976,-14.33479065713592,13.731856602299475,0.4002535870917472,5.062187568654082,-0.624088231925892,0.03784152604098762,0.03
1.0,0.2,0.03,0.0,44,shrink,16,5.084926669366865,-0.645947583670992,0.06366711765171477,-15.592051983918596,13.731856602299475,0.8949032108509409,5.100527096740768,-0.646732671194151,0.05314283321402501,0.03
1.0,0.2,0.03,0.0,44,current,17,5.1042119655462175,-0.6438608765044136,0.04589062062591081,-19.435025017401873,12.999323024959548,-1.8249539170327678,5.11191239299324,-0.660993751192838,0.03565162137965987,0.03
1.0,0.2,0.03,0.0,44,kink,17,5.095751389400347,-0.6401500444590758,0.05481810238715829,-21.071793363238886,12.999323024959548,-0.021052667115700974,5.086530664555631,-0.6498612550568246,0.06243406666340233,0.03
1.0,0.2,0.03,0.0,44,shrink,17,5.09464926489892,-0.63808839276828,0.05273134198708282,-15.992092255015164,12.999323024959548,-1.2915014792883746,5.083224291051349,-0.6436762999844376,0.05617378546317591,0.03
1.0,0.2,0.03,0.0,44,current,18,5.084892377979004,-0.6248127067117325,0.05203117259316198,-16.338362070581425,19.136102307607544,-1.3497530890625753,5.125924192090281,-0.6354208582692447,0.05033032366348339,0.03
1.0,0.2,0.03,0.0,44,kink,18,5.07120458024449,-0.6247532036323746,0.04950638142025959,-13.88664471872209,19.136102307607544,-0.6810344841387259,5.084860798886738,-0.6352423490311712,0.04275595014477624,0.03
1.0,0.2,0.03,0.0,44,shrink,18,5.070644340022283,-0.6305353654789281,0.050356748083985665,-12.879486867800084,19.136102307607544,0.5085848016519348,5.083180078220117,-0.6525888345708316,0.04530705013595447,0.03
1.0,0.2,0.03,0.0,44,current,19,5.0924585435715475,-0.6400020882199656,0.05503419125663498,-15.87338132110464,13.811683095067876,0.5391978395932928,5.0926623455015125,-0.6346131427748481,0.055064154234822874,0.03
1.0,0.2,0.03,0.0,44,kink,19,5.092010150684211,-0.6378986437019524,0.05490636584247735,-17.61041900104413,13.811683095067876,0.1387323074382989,5.091317166839501,-0.6283028092208086,0.05468067799234996,0.03
1.0,0.2,0.03,0.0,44,shrink,19,5.088277140754582,-0.6372497503779005,0.051212613541320166,-16.483264873083435,13.811683095067876,-2.125134864369387,5.080118137050616,-0.626356129248653,0.043599421088878404,0.03
1.0,0.2,0.03,0.0,44,current,20,5.086722715752859,-0.6367211807776924,0.042344345503440926,-18.20515268488586,13.712204244223678,-0.4782322928092073,5.090331907488638,-0.6271221882673006,0.04614641516227203,0.03
1.0,0.2,0.03,0.0,44,kink,20,5.081017570429271,-0.6492830292395031,0.04976251594565987,-18.71018496297329,13.712204244223678,0.12500380232164265,5.073216471517877,-0.6648077336527329,0.06840092648892887,0.03
1.0,0.2,0.03,0.0,44,shrink,20,5.082520823462967,-0.6464753734754664,0.05038334366092354,-16.1187198198418,13.712204244223678,-0.4382684799921761,5.077726230618962,-0.6563847663606228,0.07026340963471987,0.03
1.0,0.2,0.03,0.0,44,current,21,5.0996352841769275,-0.6329734672495212,0.042755494665021494,-12.96482025274142,15.268105990014666,-1.5208862746334582,5.0985855836102,-0.6375732572654624,0.0417158252144373,0.03
1.0,0.2,0.03,0.0,44,kink,21,5.098737763121899,-0.6315779415794865,0.04153108953155948,-13.36286631955394,15.268105990014666,-0.6368561666623362,5.095893020445117,-0.6333866802553584,0.03804260981405124,0.03
1.0,0.2,0.03,0.0,44,shrink,21,5.1080930167359835,-0.6394245692135854,0.04758836576619846,-13.109690357018128,15.268105990014666,-2.3729389813481516,5.123958781287371,-0.656926563157655,0.05621443851796819,0.03
1.0,0.2,0.03,0.0,44,current,22,5.074590357871798,-0.6329194857998335,0.05500012324795273,-14.087195282200033,10.026947660502,1.3767334208314117,5.049872414123034,-0.618795249607334,0.041241862109857565,0.03
1.0,0.2,0.03,0.0,44,kink,22,5.071316669742067,-0.6365073813600217,0.06654235394017809,-21.305105304607295,10.026947660502,-0.3539342285929603,5.04005134973384,-0.6295589362878984,0.07586855418653363,0.03
1.0,0.2,0.03,0.0,44,shrink,22,5.067011116217793,-0.6443479579708584,0.0681862602739967,-18.797769239616574,10.026947660502,-1.0956829162859822,5.027134689161017,-0.6530806661204088,0.08080027318798946,0.03
1.0,0.2,0.03,0.0,44,current,23,5.075321731099315,-0.6307500819574146,0.07342001518298179,-16.823297089735448,16.742669615500972,0.4127970192606889,5.0734919279307045,-0.6283001847831476,0.0748740777297185,0.03
1.0,0.2,0.03,0.0,44,kink,23,5.080878293770173,-0.6366935404504068,0.06660805405820112,-14.099264702105936,16.742669615500972,-1.1304430009055855,5.090161615943278,-0.6461305602621243,0.05443819435537652,0.03
1.0,0.2,0.03,0.0,44,shrink,23,5.071992411178326,-0.6322180602355404,0.07134224975384937,-14.195162730753857,16.742669615500972,-2.149950771947471,5.063503968167736,-0.6327041196175252,0.06864078144232126,0.03
1.0,0.2,0.03,0.0,44,current,24,5.065274468574051,-0.6254123471791279,0.06128137087676755,-19.250033131376995,12.831011280653595,-0.4248444564679077,5.0398451883306885,-0.6372747412143449,0.06470803468207445,0.03
1.0,0.2,0.03,0.0,44,kink,24,5.07521708177499,-0.6268910873638236,0.05913143452275521,-16.570825805508683,12.831011280653595,0.034740068818468695,5.069673027933504,-0.6417109617684322,0.058258225620037456,0.03
1.0,0.2,0.03,0.0,44,shrink,24,5.067813580624006,-0.6282306858493987,0.05742129584423489,-17.85675760228659,12.831011280653595,-0.10785812626937075,5.047462524480553,-0.6457297572251574,0.053127809584476514,0.03
1.0,0.2,0.03,0.0,44,current,25,5.087529855831256,-0.6392113288066286,0.061605994258484474,-15.73607952432014,15.042313891952826,-1.4973449538555306,5.112516079697464,-0.6595331607582705,0.04948218711747447,0.03
1.0,0.2,0.03,0.0,44,kink,25,5.076993894344846,-0.6333476590026016,0.07007618054925252,-16.34410236736403,15.042313891952826,-0.11553932559796509,5.0809081952382344,-0.6419421513461898,0.07489274598977862,0.03
1.0,0.2,0.03,0.0,44,shrink,25,5.083520796838967,-0.6295737547001242,0.06738656856558424,-17.76432786520958,15.042313891952826,0.16461734732918587,5.100488902720598,-0.6306204384387573,0.06682391003877379,0.03
1.0,0.2,0.03,0.0,44,current,26,5.065910168837842,-0.6226875005917559,0.057859321054921,-16.761744429979878,14.359321299037813,0.13904095411387596,5.048780907150132,-0.6373293309822083,0.05219952007969416,0.03
1.0,0.2,0.03,0.0,44,kink,26,5.062023110798723,-0.6188963317417239,0.06153879653622591,-19.348400192789725,14.359321299037813,-0.39825295854539755,5.037119733032774,-0.6259558244321123,0.0632379465236089,0.03
1.0,0.2,0.03,0.0,44,shrink,26,5.065131207574493,-0.6120310764394038,0.06325351683492626,-16.47832447848581,14.359321299037813,0.37833453209406676,5.046444023360085,-0.605360058525152,0.06838210741970993,0.03
1.0,0.2,0.03,0.0,44,current,27,5.06084878699856,-0.6435075909174456,0.0612536119861237,-21.040598664946796,16.368059799526858,-3.2421648170172253,5.085312607902128,-0.6538339099287063,0.049363291018398384,0.03
1.0,0.2,0.03,0.0,44,kink,27,5.046315672861613,-0.6396358278426137,0.06436964576542982,-15.194265257947318,16.368059799526858,-1.2666626089413349,5.041713265491289,-0.6422186207042105,0.05871139235631673,0.03
1.0,0.2,0.03,0.0,44,shrink,27,5.047325688132004,-0.638835651415972,0.06495124894978865,-15.703195418284745,16.368059799526858,-2.658061629223093,5.04474331130246,-0.6398180914242854,0.060456201909393256,0.03
1.0,0.2,0.03,0.0,44,current,28,5.062150813258743,-0.65296317707178,0.06219288660416081,-15.268551385676009,14.041001916319706,-0.8429402522710658,5.062826869784107,-0.6436885876538418,0.060409664465023626,0.03
1.0,0.2,0.03,0.0,44,kink,28,5.065363433399803,-0.660283833598555,0.061810083905567435,-17.980006558302037,14.041001916319706,-1.0778918109379418,5.072464730207285,-0.665650557234167,0.059261256369243516,0.03
1.0,0.2,0.03,0.0,44,shrink,28,5.0619723672131265,-0.6531446853905838,0.06555933860369623,-17.9951279698206,14.041001916319706,-0.3960998042541122,5.062291531647256,-0.6442331126102534,0.07050902046362988,0.03
1.0,0.2,0.03,0.0,44,current,29,5.09162428147576,-0.6439943155563218,0.05276516263234283,-15.89576103790264,14.166326075834927,-1.993957629772734,5.074420500295197,-0.6530380577385536,0.05144440737331614,0.03
1.0,0.2,0.03,0.0,44,kink,29,5.095882937207578,-0.6440061293551853,0.06135840380308668,-16.09323858849593,14.166326075834927,1.829367592322406,5.0871964674906485,-0.6530734991351442,0.07722413088554768,0.03
1.0,0.2,0.03,0.0,44,shrink,29,5.08229955797574,-0.6447463158356389,0.06331409859281302,-15.142535104845033,14.166326075834927,-3.4357103724513047,5.046446329795139,-0.655294058576505,0.08309121525472668,0.03
1.0,0.2,0.03,0.0,44,current,30,5.087607312786563,-0.6404739644778067,0.05802651046001419,-16.587451061328167,16.163698329206216,-0.2751312128632737,5.08195065463824,-0.6421627378068385,0.0594346419035376,0.03
1.0,0.2,0.03,0.0,44,kink,30,5.0918565596483445,-0.6435786286548337,0.061425433259359626,-19.222992902089914,16.163698329206216,0.7528366172120764,5.094698395223584,-0.6514767303379196,0.06963141030157392,0.03
1.0,0.2,0.03,0.0,44,shrink,30,5.090876098881863,-0.641223272016314,0.06778167007885129,-17.014895269190184,16.163698329206216,-0.8434814633661079,5.09175701292414,-0.6444106604223604,0.0887001207600489,0.03
1.0,0.2,0.03,0.0,44,current,31,5.06419486204811,-0.638891901247177,0.065346404133167,-13.098365036853043,14.107714656662253,-2.5483741031742904,5.093991971912516,-0.6522226421245342,0.07236502680456652,0.03
1.0,0.2,0.03,0.0,44,kink,31,5.0647024288851386,-0.637075083803995,0.061167126001184756,-15.209029317918965,14.107714656662253,-1.0070513398100118,5.095514672423603,-0.6467721897949883,0.05982719240861978,0.03
1.0,0.2,0.03,0.0,44,shrink,31,5.059061390939022,-0.6297323740254956,0.059959072363222725,-16.479353006926562,14.107714656662253,-0.43449447526811635,5.078591558585253,-0.6247440604594903,0.056203031494733706,0.03
1.0,0.2,0.03,0.0,44,current,32,5.069880933385034,-0.6484627025551207,0.06644272363909574,-15.304746635934215,14.184547701667373,-0.2726273231522063,5.0744376358082395,-0.642307846126802,0.05670199778734574,0.03
1.0,0.2,0.03,0.0,44,kink,32,5.072892404422315,-0.6472858671924883,0.06272361156113879,-15.973877682850217,14.184547701667373,-1.4695320533002008,5.083472048920082,-0.6387773400389046,0.045544661553474884,0.03
1.0,0.2,0.03,0.0,44,shrink,32,5.079877942352316,-0.6481492827922857,0.06276470814639837,-16.99446698949233,14.184547701667373,-1.8785468853545289,5.104428662710088,-0.641367586838297,0.04566795130925363,0.03
1.0,0.2,0.03,0.0,44,current,33,5.07934805604172,-0.63655882805047,0.05085444076213671,-18.144858410010627,16.527396070511436,-1.3602192111589595,5.071553172420269,-0.6248606799976006,0.05026410181627317,0.03
1.0,0.2,0.03,0.0,44,kink,33,5.07991347041882,-0.638780493302954,0.05702602242552276,-14.785056516912539,16.527396070511436,1.0451995409156012,5.073249415551569,-0.6315256757550529,0.06877884680643134,0.03
1.0,0.2,0.03,0.0,44,shrink,33,5.090097907752519,-0.63766642053823,0.04898413054801851,-17.461484286046726,16.527396070511436,1.1011250459112745,5.103802727552664,-0.6281834574608806,0.04465317117391862,0.03
1.0,0.2,0.03,0.0,44,current,34,5.076392885622912,-0.6431363450827948,0.055290956437170975,-19.999815297890358,15.436706445115204,1.4581479330265015,5.07255076572121,-0.6534540697201744,0.05355039334612261,0.03
1.0,0.2,0.03,0.0,44,kink,34,5.087384886282764,-0.6422622730485235,0.062452043970757876,-20.830721962488056,15.436706445115204,-0.38103170970657585,5.105526767700764,-0.6508318536173602,0.0750336559468833,0.03
1.0,0.2,0.03,0.0,44,shrink,34,5.081855399450667,-0.6451550541035934,0.06132348339592633,-13.806375274280665,15.436706445115204,1.0654904711869064,5.088938307204475,-0.6595101967825701,0.07164797422238867,0.03
1.0,0.2,0.03,0.0,44,current,35,5.091431589917256,-0.6381058232656275,0.053394619152235485,-15.484459749017965,11.94847634464921,-1.331036757951337,5.091037491585933,-0.6270868392467828,0.06878388432655465,0.03
1.0,0.2,0.03,0.0,44,kink,35,5.090823273842634,-0.6498631784594864,0.05541234987116441,-16.979484162147745,11.94847634464921,-0.609054290591398,5.089212543362066,-0.6623589048283594,0.0748370764833414,0.03
1.0,0.2,0.03,0.0,44,shrink,35,5.088864944765546,-0.6402140879482289,0.0518205629004417,-18.16711978437568,11.94847634464921,0.023676605160691144,5.083337556130799,-0.6334116332945869,0.0640617155711733,0.03
1.0,0.2,0.03,0.0,44,current,36,5.08537790575702,-0.6555179252829829,0.060159731160738895,-15.136677223115166,13.398828276157209,-0.026506354246425223,5.067880585991492,-0.6509184284057705,0.0631744971471724,0.03
1.0,0.2,0.03,0.0,44,kink,36,5.082362393357554,-0.6486246800144896,0.05513762904896483,-17.52700622596359,13.398828276157209,0.3653496680382815,5.058834048793095,-0.6302386926002906,0.0481081908118502,0.03
1.0,0.2,0.03,0.0,44,shrink,36,5.082121598321205,-0.6567355056226856,0.05977141045086188,-15.106744958561102,13.398828276157209,-1.2427212497993287,5.058111663684047,-0.6545711694248788,0.06200953501754134,0.03
1.0,0.2,0.03,0.0,44,current,37,5.075532066423111,-0.6453624391874797,0.05734832430360315,-14.814994877289175,16.908299263288907,-2.4575248902290436,5.088743087043245,-0.650862673391517,0.06023803979048698,0.03
1.0,0.2,0.03,0.0,44,kink,37,5.062593297911276,-0.6411943373682747,0.05345152941181091,-16.223586501154962,16.908299263288907,-0.8261118782554648,5.049926781507739,-0.6383583679339021,0.048547655115110236,0.03
1.0,0.2,0.03,0.0,44,shrink,37,5.06319311768234,-0.6427228285579994,0.06377327631818748,-17.27631066456287,16.908299263288907,0.3048505986679111,5.0517262408209325,-0.6429438415030762,0.07951289583423997,0.03
1.0,0.2,0.03,0.0,44,current,38,5.0747286595913,-0.6378712247337645,0.06108157276762469,-15.418951851461715,13.183627598486437,0.9425579726324307,5.04240151975516,-0.6232773432423176,0.07000948372569706,0.03
1.0,0.2,0.03,0.0,44,kink,38,5.080136008004426,-0.6438807482262415,0.05572754962994513,-16.48505445363528,13.183627598486437,-2.277325439497747,5.058623564994537,-0.6413059137197489,0.0539474143126584,0.03
1.0,0.2,0.03,0.0,44,shrink,38,5.084071938360235,-0.6407837170602352,0.05422835724788544,-16.83595069442431,13.183627598486437,1.1500800059815863,5.070431356061965,-0.6320148202217298,0.04944983716647933,0.03
1.0,0.2,0.03,0.0,44,current,39,5.094633073945077,-0.6333159037359632,0.0639920346164755,-14.427764084555795,15.337602865697656,-0.7367973916767099,5.078374649175982,-0.625119286942558,0.055541530242216385,0.03
1.0,0.2,0.03,0.0,44,kink,39,5.090990649588253,-0.6413795881264417,0.0718112405025922,-14.049447373609176,15.337602865697656,-1.198214707602736,5.0674473761055125,-0.6493103401139931,0.07899914790056646,0.03
1.0,0.2,0.03,0.0,44,shrink,39,5.095679028127901,-0.6446610286413473,0.0648640528088659,-14.990784690453026,15.337602865697656,-0.6277576359175061,5.0815125117244575,-0.6591546616587102,0.058157584819387556,0.03
1.0,0.2,0.03,0.0,44,current,40,5.065475908085424,-0.6377481030206559,0.06826625423063347,-15.149813990227045,9.224203468171234,-2.1876876522628095,5.0645602450668425,-0.6260345727829282,0.042255620130675436,0.03
1.0,0.2,0.03,0.0,44,kink,40,5.0766280132488335,-0.6370785021637801,0.06726660394556516,-16.26912638779858,9.224203468171234,-1.4542344711016075,5.098016560557072,-0.6240257702123007,0.039256669275470536,0.03
1.0,0.2,0.03,0.0,44,shrink,40,5.073967671027007,-0.6377276725328418,0.0688776664639698,-15.890424398234835,9.224203468171234,-1.9501888070828683,5.0900355338915935,-0.6259732813194856,0.04408985683068443,0.03
1.0,0.2,0.03,0.0,44,current,41,5.079555700642122,-0.645414925520716,0.06270763528117189,-14.663770950262757,15.067716900568808,0.3560712133356778,5.089365915429873,-0.6290066399669425,0.054488380521288196,0.03
1.0,0.2,0.03,0.0,44,kink,41,5.08241087736428,-0.6458613877852898,0.05314786880114922,-13.365145331201663,15.067716900568808,0.3497433690368139,5.097931445596349,-0.630346026760664,0.0258090810812202,0.03
1.0,0.2,0.03,0.0,44,shrink,41,5.077297288802564,-0.6496010001983955,0.06394175879366622,-14.466693227514929,15.067716900568808,0.07257993209989189,5.082590679911198,-0.6415648639999809,0.058190751058771216,0.03
1.0,0.2,0.03,0.0,44,current,42,5.075509001942438,-0.6418674625144473,0.06432518293587847,-15.65251378814382,14.950130565422018,1.5675666678344184,5.107452669201498,-0.6305188746564184,0.043809107400741065,0.03
1.0,0.2,0.03,0.0,44,kink,42,5.064563039459039,-0.6470017533205015,0.07555047315075311,-18.73222596292586,14.950130565422018,0.4455085183338059,5.074614781751302,-0.6459217470745809,0.07748497804536499,0.03
1.0,0.2,0.03,0.0,44,shrink,42,5.068581274491877,-0.6455622348723599,0.06449197936425959,-16.508274903849816,14.950130565422018,-1.56422768476572,5.086669486849819,-0.6416031917301561,0.04430949668588441,0.03
1.0,0.2,0.03,0.0,44,current,43,5.11347163180115,-0.6364600326895858,0.03398100076355693,-17.17764312996571,14.263364875798697,-0.6541914649584757,5.1119316174293195,-0.6447290451688431,0.040375582830583734,0.03
1.0,0.2,0.03,0.0,44,kink,43,5.111776774685683,-0.6359531904605505,0.042977177396876835,-16.221595055495087,14.263364875798697,-0.7091522039959792,5.106847046082921,-0.643208518481737,0.06736411273054345,0.03
1.0,0.2,0.03,0.0,44,shrink,43,5.1164104997371025,-0.6423277018429839,0.035995479603169594,-18.16244178744568,14.263364875798697,0.02092732235838901,5.120748221237179,-0.6623320526290372,0.04641901934942172,0.03
1.0,0.2,0.03,0.0,44,current,44,5.083652224644523,-0.6381454719763083,0.0345653576650529,-18.519446791423245,12.974096536453636,-0.8681770470347976,5.091601424947571,-0.6240437375504561,0.03768562315407955,0.03
1.0,0.2,0.03,0.0,44,kink,44,5.080465623251022,-0.6338637652166591,0.038431362892384635,-16.127518044354424,12.974096536453636,0.24699431594571353,5.082041620767067,-0.6111986172715084,0.04928363883607474,0.03
1.0,0.2,0.03,0.0,44,shrink,44,5.075804350351171,-0.6386925117502448,0.04750067376752898,-16.639495157983028,12.974096536453636,0.7314558587179005,5.068057802067514,-0.6256848568722654,0.07649157146150778,0.03
1.0,0.2,0.03,0.0,44,current,45,5.057182851597081,-0.6401078092137922,0.06969702765401907,-19.050969335542746,13.793024594796336,-0.8955556765542072,5.06211161489025,-0.6301082271163714,0.07127414395390927,0.03
1.0,0.2,0.03,0.0,44,kink,45,5.059532421081048,-0.6503887424400185,0.06664201359647609,-18.506010931425337,13.793024594796336,-1.2706480224829173,5.069160323342153,-0.6609510267950505,0.06210910178128033,0.03
1.0,0.2,0.03,0.0,44,shrink,45,5.068030522713688,-0.6417370017015462,0.06683233982758079,-18.198063040504216,13.793024594796336,-0.4573289010507757,5.094654628240069,-0.6349958045796337,0.06268008047459443,0.03
1.0,0.2,0.03,0.0,44,current,46,5.09942362693651,-0.6361314576129239,0.03573223940424153,-13.802869149979024,12.05572001143006,-0.5755983582628055,5.1054612035541815,-0.6321077632624658,0.021784769113558578,0.03
1.0,0.2,0.03,0.0,44,kink,46,5.084342106941224,-0.6444754790122222,0.05277227189601245,-19.924389609047328,12.05572001143006,0.8387354155869782,5.060216643568327,-0.6571398274603608,0.07290486658887133,0.03
1.0,0.2,0.03,0.0,44,shrink,46,5.0987718794229195,-0.6360694719769279,0.039234214139499804,-18.112930132353483,12.05572001143006,-1.0929003129273953,5.103505961013412,-0.631921806354478,0.0322906933193334,0.03
1.0,0.2,0.03,0.0,44,current,47,5.079767640195895,-0.6395574275463508,0.05542531650944369,-17.10363553414789,13.676626661290138,-0.7987434074349835,5.067835619813895,-0.6478949404627493,0.06030217264338307,0.03
1.0,0.2,0.03,0.0,44,kink,47,5.083842227646235,-0.6341367475346875,0.047916168332499266,-17.199293950886208,13.676626661290138,0.05937910631182408,5.080059382164913,-0.6316329004277594,0.037774728112549796,0.03
1.0,0.2,0.03,0.0,44,shrink,47,5.086709339919735,-0.6372937673058815,0.05226056988038375,-16.70481162134754,13.676626661290138,0.2979644971386328,5.088660718985414,-0.6411039597413413,0.05080793275620323,0.03
1.0,0.2,0.03,0.0,44,current,48,5.091659906187857,-0.6455156409874135,0.04098110082954542,-19.675187655330884,15.810857475459178,-0.5243244332682115,5.070640364129718,-0.6454574807996283,0.038737768685137876,0.03
1.0,0.2,0.03,0.0,44,kink,48,5.091685791766847,-0.6400929609399797,0.0492511530921211,-17.984463103060435,15.810857475459178,-0.14978855183580997,5.070718020866688,-0.6291894406573265,0.06354792547286489,0.03
1.0,0.2,0.03,0.0,44,shrink,48,5.090831801215288,-0.6498176860055632,0.05233342733493627,-15.68986734317928,15.810857475459178,-0.9550847656985013,5.068156049212013,-0.6583636158540773,0.07279474820131042,0.03
1.0,0.2,0.03,0.0,44,current,49,5.080207982076858,-0.6289561029800027,0.05306541526905173,-16.136247902080285,15.097520317084117,-0.19695413464145606,5.071933486987331,-0.608891546515809,0.04552135357059442,0.03
1.0,0.2,0.03,0.0,44,kink,49,5.080644465180386,-0.6391202226648339,0.05506966933596721,-19.7949490296306,15.097520317084117,-0.8581909706315884,5.073242936297916,-0.6393839055703027,0.05153411577134087,0.03
1.0,0.2,0.03,0.0,44,shrink,49,5.077136862899125,-0.6342993485550822,0.05975877749163975,-18.055557032472702,15.097520317084117,-1.3166181274195305,5.0627201294541315,-0.6249212832410478,0.06560144023835847,0.03
1.0,0.2,0.03,0.01,36,current,0,1.2217638151317027,-0.23740664451732882,0.038888435211157035,-8.806120170456762,8.905142891929405,0.8738491222694078,1.213351186379953,-0.244891083881693,0.04912478603594875,0.03
1.0,0.2,0.03,0.01,36,kink,0,1.2248499442265572,-0.23583344732389408,0.03490644485530023,-8.602872624240902,8.905142891929405,0.9629772762610609,1.2226095736645162,-0.24017149230138873,0.037178814968378326,0.03
1.0,0.2,0.03,0.01,36,shrink,0,1.2228288947117958,-0.23414213924683977,0.03616846364633999,-9.718736873502369,8.905142891929405,1.1638435731481451,1.216546425120232,-0.23509756807022583,0.04096487134149761,0.03
1.0,0.2,0.03,0.01,36,current,1,1.2223229534653497,-0.23495466148295294,0.03812455273846946,-8.091393930905465,8.368024604414515,0.763414013742145,1.231073421286554,-0.23719459851587973,0.044064988220653536,0.03
1.0,0.2,0.03,0.01,36,kink,1,1.2172657598849723,-0.23408607864255146,0.03912581164254624,-9.283220823730383,8.368024604414515,1.755894718824924,1.2159018405454218,-0.23458884999467533,0.04706876493288389,0.03
1.0,0.2,0.03,0.01,36,shrink,1,1.2197621653331945,-0.23453475934685739,0.036617646237125635,-8.172777774631346,8.368024604414515,0.3732380906218269,1.223391056890088,-0.23593489210759314,0.03954426871662208,0.03
1.0,0.2,0.03,0.01,36,current,2,1.2223904574580444,-0.2387315389500628,0.03732295806201916,-8.82065094962546,6.891866247870382,1.6342939978673243,1.2223924148983634,-0.23526035132395914,0.03507139995567683,0.03
1.0,0.2,0.03,0.01,36,kink,2,1.223061913110046,-0.2425376331624309,0.03923986912998823,-9.871239644349567,6.891866247870382,0.935307398791273,1.2244067818543674,-0.24667863396106346,0.040822133159584044,0.03
1.0,0.2,0.03,0.01,36,shrink,2,1.223935024760317,-0.23918282825845164,0.03828204728821697,-9.29092862731439,6.891866247870382,1.3085785053307724,1.2270261168051804,-0.23661421924912573,0.03794866763427026,0.03
1.0,0.2,0.03,0.01,36,current,3,1.2191560951063798,-0.23594131858512704,0.032171323009151064,-9.44433615724631,7.439230644221432,0.9597482483404366,1.216922588528792,-0.23585800507543642,0.03292747002395935,0.03
1.0,0.2,0.03,0.01,36,kink,3,1.2186300466304585,-0.23525848607769675,0.035392270004917924,-8.482474178837872,7.439230644221432,1.396678651473941,1.2153444431010278,-0.23380950755314553,0.04259031101125991,0.03
1.0,0.2,0.03,0.01,36,shrink,3,1.222542313759429,-0.23828817468319388,0.032365359632779,-9.203272959718237,7.439230644221432,0.6741449435215758,1.2270812444879398,-0.24289857336963694,0.033509579894843135,0.03
1.0,0.2,0.03,0.01,36,current,4,1.2128648656655843,-0.23757236575726148,0.04402278148413569,-8.926081619369922,8.833716572688374,1.0501979390825846,1.2197251325270908,-0.2384828108748815,0.03267024759584657,0.03
1.0,0.2,0.03,0.01,36,kink,4,1.2132255828518026,-0.23447865557624917,0.04531561472517215,-8.975114343425869,8.833716572688374,1.5301760213542859,1.2208072840857453,-0.22920168033184446,0.03654874731895593,0.03
1.0,0.2,0.03,0.01,36,shrink,4,1.216078564962906,-0.23662964816264745,0.044676051258148365,-9.311591298264698,8.833716572688374,0.734486363625872,1.2293662304190554,-0.2356546580910394,0.0346300569178846,0.03
1.0,0.2,0.03,0.01,36,current,5,1.2217486700328388,-0.2359640210953775,0.041684670759108526,-8.753831605283782,7.7926833663462745,0.8445124583494658,1.227175172671611,-0.2340380589098055,0.046112805320066244,0.03
1.0,0.2,0.03,0.01,36,kink,5,1.2201727194359844,-0.23703627399238114,0.037100194016595055,-8.557364750876136,7.7926833663462745,0.908038335567725,1.222447320881048,-0.23725481760081635,0.03235937509252583,0.03
1.0,0.2,0.03,0.01,36,shrink,5,1.2187573263407572,-0.2343644580400258,0.03809268200358343,-9.202085137107344,7.7926833663462745,1.5908859136899598,1.2182011415953657,-0.22923936974375045,0.03533683905349096,0.03
1.0,0.2,0.03,0.01,36,current,6,1.217002143902518,-0.24001055655562883,0.03483021986135152,-8.656853107356405,8.150323387823324,0.5257307742771302,1.2198897111045108,-0.24026714860672152,0.03505941699559341,0.03
1.0,0.2,0.03,0.01,36,kink,6,1.2172382519338691,-0.23862482149694397,0.03629789070387877,-8.306181786319371,8.150323387823324,1.0323604088702067,1.2205980351985648,-0.23610994343066688,0.03946242952317515,0.03
1.0,0.2,0.03,0.01,36,shrink,6,1.2184748535211076,-0.2382101528773973,0.036466080663796606,-9.663277844429524,8.150323387823324,1.4942018454538555,1.2243078399602798,-0.23486593757202684,0.03996699940292866,0.03
1.0,0.2,0.03,0.01,36,current,7,1.2140832044404248,-0.2388425543400827,0.04336064857458929,-8.949388388632343,8.820496033305409,0.6793658529261801,1.2209400754240918,-0.23513456863355933,0.042092224849152295,0.03
1.0,0.2,0.03,0.01,36,kink,7,1.2139125119106036,-0.23985445180025908,0.040726801074892426,-9.13378830458429,8.820496033305409,1.602150857209045,1.2204279978346286,-0.23817026101408847,0.0341906823500617,0.03
1.0,0.2,0.03,0.01,36,shrink,7,1.2149676889778471,-0.23797856472798076,0.040839710528005925,-9.748095763544656,8.820496033305409,1.2082965708257845,1.2235935290363589,-0.23254259979725353,0.03452941070940222,0.03
1.0,0.2,0.03,0.01,36,current,8,1.2172055428518782,-0.2328642713484912,0.03550475832875636,-8.550321541499812,7.464082422640507,1.2709281063235625,1.2067830452529662,-0.23181279377707803,0.04010296962581757,0.03
1.0,0.2,0.03,0.01,36,kink,8,1.2231800800666128,-0.2339256056162575,0.03351784691332923,-8.387503440910919,7.464082422640507,1.305010792614636,1.2247066568971692,-0.23499679658037698,0.034142235379536166,0.03
1.0,0.2,0.03,0.01,36,shrink,8,1.2206149798516313,-0.23618719665723634,0.03516054075976169,-8.157442138567031,7.464082422640507,0.4913617173254681,1.2170113562522251,-0.2417815697033136,0.03907031691883353,0.03
1.0,0.2,0.03,0.01,36,current,9,1.220029699243054,-0.23562036918349882,0.04195907299858265,-10.122992985275395,7.2903577357437666,1.2596630718146107,1.2148941538119495,-0.23316129462112414,0.042495223303188695,0.03
1.0,0.2,0.03,0.01,36,kink,9,1.223964162308201,-0.23616058379769342,0.04080890008578652,-9.545952133652998,7.2903577357437666,1.3865807257985392,1.2266975430073903,-0.23478193846370787,0.03904470456480028,0.03
1.0,0.2,0.03,0.01,36,shrink,9,1.2241580588258998,-0.237725941878716,0.040510690236013024,-8.456313727102247,7.2903577357437666,0.9293217252087648,1.2272792325604873,-0.23947801270677577,0.03815007501547981,0.03
1.0,0.2,0.03,0.01,36,current,10,1.212159877482942,-0.2354739494442963,0.0443559456251604,-8.377121975189452,7.696043881030061,0.906081345458551,1.2142116147505555,-0.232477927718811,0.04296591956208817,0.03
1.0,0.2,0.03,0.01,36,kink,10,1.2155761571712953,-0.238175470438994,0.04530316195000874,-8.614787061483318,7.696043881030061,0.5716516380542199,1.224460453815615,-0.2405824907029042,0.045807568536633175,0.03
1.0,0.2,0.03,0.01,36,shrink,10,1.21518488638141,-0.23577619637118544,0.04108162872549736,-10.48440795595226,7.696043881030061,1.5197305860445312,1.223286641445959,-0.23338466849947848,0.03314296886309903,0.03
1.0,0.2,0.03,0.01,36,current,11,1.2177682663180152,-0.2367539290751645,0.04211381849886419,-9.616015153768798,8.785962020876259,1.236631943610416,1.2167909340275274,-0.23703365139512503,0.04318900655042908,0.03
1.0,0.2,0.03,0.01,36,kink,11,1.2203188711049515,-0.23597855242687293,0.039191159408736555,-9.815584099546179,8.785962020876259,0.8276370990103182,1.2244427483883364,-0.23470752145025028,0.03442102928004618,0.03
1.0,0.2,0.03,0.01,36,shrink,11,1.2197630778012523,-0.2373088570469117,0.037799830739581715,-9.386563310404659,8.785962020876259,1.0204610759931922,1.2227753684772387,-0.23869843531036655,0.03024704327258165,0.03
1.0,0.2,0.03,0.01,36,current,12,1.216963975929099,-0.23237897047644543,0.04143678472496456,-8.652212144770226,8.625269338271547,0.6996337127549546,1.218494610612465,-0.23028583147796466,0.04509668659471041,0.03
1.0,0.2,0.03,0.01,36,kink,12,1.216741167648906,-0.23495202830964035,0.03952268145798893,-9.535683318163942,8.625269338271547,1.7291492986410317,1.217826185771885,-0.23800500497754942,0.03935437679378352,0.03
1.0,0.2,0.03,0.01,36,shrink,12,1.218383987323849,-0.23478472767059932,0.040335541402214015,-8.61373312594133,8.625269338271547,1.4017967391923347,1.2227546447967148,-0.23750310306042632,0.04179295662645878,0.03
1.0,0.2,0.03,0.01,36,current,13,1.2235862646342475,-0.23732476109214748,0.036631027120680816,-9.555686871622516,8.671950181403696,1.3923572697406386,1.2165348065488664,-0.2353944460896164,0.03881786039304,0.03
1.0,0.2,0.03,0.01,36,kink,13,1.224754204749642,-0.2384489585792209,0.036233985070835695,-9.787145474994574,8.671950181403696,0.622007600004223,1.2200386268950498,-0.23876703855083667,0.03762673424350463,0.03
1.0,0.2,0.03,0.01,36,shrink,13,1.2235379651540377,-0.2372108243402328,0.03451346447610366,-7.905176910592363,8.671950181403696,1.0986138661631832,1.2163899081082366,-0.23505263583387243,0.032465172459308515,0.03
1.0,0.2,0.03,0.01,36,current,14,1.2179490246501667,-0.23941392998923036,0.04101965205636583,-9.901341249975541,8.304970975954982,1.9047596391945405,1.2197807499081332,-0.23650399267460392,0.039991571111852975,0.03
1.0,0.2,0.03,0.01,36,kink,14,1.2176866866817952,-0.23914460867219067,0.03676849779884112,-9.22776106388156,8.304970975954982,0.8716726509298831,1.2189937360030187,-0.23569602872348483,0.027238108339278845,0.03
1.0,0.2,0.03,0.01,36,shrink,14,1.2170871426991798,-0.2389898860942716,0.039615467697246,-8.592395378071837,8.304970975954982,1.6430131467446547,1.2171951040551725,-0.23523186098972765,0.03577901803449348,0.03
1.0,0.2,0.03,0.01,36,current,15,1.2137183990732987,-0.2333893270462595,0.03932414144486741,-8.898059032226838,7.519486678242824,0.6834349710482808,1.2133748479698647,-0.23582125773395993,0.03861854517138597,0.03
1.0,0.2,0.03,0.01,36,kink,15,1.2156858629421878,-0.23211561593741067,0.03793241062160382,-9.070279109488204,7.519486678242824,1.1997314542267394,1.219277239576533,-0.2320001244074134,0.0344433527015952,0.03
1.0,0.2,0.03,0.01,36,shrink,15,1.2145647051705406,-0.23471474181819107,0.04195590567128963,-9.209577949108787,7.519486678242824,1.4697075504268284,1.2159137662615904,-0.23979750204975459,0.046513837850652634,0.03
1.0,0.2,0.03,0.01,36,current,16,1.2160450153873077,-0.23367440556393557,0.04473483417464027,-10.198172571983397,7.408032101129953,0.6161649039403181,1.2069465176586287,-0.23430192001010045,0.050353307013887794,0.03
1.0,0.2,0.03,0.01,36,kink,16,1.2204689258164747,-0.23627048977523146,0.04419714796810089,-8.417914967938964,7.408032101129953,0.38694611427658443,1.2202182489461302,-0.24209017264398822,0.048740248394269645,0.03
1.0,0.2,0.03,0.01,36,shrink,16,1.2224839670967014,-0.23497506347453587,0.039344678010903945,-8.727159284690531,7.408032101129953,0.9666143350473005,1.2262633727868097,-0.23820389374190132,0.03418283852267882,0.03
1.0,0.2,0.03,0.01,36,current,17,1.2242752187183334,-0.23530861839998754,0.03574955685627911,-9.402399952620907,7.57780791160418,1.6401417659038053,1.229845801335732,-0.23290784586635177,0.0335875839967606,0.03
1.0,0.2,0.03,0.01,36,kink,17,1.2200838219186982,-0.23907706370746085,0.038968829573641846,-8.96466626563987,7.57780791160418,1.1620235671184993,1.217271610936827,-0.2442131817887716,0.0432454021488488,0.03
1.0,0.2,0.03,0.01,36,shrink,17,1.2240876588850365,-0.23654364106849388,0.03479919431044382,-9.009760191644801,7.57780791160418,1.167273162316251,1.2292831218358415,-0.2366129138718707,0.030736496359254725,0.03
1.0,0.2,0.03,0.01,36,current,18,1.2217876323065202,-0.2368443981695,0.03874050615876212,-9.437004167973653,7.226562218552557,1.5089426307212261,1.2161156963893274,-0.23394515063502855,0.0411622961407849,0.03
1.0,0.2,0.03,0.01,36,kink,18,1.2216423138181878,-0.23682916095401274,0.039432728659646386,-9.127017311605112,7.226562218552557,1.648380846221071,1.2156797409243298,-0.2338994389885667,0.04323896364343767,0.03
1.0,0.2,0.03,0.01,36,shrink,18,1.2239650901573478,-0.23929909441349625,0.03876196452205769,-8.988775843936876,7.226562218552557,0.7483525234654348,1.2226480699418092,-0.24130923936701726,0.041226671230671606,0.03
1.0,0.2,0.03,0.01,36,current,19,1.2237197363444228,-0.2394783815687941,0.029293134358370995,-8.031578129916896,8.84036562015299,0.8908514437454845,1.2241490773610795,-0.24160013626434193,0.032365151302582815,0.03
1.0,0.2,0.03,0.01,36,kink,19,1.2219613171418373,-0.23879152916299748,0.029617117335130522,-10.231735444704677,8.84036562015299,1.8162361540851395,1.2188738197533227,-0.23953957904695203,0.0333371002328614,0.03
1.0,0.2,0.03,0.01,36,shrink,19,1.2242970207650261,-0.2384953511559945,0.03169615278418759,-8.011855214794142,8.84036562015299,0.9988588476582628,1.2258809306228888,-0.23865104502594303,0.03957420658003261,0.03
1.0,0.2,0.03,0.01,36,current,20,1.2254039522656726,-0.2382911169562959,0.039870213717574036,-9.157263076805243,8.833778669578642,1.257030973212322,1.221234382628516,-0.23564238197346232,0.04086702841685056,0.03
1.0,0.2,0.03,0.01,36,kink,20,1.2266417780635173,-0.24008942356502253,0.04106609898343774,-9.117167803705433,8.833778669578642,0.12172516196112104,1.2249478600220498,-0.24103730179964217,0.044454684214441695,0.03
1.0,0.2,0.03,0.01,36,shrink,20,1.2267070339912893,-0.23943485741704662,0.0400380675492022,-8.715910647375594,8.833778669578642,0.9413238510015836,1.2251436278053658,-0.23907360335571443,0.041370589911735055,0.03
1.0,0.2,0.03,0.01,36,current,21,1.2199862178077965,-0.23853705917184764,0.043976345684960096,-8.216106435621315,8.591539737925366,0.7941914134651985,1.2167192284394204,-0.23197426417874037,0.04088584834796965,0.03
1.0,0.2,0.03,0.01,36,kink,21,1.2228086218245509,-0.23852727626681924,0.04299221717326277,-8.37315662530738,8.591539737925366,0.7476815897956127,1.225186440489684,-0.23194491546365517,0.037933462812877655,0.03
1.0,0.2,0.03,0.01,36,shrink,21,1.2191492109504225,-0.23774978757976747,0.04226375734608786,-8.63897434775177,8.591539737925366,1.2635622716121975,1.214208207867299,-0.2296124494024999,0.03574808333135291,0.03
1.0,0.2,0.03,0.01,36,current,22,1.2236575345789606,-0.2391325903305769,0.041330177619790215,-9.653926438405763,8.287175016571746,1.6759873305397233,1.2334941874567957,-0.23852306504717474,0.03754650960515445,0.03
1.0,0.2,0.03,0.01,36,kink,22,1.2199856112214356,-0.23709984915344937,0.04289045439570319,-9.360164099458693,8.287175016571746,1.6332933739233955,1.2224784173842203,-0.2324248415157921,0.04222733993289337,0.03
1.0,0.2,0.03,0.01,36,shrink,22,1.217828062991342,-0.23804880849723586,0.04374609965938526,-9.868695506487496,8.287175016571746,1.2095888547346005,1.21600577269394,-0.2352717195471517,0.04479427572393959,0.03
1.0,0.2,0.03,0.01,36,current,23,1.2205448624696422,-0.23588973402741162,0.03626722251549882,-9.028728938325798,7.837126713858028,1.151082046648846,1.2108864031718503,-0.23111057542054428,0.04365025933629534,0.03
1.0,0.2,0.03,0.01,36,kink,23,1.2211997365446878,-0.23515469336190156,0.036398370318162274,-9.729713403666878,7.837126713858028,1.8194593247433104,1.212851025396987,-0.2289054534240141,0.044043702744285707,0.03
1.0,0.2,0.03,0.01,36,shrink,23,1.2226579318941841,-0.2368031089134465,0.03746800923837814,-9.46075205947464,7.837126713858028,0.8562871745065608,1.2172256114454758,-0.2338507000786489,0.047252619504933306,0.03
1.0,0.2,0.03,0.01,36,current,24,1.220228134398665,-0.23710044505356428,0.0404506927833978,-9.71582237867711,6.9906280623197485,0.32164414850125067,1.218619823749211,-0.24242094516478133,0.04295621883292492,0.03
1.0,0.2,0.03,0.01,36,kink,24,1.223560773657444,-0.23502544133277806,0.03810782838582264,-8.568323911260377,6.9906280623197485,0.9022737062704792,1.2286177415255477,-0.23619593400242264,0.035927625640199454,0.03
1.0,0.2,0.03,0.01,36,shrink,24,1.2195795216383258,-0.23749877376678677,0.03815255130350257,-8.767835378895997,6.9906280623197485,0.49100718524502907,1.2166739854681934,-0.2436159313044489,0.03606179439323922,0.03
1.0,0.2,0.03,0.01,36,current,25,1.212644079069553,-0.23483860195470466,0.03671022950084354,-8.129728373053684,8.128740820470505,0.7995823404850209,1.2101042874259171,-0.23581963621880392,0.039354981144828605,0.03
1.0,0.2,0.03,0.01,36,kink,25,1.2153442533813499,-0.2367507740681184,0.03454167639198963,-9.209820971105124,8.128740820470505,1.2816529802687617,1.2182048103613083,-0.24155615255904514,0.03284932181826686,0.03
1.0,0.2,0.03,0.01,36,shrink,25,1.2159661205851104,-0.23577005453270497,0.0327213681499349,-8.895355209591527,8.128740820470505,1.3543478830481104,1.2200704119725891,-0.23861399395280483,0.02738839709210267,0.03
1.0,0.2,0.03,0.01,36,current,26,1.2189726214978887,-0.23982585138742873,0.04037049405502294,-9.054299749699862,7.252935255157141,0.6847585162087781,1.214497301751204,-0.23772215984161227,0.042343443675603123,0.03
1.0,0.2,0.03,0.01,36,kink,26,1.219773919382916,-0.23976044859509793,0.040190769403719136,-9.055400514662326,7.252935255157141,0.9081668116081448,1.216901195406286,-0.2375259514646198,0.041804269721691746,0.03
1.0,0.2,0.03,0.01,36,shrink,26,1.2202969377581916,-0.23908169513236124,0.037783061587449734,-9.233412263248654,7.252935255157141,1.894489020685806,1.218470250532113,-0.23548969107640977,0.034581146272883535,0.03
1.0,0.2,0.03,0.01,36,current,27,1.2285363078523546,-0.24129887958927657,0.040972673132164045,-8.992127772714749,7.043657116173564,1.0961538237242654,1.2330182784643096,-0.24088780012526406,0.0467747240548797,0.03
1.0,0.2,0.03,0.01,36,kink,27,1.2290477155480974,-0.23876601366478878,0.037524487456023985,-8.611091563943152,7.043657116173564,1.2341666479761217,1.234552501551538,-0.23328920235180067,0.03643016702645952,0.03
1.0,0.2,0.03,0.01,36,shrink,27,1.225682691840923,-0.23931417563919424,0.038300610916976945,-8.705562429553975,7.043657116173564,0.986217880745852,1.224457430430014,-0.23493368827501704,0.0387585374093184,0.03
1.0,0.2,0.03,0.01,36,current,28,1.220285160068057,-0.2363732742674349,0.04043483192244688,-9.262861329481947,7.4332862009586,1.232583224162079,1.2159994232254356,-0.23083651203185512,0.03585850774204051,0.03
1.0,0.2,0.03,0.01,36,kink,28,1.2217211456867212,-0.23788890910204888,0.040025028757413934,-8.826111905100746,7.4332862009586,1.199841710337519,1.2203073800814286,-0.2353834165356971,0.03462909824694165,0.03
1.0,0.2,0.03,0.01,36,shrink,28,1.2217739020167684,-0.2375920848642891,0.0420832542319863,-9.107429995305774,7.4332862009586,1.0282248375809253,1.2204656490715695,-0.23449294382241767,0.04080377467065875,0.03
1.0,0.2,0.03,0.01,36,current,29,1.2177999926610672,-0.23913313827556157,0.0401378992421183,-9.008852397947619,9.222649488092625,0.5613037701675054,1.2196886090680625,-0.23970230442493684,0.04594531941767976,0.03
1.0,0.2,0.03,0.01,36,kink,29,1.2184925512025286,-0.23578481309649488,0.038189549082217306,-9.675920463902,9.222649488092625,1.6955027982163886,1.2217662846924475,-0.2296573288877368,0.040100268937976774,0.03
1.0,0.2,0.03,0.01,36,shrink,29,1.2181625047058737,-0.2379255540345094,0.03657186008425444,-8.496159940984034,9.222649488092625,0.6772725380715462,1.2207761452024826,-0.23607955170178038,0.035247201944088175,0.03
1.0,0.2,0.03,0.01,36,current,30,1.2208565401173397,-0.23803897202689842,0.04168507463949391,-8.954698113857349,7.5386630213749095,0.9751982689069185,1.2244622243783079,-0.23589129363762856,0.03996250616497839,0.03
1.0,0.2,0.03,0.01,36,kink,30,1.2182340331969186,-0.2354226229790786,0.041064543269311166,-8.975758298565191,7.5386630213749095,1.062527450842253,1.2165947036170448,-0.2280422464941691,0.03810091205443015,0.03
1.0,0.2,0.03,0.01,36,shrink,30,1.22493467351431,-0.23657436587069877,0.041393132386110136,-8.828374517002429,7.5386630213749095,1.0010177613046771,1.2366966245692188,-0.2314974751690296,0.039086679404827074,0.03
1.0,0.2,0.03,0.01,36,current,31,1.2155421625011862,-0.2380601260702192,0.038618871720501206,-9.525722284316359,8.752515174867701,0.7743026669213162,1.2185073069583188,-0.2368059864041831,0.03853686114607589,0.03
1.0,0.2,0.03,0.01,36,kink,31,1.2154468950181434,-0.23942532979291184,0.03839380250884138,-9.492041339166965,8.752515174867701,0.9758372620606702,1.2182215045091902,-0.24090159757226104,0.03786165351109642,0.03
1.0,0.2,0.03,0.01,36,shrink,31,1.2160469603995592,-0.2390954431544634,0.040727768554076914,-9.986774537351797,8.752515174867701,1.0306424681697937,1.2200217006534373,-0.2399119376569157,0.044863551646803015,0.03
1.0,0.2,0.03,0.01,36,current,32,1.219961930967111,-0.23871506179103696,0.04187212283452244,-9.339457370900567,7.962002877456921,1.235233713572264,1.219978182810681,-0.23972319254820681,0.0428267979717365,0.03
1.0,0.2,0.03,0.01,36,kink,32,1.2214400285522344,-0.23731844876755673,0.03819009264804957,-8.480081819768447,7.962002877456921,1.0651509177598288,1.2244124755660515,-0.23553335347776616,0.03178070741231785,0.03
1.0,0.2,0.03,0.01,36,shrink,32,1.2200246118931435,-0.24044169849097616,0.040916224253247244,-9.445962974929982,7.962002877456921,1.2843278673315106,1.2201662255887784,-0.24490310264802442,0.03995910222791088,0.03
1.0,0.2,0.03,0.01,36,current,33,1.2210751651345835,-0.23364455917703886,0.03678329597915156,-10.196522605861688,8.23795848487848,1.0264432277247282,1.2223666626773195,-0.24161598284978617,0.03571268674915451,0.03
1.0,0.2,0.03,0.01,36,kink,33,1.2208519489293523,-0.23309078152285792,0.03707713564163831,-8.541411306262052,8.23795848487848,0.6426754474959647,1.2216970140616255,-0.2399546498872434,0.03659420573661475,0.03
1.0,0.2,0.03,0.01,36,shrink,33,1.2210199254593348,-0.23474560920342671,0.037366793757492606,-9.529084086273876,8.23795848487848,1.4870854067773782,1.2222009436515733,-0.2449191329289498,0.03746318008417764,0.03
1.0,0.2,0.03,0.01,36,current,34,1.2234943121659174,-0.2367515603954892,0.037316849673159166,-9.444313777527373,8.3412520424587,0.920082372907081,1.221410794667964,-0.23583781586674113,0.03805540884919574,0.03
1.0,0.2,0.03,0.01,36,kink,34,1.2234123475336338,-0.23891881805066553,0.03861225852129568,-8.65086555342043,8.3412520424587,0.8473320443917588,1.2211649007711134,-0.2423395888322702,0.041941635393605264,0.03
1.0,0.2,0.03,0.01,36,shrink,34,1.223476005886286,-0.23753966069968865,0.03704890516831896,-9.376207497806364,8.3412520424587,1.288494735684007,1.2213558758290697,-0.2382021167793395,0.03725157533467512,0.03
1.0,0.2,0.03,0.01,36,current,35,1.2175067305169651,-0.2396690530632067,0.03992997061924656,-9.357861879162103,8.60196210172431,1.2068936499307927,1.2181653829169312,-0.24116063031068283,0.04059539745916389,0.03
1.0,0.2,0.03,0.01,36,kink,35,1.2186816904916669,-0.24134981729901658,0.04102516527400437,-9.440897063914763,8.60196210172431,0.6544634305654702,1.2216902628410367,-0.2462029230181125,0.04388098142343734,0.03
1.0,0.2,0.03,0.01,36,shrink,35,1.2181250604761231,-0.23861410597353014,0.040598602886505276,-9.052274049990523,8.60196210172431,0.8677104086225559,1.220020372794405,-0.23799578904165308,0.04260129426094006,0.03
1.0,0.2,0.03,0.01,36,current,36,1.2210415780663446,-0.2398386094382989,0.03998361350063317,-9.465417793974822,8.736438560668464,1.7273394182057165,1.2165871882213757,-0.23776370230499952,0.04274376937268193,0.03
1.0,0.2,0.03,0.01,36,kink,36,1.2225034026683468,-0.23854160094547036,0.038042034995614545,-9.01333416190425,8.736438560668464,1.2799034524395503,1.2209726620273824,-0.23387267682651386,0.03691903385762607,0.03
1.0,0.2,0.03,0.01,36,shrink,36,1.2231504346330382,-0.241387007927366,0.039045248768515596,-8.39286912711273,8.736438560668464,0.9061935424893572,1.2229137579214562,-0.2424088977722009,0.03992867517632922,0.03
1.0,0.2,0.03,0.01,36,current,37,1.2145612503356773,-0.23271424715881592,0.03987195011109601,-9.465157255742435,8.484464259911576,1.7094060550877985,1.2117869975325148,-0.23074208021164827,0.03821125318557492,0.03
1.0,0.2,0.03,0.01,36,kink,37,1.2175141645244805,-0.23610609771731572,0.037597540565022645,-9.21638571406199,8.484464259911576,0.5586948292176073,1.220645740098924,-0.24091763188714765,0.03138802454735481,0.03
1.0,0.2,0.03,0.01,36,shrink,37,1.2164947821992744,-0.23232711431999964,0.044247563722069026,-8.445971560965232,8.484464259911576,1.8192356285850662,1.217587593123306,-0.2295806816951994,0.05133809401849396,0.03
1.0,0.2,0.03,0.01,36,current,38,1.2232977851471816,-0.23482209661306108,0.03550771838512048,-8.787535499071305,7.811721859265104,2.058662833227542,1.2240448642609958,-0.23151063764905228,0.037303165931606305,0.03
1.0,0.2,0.03,0.01,36,kink,38,1.222816764717831,-0.23769241729343185,0.03592383961300411,-8.165146625890785,7.811721859265104,1.0671354474063606,1.222601802972943,-0.24012159969016456,0.03855152961525724,0.03
1.0,0.2,0.03,0.01,36,shrink,38,1.2219616953189991,-0.23605995456351447,0.03458148716908546,-9.446237665211733,7.811721859265104,0.901457433820282,1.2200365947764482,-0.23522421150041248,0.03452447228350127,0.03
1.0,0.2,0.03,0.01,36,current,39,1.2186383757010921,-0.23324067293825945,0.03986295036537466,-8.640562721493998,7.794299352503077,1.176421410752509,1.2217417810452589,-0.2364233523381282,0.05136232193727124,0.03
1.0,0.2,0.03,0.01,36,kink,39,1.2183034583583139,-0.23407438491673271,0.03973116653419458,-9.830550458536244,7.794299352503077,1.3175243443872817,1.2207370290169248,-0.23892448827354798,0.05096697044373102,0.03
1.0,0.2,0.03,0.01,36,shrink,39,1.2177969345140964,-0.23603487461168338,0.036503847850064476,-9.838276441045027,7.794299352503077,1.064366616795972,1.2192174574842718,-0.24480595735839997,0.0412850143913407,0.03
1.0,0.2,0.03,0.01,36,current,40,1.2227404711035705,-0.2379381965012919,0.038788760959930856,-9.495437668304742,7.736076209326712,0.4916975770122951,1.2286246464701005,-0.2475481821978877,0.04130982206171208,0.03
1.0,0.2,0.03,0.01,36,kink,40,1.2211837339580918,-0.23784235702802106,0.03482201794575776,-9.47144889984058,7.736076209326712,0.5918210421628967,1.2239544350336644,-0.24726066377807532,0.029409593019192798,0.03
1.0,0.2,0.03,0.01,36,shrink,40,1.2202465140556535,-0.235234060935841,0.03713857427094149,-9.118425546082175,7.736076209326712,1.2085091399052952,1.2211427753263495,-0.2394357755015351,0.036359261994744,0.03
1.0,0.2,0.03,0.01,36,current,41,1.217623305236872,-0.23473593399757386,0.04195269575309388,-8.923078328904387,7.718336430837555,1.0384799980063995,1.2230049907472704,-0.23524069346218948,0.040240038755351135,0.03
1.0,0.2,0.03,0.01,36,kink,41,1.216617275979597,-0.23631007689419373,0.04077820136175681,-9.232872148210664,7.718336430837555,1.2268014777925926,1.219986902975446,-0.23996312215204912,0.036716555581339946,0.03
1.0,0.2,0.03,0.01,36,shrink,41,1.2156603195198417,-0.2353317123316936,0.040760339176781096,-8.246028766223114,7.718336430837555,0.621623870250715,1.21711603359618,-0.23702802846454868,0.0366629690264128,0.03
1.0,0.2,0.03,0.01,36,current,42,1.2149624351905353,-0.2339421948221652,0.04198472669629708,-9.216322749890322,8.33918457298266,1.5328736666320493,1.225305689270618,-0.23410928233312428,0.037367761196073226,0.03
1.0,0.2,0.03,0.01,36,kink,42,1.2115050392883397,-0.2344634729826736,0.04282533903156932,-9.06538055956231,8.33918457298266,1.142190097973041,1.214933501564032,-0.23567311681464947,0.03988959820188992,0.03
1.0,0.2,0.03,0.01,36,shrink,42,1.216276995400013,-0.23441078810927776,0.04204316473384236,-9.852288046401734,8.33918457298266,0.7958916505466247,1.2292493698990512,-0.235515062194462,0.03754307530870906,0.03
1.0,0.2,0.03,0.01,36,current,43,1.2190268523788854,-0.2430232172682922,0.04215843416804708,-9.478909903587564,8.104956643915934,0.9008036639057299,1.2246005929389658,-0.23912235573321555,0.03287285923186138,0.03
1.0,0.2,0.03,0.01,36,kink,43,1.2175207997520145,-0.24022589697065766,0.041364872842141666,-9.643854059087738,8.104956643915934,1.2118691600435596,1.2200824350583532,-0.23073039484031202,0.030492175254145142,0.03
1.0,0.2,0.03,0.01,36,shrink,43,1.2191980714473234,-0.2424113351578343,0.042481547109092334,-8.631345413609406,8.104956643915934,1.3798501289771334,1.2251142501442798,-0.23728670940184185,0.033842198054997163,0.03
1.0,0.2,0.03,0.01,36,current,44,1.2162138649630698,-0.2321109933079515,0.043748306818359846,-9.529435026258367,8.34261093455095,0.4774262900879198,1.2034344210768606,-0.2240006031896599,0.04766883649424153,0.03
1.0,0.2,0.03,0.01,36,kink,44,1.2177795438127754,-0.2387652295875556,0.04285858851610785,-8.926080826581787,8.34261093455095,0.4472309934552392,1.2081314576259776,-0.24396331202847218,0.04499968158748551,0.03
1.0,0.2,0.03,0.01,36,shrink,44,1.2216842270919221,-0.2348762291879123,0.04167460254169102,-8.175466435688701,8.34261093455095,1.7500248824697708,1.2198455074634178,-0.23229631082954214,0.04144772366423504,0.03
1.0,0.2,0.03,0.01,36,current,45,1.2251146340894665,-0.23767960809483268,0.03862492175069116,-7.9584871226481955,7.808673661590597,1.3137406686286093,1.2234377314706402,-0.23569803917470886,0.040116172334492224,0.03
1.0,0.2,0.03,0.01,36,kink,45,1.223232586525211,-0.23910277858184156,0.037740654154469186,-8.549665827539531,7.808673661590597,1.2624709977568314,1.2177915887778739,-0.23996755063573555,0.0374633695458263,0.03
1.0,0.2,0.03,0.01,36,shrink,45,1.2247830241994915,-0.23804258895799957,0.03900582258715278,-9.332139315870574,7.808673661590597,1.8879453641718247,1.222442901800715,-0.23678698176420962,0.04125887484387708,0.03
1.0,0.2,0.03,0.01,36,current,46,1.2247017676711243,-0.23771073375561916,0.038318385284414225,-9.371507674873193,7.807708946587349,1.0786954988685538,1.2258631336766272,-0.23853555421276354,0.036040615021696976,0.03
1.0,0.2,0.03,0.01,36,kink,46,1.2226223237303888,-0.23634989705066536,0.03986132950675609,-8.668123834220234,7.807708946587349,1.522070369319108,1.2196248018544211,-0.2344530440979021,0.040669447688722556,0.03
1.0,0.2,0.03,0.01,36,shrink,46,1.2211681334690379,-0.23804471302638422,0.04058462368533149,-9.252883146275149,7.807708946587349,0.8326057339805798,1.2152622310703678,-0.2395374920250587,0.042839330224448795,0.03
1.0,0.2,0.03,0.01,36,current,47,1.2235788630018227,-0.24123757978950824,0.040146287538781376,-9.206850713582524,7.965050536315388,1.1548650112589156,1.2181357540817868,-0.24343338938887413,0.04139940288391501,0.03
1.0,0.2,0.03,0.01,36,kink,47,1.2249872870513359,-0.2418154858940497,0.03806578823902149,-9.094547821246474,7.965050536315388,0.9358796224647241,1.2223610262303257,-0.24516710770249836,0.03515790498463537,0.03
1.0,0.2,0.03,0.01,36,shrink,47,1.2246133367779786,-0.23748469361580696,0.0386716006138661,-9.61851932416555,7.965050536315388,1.8211024351693281,1.2212391754102538,-0.23217473086777016,0.03697534210916918,0.03
1.0,0.2,0.03,0.01,36,current,48,1.2162222224559116,-0.23636184501507185,0.03334071142991219,-9.348021752926591,7.766394666395886,1.6665096338890888,1.2168989124267415,-0.23428260105516185,0.02936736800373372,0.03
1.0,0.2,0.03,0.01,36,kink,48,1.215578086436926,-0.23752246032132027,0.03765197228871276,-8.650666742429353,7.766394666395886,0.37417470042974377,1.2149665043697853,-0.23776444697390706,0.04230115058013541,0.03
1.0,0.2,0.03,0.01,36,shrink,48,1.217657019949063,-0.23712384890476748,0.033849529173787495,-9.100355133619612,7.766394666395886,1.4008037104116537,1.221203304906196,-0.23656861272424876,0.030893821235359612,0.03
1.0,0.2,0.03,0.01,36,current,49,1.223129198786503,-0.23651482252250342,0.0390471476400171,-8.77675724781203,8.342283952197942,0.6367283501761419,1.2223507139694467,-0.23857245868102606,0.0455175163666215,0.03
1.0,0.2,0.03,0.01,36,kink,49,1.2228096461229994,-0.2385977214319566,0.038302421221223966,-8.388849449245878,8.342283952197942,0.819150575460937,1.2213920559789353,-0.2448211554093856,0.04328333711024209,0.03
1.0,0.2,0.03,0.01,36,shrink,49,1.2258739866364676,-0.23729804285443165,0.03692019631423448,-8.684561887291013,8.342283952197942,1.4966074211800433,1.2305850775193405,-0.24092211967681074,0.039136662389273644,0.03
1.0,0.2,0.03,0.01,40,current,0,2.825985419901675,-0.4310870103079734,0.05309189665769767,-15.175264623654888,13.451173732212421,0.9219953287617659,2.8310019682806264,-0.4335914535152113,0.06363301465478807,0.03
1.0,0.2,0.03,0.01,40,kink,0,2.8220469511763064,-0.4335390498544443,0.05214899656019915,-13.831624280731667,13.451173732212421,0.5499659658826497,2.819186562104521,-0.44094757215462393,0.06080431436229252,0.03
1.0,0.2,0.03,0.01,40,shrink,0,2.820313259527461,-0.4299601404573152,0.04795637807137726,-16.60548401430022,13.451173732212421,1.2557478954726409,2.813985487157984,-0.4302108439632364,0.04822645889582686,0.03
1.0,0.2,0.03,0.01,40,current,1,2.8147446545291017,-0.4308380324257944,0.04470479967368276,-15.049861617033631,11.219867307261348,2.2276017710564826,2.820395805271583,-0.4188189302463887,0.03998971478323235,0.03
1.0,0.2,0.03,0.01,40,kink,1,2.8144100824924028,-0.43253378715081414,0.04349415358971435,-16.29713422831914,11.219867307261348,2.096933921064271,2.8193920891614876,-0.42390619442144806,0.03635777653132713,0.03
1.0,0.2,0.03,0.01,40,shrink,1,2.8113523719279567,-0.4349664767253989,0.05369736504055372,-16.75105052931062,11.219867307261348,1.1286811704678485,2.810218957468149,-0.43120426314520216,0.06696741088384522,0.03
1.0,0.2,0.03,0.01,40,current,2,2.8305873163785815,-0.4355144945561089,0.05466276159648351,-15.365724174591367,12.537507686807526,0.5276378556082404,2.834356071030618,-0.43974838752469136,0.05652386792886884,0.03
1.0,0.2,0.03,0.01,40,kink,2,2.82722457861504,-0.4333867841421107,0.05201295788243493,-15.54372054627667,12.537507686807526,1.973271083674031,2.8242678577399927,-0.43336525628269684,0.04857445678672308,0.03
1.0,0.2,0.03,0.01,40,shrink,2,2.8260281912371386,-0.4352202417443589,0.057873205433475204,-15.463355480615848,12.537507686807526,-0.09538981862734808,2.820678695606288,-0.4388656290894414,0.0661551994398439,0.03
1.0,0.2,0.03,0.01,40,current,3,2.82412216462761,-0.43483974558268584,0.04640925784809488,-13.917243487503614,12.647822845657064,1.179050855166878,2.8092045487727426,-0.42813247476600175,0.04936962935217054,0.03
1.0,0.2,0.03,0.01,40,kink,3,2.826706553868384,-0.43430848701318575,0.04640657383309288,-14.915264387984086,12.647822845657064,0.3168547735582228,2.8169577164950668,-0.42653869905750147,0.049361577307164534,0.03
1.0,0.2,0.03,0.01,40,shrink,3,2.8250732254054114,-0.43410453179024633,0.04652014484172507,-15.260923446684092,12.647822845657064,1.9853543205788349,2.812057731106148,-0.42592683338868315,0.049702290333061096,0.03
1.0,0.2,0.03,0.01,40,current,4,2.819151037581205,-0.4324998298329512,0.05283306998037124,-14.20442143218433,13.41877422532811,-0.45059558809535405,2.8164453639709937,-0.4244564456317123,0.054468841059991516,0.03
1.0,0.2,0.03,0.01,40,kink,4,2.8185191765381243,-0.43300405685494403,0.04989467669607628,-15.108285463517731,13.41877422532811,0.0215118567578374,2.8145497808417517,-0.42596912669769094,0.04565366120710666,0.03
1.0,0.2,0.03,0.01,40,shrink,4,2.8242374028322277,-0.4371338363966902,0.05304543517566918,-13.470084321659389,13.41877422532811,1.2144755371843932,2.8317044597240617,-0.43835846532292927,0.05510593664588537,0.03
1.0,0.2,0.03,0.01,40,current,5,2.822617091382776,-0.43841091210559413,0.05042642768301992,-15.121238413312925,13.981200846270376,0.6193461175538022,2.8184416922118856,-0.43564200876270814,0.039759493921118154,0.03
1.0,0.2,0.03,0.01,40,kink,5,2.823577787432672,-0.43676354372727366,0.05539308136393769,-15.132506894131577,13.981200846270376,1.0084288446967942,2.821323780361574,-0.43069990362774674,0.05465945496387144,0.03
1.0,0.2,0.03,0.01,40,shrink,5,2.821944431616396,-0.44029846129174266,0.05461134391171841,-15.930284930104044,13.981200846270376,0.4244391265823966,2.8164237129127456,-0.4413046563211536,0.052314242607213624,0.03
1.0,0.2,0.03,0.01,40,current,6,2.812802048259027,-0.424930805296801,0.060085105011177496,-14.573076062921658,12.594220777931172,0.20236196721394828,2.7979786240871634,-0.42130925429565075,0.0626286087105741,0.03
1.0,0.2,0.03,0.01,40,kink,6,2.8166991665966203,-0.42802476990611577,0.057039880006902056,-14.643249518073594,12.594220777931172,0.5748707568416958,2.8096699790999415,-0.4305911481235953,0.053492933697747776,0.03
1.0,0.2,0.03,0.01,40,shrink,6,2.819984842509683,-0.42896897060876893,0.05640766618781076,-15.696424543195967,12.594220777931172,1.3384613149126263,2.8195270068391305,-0.4334237502315546,0.0515962922404739,0.03
1.0,0.2,0.03,0.01,40,current,7,2.8188670882033477,-0.4334381617738354,0.0550318680185381,-15.356015879361049,12.058539020606574,1.3790433723029056,2.8235017887724405,-0.42512504939945983,0.05172888944987455,0.03
1.0,0.2,0.03,0.01,40,kink,7,2.8161316741903235,-0.4374882093209203,0.05294490295669244,-15.209772263059131,12.058539020606574,-0.18296790520857664,2.815295546733368,-0.4372751920407148,0.045467994264337584,0.03
1.0,0.2,0.03,0.01,40,shrink,7,2.814627762246136,-0.4311126293303498,0.050476821495112574,-14.953394626135296,12.058539020606574,1.5932198876799664,2.810783810900807,-0.4181484520690031,0.03806374987959797,0.03
1.0,0.2,0.03,0.01,40,current,8,2.8098387058990135,-0.43450437257770586,0.0558994121617622,-13.479101848044445,11.231581514010063,0.7885282735735375,2.8125551664946684,-0.44036638003723866,0.05654600662016303,0.03
1.0,0.2,0.03,0.01,40,kink,8,2.8133085076025117,-0.4362925805001176,0.053808586955748826,-13.3662671585953,11.231581514010063,0.8566126345672036,2.8229645716051603,-0.44573100380447395,0.05027353100212288,0.03
1.0,0.2,0.03,0.01,40,shrink,8,2.8083219446324215,-0.43488160481236626,0.05489869093074401,-16.313654141029033,11.231581514010063,-0.05580224871760042,2.808004882694891,-0.4414980767412198,0.05354384292710844,0.03
1.0,0.2,0.03,0.01,40,current,9,2.812841405189958,-0.43743129365521344,0.04829140290222849,-15.600599373480197,12.652307042626724,0.8615535194022717,2.804335408730779,-0.4360737399651104,0.04472132834993811,0.03
1.0,0.2,0.03,0.01,40,kink,9,2.82194728480315,-0.4371938343119887,0.045179892705957875,-14.84161791910065,12.652307042626724,-0.286014749920394,2.831653047570356,-0.4353613619354361,0.03538679776112627,0.03
1.0,0.2,0.03,0.01,40,shrink,9,2.8210402123166562,-0.43720986555503893,0.04598180569404473,-15.150559400549238,12.652307042626724,0.46029454477233256,2.828931830110873,-0.43540945566458683,0.03779253672538684,0.03
1.0,0.2,0.03,0.01,40,current,10,2.817474544840517,-0.4315456654461885,0.05507824726651952,-16.848209937335522,13.172624882705664,2.6102934261396404,2.832354099275291,-0.43790131110320496,0.04138371801452394,0.03
1.0,0.2,0.03,0.01,40,kink,10,2.8163668603019354,-0.4289218638103078,0.06029062351127431,-14.33328627720475,13.172624882705664,0.847683192906413,2.8290310456595464,-0.43002990619556264,0.05702084674878831,0.03
1.0,0.2,0.03,0.01,40,shrink,10,2.819122382701322,-0.43117166742287355,0.057206625223668185,-13.271726289352976,13.172624882705664,0.13775401112938046,2.837297612857705,-0.43677931703326023,0.04776885188596994,0.03
1.0,0.2,0.03,0.01,40,current,11,2.818562167605423,-0.4301754557945065,0.05826154828746196,-16.5378070858202,14.50617325753294,1.3717996827466865,2.8266106719835284,-0.4347891754917717,0.043906106275677405,0.03
1.0,0.2,0.03,0.01,40,kink,11,2.8137656209445936,-0.4264406937253457,0.05929752292268966,-16.392231552509426,14.50617325753294,0.7545023611134969,2.81222103200104,-0.42358488928428906,0.04701403018136049,0.03
1.0,0.2,0.03,0.01,40,shrink,11,2.8153702897020447,-0.43158649681562267,0.061044250814767116,-16.233225383822397,14.50617325753294,0.04557046013677302,2.8170350382733926,-0.4390222985551201,0.05225421385759287,0.03
1.0,0.2,0.03,0.01,40,current,12,2.828626748143235,-0.43025894664906206,0.05078048295437026,-15.869742577610864,13.318261077643271,1.3320580376480542,2.826092367713426,-0.4259366460367706,0.04738433884864696,0.03
1.0,0.2,0.03,0.01,40,kink,12,2.8222860208895484,-0.43272882242505323,0.05829249187941782,-14.776066654326169,13.318261077643271,0.35926784533159095,2.807070185952367,-0.4333462733647444,0.06992036562378967,0.03
1.0,0.2,0.03,0.01,40,shrink,12,2.8300194329692183,-0.4324514877624566,0.051794477287428003,-15.939661212429188,13.318261077643271,1.220668611522694,2.830270422191375,-0.4325142693769545,0.05042632184782021,0.03
1.0,0.2,0.03,0.01,40,current,13,2.8119784223686977,-0.4336768433864573,0.05834772431006759,-15.891526343321116,12.108259097722723,0.6549030114889496,2.7993592578997566,-0.4309381282075463,0.0751720024247141,0.03
1.0,0.2,0.03,0.01,40,kink,13,2.814987652618598,-0.43207768571685584,0.0493746319227098,-16.64342444507388,12.108259097722723,1.173308147319916,2.808386948649459,-0.42614065519874206,0.04825272526264073,0.03
1.0,0.2,0.03,0.01,40,shrink,13,2.816233416226844,-0.43766066205231274,0.05818693450412352,-15.49215215035813,12.108259097722723,1.305969236968498,2.8121242394741968,-0.4428895842051126,0.07468963300688192,0.03
1.0,0.2,0.03,0.01,40,current,14,2.8183976447719346,-0.43530899908741816,0.052643660859444504,-16.288185726715245,13.16644526222808,2.1637666258904353,2.8110457996120815,-0.4372412958407628,0.058812917958615846,0.03
1.0,0.2,0.03,0.01,40,kink,14,2.821150271861388,-0.4319065566218164,0.04718250455292955,-15.320009328187158,13.16644526222808,1.2691358983589365,2.8193036808804406,-0.4270339684439574,0.04242944903907096,0.03
1.0,0.2,0.03,0.01,40,shrink,14,2.8191185459493773,-0.43848727217847056,0.05034994743685472,-15.4502777457412,13.16644526222808,-0.19052559090536691,2.813208503144408,-0.44677611511391985,0.05193177769084647,0.03
1.0,0.2,0.03,0.01,40,current,15,2.815937956444485,-0.4329009294976316,0.05249909557956182,-16.252566825897865,13.141002275111445,0.6947447602485277,2.815757117340795,-0.43834786950156873,0.054633388959562684,0.03
1.0,0.2,0.03,0.01,40,kink,15,2.81493314763688,-0.4262946852173303,0.05055292170587524,-17.610643666187435,13.141002275111445,1.0534678561202317,2.8127426909179776,-0.418529136660665,0.04879486733850292,0.03
1.0,0.2,0.03,0.01,40,shrink,15,2.819089782138132,-0.4283363191027894,0.047426045981938315,-12.861225667511057,13.141002275111445,1.35483950449454,2.8252125944217346,-0.4246540383170423,0.03941424016669217,0.03
1.0,0.2,0.03,0.01,40,current,16,2.8274192926916295,-0.43257110031179197,0.0522037143910932,-16.057171615190533,12.80178509710197,0.9572562526409615,2.8218440291806965,-0.42293791298043903,0.045759075352138606,0.03
1.0,0.2,0.03,0.01,40,kink,16,2.8291328660367383,-0.4411118528138194,0.05383488917142312,-15.059868168806934,12.80178509710197,0.26266404829853607,2.826984749216024,-0.4485601704865214,0.05065259969312838,0.03
1.0,0.2,0.03,0.01,40,shrink,16,2.828944962163385,-0.4336285440425945,0.05513390447338918,-14.305992213948826,12.80178509710197,1.4333216338585018,2.8264210375959635,-0.42611024417284676,0.054549645599026565,0.03
1.0,0.2,0.03,0.01,40,current,17,2.8140376712768798,-0.42583527733582915,0.05534955263855073,-17.28151607941287,13.854627608970162,0.8034697809141949,2.821862246974358,-0.41964999586661006,0.047166382995231806,0.03
1.0,0.2,0.03,0.01,40,kink,17,2.8127392314023503,-0.43466472705696413,0.05825085862035778,-14.768551476412643,13.854627608970162,1.0790528406012925,2.81796692735077,-0.44613834503001526,0.055870300940652984,0.03
1.0,0.2,0.03,0.01,40,shrink,17,2.8089471992813997,-0.4307317460578446,0.060720991843218795,-13.909725896086158,13.854627608970162,0.1448132792734913,2.806590830987917,-0.4343394020326564,0.06328070060923602,0.03
1.0,0.2,0.03,0.01,40,current,18,2.820913331629581,-0.4282090968775445,0.04969041088686707,-15.209195795649066,12.655734250648534,1.3576713097205255,2.819277540954944,-0.4211081515609592,0.047067692543025806,0.03
1.0,0.2,0.03,0.01,40,kink,18,2.8242588686927306,-0.4260770209409191,0.05183689574541108,-13.914853403310044,12.655734250648534,0.7324737505538921,2.829314152144393,-0.414711923751083,0.05350714711865783,0.03
1.0,0.2,0.03,0.01,40,shrink,18,2.8253115165171754,-0.4328700643600188,0.04843501351043037,-14.930386911702072,12.655734250648534,0.9550348821371676,2.832472095617728,-0.43509105400838205,0.043301500413715714,0.03
1.0,0.2,0.03,0.01,40,current,19,2.817202637986726,-0.4346190257893901,0.0578692745321124,-16.737702813440613,12.429844449330147,0.37186911681915524,2.800193986060594,-0.43870527749040644,0.06677378694294694,0.03
1.0,0.2,0.03,0.01,40,kink,19,2.8256313791682666,-0.4337564891734013,0.051808379154843286,-15.752402751104299,12.429844449330147,1.89327734483756,2.8254802096052156,-0.43611766764244003,0.048591100811139584,0.03
1.0,0.2,0.03,0.01,40,shrink,19,2.819976776658487,-0.4335417319078201,0.056272693017838445,-15.238157910350697,12.429844449330147,1.4370415200262308,2.808516402075875,-0.4354733958456965,0.061984042400125075,0.03
1.0,0.2,0.03,0.01,40,current,20,2.82596790461017,-0.43988542516969337,0.0559081247902898,-15.965703746031753,12.642068337008592,1.142663656054793,2.8101585857313607,-0.4332887518825691,0.05853020569726663,0.03
1.0,0.2,0.03,0.01,40,kink,20,2.8285796681010758,-0.4395383269316535,0.052898829092103555,-15.881446673275068,12.642068337008592,0.6241395061297188,2.817993876204078,-0.4322474571684495,0.04950231860270791,0.03
1.0,0.2,0.03,0.01,40,shrink,20,2.833066438580658,-0.4422007836248683,0.0522015899460499,-13.779850199361787,12.642068337008592,0.3200631874234152,2.831454187642825,-0.44023482724809393,0.04741060116454692,0.03
1.0,0.2,0.03,0.01,40,current,21,2.8191499522640924,-0.42412828753763204,0.04749831599530674,-15.233559623580293,12.752864002227945,0.9609412725196681,2.80350779711151,-0.4223784461823715,0.04658546239209631,0.03
1.0,0.2,0.03,0.01,40,kink,21,2.817242785596503,-0.4273182975578309,0.051251496842357996,-15.851640851019521,12.752864002227945,0.37992720044715056,2.7977862971087424,-0.431948476242968,0.05784500493325008,0.03
1.0,0.2,0.03,0.01,40,shrink,21,2.8212100502677977,-0.4272778479599775,0.04447400683690266,-16.141201651995818,12.752864002227945,0.8354235103764227,2.8096880911226245,-0.4318271274494076,0.03751253491688408,0.03
1.0,0.2,0.03,0.01,40,current,22,2.816084760235878,-0.44127476222347406,0.0571943364802421,-14.641857026765546,13.15582951646749,0.5446337794265439,2.807832306167565,-0.43356421833588416,0.05708721338325666,0.03
1.0,0.2,0.03,0.01,40,kink,22,2.816932452385796,-0.4369637980122861,0.05873128177668945,-15.477077352191108,13.15582951646749,0.4476040437608175,2.81037538261732,-0.42063132570232026,0.0616980492725987,0.03
1.0,0.2,0.03,0.01,40,shrink,22,2.816345370438299,-0.4382445016487965,0.05161247055829682,-15.274464727343224,13.15582951646749,1.714600225482543,2.808614136774828,-0.42447343661185144,0.040341615617420785,0.03
1.0,0.2,0.03,0.01,40,current,23,2.819225352383622,-0.42837222318331003,0.05698030919642142,-14.864645251389746,12.481522261685392,0.26181260909654336,2.817084215437176,-0.4238963166704264,0.06481514684788033,0.03
1.0,0.2,0.03,0.01,40,kink,23,2.8159007984220845,-0.42783518071863297,0.05607803978658393,-14.892278997751706,12.481522261685392,0.3666326476720554,2.8071105535525636,-0.42228518927639525,0.06210833861836789,0.03
1.0,0.2,0.03,0.01,40,shrink,23,2.8255872078644337,-0.4359272140359199,0.0502587918710076,-14.539222863044404,12.481522261685392,0.9705222358589395,2.836169781879611,-0.446561289228256,0.04465059487163888,0.03
1.0,0.2,0.03,0.01,40,current,24,2.8191684996344484,-0.43024372638448644,0.04605134747618652,-14.127279672719116,12.8439919864235,0.9008747370655545,2.8097553930355064,-0.43036926652123625,0.03962285977363736,0.03
1.0,0.2,0.03,0.01,40,kink,24,2.8183310901373524,-0.42725126048604484,0.04903117830148992,-16.913143879547203,12.8439919864235,0.555308776020943,2.8072431645442193,-0.42139186882591145,0.048562352249547545,0.03
1.0,0.2,0.03,0.01,40,shrink,24,2.8211927765783034,-0.42775656473842477,0.04812522277467974,-13.54765851683425,12.8439919864235,0.4129051247548612,2.8158282238670704,-0.4229077815830513,0.045844485669117044,0.03
1.0,0.2,0.03,0.01,40,current,25,2.8217203791763255,-0.4371970080775463,0.056113724372486816,-14.726182521282645,12.263638671989174,0.13264880310575666,2.8146801489522746,-0.42671003691379794,0.04885262442819994,0.03
1.0,0.2,0.03,0.01,40,kink,25,2.8262357223508423,-0.4369832741235986,0.05259043946117298,-14.901639999382889,12.263638671989174,0.32092107604778985,2.828226178475824,-0.4260688350519547,0.03828276969425842,0.03
1.0,0.2,0.03,0.01,40,shrink,25,2.82157468282711,-0.4363745377379054,0.05357591682166268,-15.669819220322832,12.263638671989174,1.1067175428351343,2.8142430599046264,-0.42424262589487516,0.04123920177572753,0.03
1.0,0.2,0.03,0.01,40,current,26,2.8182135207903745,-0.43452058374889363,0.05024951605330933,-15.142095803474833,11.771300184395411,0.5599460932853499,2.814725121619275,-0.42551824233935426,0.053686149844497585,0.03
1.0,0.2,0.03,0.01,40,kink,26,2.8249825506979414,-0.44003017242904735,0.04668369131214873,-12.426002458893148,11.771300184395411,1.61445892229916,2.835032211341975,-0.44204700837981536,0.0429886756210158,0.03
1.0,0.2,0.03,0.01,40,shrink,26,2.8167629173958937,-0.43590475803237094,0.043320028616666006,-15.181833316852304,11.771300184395411,0.581338749118322,2.810373311435833,-0.4296707651897862,0.032897687534567635,0.03
1.0,0.2,0.03,0.01,40,current,27,2.8378211161717695,-0.43079932756587325,0.04982309683664449,-15.10816563469746,14.503623112747979,1.048700612174943,2.8217905398692253,-0.42610737351574735,0.0529772278916165,0.03
1.0,0.2,0.03,0.01,40,kink,27,2.838330864972089,-0.4315355944044641,0.047029172818233995,-15.76118678370283,14.503623112747979,0.9177781119799564,2.823319786270184,-0.42831617403151984,0.04459545583638503,0.03
1.0,0.2,0.03,0.01,40,shrink,27,2.8374227469516327,-0.43377248432762333,0.05165528871553152,-14.974135751645852,14.503623112747979,0.6775841306998298,2.820595432208815,-0.4350268438009974,0.05847380352827757,0.03
1.0,0.2,0.03,0.01,40,current,28,2.821579518252539,-0.4304232563703229,0.04836033006135937,-14.558767592796698,12.179616899899937,1.4371828292415993,2.8131538493888844,-0.43698861583049325,0.05289990936826729,0.03
1.0,0.2,0.03,0.01,40,kink,28,2.8210476434752447,-0.42464856233035225,0.050664380361483165,-15.364036218145767,12.179616899899937,0.6493758632960949,2.8115582250570017,-0.4196645337105812,0.059812060268638695,0.03
1.0,0.2,0.03,0.01,40,shrink,28,2.8253101099774547,-0.42615682789937925,0.04541807134564185,-14.78826270824571,12.179616899899937,0.30428062235322884,2.8243456245636316,-0.4241893304176623,0.044073133221114766,0.03
1.0,0.2,0.03,0.01,40,current,29,2.822572300380638,-0.43163132841795676,0.048439876577541584,-16.178981931636798,13.49841075125427,1.2291482933161548,2.8319291585319273,-0.4280946030289576,0.04537084700530657,0.03
1.0,0.2,0.03,0.01,40,kink,29,2.8212346073568226,-0.4321243164882586,0.04768529724132397,-14.822573840004981,13.49841075125427,1.298161370170536,2.8279160794604796,-0.429573567239863,0.04310710899665372,0.03
1.0,0.2,0.03,0.01,40,shrink,29,2.821276480646666,-0.4312075927251899,0.04936489975759392,-13.04707578009893,13.49841075125427,1.4688274084607555,2.8280416993300106,-0.4268233959506568,0.048145916545463574,0.03
1.0,0.2,0.03,0.01,40,current,30,2.828440184117058,-0.432611162718979,0.05052919813646156,-14.124563446084652,13.891345491802182,0.42372662281925955,2.815097835841223,-0.43517172373241475,0.0540282116160334,0.03
1.0,0.2,0.03,0.01,40,kink,30,2.829582318266972,-0.43386273192213537,0.04884417738669695,-14.53531620861077,13.891345491802182,1.0456999022838898,2.8185242382909643,-0.43892643134188397,0.04897314936673956,0.03
1.0,0.2,0.03,0.01,40,shrink,30,2.8276723814284064,-0.4324402612280261,0.05143320424508576,-15.67407969705929,13.891345491802182,1.0919637087420433,2.8127944277752666,-0.43465901925955613,0.05674022994190601,0.03
1.0,0.2,0.03,0.01,40,current,31,2.821000693734485,-0.4337211395728688,0.05649846837714532,-15.011154149036539,14.858214994439859,0.09152788779105991,2.8220837040256552,-0.4292784489892,0.052860008524361915,0.03
1.0,0.2,0.03,0.01,40,kink,31,2.819412229406563,-0.4363569991072927,0.059078319075643905,-15.210520138925613,14.858214994439859,1.3061079803521367,2.817318311041887,-0.43718602759247205,0.060599560619857676,0.03
1.0,0.2,0.03,0.01,40,shrink,31,2.8220644974764575,-0.43338085763287887,0.05623357003201246,-13.752090433363973,14.858214994439859,1.5228236348769075,2.825275115251572,-0.42825760316923034,0.05206531348896334,0.03
1.0,0.2,0.03,0.01,40,current,32,2.818311664134883,-0.43307199198347623,0.052457567686355976,-15.40244811521735,12.347788716172182,0.3523046024876879,2.821151085169761,-0.4350790136329843,0.058345126540208556,0.03
1.0,0.2,0.03,0.01,40,kink,32,2.823231320072155,-0.4336810075134329,0.04501555747759034,-16.217639181250668,12.347788716172182,0.8356085170721992,2.835910052981577,-0.4369060602228543,0.036019095913911656,0.03
1.0,0.2,0.03,0.01,40,shrink,32,2.818174093508837,-0.4365056587079171,0.05402274623672531,-14.442691067765601,12.347788716172182,-0.011782201811814108,2.820738373291624,-0.445380013806307,0.06304066219131654,0.03
1.0,0.2,0.03,0.01,40,current,33,2.8242175768115305,-0.41843072402301257,0.05758991967253469,-14.565220452220398,12.989650078169312,1.7257575152508224,2.8271375176913502,-0.41096644467845306,0.05595181819412238,0.03
1.0,0.2,0.03,0.01,40,kink,33,2.820800253401314,-0.42269376818353743,0.055460738690225914,-14.861726553693957,12.989650078169312,-0.2360032002389758,2.8168855474607013,-0.4237555771600275,0.04956427524719605,0.03
1.0,0.2,0.03,0.01,40,shrink,33,2.821194744637237,-0.425789889112495,0.0525834702017662,-13.852119470588002,12.989650078169312,0.17334234962694195,2.8180690211684705,-0.4330439399469004,0.0409324697818169,0.03
1.0,0.2,0.03,0.01,40,current,34,2.822047295752448,-0.4348695900957533,0.05706374554059932,-14.73519988976699,13.114823052192257,0.22923184970610988,2.8330692847933543,-0.4389890227590477,0.04438070632853235,0.03
1.0,0.2,0.03,0.01,40,kink,34,2.816102747858674,-0.43182124502985003,0.06106572273911371,-15.244854276529537,13.114823052192257,-0.33424276572711253,2.815235641112034,-0.42984398756133785,0.056386637924075535,0.03
1.0,0.2,0.03,0.01,40,shrink,34,2.8223003258501635,-0.4342262336157458,0.0586407011881255,-14.66257257501595,13.114823052192257,1.9272208405567854,2.8338283750865005,-0.43705895331902517,0.04911157327111087,0.03
1.0,0.2,0.03,0.01,40,current,35,2.8223726421566098,-0.43232573161892546,0.050489951896906936,-16.114646646124324,13.19282741907422,1.19563618192117,2.821748951655995,-0.4249296115674243,0.04430940756761437,0.03
1.0,0.2,0.03,0.01,40,kink,35,2.8224678778226853,-0.43663032285004855,0.05204363120771229,-15.714137440374234,13.19282741907422,2.057788370598789,2.8220346586542213,-0.43784338526079364,0.0489704455000304,0.03
1.0,0.2,0.03,0.01,40,shrink,35,2.820214954653075,-0.4366818858668089,0.050164034320479556,-15.711605986141507,13.19282741907422,1.7027727604723475,2.8152758891453877,-0.43799807431107457,0.043331654838332234,0.03
1.0,0.2,0.03,0.01,40,current,36,2.8093891642600703,-0.4304145452409302,0.058411248851881335,-14.774942643021355,11.284507886713069,1.0847521127339794,2.808140800353919,-0.4239114636320991,0.0533936421862963,0.03
1.0,0.2,0.03,0.01,40,kink,36,2.8108021544584028,-0.4357838627323652,0.06176994433808112,-15.027414926745688,11.284507886713069,0.5086691704440673,2.8123797709489153,-0.44001941610640427,0.06346972864489565,0.03
1.0,0.2,0.03,0.01,40,shrink,36,2.813068589521288,-0.4341703398851719,0.05716048381674734,-16.110959231116606,11.284507886713069,1.8070501869720847,2.8191790761375706,-0.43517884756482417,0.04964134708089431,0.03
1.0,0.2,0.03,0.01,40,current,37,2.818994782238981,-0.4365224055329166,0.05234107851184838,-16.579784307148692,11.464962407304064,0.4279479868337164,2.804622033523914,-0.44325110198705225,0.06772685143724615,0.03
1.0,0.2,0.03,0.01,40,kink,37,2.820787669538278,-0.43657249026385075,0.04759363775988859,-14.894433285565128,11.464962407304064,0.712598361432099,2.810000695421803,-0.44340135617985477,0.05348452918136676,0.03
1.0,0.2,0.03,0.01,40,shrink,37,2.828436714315433,-0.43437684443136604,0.04243421178551271,-14.611271956455067,11.464962407304064,0.21017268231427733,2.832947829753268,-0.43681441868240056,0.038006251258239136,0.03
1.0,0.2,0.03,0.01,40,current,38,2.8103981561937452,-0.4294001420997426,0.059851560801874225,-17.002409430813668,14.051537220711385,2.6110942807105566,2.828964924470352,-0.4372896761168618,0.055308015423785196,0.03
1.0,0.2,0.03,0.01,40,kink,38,2.8100408871433498,-0.42888685179472835,0.057926987134885116,-15.772720332034833,14.051537220711385,0.735657607064927,2.8278931173191655,-0.43574980520181894,0.049534294422817864,0.03
1.0,0.2,0.03,0.01,40,shrink,38,2.8112344725270404,-0.429424538297102,0.061274695592993256,-15.58864108238522,14.051537220711385,2.05202970025934,2.8314738734702365,-0.43736286470893987,0.0595774197971423,0.03
1.0,0.2,0.03,0.01,40,current,39,2.8138501520967414,-0.42803370154707193,0.05352791445629342,-15.701433421729876,13.989567317232623,0.5049302900232993,2.8186489968791233,-0.4311035156282731,0.058271529245903626,0.03
1.0,0.2,0.03,0.01,40,kink,39,2.8180367645926925,-0.42753998949371824,0.04729540697391735,-15.298894919298334,13.989567317232623,-0.9148692227008604,2.831208834366976,-0.429622379468212,0.03957400679877542,0.03
1.0,0.2,0.03,0.01,40,shrink,39,2.8189998408026296,-0.42427662688195206,0.04806057913207493,-13.865968581199496,13.989567317232623,0.7153744850443078,2.8340980629967887,-0.4198322916329136,0.04186952327324818,0.03
1.0,0.2,0.03,0.01,40,current,40,2.8112950208117318,-0.43247112785401515,0.04805663980788646,-17.15670780440753,12.636665054270514,1.0750169109128387,2.8089366751749316,-0.43861284779882176,0.04861003994343174,0.03
1.0,0.2,0.03,0.01,40,kink,40,2.810504666543109,-0.4263161680029432,0.049181088296037366,-13.567094163496012,12.636665054270514,-0.6700329615948295,2.806565612369064,-0.420147968245606,0.051983385407884476,0.03
1.0,0.2,0.03,0.01,40,shrink,40,2.815686589507198,-0.43166952371444883,0.045407894505132385,-14.335725668886226,12.636665054270514,2.176755009494499,2.8221113812613328,-0.436208035380123,0.04066380403516954,0.03
1.0,0.2,0.03,0.01,40,current,41,2.818970400520566,-0.4253859073890933,0.0460595816765057,-14.077501881493959,13.652946161294476,1.0364119497799138,2.817272800712572,-0.42062415606139275,0.03080821781793041,0.03
1.0,0.2,0.03,0.01,40,kink,41,2.8149013703099484,-0.4317038345467738,0.05491300847406302,-15.379980966357,13.652946161294476,0.5622299536655113,2.8050657100807195,-0.439577937534434,0.05736849821060235,0.03
1.0,0.2,0.03,0.01,40,shrink,41,2.815542346500569,-0.4241218260392254,0.0515440638884155,-16.075199523126052,13.652946161294476,2.0251196726754412,2.8069886386525815,-0.4168319120117887,0.047261664453659806,0.03
1.0,0.2,0.03,0.01,40,current,42,2.8074811157153228,-0.4373740882197623,0.05923505068308308,-15.563199905293981,14.140389106668943,1.6894185217455242,2.8095834306253726,-0.44907464125667507,0.05711070867035803,0.03
1.0,0.2,0.03,0.01,40,kink,42,2.81157858941106,-0.43216286975151763,0.06038351072669987,-14.892660899920415,14.140389106668943,1.3460577952960828,2.8218758517125844,-0.4334409858519411,0.06055608880120838,0.03
1.0,0.2,0.03,0.01,40,shrink,42,2.8130615808523936,-0.4299280889136076,0.05663261216229498,-15.116135983670778,14.140389106668943,-0.06941907181516127,2.8263248260365863,-0.426736643338211,0.049303393107993726,0.03
1.0,0.2,0.03,0.01,40,current,43,2.8133947811908766,-0.4337927248073556,0.05329151464873816,-14.39288786060541,14.052376269223757,0.7915556733884357,2.8227907097483538,-0.4357838676763501,0.043726660291467,0.03
1.0,0.2,0.03,0.01,40,kink,43,2.8104883858181675,-0.431026219900349,0.05665160759638819,-15.82385426132339,14.052376269223757,1.4078156225086447,2.814071523630226,-0.42748435295533055,0.053806939134417114,0.03
1.0,0.2,0.03,0.01,40,shrink,43,2.8120887200012223,-0.4294786700452817,0.05720154722089821,-15.467175076590355,14.052376269223757,1.8297749106932304,2.81887252617939,-0.4228417033901283,0.055456758007947145,0.03
1.0,0.2,0.03,0.01,40,current,44,2.825382618366824,-0.4285160944196224,0.05700484066754843,-17.50060477944024,13.469312409277055,2.069719035542679,2.816580803637721,-0.43223508488334517,0.05726279733853072,0.03
1.0,0.2,0.03,0.01,40,kink,44,2.824737045282486,-0.42658259988070785,0.05580918209904848,-13.234707493307987,13.469312409277055,1.4870140470967748,2.8146440843847067,-0.42643460126660154,0.05367582163303089,0.03
1.0,0.2,0.03,0.01,40,shrink,44,2.8240245704176785,-0.43080021077187575,0.05540956156552482,-14.991177614927576,13.469312409277055,1.801461926729565,2.812506659790283,-0.4390874339401051,0.052476960032459906,0.03
1.0,0.2,0.03,0.01,40,current,45,2.826307243592851,-0.42510549686299703,0.04241257716237438,-14.737942084690587,11.86449987932896,1.0340560052482943,2.8171524279463442,-0.4268085347709316,0.040837634634728816,0.03
1.0,0.2,0.03,0.01,40,kink,45,2.8272614087953105,-0.4299381340427486,0.0473604027761265,-15.789243488542448,11.86449987932896,1.3382651239120502,2.820014923553723,-0.44130644631018634,0.05568111147598519,0.03
1.0,0.2,0.03,0.01,40,shrink,45,2.8287193539885114,-0.4272028365794389,0.04699614648678552,-12.28480230473248,11.86449987932896,0.7598283886139641,2.8243887591333263,-0.4331005539202573,0.054588342607962255,0.03
1.0,0.2,0.03,0.01,40,current,46,2.8034460022272096,-0.4201790654302431,0.05761661965986662,-16.32379751772499,12.761445364786187,1.6564018144005723,2.8047286793602098,-0.4197803218504416,0.05996662904278931,0.03
1.0,0.2,0.03,0.01,40,kink,46,2.8064219472044463,-0.4188407981613871,0.048740251777557586,-14.612878701246647,12.761445364786187,0.6816150016696418,2.813656514291919,-0.41576552004387357,0.033337525395862204,0.03
1.0,0.2,0.03,0.01,40,shrink,46,2.8069634163849178,-0.4205412968803344,0.05284784343718715,-14.96158425209358,12.761445364786187,0.5788397464494954,2.815280921833334,-0.42086701620071587,0.04566030037475092,0.03
1.0,0.2,0.03,0.01,40,current,47,2.816271115257312,-0.4284611477338352,0.048527948746711576,-14.923937753361656,13.526543022000162,2.3871230836175363,2.814016181897519,-0.4209840833844979,0.03611295353181676,0.03
1.0,0.2,0.03,0.01,40,kink,47,2.82461632504603,-0.4317142868909433,0.05078398791250243,-15.0292467147226,13.526543022000162,0.8594834995797778,2.839051811263672,-0.43074350085582214,0.042881071029189304,0.03
1.0,0.2,0.03,0.01,40,shrink,47,2.8159847811439698,-0.4320237427703164,0.053464895242129634,-13.46232122142441,13.526543022000162,0.6560483506381538,2.813157179557492,-0.4316718684939416,0.050923793018070915,0.03
1.0,0.2,0.03,0.01,40,current,48,2.8293510761444494,-0.42935322228517475,0.050382317422387995,-16.14830489659668,13.236445275495868,1.5774795658342113,2.830068715390201,-0.42277289714242755,0.047931740305727555,0.03
1.0,0.2,0.03,0.01,40,kink,48,2.828062528275346,-0.43429088565617807,0.054251031361941336,-14.043985045357218,13.236445275495868,0.9256716707974744,2.826203071782891,-0.4375858872554377,0.05953788212438756,0.03
1.0,0.2,0.03,0.01,40,shrink,48,2.8325908152018684,-0.43162314164185084,0.04751249778414024,-13.722160515254965,13.236445275495868,1.739738683528252,2.839787932562459,-0.4295826552124561,0.03932228139098428,0.03
1.0,0.2,0.03,0.01,40,current,49,2.809416759803185,-0.4323404677493475,0.04711848810490674,-13.69907775489105,12.34182760309385,0.5513185625139538,2.8105778454570056,-0.4354836180322718,0.045369268066959414,0.03
1.0,0.2,0.03,0.01,40,kink,49,2.8114196715705955,-0.4293465367634348,0.04939917604894332,-13.91548327668739,12.34182760309385,-0.6468478033817915,2.8165865807592376,-0.42650182507453366,0.05221133189906912,0.03
1.0,0.2,0.03,0.01,40,shrink,49,2.8117185417158885,-0.4302690284203779,0.04839776358168191,-14.392333779837685,12.34182760309385,0.37917567213173387,2.8174831911951164,-0.42926930004536307,0.04920709449728491,0.03
1.0,0.2,0.03,0.01,44,current,0,5.24984092446156,-0.6431264522230127,0.041804593661087956,-16.013475564310177,18.192345906186944,-0.17338931188363338,5.266706778247413,-0.646607116863803,0.03874902368707025,0.03
1.0,0.2,0.03,0.01,44,kink,0,5.247531803343637,-0.6382226746328198,0.039916234041592676,-18.24490458805365,18.192345906186944,-0.26469364517338967,5.259779414893643,-0.6318957840932246,0.03308394482858443,0.03
1.0,0.2,0.03,0.01,44,shrink,0,5.231774386468245,-0.6413273279846448,0.047010475668512124,-17.74621287449615,18.192345906186944,0.01974827450435357,5.212507164267464,-0.6412097441486991,0.054366669709342744,0.03
1.0,0.2,0.03,0.01,44,current,1,5.237749822837709,-0.6244600118954914,0.05028531272147225,-19.98889959445853,12.695852206106283,0.45266190895648073,5.21046969384453,-0.6092731446239952,0.06236233894245739,0.03
1.0,0.2,0.03,0.01,44,kink,1,5.233107550267591,-0.6277409279753939,0.04811549880863485,-18.594388773353742,12.695852206106283,0.7783990648464933,5.196542876134178,-0.6191158928637029,0.0558528972039452,0.03
1.0,0.2,0.03,0.01,44,shrink,1,5.238036944029001,-0.6385468166194883,0.04613522321058742,-20.06177350916481,12.695852206106283,2.292371644255873,5.211331057418404,-0.6515335587959862,0.04991207040980289,0.03
1.0,0.2,0.03,0.01,44,current,2,5.217213971612393,-0.6442004878078639,0.05513670820980737,-21.60001557069238,16.024072339809493,0.3091216254669398,5.212629703035299,-0.6403004621769769,0.07756505098408226,0.03
1.0,0.2,0.03,0.01,44,kink,2,5.227751768885493,-0.6545758060504717,0.04653020852266813,-15.6897254780543,16.024072339809493,-0.24058160447546584,5.244243094854596,-0.6714264169048006,0.051745551922664515,0.03
1.0,0.2,0.03,0.01,44,shrink,2,5.222356005558399,-0.6441222289880325,0.04832624546013246,-17.58531783803174,16.024072339809493,0.08230624661999175,5.228055804873316,-0.6400656857174828,0.057133662735057496,0.03
1.0,0.2,0.03,0.01,44,current,3,5.230235390978074,-0.6365591555235339,0.06066742887976245,-18.3795453898938,15.333332217850456,0.5712791714470964,5.215443302328013,-0.624829570952549,0.06471335288933726,0.03
1.0,0.2,0.03,0.01,44,kink,3,5.2345932293317174,-0.6441902073119717,0.057800283520096106,-20.737594129762222,15.333332217850456,-1.3839968970354137,5.2285168173889405,-0.6477227263178625,0.056111916810338246,0.03
1.0,0.2,0.03,0.01,44,shrink,3,5.229357175234898,-0.645127551510451,0.05496931258936161,-18.1057153012339,15.333332217850456,-0.9450288188242282,5.212808655098484,-0.6505347589133003,0.04761900401813472,0.03
1.0,0.2,0.03,0.01,44,current,4,5.235901558996396,-0.6377086248220271,0.04953562467358083,-16.62584673694326,16.07797354455107,-0.13883199337208119,5.22354485954903,-0.6413346064329799,0.04088446695629693,0.03
1.0,0.2,0.03,0.01,44,kink,4,5.2399927337535015,-0.6386014627956524,0.0452155890074192,-18.97211021817194,16.07797354455107,0.9016104171220198,5.235818383820347,-0.6440131203538559,0.027924359957812034,0.03
1.0,0.2,0.03,0.01,44,shrink,4,5.235487610005012,-0.6400952549129958,0.054793007964351666,-18.17538221932329,16.07797354455107,0.9278333017242195,5.222303012574876,-0.6484944967058863,0.056656616828609445,0.03
1.0,0.2,0.03,0.01,44,current,5,5.235468443851057,-0.6411627706509133,0.05908053901934144,-18.29455969297885,13.481801615383722,1.4618441544953025,5.207712087884707,-0.6208028857191791,0.061105213062366714,0.03
1.0,0.2,0.03,0.01,44,kink,5,5.219631997533017,-0.6384627809888997,0.06452265823199548,-17.046521028761166,13.481801615383722,-0.9917349084146885,5.160202748930584,-0.6127029167331381,0.07743157070032881,0.03
1.0,0.2,0.03,0.01,44,shrink,5,5.251502929980826,-0.6491047595939899,0.0485997598089735,-17.849987747919833,13.481801615383722,-1.2607215025587926,5.255815546274014,-0.6446288525484087,0.02966287543126291,0.03
1.0,0.2,0.03,0.01,44,current,6,5.236178164706172,-0.6317358744334061,0.04561337240661634,-17.146920022728665,15.811380630958984,-1.2322689410986167,5.2537238522296885,-0.6389764413009309,0.045740321893843056,0.03
1.0,0.2,0.03,0.01,44,kink,6,5.2282310408940935,-0.6319643661151152,0.05807430665396259,-20.23992298205121,15.811380630958984,0.996490058931219,5.229882480793452,-0.6396619163460583,0.08312312463588181,0.03
1.0,0.2,0.03,0.01,44,shrink,6,5.22266570003579,-0.6291585201755167,0.05355948186161388,-19.66530834535334,15.811380630958984,0.6273526265599516,5.213186458218542,-0.6312443785272625,0.06957865025883568,0.03
1.0,0.2,0.03,0.01,44,current,7,5.221901815823858,-0.6439027161888912,0.061987460745829275,-19.82232526747294,18.680146616019023,0.9448682010201219,5.194804466321052,-0.6516700371658014,0.07355069650726186,0.03
1.0,0.2,0.03,0.01,44,kink,7,5.230398810905894,-0.6421484631892401,0.057547503706352726,-20.054581765471777,18.680146616019023,0.13808732010694835,5.220295451567159,-0.6464072781668484,0.06023082538883223,0.03
1.0,0.2,0.03,0.01,44,shrink,7,5.235947702659749,-0.635674423568637,0.05755030930765723,-20.940792966436618,18.680146616019023,-0.3175786100346851,5.236942126828725,-0.6269851593050393,0.060239242192745734,0.03
1.0,0.2,0.03,0.01,44,current,8,5.234697941629025,-0.6489869620351402,0.05887246016476619,-18.627624082579366,17.43315809228593,0.4276835284783682,5.221859210289732,-0.6505019719640198,0.06800604888646158,0.03
1.0,0.2,0.03,0.01,44,kink,8,5.228153587552835,-0.6424859422154549,0.058895712356818314,-19.498526604163892,17.43315809228593,0.05441651758674326,5.20222614806116,-0.6309989125049642,0.06807580546261796,0.03
1.0,0.2,0.03,0.01,44,shrink,8,5.243843514996787,-0.6454583798545673,0.05558987711321167,-19.99275569709961,17.43315809228593,-1.2801328186796357,5.249295930393015,-0.6399162254223016,0.058158299731798035,0.03
1.0,0.2,0.03,0.01,44,current,9,5.231906765937548,-0.6206628433487232,0.062250108610801845,-18.44002688620337,17.560761828209483,0.9466141113446259,5.226215349000753,-0.6221396656520464,0.06973097683363283,0.03
1.0,0.2,0.03,0.01,44,kink,9,5.233439876762539,-0.6359961745362632,0.05463584058133122,-18.48253496790815,17.560761828209483,-0.8730304275202849,5.230814681475723,-0.6681396592146663,0.046888172745220974,0.03
1.0,0.2,0.03,0.01,44,shrink,9,5.237729285581898,-0.6227903565789297,0.0575564784083727,-17.19332232133739,17.560761828209483,-0.24237783698460946,5.2436829079338025,-0.6285222053426656,0.05565008622634541,0.03
1.0,0.2,0.03,0.01,44,current,10,5.22562641885651,-0.6475500619822436,0.05071609581853226,-18.220384378989905,15.589957625270058,0.861305668338727,5.247671005592881,-0.6620744030548623,0.04366254322166519,0.03
1.0,0.2,0.03,0.01,44,kink,10,5.224063969963061,-0.6363163364496115,0.05758881389135081,-15.111381500089966,15.589957625270058,-2.377465664367528,5.242983658912536,-0.628373226456966,0.06428069744012083,0.03
1.0,0.2,0.03,0.01,44,shrink,10,5.230426213996662,-0.6453561588937019,0.047482430663737064,-16.872140836898705,15.589957625270058,-0.5666543211587904,5.262070391013337,-0.6554926937892372,0.0339615477572796,0.03
1.0,0.2,0.03,0.01,44,current,11,5.229956210912204,-0.6554004299039901,0.04661119977948166,-21.360291301342755,15.785862390809054,0.8249914829882181,5.230336399831904,-0.6324655641858011,0.006365627847170756,0.03
1.0,0.2,0.03,0.01,44,kink,11,5.223392612003284,-0.6568792943186316,0.07042725398894595,-16.82014955839496,15.785862390809054,-0.9306436228704293,5.210645603105144,-0.6369021574297259,0.07781379047556364,0.03
1.0,0.2,0.03,0.01,44,shrink,11,5.224876833108553,-0.662279937575631,0.06794169129082982,-16.055509383591684,15.785862390809054,-1.2564405781616697,5.215098266420951,-0.653104087200724,0.0703571023812152,0.03
1.0,0.2,0.03,0.01,44,current,12,5.207130273525762,-0.6392471392565547,0.05992087541863803,-18.87020306278547,16.79759305912256,2.299921113296337,5.209653453997937,-0.6325986704493413,0.0668839340231707,0.03
1.0,0.2,0.03,0.01,44,kink,12,5.206556442789268,-0.6458424392237857,0.059863057429576705,-19.055792936766476,16.79759305912256,-0.1775271057408827,5.2079319617884545,-0.6523845703510344,0.06671048005598669,0.03
1.0,0.2,0.03,0.01,44,shrink,12,5.219848186512212,-0.6461013651907451,0.054075609623001585,-18.592462879561985,16.79759305912256,-0.39686809322055705,5.2478071929572865,-0.6531613482519127,0.049348136636261315,0.03
1.0,0.2,0.03,0.01,44,current,13,5.231770040417367,-0.6292898512688464,0.051585627980292426,-20.206917673547096,14.76675780654111,-0.061082747967176276,5.240634336091594,-0.6333489175985092,0.04306882774986962,0.03
1.0,0.2,0.03,0.01,44,kink,13,5.226387314535118,-0.6285384031514464,0.05182127588859914,-19.70677619651947,14.76675780654111,0.20424584359883746,5.224486158444846,-0.6310945732463091,0.04377577147478973,0.03
1.0,0.2,0.03,0.01,44,shrink,13,5.231882670032156,-0.6296251206213133,0.05587219942201547,-21.816889631827763,14.76675780654111,1.17839119078488,5.240972224935958,-0.6343547256559098,0.055928542075038744,0.03
1.0,0.2,0.03,0.01,44,current,14,5.210663024061387,-0.6413302529121654,0.06366264533254762,-18.130341205349126,16.168717487947845,-1.1179558727438415,5.214228999946885,-0.6451604739228738,0.05581702647721082,0.03
1.0,0.2,0.03,0.01,44,kink,14,5.214340922063427,-0.6310558274901183,0.0637785054465632,-18.092481756961405,16.168717487947845,-2.545013180454048,5.2252626939530025,-0.6143371976567326,0.056164606819257536,0.03
1.0,0.2,0.03,0.01,44,shrink,14,5.217256198978425,-0.6351066263170839,0.06029664679582456,-16.92951392956825,16.168717487947845,-0.7979759280530776,5.234008524697997,-0.6264895941376293,0.045719030867041675,0.03
1.0,0.2,0.03,0.01,44,current,15,5.20224288235826,-0.6254416872988423,0.06224410148820706,-21.893871272675355,16.78926653478119,0.3627842300548334,5.1687944233043694,-0.6304550895002548,0.07312331671370897,0.03
1.0,0.2,0.03,0.01,44,kink,15,5.223328956743906,-0.6317983815024648,0.04904907333597297,-20.131641691865752,16.78926653478119,0.4139322987694918,5.2320526464613035,-0.6495251721111224,0.03353823225700672,0.03
1.0,0.2,0.03,0.01,44,shrink,15,5.214097032118541,-0.628918795030407,0.054979408205061676,-15.10755440367258,16.78926653478119,-2.673356088573559,5.204356872585212,-0.6408864126949493,0.05132923686427286,0.03
1.0,0.2,0.03,0.01,44,current,16,5.237055824494699,-0.6377734179927187,0.05846488395946096,-20.28395535130669,15.87636693802899,0.2550922390206869,5.249124379761061,-0.6258354889110076,0.05298672754857858,0.03
1.0,0.2,0.03,0.01,44,kink,16,5.235736624511238,-0.6407723600488029,0.05846917619379679,-20.79929268701426,15.87636693802899,1.25536100848761,5.245166779810678,-0.6348323150792605,0.05299960425158608,0.03
1.0,0.2,0.03,0.01,44,shrink,16,5.233034776189414,-0.6382553848668845,0.05523230913256363,-15.98819151808921,15.87636693802899,0.45820666149566525,5.237061234845208,-0.6272813895335051,0.04328900306788658,0.03
1.0,0.2,0.03,0.01,44,current,17,5.247751464016395,-0.6320486131998204,0.04922584091264337,-19.284695476516767,16.16053874170933,0.5534847325413341,5.254876207782736,-0.6416677149489766,0.05093807754315026,0.03
1.0,0.2,0.03,0.01,44,kink,17,5.252826169802071,-0.6308681568666662,0.036485792621201586,-17.53509897517315,16.16053874170933,1.6019037460076606,5.2701003251397625,-0.6381263459495135,0.012717932668824906,0.03
1.0,0.2,0.03,0.01,44,shrink,17,5.249386620547028,-0.6346213466677296,0.05066383770748826,-16.90636855082175,16.16053874170933,1.651931520791786,5.259781677374636,-0.649385915352704,0.055252067927684924,0.03
1.0,0.2,0.03,0.01,44,current,18,5.226112969720866,-0.6367204926656301,0.06410661436277389,-17.156136359999252,19.279885192353735,0.2977062763485576,5.207884963817228,-0.6316573897216902,0.06986335897701418,0.03
1.0,0.2,0.03,0.01,44,kink,18,5.231634456187279,-0.6371936496016027,0.061985878035784224,-16.375196659880228,19.279885192353735,-1.2373814283037423,5.224449423216464,-0.6330768605296082,0.06350114999604518,0.03
1.0,0.2,0.03,0.01,44,shrink,18,5.235382670828504,-0.6417031486596065,0.058506919222273225,-15.839398499290649,19.279885192353735,-1.084579710520706,5.235694067140144,-0.6466053577036196,0.05306427355551216,0.03
1.0,0.2,0.03,0.01,44,current,19,5.233261566994674,-0.6326794908805456,0.06317056148259538,-18.489408418997265,15.322017536619974,-0.029034799368232278,5.232072584840229,-0.6523455967579336,0.07416336105709044,0.03
1.0,0.2,0.03,0.01,44,kink,19,5.230150119205947,-0.6230723421700882,0.058578483048408424,-18.80159489648495,15.322017536619974,0.3331094203124405,5.222738241474049,-0.6235241506265612,0.06038712575452958,0.03
1.0,0.2,0.03,0.01,44,shrink,19,5.234281198653118,-0.6216095028431547,0.04701089526902399,-19.106413587101667,15.322017536619974,-0.9479976140279707,5.235131479815561,-0.6191356326457607,0.025684362416376227,0.03
1.0,0.2,0.03,0.01,44,current,20,5.227080153830994,-0.6207478604256204,0.07008858160693596,-18.86896819647702,12.130892806678968,-2.7107543170366846,5.217208820943391,-0.6258283501093435,0.07466652540846844,0.03
1.0,0.2,0.03,0.01,44,kink,20,5.228589476515412,-0.6233345578942665,0.06275119368642568,-16.700719199575943,12.130892806678968,0.4015498127518058,5.221736788996647,-0.6335884425152821,0.05265436164693759,0.03
1.0,0.2,0.03,0.01,44,shrink,20,5.230223667788237,-0.6251440213193129,0.06003327963712888,-19.043330211711286,12.130892806678968,0.8136488530749075,5.226639362815121,-0.639016832790421,0.0445006194990472,0.03
1.0,0.2,0.03,0.01,44,current,21,5.239305956381948,-0.6199214869147136,0.04146227056640672,-17.77943939591865,16.02304354375664,0.03418140858717478,5.241364671920434,-0.6196200159375937,0.039656578705901925,0.03
1.0,0.2,0.03,0.01,44,kink,21,5.236936517373887,-0.6293671804277426,0.05489444834966509,-19.334003927380383,16.02304354375664,-0.012450807710767897,5.234256354896251,-0.6479570964766806,0.07995311205567703,0.03
1.0,0.2,0.03,0.01,44,shrink,21,5.233185802337647,-0.628104310967612,0.048329396347600334,-20.696157153531065,16.02304354375664,0.06735168462691754,5.223004209787533,-0.6441684880962889,0.06025795604948275,0.03
1.0,0.2,0.03,0.01,44,current,22,5.23347536491239,-0.6346346054657414,0.0597851116672991,-18.574435873650827,13.39671558779591,-0.5193309073463297,5.234412875585638,-0.6425418697297757,0.038413262088429774,0.03
1.0,0.2,0.03,0.01,44,kink,22,5.229054790993431,-0.6311093827636695,0.06344913514900082,-17.45563505431982,13.39671558779591,-1.0427855969544733,5.221151153828761,-0.6319662016235601,0.049405332533534956,0.03
1.0,0.2,0.03,0.01,44,shrink,22,5.231216444222146,-0.6343899876354085,0.05973751084050984,-17.965477366648905,13.39671558779591,1.666920116650791,5.227636113514906,-0.6418080162387774,0.038270459608061996,0.03
1.0,0.2,0.03,0.01,44,current,23,5.221367450361363,-0.6342075785997436,0.057217977496510135,-16.11277102452783,14.193592674866723,-1.6181096283529222,5.223753185773786,-0.6259971568374143,0.06451001700069867,0.03
1.0,0.2,0.03,0.01,44,kink,23,5.224927655088451,-0.6327738750667868,0.053182060130435256,-17.21554721522143,14.193592674866723,-0.41661997275787854,5.234433799955051,-0.6216960462385439,0.05240226490247403,0.03
1.0,0.2,0.03,0.01,44,shrink,23,5.225509590191062,-0.6271464075807397,0.052717799543547696,-19.46820953829294,14.193592674866723,0.5253066214404645,5.236179605262881,-0.6048136437804023,0.05100948314181134,0.03
1.0,0.2,0.03,0.01,44,current,24,5.240769239233621,-0.6408061692151494,0.04894265105753987,-21.86396588509912,15.246781610452164,-0.8102816138349214,5.226814650098672,-0.664154684296739,0.046544224049790604,0.03
1.0,0.2,0.03,0.01,44,kink,24,5.241497555810684,-0.6277945542212362,0.04842359975317881,-16.638292378473608,15.246781610452164,-1.7213852218442582,5.228999599829865,-0.6251198393149995,0.0449870701367074,0.03
1.0,0.2,0.03,0.01,44,shrink,24,5.248245379746578,-0.6305931600364802,0.04009153391971178,-16.966291215168365,15.246781610452164,-0.47320974918485437,5.249243071637546,-0.6335156567607316,0.019990872636306303,0.03
1.0,0.2,0.03,0.01,44,current,25,5.252204779256647,-0.6436183866745119,0.046947193733825,-18.157506208832203,15.245604027988074,0.004103184036567731,5.245478319456555,-0.6335065392473531,0.03875431482042201,0.03
1.0,0.2,0.03,0.01,44,kink,25,5.2399737899908,-0.6484218701766414,0.05358405264610346,-20.922095709618556,15.245604027988074,-0.6210002114993771,5.208785351659018,-0.6479169897537421,0.05866489155725736,0.03
1.0,0.2,0.03,0.01,44,shrink,25,5.244877441341379,-0.6456696086482615,0.05061687513026081,-17.902988341126502,15.245604027988074,0.9422997845220488,5.223496305710752,-0.6396602051686026,0.04976335900972943,0.03
1.0,0.2,0.03,0.01,44,current,26,5.238700591259591,-0.6406002323436828,0.06501206059358557,-17.423159131919803,14.65544065563737,-0.007554628582919998,5.209037628863189,-0.6154513845249251,0.0709450932954332,0.03
1.0,0.2,0.03,0.01,44,kink,26,5.2437013619504835,-0.6402974721949894,0.05860655728995231,-17.204012012413624,14.65544065563737,-1.0325253595916717,5.224039940935867,-0.6145431040788448,0.05172858338453342,0.03
1.0,0.2,0.03,0.01,44,shrink,26,5.247246162896978,-0.6495572074338186,0.058653888735730686,-19.25242097829261,14.65544065563737,-1.6246552398530496,5.234674343775351,-0.6423223097953327,0.051870577721868566,0.03
1.0,0.2,0.03,0.01,44,current,27,5.247481226521202,-0.6310004040641526,0.02787856978994596,-18.032630495129204,15.843064461422582,0.21117700916958815,5.237013572915845,-0.5971632210324395,0.0236632456541471,0.03
1.0,0.2,0.03,0.01,44,kink,27,5.247836086804459,-0.6386169629957431,0.03232173636621683,-17.890806991841266,15.843064461422582,-0.47006680748639784,5.238078153765613,-0.6200128978272111,0.03699274538295971,0.03
1.0,0.2,0.03,0.01,44,shrink,27,5.24303364339787,-0.6500760602278417,0.04555880533654239,-16.670816637770272,15.843064461422582,-2.353615033093144,5.223670823545846,-0.6543901895235071,0.0767039522939364,0.03
1.0,0.2,0.03,0.01,44,current,28,5.226337457587461,-0.6385005426917989,0.05844084468478836,-20.127966127295473,14.552987526088865,-1.3107240220400622,5.228781013162859,-0.6381049846727163,0.041925603903537494,0.03
1.0,0.2,0.03,0.01,44,kink,28,5.224873765411739,-0.6368652590550498,0.053147602554499886,-19.59023542152925,14.552987526088865,0.1715487352667564,5.224389936635691,-0.6331991337624691,0.026045877512672094,0.03
1.0,0.2,0.03,0.01,44,shrink,28,5.240154881094749,-0.6404067598108528,0.04986490914728881,-18.45190700855425,14.552987526088865,-1.434965868651533,5.270233283684722,-0.643823636029878,0.016197797291038873,0.03
1.0,0.2,0.03,0.01,44,current,29,5.251042360973857,-0.6363535682686625,0.040606985673720716,-21.47532425968315,15.659076565322229,1.5144829497828654,5.219232234661174,-0.6495723824843812,0.04906400340853467,0.03
1.0,0.2,0.03,0.01,44,kink,29,5.240496454093487,-0.6336397165514867,0.0400756531517595,-20.566378030066353,15.659076565322229,-0.35408389381456296,5.187594514020063,-0.6414308273328537,0.04747000584265103,0.03
1.0,0.2,0.03,0.01,44,shrink,29,5.245999869977247,-0.6298471093178319,0.041609786632273264,-17.68027608130179,15.659076565322229,-0.8513447813901416,5.204104761671345,-0.6300530056318897,0.05207240628419233,0.03
1.0,0.2,0.03,0.01,44,current,30,5.211739007016232,-0.6321090177156496,0.06343751848969233,-18.62081094915218,17.658074821772143,0.6709332090488809,5.227933864704615,-0.6363980615715412,0.0588725681866762,0.03
1.0,0.2,0.03,0.01,44,kink,30,5.219219268169289,-0.6305175165287981,0.05841194221964771,-18.051211967466386,17.658074821772143,0.3032417154849336,5.2503746481637865,-0.6316235580109862,0.04379583937654237,0.03
1.0,0.2,0.03,0.01,44,shrink,30,5.225035520418387,-0.6261614805330434,0.05687660900908111,-15.456655026451775,17.658074821772143,-1.7802207105357652,5.267823404911079,-0.6185554500237225,0.03918983974484255,0.03
1.0,0.2,0.03,0.01,44,current,31,5.237399069500317,-0.6395538986834993,0.05186881595375253,-19.898701707271776,16.505816350787022,-0.12250858098928541,5.237016466288628,-0.6449329006832973,0.042763289653636356,0.03
1.0,0.2,0.03,0.01,44,kink,31,5.239073343298671,-0.643191409977359,0.05686063509970871,-18.698735252680606,16.505816350787022,-2.4401334125537995,5.2420392876836885,-0.6558454345648764,0.05773874709150494,0.03
1.0,0.2,0.03,0.01,44,shrink,31,5.238358510323653,-0.6354932130524689,0.04690038798862051,-19.68532491036909,16.505816350787022,-0.29366641939910254,5.239894788758635,-0.632750843790206,0.027858005758240312,0.03
1.0,0.2,0.03,0.01,44,current,32,5.23545697310493,-0.6329978143561182,0.057247383612892444,-16.49626872258392,16.384652212543575,0.952859594965287,5.221784160351731,-0.6270975673204006,0.05169572578329312,0.03
1.0,0.2,0.03,0.01,44,kink,32,5.240023867316901,-0.6332967016565044,0.05334281393585707,-19.31004483813306,16.384652212543575,1.1289065661703246,5.235484842987644,-0.6279942292215588,0.039982016752187,0.03
1.0,0.2,0.03,0.01,44,shrink,32,5.235215698500411,-0.6354580491395794,0.05575527272660919,-17.66256856725313,16.384652212543575,-1.5357177860351725,5.221060336538174,-0.6344782716707837,0.047219393124443385,0.03
1.0,0.2,0.03,0.01,44,current,33,5.2500195940674805,-0.6464934359958553,0.049656752534296106,-18.681318375635954,17.372061613679307,-1.5222426826981756,5.2394517974370824,-0.633000222209131,0.04775071453751644,0.03
1.0,0.2,0.03,0.01,44,kink,33,5.242450817450876,-0.6462790275062561,0.048087356020016535,-17.8780757931508,17.372061613679307,-1.115522886953165,5.216745467587269,-0.6323569967403332,0.0430425249946777,0.03
1.0,0.2,0.03,0.01,44,shrink,33,5.24379319002238,-0.6500245978240261,0.054218141660879876,-18.78112054513983,17.372061613679307,-0.6076753309594296,5.2207725853017815,-0.6435937076936434,0.061434881917267745,0.03
1.0,0.2,0.03,0.01,44,current,34,5.222493694012777,-0.639277880139259,0.04677941386408782,-19.713617483102624,17.099930245247535,0.15296078726735374,5.218823880079424,-0.6142146914638867,0.0603170172095568,0.03
1.0,0.2,0.03,0.01,44,kink,34,5.229630928278234,-0.6361853677710007,0.04559755496846261,-18.31455574405734,17.099930245247535,-0.6589307237815429,5.240235582875798,-0.6049371543591112,0.05677144052268115,0.03
1.0,0.2,0.03,0.01,44,shrink,34,5.2292302143233345,-0.6509332779925818,0.04198088320220433,-19.42991678622963,17.099930245247535,-2.8000484317850782,5.239033441011098,-0.6491808850238551,0.04592142522390633,0.03
1.0,0.2,0.03,0.01,44,current,35,5.234536903597036,-0.6404245277014643,0.056948537272127786,-19.479193684864114,16.152105858894124,-2.254692087955376,5.217483168656142,-0.6420057655871929,0.053006643544300604,0.03
1.0,0.2,0.03,0.01,44,kink,35,5.235089625309224,-0.6386333902498935,0.06917523261725374,-19.97527598257257,16.152105858894124,-0.2342682887347327,5.219141333792708,-0.6366323532324807,0.08968672957967846,0.03
1.0,0.2,0.03,0.01,44,shrink,35,5.236594395191517,-0.6440668590184592,0.05611870947990999,-19.30161756977844,16.152105858894124,-0.6803339240143451,5.223655643439588,-0.6529327595381776,0.05051716016764723,0.03
1.0,0.2,0.03,0.01,44,current,36,5.221473840179414,-0.633594705866106,0.054795495270826146,-20.211131270975862,14.825634153735573,0.30716687400254483,5.204864404209426,-0.6262671246105986,0.0431300135408539,0.03
1.0,0.2,0.03,0.01,44,kink,36,5.2254350076999625,-0.6376968637563227,0.06111153939884589,-18.31985742316901,14.825634153735573,-0.8631625722517131,5.216747906771073,-0.6385735982812488,0.06207814592491314,0.03
1.0,0.2,0.03,0.01,44,shrink,36,5.228682018664058,-0.6416420304442577,0.05744196398932152,-18.286802991513277,14.825634153735573,1.013632447993531,5.2264889396633585,-0.6504090983450538,0.05106941969634002,0.03
1.0,0.2,0.03,0.01,44,current,37,5.2166000462759206,-0.6314433930218931,0.05406621751853908,-18.96302529164266,16.108837009130987,-0.28526743681956956,5.209366872985092,-0.6353752187389345,0.06664868808815587,0.03
1.0,0.2,0.03,0.01,44,kink,37,5.226701649743944,-0.6324437428315787,0.0456214222812727,-19.42375219069062,16.108837009130987,0.40066580819853637,5.239671683389165,-0.6383762681679909,0.04131430237635673,0.03
1.0,0.2,0.03,0.01,44,shrink,37,5.220222896006259,-0.6329372910398147,0.04411692315325153,-17.575594834272685,16.108837009130987,-0.809768088600956,5.22023542217611,-0.6398569127926991,0.036800804992293205,0.03
1.0,0.2,0.03,0.01,44,current,38,5.22833208050884,-0.6257279696924006,0.06326231417658723,-19.85036639613044,18.231118231349285,-0.8675970776040267,5.227200821305631,-0.6346083881543026,0.06385673747248016,0.03
1.0,0.2,0.03,0.01,44,kink,38,5.23125070018691,-0.6182664568304399,0.05324813650709446,-19.914741182671207,18.231118231349285,2.114529788433341,5.235956680339846,-0.6122238495684206,0.03381420446400184,0.03
1.0,0.2,0.03,0.01,44,shrink,38,5.23430077302137,-0.6243655585172255,0.05432791581632821,-15.525223369231577,18.231118231349285,-1.637080019937836,5.245106898843224,-0.6305211546287773,0.037053542391703095,0.03
1.0,0.2,0.03,0.01,44,current,39,5.243047422530407,-0.6404702040474706,0.0595550934903023,-17.71530026378732,15.95966935826184,-0.20646042671848486,5.236303526188629,-0.631285753545394,0.04927947305222073,0.03
1.0,0.2,0.03,0.01,44,kink,39,5.225796877402431,-0.644177307690903,0.0678786911367306,-20.80955658260764,15.95966935826184,0.30876587769770514,5.184551890804702,-0.6424070644756914,0.0742502659915056,0.03
1.0,0.2,0.03,0.01,44,shrink,39,5.229924784746044,-0.6403259665755686,0.05949035663045269,-18.86752043423007,15.95966935826184,-1.2280027823181565,5.19693561283554,-0.6308530411296881,0.049085262472671885,0.03
1.0,0.2,0.03,0.01,44,current,40,5.228603981005669,-0.6312021955775545,0.05193399001239222,-19.815744770752033,15.539782883966046,-1.8635679438511215,5.2242379346098495,-0.6277885668290644,0.050793606387105464,0.03
1.0,0.2,0.03,0.01,44,kink,40,5.230388883339067,-0.6294544290090209,0.04856678907628326,-21.03338359443943,15.539782883966046,0.9281126120916662,5.229592641610044,-0.6225452671234637,0.04069200357877855,0.03
1.0,0.2,0.03,0.01,44,shrink,40,5.236170536968207,-0.6384707061128182,0.054653721370115614,-18.150030492029824,15.539782883966046,0.9011226337231901,5.246937602497465,-0.6495940984348553,0.05895280046027563,0.03
1.0,0.2,0.03,0.01,44,current,41,5.23913904425933,-0.6388719907658228,0.040457184782704325,-17.21844625523608,15.771121904240147,-1.6811279441086135,5.2589160561542325,-0.6425702604884326,0.018205870553425083,0.03
1.0,0.2,0.03,0.01,44,kink,41,5.2236062124340705,-0.6349518493562795,0.05142968042260105,-20.90923066873605,15.771121904240147,-0.06947842186087394,5.212317560678454,-0.6308098362598022,0.05112335747311526,0.03
1.0,0.2,0.03,0.01,44,shrink,41,5.231954512664857,-0.6409501782519801,0.05402398415336828,-17.08337677190949,15.771121904240147,-1.2699181117514264,5.2373624613708145,-0.6488048229469046,0.05890626866541694,0.03
1.0,0.2,0.03,0.01,44,current,42,5.235634217407947,-0.6366347556431114,0.0439936551206577,-17.714836569869615,16.775173473374906,-0.15477230282275523,5.25590505558616,-0.6567178594703883,0.06608919308047999,0.03
1.0,0.2,0.03,0.01,44,kink,42,5.234463696235157,-0.6301818253660284,0.04218636463698183,-15.498665513063038,16.775173473374906,-1.0256399312927678,5.2523934920677915,-0.6373590686391389,0.060667321629452396,0.03
1.0,0.2,0.03,0.01,44,shrink,42,5.237278148152188,-0.6361586395311077,0.04037454561601898,-18.18914735730076,16.775173473374906,-0.20967494776389284,5.260836847818886,-0.6552895111343772,0.05523186456656385,0.03
1.0,0.2,0.03,0.01,44,current,43,5.245376347704859,-0.6343186497283995,0.05195257157317115,-16.982744358124407,18.20254620589251,-1.0539946210945765,5.262393809594709,-0.644022860921784,0.05997213318989599,0.03
1.0,0.2,0.03,0.01,44,kink,43,5.240532074593066,-0.6312279228319388,0.0557919437783318,-19.39364535208685,18.20254620589251,-0.6531138264579828,5.247860990259329,-0.6347506802324021,0.07149024980537794,0.03
1.0,0.2,0.03,0.01,44,shrink,43,5.233415278937582,-0.6380856672038173,0.0582149553447324,-20.1560144522471,18.20254620589251,-1.1001835683818157,5.226510603292877,-0.6553239133480376,0.07875928450457975,0.03
1.0,0.2,0.03,0.01,44,current,44,5.244633289859929,-0.6383623961304706,0.04768456922521077,-20.623372248607843,13.836624733060173,-0.07440152784148624,5.227498061124148,-0.6646536252577079,0.0646690399167474,0.03
1.0,0.2,0.03,0.01,44,kink,44,5.24268278124869,-0.6378277355307729,0.04790344830942406,-19.759957382152415,13.836624733060173,-0.9957855689450255,5.221646535290427,-0.6630496434586146,0.06532567716938728,0.03
1.0,0.2,0.03,0.01,44,shrink,44,5.249600232432916,-0.6318373175452723,0.035060667641258564,-18.01242652084175,13.836624733060173,1.1221034150577232,5.242398888843106,-0.6450783895021129,0.026797335164890784,0.03
1.0,0.2,0.03,0.01,44,current,45,5.224445847726862,-0.6294835546680693,0.056129401477384926,-19.333796588889598,16.30023852879878,-1.1251594650422394,5.216518982925746,-0.6340303955186499,0.058060527669668786,0.03
1.0,0.2,0.03,0.01,44,kink,45,5.227875768046444,-0.6324523955874076,0.05865149867047661,-20.082516372145747,16.30023852879878,-2.3003728974398143,5.22680874388449,-0.642936918276665,0.06562681924894384,0.03
1.0,0.2,0.03,0.01,44,shrink,45,5.216011610337161,-0.6265058475241028,0.06405999343104833,-17.124790612909457,16.30023852879878,-0.6996460623407903,5.191216270756643,-0.6250972740867503,0.08185230353065905,0.03
1.0,0.2,0.03,0.01,44,current,46,5.24506964437055,-0.6525906373952323,0.047134942423868675,-18.469120181143154,16.976325931884446,-0.030803530026130455,5.241183640107605,-0.6537593814469724,0.04547710197956471,0.03
1.0,0.2,0.03,0.01,44,kink,46,5.24830592018601,-0.6449823044312343,0.04815466864910001,-18.27893785705462,16.976325931884446,1.142507634290085,5.250892467553989,-0.6309343825549785,0.0485362806552587,0.03
1.0,0.2,0.03,0.01,44,shrink,46,5.236488528352958,-0.6464078161071046,0.051826663653661974,-19.127961540351027,16.976325931884446,-0.03325347255825495,5.215440292054831,-0.6352109175825893,0.0595522656689446,0.03
1.0,0.2,0.03,0.01,44,current,47,5.253839662671871,-0.628954340140418,0.047812091475297684,-17.86732964931138,14.418693886857364,-0.44836075282080046,5.269712691079856,-0.6309690358782728,0.04192003382324241,0.03
1.0,0.2,0.03,0.01,44,kink,47,5.2524347892840035,-0.6331685084473483,0.044172302874084114,-17.060194923029385,14.418693886857364,-0.5502261946391958,5.265498070916253,-0.6436115407990639,0.031000668019601694,0.03
1.0,0.2,0.03,0.01,44,shrink,47,5.246105180923538,-0.6349509363101696,0.05283945030230457,-17.00229483647582,14.418693886857364,-0.2570243007356168,5.246509245834855,-0.6489588243875275,0.05700211030426307,0.03
1.0,0.2,0.03,0.01,44,current,48,5.234656807585362,-0.6317681574042133,0.05324898855118918,-15.868787658782272,16.88597224454572,-1.5890291306421953,5.221649938713904,-0.634437639429313,0.04992302657367764,0.03
1.0,0.2,0.03,0.01,44,kink,48,5.232046272189255,-0.631388152163495,0.05252476563800105,-17.812643312542477,16.88597224454572,0.11380268274640093,5.213818332525581,-0.6332976237071579,0.04775035783411324,0.03
1.0,0.2,0.03,0.01,44,shrink,48,5.2314084758200785,-0.6336615330909177,0.05533269728558668,-19.267562959208885,16.88597224454572,-0.8709050639369216,5.2119049434180535,-0.6401177664894258,0.05617415277687013,0.03
1.0,0.2,0.03,0.01,44,current,49,5.237732106531287,-0.6473850898934085,0.06457374281831811,-18.458996518667277,16.584501199665304,-0.05963128146545671,5.2568374367732185,-0.6504329850418304,0.0585933999563834,0.03
1.0,0.2,0.03,0.01,44,kink,49,5.2419965633775405,-0.6448992357098876,0.06179405195747961,-19.014875437468085,16.584501199665304,-0.3983461519157645,5.269630807311975,-0.6429754224912678,0.050254327373867896,0.03
1.0,0.2,0.03,0.01,44,shrink,49,5.227701162737776,-0.6431450106489581,0.06570557756381938,-19.372261403793768,16.584501199665304,-0.537386365310542,5.226744605392683,-0.6377127473084793,0.061988904192887204,0.03
