T,sigma,r,d,K,width,rep,rho,delta_r,phi,delta_d,price_r,price_d,gamma_r,gamma_d
1.0,0.2,0.0,0.0,36,0.01,0,-11.468435233645952,2.1761715869234752,9.132576286171409,-2.2594504156410995,1.4350411928660405,1.4280976638703111,0.0357738204231444,0.0414143523671498
1.0,0.2,0.0,0.0,36,0.01,1,-11.97365859584127,2.3933360677167417,10.00936889888922,-0.8350603864969576,1.43543647150744,1.4375259793763489,0.038738134236855,0.0373514915989834
1.0,0.2,0.0,0.0,36,0.01,2,-9.906391489647891,1.8466068656641477,9.73039543510022,-0.5743431817925074,1.4320451656058972,1.4319080505373043,0.0467773756945317,0.0346379212492518
1.0,0.2,0.0,0.0,36,0.01,3,-10.428024131482331,0.3726257249829481,11.688067367791804,-1.211266090079243,1.4318524426582997,1.434726575410629,0.0478601635424538,0.0409353147448686
1.0,0.2,0.0,0.0,36,0.01,4,-11.876575412595402,2.7892465360815537,8.991307518013066,-0.671614318905728,1.4337845348391811,1.4313447574738694,0.0377544795586293,0.0454307264027461
1.0,0.2,0.0,0.0,36,0.01,5,-10.54193939976862,0.5929438979908939,10.607658486362508,-2.3737688015837204,1.432298771976235,1.4288584917208975,0.0417597334518258,0.0475587092081145
1.0,0.2,0.0,0.0,36,0.01,6,-13.570582392978856,1.9825690922509531,11.920295655583342,-1.6194893179390364,1.4349184909655983,1.4348803814589208,0.038513794514809,0.0357060334338687
1.0,0.2,0.0,0.0,36,0.01,7,-9.016622582158949,1.5897205595559352,10.399098382224723,-1.5414289504494971,1.4436277300046203,1.4317240290704327,0.04040980212322,0.0337169857379816
1.0,0.2,0.0,0.0,36,0.01,8,-11.105858476393236,1.0549685956234018,9.999411050711936,-2.093760246435816,1.4356144488500748,1.4364107260236465,0.0372136114206997,0.0394538498558867
1.0,0.2,0.0,0.0,36,0.01,9,-11.84600376344204,1.5352741138345551,11.652870642550266,-1.6344046083535977,1.4432119002828043,1.430867645876345,0.0420112056301247,0.0418299575889483
1.0,0.2,0.0,0.0,36,0.01,10,-10.70280900946955,1.914471110334507,11.02155504276319,-0.5096870710008743,1.439961565474585,1.4347903476360029,0.0337055724089277,0.0423656214269571
1.0,0.2,0.0,0.0,36,0.01,11,-10.843787236199091,1.291282553369495,10.858019469932312,-0.6881828400974259,1.4297729248259494,1.4336511927759272,0.0400816468667418,0.0428171658389711
1.0,0.2,0.0,0.0,36,0.01,12,-12.817877231065548,2.494013317366285,8.984896574302391,-0.5575584016147526,1.4308647788375075,1.4421452216608808,0.0417083042554321,0.0367542402750214
1.0,0.2,0.0,0.0,36,0.01,13,-8.72154933582273,0.0587968632967874,9.991112824760096,-2.091517949688291,1.4365318581856878,1.4336414462799976,0.0498726838530133,0.0403244836048333
1.0,0.2,0.0,0.0,36,0.01,14,-10.412062194571275,1.6879551173359395,9.396321446472935,-2.0034909907581024,1.4326412284648506,1.4377154558694916,0.0405421353241521,0.0434764614279626
1.0,0.2,0.0,0.0,36,0.01,15,-13.91631487537432,1.032906667114898,11.280666123499,-1.0930445691626316,1.4326598156926047,1.429982915463281,0.0429702236435938,0.040276157769321
1.0,0.2,0.0,0.0,36,0.01,16,-10.434047077776912,0.82293020046813,13.047387212593335,-1.8778288442784987,1.428900313748779,1.4339542716305564,0.0333278990221871,0.0440469521305149
1.0,0.2,0.0,0.0,36,0.01,17,-13.80742993568608,2.5368496123396858,11.242418851996373,-1.693455541684542,1.425774773992223,1.434708941078552,0.0371004143962262,0.0400782343585253
1.0,0.2,0.0,0.0,36,0.01,18,-10.806694944963022,1.5277674243759145,10.622068107043814,-1.9687560929769987,1.4351565615132065,1.4371437964474998,0.0439033316207301,0.0402816031616699
1.0,0.2,0.0,0.0,36,0.01,19,-12.380054028059371,1.825789626535882,10.504823628919372,-1.19609971365883,1.4370573096648294,1.4392291054049902,0.0460133105888291,0.0461346043551076
1.0,0.2,0.0,0.0,36,0.01,20,-11.25334827625754,2.142517481717358,11.146189773518872,-1.0123033048438927,1.4340244334981511,1.4271232926497075,0.0441299673186362,0.0397887469468977
1.0,0.2,0.0,0.0,36,0.01,21,-10.490397474390369,0.3558138482848056,10.559100461714412,-2.694784930017157,1.4418716753547531,1.4403885925985724,0.0416148813110566,0.0414923201676901
1.0,0.2,0.0,0.0,36,0.01,22,-10.022523882624627,0.3212837106186554,8.509447410302368,-0.9267611432092788,1.430504554045722,1.4443888232677675,0.0452585860986701,0.0429559445679697
1.0,0.2,0.0,0.0,36,0.01,23,-11.80499229731896,1.5883782522145076,9.735904982561628,-1.6997353778090654,1.439476111987576,1.4366059796262305,0.0359852644011298,0.0496386137083042
1.0,0.2,0.0,0.0,36,0.01,24,-11.966767717490017,1.492754389303373,9.639709398307971,-1.1328507856736518,1.4367461506287755,1.4334847842996945,0.0417683016026619,0.0350312068448364
1.0,0.2,0.0,0.0,36,0.02,0,-11.4931140280231,1.637614443740145,9.650422210224733,-1.6160995505882,1.4366500492642424,1.4296330287801493,0.0355812658118116,0.0368228470746157
1.0,0.2,0.0,0.0,36,0.02,1,-11.798066353158037,2.173883414144143,9.866163575770274,-0.8133337079146894,1.435830066272684,1.4381179564936803,0.0414191341841179,0.0396910026031918
1.0,0.2,0.0,0.0,36,0.02,2,-11.009043832998596,1.6530297697565657,9.980913654530486,-1.1130850592467774,1.4346270457144996,1.4348443373085784,0.0442464619194962,0.037337342887614
1.0,0.2,0.0,0.0,36,0.02,3,-10.500731605238164,1.0759120358660796,10.792982364839116,-1.5913977549234322,1.4333206021641272,1.4346467340803868,0.0481842620411815,0.0405625884023942
1.0,0.2,0.0,0.0,36,0.02,4,-11.7857843721323,1.8260232804574992,9.822540745231152,-0.7000802720412745,1.438178706703103,1.432635541204668,0.039038407172268,0.0480545499614662
1.0,0.2,0.0,0.0,36,0.02,5,-10.818513097041135,1.390618370554623,10.401020709385564,-1.7796437359336346,1.4342279357596313,1.4268715826687868,0.0406414622348579,0.048041035157799
1.0,0.2,0.0,0.0,36,0.02,6,-12.016875733190144,1.3031217489829692,9.989433601456785,-1.5082234444933689,1.4339404459898346,1.435115829126719,0.0411342140239771,0.0327078247167703
1.0,0.2,0.0,0.0,36,0.02,7,-10.666375643146363,1.753862060201245,10.536568602231211,-1.755935277150842,1.442128671494148,1.4311118052163467,0.0392126248700689,0.0313207033352265
1.0,0.2,0.0,0.0,36,0.02,8,-11.070154395555024,0.5225215272525219,9.923180378969604,-1.5943030172788,1.4315602701612429,1.4352177911088495,0.0458784974653674,0.0434524331780858
1.0,0.2,0.0,0.0,36,0.02,9,-11.154372396594908,1.051921649369619,10.725428577694474,-1.668714741875637,1.4424808341869049,1.4321799328516915,0.0400289952874901,0.0436153015594204
1.0,0.2,0.0,0.0,36,0.02,10,-11.516571736921495,1.8184313498002955,10.691325277736368,-1.0818811933565593,1.437647205274216,1.436128397076782,0.0311263785483541,0.0420840161114703
1.0,0.2,0.0,0.0,36,0.02,11,-11.366042057504842,1.6030694556141585,10.343966465862431,-1.0754410395102,1.4329557244905928,1.4321400766402377,0.037904095957969,0.0438820073737153
1.0,0.2,0.0,0.0,36,0.02,12,-11.523633234581975,1.642119908231963,9.682217000695616,-0.6344536910336134,1.4345904540869376,1.4433448261678825,0.0380375856110871,0.0380741056452259
1.0,0.2,0.0,0.0,36,0.02,13,-10.262444292497603,0.6190308288922617,10.129403296377044,-1.6355531713396592,1.439182323945249,1.4359903498130968,0.0475824775468548,0.0340167638874639
1.0,0.2,0.0,0.0,36,0.02,14,-10.778808638395155,1.11677281002025,9.754679906707205,-1.816044047040992,1.4341485652097978,1.4342725991248952,0.0439985441181062,0.0443478796653361
1.0,0.2,0.0,0.0,36,0.02,15,-12.344936552705242,1.629218643235927,10.494000346925525,-1.3073520036517228,1.4328374638317651,1.4306688742791325,0.0422791850765037,0.0368633335045141
1.0,0.2,0.0,0.0,36,0.02,16,-11.278483620348002,1.827493069728347,11.666793199527792,-1.9926368143049376,1.4340345448306022,1.4349833064948694,0.0341412108526357,0.0455392721407424
1.0,0.2,0.0,0.0,36,0.02,17,-13.02201433337008,1.6773389769901013,10.054134482470824,-1.0165703370986792,1.4268220504711495,1.4395014932394488,0.0419742926253501,0.0462614795727559
1.0,0.2,0.0,0.0,36,0.02,18,-11.007313639463662,1.2373327705879114,10.159975213479033,-1.723154762306021,1.4358007823910572,1.4338853007218486,0.0480042916876435,0.0465909281351521
1.0,0.2,0.0,0.0,36,0.02,19,-11.828033528217077,1.4326780986343377,10.133473662965145,-1.0069962284519345,1.436859873575559,1.4390058470141671,0.0480112457460055,0.0427555949042861
1.0,0.2,0.0,0.0,36,0.02,20,-11.15016140766943,1.5302196203893668,10.854148574795904,-1.148351126418428,1.432686811528938,1.425117215649856,0.0440447089508591,0.0400187487911055
1.0,0.2,0.0,0.0,36,0.02,21,-11.09837327338136,1.4935696893933303,9.74589847682038,-2.0141459815883085,1.4439423090933772,1.4401943701727615,0.0399142705039213,0.0447706761190414
1.0,0.2,0.0,0.0,36,0.02,22,-10.893324757560272,1.0267927345094048,9.696210367982378,-1.0794219467622486,1.4349239473425506,1.4388014752554077,0.043432940812449,0.0472501071822965
1.0,0.2,0.0,0.0,36,0.02,23,-11.73633024618726,1.9633006184022317,9.568919488611485,-1.8215733078136749,1.4395520724425528,1.4335550885420016,0.038820410578934,0.0444236768070489
1.0,0.2,0.0,0.0,36,0.02,24,-11.32787682646315,1.5823211141493418,9.673227666336013,-1.2060814954540298,1.4326351345968578,1.4370340618035171,0.038117448728672,0.03352436984784
1.0,0.2,0.0,0.0,36,0.03,0,-11.48383778974308,1.6614517592010742,10.108751120596402,-1.3269700680408163,1.4394822144700612,1.430025559305618,0.0419840944960742,0.0447670057716184
1.0,0.2,0.0,0.0,36,0.03,1,-11.622540665723127,1.710948903381322,9.9808276781128,-0.9692819003392316,1.4361722575567617,1.4406593955216236,0.0405092188241312,0.0396386183141769
1.0,0.2,0.0,0.0,36,0.03,2,-11.707879403005771,1.0731795038180836,10.156770161638816,-1.2647439969082963,1.4351356305619285,1.4354489265905053,0.0450107329508307,0.0342013694224095
1.0,0.2,0.0,0.0,36,0.03,3,-11.305653160342034,1.2113493086674558,10.692644349528427,-1.238265341636679,1.4338602343385811,1.4339362141670902,0.046372185557019,0.0423460829463945
1.0,0.2,0.0,0.0,36,0.03,4,-11.295189503767736,1.229438253165444,9.880133153592968,-1.0428344842815889,1.440171442692905,1.436712688425643,0.0423969528443346,0.0427849046135457
1.0,0.2,0.0,0.0,36,0.03,5,-11.30997876801109,1.4810799847065186,10.201098776820237,-1.4868642026863863,1.4325217473301235,1.4213234809949145,0.042810539341498,0.0497132206432528
1.0,0.2,0.0,0.0,36,0.03,6,-12.047771029287343,1.6983709690981077,10.208629362822192,-1.569241410754734,1.4309088476686354,1.4335788430466532,0.0408969194659087,0.0337773252954714
1.0,0.2,0.0,0.0,36,0.03,7,-11.106629500436952,1.8578605851569845,10.403607830910271,-1.6788421817564338,1.443032701546897,1.4311198969156682,0.0390061181244491,0.0356167481023055
1.0,0.2,0.0,0.0,36,0.03,8,-11.208625127967554,1.1015186673451756,10.080090348541088,-1.4955513012041868,1.4343162513153502,1.436210298232095,0.0374572181956152,0.0364155126020731
1.0,0.2,0.0,0.0,36,0.03,9,-11.536227585811398,1.445026751138986,10.559083863766237,-1.4746443127791915,1.440012105350614,1.4357613615267308,0.0398496703558902,0.0413217154437592
1.0,0.2,0.0,0.0,36,0.03,10,-11.56141924081385,2.0272334217939374,10.320609128051949,-1.3145577457948092,1.440388638882632,1.435096053413536,0.0330872085384957,0.0450380974262507
1.0,0.2,0.0,0.0,36,0.03,11,-11.762285853965212,1.5082567488269685,10.277261492729629,-1.1495320944771366,1.4342226635165485,1.430896849813706,0.0389058949607214,0.0438065195514095
1.0,0.2,0.0,0.0,36,0.03,12,-12.071703693551544,1.7596092094102418,10.001562363755616,-1.134436206370095,1.4314574856209168,1.442028405138066,0.0381739324842536,0.0407666134326839
1.0,0.2,0.0,0.0,36,0.03,13,-10.632498175496378,0.9003067809228283,10.271647836075418,-1.3092671100229594,1.4371431969656328,1.4349868356259787,0.0477003615638836,0.0396867410390253
1.0,0.2,0.0,0.0,36,0.03,14,-11.283555804218931,1.3436968036285788,9.91340082591478,-1.8925511544716311,1.4320886626514742,1.4378853014953583,0.0413325071147624,0.0435085977924448
1.0,0.2,0.0,0.0,36,0.03,15,-12.042536380050745,1.5712393504656403,10.381886203051076,-1.6120573811924148,1.4336207721321688,1.4326559204180864,0.0471792019750332,0.0350102599138858
1.0,0.2,0.0,0.0,36,0.03,16,-11.360743555183406,1.518335518761848,11.38422976339175,-1.9296167875550423,1.4279706019735323,1.4317142896296722,0.0314452883968389,0.047451105236655
1.0,0.2,0.0,0.0,36,0.03,17,-12.305468331804557,1.7605948971144147,10.192169730886375,-1.283705611811657,1.429929719816477,1.4393236754496834,0.0414143113006462,0.0459306312405044
1.0,0.2,0.0,0.0,36,0.03,18,-11.160890629606037,1.4705073757666691,10.462137483123238,-1.7531208908959033,1.4385066941865408,1.436136738808533,0.0451617325686844,0.0468845627882791
1.0,0.2,0.0,0.0,36,0.03,19,-11.507443275856874,1.5755927577136457,10.183803720669482,-1.028398274588035,1.4357974048680375,1.4360590531739426,0.043611250991119,0.0408418500577518
1.0,0.2,0.0,0.0,36,0.03,20,-11.420606896468056,1.8113161097685957,10.705643038040972,-1.340911218882936,1.432805047308781,1.4253858378959852,0.0422586244959263,0.0375750577452831
1.0,0.2,0.0,0.0,36,0.03,21,-11.318219959274224,1.5577508448539892,9.857377513764494,-1.6079328956557573,1.4431761554037752,1.4400353341534091,0.0406845664593609,0.0433829524376477
1.0,0.2,0.0,0.0,36,0.03,22,-11.074713864500293,1.2124034608221552,10.002937844403537,-0.9997168342893374,1.4374912660059749,1.4390746949502184,0.0428689206934678,0.0458738577249864
1.0,0.2,0.0,0.0,36,0.03,23,-11.22574678878788,1.3055143321852545,9.673356759880727,-1.4815411417126376,1.4400139404583885,1.4295878597179337,0.0436882269321906,0.0457924686258624
1.0,0.2,0.0,0.0,36,0.03,24,-11.804947575179286,1.564032849702534,10.134685460930434,-1.31333478096138,1.4318243461605955,1.435559408305502,0.0433748252580575,0.0325568668887144
1.0,0.2,0.0,0.0,36,0.04,0,-11.409430627491842,1.5705142965347052,10.078806283178082,-1.312981715060212,1.4401919387212565,1.4287953498955603,0.036878482714922,0.0432941979106807
1.0,0.2,0.0,0.0,36,0.04,1,-11.668359266728553,1.8392669140938047,9.96967810378712,-1.0999782327554275,1.4370926823894898,1.439574553579377,0.0407897295347804,0.0368662408585034
1.0,0.2,0.0,0.0,36,0.04,2,-11.640952996584712,1.3043353942395428,10.431057330004338,-1.5168098615284882,1.4364310763957724,1.4360551145079907,0.0420197841992145,0.0389832906337181
1.0,0.2,0.0,0.0,36,0.04,3,-11.53212245616958,1.4581277028007358,10.720174354246057,-1.3366314066390714,1.4331439522618463,1.4346313840312792,0.0455155254680806,0.0411800853611111
1.0,0.2,0.0,0.0,36,0.04,4,-11.206724051051602,1.248716243791804,9.776012291866396,-1.1827802413363728,1.444734883878631,1.4386989673262434,0.0400881390054733,0.0438998890370227
1.0,0.2,0.0,0.0,36,0.04,5,-11.339985882768223,1.475919739219036,10.220347727009845,-1.5132277906331737,1.432977138102755,1.4306359009154035,0.0418685871881438,0.0517506478764139
1.0,0.2,0.0,0.0,36,0.04,6,-11.71444499791252,1.549416050281585,10.181920611226776,-1.5280256799531848,1.4371438898557216,1.4361202924586962,0.0426519628150873,0.0339635628964383
1.0,0.2,0.0,0.0,36,0.04,7,-11.138615955633115,1.4691844500690268,10.374181797571673,-1.2990638046924097,1.4405648065658283,1.4330812464113003,0.041789865097522,0.0318785821521798
1.0,0.2,0.0,0.0,36,0.04,8,-11.334349742771762,1.2121484526810822,10.333071614378486,-1.6508180872985925,1.4344651925804237,1.437326987490782,0.0373158980489629,0.0387325787086591
1.0,0.2,0.0,0.0,36,0.04,9,-11.396829209532653,1.4660132926120626,10.415768843844054,-1.3874631255804946,1.4414968949018492,1.4332407177473443,0.0389809037092858,0.0399727572148053
1.0,0.2,0.0,0.0,36,0.04,10,-11.500478418325985,1.986290897070209,10.462051681939604,-1.2963755225571336,1.441051072413152,1.4338877530772185,0.0338017534069568,0.0479453422004405
1.0,0.2,0.0,0.0,36,0.04,11,-11.41268519964962,1.563168249302282,10.29807609847625,-1.0837606767849302,1.4387364679739396,1.4326813236264444,0.0413560000436554,0.0463743024775915
1.0,0.2,0.0,0.0,36,0.04,12,-11.805065078884695,1.688432675781896,10.0641093617953,-0.9863992037142753,1.436650098395572,1.441909713889973,0.040224164540836,0.0414758291672352
1.0,0.2,0.0,0.0,36,0.04,13,-10.943392698044438,0.9595968223859236,10.453603663557743,-1.4823074755590273,1.437856623638582,1.434063252143163,0.0474562164818471,0.0396857289201767
1.0,0.2,0.0,0.0,36,0.04,14,-11.188812604156931,1.2014053539494447,10.24196523865422,-1.4498716907504168,1.435320767666383,1.438465582071092,0.0448925227852053,0.0430425609171921
1.0,0.2,0.0,0.0,36,0.04,15,-11.998239776536169,1.5194444114951628,10.278268896190625,-1.468750156539913,1.4342798543961728,1.438129313362516,0.0425257350164676,0.0363577848019987
1.0,0.2,0.0,0.0,36,0.04,16,-11.273653909555726,1.775883751642221,10.897067174135596,-1.735384531519962,1.431044497093001,1.4324546246568806,0.0350377646664286,0.0492583853694204
1.0,0.2,0.0,0.0,36,0.04,17,-12.029361988941238,1.5123635801366997,10.219833129484902,-1.307760125026903,1.4299253692079672,1.4383981387549172,0.0404414374409354,0.047034979263579
1.0,0.2,0.0,0.0,36,0.04,18,-11.147946124519423,1.384881413165134,10.224479770454122,-1.4555132396442376,1.4384315366962197,1.433003304054103,0.0462578199964669,0.0429529000121527
1.0,0.2,0.0,0.0,36,0.04,19,-11.443891649748728,1.484723041435717,9.872104196010977,-1.032414484954531,1.438093811214234,1.4377401692728435,0.0433896442759417,0.0432832815489198
1.0,0.2,0.0,0.0,36,0.04,20,-11.282553192265132,1.7710522734067151,10.695700915317405,-1.415651390958092,1.4332548727590797,1.428841260872297,0.041468679492069,0.037588884916206
1.0,0.2,0.0,0.0,36,0.04,21,-11.31965265039368,1.5875633827509918,10.047278251781067,-1.716124094521446,1.444336054725839,1.4391799434085415,0.0397887968596158,0.0428289794047308
1.0,0.2,0.0,0.0,36,0.04,22,-11.337065716476674,1.375235069240426,10.059244379648652,-1.1917727045977478,1.4395120226126497,1.4410819240156574,0.0406491083995598,0.0457080575784364
1.0,0.2,0.0,0.0,36,0.04,23,-11.456827286982586,1.5169237948549443,9.833079710900371,-1.155712492153404,1.438935250011064,1.4364883012469,0.0398140359444961,0.0484745918289406
1.0,0.2,0.0,0.0,36,0.04,24,-11.838275397273652,1.5049147636561984,10.045682671155356,-1.2824619588991977,1.4323557280136867,1.4357688992563795,0.0439445956733779,0.0351945570876963
1.0,0.2,0.0,0.0,40,0.01,0,-18.01179080146076,1.2925634768319103,18.549439326468487,-0.5026386841953694,3.199650531151854,3.1791309993314507,0.0458224916790618,0.0559902753138908
1.0,0.2,0.0,0.0,40,0.01,1,-22.26201574244915,-1.2032782572923846,17.804670090053683,-1.3177232533224417,3.1720132846539624,3.1866184644385416,0.0502714703089328,0.0492227350374866
1.0,0.2,0.0,0.0,40,0.01,2,-20.478900463668104,3.222331257078333,19.341006384183785,-0.6072942715004341,3.1860155727781176,3.182077482768094,0.0500390583833294,0.0531766470727265
1.0,0.2,0.0,0.0,40,0.01,3,-22.44864036301213,-2.4229473490307525,22.28759802751166,-0.2785983190916454,3.190888558187267,3.189713744444564,0.0556266061712199,0.0514563770877941
1.0,0.2,0.0,0.0,40,0.01,4,-17.0075925193549,0.8529401198033149,19.355009038825063,0.184149739721938,3.185972489586171,3.179668519328553,0.0499940129073963,0.0547126090580542
1.0,0.2,0.0,0.0,40,0.01,5,-21.747070617786424,0.2546161242215106,16.578976183342437,-0.5319009515343387,3.1802573725915173,3.1948530675786597,0.0544159141626239,0.051814843456418
1.0,0.2,0.0,0.0,40,0.01,6,-23.331720542122373,1.0123537782930423,17.849690221820524,2.084418133163988,3.179179640568316,3.1780457407131686,0.0536851635206647,0.0449683170992626
1.0,0.2,0.0,0.0,40,0.01,7,-18.72040870686549,-0.2511801923695238,14.56811084348326,-0.9077282952971624,3.1779466302717068,3.179477671769934,0.0530910845888131,0.0506320512660877
1.0,0.2,0.0,0.0,40,0.01,8,-19.52030932851329,0.1012009019199999,17.66672724868728,-0.9354083640384384,3.18605956351263,3.1788420441599934,0.0580332207496409,0.056225129320847
1.0,0.2,0.0,0.0,40,0.01,9,-24.292737061644733,4.230836340879213,14.935853793131146,0.6043283875374401,3.184282120272869,3.1789795191144328,0.0447476689904226,0.0491845005374682
1.0,0.2,0.0,0.0,40,0.01,10,-18.56621809789663,1.6541256606232226,18.28078517638142,-2.379552723499761,3.198744952312236,3.187107878451404,0.0502830777923002,0.042693438899975
1.0,0.2,0.0,0.0,40,0.01,11,-18.03796637707156,1.3768641445624676,17.481224629264304,-1.0178514230304947,3.193329749155472,3.180251863046848,0.0513537690526077,0.0504509635238246
1.0,0.2,0.0,0.0,40,0.01,12,-17.69031471985428,3.886773267822648,16.238450331006785,1.398409281505181,3.188806848545215,3.183573495884602,0.0452424648313417,0.049904960320267
1.0,0.2,0.0,0.0,40,0.01,13,-21.64476505842985,2.544864433945309,16.572050703607914,-1.448429666006574,3.176713057661635,3.181846119882292,0.055345857519987,0.0391164194786888
1.0,0.2,0.0,0.0,40,0.01,14,-18.980220550804987,1.1767256646308746,15.950224385352204,2.3370773571100885,3.1859468944411438,3.183323033123635,0.050567769329316,0.043443130433922
1.0,0.2,0.0,0.0,40,0.01,15,-17.03293106543124,2.290866987562834,14.326491018139851,-0.5425701543829587,3.184905971215862,3.1783303356252226,0.0569223514652686,0.0510414801995229
1.0,0.2,0.0,0.0,40,0.01,16,-18.187005145956107,0.5991117096447387,19.936560092137054,-3.663724750028755,3.17490807481182,3.180875690862375,0.0539901076474784,0.0567077037323508
1.0,0.2,0.0,0.0,40,0.01,17,-17.301075130732645,0.313893909801207,18.70545841548449,-2.170636000820946,3.19434552420546,3.186756390349585,0.0486445371756968,0.0485346876623284
1.0,0.2,0.0,0.0,40,0.01,18,-20.64377880528529,-0.4364000561046575,15.854979421015395,-2.3356723748021078,3.178544370570231,3.1892066512198727,0.0467706426009642,0.0525110662040853
1.0,0.2,0.0,0.0,40,0.01,19,-17.838106086635047,2.271964304563176,17.547112119861257,-2.8611947246263982,3.193028572729945,3.1877116278602617,0.0430653035943983,0.0484693864848223
1.0,0.2,0.0,0.0,40,0.01,20,-19.286595186207645,0.9116473962860214,15.329304260609,-2.348261457000129,3.1765530058961056,3.1886393545899607,0.0509623134899866,0.0390351126748717
1.0,0.2,0.0,0.0,40,0.01,21,-23.00467499725728,0.9992192123455422,18.07590179098188,-0.7512408772216385,3.16390143025458,3.186889683799136,0.0376396755473619,0.0434236850207452
1.0,0.2,0.0,0.0,40,0.01,22,-23.60357013215912,0.9570676235076075,15.68333717539951,1.098279720758594,3.1785994282530936,3.1852083127457163,0.0557139743588453,0.0751735669922204
1.0,0.2,0.0,0.0,40,0.01,23,-20.13299431857892,-1.5252432557418965,17.07082363011114,-3.086918148997849,3.1833011229249397,3.181605272068708,0.0504245945596816,0.0556094437403063
1.0,0.2,0.0,0.0,40,0.01,24,-20.22785077660125,3.1063080460964674,16.02053858805327,-2.5830653436873976,3.1873565905996637,3.1919621901699173,0.0567978265155584,0.0507878327915893
1.0,0.2,0.0,0.0,40,0.02,0,-18.50850330651333,1.461032347503171,18.051683085627616,-0.6683753130590735,3.196320943271894,3.186404618291296,0.0508507469803642,0.0576790789185272
1.0,0.2,0.0,0.0,40,0.02,1,-20.94553435568529,1.2550168370397945,18.00780893298843,-1.3643046275458233,3.1736200969015167,3.196826293744797,0.0510645057325461,0.0519727687981802
1.0,0.2,0.0,0.0,40,0.02,2,-20.72746027174491,1.987252509035614,18.239770172406264,-0.7320763635441363,3.184287973445861,3.1871257436774765,0.0517340258902681,0.05116164150264
1.0,0.2,0.0,0.0,40,0.02,3,-20.750599745590872,0.3298744543330261,19.033695808510743,-0.3942719523761742,3.1909468319242045,3.190366274667688,0.0553822635087955,0.0577567699277164
1.0,0.2,0.0,0.0,40,0.02,4,-18.10956332509279,1.137098938565599,18.002524922449787,-0.8685958360647207,3.185163885364957,3.1853121365336587,0.0497635891466882,0.0529191596560847
1.0,0.2,0.0,0.0,40,0.02,5,-20.675243848653675,1.961942931093098,18.076495301292027,-1.6883729156015053,3.176460773500557,3.1934428809659288,0.0504542401426211,0.0563628067624911
1.0,0.2,0.0,0.0,40,0.02,6,-21.92560953207382,1.5044754429360223,17.12668678265863,-0.2914493715880737,3.1743061054844985,3.1848406579852018,0.053762540661799,0.0464763911628133
1.0,0.2,0.0,0.0,40,0.02,7,-20.93380934979516,1.4040141903737986,17.391661220040007,-1.5180451667282528,3.178194882555064,3.173865735849413,0.0583820214713065,0.0544453899326317
1.0,0.2,0.0,0.0,40,0.02,8,-19.150760939359163,1.2502585294460054,16.919002899334334,-0.3700573742111808,3.186547695137054,3.1767464773938485,0.0532348959311449,0.0557725699166509
1.0,0.2,0.0,0.0,40,0.02,9,-21.66399950466335,2.8780417568287158,16.414721187761675,-0.4296562526839327,3.1902220565409696,3.181413889781444,0.0439201569390678,0.0520883655580731
1.0,0.2,0.0,0.0,40,0.02,10,-19.101856604081227,2.390069091516932,18.240335628910664,-1.4020110495301972,3.2047193740615354,3.183363955169748,0.0504111671513968,0.0447045157608091
1.0,0.2,0.0,0.0,40,0.02,11,-19.510121644190345,1.277167697834646,17.760202255294686,-1.0377522730496476,3.196606956965841,3.180117419732277,0.052766374656548,0.0503423665449694
1.0,0.2,0.0,0.0,40,0.02,12,-18.75230318631043,3.293042771951173,16.981589147392356,-0.8861399114179904,3.193840454762152,3.183225692171142,0.0464994626006536,0.0524202143821667
1.0,0.2,0.0,0.0,40,0.02,13,-22.01181450843768,2.260861870966208,17.598471138671087,-1.8427496041890616,3.1766456622826325,3.187356080953405,0.0488911496175511,0.0394541210411393
1.0,0.2,0.0,0.0,40,0.02,14,-19.35040356951318,1.4696690792397749,16.81377544859018,-0.21776013181712,3.184535388239891,3.1791923268705564,0.0467428917560891,0.042029864064606
1.0,0.2,0.0,0.0,40,0.02,15,-19.390701268316366,2.9069740575022207,16.833755826060163,-1.1870714455917306,3.186224844306753,3.1828384617305816,0.0560601288458246,0.0534795463114281
1.0,0.2,0.0,0.0,40,0.02,16,-19.57027393348636,1.6241705293364386,19.06500359117593,-1.2963957702320628,3.183288383474154,3.1824131797794672,0.0559937538165152,0.0624719345958559
1.0,0.2,0.0,0.0,40,0.02,17,-18.083235436415983,1.138568517026495,18.362714685565628,-1.8989032332094664,3.19864679384997,3.183166284185222,0.0482102034247722,0.0526630549816179
1.0,0.2,0.0,0.0,40,0.02,18,-20.23606656117562,0.7927481378909342,17.866919827300567,-2.166198871065024,3.1749158593198032,3.1860917387597527,0.0410285510937276,0.0485760888270314
1.0,0.2,0.0,0.0,40,0.02,19,-19.607358517409143,1.942970715661003,17.556202412923422,-0.9667244782527792,3.1935184297346084,3.1919040842664352,0.0495396930383751,0.0519502446597586
1.0,0.2,0.0,0.0,40,0.02,20,-19.9502492562478,1.115465574511318,15.952372511955485,-1.6189862414816396,3.173782363081452,3.1858799290453605,0.0512742542639631,0.0408564948964622
1.0,0.2,0.0,0.0,40,0.02,21,-22.22530853445064,0.2192237127478935,17.33609710893854,-1.2944720792176378,3.1779886988492234,3.186973529018335,0.0484731522747939,0.0468978670550087
1.0,0.2,0.0,0.0,40,0.02,22,-21.43050299561317,1.4223288568809938,16.257522497393282,-0.5799591449867265,3.1725098023233684,3.1830523471081813,0.0568589885102753,0.0672353983969533
1.0,0.2,0.0,0.0,40,0.02,23,-20.49945574418597,0.1869858937396724,17.03579071499246,-1.6485135157904438,3.185163071158933,3.180067371194758,0.0469555896802998,0.0551796880431456
1.0,0.2,0.0,0.0,40,0.02,24,-20.67201450159965,3.1265427861322124,16.615232443786063,-1.6245851610543198,3.182846762874285,3.197228254807704,0.0584363200680015,0.0466384309112808
1.0,0.2,0.0,0.0,40,0.03,0,-18.881548947906897,1.5172589332120383,17.703910122216566,-1.069763178837135,3.196964361183318,3.187548170973046,0.0485622819851851,0.0573601611156901
1.0,0.2,0.0,0.0,40,0.03,1,-20.808298389481788,1.5035827390700989,17.49074907812513,-1.2959097556707104,3.1792795519091923,3.1864529295438624,0.0476569357173302,0.0511041077846582
1.0,0.2,0.0,0.0,40,0.03,2,-20.30980848109944,2.125383660133538,17.711193360421696,-1.1270535573836544,3.1886100808047777,3.184883794321652,0.0483442721385283,0.0564414685898758
1.0,0.2,0.0,0.0,40,0.03,3,-20.11694460871173,1.2293865726894486,17.984845285813964,-0.7379021321816309,3.198563683441657,3.191115706725121,0.0598924203812691,0.0607502940371253
1.0,0.2,0.0,0.0,40,0.03,4,-18.324983794020845,1.47001715169783,17.896218447165655,-1.2352636346868082,3.1934591613746104,3.181278030606869,0.0422940092513854,0.0549219593678515
1.0,0.2,0.0,0.0,40,0.03,5,-21.06973558417242,1.5298384497648594,17.201647132475326,-1.2470752253303017,3.171047925053253,3.19480919458002,0.0546627502741422,0.0566620332980188
1.0,0.2,0.0,0.0,40,0.03,6,-21.53473187591609,2.0110939086094106,17.290619732756234,-0.9398159045229696,3.1781979395672857,3.187274804217548,0.0517808555409765,0.0469336993736421
1.0,0.2,0.0,0.0,40,0.03,7,-20.2982401705214,1.5219389052204937,17.93183428093445,-1.62485183762663,3.1797795791044727,3.1772538693621835,0.0558562452436485,0.0589376718180802
1.0,0.2,0.0,0.0,40,0.03,8,-19.75486850735112,1.280256074266819,17.387124249544804,-0.9836068081289152,3.193081444390786,3.1764663292405984,0.0540230522371862,0.0558004291188998
1.0,0.2,0.0,0.0,40,0.03,9,-21.547510855029397,2.2091083209854423,17.697447058539527,-1.2450441590927073,3.1914893332621213,3.182639959583172,0.0490489228200088,0.0438530537336229
1.0,0.2,0.0,0.0,40,0.03,10,-19.10618564417369,2.1288903591051027,18.00097889240013,-1.2490430209987862,3.204899610883863,3.1858714118785865,0.0481615121312545,0.042454467546503
1.0,0.2,0.0,0.0,40,0.03,11,-19.874302840904083,1.2869998258827002,17.820694706452155,-0.6474981204433394,3.1983356147016098,3.1840114310331424,0.0489677398151181,0.0516732054230179
1.0,0.2,0.0,0.0,40,0.03,12,-19.26410363258431,2.590930321239816,17.076906783275557,-0.6626682378609811,3.191797214844835,3.189516612586825,0.0442908180768541,0.0522150557530946
1.0,0.2,0.0,0.0,40,0.03,13,-21.118756315890653,1.6882205438853737,17.376076543696442,-1.3526750401256802,3.174993011005999,3.186650810246229,0.0521033398988227,0.0426337805451561
1.0,0.2,0.0,0.0,40,0.03,14,-19.792971499776467,1.9051942935309985,17.08765182122027,-0.6708453047283476,3.1883493073904488,3.1868672512454026,0.0506737655742384,0.0420057618677138
1.0,0.2,0.0,0.0,40,0.03,15,-19.815040487771835,2.59858758678142,17.116157457778268,-1.5048323913720398,3.188856735890939,3.185649979636774,0.0580207945132147,0.0514324649431591
1.0,0.2,0.0,0.0,40,0.03,16,-19.937922445281878,2.0326728558875127,19.01321095322632,-1.59906907272022,3.1841143098218416,3.1803986167186884,0.0500609651109552,0.0570625372615073
1.0,0.2,0.0,0.0,40,0.03,17,-18.76288007005735,1.5385140174244798,17.785699221492106,-1.8885483415971591,3.198693918586766,3.181677229163255,0.0497972660546963,0.0540197298942221
1.0,0.2,0.0,0.0,40,0.03,18,-20.159725920591114,1.572040503521786,17.445358496885714,-1.725887153337118,3.18296750531913,3.187962448822412,0.0419417936343518,0.0476447828670363
1.0,0.2,0.0,0.0,40,0.03,19,-19.63759515684821,2.262657327526941,17.40540536622121,-1.0879445958176062,3.1971286145682463,3.190127874508482,0.0492449355465996,0.0532759458876003
1.0,0.2,0.0,0.0,40,0.03,20,-21.396893587102934,1.8954501184634436,16.68327058410007,-1.0243799881114115,3.1777501244209785,3.194093964107564,0.0521135541664434,0.0410325951541289
1.0,0.2,0.0,0.0,40,0.03,21,-21.16351778367656,1.443932253492935,17.56315433960799,-1.4276288140056066,3.179641993906368,3.185947281622429,0.0391537329690987,0.0512059099610793
1.0,0.2,0.0,0.0,40,0.03,22,-20.571659908936656,1.3955686096233593,16.39119887701021,-0.5665511227885572,3.169947538867115,3.1831141698128587,0.0570569934780058,0.0656068925337814
1.0,0.2,0.0,0.0,40,0.03,23,-20.5075261834659,0.7992655935699002,17.44566541581888,-1.403516294178468,3.1813097993003394,3.183522854560275,0.0499846352099372,0.0510801253819279
1.0,0.2,0.0,0.0,40,0.03,24,-20.27005953534428,2.3305126941570897,16.44767820003159,-1.6111415151459956,3.1894369100683546,3.2007320420823597,0.0524118935200114,0.049406793961076
1.0,0.2,0.0,0.0,40,0.04,0,-19.24750648610655,1.7379872052535812,17.836285329029316,-1.3670466698661596,3.197052165146236,3.1838637291780416,0.0475382605503885,0.0560371810616039
1.0,0.2,0.0,0.0,40,0.04,1,-20.53810573594981,1.5578808121626395,17.395050995802038,-1.1499613821748575,3.1898335061805763,3.1920025145951665,0.0420271776001951,0.050910046376487
1.0,0.2,0.0,0.0,40,0.04,2,-20.11549796468757,1.941303850270852,17.918727342736776,-1.423342380133296,3.194938163742898,3.186682731741416,0.0442119713281901,0.059742073838624
1.0,0.2,0.0,0.0,40,0.04,3,-20.023924843723652,1.0393970072786578,17.731895664243183,-0.9941353779628496,3.1974607658019205,3.1915300854497617,0.0597832941655393,0.0593245245015101
1.0,0.2,0.0,0.0,40,0.04,4,-18.770089211522578,1.469795827972438,17.750114379097063,-1.218331621003308,3.204434363296944,3.183546608141439,0.0361507874056379,0.0524969179621629
1.0,0.2,0.0,0.0,40,0.04,5,-20.53655194171033,1.8009001524343111,17.39109029832545,-1.1098160691117145,3.1812998817723868,3.1963600984145377,0.0559294289307716,0.0509041160988945
1.0,0.2,0.0,0.0,40,0.04,6,-20.993916509988,2.1557037177206726,17.2489776993154,-0.9872545800267202,3.186610371844798,3.1908580028744824,0.0510949788317547,0.0476500872365129
1.0,0.2,0.0,0.0,40,0.04,7,-20.40691565825423,1.6442815986608743,17.868047064494107,-1.6265511941557669,3.1834120449854133,3.1768379933431965,0.0524069512608832,0.0612055474842471
1.0,0.2,0.0,0.0,40,0.04,8,-19.652072720171308,1.4941668233493324,17.2351683660244,-1.0631183184432795,3.19242604597458,3.1770468996564434,0.0560201133428628,0.0589240626868611
1.0,0.2,0.0,0.0,40,0.04,9,-20.956027538854883,2.098242522523749,17.317277851977966,-1.317844223264122,3.194993884900116,3.186307539996857,0.0488211439384272,0.0429203241725842
1.0,0.2,0.0,0.0,40,0.04,10,-19.041234470783607,2.014208095953673,17.704108744810725,-1.1188409928890604,3.208369133301711,3.1879991285966054,0.0453794969808652,0.0412054181811477
1.0,0.2,0.0,0.0,40,0.04,11,-19.6705473481334,1.435974357680159,17.793261110724515,-0.6919160726213595,3.2019044045948126,3.1893481670322497,0.0495141357361229,0.0511905791727023
1.0,0.2,0.0,0.0,40,0.04,12,-19.676110122585143,2.356962318427919,17.17380015219548,-0.7022809742674496,3.1993070284444256,3.187330932203372,0.0475714532419414,0.052151025331081
1.0,0.2,0.0,0.0,40,0.04,13,-20.685837499158183,1.274320318087948,17.489957138556303,-1.3890378962323742,3.178752578344634,3.185488557258622,0.0552511066108952,0.0416623191623046
1.0,0.2,0.0,0.0,40,0.04,14,-19.83252413670899,1.7927031762828127,17.433221877395443,-0.8705549436984211,3.194986104953983,3.183349536777331,0.0465000543069419,0.0456826686501402
1.0,0.2,0.0,0.0,40,0.04,15,-20.11845496136305,2.5860987160226734,17.42482698475067,-1.5987789616460375,3.191217236874321,3.184504839274267,0.051895759350085,0.0496846924011178
1.0,0.2,0.0,0.0,40,0.04,16,-19.636269591742792,1.7591259408728996,18.290962513282363,-1.6236214355775846,3.193288544703572,3.1821658112136646,0.0472334552563669,0.0565377339228264
1.0,0.2,0.0,0.0,40,0.04,17,-18.894198401310152,1.4129812952869742,17.579953516380154,-1.6185279273549498,3.19924576855394,3.1813248813342065,0.0473179505471583,0.0538598436160508
1.0,0.2,0.0,0.0,40,0.04,18,-20.144020522067997,1.6814147409648008,17.1772397767797,-1.5459795153439306,3.1905700618540838,3.1929798769258446,0.039528241725228,0.0446027937602982
1.0,0.2,0.0,0.0,40,0.04,19,-19.524421452257723,2.078483748933732,17.620117560604136,-1.0967850662133931,3.2029661596140824,3.190769774870512,0.0516390653795282,0.0548991820850371
1.0,0.2,0.0,0.0,40,0.04,20,-20.556270371213028,1.6336191871660966,16.74682357805039,-1.1747794343162994,3.184316138713435,3.1941068562490824,0.0525675944099964,0.0497267345176688
1.0,0.2,0.0,0.0,40,0.04,21,-20.854288686094268,1.5505684249920595,17.364253146742495,-0.7547310390361412,3.184259912078081,3.1911035228619467,0.0420412421417059,0.0533504400752114
1.0,0.2,0.0,0.0,40,0.04,22,-20.42409323708172,1.267600241266576,16.95196509458359,-0.9693338492708494,3.178578834954142,3.181176751572844,0.058069381880259,0.061804157186215
1.0,0.2,0.0,0.0,40,0.04,23,-20.376086193892142,1.101926869134516,16.918294039438134,-1.3640920274886568,3.183630492578371,3.1878458976681125,0.0483836737368501,0.0491982686223892
1.0,0.2,0.0,0.0,40,0.04,24,-20.433478036927504,1.8756235905332208,16.325333000639475,-1.5706113173953788,3.1899328623838272,3.2004198588264154,0.0542865834465031,0.0502724380207739
1.0,0.2,0.0,0.0,44,0.01,0,-26.7709481619393,2.086013718881305,24.35194311777056,-2.123999753502998,5.729329730231117,5.700397223730554,0.0546039268017793,0.0392804549100278
1.0,0.2,0.0,0.0,44,0.01,1,-30.410862287061075,0.7678487757718855,19.896680396904788,-1.3937655142856062,5.691476311517754,5.719268873250304,0.0422089614234085,0.0538110426930585
1.0,0.2,0.0,0.0,44,0.01,2,-27.66195873476221,2.516503610354496,24.239879556184444,-4.98823769517504,5.713178537292195,5.717307952119848,0.0467579677083022,0.044568749308444
1.0,0.2,0.0,0.0,44,0.01,3,-27.32842575402009,0.8391685087623102,19.028425303984605,-0.4442579921425651,5.709462103432702,5.724755421461972,0.0436573484650819,0.0451005215771184
1.0,0.2,0.0,0.0,44,0.01,4,-33.72908457011699,1.2110894969568236,25.95646009794283,0.3445196229335574,5.709992628443992,5.709038308542539,0.0489924640316804,0.0573514000556526
1.0,0.2,0.0,0.0,44,0.01,5,-26.43680433501268,2.4284904251108688,19.163729199142352,2.2051986749798345,5.72463947694843,5.70245233141577,0.0281168957055677,0.0430110336386974
1.0,0.2,0.0,0.0,44,0.01,6,-26.053976965029225,-2.077794554497606,24.74216031515446,-0.2769021821037323,5.720551604053043,5.716718260632412,0.0447760895475398,0.0659070808388915
1.0,0.2,0.0,0.0,44,0.01,7,-23.537512062725064,1.563881242236426,22.32383812904071,0.0202814139089153,5.732048197736289,5.716047415213817,0.0397590008250851,0.0511337250397055
1.0,0.2,0.0,0.0,44,0.01,8,-27.147026822289213,-1.586275821588041,27.462931249107022,-2.782570580820976,5.692551306774677,5.697992606127407,0.0506400493399284,0.0552396265231093
1.0,0.2,0.0,0.0,44,0.01,9,-28.84218342800392,1.3739245722028768,22.165912015210395,4.237500558030477,5.7219576373435554,5.726935069845598,0.0319616699336718,0.0418888899380438
1.0,0.2,0.0,0.0,44,0.01,10,-29.21594319562554,2.442445855790273,28.373386195525807,-2.115682432844364,5.707613653865317,5.71765156334839,0.0501066586320013,0.0523291245357619
1.0,0.2,0.0,0.0,44,0.01,11,-29.15819559598564,-3.8094369558952303,21.223364844036293,-0.9380156199890056,5.711951969180934,5.697793939452632,0.0639161165783113,0.0472013433685739
1.0,0.2,0.0,0.0,44,0.01,12,-24.697226168267168,0.4936242472367602,25.77683799042644,0.5739393427407828,5.725895462925118,5.704318970144056,0.0364679904291221,0.0508179768414973
1.0,0.2,0.0,0.0,44,0.01,13,-27.71782718602249,-1.3911146202965723,22.040244908278773,1.983581694993808,5.722394554832554,5.711033375699397,0.0619081917050466,0.0473974388639752
1.0,0.2,0.0,0.0,44,0.01,14,-33.87573041068807,1.8353586704145872,21.496900907767888,2.172819892636344,5.700451189693415,5.721965318593285,0.0331434120033627,0.0460895784762626
1.0,0.2,0.0,0.0,44,0.01,15,-33.26772685220685,6.881314753591896,24.964952521518597,-1.8244141216775471,5.711256434539781,5.704478317105648,0.042445941297914,0.0531810770318879
1.0,0.2,0.0,0.0,44,0.01,16,-23.619464433120434,3.491206649990307,23.123362825020827,-0.4559224366374975,5.714319826992059,5.721968471686259,0.046262464302812,0.0350814906053883
1.0,0.2,0.0,0.0,44,0.01,17,-24.79191640219608,8.72526904362674,16.721016742613436,-0.3490521469535774,5.719481335095389,5.715193683154677,0.0393353360581443,0.0435292591921985
1.0,0.2,0.0,0.0,44,0.01,18,-25.33125665989649,2.2658268589347546,25.02995635058935,0.8769366965813985,5.723641620664234,5.706538681746877,0.049627182877239,0.046627157608964
1.0,0.2,0.0,0.0,44,0.01,19,-26.380765341512536,-0.2039763041732321,25.213014693062878,0.1775879101074062,5.717104746558381,5.720095228434157,0.0331508262300623,0.0174864329655701
1.0,0.2,0.0,0.0,44,0.01,20,-31.31609899058293,4.173961521828713,21.51072494996758,-1.584024858562309,5.710693355474644,5.723137826466704,0.0558035894431128,0.0596757067431906
1.0,0.2,0.0,0.0,44,0.01,21,-33.39837794842695,5.345119508326615,24.553192724908698,2.49132615956698,5.721524534599443,5.704456459767337,0.0425597554246748,0.0522001652016367
1.0,0.2,0.0,0.0,44,0.01,22,-32.00184714523185,5.189803065415752,24.53934834923581,-2.250616231460975,5.697548097735779,5.71057571456112,0.0391735061076023,0.0478774730088565
1.0,0.2,0.0,0.0,44,0.01,23,-20.066486526584423,1.2026139376451654,27.102656546826665,-1.9871987181647168,5.726910114923602,5.702054787869949,0.0486017796082694,0.0445224065526145
1.0,0.2,0.0,0.0,44,0.01,24,-31.289769220777504,1.271244951890082,18.08745954659989,-2.055680796054244,5.703830798899324,5.725118842598439,0.0456108511671306,0.0515827854510539
1.0,0.2,0.0,0.0,44,0.02,0,-26.575249995303423,1.427987604835783,25.99499341565524,-0.7685270195965445,5.738267351618131,5.699821449418415,0.0496273930232318,0.0449904378098474
1.0,0.2,0.0,0.0,44,0.02,1,-30.22803558754672,1.3161371283494367,23.39104614150529,-0.2479179263266083,5.697993030741117,5.71883495099599,0.0403205563773729,0.041695116846527
1.0,0.2,0.0,0.0,44,0.02,2,-29.39288222448502,1.1379569621675842,25.927367956013107,-2.7361718357132965,5.717060941647259,5.721132939304519,0.0468031448209762,0.0436062704450231
1.0,0.2,0.0,0.0,44,0.02,3,-29.44428204454608,2.7486333223071564,20.6339174946044,0.5826659418593942,5.709000513453963,5.733553292449765,0.0445333754760302,0.0450444453477026
1.0,0.2,0.0,0.0,44,0.02,4,-29.247570125886245,1.0828441773860042,24.69398943811953,-0.1889593778621499,5.727152372848834,5.713300275842399,0.0471487254056944,0.0573488221496358
1.0,0.2,0.0,0.0,44,0.02,5,-28.85191105473556,2.679469198266137,22.189325674008607,-0.044062462145024,5.719834573360781,5.705397420935279,0.0389449156308951,0.0388936114096935
1.0,0.2,0.0,0.0,44,0.02,6,-27.637382950031217,0.8592746288573386,23.435660773390893,0.6694238374488604,5.724504949565312,5.7250653709973705,0.0459555797035661,0.0530125591609323
1.0,0.2,0.0,0.0,44,0.02,7,-26.67699931739981,0.46654093236561,23.534196254178,0.0787875890176286,5.73672016410568,5.709152908772424,0.0355314329306365,0.0543026800292135
1.0,0.2,0.0,0.0,44,0.02,8,-27.00039609682089,-1.078489497273164,25.21157674094588,-1.684941063020797,5.701326618661284,5.708356008654437,0.0564362184602774,0.0552727865168817
1.0,0.2,0.0,0.0,44,0.02,9,-28.853527283393426,1.4976307853140705,23.3141871033506,0.8736861035527439,5.7104158705729935,5.72061857464529,0.0280912218056457,0.045580381122523
1.0,0.2,0.0,0.0,44,0.02,10,-27.64315052370272,0.6838044831524557,23.616761155850924,-0.9257562314430752,5.725809816873713,5.726554870306353,0.0398967207290813,0.0464409517883911
1.0,0.2,0.0,0.0,44,0.02,11,-28.513341276918688,-1.5142388898292662,21.669954524134862,-0.4624109949059299,5.718118608901711,5.711189525753489,0.0534824412891927,0.048388272087913
1.0,0.2,0.0,0.0,44,0.02,12,-27.814535686503,1.486802550203746,25.203648070713967,-0.0615741385752308,5.719186675391375,5.702448760485583,0.0504842744131793,0.0426714872528619
1.0,0.2,0.0,0.0,44,0.02,13,-28.620790986427902,0.4823580026308933,23.48220756773685,0.6078140563631924,5.720400515188691,5.713920131103898,0.0625962556393115,0.0451874110551425
1.0,0.2,0.0,0.0,44,0.02,14,-31.61409782167756,1.9794366249517112,22.607215177868277,1.33722661074399,5.700907204407019,5.731727047153586,0.0447031973424323,0.0347493448430736
1.0,0.2,0.0,0.0,44,0.02,15,-29.630533489365398,3.415807797966428,23.533564956264662,-1.6489934583084236,5.7210485869805,5.709155173474831,0.030795149635946,0.0467639259803652
1.0,0.2,0.0,0.0,44,0.02,16,-25.966652460308957,1.9031732530840928,23.08739785619572,0.1808690822664374,5.729114928301011,5.721812880623732,0.0504229813265409,0.0327457308331954
1.0,0.2,0.0,0.0,44,0.02,17,-27.61542493609036,4.031132793125363,21.057190231052,0.511000810859557,5.717999901447745,5.711057964553597,0.0425895116634179,0.0506698868366434
1.0,0.2,0.0,0.0,44,0.02,18,-26.735921453045645,2.434054071312532,24.62251299482597,-0.1400843824975111,5.728615125575655,5.706193669662274,0.0490046711046416,0.0510358564873905
1.0,0.2,0.0,0.0,44,0.02,19,-27.01255668157909,1.3797816665096816,23.959213048593288,-2.148838111365183,5.723221534591308,5.714127876979968,0.0263514140795874,0.0269656794339223
1.0,0.2,0.0,0.0,44,0.02,20,-29.41705128810255,3.5899711097151075,23.094893040163303,-2.2577439301254545,5.71472991036912,5.72480272077037,0.0524833441587305,0.0453650055475566
1.0,0.2,0.0,0.0,44,0.02,21,-30.19416118706874,3.3629892597864464,23.90867896758805,1.544554249713333,5.715957444967884,5.707183563947133,0.0460353316560351,0.0536754281180413
1.0,0.2,0.0,0.0,44,0.02,22,-29.506908463103866,3.422414740877165,24.903141752252207,-2.0833914939223863,5.70678712684535,5.7069612399509575,0.0511754415588904,0.047210142898554
1.0,0.2,0.0,0.0,44,0.02,23,-24.71760547058757,1.4400395852483572,25.217071730362505,-0.8818269911148402,5.733926288270485,5.714670521600443,0.0493267632057205,0.0434390172286211
1.0,0.2,0.0,0.0,44,0.02,24,-29.665506778415185,1.158932502906304,20.82425108891178,-1.8508507797609188,5.706531691540777,5.728692848828575,0.0436480477436622,0.0440526497125817
1.0,0.2,0.0,0.0,44,0.03,0,-26.40489143106853,0.7580138072429852,24.59623440940052,-0.8134719704393389,5.742255327290499,5.70564577860585,0.0541967720513885,0.0451235120731614
1.0,0.2,0.0,0.0,44,0.03,1,-28.968785440254276,1.4912517696941372,22.9791977284197,-0.1553968995574932,5.707362838238064,5.725122813604429,0.0449412961212069,0.0417116862539067
1.0,0.2,0.0,0.0,44,0.03,2,-28.907549212499056,0.745339664830073,24.810014184025825,-1.5071168819716767,5.72061023349941,5.725960769055366,0.0463966347536515,0.0448873084149716
1.0,0.2,0.0,0.0,44,0.03,3,-28.35523196217859,2.183675215411941,21.421117014160444,0.4281447163877168,5.716290164392934,5.738769346319235,0.043796910312294,0.0395400285314826
1.0,0.2,0.0,0.0,44,0.03,4,-28.320407668766155,0.6816786312609957,23.62635939815197,-0.4544656105467863,5.728919776918597,5.710469344873605,0.0532110933717466,0.0590112810121433
1.0,0.2,0.0,0.0,44,0.03,5,-28.06836347990674,2.09255798155281,21.46387207110052,-0.0863398574595701,5.72534862731395,5.705319498438927,0.0384271727221092,0.041577813774656
1.0,0.2,0.0,0.0,44,0.03,6,-27.88084547806796,1.5705821056678648,23.53030108999526,-0.5409677835504879,5.729666538770623,5.725903865520136,0.0514017997063118,0.0525294261310203
1.0,0.2,0.0,0.0,44,0.03,7,-26.73466838874945,0.5263398955897862,24.092807050641955,0.3545251509747631,5.746776801398784,5.719384209500404,0.046338088266777,0.061693926970662
1.0,0.2,0.0,0.0,44,0.03,8,-27.61432156107207,0.8246363317089656,24.488865680681776,-1.7065107763578158,5.712825033980156,5.71351773425149,0.0472860702503602,0.053239363049035
1.0,0.2,0.0,0.0,44,0.03,9,-28.42321016964436,1.5283558471213596,23.02555564075568,-0.0912156726717836,5.71606436414503,5.729538761943374,0.027379666582579,0.0523104931299239
1.0,0.2,0.0,0.0,44,0.03,10,-28.50726167127334,0.5593844157688206,22.915514253741897,-0.5185746296792356,5.729687679440116,5.735664631827098,0.0409636279221789,0.0467281172939486
1.0,0.2,0.0,0.0,44,0.03,11,-27.535914460752885,-1.4122084848770269,22.13164660678498,-0.2205774390824422,5.723680636376531,5.712933294549833,0.0557997333300806,0.0604674660513289
1.0,0.2,0.0,0.0,44,0.03,12,-27.769632859611583,1.2183051067915374,24.217259667147943,-0.2529699275353191,5.736004633014637,5.712897358930798,0.0362316313156156,0.0442869800065553
1.0,0.2,0.0,0.0,44,0.03,13,-29.048463840591957,0.660711206388022,23.48476668349859,0.2227824350660296,5.718836828379537,5.7156097233107,0.0701202446150421,0.0478811041819872
1.0,0.2,0.0,0.0,44,0.03,14,-31.06829226991505,1.4583551943510145,22.857644133043912,-0.0627659678865466,5.703245407493884,5.729515355389109,0.0382145992002465,0.045043888613335
1.0,0.2,0.0,0.0,44,0.03,15,-28.615695090279075,2.376149666544386,23.72334925776501,-1.2001756361728948,5.723114134935517,5.714846241925801,0.0336885817188288,0.0433770618816497
1.0,0.2,0.0,0.0,44,0.03,16,-26.36826321319125,1.6770048768425376,23.21310224171584,-0.3818615063806122,5.747305445713694,5.725650000938851,0.0525721528930572,0.0383712935102186
1.0,0.2,0.0,0.0,44,0.03,17,-27.200832539540517,3.936777616408136,22.69318464119459,0.1961054689479875,5.726447906258241,5.713130534821395,0.043419870458027,0.0549030739669745
1.0,0.2,0.0,0.0,44,0.03,18,-27.22505306192765,2.3489159572663074,23.258288548468126,-0.2392553600221891,5.734589878207098,5.7118002384095865,0.0490728402053688,0.0566023243296067
1.0,0.2,0.0,0.0,44,0.03,19,-26.89230693222657,0.5974638467336131,23.203451473312228,-1.699545332746398,5.728851316247598,5.726596762613261,0.0342997920959206,0.0342492683370161
1.0,0.2,0.0,0.0,44,0.03,20,-29.33060405587981,2.79018375766767,22.980680693022457,-1.7864597144141352,5.718675183959872,5.727560676159319,0.0450629728583396,0.046910254342649
1.0,0.2,0.0,0.0,44,0.03,21,-29.32113816958108,2.5547666879020685,24.576552853227422,0.1616562717609571,5.72478885374898,5.715555393852641,0.0476421062991718,0.0588274738098794
1.0,0.2,0.0,0.0,44,0.03,22,-28.88471352184674,2.8285459109718403,24.398241049864904,-1.691190234409068,5.714403887848367,5.70895425642269,0.0479626127304888,0.0419470353030292
1.0,0.2,0.0,0.0,44,0.03,23,-26.09018328116193,1.2482152527880768,24.49513750135042,-0.7744742643106521,5.74689610267801,5.716988264105247,0.0521645420941435,0.0467712186139735
1.0,0.2,0.0,0.0,44,0.03,24,-28.979799753931328,1.4899863415182812,21.51693673383131,-1.5280520865661489,5.713502093775183,5.741295224320524,0.0456780902700471,0.0391737409897333
1.0,0.2,0.0,0.0,44,0.04,0,-26.922927940791304,1.361614866038341,23.944391149823986,-0.7860019179140106,5.746670574899119,5.712290052314694,0.0534624578180584,0.0441728023999938
1.0,0.2,0.0,0.0,44,0.04,1,-28.70243607913921,1.5442347499385252,23.06338475476669,-0.3705670433122064,5.717369939770453,5.730774857472435,0.044084623845275,0.0479944802199653
1.0,0.2,0.0,0.0,44,0.04,2,-28.36258694969705,0.8132028588823279,24.339831291197303,-1.3948454402438646,5.729318837425797,5.726417966662331,0.0423088812625541,0.0383822138690499
1.0,0.2,0.0,0.0,44,0.04,3,-28.745657066360742,1.851251025846152,21.6203254619287,0.4945244474432568,5.722881855205699,5.748736090202308,0.0437189535489479,0.0398873428449864
1.0,0.2,0.0,0.0,44,0.04,4,-27.912185647313333,0.767344779932597,23.199136695917367,-0.5785116281938261,5.739526147560375,5.717684894838507,0.0535223654435719,0.0540100103936384
1.0,0.2,0.0,0.0,44,0.04,5,-28.26888377824319,1.931183019337636,22.01206169684813,-0.4046825695011509,5.722855344336149,5.724264180250752,0.0382407621863879,0.0373069997565456
1.0,0.2,0.0,0.0,44,0.04,6,-27.703249817068517,0.8262521632045117,23.57761035826177,-0.2713103786865712,5.744229344461784,5.727716069272528,0.0469508940076488,0.0517231786606957
1.0,0.2,0.0,0.0,44,0.04,7,-26.976198844765417,0.6117201439659405,24.16120775337916,0.0517941315282797,5.749361325686047,5.716988616585029,0.0485556145586935,0.0623352300682852
1.0,0.2,0.0,0.0,44,0.04,8,-27.18965048140937,0.4246414879902387,24.046615570246445,-1.531792061174813,5.728125037104812,5.717861168970376,0.0494426129368183,0.0465555880193642
1.0,0.2,0.0,0.0,44,0.04,9,-28.29166671076998,1.4940338064795575,23.256442610171053,-0.5158758531019011,5.7202703440389495,5.729007371004659,0.035834866224775,0.0533509668117371
1.0,0.2,0.0,0.0,44,0.04,10,-28.07874051847144,0.7869181530178717,22.897357270208104,-0.7502813970191515,5.735933664967963,5.743238063542519,0.0454787494384005,0.0433807268737188
1.0,0.2,0.0,0.0,44,0.04,11,-28.306876005153185,-1.010041144031932,22.865790560251803,-0.3595590501108257,5.728268789433551,5.72205121748393,0.0551628067209007,0.0600891580676304
1.0,0.2,0.0,0.0,44,0.04,12,-27.604874886699548,1.0771577962650096,23.58555680292804,-0.3955158165862062,5.745618370821881,5.716532177649592,0.0375810059937511,0.0463288504113885
1.0,0.2,0.0,0.0,44,0.04,13,-28.552503558959025,1.6274466908051997,23.08110883621994,-0.0680205294856952,5.7292219104905735,5.724840993893389,0.0640695331634674,0.0489450620653928
1.0,0.2,0.0,0.0,44,0.04,14,-30.24267318796043,1.2063506597711688,22.786533784889144,-0.1120781556029475,5.711616603598998,5.735581713362855,0.0409157560903553,0.0373007142164284
1.0,0.2,0.0,0.0,44,0.04,15,-28.36179835685079,1.789364964904782,23.25722960664636,-0.9983150525932272,5.733315119194585,5.720526430770748,0.0356010749186092,0.0404422199208919
1.0,0.2,0.0,0.0,44,0.04,16,-26.77234852840879,1.8216046955195704,23.49351640861644,-0.4796965942532459,5.749517594370021,5.728175517566145,0.0525186823957184,0.0394249294722236
1.0,0.2,0.0,0.0,44,0.04,17,-27.242783299751565,3.0718593408435795,22.37687560990321,0.0679524951776897,5.7349091633338425,5.718037510393582,0.0433332103518503,0.0590590830442135
1.0,0.2,0.0,0.0,44,0.04,18,-27.149591693962225,2.2516126578159588,23.040239852404017,-0.7295310316676448,5.738935438545407,5.720886129851536,0.0477565507332794,0.056999502376782
1.0,0.2,0.0,0.0,44,0.04,19,-27.32100507968404,0.9891054179246246,23.351703109195626,-1.2456827128553325,5.74076806838849,5.7346883246637645,0.0332875954282853,0.0412319881143689
1.0,0.2,0.0,0.0,44,0.04,20,-29.2915107830974,2.406686072942382,23.376454939556528,-1.7069496965494633,5.720869966426166,5.726116507357005,0.0469211534105261,0.0457290626591469
1.0,0.2,0.0,0.0,44,0.04,21,-29.389143451976423,2.2996289974365043,24.212870449319297,-0.1511083458753883,5.728669691801296,5.723225647141215,0.0420228187957372,0.0502867771353404
1.0,0.2,0.0,0.0,44,0.04,22,-27.947302746850077,2.330059255022598,23.66626829654381,-1.5605760418781844,5.722033420430809,5.720944583094142,0.0486162744722535,0.0406025823354925
1.0,0.2,0.0,0.0,44,0.04,23,-26.255580339012003,1.1965613043152716,23.83391148658628,-0.9430980563078948,5.753803444461553,5.725468983713609,0.0470817303151868,0.0418049113061218
1.0,0.2,0.0,0.0,44,0.04,24,-28.837719969238204,1.6943845893339005,21.519156910925204,-1.535371188168149,5.719878071893305,5.740293567787935,0.0459416313467986,0.0358236475332857
1.0,0.2,0.06,0.06,36,0.01,0,-9.760079493560117,1.746051635880025,11.185238967163222,-1.0745542683753428,1.361017069630585,1.3635655538233504,0.0362083372604716,0.0435053170018992
1.0,0.2,0.06,0.06,36,0.01,1,-10.13942226477558,2.0518371585415287,9.46154768159321,-3.059813020877444,1.3593674784185892,1.361384622957679,0.0266253175414852,0.0425606378963653
1.0,0.2,0.06,0.06,36,0.01,2,-9.44126693928284,3.706541035476629,5.74092978921962,-0.9246233689831784,1.3651314736338993,1.3681736693065312,0.0407032636538876,0.0456552534442287
1.0,0.2,0.06,0.06,36,0.01,3,-10.13353520034952,-0.144035377043221,10.07104906240304,-2.8510300663511723,1.3590395513760174,1.3566518436493986,0.0356015402668333,0.0419809380182675
1.0,0.2,0.06,0.06,36,0.01,4,-12.12073507794612,1.2612397911167266,10.013735905158043,-0.749778578635582,1.3602061647107333,1.3561221630789204,0.047827813724855,0.0376152521018978
1.0,0.2,0.06,0.06,36,0.01,5,-10.73551479994186,2.794014077387917,9.326940840281983,-0.215585805858733,1.3689651574719737,1.3685036503704475,0.0370591895869254,0.0362303472681316
1.0,0.2,0.06,0.06,36,0.01,6,-11.047735604801844,0.2410927181992257,10.035859155114204,-1.908982797382455,1.3610799962394664,1.370503004833402,0.0327410964687563,0.0356590728499755
1.0,0.2,0.06,0.06,36,0.01,7,-10.591081325377182,1.038840859546441,10.092386612631298,-3.024886402104233,1.3673730072078718,1.3676272368982791,0.0493191363637,0.0431703856020863
1.0,0.2,0.06,0.06,36,0.01,8,-8.953125526784003,0.7673756557220321,8.732822303179118,0.8360490762627482,1.359930138350401,1.3631943207340456,0.0365986008821373,0.0495904559107745
1.0,0.2,0.06,0.06,36,0.01,9,-8.581902243818405,1.159964110731602,9.82185998961339,-0.868978665725827,1.3714842884351184,1.365291121123429,0.0367395629233717,0.0459086450778826
1.0,0.2,0.06,0.06,36,0.01,10,-9.015061478422684,0.0120095386344918,10.048672784834876,-0.6214790468715532,1.369624028192667,1.3595882762972196,0.0381922194251189,0.0444592271665934
1.0,0.2,0.06,0.06,36,0.01,11,-10.945670850501871,-0.0040885734624414,9.010078189636644,-3.05561227734562,1.3579505916596435,1.3645897056723986,0.0339345257740786,0.0366443758331667
1.0,0.2,0.06,0.06,36,0.01,12,-11.55005034390019,1.705552162186098,12.125455498096803,-2.1880562043606195,1.3598613959731547,1.360342705079737,0.0374674729864348,0.0415421982685314
1.0,0.2,0.06,0.06,36,0.01,13,-10.498373420700789,1.7860339951445048,9.786956574188476,-0.802622092297732,1.369160854072354,1.3546673023568565,0.0391732094781466,0.0388582744400143
1.0,0.2,0.06,0.06,36,0.01,14,-10.499947794714426,2.475532156256405,12.036212012704292,-1.8318978399708032,1.363720996967319,1.3575245943853285,0.0352360903747121,0.0306843367310322
1.0,0.2,0.06,0.06,36,0.01,15,-10.35547045341656,2.8359760777477616,11.190195743500096,-2.369598159396582,1.3625813108131704,1.3584499275388973,0.0401285985412527,0.0362512560275814
1.0,0.2,0.06,0.06,36,0.01,16,-11.62116856718256,1.1455486041308665,8.479572647468856,0.1862900846132176,1.364612429001936,1.3661431784025817,0.0386140904087262,0.031987439592961
1.0,0.2,0.06,0.06,36,0.01,17,-10.652357207364965,1.7368978352713471,8.040393712690891,-2.759483606820945,1.3525234957341172,1.3745471314306597,0.0376636991735701,0.0444261267108068
1.0,0.2,0.06,0.06,36,0.01,18,-8.486342538328884,-1.2953381138268611,7.791059658910751,0.4107414998826797,1.3755224000782793,1.3726482696557976,0.0375330287802428,0.0412074052926286
1.0,0.2,0.06,0.06,36,0.01,19,-9.177054269539305,1.8793452395761896,11.630136682210614,-1.3641588488206189,1.3646334420276218,1.357662082436113,0.0466687420751161,0.0423454010911493
1.0,0.2,0.06,0.06,36,0.01,20,-10.86066159856122,1.7134123078019023,10.046829757973654,0.0861502043957953,1.361978838486532,1.3589566833956166,0.0395036304623313,0.0398134669018169
1.0,0.2,0.06,0.06,36,0.01,21,-10.093567724374909,2.6237626294072047,9.853240826855812,-1.5154489907911162,1.3592109442390778,1.3629310703192357,0.0374243916939383,0.0284111170202061
1.0,0.2,0.06,0.06,36,0.01,22,-11.93076414497068,2.155097715738417,7.353516162095348,0.3753138928576685,1.359256016975138,1.3615455271664034,0.0357113992430507,0.0357186668127335
1.0,0.2,0.06,0.06,36,0.01,23,-12.073604662137058,1.343733226148594,9.775708981165614,-0.7349352642639475,1.3604070102463857,1.3586094558857509,0.0349680711503108,0.0432416106720423
1.0,0.2,0.06,0.06,36,0.01,24,-10.129901224898523,-0.6252669383882845,6.193894843042989,-1.5789100940176848,1.3683703012777295,1.35951558807917,0.0333461205423605,0.0461215418838708
1.0,0.2,0.06,0.06,36,0.02,0,-9.386084439708338,1.297759827513029,10.383475685475334,-1.1510625648977058,1.3602024746589396,1.3646110410990828,0.03306318422132,0.0391956640457573
1.0,0.2,0.06,0.06,36,0.02,1,-9.845687166758283,1.1938118092351804,9.451692075373415,-2.536423789607598,1.3594433921840856,1.364457009764167,0.02797539513517,0.0393810473908941
1.0,0.2,0.06,0.06,36,0.02,2,-10.13304823586158,2.2910691579999787,7.611023841088304,-0.682735828464102,1.3635143589501535,1.3671363437329969,0.0398503557021559,0.0447263692005982
1.0,0.2,0.06,0.06,36,0.02,3,-9.965443925971776,0.689207527835925,9.911766993592808,-1.7833217143688258,1.3594422260291372,1.3561179207988685,0.037969941814575,0.0400083798445036
1.0,0.2,0.06,0.06,36,0.02,4,-11.440258288804822,1.814040597870556,8.892654513930577,-0.7753894698097117,1.3588270653335155,1.3533169208398983,0.0387961861029599,0.0398209215538411
1.0,0.2,0.06,0.06,36,0.02,5,-10.887307866865283,1.9658473546398256,9.352921950488255,-1.022980148278259,1.368377102435916,1.3664090075814352,0.0366611884115832,0.0352310622234758
1.0,0.2,0.06,0.06,36,0.02,6,-10.859854194642448,0.63808761949701,9.822720079483211,-1.5171981466847495,1.3620387309350557,1.370256621481802,0.0320732439037736,0.0351899881175513
1.0,0.2,0.06,0.06,36,0.02,7,-10.200713523348227,1.2908890124244143,9.465917577929906,-1.5323284095630323,1.364815326998306,1.3677913463304716,0.050061888997429,0.0421055403641492
1.0,0.2,0.06,0.06,36,0.02,8,-8.980073914311639,1.3142934439420504,8.908621348328568,-0.2910695295322418,1.3656242326614003,1.363660485639909,0.0312630534835105,0.0452289933841109
1.0,0.2,0.06,0.06,36,0.02,9,-9.38079123360788,1.0212864364340946,9.39864245107463,-0.7131981219028968,1.3713352169020367,1.3701788400426835,0.0402434534813233,0.0458308392646978
1.0,0.2,0.06,0.06,36,0.02,10,-10.184385830590712,0.7405009580944245,9.51523978938558,-0.8228966619579127,1.369085961513938,1.361174599460648,0.0374345819723299,0.0442077771911128
1.0,0.2,0.06,0.06,36,0.02,11,-10.805601767309318,0.6988188267934312,8.780938992981133,-1.3014234820407429,1.3573844578505687,1.3650487402129845,0.036793032766717,0.0352455146458115
1.0,0.2,0.06,0.06,36,0.02,12,-11.074425127287602,1.7636752044978672,9.883933041358432,-1.8054017885591795,1.362281049291054,1.353691498526607,0.0375088053577138,0.0384181578942133
1.0,0.2,0.06,0.06,36,0.02,13,-10.301726151329923,1.3117210572925582,9.335824450340636,-1.317068893450764,1.3708253186383188,1.356441783254768,0.0393758051449106,0.036549855319314
1.0,0.2,0.06,0.06,36,0.02,14,-10.398808718413305,1.763667842764164,10.606818850587482,-1.5457845335122098,1.363876171944327,1.3599849534523691,0.0386455346711603,0.025001451190539
1.0,0.2,0.06,0.06,36,0.02,15,-10.15218745670027,1.9842633037638555,9.842255828893403,-1.8837574633750616,1.362987401414022,1.3613713715426103,0.0358514899240996,0.0390143280506626
1.0,0.2,0.06,0.06,36,0.02,16,-10.612769373091185,1.7991511079975795,8.95803283629165,-0.5703621418837896,1.3661177030803244,1.3682911126469577,0.0427787037167496,0.0338522748509112
1.0,0.2,0.06,0.06,36,0.02,17,-10.653823985259796,1.504198199657075,8.421783353672557,-1.851309419974735,1.3560101710537056,1.3741386045525612,0.0383318467472805,0.0443859371653022
1.0,0.2,0.06,0.06,36,0.02,18,-9.364536152519324,0.1051204789665045,8.931110311405607,-0.5801685951107947,1.376355598366258,1.3692685479929676,0.0385087804760615,0.0411661342587577
1.0,0.2,0.06,0.06,36,0.02,19,-9.68009986574019,1.2541913430127554,9.541560361522803,-1.2545788734333745,1.3664530930420071,1.357997586817096,0.045700943550839,0.0398306942308494
1.0,0.2,0.06,0.06,36,0.02,20,-10.72428187927043,1.697910301675478,9.913933590662143,-0.5383081165030172,1.3620961480991425,1.3581329894101422,0.0423958600194692,0.0416519106425349
1.0,0.2,0.06,0.06,36,0.02,21,-10.152318066400916,1.7368877112209542,9.474125421504349,-1.210979301654241,1.3548341054629272,1.3671186682127947,0.0398235881540203,0.0303251067780905
1.0,0.2,0.06,0.06,36,0.02,22,-11.089922696413884,1.885638730554741,8.437919189571542,-0.865273938206407,1.3580034425845575,1.3650881141901514,0.0393879048329283,0.0380126979111695
1.0,0.2,0.06,0.06,36,0.02,23,-11.358929187447467,1.7094491838924897,9.405932137329758,-1.2126642481628578,1.3601941715456465,1.3596674212235569,0.035182230374672,0.0431175395666109
1.0,0.2,0.06,0.06,36,0.02,24,-10.242075411765745,0.3130746718037513,7.987707887801948,-1.138642895521072,1.3679466358005277,1.3615314834756278,0.0393919877197802,0.0439471495394116
1.0,0.2,0.06,0.06,36,0.03,0,-9.626431548851956,1.3305068366746362,9.952448904221365,-1.273827075599784,1.360971971620666,1.3641740414418055,0.0327216106668159,0.0394919820872499
1.0,0.2,0.06,0.06,36,0.03,1,-10.191418980060815,1.3675371344523464,9.131828002012128,-1.826775256762292,1.359469380575728,1.3634451672015413,0.0299076661249054,0.0345997697523536
1.0,0.2,0.06,0.06,36,0.03,2,-10.466837864152543,2.066034179260239,8.479096482405502,-0.7382568476059633,1.3665417989712405,1.3672851196127962,0.0379940605081379,0.043293255058555
1.0,0.2,0.06,0.06,36,0.03,3,-9.724369531247,0.9288039950256932,9.836896673660618,-1.7058044632552791,1.3628032246506727,1.3565884022427286,0.0404682973416271,0.0399841276287765
1.0,0.2,0.06,0.06,36,0.03,4,-10.771552907216924,1.7951943657169664,9.209535736885396,-1.1290390079251724,1.3603137798057816,1.3532559361715355,0.0407811616276245,0.040955142498156
1.0,0.2,0.06,0.06,36,0.03,5,-10.452476692786956,1.3144213097194537,9.226941691727472,-1.1729533890020267,1.3683432152146122,1.3677063981336943,0.0353347741672206,0.0370745286314638
1.0,0.2,0.06,0.06,36,0.03,6,-10.655192967729018,0.9350022014161328,9.39672465044283,-1.0978106398706295,1.3616082043721127,1.367083778875336,0.0373145742186947,0.0377494753484414
1.0,0.2,0.06,0.06,36,0.03,7,-10.330915738656271,0.8893854443048007,9.216995170995466,-1.606227979523761,1.3620695324417849,1.3685424225183358,0.0492046013256489,0.0420097520802535
1.0,0.2,0.06,0.06,36,0.03,8,-10.159168019388831,1.188053977108529,8.786272987227798,-0.6942207816873711,1.3622682866039988,1.3627398091065188,0.0362381447444198,0.0494927662172572
1.0,0.2,0.06,0.06,36,0.03,9,-9.74908105712004,1.0308699031253847,9.428948081953092,-1.1607856994953727,1.3695936364183026,1.369390483627137,0.0408826604335381,0.0390571330546825
1.0,0.2,0.06,0.06,36,0.03,10,-10.381659951927062,0.9247421948744072,9.085972873489576,-1.1563389969788986,1.3666635586279738,1.3605966851102955,0.0445441577537674,0.0457972417840721
1.0,0.2,0.06,0.06,36,0.03,11,-10.720693354913765,1.0039623926084824,9.275536689731751,-1.499557590833831,1.3592615813617317,1.3634480805944005,0.0371457796635046,0.0346913969525737
1.0,0.2,0.06,0.06,36,0.03,12,-10.81723003452949,1.4842169474475806,9.605083095043916,-1.40576913579066,1.3601160407905657,1.3532796259854367,0.0371291237022583,0.0390559018510527
1.0,0.2,0.06,0.06,36,0.03,13,-10.713902784347315,1.4182776553332244,9.424139693496262,-1.344574022042201,1.367865173830622,1.3565401507656385,0.0372035006959246,0.0374512348720841
1.0,0.2,0.06,0.06,36,0.03,14,-10.339294055783505,1.3660026225548554,9.668990996092164,-1.3276534383483347,1.36152485726553,1.3567963316846994,0.0400980123836206,0.0263459573201926
1.0,0.2,0.06,0.06,36,0.03,15,-10.245925686809205,1.7746414745127508,9.811335886706612,-1.6339392270375634,1.3627080077106275,1.3595944842208685,0.0353604033712752,0.0323004165010615
1.0,0.2,0.06,0.06,36,0.03,16,-10.72680633667938,1.3088950610488923,9.2096265331614,-0.7646093671910029,1.3652431680732242,1.3680675263487183,0.0413448220671745,0.0333482922817071
1.0,0.2,0.06,0.06,36,0.03,17,-10.370833229547634,1.697293787380611,8.623509033547762,-1.6263094037298094,1.3532175605759869,1.3749556859708072,0.033585449093919,0.0434220498078935
1.0,0.2,0.06,0.06,36,0.03,18,-9.264994087525876,0.6199703288832235,9.098490772637165,-0.7979884443338647,1.3732470075785304,1.3711237938418508,0.0411444850347411,0.0379432223544511
1.0,0.2,0.06,0.06,36,0.03,19,-10.248072200866684,1.158184193664654,9.766577434443544,-1.218460448369702,1.3679646526813165,1.3570625657394388,0.0468357787681776,0.0372146049922161
1.0,0.2,0.06,0.06,36,0.03,20,-10.217634998475033,1.7305617753984883,9.400435567582957,-0.6917409980961644,1.3641771763717832,1.3601680946821506,0.0390558404745369,0.0429872564839952
1.0,0.2,0.06,0.06,36,0.03,21,-10.031812696557814,1.452344276325344,9.289393380922355,-1.1444659787602125,1.3605462459208344,1.3645631825133349,0.0350031202595615,0.0340750978202523
1.0,0.2,0.06,0.06,36,0.03,22,-10.635802505145197,1.6590104061645548,8.666450400400757,-0.8236728192193675,1.355887871844698,1.362103700662619,0.0400367429253333,0.0353383884692549
1.0,0.2,0.06,0.06,36,0.03,23,-10.859969601737795,1.5916960079942222,9.81805422800482,-1.2927842388459665,1.3577316224452527,1.360813976521888,0.0389700635745054,0.0435652039653851
1.0,0.2,0.06,0.06,36,0.03,24,-10.234284985899391,0.5012893693420419,8.474398480802753,-1.4351994093162,1.3696235052021382,1.3626835092097322,0.0394093819512281,0.05019283850103
1.0,0.2,0.06,0.06,36,0.04,0,-10.032172502149727,1.2869335817041834,9.75314148715057,-1.2733879168019206,1.361884129835047,1.3631793459335937,0.0344394277552176,0.0359191657027412
1.0,0.2,0.06,0.06,36,0.04,1,-10.11013594927237,1.239173311397425,9.32830972180606,-1.6346933114988564,1.3597826026827564,1.36421978981322,0.0370505865298651,0.0354528656196766
1.0,0.2,0.06,0.06,36,0.04,2,-10.485203815246935,1.8407955308395827,8.595548794289371,-0.7722450008742529,1.3709196920375917,1.3666704107472265,0.0363099966034383,0.0464391062426987
1.0,0.2,0.06,0.06,36,0.04,3,-9.927704777166356,0.8815193751885108,9.835357828833482,-1.5188017342359266,1.3641912810158214,1.354618266382856,0.0412952950774782,0.0390004548643211
1.0,0.2,0.06,0.06,36,0.04,4,-10.952657510151004,1.830301777734874,9.123959527726557,-1.1278102917487935,1.3594313492554166,1.3549279688508118,0.0408187831566875,0.0380446199465608
1.0,0.2,0.06,0.06,36,0.04,5,-10.549013627748783,1.5346025801609868,9.54238007244294,-1.5563289636818811,1.368976350727208,1.366845376789096,0.0360544920492357,0.0390749894222313
1.0,0.2,0.06,0.06,36,0.04,6,-10.620277804648785,1.0274596709798,9.143462085242897,-1.057718327249804,1.3636508568381416,1.3663039790806517,0.0352049553441296,0.0324297313605552
1.0,0.2,0.06,0.06,36,0.04,7,-10.55914707114318,1.186071970858598,9.134189301953263,-1.2497490686199555,1.3642478699066436,1.3706967444325613,0.0494965047381496,0.0432449323258191
1.0,0.2,0.06,0.06,36,0.04,8,-10.183238370430791,1.522204920198354,9.097609164819124,-0.7495850738651286,1.3615926383037895,1.362638038300749,0.0357252847951904,0.0440212019552898
1.0,0.2,0.06,0.06,36,0.04,9,-9.808080084848124,1.0514041865791173,9.180673159845355,-0.990747940386734,1.3702882150378737,1.369119064338451,0.0416070733581477,0.0439063883514026
1.0,0.2,0.06,0.06,36,0.04,10,-10.199861915730295,0.9296808262364256,9.235087217465386,-1.1082772662212093,1.366884656639779,1.360416026769965,0.0427047821176642,0.0439652432962147
1.0,0.2,0.06,0.06,36,0.04,11,-10.454503208570006,1.154081575705757,9.16940157788988,-1.3894548663009194,1.3595966760452376,1.3698354920992015,0.0366395907362696,0.0334987044540729
1.0,0.2,0.06,0.06,36,0.04,12,-10.68689350992248,1.2945032930752274,9.648911425817762,-1.4578420855713392,1.3621316481668524,1.3549031248807937,0.0380158448813709,0.0404465828345934
1.0,0.2,0.06,0.06,36,0.04,13,-10.532809145859416,1.348931917443732,9.445922500258511,-1.4455183279644008,1.366303734480332,1.352788844856207,0.0416887919905012,0.0388990094049467
1.0,0.2,0.06,0.06,36,0.04,14,-10.297612716725862,1.4537279664891989,9.645806182671866,-1.2429331995691824,1.3604386484032769,1.3593881790409683,0.041291459764612,0.0263459032382413
1.0,0.2,0.06,0.06,36,0.04,15,-9.936681479085802,1.4248826208933614,9.62629795930191,-1.3233211675162098,1.365390083934493,1.3582093671385187,0.0356988611960454,0.0359448772277755
1.0,0.2,0.06,0.06,36,0.04,16,-10.693499268260956,1.3497326542756531,9.10026228161988,-0.9159709174457856,1.3647318533724149,1.3671517535867996,0.045739237198788,0.0373634083456932
1.0,0.2,0.06,0.06,36,0.04,17,-10.627840081768008,1.5548877451135774,8.703063788092619,-1.3900390774041451,1.3502256874921434,1.376637605109108,0.0377570431800284,0.0404626565332282
1.0,0.2,0.06,0.06,36,0.04,18,-9.628090559384198,0.8318664036038392,8.992885945107162,-0.8995117025109274,1.3746267129409473,1.3706685191042312,0.0425103164054346,0.0395039350866448
1.0,0.2,0.06,0.06,36,0.04,19,-10.393811380570009,1.0871034385965417,9.363436135977183,-1.159377516413557,1.3672411296639548,1.3599448275925363,0.046800209021835,0.0376200478793973
1.0,0.2,0.06,0.06,36,0.04,20,-10.441427220056228,1.5719775242614786,9.481633919496709,-0.8283660042747805,1.3635216044487704,1.3617246491487702,0.0396472024421358,0.0434367590742789
1.0,0.2,0.06,0.06,36,0.04,21,-10.166722603924056,1.4424468296629331,9.306024094204645,-1.1787793040677998,1.370011039853654,1.365787421889198,0.0306656427414863,0.0359045844056718
1.0,0.2,0.06,0.06,36,0.04,22,-10.59538814486887,1.2476120990384305,8.90718310881581,-1.031774107753302,1.3554111738244596,1.361526324923653,0.0387707691836115,0.031049205970385
1.0,0.2,0.06,0.06,36,0.04,23,-10.663472688029492,1.392933765828444,9.58102269152996,-1.3290451801454746,1.3543709279581155,1.3605625536484216,0.0383046912217461,0.0426473675782192
1.0,0.2,0.06,0.06,36,0.04,24,-10.275176420146757,0.6233651526686216,8.79118619941272,-1.324003984589404,1.3667961937257025,1.3628923172772522,0.0402705779099099,0.0486985331885677
1.0,0.2,0.06,0.06,40,0.01,0,-15.615665373326369,-0.2943896914221671,15.260710408197658,0.8378401975270635,3.0328295337308835,3.044922347962233,0.0521895067686294,0.052737869954146
1.0,0.2,0.06,0.06,40,0.01,1,-21.54543434055951,0.3116678391712961,14.38011934386137,0.4838943905153297,3.0492057425996557,3.039290900558969,0.0542341166288239,0.0538858433044285
1.0,0.2,0.06,0.06,40,0.01,2,-14.441084643028372,-0.4003018679970951,16.563157055446762,0.300257797208685,3.0240366513699577,3.0320694508487662,0.0618389751322765,0.0438718795767754
1.0,0.2,0.06,0.06,40,0.01,3,-17.14537620184083,-2.0512521286589003,14.986808185540692,-2.079067565482967,3.042880980663524,3.055964551342091,0.0543781051418005,0.037492863930738
1.0,0.2,0.06,0.06,40,0.01,4,-15.603437213015887,-0.9119008922608572,14.766047619230957,-2.219031478112205,3.0509409194655936,3.039992024767732,0.0466044052580009,0.0551496608692863
1.0,0.2,0.06,0.06,40,0.01,5,-12.97012013395474,-1.322692396420195,15.47153384099988,0.1688408049154772,3.042281931065084,3.037914570326434,0.0524096419346209,0.0545613022201146
1.0,0.2,0.06,0.06,40,0.01,6,-17.78970186266418,-0.6629584299563642,15.608276560926743,-0.0203125229534073,3.0425280694001104,3.041815625278759,0.053273839285262,0.0292678560948957
1.0,0.2,0.06,0.06,40,0.01,7,-11.979168645890155,0.7427928647711484,18.351159239706607,0.2476632236764895,3.0460130851007983,3.0271282915027884,0.0602761081521464,0.0458981435528167
1.0,0.2,0.06,0.06,40,0.01,8,-18.246520766870525,3.495625548694399,16.485974151951904,-4.993703148264336,3.037185256749431,3.049375603816148,0.0446285524944536,0.0385618310834984
1.0,0.2,0.06,0.06,40,0.01,9,-13.596096264200396,1.1846573304807515,13.514764100615734,1.0015084346105514,3.032219287737593,3.028013071204653,0.0345968798346375,0.0576513301521987
1.0,0.2,0.06,0.06,40,0.01,10,-21.198227546174728,0.4521082624703179,10.488647552974268,-1.7429930984888982,3.026939145238649,3.0462153452863974,0.0521862393558635,0.0389299914954608
1.0,0.2,0.06,0.06,40,0.01,11,-20.43258520832265,1.9842040973602248,20.89088522091942,2.176110923183276,3.029600274400577,3.0329406101153435,0.0480249818823312,0.0540047708602268
1.0,0.2,0.06,0.06,40,0.01,12,-17.443171259163638,0.5715397265636375,13.507329516513174,2.598607966210332,3.0422196343037213,3.0303256030991834,0.0698938083636956,0.0359750768241222
1.0,0.2,0.06,0.06,40,0.01,13,-19.95827438053158,0.3549105474726892,14.688174066844908,-1.8043616737800532,3.0458553734369187,3.0309754754376685,0.0470254597721662,0.0492673676477379
1.0,0.2,0.06,0.06,40,0.01,14,-11.212101513827168,3.9960138533143175,13.555595012011327,-0.6695214141851988,3.0416096284813383,3.0278757138699453,0.0514156183321377,0.065700444003282
1.0,0.2,0.06,0.06,40,0.01,15,-17.414045826805307,0.2777999546568352,15.643271595856335,-2.733566353875192,3.035448298472976,3.0256869026327866,0.0398574862567873,0.0441720005508231
1.0,0.2,0.06,0.06,40,0.01,16,-11.774099843641004,0.2805288946050228,14.631207210402623,-2.047540390127673,3.0448112809529486,3.031944301465365,0.0566396260240418,0.0471382536064502
1.0,0.2,0.06,0.06,40,0.01,17,-18.47871514601393,0.8485104691287766,17.339228761837028,-6.089630561800389,3.026075446655179,3.038260925557424,0.0560938814190946,0.0571368373585525
1.0,0.2,0.06,0.06,40,0.01,18,-17.85067408724381,1.372862540178923,13.131072935746603,-1.0513803368712868,3.028970229218402,3.052743001153864,0.0425855404717895,0.0352362663964842
1.0,0.2,0.06,0.06,40,0.01,19,-14.95120779251342,2.8663198047467104,17.96700639341208,-1.2117222362459386,3.0438300983641344,3.037545679889908,0.0415684679670531,0.0354550707754992
1.0,0.2,0.06,0.06,40,0.01,20,-12.072741230176936,1.4820836179276171,16.15543219830891,-4.267882789155516,3.0412072598970754,3.0361460449665785,0.0502001216618531,0.0392322755796143
1.0,0.2,0.06,0.06,40,0.01,21,-14.803197301753016,3.1847631294570338,13.592556588954087,-2.5039342691104425,3.032593040408008,3.0243872891452925,0.0557994292984193,0.0460875879358161
1.0,0.2,0.06,0.06,40,0.01,22,-16.20893591601754,3.622507581838553,11.21826209275572,-3.6494261099572216,3.0489852073311363,3.021991981930112,0.0401829253548363,0.0368390432388779
1.0,0.2,0.06,0.06,40,0.01,23,-18.09196834669399,2.9016993584938837,14.91852944681118,-1.7704850220744608,3.048261090935968,3.04258519520174,0.049137178071813,0.043124486373289
1.0,0.2,0.06,0.06,40,0.01,24,-17.85521333314544,2.224167438163067,10.593563370084423,-1.1148341061475169,3.036213774225653,3.034125769686516,0.0461196728881354,0.0374707444152942
1.0,0.2,0.06,0.06,40,0.02,0,-15.869972271966818,1.1520445302222866,13.791111056153984,0.3894667530786699,3.036871608064147,3.0451235609207914,0.0550473333554107,0.051182770192717
1.0,0.2,0.06,0.06,40,0.02,1,-17.14002934408076,1.800629123833792,13.782004507827596,0.1395922042857547,3.0481173020685914,3.0352368170495496,0.0456166095129534,0.0539896652633147
1.0,0.2,0.06,0.06,40,0.02,2,-16.029526999628096,0.2543852055807321,15.333479198371302,-0.5115535519605583,3.0354983990514395,3.0319718961535345,0.0569505186444439,0.0433780305434527
1.0,0.2,0.06,0.06,40,0.02,3,-16.5130011935778,-0.9595264851293984,14.943407213455783,-1.6003708596275534,3.042618262270291,3.051225364646644,0.053191339546248,0.0405752219510408
1.0,0.2,0.06,0.06,40,0.02,4,-16.04300241406405,0.5672439450301865,14.356338172851308,-0.6130664530610243,3.056957945544264,3.040288596503613,0.0422497603345052,0.0525941965696152
1.0,0.2,0.06,0.06,40,0.02,5,-14.922572372230526,0.2036283362660467,15.921914378298217,-0.4095945816865913,3.04310678600151,3.0397513950053225,0.0537672122580447,0.0469494326216781
1.0,0.2,0.06,0.06,40,0.02,6,-16.369931859221285,-0.7435844198343526,14.812202973548294,-0.4337535485819839,3.0384605917958853,3.0426667035800703,0.0554022264425057,0.0344334952609966
1.0,0.2,0.06,0.06,40,0.02,7,-15.183608410394548,0.6163464775557774,16.805271965581007,-0.5013715064753618,3.043030222987692,3.0261082985721064,0.0587767483236331,0.0426515480442594
1.0,0.2,0.06,0.06,40,0.02,8,-17.78241448892588,2.0200018337404844,15.410837572107054,-2.8401286828007883,3.035780050690322,3.0466421330338878,0.0438177020581817,0.0412823864642569
1.0,0.2,0.06,0.06,40,0.02,9,-15.542025380642103,0.8209248005564251,13.766091794575887,0.2894505288277713,3.0216412838529307,3.0328544741738366,0.0335824459042873,0.0540681223157148
1.0,0.2,0.06,0.06,40,0.02,10,-18.651173837691324,0.4832842199734992,13.394646538998696,-1.1345548221794362,3.0263287006384765,3.0514297662046856,0.0512023196237113,0.0386072446696092
1.0,0.2,0.06,0.06,40,0.02,11,-18.172516988537065,1.33151040851359,16.96662608524366,0.5938559949517019,3.0291068812503346,3.030105013857522,0.0538631254878907,0.0526416023392819
1.0,0.2,0.06,0.06,40,0.02,12,-16.766347088038604,0.4950783870937669,13.986282707417114,0.5551590697154742,3.038526536532931,3.024536805346575,0.0729058181872186,0.0385018877719183
1.0,0.2,0.06,0.06,40,0.02,13,-18.71001447552109,0.7328966177578353,14.409818801657616,-1.1469630956344012,3.048344813379216,3.0313542639180846,0.0423170821430708,0.0429578534176038
1.0,0.2,0.06,0.06,40,0.02,14,-14.68397380191366,1.1471939713737815,14.498432926528036,-1.2967201370525523,3.0387745459070508,3.0251425147238638,0.0496048130933326,0.0656442924931484
1.0,0.2,0.06,0.06,40,0.02,15,-17.701388560494024,1.2233223885817424,15.43979989132541,-2.030110016318368,3.0336283221821856,3.018621188964984,0.0384005056121143,0.0461685355769759
1.0,0.2,0.06,0.06,40,0.02,16,-14.93350384499586,0.4074144371225439,14.221460051703003,-1.8072683509228165,3.04892231888358,3.0328731176492427,0.056231845135084,0.046790328996425
1.0,0.2,0.06,0.06,40,0.02,17,-17.3935911288331,1.2384858902670828,15.21803123356344,-2.8811881762571607,3.024819128694022,3.0383891995580314,0.0610200268956771,0.0564065521429883
1.0,0.2,0.06,0.06,40,0.02,18,-18.26309600622177,1.4082456237659942,13.561620737501572,-0.3415316148036396,3.0305228596501395,3.057203421672499,0.0391142913425793,0.0427954036199956
1.0,0.2,0.06,0.06,40,0.02,19,-16.092988609904342,2.162426108693227,15.973706036181158,-1.7183761512736948,3.044527403092383,3.0396910742764045,0.0443904974486578,0.0416072882119351
1.0,0.2,0.06,0.06,40,0.02,20,-15.042204240106512,0.8446134580610223,14.52733775518426,-2.224685660827244,3.0456761691393424,3.0381677296904157,0.0457609364988259,0.0420648639609864
1.0,0.2,0.06,0.06,40,0.02,21,-16.779266560619583,1.9199017002140908,14.32400203139483,-1.1926509559420615,3.032606413441207,3.0217096503188854,0.0594855053048788,0.049615906647289
1.0,0.2,0.06,0.06,40,0.02,22,-16.965917896722097,1.8894503793508004,14.065907802456664,-2.711237666874476,3.049625489443558,3.029812593309669,0.0389307888512945,0.0334962731895295
1.0,0.2,0.06,0.06,40,0.02,23,-17.991569401592912,1.670116579905712,14.224826575510766,-1.3691463797609658,3.048535282475493,3.036574169986169,0.0484474643256589,0.0436829379957013
1.0,0.2,0.06,0.06,40,0.02,24,-18.05628911537528,1.6165201778595517,13.39767427383122,-0.6897597006645501,3.031574796914541,3.0356807142172366,0.046790812915804,0.0378514682587181
1.0,0.2,0.06,0.06,40,0.03,0,-16.025678312444754,0.7487588011883073,14.074651146111322,-0.1420177635619546,3.034485057900905,3.044698900635802,0.0499217628951072,0.0465294277097689
1.0,0.2,0.06,0.06,40,0.03,1,-17.378993885209734,1.3663267432104935,13.823138746872214,-0.5268878428044396,3.0457502535300764,3.0333805211923446,0.0472124457733386,0.057307769236712
1.0,0.2,0.06,0.06,40,0.03,2,-16.966544484478334,0.3408783824807568,15.063579183207604,-0.6312644998734291,3.0371375914716143,3.0292193117577835,0.0508942225775107,0.0482970930312059
1.0,0.2,0.06,0.06,40,0.03,3,-16.34897189187926,0.0255951211433682,15.392798416959067,-1.6236710165581243,3.0443519145607607,3.0517349896544235,0.0546072460039013,0.0414035026153098
1.0,0.2,0.06,0.06,40,0.03,4,-15.820838884917446,1.0746568670317658,14.727151841413912,-0.7234596046376824,3.0577674578840823,3.03651075325888,0.0442952766589204,0.0517943327887043
1.0,0.2,0.06,0.06,40,0.03,5,-16.332311584024694,0.7296784108774099,17.05265841173903,-0.0637951241568386,3.048870360736555,3.038756509868145,0.0525716918313221,0.0508696646920657
1.0,0.2,0.06,0.06,40,0.03,6,-16.49318873638978,0.178693815694372,14.631991267975092,-0.6947174980529409,3.0364061241837725,3.0466776724704774,0.0541787067419656,0.034196205730146
1.0,0.2,0.06,0.06,40,0.03,7,-16.419397060895882,0.8701923903804172,16.700120941693736,-0.6889040667712073,3.047352562419368,3.0248139826445883,0.0592145036276785,0.042859704258733
1.0,0.2,0.06,0.06,40,0.03,8,-17.405511104826306,1.9940732691419256,15.04021941041571,-2.4808843788930743,3.0333581202657216,3.0472352747612117,0.0437938996415563,0.0397962618671455
1.0,0.2,0.06,0.06,40,0.03,9,-15.93064240122525,1.3958772021368795,13.41351202734316,-0.0831048928022075,3.028661356034745,3.034011079324852,0.0359969027707218,0.0522690202292298
1.0,0.2,0.06,0.06,40,0.03,10,-18.081535087308332,0.7014375762635985,13.310021472496723,-1.0071027308205278,3.0226074825316003,3.051545471777078,0.0555480897805112,0.0395612585730502
1.0,0.2,0.06,0.06,40,0.03,11,-18.058803660420857,1.5580440671892513,15.69746615481674,0.1266714778784898,3.03392283265386,3.030867048158707,0.0503779717865678,0.0498180973660605
1.0,0.2,0.06,0.06,40,0.03,12,-16.720902342525992,1.183772214305863,14.37114125449413,-0.0601895523257638,3.044627948706158,3.0261682163008827,0.0711120934144053,0.0401163300217859
1.0,0.2,0.06,0.06,40,0.03,13,-18.31820954343945,1.419189416420363,14.213240365099756,-1.368320615017514,3.0530608225573763,3.0323400980268325,0.0408556357771013,0.0472106549840136
1.0,0.2,0.06,0.06,40,0.03,14,-15.78549924250424,1.2281715241561275,13.976015262943871,-1.4303974946367086,3.044333567733916,3.0187427162471745,0.0491256462209324,0.0530981329751308
1.0,0.2,0.06,0.06,40,0.03,15,-16.870522000741193,0.9224000028295468,15.281807961551348,-1.5267528497457046,3.032394831768749,3.02373744101858,0.0407274385834279,0.0443998195214868
1.0,0.2,0.06,0.06,40,0.03,16,-16.31013423829354,0.560562663582453,14.273836102211304,-0.7526613671719439,3.054601959377625,3.031875905260915,0.05574252478971,0.0468438673307149
1.0,0.2,0.06,0.06,40,0.03,17,-16.899091563798144,1.345578785079243,15.167303287822689,-2.133526908995943,3.019316233570723,3.0373796130723902,0.0636896135245954,0.0572573061418191
1.0,0.2,0.06,0.06,40,0.03,18,-17.89293126760718,1.1896151751892965,13.518422518642716,-0.8557949094473233,3.02713404401769,3.051785922575277,0.049852035595801,0.0497094294771221
1.0,0.2,0.06,0.06,40,0.03,19,-16.997789711912635,1.7713334620274006,15.308737065704458,-1.2387564180525577,3.0399874989606217,3.040439743658405,0.0441410754665094,0.0467894367160701
1.0,0.2,0.06,0.06,40,0.03,20,-15.974824406723355,1.0144486360071356,14.753724802663912,-1.862239789687788,3.0512078067892285,3.035050633034502,0.0450497047017407,0.0409891692811617
1.0,0.2,0.06,0.06,40,0.03,21,-16.41617910031933,1.7070227467839798,14.437917247652676,-1.0800355240852024,3.03586183287602,3.023086196882014,0.0561796783492882,0.0410439588866999
1.0,0.2,0.06,0.06,40,0.03,22,-16.87229374146913,1.7440550426259274,15.102822704487949,-1.7936274175583613,3.0567174357926774,3.0328613419370813,0.0341960283800738,0.0308943454499749
1.0,0.2,0.06,0.06,40,0.03,23,-17.74964490482515,1.3697010472690856,14.235033756991273,-0.6865856620911169,3.0466818925072654,3.0417185121433663,0.0474075477893761,0.0482795186981518
1.0,0.2,0.06,0.06,40,0.03,24,-18.03419154675599,1.3794593400846975,14.12885967880079,-0.765724259688078,3.0323708169465675,3.0442349426546467,0.0439110751274529,0.0424132773997222
1.0,0.2,0.06,0.06,40,0.04,0,-16.298853011402574,0.7322358418828963,13.962570115898746,-0.434999496680456,3.035113792862401,3.041228169396082,0.0471063856244285,0.0499692469087016
1.0,0.2,0.06,0.06,40,0.04,1,-17.669372427963,1.315285406196662,13.918269487564434,-0.4793976014982637,3.0471642241792485,3.0386497504243,0.0511794083578059,0.0540683723211089
1.0,0.2,0.06,0.06,40,0.04,2,-16.932554885193092,0.7130032905385033,14.713934860596051,-0.77642808728662,3.0419379404090856,3.0320554019567543,0.0521857818071014,0.0461011527766076
1.0,0.2,0.06,0.06,40,0.04,3,-17.081344884897288,0.3907230888049562,14.619885978014684,-1.1545208101310285,3.048182510381169,3.056303903686151,0.0540213350952518,0.0443620709069983
1.0,0.2,0.06,0.06,40,0.04,4,-16.12583993713321,0.9882731761360508,14.59540486117129,-0.8277328789264317,3.0588258492985787,3.037837307134017,0.0434744473736385,0.0514050039416616
1.0,0.2,0.06,0.06,40,0.04,5,-16.866429150502718,0.9960100541605666,15.698648427142109,-0.538503926412631,3.048401338158726,3.0427159932220778,0.0523534452408993,0.0492787807653677
1.0,0.2,0.06,0.06,40,0.04,6,-16.40783002008955,0.7773724005230742,14.694671183058626,-0.731340860235459,3.038446585641118,3.042780661113326,0.0485563700657028,0.0384457655561738
1.0,0.2,0.06,0.06,40,0.04,7,-16.425400296316088,0.5137609242271168,15.841771953669255,-0.9237838456579132,3.0491055917074243,3.025737002310142,0.0534958200091903,0.0481090410024901
1.0,0.2,0.06,0.06,40,0.04,8,-17.381958331561925,1.9589097378266545,14.597221521620046,-1.897517953108732,3.038819909050525,3.038913114814029,0.044775823726402,0.0395369676737715
1.0,0.2,0.06,0.06,40,0.04,9,-16.530955703873918,1.541967428290184,14.54719308015746,-0.3905259539982115,3.0343418592839595,3.0344911752632573,0.0390849441972037,0.0529487481879416
1.0,0.2,0.06,0.06,40,0.04,10,-17.707485243267868,0.5979909343469036,13.681400176924155,-0.590449499426475,3.022373111648702,3.05582194315634,0.0516306424694394,0.0464308191669536
1.0,0.2,0.06,0.06,40,0.04,11,-17.78508884143295,1.1637785489888564,15.398956186250125,-0.3807047631738591,3.0341345748826107,3.024179467328376,0.0538554199247851,0.055836871285165
1.0,0.2,0.06,0.06,40,0.04,12,-17.2989851190929,1.3329583830199645,14.481510978570007,-0.2300016982570354,3.0448252411073256,3.0279190796792115,0.0660042509884602,0.0423157943565669
1.0,0.2,0.06,0.06,40,0.04,13,-17.72353839126788,1.0821859521232615,14.323814759938534,-1.1856480181612128,3.054121774081113,3.0319330757590337,0.0430539345434895,0.0496883559112558
1.0,0.2,0.06,0.06,40,0.04,14,-16.328103731854803,1.244765902114409,15.194734430436393,-1.0376815066465903,3.0538956896386917,3.0246803914150227,0.0403676028111329,0.0592099824360131
1.0,0.2,0.06,0.06,40,0.04,15,-17.19368864205724,1.2655514984553986,15.15020539427446,-1.1515237930348143,3.0325094439795066,3.026445726448421,0.0427356430979843,0.0412679230583748
1.0,0.2,0.06,0.06,40,0.04,16,-16.477684062916943,0.6407268561768762,14.739639028764737,-0.9296728263479594,3.0492916015086147,3.0310772283225496,0.0540839034403371,0.0506648865785838
1.0,0.2,0.06,0.06,40,0.04,17,-16.93789073622451,1.3799068292358716,15.322858919861886,-1.6612680470685297,3.020912784683333,3.0374052552120103,0.0648213136162941,0.0589084002851269
1.0,0.2,0.06,0.06,40,0.04,18,-17.986079197597956,1.362638614828731,13.991372009338903,-0.7268227863751523,3.024618276344573,3.0464306325570343,0.0538916481010206,0.0474068809206013
1.0,0.2,0.06,0.06,40,0.04,19,-17.3996836251787,1.6009098222687266,15.036671865252153,-0.7106863010416483,3.03690944099442,3.0401629714875797,0.0480876460045075,0.0476072494331835
1.0,0.2,0.06,0.06,40,0.04,20,-16.40941520139692,0.810921753836896,15.23127653702761,-1.5431071901392892,3.050631642143108,3.0361505339351256,0.0365579601795658,0.0415409369757055
1.0,0.2,0.06,0.06,40,0.04,21,-16.824013762468233,1.3642560917916438,14.73824959749064,-0.988174598236845,3.03791119849973,3.02623164070264,0.0527351659908186,0.0468860480787277
1.0,0.2,0.06,0.06,40,0.04,22,-16.874083595949436,1.5582627637276605,14.538921677700069,-1.4035935421936303,3.054185335415924,3.031769641881929,0.0339747542243342,0.0368998281031743
1.0,0.2,0.06,0.06,40,0.04,23,-17.32108133641033,1.0136911884955555,14.705857598721012,-0.92648420749928,3.0476063657743824,3.0445485931322,0.0463673188469697,0.0470008270236788
1.0,0.2,0.06,0.06,40,0.04,24,-17.387081474241466,1.0955370299409193,15.283783681033244,-0.8770185926845455,3.024579064471077,3.040533159747971,0.043456195998831,0.0318029384809974
1.0,0.2,0.06,0.06,44,0.01,0,-19.788039779060803,-2.616244145504643,32.238271439981006,-7.23430111206931,5.497659086748974,5.468808758868506,0.0394403855031265,0.0576041259924142
1.0,0.2,0.06,0.06,44,0.01,1,-19.981924231706472,-3.693047618462853,11.179414090446116,-2.064935403882684,5.489730471654049,5.492980039541633,0.0596746194260888,0.0457208182034123
1.0,0.2,0.06,0.06,44,0.01,2,-12.350247448652738,-5.021969307960736,16.02457373447452,-1.2693144847603897,5.49436861527251,5.478032155326113,0.0392087239987834,0.0637770680119607
1.0,0.2,0.06,0.06,44,0.01,3,-16.531083159502863,1.998883440005802,21.50071369084345,-3.5577594741806333,5.501719722697878,5.478890442701587,0.0575202805434171,0.0585314818838156
1.0,0.2,0.06,0.06,44,0.01,4,-17.30102109367814,5.067763814500567,27.63334352817136,-1.4742230107288048,5.502866295061916,5.492148036603291,0.0339754071565814,0.0341309996708092
1.0,0.2,0.06,0.06,44,0.01,5,-23.9778272622562,-9.55503382525361,29.55664875081458,-5.6632917429184815,5.4820064452066,5.507252866170737,0.0376041450485142,0.0379730243278203
1.0,0.2,0.06,0.06,44,0.01,6,-24.693186969218605,0.4224870071610365,13.222207869037105,-0.9432136241494128,5.48469335984863,5.498104914399264,0.0406831182273925,0.0388026521651634
1.0,0.2,0.06,0.06,44,0.01,7,-18.88623312608688,-0.655937562333792,18.42546030195397,2.9084326958511486,5.487339115831826,5.474803342580806,0.0490274474183012,0.0317998626513911
1.0,0.2,0.06,0.06,44,0.01,8,-22.124717465114852,0.2362317266727669,20.46317685282529,-2.028713494797194,5.497640506057084,5.481892005105943,0.0486787483288653,0.0349321967146642
1.0,0.2,0.06,0.06,44,0.01,9,-24.84513528103278,4.431811802026547,18.30877010422805,-3.264522257136265,5.479247221855294,5.4527959553111645,0.0344095423220281,0.0603119226101119
1.0,0.2,0.06,0.06,44,0.01,10,-20.536277311237868,-1.91078308384082,15.62088259828059,-1.8397099072216068,5.465869101101726,5.514745932101278,0.0563809704016193,0.0476093936691881
1.0,0.2,0.06,0.06,44,0.01,11,-22.14783198093577,2.411347441946483,20.20446078901468,-3.988607812082659,5.472096340872277,5.511435590549958,0.0737993632295536,0.0263103929149888
1.0,0.2,0.06,0.06,44,0.01,12,-22.016079965531706,-2.579174152028465,16.863504465298238,1.365151428710053,5.5058782044084,5.501909527726433,0.0328816096090838,0.0657357723798364
1.0,0.2,0.06,0.06,44,0.01,13,-24.735231540929483,3.213406621700491,16.295697585810636,2.109344882425848,5.497677767454589,5.470906701008212,0.060123800776103,0.053054051330495
1.0,0.2,0.06,0.06,44,0.01,14,-25.482931936006523,-2.4506219802190383,16.594741393849638,-0.3756577583369573,5.45333182450165,5.489685816126411,0.0704063516439316,0.0365869820303156
1.0,0.2,0.06,0.06,44,0.01,15,-21.41566247963419,-3.555465561127571,18.74732321943039,0.2714795385935713,5.4983626009045485,5.494044531007063,0.0515324459131367,0.0434372408300819
1.0,0.2,0.06,0.06,44,0.01,16,-30.531124707658503,2.714516353952495,17.928093232745237,-1.5592651198735534,5.51366293018042,5.5004438383622976,0.0394691465067884,0.0411360610720343
1.0,0.2,0.06,0.06,44,0.01,17,-18.127177688561776,-0.5214484730028792,22.099863974705983,6.563757826710568,5.48159379969846,5.473911888923568,0.0499143017317457,0.0718680958269818
1.0,0.2,0.06,0.06,44,0.01,18,-18.43024945551278,-4.220771690159999,19.37233269102281,-4.453446422189769,5.489417749791812,5.46708174751082,0.0487318864383356,0.0637378522729491
1.0,0.2,0.06,0.06,44,0.01,19,-16.47323641081542,0.4310403287084905,22.876698426568577,3.384940089634396,5.470466860305089,5.488398535085977,0.0478730907702701,0.0623501058008473
1.0,0.2,0.06,0.06,44,0.01,20,-15.52621692347445,-0.2479569832448174,17.958860636592625,4.00850715511745,5.448690142230396,5.484546089282243,0.0664574009374285,0.0348101970989619
1.0,0.2,0.06,0.06,44,0.01,21,-17.73102876748341,2.316216555063806,16.121137734007092,1.870190651661053,5.476440827678854,5.46664086420435,0.049195773352424,0.0372202482871919
1.0,0.2,0.06,0.06,44,0.01,22,-22.453679488023877,-3.6781632155482553,18.05790503580485,3.803348720535959,5.483016339533536,5.499290466422971,0.0463689882487816,0.0399280350292314
1.0,0.2,0.06,0.06,44,0.01,23,-17.42350871337946,0.6713080303633256,19.57122079425385,1.5704901769403767,5.505221742452085,5.470502866946976,0.0340837262772858,0.0674414411793039
1.0,0.2,0.06,0.06,44,0.01,24,-17.431395244686364,6.835515754558625,20.69639682823109,-1.5735191051450568,5.490242289957111,5.486757475885649,0.0522773571298849,0.0541651511542035
1.0,0.2,0.06,0.06,44,0.02,0,-22.58119073333585,0.2387630641218545,23.726364472230863,-2.360764684680065,5.485332184485359,5.46010351022866,0.0438465839994827,0.0607386532995201
1.0,0.2,0.06,0.06,44,0.02,1,-21.63021022654988,-2.1332742970202627,14.633705028861687,0.0778182057334899,5.48500092860622,5.493677024903825,0.0542608758465077,0.0489983328215511
1.0,0.2,0.06,0.06,44,0.02,2,-14.678506421382632,-3.281368948059052,17.22112866879886,-0.995278180878462,5.502679803033582,5.47805978291361,0.0454144502050065,0.0593850673895106
1.0,0.2,0.06,0.06,44,0.02,3,-20.6914012924689,1.9859756064371843,19.25103212558714,-2.1790102322018257,5.506112055495799,5.477827885700567,0.0575833332610823,0.052825722035585
1.0,0.2,0.06,0.06,44,0.02,4,-19.899337203571594,2.4453584881363724,21.48839066694009,-1.5352273694655325,5.500144396122932,5.4907187067946985,0.0369478287124463,0.0360170051317286
1.0,0.2,0.06,0.06,44,0.02,5,-22.96804580561414,-3.453518489534666,23.60203335378356,-1.8726632911372796,5.479599253803002,5.489008575891893,0.0469643966355126,0.0505226104448908
1.0,0.2,0.06,0.06,44,0.02,6,-21.118775877535427,-0.5157072815980424,17.23269547614292,-0.6043059241995712,5.472394937421541,5.501148438463206,0.0483602904391835,0.031755749201019
1.0,0.2,0.06,0.06,44,0.02,7,-18.377175215906945,-0.151862664958319,17.13731471137043,1.9913292392305144,5.474261704724648,5.473743814367234,0.0511779315308859,0.0361588029140044
1.0,0.2,0.06,0.06,44,0.02,8,-21.446350471969534,-0.7447896903091042,18.94952472312189,-1.1796864880709157,5.512900891525323,5.474336272002947,0.0395629002905919,0.0334609455825074
1.0,0.2,0.06,0.06,44,0.02,9,-23.616927989173853,2.542228077977505,17.43310366373223,-0.6743224335411551,5.475813422248725,5.478206840120203,0.0393702028443269,0.0533658880235805
1.0,0.2,0.06,0.06,44,0.02,10,-22.64823185843552,-1.411164169700496,17.333631714593714,-1.6577751240468726,5.466876070080076,5.516844681273173,0.0549559062113746,0.0479041440991142
1.0,0.2,0.06,0.06,44,0.02,11,-22.21830136920832,0.5230717168723398,19.057570611386648,-1.394273642489936,5.467629643088436,5.510156567504615,0.0734399950583039,0.025434555889744
1.0,0.2,0.06,0.06,44,0.02,12,-23.96467830751943,-1.8804129706439143,18.60041651234768,-0.1056313239461474,5.506279178734217,5.498830081732905,0.0298648886209817,0.0675357118281139
1.0,0.2,0.06,0.06,44,0.02,13,-22.10718154732784,1.0823543071127966,16.635112287304487,0.8969795005186316,5.481329487112784,5.476529016942846,0.0620484395140692,0.0540691486450795
1.0,0.2,0.06,0.06,44,0.02,14,-22.69552625146954,-1.719073912991037,18.475955865863117,-0.9208693102472189,5.454427197053353,5.491434296774687,0.0671157164427954,0.0416289554404258
1.0,0.2,0.06,0.06,44,0.02,15,-22.2880311211773,-0.8644160031052472,18.911466474139345,0.3166726328050444,5.489536837527086,5.491930145023241,0.051418105636751,0.0472321904094121
1.0,0.2,0.06,0.06,44,0.02,16,-25.247557646433386,1.9945371081342649,16.67552617957325,0.327492899732646,5.50938977194599,5.49250938367307,0.0307122403491042,0.0490481473174607
1.0,0.2,0.06,0.06,44,0.02,17,-21.24883043760489,-0.8536417915298269,19.85638086473112,3.681652710371816,5.47559634659636,5.473907444236335,0.0513469950339916,0.0659876488560119
1.0,0.2,0.06,0.06,44,0.02,18,-22.108745484960224,-2.3301337246195946,17.496408697124057,-1.5972847032617468,5.502944789639532,5.461694723233724,0.0442796270953362,0.056094417895766
1.0,0.2,0.06,0.06,44,0.02,19,-19.02059127030789,0.3751468292014048,19.622396732089797,0.983158778959959,5.468482259313788,5.484195061813344,0.0466596623045658,0.0637986283179775
1.0,0.2,0.06,0.06,44,0.02,20,-20.820873152566527,-0.4210846793982872,17.221267165333266,0.942114074654392,5.452051651893382,5.480557169256335,0.0481357979601372,0.0385964545836615
1.0,0.2,0.06,0.06,44,0.02,21,-20.25335399762465,0.9376678912112228,17.4480229425945,0.2659382047820673,5.475427592090385,5.469402741470977,0.0495239992490467,0.0345483141603106
1.0,0.2,0.06,0.06,44,0.02,22,-20.10770826039872,-1.3599606276991316,17.834837651394157,0.9979346067138544,5.472069557993191,5.496178592054749,0.052204526616129,0.0402594797364771
1.0,0.2,0.06,0.06,44,0.02,23,-21.280052194935536,1.2536040639239512,19.856970076348496,0.3397721536830327,5.502413942804733,5.465896165819318,0.0381347731341647,0.0625489948472677
1.0,0.2,0.06,0.06,44,0.02,24,-20.31554042962354,2.875131204827718,18.902246092734856,-0.557770642672206,5.498062811214324,5.486473106974286,0.0543515463286142,0.0560269774727477
1.0,0.2,0.06,0.06,44,0.03,0,-21.18128981886323,-0.5500610255548304,21.564693813066874,-1.825340951241062,5.496609765023916,5.470857038568873,0.0521083517172597,0.0699498367107822
1.0,0.2,0.06,0.06,44,0.03,1,-21.966485649929048,-0.819528486548341,15.895596076427475,0.2592876695471875,5.492760763291338,5.491425485890881,0.0483841656470476,0.0428574189081924
1.0,0.2,0.06,0.06,44,0.03,2,-17.943549335649756,0.1701395624920492,17.962550356083387,-1.3589920455707452,5.511641227056296,5.473473866961082,0.0435726547677414,0.0625693355101762
1.0,0.2,0.06,0.06,44,0.03,3,-20.836571933819585,0.7491770755813623,17.938445616819354,-0.8072510363055285,5.513586295475277,5.478407577938796,0.0516393651522962,0.054647574893295
1.0,0.2,0.06,0.06,44,0.03,4,-20.44722249374926,1.9754853135857284,19.92239848026153,-0.5752265042885121,5.49848478833193,5.492058970748465,0.0406592330898785,0.0419535217452383
1.0,0.2,0.06,0.06,44,0.03,5,-23.10029879331672,-0.9266051308475968,20.92731511538148,-0.920718690089368,5.4873366698381565,5.477289868779907,0.0393656431204568,0.0501844484800304
1.0,0.2,0.06,0.06,44,0.03,6,-22.48995274932948,-0.6619957068630262,17.1997233904112,-0.2514478992294552,5.47721614834297,5.497572489078141,0.0407363307496958,0.0348113869098883
1.0,0.2,0.06,0.06,44,0.03,7,-19.78914024396461,0.0227531070685227,17.338603514713284,1.3357048168114305,5.477799877914469,5.468168814901588,0.0505750821675288,0.040550606921248
1.0,0.2,0.06,0.06,44,0.03,8,-21.34532235847893,-0.487791394837654,18.26668093386626,-0.9815116158528682,5.502833124005243,5.474575884719322,0.0430776128412275,0.038127634532439
1.0,0.2,0.06,0.06,44,0.03,9,-23.267155838480868,2.259314837419031,17.25201774006474,-0.3205260840129823,5.479708884619508,5.468864656650148,0.0351934624361422,0.0544996443955492
1.0,0.2,0.06,0.06,44,0.03,10,-22.649073067046736,-1.2226361908071628,16.178888023962006,-0.8915920609065946,5.473234200387148,5.510191462091476,0.0511026323152876,0.0445343015250108
1.0,0.2,0.06,0.06,44,0.03,11,-22.63628340859042,-0.103638546682969,18.4175183374702,-0.5382504890539854,5.460150335669148,5.516854722189898,0.0737953302216992,0.0237057990312588
1.0,0.2,0.06,0.06,44,0.03,12,-22.26641457445064,-0.5638819810901265,17.578956529511547,0.2081523230834896,5.491462891828705,5.507897364689864,0.0423118432475138,0.05352004757863
1.0,0.2,0.06,0.06,44,0.03,13,-20.95687429678757,0.1916188006948354,16.978711478918125,1.2454370030128386,5.492788173225718,5.478443699210927,0.0643234521544164,0.054977209909717
1.0,0.2,0.06,0.06,44,0.03,14,-21.34212041718832,-0.8053607874372435,16.884680280830214,-0.1376046235292827,5.45168394682112,5.496084934731388,0.0690282105814415,0.0357759452499779
1.0,0.2,0.06,0.06,44,0.03,15,-22.218974778937778,0.5699299330303766,19.48043354831902,0.1031881238815357,5.483794848342416,5.502647980919909,0.0483380075124478,0.051461792412172
1.0,0.2,0.06,0.06,44,0.03,16,-23.2519879263446,0.7818824084993842,16.984198305461938,1.2156262637674848,5.501900843198227,5.493434619568999,0.0388290909850871,0.0481267516758494
1.0,0.2,0.06,0.06,44,0.03,17,-21.75816110374133,-0.0460217799546656,20.10644778676126,2.2768315389401064,5.482031497764282,5.471410323113073,0.0379593009427086,0.0655061712614587
1.0,0.2,0.06,0.06,44,0.03,18,-22.37223879163551,-1.4755154497897525,18.789006937639822,-0.4105164876979144,5.499501431736003,5.467537852509499,0.0429755373010661,0.0717396952128254
1.0,0.2,0.06,0.06,44,0.03,19,-19.51531659780833,0.1540431800833279,18.003071680286038,1.255387811888148,5.468856683779828,5.477657464320416,0.0457003121864187,0.0646722462059743
1.0,0.2,0.06,0.06,44,0.03,20,-21.113585018283004,0.5292577582349169,18.11498728901207,0.2303318786591466,5.454394625367195,5.489495581164761,0.0506107451012912,0.0309725445728551
1.0,0.2,0.06,0.06,44,0.03,21,-20.83206920615728,0.8738976362987007,17.655136037022494,-0.8130768069726009,5.473080189453896,5.4775177636463885,0.0469449893681359,0.0376410177273395
1.0,0.2,0.06,0.06,44,0.03,22,-22.061833302008356,-0.5937848665702707,17.30771736495322,0.3562912500592838,5.480455982194232,5.498562413722926,0.0453749202982347,0.0457858483333707
1.0,0.2,0.06,0.06,44,0.03,23,-20.665613270341023,1.149985289335207,18.953678818321062,-0.171713069848217,5.492589521909582,5.454907243171483,0.0373785336679516,0.0616171693742002
1.0,0.2,0.06,0.06,44,0.03,24,-20.465244383198893,1.5062389903171274,17.71880105938428,-0.3781824244558815,5.493251473714191,5.480683247227637,0.0552778242173965,0.0644320972770667
1.0,0.2,0.06,0.06,44,0.04,0,-21.622718664802704,-0.539533034957383,21.021146727254585,-0.8214669542756616,5.495414391769863,5.472006201160107,0.0485163334208324,0.0670863574328591
1.0,0.2,0.06,0.06,44,0.04,1,-22.155466670426485,-0.7427485514720422,16.772743673080676,0.2099966281708392,5.482563769876773,5.49602256988111,0.0534024368420387,0.0430231085388197
1.0,0.2,0.06,0.06,44,0.04,2,-19.47500092418093,-0.4202645820604058,18.004395026590363,-1.4285584260400517,5.501870531686193,5.469737969969975,0.0482949552963367,0.0606290869882898
1.0,0.2,0.06,0.06,44,0.04,3,-21.69188753289206,0.307214553073537,17.715165365786348,-0.2835898435581327,5.517464035294172,5.484984668874513,0.0479204846778352,0.055336462621191
1.0,0.2,0.06,0.06,44,0.04,4,-20.38474094640356,1.8449268185378584,19.53525443684373,-0.4347499368483866,5.506200654543015,5.48801720777707,0.0411806686000353,0.0376197828441066
1.0,0.2,0.06,0.06,44,0.04,5,-22.61453608679445,-0.6556523951060627,20.09773129188468,-0.7335280892824896,5.480453706622682,5.473395771085424,0.0435478507947193,0.0470646136950211
1.0,0.2,0.06,0.06,44,0.04,6,-22.534176639567832,0.0177700220017058,17.578474883362837,-0.1086474912241148,5.476256340499565,5.48938862526137,0.0388790591943298,0.0369331984684388
1.0,0.2,0.06,0.06,44,0.04,7,-20.57522021474407,0.1267220425074946,17.0782215964698,0.5319842427117241,5.476440555653025,5.47010871792964,0.047529078933277,0.0414145041007107
1.0,0.2,0.06,0.06,44,0.04,8,-21.50130944340485,-0.1529733287762711,18.841501701919555,-0.821148454086515,5.509601300655409,5.475089420716868,0.0517683983693728,0.0449881383600248
1.0,0.2,0.06,0.06,44,0.04,9,-22.49563574120659,1.4309284948644765,17.76900507259964,-0.4773880256102492,5.474674241445968,5.47213903969329,0.0291224061669837,0.0506537578493712
1.0,0.2,0.06,0.06,44,0.04,10,-21.570638457646574,-0.223248981068038,16.95632306150871,-0.2153877525315972,5.465337540801122,5.507742919097114,0.0500115714145475,0.0431863079198545
1.0,0.2,0.06,0.06,44,0.04,11,-22.9214129218318,0.0535337939461366,18.50478477927548,-0.0184769644540276,5.462983123061052,5.513426762680501,0.0678263060192203,0.0273276202574661
1.0,0.2,0.06,0.06,44,0.04,12,-21.838378974144003,-0.7575515088578826,17.6292610774326,0.097419415176239,5.506827981502035,5.502305553772773,0.0377946646824265,0.0563354066475843
1.0,0.2,0.06,0.06,44,0.04,13,-22.401442499640837,0.8181314622411794,17.923326114349727,0.6310462141873359,5.49311824690639,5.474848472034171,0.0583673394939049,0.0512849621981767
1.0,0.2,0.06,0.06,44,0.04,14,-22.461247146618767,-0.8494603626202981,17.350446965108368,-0.0439917917081471,5.459679287534567,5.490833143499875,0.0647578323581716,0.0457235387964164
1.0,0.2,0.06,0.06,44,0.04,15,-22.05248156125768,0.2688731224280731,19.260821972003555,0.1797963207692634,5.485520495218665,5.506189960441638,0.0529339138276533,0.0474888083371618
1.0,0.2,0.06,0.06,44,0.04,16,-23.64211278769666,1.1047105431366613,17.594217879118837,1.0954526192747676,5.506256138004964,5.499897576258592,0.0370091773803292,0.046413914226964
1.0,0.2,0.06,0.06,44,0.04,17,-22.03124591256277,0.1642598926001179,20.147499081729663,1.1352188126846496,5.479731601780994,5.46969759366004,0.0415355387030193,0.0637222660912306
1.0,0.2,0.06,0.06,44,0.04,18,-21.891682555705803,-1.6151714748709154,18.63954398352494,0.0200906159579639,5.496122103694584,5.4669198341674194,0.0431725070733328,0.0696277364589348
1.0,0.2,0.06,0.06,44,0.04,19,-20.260157480357886,0.6062192639904933,18.785297015669528,0.8394364918256301,5.473154342725108,5.474420820451258,0.0443557630901646,0.0692407287072413
1.0,0.2,0.06,0.06,44,0.04,20,-21.75071940827996,0.1511190481510294,17.673261969302448,0.5555797990836266,5.467782615499839,5.489869240889847,0.0388738318773445,0.0377239918904214
1.0,0.2,0.06,0.06,44,0.04,21,-22.47052370533579,0.1818494790474616,18.0760950382374,-0.5329858867915994,5.480859061539546,5.467087011254755,0.0498943251367928,0.0389603079122854
1.0,0.2,0.06,0.06,44,0.04,22,-22.464618675459825,0.7320328567185264,17.783473166279553,0.2523837011557224,5.492675576617041,5.500440717798216,0.0358794551444751,0.0377212130059285
1.0,0.2,0.06,0.06,44,0.04,23,-21.07517306278485,0.5701624324761028,18.43908337076994,0.2006003293576279,5.496664616751897,5.450711733392377,0.0383444658458545,0.0616206458168707
1.0,0.2,0.06,0.06,44,0.04,24,-20.950301549455546,1.494722267338026,18.85994454119409,-0.8136193282316433,5.497055814337653,5.474549320458981,0.0464017344977091,0.0591261846216499
1.0,0.2,0.06,0.0,40,0.01,0,-6.394015940987273,-0.7038869923435236,9.830005321591958,2.523433262151261,2.3314285333884253,2.3193340352090184,0.0598745901117799,0.06593058435252
1.0,0.2,0.06,0.0,40,0.01,1,-13.969806995077002,0.0224046963306905,9.750784872709716,-0.5032575950857818,2.3125226845999705,2.292823245716159,0.0578233806560482,0.0722016732008226
1.0,0.2,0.06,0.0,40,0.01,2,-5.320248727974391,5.573693273211677,12.026782815583283,3.446807286565018,2.3176048525014306,2.2961948450824146,0.0866529767103962,0.0767816815368828
1.0,0.2,0.06,0.0,40,0.01,3,-11.750602135827936,0.8678565583374547,14.253508070511252,1.0094384496915545,2.316408957487454,2.298756890360744,0.0509683054016495,0.0560946865269529
1.0,0.2,0.06,0.0,40,0.01,4,-9.929867008430335,-2.038736445761162,9.222303311736784,4.0272905639730805,2.31971833120955,2.30663576811032,0.0612885023655432,0.0560783312594042
1.0,0.2,0.06,0.0,40,0.01,5,-9.49950478498982,1.5643748883078423,14.62237828348946,-2.7297000325895717,2.3288453359013945,2.300019566558372,0.05570384303321,0.048728620992867
1.0,0.2,0.06,0.0,40,0.01,6,-9.136676315262957,-2.791366018702324,0.9370368004132636,1.8872204830467,2.30957866013508,2.3140177114018354,0.0530538881477954,0.0523262221146835
1.0,0.2,0.06,0.0,40,0.01,7,-15.414693106822591,3.783316211033769,8.196961591460337,-0.3522520108666833,2.306771942472837,2.3140091726682925,0.0578360266228091,0.0550718048666023
1.0,0.2,0.06,0.0,40,0.01,8,-8.663371386973626,0.4424980909330556,13.893081962889244,-2.032661154574896,2.3276635952342324,2.315976892036017,0.0478396368651981,0.0769951537493051
1.0,0.2,0.06,0.0,40,0.01,9,-11.73764881814882,0.0626680248243485,11.093394909832076,-3.167859841870765,2.3170741980104457,2.332078099289855,0.0556933407500861,0.052332815409892
1.0,0.2,0.06,0.0,40,0.01,10,-13.24468859073183,0.0291185647659988,10.73505209180292,-1.409306826331196,2.320493399439142,2.318210415099953,0.0613675213255539,0.0677493020273244
1.0,0.2,0.06,0.0,40,0.01,11,-13.67068341480047,1.1004367772685568,14.588096380440785,-2.46941665197678,2.317710555282674,2.3141324623390664,0.0392044998058839,0.048438433423442
1.0,0.2,0.06,0.0,40,0.01,12,-8.65529909034768,-0.5616551519229569,6.37716977811928,4.406100009202074,2.3292094578144438,2.31250340993757,0.0589609493353653,0.0753189694768451
1.0,0.2,0.06,0.0,40,0.01,13,-11.074399481875089,0.5827102733364184,2.07129922532276,0.9572418646272948,2.3202926052392208,2.2961646739398294,0.0557885610754518,0.0764822124444591
1.0,0.2,0.06,0.0,40,0.01,14,-11.550813958626964,0.3853753843612146,9.94551024710561,-1.0127605271934648,2.325648361483453,2.3010387333840825,0.0532898063830658,0.0560577042302482
1.0,0.2,0.06,0.0,40,0.01,15,-9.0051179084126,-0.7271947989595868,14.553809335950978,0.1248485833738364,2.321708327219717,2.320409230955576,0.0567026977009638,0.053336501177767
1.0,0.2,0.06,0.0,40,0.01,16,-3.5726935289902078,-2.943393946384055,11.245137972381444,3.590266831262167,2.288790426479531,2.3439949947463594,0.0710364634279507,0.0394416603796663
1.0,0.2,0.06,0.0,40,0.01,17,-10.948453246140854,-0.3695769079401581,7.177559755014737,-3.3817862777328225,2.306115989105517,2.3191216785834365,0.0695703345716962,0.0601910154185025
1.0,0.2,0.06,0.0,40,0.01,18,-7.941497498588308,-0.804231505319446,7.717392723509258,-3.109812689878921,2.3401265284422985,2.314082560641288,0.0411172572909626,0.0710886206295438
1.0,0.2,0.06,0.0,40,0.01,19,-8.951828060807244,3.222177997200613,19.85851645673861,-0.6657350975985536,2.297847647253292,2.31052363123109,0.0424790368935007,0.0729792649343455
1.0,0.2,0.06,0.0,40,0.01,20,-13.68827485828478,-1.7101153304850485,12.503595485774976,-1.2443132357618505,2.314376585865918,2.318649461764851,0.0552636943569075,0.0508777388637603
1.0,0.2,0.06,0.0,40,0.01,21,-16.864560936823615,0.8052537109065772,10.187956911353066,1.5379189255822832,2.3239133983499194,2.3063078662453256,0.0530991677072622,0.0742688170466104
1.0,0.2,0.06,0.0,40,0.01,22,-15.703686387235104,1.9236316875589925,6.062831240587496,2.9703535619209247,2.3404381452497427,2.305041437291968,0.0461187792038025,0.0707689275674223
1.0,0.2,0.06,0.0,40,0.01,23,-13.704407535705895,1.2888878873965686,8.922267161801518,-1.7770099081769524,2.3076207758787377,2.292143090614221,0.0635608212922225,0.0815025520541272
1.0,0.2,0.06,0.0,40,0.01,24,-6.285840292841076,-0.7437716578817022,4.511798434019156,2.591246230276686,2.332194822584027,2.3092710649699977,0.058045348747119,0.0592466091599056
1.0,0.2,0.06,0.0,40,0.02,0,-8.589634117404268,0.4319345302701278,9.657945364929445,0.437869984364545,2.329380575994068,2.3169097189054457,0.0642216176358922,0.0711920724656503
1.0,0.2,0.06,0.0,40,0.02,1,-12.17898719473934,-0.0861578553224629,10.250972182837115,-0.6350402413587106,2.313806959374933,2.293886479599641,0.0575273261003236,0.0746331921892746
1.0,0.2,0.06,0.0,40,0.02,2,-9.074138131059373,2.36894451985848,11.069539598332137,1.7032878716160789,2.317336305880249,2.296038742056677,0.058403912409053,0.0735213867873246
1.0,0.2,0.06,0.0,40,0.02,3,-11.644582453936412,1.5638073297918664,12.297262844129564,-0.1903201398728047,2.3221087017625672,2.302011240489537,0.0529813394064359,0.063407404850234
1.0,0.2,0.06,0.0,40,0.02,4,-10.743818234628504,-1.1253565019122225,9.658838314549673,1.3101164403437426,2.321923319316696,2.306222152613883,0.056970007860652,0.0565323914923394
1.0,0.2,0.06,0.0,40,0.02,5,-11.405267832862185,0.7723266325565794,12.391063178047942,-1.0049163240174743,2.3340916619606804,2.2961253106494537,0.0553619810908447,0.0498311229779808
1.0,0.2,0.06,0.0,40,0.02,6,-9.255460469765362,-0.5971255848245205,5.563695164226182,0.7317618500011371,2.3228781886022567,2.3145489936932355,0.0403827001615492,0.0521439810558656
1.0,0.2,0.06,0.0,40,0.02,7,-13.255597683834283,1.8638768935698595,9.007177873194733,0.6463893258703535,2.304690099858456,2.32289871518339,0.0563816692731178,0.0519660516244738
1.0,0.2,0.06,0.0,40,0.02,8,-10.47238316688075,0.6791616544336645,11.964132714806992,-1.6876902427564382,2.3272873011819635,2.3147161228087896,0.0488759534556608,0.0769098842753508
1.0,0.2,0.06,0.0,40,0.02,9,-11.309254165169886,0.1042785826632715,10.623857507929332,-0.9441597980215264,2.3202325221515028,2.327619829253021,0.0580892271599555,0.0550969856980118
1.0,0.2,0.06,0.0,40,0.02,10,-12.056342321612656,0.0266848714251464,10.570295429788892,-1.2835744837314236,2.3208276165948107,2.316127046271805,0.0613493099239617,0.0691386058308728
1.0,0.2,0.06,0.0,40,0.02,11,-11.756545615854524,1.0759214316309906,12.556927635118786,-1.6984328580843324,2.3323969137699585,2.316331500339941,0.0569716437777882,0.0532560003509575
1.0,0.2,0.06,0.0,40,0.02,12,-10.09530113101047,-0.3506406022933239,8.27739463664635,2.317172523345969,2.3346349124683528,2.310807897798639,0.0511136231660166,0.0766292733246808
1.0,0.2,0.06,0.0,40,0.02,13,-11.694638944561667,1.5979703576658515,6.702055785333492,0.2089994459853197,2.315057926331935,2.2955643566706154,0.0594279626157693,0.0763850131380613
1.0,0.2,0.06,0.0,40,0.02,14,-11.769520001617858,0.6464988780758363,10.22916687228776,-0.3731050164071461,2.321136572870166,2.3025095754513654,0.0531561922370192,0.0615920094560132
1.0,0.2,0.06,0.0,40,0.02,15,-10.029283426242404,-0.1229010708318056,11.854141283412178,-0.8895828101749388,2.3176749438054234,2.3155467939906447,0.0557568167862247,0.0507878646455753
1.0,0.2,0.06,0.0,40,0.02,16,-7.554549432482661,-1.3308356726974968,10.127130324712976,1.744109790518232,2.292470329214556,2.346427965385017,0.0684712944584778,0.0361503182179051
1.0,0.2,0.06,0.0,40,0.02,17,-11.018330141774308,-0.3090246416550779,8.754507591728526,-1.813565105518247,2.307687385669019,2.3190592126180363,0.0713009099720624,0.060800018566277
1.0,0.2,0.06,0.0,40,0.02,18,-9.2477085241917,-0.3072943725768793,9.247136579619376,-1.5485982462972103,2.337895858476081,2.3131121311269305,0.0432759429051757,0.0713813193894908
1.0,0.2,0.06,0.0,40,0.02,19,-9.725350563916956,1.810463929017148,15.538898762486324,-0.8541513675532472,2.2966176733532566,2.307034009044763,0.0454004160407079,0.0729662228329067
1.0,0.2,0.06,0.0,40,0.02,20,-12.923738155952655,0.1592992447332499,10.740569454777749,-0.97856821594009,2.3176573381882872,2.309376208377089,0.0536493210134109,0.0534033801085234
1.0,0.2,0.06,0.0,40,0.02,21,-14.139538739424989,0.5322798251273815,10.531437713708105,0.6091837101870734,2.322716827949,2.306348610864923,0.05694176426196,0.0734467929200277
1.0,0.2,0.06,0.0,40,0.02,22,-13.09439565790512,1.7944422624531675,8.890749653211618,1.067692929542948,2.328369843865396,2.306434111145068,0.0682340290174061,0.0699740172365544
1.0,0.2,0.06,0.0,40,0.02,23,-12.858760747045888,0.952804909488158,9.189835269475244,-0.5977652031991942,2.3081393963999006,2.292446331486045,0.0565968275505898,0.0802657507664487
1.0,0.2,0.06,0.0,40,0.02,24,-9.052887571873026,0.1106511504646388,7.308720764821081,1.2132919873759411,2.330325674979648,2.313275421776226,0.0595711014992451,0.0604166852556333
1.0,0.2,0.06,0.0,40,0.03,0,-9.4783096703915,0.4671276774955488,9.917275719785335,0.4860421020815408,2.3298610440325467,2.31523335023444,0.0649274181723476,0.0657526456065747
1.0,0.2,0.06,0.0,40,0.03,1,-11.779086168269057,0.1756005460781058,10.153400334584775,-0.5242951090368497,2.3204641530050094,2.29502770277276,0.0563292903660641,0.0750263049694249
1.0,0.2,0.06,0.0,40,0.03,2,-9.546051266366913,2.1833357090498726,10.733280931754756,0.5948088162296523,2.316394529767334,2.291835898360062,0.0692754040185585,0.0761937430494937
1.0,0.2,0.06,0.0,40,0.03,3,-11.60350874841785,1.2613930545577503,11.336078744717746,-0.1025486563782651,2.323748430625497,2.302174638492425,0.046040439695773,0.0567048048878131
1.0,0.2,0.06,0.0,40,0.03,4,-11.05445403644732,-0.434706692998879,9.57538505491899,0.8996613012389276,2.317774732113848,2.305919777955157,0.0614720040137818,0.0536915670388746
1.0,0.2,0.06,0.0,40,0.03,5,-10.870095652866311,0.8691029314003637,11.905246544549776,-1.2108325075970818,2.333975160621922,2.307712279644464,0.0571735237761569,0.0462425845684553
1.0,0.2,0.06,0.0,40,0.03,6,-10.180221596715578,-0.1996596998075266,7.3848709402528065,0.3717438569733793,2.318397249404496,2.3111247962754056,0.0430163715469601,0.051236180119318
1.0,0.2,0.06,0.0,40,0.03,7,-12.037502838810294,1.284899630324679,9.412031912482057,-0.2705092736429708,2.3067168003050917,2.314165804045241,0.0557996980706851,0.0520852847432006
1.0,0.2,0.06,0.0,40,0.03,8,-10.490378804208364,0.6718731231502488,11.2841165473585,-0.941433473600384,2.3280246238446654,2.315036442773469,0.0464609860799231,0.0778521360237034
1.0,0.2,0.06,0.0,40,0.03,9,-11.587991508279996,0.5928503153828337,10.282996199792713,-0.9026800853600788,2.317814302269673,2.329996724780933,0.0564067452906952,0.0543524021054222
1.0,0.2,0.06,0.0,40,0.03,10,-12.094560742827412,0.1704802157993836,10.268984861285466,-0.911096325036056,2.31883922260429,2.3169048599415305,0.0620886638375034,0.0656780142021588
1.0,0.2,0.06,0.0,40,0.03,11,-11.986610006355852,1.1696251236833912,10.967429474551295,-0.7004980880917335,2.314245683777994,2.310229077063664,0.0426722770767951,0.0471010172907544
1.0,0.2,0.06,0.0,40,0.03,12,-10.22525350932988,0.1123490594713618,8.931772870865498,1.2786067169814852,2.3404971982594382,2.311473192343135,0.043651151318937,0.0766809491941565
1.0,0.2,0.06,0.0,40,0.03,13,-11.411513855331634,1.382085298174606,8.365200714938013,-0.3188446887546201,2.3176876584436634,2.2991113789793496,0.0582422011803541,0.0699370483547163
1.0,0.2,0.06,0.0,40,0.03,14,-11.792377424545148,0.9083954380592798,10.106868798102,-0.2762823820897686,2.324381441865286,2.301987853884042,0.0515233818279742,0.0602766702496601
1.0,0.2,0.06,0.0,40,0.03,15,-10.669818025179634,0.0103742452518056,11.435436934741372,-0.7390183260026787,2.31755252521053,2.317642703343943,0.0576274409604381,0.0506022478785696
1.0,0.2,0.06,0.0,40,0.03,16,-8.919455275966929,-0.6055079383129018,9.969236449654066,1.2031937463073628,2.2957232424184104,2.3477297602106617,0.0706492816357396,0.0383579188088182
1.0,0.2,0.06,0.0,40,0.03,17,-10.699525610756524,0.0583704638853186,9.518979392833844,-1.2088298448939012,2.3105712517271986,2.31883726056414,0.067976147491967,0.0593828062551432
1.0,0.2,0.06,0.0,40,0.03,18,-9.821655588592655,0.0395757313290323,9.371843160394892,-1.054384143999942,2.3371484650080445,2.3115980188410368,0.0454317492480366,0.0686622455013292
1.0,0.2,0.06,0.0,40,0.03,19,-10.546769057045656,0.7549892814847605,13.355118661509778,-0.5058830458644257,2.3017422027251704,2.3125909266271654,0.0580296926660622,0.0741648755522768
1.0,0.2,0.06,0.0,40,0.03,20,-12.332824482183543,0.4505857857839181,10.906386807855702,-1.085135776923126,2.3159583712677345,2.298104708475817,0.0529249885427406,0.0623369676856098
1.0,0.2,0.06,0.0,40,0.03,21,-13.481179015213144,0.6876936724337186,10.479365875256985,0.0444423468328616,2.3191461942899387,2.3047725058984496,0.056935726087203,0.0729400500212357
1.0,0.2,0.06,0.0,40,0.03,22,-12.344894759223022,0.8086077650471457,9.27125111952352,0.7872202208425922,2.3429289478829194,2.304980073343579,0.0341940055016554,0.0702412002612748
1.0,0.2,0.06,0.0,40,0.03,23,-12.430871329843754,0.8045102729857136,9.758905693577477,-0.7168782553883313,2.306687519565058,2.2875019725299697,0.0567046494891656,0.078042525245385
1.0,0.2,0.06,0.0,40,0.03,24,-9.605186441275857,0.0675719802702847,8.067318516598608,0.5628615756148694,2.331592936835105,2.3042354677327777,0.0600003122825616,0.0602610426676694
1.0,0.2,0.06,0.0,40,0.04,0,-10.07919403219212,0.4100919626433634,9.9271664713752,0.0155274081319998,2.328635876963975,2.3152484814627634,0.0648008754532438,0.0653805406729058
1.0,0.2,0.06,0.0,40,0.04,1,-11.565960026659909,0.3615687541792984,10.202510658833637,-0.5974522626041641,2.318168699461551,2.295130217182185,0.0604872633306832,0.0726087277786831
1.0,0.2,0.06,0.0,40,0.04,2,-10.170541330886696,1.9076703055228248,10.666040571663505,0.4227476011115285,2.3142457904098106,2.294836095513919,0.078684857340839,0.0731093036637244
1.0,0.2,0.06,0.0,40,0.04,3,-11.836717874955903,1.1287637018165348,11.503830347079164,-0.2145013981195478,2.326778921541898,2.306758979199884,0.0492073959928824,0.0503638407351744
1.0,0.2,0.06,0.0,40,0.04,4,-10.83718652204708,-0.0939044769359789,9.872179133620378,0.6782385515735312,2.321286589380936,2.310760300099201,0.0579635024750737,0.0577815606549151
1.0,0.2,0.06,0.0,40,0.04,5,-10.810078621502964,0.8280733692893434,11.692264373396473,-1.305367548605978,2.3300602970002835,2.312039249497505,0.0538258950207449,0.0453973675148622
1.0,0.2,0.06,0.0,40,0.04,6,-10.815355577829926,0.0654737961367855,7.68889700352952,0.081324415441039,2.306296314855591,2.320413728003541,0.0534229817383847,0.0504679584449225
1.0,0.2,0.06,0.0,40,0.04,7,-11.89221851712843,1.2179394720198693,9.616417566927408,0.0680196047689367,2.307135289045809,2.3204076966561917,0.0575577773271659,0.049572485081045
1.0,0.2,0.06,0.0,40,0.04,8,-10.610041154479688,0.9933887649369386,10.829268729639011,-0.6881969695523087,2.3365393006016117,2.311758496876001,0.0447124341992612,0.0822102765757146
1.0,0.2,0.06,0.0,40,0.04,9,-11.254020329170393,0.1665287904573329,10.418713109938992,-0.5279869997128849,2.317990371671339,2.3263438813918054,0.0563829973071485,0.0525157694022311
1.0,0.2,0.06,0.0,40,0.04,10,-11.633166116282542,0.4068726465943291,10.084308642115952,-0.9432487631926147,2.3193838681827272,2.3152657409460247,0.0607035396705656,0.065905191798752
1.0,0.2,0.06,0.0,40,0.04,11,-11.19436714962291,0.8401410783213799,11.285998989972928,-0.8199013141765799,2.324255321007655,2.3049290976357764,0.0586564503570297,0.0472098126865648
1.0,0.2,0.06,0.0,40,0.04,12,-10.972531960871702,0.1191075834328614,9.144465374586376,0.8917835086247115,2.3352093945440604,2.3088777182595943,0.0523303417769072,0.0745540103185914
1.0,0.2,0.06,0.0,40,0.04,13,-11.351992193584342,0.8324137911656262,9.045284226435276,-0.2736939018280331,2.318844831250631,2.297345560943631,0.0564747354350241,0.0789597592352505
1.0,0.2,0.06,0.0,40,0.04,14,-11.931696050871604,0.9047698670466674,10.23114273098894,-0.40501985105754,2.327523279200051,2.3024304963519078,0.0574245633467291,0.0603392766413254
1.0,0.2,0.06,0.0,40,0.04,15,-10.89576611699464,0.0072192572932532,11.249983360557463,-0.9505068696624696,2.3170685882630506,2.314347591717919,0.0561957018811623,0.0525892764493656
1.0,0.2,0.06,0.0,40,0.04,16,-9.64054277732426,-0.168296851942816,10.78220575006499,0.6181541874924763,2.294200583979122,2.3497877466281087,0.0668150669774008,0.0386358085863269
1.0,0.2,0.06,0.0,40,0.04,17,-10.855923233732533,0.3551362592084073,9.710259760550237,-1.0120883217593837,2.3118890838618595,2.3183787260214554,0.0695959651654374,0.062234227784668
1.0,0.2,0.06,0.0,40,0.04,18,-9.895897449197362,0.137033976874076,9.840670448343188,-0.8233261671218218,2.3361625169575184,2.3146676984725736,0.0484051615886548,0.0659846621287389
1.0,0.2,0.06,0.0,40,0.04,19,-10.417489706233685,0.7963579990846341,12.665585130890632,-0.5530605792563322,2.2969729203939684,2.309962378577032,0.0583873928939808,0.0766456694260528
1.0,0.2,0.06,0.0,40,0.04,20,-11.881089975940757,0.7393817413446864,10.688051931091934,-1.1355166383958777,2.3137371077876434,2.3008684937772674,0.0564107957869059,0.0616804796721827
1.0,0.2,0.06,0.0,40,0.04,21,-13.255214034492054,0.851036874060851,10.26044544752558,0.0030994672161719,2.3203715691521563,2.302671292402105,0.0508804161999139,0.0708078866425815
1.0,0.2,0.06,0.0,40,0.04,22,-12.174534903369782,0.8881584493039139,9.63571721867612,0.1215147670398197,2.3390296364887404,2.3069444738558373,0.0321623484904862,0.0689559618806865
1.0,0.2,0.06,0.0,40,0.04,23,-12.06231164870688,0.7835693358093532,9.669741668999372,-0.7801937515327394,2.3064407380039125,2.2878507611755423,0.0582735450759376,0.0824164593565515
1.0,0.2,0.06,0.0,40,0.04,24,-9.978444896792851,0.2598151823436878,8.452655935080168,0.1728288477642359,2.328658497893284,2.301098900575228,0.0608968183455661,0.0630670667426619
0.5,0.1,0.06,0.0,40,0.01,0,-3.276568224123806,-1.464851221719937,3.4357397488867485,-2.6661794727074053,0.7301670529591079,0.7334210438374168,0.2128946079127064,0.188402202727285
0.5,0.1,0.06,0.0,40,0.01,1,-3.991854147093468,3.1684803488837585,3.105713359540824,3.2500073749065908,0.7324292214146666,0.739894856678613,0.2170240308327443,0.1729489661704878
0.5,0.1,0.06,0.0,40,0.01,2,-5.840106689871769,5.101948991022553,4.670201164545659,3.486125198278636,0.726987132945491,0.736834398306312,0.174326001589946,0.1838644983679468
0.5,0.1,0.06,0.0,40,0.01,3,-3.105040627566745,-0.3130319878017618,7.927366835670398,-0.4180235302173236,0.7311988928497465,0.734209737898462,0.1508795306663038,0.1734679576913959
0.5,0.1,0.06,0.0,40,0.01,4,-5.033652837695219,0.8413033385691044,6.599708757002669,-0.0641750548592408,0.7412206644558188,0.7327678204937478,0.1524321105663734,0.1936111329192471
0.5,0.1,0.06,0.0,40,0.01,5,-7.371791354333101,4.866199441275629,5.179798725097735,-1.48763540964068,0.7292998522353841,0.7307269379070079,0.1999582263831404,0.1912545695565609
0.5,0.1,0.06,0.0,40,0.01,6,-5.982064182024815,-0.1956650543591958,3.3032369407711237,2.30444294334985,0.7326906731196778,0.738643631803016,0.1983445633157491,0.1896113143518362
0.5,0.1,0.06,0.0,40,0.01,7,-5.269925060242674,1.5227946614561183,5.042833617646338,-1.8470326868506768,0.739180882507786,0.7381049235959516,0.1697710033111846,0.1567026760056151
0.5,0.1,0.06,0.0,40,0.01,8,-9.337326549432902,1.981956543100538,1.65669873502904,-1.058678608157276,0.7267027721653955,0.7314548556259891,0.1796963965757381,0.1711672095741941
0.5,0.1,0.06,0.0,40,0.01,9,-4.349271275354285,2.84449326013943,6.621955393522928,1.1648771523871084,0.7335372009401605,0.7351051297970709,0.1570423659213287,0.185848439557794
0.5,0.1,0.06,0.0,40,0.01,10,-5.693736500695976,1.913879521128272,6.538545089629632,-3.3773384376820914,0.7354695851151876,0.7393518232300281,0.1634786821183551,0.1727210208523986
0.5,0.1,0.06,0.0,40,0.01,11,-5.083130469799324,0.4721832386353628,6.918328846230265,-3.4074029746280723,0.7377896437623964,0.7379224464888116,0.207520772259216,0.1681904898970109
0.5,0.1,0.06,0.0,40,0.01,12,-5.382189609058451,-3.3639797863053413,5.085948470107117,-1.886406088536765,0.7328335577756283,0.7276102018261149,0.1625538173166814,0.205214041700528
0.5,0.1,0.06,0.0,40,0.01,13,-1.9778682805871428,3.730476922563911,5.115338272229608,2.284989892547538,0.7231096532571809,0.7374393468584118,0.1871342558294316,0.1796603913893373
0.5,0.1,0.06,0.0,40,0.01,14,-4.874339313739631,2.236895853426042,5.095894662912628,-0.805309561715563,0.7325106214582786,0.7263686203521933,0.1858588373319087,0.2026235329433111
0.5,0.1,0.06,0.0,40,0.01,15,-5.302907383493051,3.439909347664223,5.498759578227712,-3.076591705980352,0.7348057509320487,0.7411134300209589,0.1946280603815866,0.1924523741257951
0.5,0.1,0.06,0.0,40,0.01,16,-4.839683502517313,0.8086014973697557,5.741287211363726,-0.3236227301512691,0.7326401294079593,0.7325563282692744,0.1845614183149393,0.2028011612213379
0.5,0.1,0.06,0.0,40,0.01,17,-4.943962563066593,1.8944267793937664,5.936818615216444,-2.4122123195616063,0.7336518990150852,0.7313317668358955,0.2006256056459969,0.2093166853029401
0.5,0.1,0.06,0.0,40,0.01,18,-2.783317511888436,0.7568764018288363,6.677343482044817,0.4539511135294538,0.7271092154686194,0.74168991581196,0.1903960162903229,0.1879216449756261
0.5,0.1,0.06,0.0,40,0.01,19,-8.97885021011757,4.379590823135994,5.482140472474096,1.3181082336817806,0.7405419370586668,0.7438340531587978,0.1826365299671362,0.1681668238577147
0.5,0.1,0.06,0.0,40,0.01,20,-4.584869623474953,0.9035754125288282,3.948987844594766,-2.1060349365138205,0.7271731359564324,0.7310186466468439,0.2004413578802137,0.1980730368913675
0.5,0.1,0.06,0.0,40,0.01,21,-2.561829749763258,-0.1561157096991969,3.58104686812624,-0.1502138313980396,0.7312821686536741,0.7276668500756122,0.1864014215584272,0.2275872752525371
0.5,0.1,0.06,0.0,40,0.01,22,-3.73592087979361,-1.7267375241539875,3.237589107375412,-1.824230521566526,0.7296721122751053,0.729321774318594,0.1889797430091923,0.1908536407587141
0.5,0.1,0.06,0.0,40,0.01,23,-6.778581220406762,4.460007623553802,6.416202413775405,-2.6989050016785168,0.739395649629474,0.7422563710636942,0.1597055635658306,0.1754982880011244
0.5,0.1,0.06,0.0,40,0.01,24,-4.185474163213467,-1.514397776378213,1.9065133005955743,2.18134557300244,0.7325416904889621,0.7361401925679335,0.1983079160270446,0.1844762656583398
0.5,0.1,0.06,0.0,40,0.02,0,-4.064620723995732,-0.5255593658638209,4.438704718238919,-2.057530020927527,0.7307870740550011,0.7333772268346588,0.2122938900637232,0.192326284830072
0.5,0.1,0.06,0.0,40,0.02,1,-4.399995508965098,1.7511804349811158,3.81639303688218,1.3701213597025617,0.7331473272208652,0.7397261468858736,0.2081673164780005,0.1686008439660808
0.5,0.1,0.06,0.0,40,0.02,2,-5.393522099102468,2.827832030947265,4.549448361741276,1.2767688751866948,0.7260526410948485,0.7364387242350094,0.1744785742575602,0.1886664544580046
0.5,0.1,0.06,0.0,40,0.02,3,-3.955080468590919,0.3235387975503383,6.153860002817861,-1.174470974399986,0.7311332492982889,0.7352127406995013,0.1483120083274397,0.1755191544067738
0.5,0.1,0.06,0.0,40,0.02,4,-4.945222797037324,0.8409269858124828,5.560839210073484,-0.3626022557800135,0.7405834348220015,0.7317922349763268,0.1499323212388528,0.1929504953488679
0.5,0.1,0.06,0.0,40,0.02,5,-5.388285856636324,2.5363580459409163,4.904804705111888,-1.1599009437881518,0.7307844998193878,0.7314711651245417,0.1979908299179277,0.1867666947937897
0.5,0.1,0.06,0.0,40,0.02,6,-5.177404203026595,0.184814906159441,3.849970133422558,0.5200465148138727,0.7328813004653739,0.73945005215834,0.1992188655301857,0.1907798026793323
0.5,0.1,0.06,0.0,40,0.02,7,-4.940291509733972,1.3842467135488168,4.5450093661192605,-1.0177445905225522,0.7399396674977365,0.7377773403028249,0.1734301055551985,0.1595462495807453
0.5,0.1,0.06,0.0,40,0.02,8,-7.17766228756423,1.3649535681346536,3.197624925174856,-0.651210087491682,0.725776674265885,0.7314563605464772,0.1843334687225832,0.1717839423016403
0.5,0.1,0.06,0.0,40,0.02,9,-4.47127214519638,1.9504372828144207,5.644704945268819,0.3168600523535465,0.7330290806513283,0.7369000515149131,0.1554818690627145,0.187295190513898
0.5,0.1,0.06,0.0,40,0.02,10,-5.3708408866612025,1.162558004809203,5.635352923133309,-1.8959989221951583,0.7338982200840399,0.7390077613281069,0.1601952702295296,0.1741467015674951
0.5,0.1,0.06,0.0,40,0.02,11,-4.486646621904484,0.2674254950941144,5.70147670926584,-2.055726061518775,0.7382498836995427,0.7402842853516801,0.1972819286424474,0.1669975021683025
0.5,0.1,0.06,0.0,40,0.02,12,-4.853616975791239,-0.6237222624915817,4.747965096554649,-1.3686359167976152,0.7341513673419786,0.7269226703252781,0.1642844804803676,0.2025932379579431
0.5,0.1,0.06,0.0,40,0.02,13,-3.246919273533954,2.251017670251831,4.935940455948018,0.5920167764245732,0.7246484420955562,0.7387049273099007,0.1841635862063132,0.1797076129542692
0.5,0.1,0.06,0.0,40,0.02,14,-4.777403934758249,1.6335615727452142,5.195154190173676,-0.99422621216741,0.7328024280939752,0.7226876420317657,0.1873202761998254,0.2019043542208187
0.5,0.1,0.06,0.0,40,0.02,15,-5.251778584135689,1.9494003707055092,5.019081051378777,-2.116315241086512,0.7358171660454017,0.7411854719686777,0.1897906843164518,0.1902606705611342
0.5,0.1,0.06,0.0,40,0.02,16,-4.112118475761156,0.8710146508067742,4.646503795451521,-0.0036114407503875,0.7324236071886321,0.7349297408603981,0.1879558956162468,0.1891066837978633
0.5,0.1,0.06,0.0,40,0.02,17,-4.869390280194956,1.0390666178124794,5.291705849181148,-1.6433471282689989,0.7345599532019094,0.7318722829541527,0.1949879298616115,0.2100078639186816
0.5,0.1,0.06,0.0,40,0.02,18,-3.7717069299409847,0.7061296979135936,5.430976071568482,0.222007636491015,0.7282822334281972,0.7432077493803917,0.1942496818291946,0.1783323377594494
0.5,0.1,0.06,0.0,40,0.02,19,-7.010397077150594,2.863305665465396,4.837348195900864,0.0320542997350221,0.740703130695989,0.7442174074328314,0.1744771086235121,0.1697963939286678
0.5,0.1,0.06,0.0,40,0.02,20,-4.803800192472463,0.9803959621224048,4.619941679624967,-1.2832125923806752,0.7269774922169793,0.7316003216759455,0.1955995251671527,0.1946965452120206
0.5,0.1,0.06,0.0,40,0.02,21,-3.534260806994136,-0.2103110134778467,3.587145856609297,-0.4938701867188855,0.7322385331039916,0.7252773773840353,0.186340653192305,0.2214637871145443
0.5,0.1,0.06,0.0,40,0.02,22,-5.274840105924696,-0.4619036259222886,3.843205602403029,-1.5449993730511085,0.7305000766128344,0.7290474696941749,0.1840066067157922,0.1870582574379841
0.5,0.1,0.06,0.0,40,0.02,23,-6.178636909997548,2.553305990941176,5.36262404936573,-1.346816806819141,0.7408364732617594,0.7411479635312744,0.1609923029503183,0.1779638356304631
0.5,0.1,0.06,0.0,40,0.02,24,-4.470711170263241,-0.2152453623309624,3.3304444931737995,0.3582162595770555,0.731584676027985,0.7336113055626265,0.1959970610672283,0.187080612300286
0.5,0.1,0.06,0.0,40,0.03,0,-4.204508453199264,-0.103815420797054,4.512078712155902,-1.523340204926776,0.7295197839432919,0.7328186004709628,0.2105415425882459,0.1887090712571503
0.5,0.1,0.06,0.0,40,0.03,1,-4.402980842928205,1.3404487143284105,4.081829814829858,0.722538884796565,0.7293945002934261,0.7400009357088799,0.2090007370133442,0.170789238171056
0.5,0.1,0.06,0.0,40,0.03,2,-5.226776356442838,2.091382646534279,4.702811796493452,0.5230000921694784,0.7265857726144221,0.7370005381463369,0.1773908816589793,0.1868815291233322
0.5,0.1,0.06,0.0,40,0.03,3,-4.292141471230304,0.4900194998352347,5.653419961632291,-0.8759932730813269,0.7316666656901065,0.7339572283040702,0.1512709157415251,0.1774591945694041
0.5,0.1,0.06,0.0,40,0.03,4,-4.6392184273425805,0.7490766032101914,5.18885789222696,-0.2057932148628163,0.739000815919542,0.7317786484659928,0.152262959266168,0.1937564981792654
0.5,0.1,0.06,0.0,40,0.03,5,-5.580824911435901,1.984296353915708,4.935300197169907,-0.9742730718341348,0.7306677229542086,0.731647299717496,0.1987001547739491,0.1812130865889896
0.5,0.1,0.06,0.0,40,0.03,6,-4.974235792663719,0.2199316499123229,4.231903134421968,-0.0794256624628131,0.7363258942943235,0.738828923294648,0.1916924421708732,0.1927092476124478
0.5,0.1,0.06,0.0,40,0.03,7,-4.7621249651586925,1.0565549655939666,4.643242685316096,-0.7201034997960516,0.7396011932939648,0.7388451591993702,0.1771955431958937,0.1557663540954208
0.5,0.1,0.06,0.0,40,0.03,8,-6.442466943061603,1.1725057516633774,3.9546833939616217,-0.4090684121903614,0.7262693436332812,0.7307902737462527,0.1820084471779923,0.1806831782822479
0.5,0.1,0.06,0.0,40,0.03,9,-4.44311591576348,1.416270086806588,5.146907248880416,-0.3850513040407533,0.733298164226086,0.7380799507614916,0.1503636463163307,0.1824097664758635
0.5,0.1,0.06,0.0,40,0.03,10,-5.093607882266406,1.0893853556837536,5.295646735686083,-1.4697415206657198,0.7331012285142557,0.7390210062922247,0.1601079097728518,0.1685768075200411
0.5,0.1,0.06,0.0,40,0.03,11,-4.465838944595519,0.2421480979549151,5.021583200021656,-1.3727855365365824,0.7377767683813156,0.7407283337383967,0.1945592862050205,0.171053074768739
0.5,0.1,0.06,0.0,40,0.03,12,-4.894616852425963,-0.6411230900938354,4.594929677939616,-1.0254324451754535,0.7330786895681823,0.7253046423554231,0.1594873031495265,0.203084420300125
0.5,0.1,0.06,0.0,40,0.03,13,-3.878102251916817,1.7366003558627296,4.793686037888688,-0.3884191975744633,0.7229906698416788,0.736150273387069,0.1825132691719341,0.1884501951675687
0.5,0.1,0.06,0.0,40,0.03,14,-4.772284655572558,1.4317507636613809,4.642158629422858,-0.3854554508141334,0.7330069404617452,0.7263502188565087,0.1890489671002941,0.196533103127831
0.5,0.1,0.06,0.0,40,0.03,15,-4.934987193914373,1.402030749349742,4.7662655344177605,-1.676844130769538,0.7365934886738047,0.7405538254480247,0.1915297601336666,0.1941443944522349
0.5,0.1,0.06,0.0,40,0.03,16,-4.296852356207003,0.7401604201203613,4.354241345424405,0.5370870714001201,0.7331251081081379,0.7355441362187652,0.1850759196909894,0.1908727065146204
0.5,0.1,0.06,0.0,40,0.03,17,-4.866166891165486,1.0903804453264718,5.019287744529686,-1.106328286217503,0.7346665871562406,0.7312427166446723,0.1923284471394638,0.2089046250595342
0.5,0.1,0.06,0.0,40,0.03,18,-4.17277788548889,0.8213515533929503,5.113132140102785,-0.0564512190981592,0.7290320625923582,0.7441523310392905,0.1889672646025717,0.1734962842104413
0.5,0.1,0.06,0.0,40,0.03,19,-6.372871714844778,2.119792278404638,4.745825459760043,-0.3493665643023309,0.7413879551638993,0.7451524525994165,0.178238559079401,0.1711826384659041
0.5,0.1,0.06,0.0,40,0.03,20,-4.796192389918877,1.0440559664478457,4.5915287932866455,-1.446335227688564,0.7264147634291693,0.7315557929692744,0.1947059673601724,0.1980497609801922
0.5,0.1,0.06,0.0,40,0.03,21,-3.833332255864033,0.3284028121313218,3.793645938082093,-0.5767533530290325,0.7300182398728088,0.7250435028241032,0.1948540515234533,0.2234031441776792
0.5,0.1,0.06,0.0,40,0.03,22,-4.807725046806929,-0.0018518932162634,4.537165472112584,-1.3545245796499958,0.7290529444364371,0.7294675817591489,0.183334492141328,0.1888390377502807
0.5,0.1,0.06,0.0,40,0.03,23,-5.520406852741643,1.7947905555817822,4.95263803839553,-1.034374065809644,0.7381841462476925,0.7405114784185921,0.160540125145071,0.1838746198412776
0.5,0.1,0.06,0.0,40,0.03,24,-4.85950294716519,0.4840080134844964,4.033539413765228,-0.8312074867668271,0.7311257151470889,0.7347438847867627,0.1975571960462944,0.1842421978203915
0.5,0.1,0.06,0.0,40,0.04,0,-4.309540547851537,0.2617377562171943,4.555896661684851,-1.4031911272272224,0.7289868602826005,0.7332626467494496,0.2020561026417438,0.1907408564073343
0.5,0.1,0.06,0.0,40,0.04,1,-4.573128243946192,1.2575305293524006,4.176021310828055,0.4447716132469512,0.7285242048509324,0.7388875601265714,0.2106975846366717,0.1760216757937594
0.5,0.1,0.06,0.0,40,0.04,2,-5.094806029417228,1.7797815404950343,4.7617566270709375,0.1303236068610074,0.7269414803247878,0.7366283262095124,0.1732362401856509,0.1888523394077881
0.5,0.1,0.06,0.0,40,0.04,3,-4.4111144066327626,0.7228017274563636,5.3524375292764965,-0.7953441112403012,0.7312297283078035,0.7330855482906802,0.1578557372187095,0.1791452840630358
0.5,0.1,0.06,0.0,40,0.04,4,-4.725606455228581,0.9199659744436584,5.020611165771306,-0.3022977822275972,0.7387123447885533,0.7323281641491086,0.1521648043697276,0.1928896855356738
0.5,0.1,0.06,0.0,40,0.04,5,-5.493337603947333,1.6529660103533896,4.823602306691585,-1.0324448741390646,0.7285696113885917,0.7304254515966628,0.1967357318773105,0.1785668106857569
0.5,0.1,0.06,0.0,40,0.04,6,-4.777493480704651,0.3037861924008171,4.4612796334694265,-0.235427744437676,0.7369187065277696,0.7401255988068685,0.1921326548068487,0.1898956381638341
0.5,0.1,0.06,0.0,40,0.04,7,-4.920606565958007,0.954279889025,4.706282058158857,-0.7169886332840978,0.7399218138848236,0.7388244987589215,0.1747430659650832,0.1532495640745746
0.5,0.1,0.06,0.0,40,0.04,8,-5.897387856870871,1.2427017219389114,4.1051436107674855,-0.537221556633378,0.7274442421666105,0.7314571349279225,0.1814156219004317,0.180706723230559
0.5,0.1,0.06,0.0,40,0.04,9,-4.603926523623045,1.3559406971851875,5.210056937853442,-0.057324660825706,0.7335651292197788,0.736777001192241,0.14708256273697,0.1814676933072272
0.5,0.1,0.06,0.0,40,0.04,10,-5.076226860596378,1.2001600626583842,4.982673809103487,-1.2832770748928104,0.7329866124823097,0.7399263044459178,0.1605241760846534,0.161578413177638
0.5,0.1,0.06,0.0,40,0.04,11,-4.597002462549666,0.4360180223671595,4.994274648474006,-0.9678618298454402,0.7366388243314215,0.7375795756240839,0.195508899947242,0.1839003384948621
0.5,0.1,0.06,0.0,40,0.04,12,-4.755399600674014,0.17513757005075,4.803286590953935,-0.5362681876113657,0.7343135354740636,0.7209839695715791,0.1591736515093568,0.203063791002257
0.5,0.1,0.06,0.0,40,0.04,13,-4.185355063647875,1.65770098442806,4.664402341121722,-0.8068378062959864,0.7237524022329538,0.7345067344221133,0.1872872082708299,0.1976922721643105
0.5,0.1,0.06,0.0,40,0.04,14,-4.6032315961462,0.9553722135186482,4.704112905131685,-0.5364608053253419,0.7320829572095998,0.7262282852405155,0.1780887728520188,0.1955515572096598
0.5,0.1,0.06,0.0,40,0.04,15,-4.779423384415035,1.2366941853938345,4.801976052382911,-1.4340204071209208,0.7368147368682569,0.7403433404526389,0.1912470590496088,0.1930093922084875
0.5,0.1,0.06,0.0,40,0.04,16,-4.509765563313516,0.9589477678651496,4.283059898095583,0.0415537401641414,0.7325789525537117,0.7367643447862775,0.1856151448140682,0.1893809209931322
0.5,0.1,0.06,0.0,40,0.04,17,-4.848296232510473,1.1289710326957825,4.89734949356647,-0.9081345763276591,0.7340659142910898,0.7309951491466526,0.1952720259262969,0.209022167663077
0.5,0.1,0.06,0.0,40,0.04,18,-4.324823568310581,0.7926422615273829,4.943291497899343,-0.2126355137934314,0.7283264836015839,0.7430047653418094,0.1902197807283348,0.1738668755284692
0.5,0.1,0.06,0.0,40,0.04,19,-5.847254909578194,1.9135272271259944,4.671261804165495,-0.3799160021933887,0.7410379545495251,0.7480164000149667,0.1794228026520498,0.1667318824064079
0.5,0.1,0.06,0.0,40,0.04,20,-4.756907652990914,0.993273712654043,4.532341123114727,-1.1965334966237076,0.7271661048260077,0.7307802793324099,0.1949321188958795,0.2034450963407179
0.5,0.1,0.06,0.0,40,0.04,21,-4.366801980649253,0.1848319861621146,4.028485615653452,-0.5789593498751886,0.7328084072900962,0.7251155191978488,0.1889645634071942,0.2164400613174687
0.5,0.1,0.06,0.0,40,0.04,22,-4.854826884433199,0.1749576731939139,4.346185093972629,-1.0589391458085158,0.7289223049020387,0.7312325927458052,0.1860095197985096,0.1835069383409253
0.5,0.1,0.06,0.0,40,0.04,23,-5.20517678133969,1.4194112001969623,4.679632010088378,-1.2161222978509685,0.7378148436339275,0.7409879345121868,0.1620953996051755,0.1812850888775923
0.5,0.1,0.06,0.0,40,0.04,24,-4.764980382299385,0.6085554449775998,4.300855297478356,-0.8065495598184562,0.731163286668405,0.7350443740241055,0.1978844444651285,0.1804775179303526
2.0,0.4,0.06,0.0,40,0.01,0,-40.52179501850826,3.2669418819320715,11.791884438918458,-1.282980567846057,6.889977435712835,6.934617041568092,0.0240685381817138,0.0160784622819167
2.0,0.4,0.06,0.0,40,0.01,1,-23.35593041527138,5.0944526795507,25.659106205296165,-4.084842721266855,6.928289908103076,6.898076133260163,0.0157632238574827,0.0185487693872825
2.0,0.4,0.06,0.0,40,0.01,2,-34.860839013919154,-2.458827977720074,18.306929348829733,-3.27816752326949,6.923079365719455,6.910424018882659,0.0149816584891825,0.0172883643719049
2.0,0.4,0.06,0.0,40,0.01,3,-30.264413129614304,3.124059618252123,22.90859442485672,-3.3071843103432244,6.900117325807017,6.915249344004319,0.0111459846140934,0.0206483512952824
2.0,0.4,0.06,0.0,40,0.01,4,-38.63340183082515,0.4769604346014381,36.62492380807456,-2.2452378127563626,6.93997204831452,6.910103039029994,0.018881042939696,0.0191980363004795
2.0,0.4,0.06,0.0,40,0.01,5,-28.95646176074944,-2.9941715581638686,18.646051847284724,0.0276462813291611,6.901867438046103,6.920060258784448,0.0248935846943538,0.0290132813963797
2.0,0.4,0.06,0.0,40,0.01,6,-29.08073182064488,1.8777348815815464,14.379651156777582,-3.202085165480387,6.8651350567613,6.9324350807708495,0.0207833119653176,0.0232191970149161
2.0,0.4,0.06,0.0,40,0.01,7,-29.07828169029994,0.4866479617298158,12.131695075812088,-1.132676569268409,6.922896874543897,6.860265027389125,0.0344087887989106,0.0219951325913318
2.0,0.4,0.06,0.0,40,0.01,8,-30.582856156062327,-1.000681750711699,17.795223884081132,0.329455196776468,6.872044949859596,6.898170339248058,0.0155285015280668,0.0126229779999978
2.0,0.4,0.06,0.0,40,0.01,9,-22.195180193224655,3.1187199223017097,10.607192176787224,0.185409253262143,6.931135412360817,6.849584345614196,0.0225917493335734,0.0306471029966486
2.0,0.4,0.06,0.0,40,0.01,10,-35.68674720436617,3.241684837368142,14.11033305356272,-0.923466009819873,6.913913769525811,6.93250958384746,0.0215867695985941,0.006240021106967
2.0,0.4,0.06,0.0,40,0.01,11,-38.83097881769704,0.0222300784147919,5.463419973497281,3.9616090981130414,6.920082892544527,6.943960742292004,0.0287352216774924,0.0177198692409203
2.0,0.4,0.06,0.0,40,0.01,12,-27.477740521977253,0.9737203065060254,8.973350417943632,-1.3158184521707033,6.96867494284592,6.933084484317112,0.0077697414873042,0.0228822566526231
2.0,0.4,0.06,0.0,40,0.01,13,-26.13683300245003,1.4237341737047138,12.397569674582742,1.2109199570430211,6.92010535423871,6.948435097668702,0.0325650226344871,0.0166908159206736
2.0,0.4,0.06,0.0,40,0.01,14,-27.09956108485874,-4.789599721395348,10.623461578693854,-1.489184670300444,6.907989415298441,6.903921675704444,0.0276841803526804,0.015840503631964
2.0,0.4,0.06,0.0,40,0.01,15,-24.8157193606797,2.928509531287663,22.430319201633427,1.0070400407826192,6.886798179546028,6.909170185609147,-0.0001994067927447,0.0163230932197942
2.0,0.4,0.06,0.0,40,0.01,16,-18.13253478990781,0.1291123224995094,16.91546210092347,5.765426977104287,6.90393978431977,6.8485409902915535,0.0117457573696997,0.0265164982504437
2.0,0.4,0.06,0.0,40,0.01,17,-25.78118519127484,2.449730300834074,20.336959522188277,2.1440779992987613,6.862554190093637,6.93523692907506,0.0235423868233332,0.0193618792781249
2.0,0.4,0.06,0.0,40,0.01,18,-24.88193668410508,2.258853928682873,20.952411577866062,2.1513251546145518,6.8966724771362085,6.945819844595506,0.0293090670146726,0.0221217922180673
2.0,0.4,0.06,0.0,40,0.01,19,-32.23912395931238,4.554951041656733,26.77094898818884,3.602977052934886,6.839843072058222,6.967788541826327,0.0249926222894283,0.0213700197918603
2.0,0.4,0.06,0.0,40,0.01,20,-36.54051155382707,3.17206171292722,25.656910122027256,-2.291611168844844,6.933224455147268,6.8834191994240905,0.0145342153882665,0.0215327549992334
2.0,0.4,0.06,0.0,40,0.01,21,-18.611339682961297,0.2449852525824467,22.74879557202545,-5.63359165535777,6.943081524231178,6.874908047722219,-0.0009347738837203,0.0297546976743375
2.0,0.4,0.06,0.0,40,0.01,22,-23.93389217981479,4.3275867582185255,27.37114523514381,-2.044436012656716,6.899828109505159,6.879222308176448,0.0183397048403628,0.0159439296471398
2.0,0.4,0.06,0.0,40,0.01,23,-25.97651811473328,-4.997903156619203,8.380560196352693,-1.9496932314674835,6.930940895835004,6.91506059581413,0.0161536140084403,0.0260313671042797
2.0,0.4,0.06,0.0,40,0.01,24,-40.62439409278538,0.4421103897067475,-8.541185767654849,-0.7197305261132922,6.910984080538976,6.941786533988979,0.026163347186578,0.0201813517852205
2.0,0.4,0.06,0.0,40,0.02,0,-32.25618578468844,1.7271273906546425,15.458262974582556,-0.9487012206292018,6.887194973377964,6.9313091100237685,0.0243465299416992,0.0133473209326743
2.0,0.4,0.06,0.0,40,0.02,1,-26.82474925363443,2.520601352427308,23.16993098616872,-2.460976567891101,6.929795020812569,6.893562674698846,0.0105511474568886,0.0193971610469684
2.0,0.4,0.06,0.0,40,0.02,2,-30.67878312821096,-0.73123437769042,17.99219350454412,-1.3166435953334257,6.919488182172169,6.904436187542923,0.0279502619274944,0.0203394997098346
2.0,0.4,0.06,0.0,40,0.02,3,-29.453873802422912,1.587658484622241,20.933520143359097,-1.432381454996615,6.897708173525559,6.911197223225258,0.0127545063697768,0.019447621023356
2.0,0.4,0.06,0.0,40,0.02,4,-31.99952885992049,0.1521404391497387,29.297389036377467,-0.8845641898617389,6.941832662032546,6.911189772165074,0.0222596002961924,0.0142011146455747
2.0,0.4,0.06,0.0,40,0.02,5,-28.04747137606294,-1.5587204807616704,19.15464695649179,-0.2391567132019971,6.904735473452311,6.923517967195777,0.0189308964539227,0.0286691030857271
2.0,0.4,0.06,0.0,40,0.02,6,-27.76988758318868,0.224479861546297,16.746848647683052,-1.548600444707652,6.873957161474647,6.929807076803838,0.0174625221796619,0.0221126420631339
2.0,0.4,0.06,0.0,40,0.02,7,-28.544816613327058,0.6996397071907047,16.014661109671927,-0.6817925465028267,6.925082840261892,6.87103844278311,0.0367100478747286,0.0221762355455835
2.0,0.4,0.06,0.0,40,0.02,8,-28.78164210484448,-0.1928500418292755,19.962853204928415,0.4043721826581168,6.87668380127348,6.893031397642276,0.0148706437768468,0.0114045476565229
2.0,0.4,0.06,0.0,40,0.02,9,-24.03663734721683,1.534478187998077,16.847360615150375,-0.5538558749164129,6.934873926002063,6.876278361145611,0.0221790197583107,0.0313270710357185
2.0,0.4,0.06,0.0,40,0.02,10,-30.489834373764417,1.8856947807423492,15.281744211380804,0.2395303675789772,6.918810953382793,6.947135852903744,0.0216165708053818,0.0068062155748964
2.0,0.4,0.06,0.0,40,0.02,11,-31.540319462567417,2.644938309527217,12.238169263796898,1.769197945990004,6.899845829816062,6.952111884479354,0.0279197801043959,0.0149831560302738
2.0,0.4,0.06,0.0,40,0.02,12,-29.111626712983217,0.9992681389966588,13.535814561886667,-0.634304254903088,6.9580518638834565,6.919856243054212,0.0092254427212367,0.0230470915293217
2.0,0.4,0.06,0.0,40,0.02,13,-26.440390781130983,0.7063334905364275,15.9643560026587,0.4532822587522369,6.918799383543518,6.954699841035936,0.0315591093482363,0.0173373416379405
2.0,0.4,0.06,0.0,40,0.02,14,-27.23365941557616,-2.3598692782525177,13.640176895600309,-0.8394843540180934,6.904378093040508,6.893113659403667,0.0274866162034521,0.0187317913111392
2.0,0.4,0.06,0.0,40,0.02,15,-26.57540541296993,1.6279235480593073,20.242447994193483,0.0503452787847394,6.888689571285568,6.901374704405592,0.002716838090373,0.0176618210770495
2.0,0.4,0.06,0.0,40,0.02,16,-19.72733930722199,0.1677571249662817,17.293209471584944,1.9230714458019933,6.898003769055473,6.852739056675621,0.0113531581016651,0.0227007053783558
2.0,0.4,0.06,0.0,40,0.02,17,-26.268995800394507,1.2869338520045288,19.80546235978443,0.7676863222009771,6.861834921837287,6.930862994755932,0.0218815620347917,0.0206458888925617
2.0,0.4,0.06,0.0,40,0.02,18,-26.886750378832723,1.5863498137839975,20.04044160821014,0.8022795556659665,6.895996459941369,6.945195154096056,0.0249816922741516,0.0227591980574645
2.0,0.4,0.06,0.0,40,0.02,19,-29.627066557658218,1.901752967238482,20.850329313556905,3.116820123577102,6.840192788238644,6.968886761926186,0.0231611557166162,0.0176413950496487
2.0,0.4,0.06,0.0,40,0.02,20,-32.09791357957185,1.8944515379781957,21.597439906435813,-0.9147413499638106,6.933076513377964,6.890255753844861,0.0149991994437279,0.0200819402211114
2.0,0.4,0.06,0.0,40,0.02,21,-22.958599143307204,0.3758931683027213,21.055855876613204,-1.4533538302473703,6.942557820035145,6.904339584585249,-0.0014495197048041,0.0224681726892825
2.0,0.4,0.06,0.0,40,0.02,22,-24.71967122982145,2.0655073979035268,24.270942223055428,-0.509185667083649,6.891841225479412,6.88105530840414,0.0216276524717537,0.015824448163193
2.0,0.4,0.06,0.0,40,0.02,23,-27.38761565114664,-2.3669451911229844,13.07252597283978,-0.7648013239331981,6.9356705027646335,6.92276499139938,0.0201734998121451,0.0256257428005548
2.0,0.4,0.06,0.0,40,0.02,24,-30.958661324241103,0.1136032246961447,12.184638541657597,-1.240785365883844,6.891179045053613,6.920862271253532,0.026762287765784,0.0187523672526324
2.0,0.4,0.06,0.0,40,0.03,0,-30.769579417201683,1.3649220823921335,17.206761699129046,-0.6060861786803161,6.890172868990313,6.9306942783023135,0.0240150779072028,0.0142630848346243
2.0,0.4,0.06,0.0,40,0.03,1,-25.307481960982024,2.3833380852202986,22.087958285264065,-0.997385604294336,6.935721088147633,6.893404129155944,0.0111521374379958,0.0180813025865622
2.0,0.4,0.06,0.0,40,0.03,2,-29.67228833435513,-0.247495878151791,18.473807420548503,-0.8562728531902443,6.923880886974265,6.911768834481631,0.0217468553364743,0.0150133084048779
2.0,0.4,0.06,0.0,40,0.03,3,-27.86588517377256,1.38265705945964,19.474070347803146,-0.9837238331391692,6.897884961869291,6.908532453786031,0.0122871815454386,0.019376551881082
2.0,0.4,0.06,0.0,40,0.03,4,-30.62061448719978,0.5085304286831767,25.17223889256478,-0.4904847384231732,6.939606531691954,6.912382667223845,0.0219451368314856,0.0170250225882304
2.0,0.4,0.06,0.0,40,0.03,5,-27.31861741471014,-0.954861912710968,18.86554635319124,-1.5531087560393346,6.901961008288412,6.908694315388559,0.0210718838674664,0.0248102536817121
2.0,0.4,0.06,0.0,40,0.03,6,-27.689283009032238,0.5152242546525637,17.494126561440012,-0.8222440545746675,6.87863964764922,6.930620919269052,0.0165628880295851,0.0225876294263567
2.0,0.4,0.06,0.0,40,0.03,7,-28.02995733510431,0.5125089136112762,17.229998241099278,-0.583265059027008,6.914612071796678,6.86436056421984,0.0388705330173198,0.0211255645218688
2.0,0.4,0.06,0.0,40,0.03,8,-26.99143543384549,0.2136115850126412,19.65688152096903,0.3505165873372273,6.876414150223614,6.894899419760492,0.0154330341824686,0.0102419485860801
2.0,0.4,0.06,0.0,40,0.03,9,-24.34303131938913,1.119028055861662,17.315491314276212,-0.3640686393638733,6.932041152735333,6.88484792205812,0.0226895601163679,0.0299534881739837
2.0,0.4,0.06,0.0,40,0.03,10,-28.654345584771505,1.393519793023591,16.37908415173975,-0.0704597374042379,6.912905610908198,6.944084925054035,0.0220682442028284,0.0049167139359463
2.0,0.4,0.06,0.0,40,0.03,11,-30.93745755153344,0.6904005587744676,14.915748769964756,1.44665594872299,6.922268695641799,6.94705977242379,0.026914881820838,0.0125773517005567
2.0,0.4,0.06,0.0,40,0.03,12,-27.472179490414124,0.6166383911543514,15.910964559085844,-0.6477967162019506,6.953763915344974,6.923891735210438,0.0106316190470945,0.0240495440042584
2.0,0.4,0.06,0.0,40,0.03,13,-26.66407447431652,0.4814467167661691,17.173995504349527,0.5075041913797009,6.912171734409559,6.961260216868976,0.0313751385960314,0.0161527030165753
2.0,0.4,0.06,0.0,40,0.03,14,-26.61776126054036,-1.5068585713644282,15.879135322071567,-0.5309139624562569,6.905076991523998,6.895543303122508,0.0298776220477923,0.0173897349801304
2.0,0.4,0.06,0.0,40,0.03,15,-26.47749818551099,1.1079388282247744,18.765981149629862,-0.4536003844242034,6.8946661806707095,6.9029632180641975,0.0037968054404015,0.0136041916118453
2.0,0.4,0.06,0.0,40,0.03,16,-22.05921456869573,0.0847582250627476,18.81490577272705,1.9015943117912597,6.904191729268536,6.8467368484096,0.0130999514056692,0.0291140740513963
2.0,0.4,0.06,0.0,40,0.03,17,-25.83610817026365,1.10708328476264,18.85772786557996,0.7212693342657723,6.868517556568156,6.936297516048877,0.0225769141347181,0.0188161610247055
2.0,0.4,0.06,0.0,40,0.03,18,-27.169984172508517,1.2771632225029588,20.110215136691888,0.7712738985740126,6.902638688903909,6.946644797351591,0.0285948352570746,0.0224183902979779
2.0,0.4,0.06,0.0,40,0.03,19,-28.31999450221057,1.295190662463748,20.551910701721297,1.703774179620258,6.837545938320476,6.972268337642663,0.020734519852606,0.0200129539699493
2.0,0.4,0.06,0.0,40,0.03,20,-31.29629616025889,1.254593891227258,21.085243817522677,-0.8227622415144614,6.940013863706174,6.891911750307331,0.014352497853299,0.0228652689866213
2.0,0.4,0.06,0.0,40,0.03,21,-23.17078654413673,0.8102967294394885,20.60976527047444,-0.999257011088882,6.940121507787955,6.906557009001334,0.0004550992108555,0.023124210932277
2.0,0.4,0.06,0.0,40,0.03,22,-26.173625891798373,1.365695066809036,22.213152885527965,-0.3690388864764122,6.900514524660582,6.876123955351033,0.022041458757033,0.0142544001677326
2.0,0.4,0.06,0.0,40,0.03,23,-26.5980375842766,-1.546588616893876,15.290713299878329,-0.7294266915146661,6.930880493921825,6.916329421776752,0.0206075863186598,0.025849919051862
2.0,0.4,0.06,0.0,40,0.03,24,-31.10977132203717,0.017837089838488,14.44956582781662,-0.7332172251357422,6.902791362194488,6.923330443657237,0.0258346848326136,0.0198782873224293
2.0,0.4,0.06,0.0,40,0.04,0,-29.32689082777679,1.7652939173608968,17.958492057050364,-0.4699634533269545,6.9007239135804666,6.927911535562852,0.0233582917624624,0.0141426293530724
2.0,0.4,0.06,0.0,40,0.04,1,-26.30987657553234,0.5798293762251079,20.90579040823274,-0.957045144713378,6.927893610360256,6.901480201403079,0.0096217477009903,0.0184275381826736
2.0,0.4,0.06,0.0,40,0.04,2,-28.77472323652385,-0.2816680057339291,18.324299715751224,-0.5956428213150107,6.926103464651981,6.91665839906441,0.0204533770638251,0.0126210388257789
2.0,0.4,0.06,0.0,40,0.04,3,-27.26409543638084,1.0729209162998226,19.005601614830574,-0.6865830666992484,6.907531433497003,6.913346803240702,0.0106482379092638,0.0194426124651482
2.0,0.4,0.06,0.0,40,0.04,4,-29.20314773783768,-0.0448639212979331,23.378667531796943,-0.7636200412809909,6.933233263093626,6.910463124784545,0.0212069813550553,0.0151787701652084
2.0,0.4,0.06,0.0,40,0.04,5,-26.899088580523973,-0.6723991845567645,18.87415778362904,-0.5840397182318982,6.891310905006689,6.914364067739179,0.0251291258228782,0.0259156162818056
2.0,0.4,0.06,0.0,40,0.04,6,-27.080313425022226,0.5555995056947806,17.868662950716423,-0.6460267983538759,6.8842408074513,6.929326347869,0.0201505830462666,0.0224946885651637
2.0,0.4,0.06,0.0,40,0.04,7,-27.4111087489782,0.1248034618355706,17.458066258177052,-0.3960573036436323,6.9121605482540005,6.860351996604576,0.0262402277884804,0.0211115056738274
2.0,0.4,0.06,0.0,40,0.04,8,-27.152720528143213,0.2027237334122766,20.141525338358218,0.1712188955676234,6.874138942356569,6.891304250772156,0.0131492603833269,0.0127305213307399
2.0,0.4,0.06,0.0,40,0.04,9,-25.057240532714083,1.3692877920490372,18.17926829908448,-0.2673278308794982,6.940958050750138,6.878611286094039,0.0211731927981357,0.0306223845918189
2.0,0.4,0.06,0.0,40,0.04,10,-28.151532262949587,0.9156590837950996,16.807580997977453,0.4789450998655304,6.9170169500913214,6.955084546960531,0.0236248506769191,0.0055551823982393
2.0,0.4,0.06,0.0,40,0.04,11,-29.83791411249764,0.9381437352209469,16.000991567430788,0.7976741218924468,6.913365695195434,6.947824245272519,0.0255324156354081,0.0162136741905103
2.0,0.4,0.06,0.0,40,0.04,12,-26.70012047522227,0.3854568653938056,16.97153459106884,-0.4543787256448754,6.944790284099845,6.924999516178408,0.0109341608657705,0.0233082546165389
2.0,0.4,0.06,0.0,40,0.04,13,-26.036899397413293,0.0935799366940539,17.96380401549095,0.4596143574272415,6.909915906851487,6.952545720535404,0.0284714403374251,0.016463516329271
2.0,0.4,0.06,0.0,40,0.04,14,-27.14389788267787,-1.0863407984275069,16.591307053013395,-0.3138737003053435,6.895987267254753,6.898426483934877,0.0255751975536772,0.0190713413269082
2.0,0.4,0.06,0.0,40,0.04,15,-26.516621228343304,0.7070340535755207,19.019028782668126,0.0272410028080966,6.8887104697728425,6.903361658970135,-0.0005365693897285,0.0150590016731986
2.0,0.4,0.06,0.0,40,0.04,16,-23.59043040894801,-0.4919786344824088,18.624518447992205,1.286653774645362,6.906418654057438,6.839864713370475,0.0151165083756625,0.0292513577485078
2.0,0.4,0.06,0.0,40,0.04,17,-26.370415079588867,0.9277095726074792,18.149686939351792,0.7358826382189045,6.872409477611327,6.938825766996472,0.0219302633620739,0.0227469400660225
2.0,0.4,0.06,0.0,40,0.04,18,-26.746955839699893,0.8754891863558676,20.014167307602417,0.9939542844021324,6.895481840605108,6.9423780404913,0.0231050521691895,0.0254178417842613
2.0,0.4,0.06,0.0,40,0.04,19,-27.944383264269035,0.7485407882864685,19.975155430715237,1.135000386795798,6.845936528550464,6.971838061602462,0.0183714090530363,0.0160759061436651
2.0,0.4,0.06,0.0,40,0.04,20,-29.7357368469614,1.0532088122990158,20.289962683965587,-0.4993589337375862,6.936351681168345,6.884212580397003,0.0110022964184473,0.0237973794061752
2.0,0.4,0.06,0.0,40,0.04,21,-23.83745252583038,0.6357764857677163,20.095175971912017,-0.5910897325960591,6.936477958525585,6.905999158529289,0.0012915901918185,0.0225810724502175
2.0,0.4,0.06,0.0,40,0.04,22,-26.028492997671776,1.4903346134750308,21.31849545368255,-0.1810596699462544,6.900718485192155,6.878676421104527,0.0217548982720786,0.0118841705111431
2.0,0.4,0.06,0.0,40,0.04,23,-27.81088976907852,-1.1540776443224814,16.152466289976985,-0.5927733285449287,6.932000721366727,6.921232542713074,0.0219227891239703,0.0248083424679538
2.0,0.4,0.06,0.0,40,0.04,24,-28.12453071154468,-0.0695056877569355,15.42003074547048,-0.4357093533954903,6.901621077245494,6.922116196618006,0.0274223708921745,0.0197868573205531
1.0,0.2,0.0,0.0,36,0.05,0,-11.362442876104817,1.5716861941610285,10.322426927635467,-1.3193213859024633,1.4385305067051708,1.432750956086335,0.0361532352499999,0.0458570267791633
1.0,0.2,0.0,0.0,36,0.05,1,-11.48038509692912,1.684902207561036,9.96432247618501,-1.1224203440200569,1.439389769455891,1.4402777650032434,0.0412292000070464,0.0388913605809132
1.0,0.2,0.0,0.0,36,0.05,2,-11.542154592298496,1.370486755057474,10.251154744590824,-1.5303056143762066,1.4395536796821893,1.4369720137888782,0.0402843546573404,0.038979620777443
1.0,0.2,0.0,0.0,36,0.05,3,-11.655198668587602,1.4632882829199092,10.60734786541856,-1.350186519229213,1.4341888940945855,1.436075212799409,0.0445939164060554,0.0404354058745993
1.0,0.2,0.0,0.0,36,0.05,4,-11.292908410444763,1.3024472013807886,10.063563683661233,-1.226749916269852,1.4444764537215729,1.4386230158599898,0.0404464313571704,0.0432189151717582
1.0,0.2,0.0,0.0,36,0.05,5,-11.430384316619632,1.4772296951345798,10.113890040606504,-1.3656102992694168,1.4347320957035914,1.4340874316237475,0.0407492900310377,0.0470651346093905
1.0,0.2,0.0,0.0,36,0.05,6,-11.777140991508556,1.8561676481880467,10.22393848238001,-1.635117185541835,1.4383840797086562,1.435941539685189,0.0398748160844049,0.0354354751164112
1.0,0.2,0.0,0.0,36,0.05,7,-11.018282573564717,1.5432572752118037,10.441698875466166,-1.4905796185533116,1.442500047526466,1.4357388140994125,0.0407243935435868,0.029754061027908
1.0,0.2,0.0,0.0,36,0.05,8,-11.341294509836448,1.2799897234171256,10.250779656382218,-1.5511098327973538,1.4368036001025024,1.4359542967521672,0.0421718467071694,0.0424827101256908
1.0,0.2,0.0,0.0,36,0.05,9,-11.374460251738892,1.4439213363900396,10.389215571617566,-1.3455673859013442,1.4438147041931315,1.4346397626966445,0.0388928590687275,0.0444045306736038
1.0,0.2,0.0,0.0,36,0.05,10,-11.176380154520803,1.8260641564502944,10.182916762192091,-1.116229790356454,1.445773635672171,1.4384506958561016,0.0373261320755865,0.0420815138959292
1.0,0.2,0.0,0.0,36,0.05,11,-11.493348040219711,1.4933236882676255,10.26099054318863,-1.1527001072489227,1.43900591208579,1.43596463054387,0.0385169946463448,0.0443969728991146
1.0,0.2,0.0,0.0,36,0.05,12,-11.652621291095809,1.565126493675742,10.037467122186758,-1.0160972363701108,1.440010132384441,1.4452319023672122,0.0418504968588306,0.039970459511223
1.0,0.2,0.0,0.0,36,0.05,13,-10.879112393194836,1.0825223731536888,10.314910834336493,-1.4537722512996258,1.4401279861074563,1.435617906621922,0.0488900840420491,0.0447857343448331
1.0,0.2,0.0,0.0,36,0.05,14,-11.347821255327784,1.1230146235718377,10.17467520164683,-1.535634821062143,1.435418509947641,1.4385577671924172,0.0447533059196661,0.0375152461131561
1.0,0.2,0.0,0.0,36,0.05,15,-11.86692892346283,1.5322894764683042,10.157873102984064,-1.2957904824842414,1.437227014118173,1.4358961132705836,0.0401459192450396,0.0369212688581207
1.0,0.2,0.0,0.0,36,0.05,16,-11.44257367430622,1.826226384040396,10.670904288924662,-1.4985497302485016,1.4295255347939442,1.433258439319787,0.0379116675043616,0.0479269029373696
1.0,0.2,0.0,0.0,36,0.05,17,-11.970852562955436,1.7225684757229485,10.078418479092964,-1.309601157528112,1.4352743208902414,1.441078409785594,0.0409490215074022,0.0459164494508186
1.0,0.2,0.0,0.0,36,0.05,18,-11.256101084264548,1.3551300941908844,10.401131623160468,-1.6498828930572609,1.436190712924455,1.4336300188705453,0.0478733438752714,0.0489133448629924
1.0,0.2,0.0,0.0,36,0.05,19,-11.474024142320635,1.4865009814655934,9.997198561894796,-1.1623435557712425,1.4396685227098729,1.438071159202912,0.0441160949738382,0.0422480869439094
1.0,0.2,0.0,0.0,36,0.05,20,-11.497981127442277,1.7314111217310837,10.488734096578082,-1.4034390725210226,1.4338920854588777,1.4315395693471855,0.043438731208825,0.0396503869996912
1.0,0.2,0.0,0.0,36,0.05,21,-11.303863941135823,1.608767584884158,9.80661983441831,-1.562320103157279,1.445022752379311,1.4440308438852665,0.0417636585508827,0.0403305302038445
1.0,0.2,0.0,0.0,36,0.05,22,-11.51224755151978,1.4826427560404014,9.994699221775052,-1.185716391213686,1.4389487664939349,1.4422487843702942,0.0442141168478438,0.0446028886159429
1.0,0.2,0.0,0.0,36,0.05,23,-11.462779584303934,1.4991954056620207,9.884339474425111,-1.2574426729352888,1.4387325504672843,1.4367663381341258,0.0412631856719614,0.0479082599903267
1.0,0.2,0.0,0.0,36,0.05,24,-11.684394586305954,1.7274623584589492,10.067300858687426,-1.296564293519324,1.4340201699379476,1.437183614066917,0.0427915185827769,0.0332470374175617
1.0,0.2,0.0,0.0,36,0.06,0,-11.400118656531289,1.6189682542204673,10.303204623458866,-1.402441721823592,1.4400141670857929,1.4347293458796573,0.0361586265120678,0.0451046375123811
1.0,0.2,0.0,0.0,36,0.06,1,-11.360642428852753,1.638656330121035,10.0071072902063,-1.2234879748959433,1.4428683071611896,1.4428026035388322,0.040863473327151,0.0411565377273158
1.0,0.2,0.0,0.0,36,0.06,2,-11.467390983764052,1.3625153774586962,10.27232286339382,-1.4363604772410536,1.4411222730702629,1.436019387320007,0.0389281595466003,0.038688408335099
1.0,0.2,0.0,0.0,36,0.06,3,-11.761480443355248,1.532274059175632,10.577717885934028,-1.3397070169632692,1.436010870319289,1.4360096799765216,0.0450056887946524,0.0421109239138515
1.0,0.2,0.0,0.0,36,0.06,4,-11.257471375624403,1.2776783299562648,9.98672719025312,-1.1897806257593233,1.4455584552091845,1.440473260499728,0.0394389065426944,0.0411446462679354
1.0,0.2,0.0,0.0,36,0.06,5,-11.500957808696116,1.4441949048789895,10.052594016599306,-1.382631309829453,1.4368283759885745,1.4349241279276546,0.0428382199539979,0.0460403431833018
1.0,0.2,0.0,0.0,36,0.06,6,-11.706916131384368,1.7535713232956982,10.173592992045036,-1.3894806907977897,1.4395786149978884,1.4406412814060536,0.0406300710390395,0.0417748516772784
1.0,0.2,0.0,0.0,36,0.06,7,-10.966142795587931,1.5381594300477586,10.377025659304213,-1.4374088396715994,1.444365982161072,1.4364368930824578,0.0415741763405398,0.0298093509011061
1.0,0.2,0.0,0.0,36,0.06,8,-11.449202664951017,1.3919072671809871,10.182913159828336,-1.4293466814196754,1.438923686537938,1.4358521683037708,0.0421788751045376,0.0407830684172749
1.0,0.2,0.0,0.0,36,0.06,9,-11.47465233534734,1.4521578581907035,10.174594843201186,-1.300702282645018,1.4418154143930777,1.4370109577553276,0.041531873425058,0.0440833200429978
1.0,0.2,0.0,0.0,36,0.06,10,-11.221200754521128,1.7258237977153086,10.301301938797042,-1.2424370220939789,1.445920258532808,1.4315638614171735,0.0360161842342769,0.0456025302018433
1.0,0.2,0.0,0.0,36,0.06,11,-11.578029300315842,1.5140362545923776,10.258120399109083,-1.0498384496769544,1.4392584560064166,1.4334796333787918,0.0376139527681887,0.0483381964535929
1.0,0.2,0.0,0.0,36,0.06,12,-11.728316382454995,1.565331484689748,10.1105564663863,-0.9135434044070472,1.4382824585764231,1.4473657339226824,0.0458171421053602,0.0419942409861931
1.0,0.2,0.0,0.0,36,0.06,13,-11.040924983877172,1.1604761390578793,10.320884717039018,-1.345668023086893,1.4422202135492772,1.433834044344855,0.0489775365071179,0.0424757967920051
1.0,0.2,0.0,0.0,36,0.06,14,-11.411177504866922,1.1449921116271622,10.226018648319664,-1.4353703365239443,1.4373325390391156,1.4411583456470198,0.0446199945914843,0.0398295157500577
1.0,0.2,0.0,0.0,36,0.06,15,-11.812735890855247,1.4936686634310794,10.051305557820966,-1.312208997763052,1.4374319073087023,1.4375901098632962,0.0414994025804964,0.0370014993252877
1.0,0.2,0.0,0.0,36,0.06,16,-11.397810947991148,1.6257595490836148,10.561457705245818,-1.5082399695591118,1.4310644648296735,1.4349663773629426,0.0371001835954118,0.0486932338389479
1.0,0.2,0.0,0.0,36,0.06,17,-11.844282201540636,1.6517332488837897,10.121459305250385,-1.319546878854753,1.435597357808995,1.441142421199717,0.0418130831495351,0.0462065059928045
1.0,0.2,0.0,0.0,36,0.06,18,-11.220891783074595,1.347695952163547,10.386827456714498,-1.6123645769575998,1.4398698860478594,1.4342398970389951,0.0465220520943794,0.0492312499907695
1.0,0.2,0.0,0.0,36,0.06,19,-11.512288573963795,1.4835600252695604,10.034643985632314,-1.2028978433704685,1.441720325548952,1.4405062305942893,0.0419836670068116,0.0415976224797417
1.0,0.2,0.0,0.0,36,0.06,20,-11.4247431284007,1.6878606991095624,10.4997226136167,-1.3960728028318847,1.4345343442335758,1.4325197244623131,0.0389895083391104,0.037785599297196
1.0,0.2,0.0,0.0,36,0.06,21,-11.37353146857501,1.481779992504255,10.043177785388435,-1.6776967880497038,1.444009677301326,1.4469370463362767,0.0422337653176319,0.0384789697991428
1.0,0.2,0.0,0.0,36,0.06,22,-11.490524363062232,1.4313004038025374,10.091116965654653,-1.1970316353816617,1.438159988841326,1.4404248745334505,0.0447881985589197,0.0436235913081382
1.0,0.2,0.0,0.0,36,0.06,23,-11.509893315900872,1.5324087659724597,10.041052949187668,-1.2169210377532451,1.438249392585316,1.4392926112677211,0.0395088525612535,0.0452703940881584
1.0,0.2,0.0,0.0,36,0.06,24,-11.675099383291494,1.6280467631225843,10.176341413627709,-1.3658877860947471,1.4342349185512997,1.4399512314899483,0.0412403713321232,0.0332096050732846
1.0,0.2,0.0,0.0,36,0.08,0,-11.276183698110644,1.550911347555786,10.287546356705167,-1.3613453508111006,1.4454093934425505,1.4381208196324455,0.0383074888658772,0.0429949434257086
1.0,0.2,0.0,0.0,36,0.08,1,-11.439483355801276,1.6377022400749193,9.998871904762112,-1.2206908845751858,1.4440209331764706,1.4421718054866857,0.0413937723025564,0.0447882040922974
1.0,0.2,0.0,0.0,36,0.08,2,-11.387005002353538,1.4144045814185549,10.248804138390067,-1.4459241523527646,1.4444448725129673,1.4391077912923984,0.0391699289505375,0.0388345420286766
1.0,0.2,0.0,0.0,36,0.08,3,-11.676195322179304,1.4803673669810862,10.294949605509354,-1.3049288532570134,1.4417685405250755,1.4381665781026889,0.0455152572575941,0.0430603559857069
1.0,0.2,0.0,0.0,36,0.08,4,-11.300318556590591,1.3270416432497152,10.013843761281798,-1.196014055205409,1.4459751273098274,1.4432727568130947,0.0411269753450874,0.0418453901452074
1.0,0.2,0.0,0.0,36,0.08,5,-11.347867814561262,1.4918540338905957,10.069050152061372,-1.3889840069742303,1.441508910245119,1.4379035023438511,0.0408377979199323,0.0444298104773601
1.0,0.2,0.0,0.0,36,0.08,6,-11.615397883120687,1.6979123365412423,10.110593786626051,-1.3663675136655358,1.4409771801509208,1.440201002887351,0.0414635214313086,0.039231912685648
1.0,0.2,0.0,0.0,36,0.08,7,-11.081629085202728,1.5287409908062222,10.314932636332411,-1.4086609880874474,1.443970378116351,1.4377383499044738,0.044082771113656,0.0317170589021066
1.0,0.2,0.0,0.0,36,0.08,8,-11.47110888868943,1.4437596694516532,10.239552385537603,-1.3634422736035925,1.4416664427440051,1.4397652437094,0.0409497365024719,0.0305670973716891
1.0,0.2,0.0,0.0,36,0.08,9,-11.469282610586228,1.4612880685689356,10.226525384477734,-1.2782780545529462,1.44478319918568,1.43599087525417,0.0405087404583372,0.0442304722381827
1.0,0.2,0.0,0.0,36,0.08,10,-11.382529698086222,1.6097575393957917,10.23842403024574,-1.2618924114322945,1.4443560778854865,1.4352410429818776,0.0371092821731283,0.0441369821897254
1.0,0.2,0.0,0.0,36,0.08,11,-11.53579094561482,1.5303859330808092,10.123537117795118,-1.1624363178016683,1.4413473557413097,1.4383560272055025,0.0424820247486645,0.0466891812122864
1.0,0.2,0.0,0.0,36,0.08,12,-11.535988124388023,1.5259341837190543,10.021181493236334,-1.012201809724574,1.4443639767033525,1.450049633933497,0.04299884616026,0.0410569087154874
1.0,0.2,0.0,0.0,36,0.08,13,-11.1383058384522,1.2455752377024396,10.195596896533164,-1.3345059498806138,1.444965436065106,1.4397729202317828,0.0488252835567804,0.0395682967250668
1.0,0.2,0.0,0.0,36,0.08,14,-11.42728979776654,1.2143768819245178,10.28395329282539,-1.3900959746399628,1.4392715867646118,1.4411102632429724,0.0478804591269301,0.0394139459282421
1.0,0.2,0.0,0.0,36,0.08,15,-11.60880796434689,1.433846598833325,10.15066077888261,-1.2889859272572808,1.4417311767801189,1.4394872842094326,0.0420858091598309,0.0377389727792762
1.0,0.2,0.0,0.0,36,0.08,16,-11.472283203746418,1.5441842496800136,10.461908864467352,-1.3634467983106888,1.4350760968578624,1.435449140075532,0.0382665734169533,0.0475852800093367
1.0,0.2,0.0,0.0,36,0.08,17,-11.587144659633031,1.567360258094542,10.151257238496916,-1.3241326311219914,1.4381077898926882,1.4410056390593846,0.0444469600621777,0.0425262216391428
1.0,0.2,0.0,0.0,36,0.08,18,-11.376315106858272,1.496389483590154,10.163292785475171,-1.4065563254409843,1.4409918380617288,1.4368496705593914,0.0460355391124086,0.0445090544371722
1.0,0.2,0.0,0.0,36,0.08,19,-11.394471740883072,1.5314143976088264,10.155249663490544,-1.207023630012939,1.4435422819074768,1.442185985579994,0.0428125223947247,0.0441622283116518
1.0,0.2,0.0,0.0,36,0.08,20,-11.493377360836211,1.6406376348709055,10.414584244002226,-1.3112909448552807,1.4363466410862629,1.4336094799441492,0.0397969323866314,0.0412676233874945
1.0,0.2,0.0,0.0,36,0.08,21,-11.387667807673925,1.4330406529309554,9.927926328102178,-1.4013040749557597,1.445814431280112,1.4455352449843006,0.0450656623703061,0.0419078299083627
1.0,0.2,0.0,0.0,36,0.08,22,-11.373066992701334,1.5120291019740304,9.98087572824006,-1.1178719455512511,1.4428966122556477,1.4455815730602193,0.045576183385486,0.0472266781825059
1.0,0.2,0.0,0.0,36,0.08,23,-11.406558019427075,1.5153645467626686,10.05659116753358,-1.223192117827922,1.445398802308865,1.4412880046264125,0.0396210974086193,0.0436453633578228
1.0,0.2,0.0,0.0,36,0.08,24,-11.624002722132255,1.5530157518922183,10.081708605111675,-1.2837496787585154,1.4364726231147795,1.4421440923419038,0.0404590616446593,0.0356270106750715
1.0,0.2,0.0,0.0,36,0.1,0,-11.285390452575353,1.4827055407247076,10.177541707042048,-1.344566777051598,1.448022358857148,1.442690723816403,0.0411265932807531,0.0429094461259359
1.0,0.2,0.0,0.0,36,0.1,1,-11.401872111736932,1.6397946009708422,10.027683298758614,-1.2460970319746312,1.4457749855082422,1.4437618612202034,0.0395767969327975,0.0443293546630175
1.0,0.2,0.0,0.0,36,0.1,2,-11.323896190033013,1.3612311704342692,10.193602353150215,-1.3967685836541834,1.4479706168717248,1.4437705302776938,0.0407904881841448,0.0393052480714488
1.0,0.2,0.0,0.0,36,0.1,3,-11.578129586965092,1.4515689120699002,10.228943763229958,-1.3095934359417007,1.443675082798209,1.43950423722817,0.0459552882303414,0.0456153632039969
1.0,0.2,0.0,0.0,36,0.1,4,-11.35325547457324,1.3398579072274486,10.016944026459242,-1.1972543318281563,1.4460305556913755,1.445289429935427,0.0413595896042193,0.039772470166762
1.0,0.2,0.0,0.0,36,0.1,5,-11.312612644598566,1.477366916897053,10.12217077889373,-1.3882533023798576,1.444599658096352,1.4376229917061756,0.0392307081841611,0.0459895166282945
1.0,0.2,0.0,0.0,36,0.1,6,-11.601245477282635,1.6529308239951104,10.096758541095143,-1.3538210982773835,1.442543356910431,1.4421930628194035,0.0440014675638905,0.036426392189577
1.0,0.2,0.0,0.0,36,0.1,7,-11.158506165907172,1.4714405024035386,10.30576110251086,-1.3664242572091905,1.4499550827632928,1.438051339452536,0.0411227818913353,0.0351199668832321
1.0,0.2,0.0,0.0,36,0.1,8,-11.455659868755689,1.4432824631082946,10.229757671663773,-1.3348685569476413,1.444988140928136,1.4407303185594789,0.0393817271514809,0.0395940494111693
1.0,0.2,0.0,0.0,36,0.1,9,-11.389958049746852,1.4236232903775956,10.106804017462895,-1.2508674605703347,1.4457623967107138,1.439949171012957,0.0415066946872992,0.0421740845150604
1.0,0.2,0.0,0.0,36,0.1,10,-11.355842530220412,1.6114866110534287,10.265871194021306,-1.254233047186595,1.4471907822309222,1.4380467086289284,0.0355056706393545,0.0432229578294724
1.0,0.2,0.0,0.0,36,0.1,11,-11.513351237953394,1.541986885656732,10.031641487778376,-1.157685797673452,1.4440722672685005,1.44254092728814,0.0393371029714246,0.0450525921435435
1.0,0.2,0.0,0.0,36,0.1,12,-11.584637807905704,1.5119702990039476,9.98323452637566,-1.0475545180022756,1.4441617306791985,1.4529217846707885,0.0444274395156754,0.0424788011429802
1.0,0.2,0.0,0.0,36,0.1,13,-11.19187357839497,1.31473580859722,10.191709946169524,-1.298580727190733,1.448566772842972,1.4411779161657725,0.0478036732168838,0.0401047939700814
1.0,0.2,0.0,0.0,36,0.1,14,-11.528572453185,1.32401370106619,10.223284248187124,-1.3564640383597448,1.4419366074915796,1.4431855120035004,0.0460205598777539,0.0395903297777
1.0,0.2,0.0,0.0,36,0.1,15,-11.54638608349909,1.4603039899542631,10.061661786588598,-1.22420302324474,1.443572991269507,1.4413691286326218,0.0434851676696659,0.0390229436271735
1.0,0.2,0.0,0.0,36,0.1,16,-11.448108342757973,1.5812059691578668,10.397468456072463,-1.402385320366344,1.4419435160145304,1.4381327901423957,0.0425773896022332,0.0480250241849029
1.0,0.2,0.0,0.0,36,0.1,17,-11.54668324354098,1.592215229992114,10.137836448331155,-1.3020778759876266,1.4432134982434826,1.44240656391441,0.0413642982238546,0.0452311460305681
1.0,0.2,0.0,0.0,36,0.1,18,-11.29341737519644,1.4757704458353351,10.197361310295875,-1.4026088155147407,1.444188571779778,1.4382770224264807,0.0438210795609174,0.0488839803049929
1.0,0.2,0.0,0.0,36,0.1,19,-11.421128619279983,1.4910086766464887,10.118349290502422,-1.2145944381473806,1.4459752484864246,1.4459341724899408,0.0440378962438647,0.0427532785642536
1.0,0.2,0.0,0.0,36,0.1,20,-11.502604050480477,1.613891010797827,10.323157494023937,-1.2889247786527491,1.4404736128160696,1.4364350720328436,0.0413560854496694,0.0417354463994553
1.0,0.2,0.0,0.0,36,0.1,21,-11.302323722570137,1.4387775699200942,9.949863079081243,-1.4112556058362318,1.4509681333752535,1.4477098630146292,0.0425282581268756,0.0418228359069755
1.0,0.2,0.0,0.0,36,0.1,22,-11.405065001312872,1.5496889165351404,10.10939950933423,-1.1431187336718271,1.4441065285463934,1.4453840015275117,0.049099110884383,0.0480758867894428
1.0,0.2,0.0,0.0,36,0.1,23,-11.375463291474166,1.456738996942882,10.006280856074506,-1.2732685249077162,1.4470744081211788,1.445730432682339,0.0417729319106136,0.0428445627870245
1.0,0.2,0.0,0.0,36,0.1,24,-11.555376591263489,1.5345840796543395,10.181945884853656,-1.2625350152310264,1.4392519809597066,1.4436215969431614,0.0403042916311788,0.0338576104413113
1.0,0.2,0.0,0.0,40,0.05,0,-19.201152645370136,1.671571710294501,17.703676632451618,-1.1935455585851815,3.2027186643672283,3.1838693167524323,0.0438528650654352,0.057247902620409
1.0,0.2,0.0,0.0,40,0.05,1,-20.46500972907725,1.5801589405203618,17.289871267423255,-1.416042859378711,3.1936334870713985,3.186907232414664,0.0450362935686197,0.0499489353891747
1.0,0.2,0.0,0.0,40,0.05,2,-19.960376480329924,1.773959602596291,17.558384729939007,-1.2351422270048893,3.1997440079103114,3.189829467852888,0.046093712620159,0.0616632759053615
1.0,0.2,0.0,0.0,40,0.05,3,-19.94635752975037,1.1866028093885217,17.75210979869857,-1.178397824012841,3.198276125448049,3.186637116219408,0.0567533561741347,0.0616838420666088
1.0,0.2,0.0,0.0,40,0.05,4,-19.091796184942268,1.3392582236941182,17.66118650423262,-1.2928455817939593,3.209184111698165,3.187851661162788,0.0423008215977546,0.0507270653040168
1.0,0.2,0.0,0.0,40,0.05,5,-20.604235139301725,1.5542394326231717,17.60258053455226,-1.2749308884861583,3.1825206001474995,3.190469011433463,0.0583887104019501,0.0523496606476227
1.0,0.2,0.0,0.0,40,0.05,6,-20.57482188853613,1.8688886985537092,17.013010340412897,-0.9435305003021468,3.1893068334849914,3.1967577858300813,0.050124859484592,0.0505170888044668
1.0,0.2,0.0,0.0,40,0.05,7,-20.318265397027652,1.6533086841348077,17.74507082526536,-1.661132393776418,3.187391553421107,3.1805301940489543,0.05225175043235,0.0596137834200833
1.0,0.2,0.0,0.0,40,0.05,8,-19.73330652526121,1.3551715373810067,17.605491336176797,-1.1920093333054145,3.196364788227005,3.179953112092883,0.0565105317187661,0.0543624867831525
1.0,0.2,0.0,0.0,40,0.05,9,-20.628024406610542,2.1275525342702863,17.503061831198696,-1.2585157345376556,3.1954399416134804,3.1882713434165666,0.0485798244056358,0.0454165202180778
1.0,0.2,0.0,0.0,40,0.05,10,-19.204503401801176,1.903474314402296,17.456555551025,-1.1179384893825524,3.2125238431468723,3.1929534937245583,0.0467432463815873,0.0432936900085241
1.0,0.2,0.0,0.0,40,0.05,11,-19.16292847102705,1.5046026340932537,17.484633262579383,-0.9882239490936638,3.2128494882109004,3.191445593001053,0.041720674865436,0.0496254708651439
1.0,0.2,0.0,0.0,40,0.05,12,-19.245722956943077,1.9208360686838792,16.83250011159697,-0.8844341473848102,3.206649163339036,3.190883517623567,0.0480118525069277,0.0608264715503212
1.0,0.2,0.0,0.0,40,0.05,13,-20.55814655179128,1.523105909163437,17.097240487503335,-1.2227284776304317,3.183581638127917,3.190332940383524,0.0540215264835688,0.0407496263778072
1.0,0.2,0.0,0.0,40,0.05,14,-19.845473173485328,1.809400188117996,17.672614853772217,-0.9449684331267332,3.1986299505546523,3.1884018770140394,0.0493660219607447,0.0458714534840456
1.0,0.2,0.0,0.0,40,0.05,15,-19.829393824510586,2.3531600449364003,17.401114321463442,-1.4348399178976394,3.2002236295449062,3.189477005522788,0.0544636354607003,0.0488832793031433
1.0,0.2,0.0,0.0,40,0.05,16,-19.887098246306547,2.0574044152294118,18.150173701210864,-1.6400789663547457,3.192922808469108,3.181768704169364,0.0495079616953447,0.0574007609565798
1.0,0.2,0.0,0.0,40,0.05,17,-18.973754709476832,1.4164947958031258,17.662629258190528,-1.421172512396137,3.205139899685958,3.1811558424837574,0.0515203926901584,0.0548679919532435
1.0,0.2,0.0,0.0,40,0.05,18,-20.085462118925488,1.7402190747323556,17.313001852974725,-1.293047249612889,3.19173500578739,3.1942544069651357,0.0392270200266716,0.0509702559521779
1.0,0.2,0.0,0.0,40,0.05,19,-19.481089134183502,2.1918077589957146,17.485644288999715,-1.156110527565749,3.208220616233183,3.1938473137916983,0.0447955751812828,0.0547708505040023
1.0,0.2,0.0,0.0,40,0.05,20,-20.537742221178785,1.9390308002856569,16.729232297594724,-1.064446272725436,3.1893819105493533,3.191283964086941,0.049271773616081,0.0484440961422103
1.0,0.2,0.0,0.0,40,0.05,21,-20.23096671319724,1.36699118149343,17.29918099775663,-0.5076911424543014,3.192169613566366,3.188914761860661,0.0454469610072992,0.0536262049130178
1.0,0.2,0.0,0.0,40,0.05,22,-20.504058371591064,1.2886288701636772,17.11920544808287,-0.9885084772986208,3.1749812861634976,3.19197385269917,0.0580587944296136,0.0607024285264024
1.0,0.2,0.0,0.0,40,0.05,23,-20.047009915948017,1.287274558467098,17.128308711400663,-1.6557949969854022,3.1909474370427477,3.1855979051221763,0.05237591737977,0.0542316760057497
1.0,0.2,0.0,0.0,40,0.05,24,-20.32341892218212,1.8059068231614777,16.537684868497976,-1.4973720492885316,3.1886730762333046,3.201680318777738,0.0587782687099571,0.0504545549554341
1.0,0.2,0.0,0.0,40,0.06,0,-19.00673462514921,1.692596276242313,17.540148879954,-1.2720365769614237,3.209348452551553,3.186783681135729,0.0438187224692285,0.0571532019355326
1.0,0.2,0.0,0.0,40,0.06,1,-20.376325887853557,1.659007976563395,17.347477109072305,-1.3720181111183132,3.1929508164529645,3.190551238869487,0.0448498092994402,0.0527890605248785
1.0,0.2,0.0,0.0,40,0.06,2,-20.07082075814961,1.68630603473092,17.397401298618053,-1.184689865631228,3.19920649618534,3.193231586668019,0.0455509648529555,0.057759343382337
1.0,0.2,0.0,0.0,40,0.06,3,-19.935490209270583,1.3302445195781565,17.910869958992315,-1.290091700995367,3.203898584015682,3.188701167021789,0.0602846210458561,0.0618102048776922
1.0,0.2,0.0,0.0,40,0.06,4,-19.16515930714124,1.340715242996787,17.405264495026966,-1.2710610200221493,3.212564208734185,3.187393633457554,0.043951483801715,0.0500968456200647
1.0,0.2,0.0,0.0,40,0.06,5,-20.49465336467455,1.6833809885883584,17.57165364155413,-1.3403289625182506,3.187401286987265,3.1893780364926307,0.0572380201285023,0.0552328793014385
1.0,0.2,0.0,0.0,40,0.06,6,-20.39719365664859,1.7951826044618877,17.18076224326394,-1.068309353406958,3.191341594708824,3.193853758776559,0.0487416383073002,0.0549547679023883
1.0,0.2,0.0,0.0,40,0.06,7,-20.1457267512214,1.696881139800711,17.836260615080644,-1.6277507659388504,3.1954114321136315,3.182093589530885,0.0484624751868056,0.0596316833724475
1.0,0.2,0.0,0.0,40,0.06,8,-20.084078990461485,1.4908837617720363,17.53267899298721,-1.1348800278970628,3.1986466835885894,3.183414759661872,0.059586534585781,0.0573070603311651
1.0,0.2,0.0,0.0,40,0.06,9,-20.537677905860495,2.127805471183287,17.373973775626535,-1.3451787080043485,3.1975937271440564,3.193241562018601,0.048376153514458,0.0512348550449606
1.0,0.2,0.0,0.0,40,0.06,10,-18.97582800527542,1.7707357515315036,17.13917093748321,-1.129920852237699,3.2187312129413543,3.195816986452144,0.0457927411495556,0.0411267649280161
1.0,0.2,0.0,0.0,40,0.06,11,-19.562942391619156,1.507026049398961,17.305186287811573,-1.1118057901971594,3.2063580129006395,3.193835752589968,0.0491120253145397,0.0484663812690345
1.0,0.2,0.0,0.0,40,0.06,12,-19.35309232485332,2.0202245842470026,17.18779140419959,-1.1317628291644897,3.206701593695624,3.1861579738554453,0.0476773101398463,0.0579040166601089
1.0,0.2,0.0,0.0,40,0.06,13,-20.335217498601185,1.480049096975128,17.12101096722359,-1.2502859159418942,3.187681227520333,3.192399240012494,0.0524064515772475,0.0424909475720545
1.0,0.2,0.0,0.0,40,0.06,14,-19.76951960763363,1.812465607764148,17.55755889280584,-1.0862165649236382,3.2071189026356994,3.188953456407772,0.0450460348847697,0.0468882771843438
1.0,0.2,0.0,0.0,40,0.06,15,-20.02994746735958,2.2629365020445658,17.087248142259913,-1.3811640223575303,3.1991909718182785,3.1951747460355078,0.055739689355672,0.0480402761223648
1.0,0.2,0.0,0.0,40,0.06,16,-19.8029285519312,2.024976264630718,18.02027962324689,-1.7539495255484665,3.196291325969617,3.1820375754976564,0.0488582617703493,0.0540593747650688
1.0,0.2,0.0,0.0,40,0.06,17,-19.246666589324448,1.4122278562549466,17.466322090392346,-1.494803475184168,3.2049588804682894,3.1810372496085093,0.0469355196465425,0.0559003927267834
1.0,0.2,0.0,0.0,40,0.06,18,-20.061879383461537,1.7734460705783603,17.307206760073274,-1.520334845341143,3.1991515153311973,3.195677636228095,0.0402605248901434,0.0453986290084379
1.0,0.2,0.0,0.0,40,0.06,19,-19.40220864269313,2.0065150875515227,17.32464727610195,-0.9134708614580296,3.2108703136039773,3.193163478668429,0.0459147638271475,0.0580187640785599
1.0,0.2,0.0,0.0,40,0.06,20,-20.40176502535189,1.8419437568523689,16.77147939354894,-1.123014417881669,3.1968076178596005,3.195701522766688,0.0490012842726675,0.0507876651693925
1.0,0.2,0.0,0.0,40,0.06,21,-20.130114386131066,1.4681901287753685,17.038110809031156,-0.6842860328067149,3.194447391544713,3.1903353380439805,0.0438321031378864,0.0559172225397789
1.0,0.2,0.0,0.0,40,0.06,22,-20.21640231123096,1.4385347397286383,17.17948696039462,-1.1622697867517426,3.1869095539366703,3.194726211241972,0.0596862057476715,0.0551600826186979
1.0,0.2,0.0,0.0,40,0.06,23,-19.919435492418824,1.459995707917321,17.133310130412728,-1.3650024007399362,3.19232642687434,3.1900769993484337,0.0514550613541103,0.0525016069266042
1.0,0.2,0.0,0.0,40,0.06,24,-20.179295894186005,1.646486021508641,16.582725490769345,-1.2685704874557124,3.189810633294131,3.207111712792097,0.0588886530841969,0.0503404538636261
1.0,0.2,0.0,0.0,40,0.08,0,-19.11091205964952,1.7005850051122908,17.256712718164184,-1.3543345423572857,3.2179591254395703,3.193543473569381,0.042972147220746,0.0534198721343991
1.0,0.2,0.0,0.0,40,0.08,1,-20.102424335306495,1.7212010088084493,17.11683136342373,-1.3586406179128632,3.201504523958102,3.197379344441456,0.0439595425201158,0.0541676310526937
1.0,0.2,0.0,0.0,40,0.08,2,-19.863654600058428,1.62578241153522,17.206890685318783,-1.0817851817910291,3.207151921934028,3.195228539933629,0.0465330304537754,0.0625621906993107
1.0,0.2,0.0,0.0,40,0.08,3,-19.88411739373797,1.4101125585559549,17.64595360680063,-1.3144448717649395,3.209799026941695,3.1937812188343777,0.0592586560298076,0.0631942444357225
1.0,0.2,0.0,0.0,40,0.08,4,-19.383400892391474,1.28424122663187,17.165193249662526,-1.240856451256441,3.2166963897225638,3.1965833820456835,0.0519740021669172,0.0508712548140394
1.0,0.2,0.0,0.0,40,0.08,5,-20.05533512570152,1.5455924008775477,17.330206669835466,-1.4244501814872184,3.199129838263022,3.1967588504938704,0.0586387394600275,0.0538744881823523
1.0,0.2,0.0,0.0,40,0.08,6,-19.911889682277955,1.758064707378773,17.50150846079961,-1.2350988179758768,3.2051758641109327,3.200878936160457,0.0440701341847854,0.0508755468505994
1.0,0.2,0.0,0.0,40,0.08,7,-19.86000637582813,1.6197182984450107,17.561791717207303,-1.553976742666408,3.20306998904272,3.1912701266484915,0.0483689967969304,0.0580740167182861
1.0,0.2,0.0,0.0,40,0.08,8,-19.79921852163489,1.3981931218114665,17.34688390957621,-1.1133166199063256,3.20525811174756,3.1945524046293854,0.0609342678673041,0.0587002741136019
1.0,0.2,0.0,0.0,40,0.08,9,-20.29314161647548,2.113217435201826,17.10475007701278,-1.246312027139475,3.204250713309301,3.200536842901368,0.0483922963063643,0.0470182069635766
1.0,0.2,0.0,0.0,40,0.08,10,-19.15948014615692,1.7131399273991024,16.788628357369902,-1.1923980325960786,3.224162694382513,3.202771631338831,0.0454934917847303,0.0442703820326203
1.0,0.2,0.0,0.0,40,0.08,11,-19.47177190315988,1.3764186192792272,16.99312776563947,-0.9330558321505,3.2158529653345096,3.2032398352529072,0.0440686853097014,0.0489139373781368
1.0,0.2,0.0,0.0,40,0.08,12,-19.51741463680093,1.9997355791286529,17.06691631016088,-1.0956494858509191,3.217487481612588,3.196641975891381,0.0485501379155791,0.0555241738066465
1.0,0.2,0.0,0.0,40,0.08,13,-20.054170025601525,1.4296795661426724,16.723817262350526,-1.1702180370032778,3.192505476973091,3.204752079183294,0.0542676744325881,0.0437286443742581
1.0,0.2,0.0,0.0,40,0.08,14,-19.60060230453317,1.5785922158368444,17.39889084728,-0.9842490351700088,3.213998287605783,3.196870817452847,0.0485476570344593,0.0483524403455393
1.0,0.2,0.0,0.0,40,0.08,15,-19.94339183103181,2.018311574171793,17.00388084013774,-1.442322254206253,3.207565802761137,3.2040131587200595,0.0614249058753796,0.0434786134342931
1.0,0.2,0.0,0.0,40,0.08,16,-19.92253272761416,1.7768918807336749,17.605004031230777,-1.5998782838586378,3.199357099617958,3.187294664337336,0.0524287854031068,0.0533595632233106
1.0,0.2,0.0,0.0,40,0.08,17,-19.129751418400367,1.5135437011037105,17.168165017028006,-1.2279931977101357,3.213930334104308,3.198332407926608,0.0473261797841187,0.0538512313262958
1.0,0.2,0.0,0.0,40,0.08,18,-19.88977254636205,1.6988257724294002,17.17066451929665,-1.4441918531237707,3.2057193033494302,3.203409859387536,0.0383107039610115,0.0414488582236989
1.0,0.2,0.0,0.0,40,0.08,19,-19.35117699450344,1.690025304973036,17.252535449022883,-1.0940819664995685,3.213285170836267,3.1996365806575846,0.0499271473136225,0.0556450412086664
1.0,0.2,0.0,0.0,40,0.08,20,-20.31005618548536,1.801078988265015,16.69004598415368,-1.149593746305496,3.2013333138801663,3.2030231288474558,0.0495237353064266,0.045922076412147
1.0,0.2,0.0,0.0,40,0.08,21,-20.06049566732344,1.5281614522715392,16.789809331232604,-0.7358033582301251,3.2016895159423324,3.2001101301537638,0.0423657199283408,0.0577577273909762
1.0,0.2,0.0,0.0,40,0.08,22,-20.115806871301352,1.5843972034393985,17.163067902679217,-1.069343472704421,3.192721414959136,3.1969385590899253,0.0593230324425916,0.0523151147336282
1.0,0.2,0.0,0.0,40,0.08,23,-19.991196763480872,1.4974981322961487,17.05768493123303,-1.311089276575783,3.193852706828568,3.1937059306986635,0.0541054966185256,0.052930262097421
1.0,0.2,0.0,0.0,40,0.08,24,-19.90231827997289,1.5975738123292689,16.61348922924781,-1.19889775569094,3.200635091157868,3.2077380807169305,0.0549199968245356,0.0521701080245484
1.0,0.2,0.0,0.0,40,0.1,0,-19.13493189440347,1.6067818891068266,17.130895030805764,-1.2822556186014475,3.227619294076028,3.201831688648046,0.0448275087301137,0.0532159380189721
1.0,0.2,0.0,0.0,40,0.1,1,-19.91958391420443,1.5783156053412788,16.93835207029935,-1.3351299469583784,3.208989623604713,3.20672835235834,0.0462281462010242,0.0518979478000867
1.0,0.2,0.0,0.0,40,0.1,2,-19.862572812732378,1.6655033931803418,17.06342845427912,-1.1098605493612816,3.211352304134185,3.2002474540060364,0.044804507792514,0.0622948820776283
1.0,0.2,0.0,0.0,40,0.1,3,-19.75596725163625,1.4433064107678917,17.54136440107078,-1.2946632706719674,3.215582101571524,3.195833403469907,0.0589668790885043,0.0662414555049269
1.0,0.2,0.0,0.0,40,0.1,4,-19.455135812453317,1.3048110652027076,16.946986602444674,-1.2752196037154722,3.222521868658787,3.208401923344846,0.0535194547932289,0.0520497605247229
1.0,0.2,0.0,0.0,40,0.1,5,-20.10998325304873,1.6638736022936111,17.27031286487437,-1.4821804326147123,3.2018350561248945,3.201019832161141,0.0611381634598002,0.0507022369007213
1.0,0.2,0.0,0.0,40,0.1,6,-19.765402595018653,1.7918688250814934,16.77688444782326,-0.985580481766587,3.2131556928699423,3.2116696225325945,0.047110959773433,0.0555433219792243
1.0,0.2,0.0,0.0,40,0.1,7,-19.827587061778782,1.5505897791054462,17.58590586437437,-1.5264980990529184,3.2111748405629643,3.1913340151169005,0.0473495530521997,0.0593429723260655
1.0,0.2,0.0,0.0,40,0.1,8,-19.82241371376129,1.2572896118311994,17.159870168493434,-1.2185436691543998,3.206189670877742,3.201835808834874,0.0574400302501645,0.0570506312250018
1.0,0.2,0.0,0.0,40,0.1,9,-20.033729204949516,1.9709670971882136,16.982427495171265,-1.2746672662511358,3.21172042952855,3.2098804479839447,0.0473487268903051,0.0457073029277994
1.0,0.2,0.0,0.0,40,0.1,10,-19.2097921916426,1.5940284727545366,16.75788203182853,-1.0896173482524611,3.230095043550114,3.2080095191163225,0.0481293016038065,0.0442560370534216
1.0,0.2,0.0,0.0,40,0.1,11,-19.53236850344075,1.474566482248063,16.979293168210756,-0.9100804922877688,3.2240052812344047,3.20671043492402,0.0439977050214772,0.0476475369059707
1.0,0.2,0.0,0.0,40,0.1,12,-19.146426988471347,1.764126839658459,16.937772875385612,-1.0145069727660758,3.2293955400438104,3.201895504933947,0.0465467961107335,0.0568740582038807
1.0,0.2,0.0,0.0,40,0.1,13,-20.00492211650165,1.5117549382912778,16.78158938205358,-1.242957384041533,3.1982913076933186,3.209723213138283,0.05242895916141,0.0408124473899049
1.0,0.2,0.0,0.0,40,0.1,14,-19.5447972171886,1.5870926199469877,17.371911334170587,-1.051581134196142,3.222778009820832,3.1990718485345835,0.0505635922862138,0.0525706021992694
1.0,0.2,0.0,0.0,40,0.1,15,-19.850892553360588,1.8923253193564904,17.077521403588744,-1.3545142571063795,3.2132369975369373,3.206910404314866,0.0641457436309894,0.0462053998859808
1.0,0.2,0.0,0.0,40,0.1,16,-19.69129307466787,1.6715488485610728,17.5413876061637,-1.5037968555339067,3.211325980801468,3.190381548563572,0.0520509077000482,0.054578414458824
1.0,0.2,0.0,0.0,40,0.1,17,-19.167581769347496,1.5103713386044868,16.92664593160996,-1.1404348386134375,3.224180709123257,3.2010224018246385,0.0486982993908227,0.0604424148826833
1.0,0.2,0.0,0.0,40,0.1,18,-19.851158972776748,1.6887820642280595,17.019550666625797,-1.306374840224948,3.211268377002176,3.2092442211191115,0.0374491899624724,0.0442846907095006
1.0,0.2,0.0,0.0,40,0.1,19,-19.47915686181748,1.876533486892712,17.236965168064316,-1.1697290833015754,3.2232750853577685,3.200788467012885,0.0452913456400116,0.0557121446965928
1.0,0.2,0.0,0.0,40,0.1,20,-20.077803360088545,1.6487561280247902,16.60556270668928,-1.108257822234199,3.209032069460388,3.210524572177783,0.0476957419508996,0.0454574575858483
1.0,0.2,0.0,0.0,40,0.1,21,-19.932416830530837,1.400690518309922,16.68569387671564,-0.8164466446986129,3.206271231123477,3.207861251333793,0.0483170721182806,0.0576131918040911
1.0,0.2,0.0,0.0,40,0.1,22,-19.969839896033307,1.5411645615601233,17.067985733488282,-1.024490443705532,3.20006076673825,3.2011841782114727,0.0575232001806359,0.0554872396029509
1.0,0.2,0.0,0.0,40,0.1,23,-20.233235016050184,1.434146123804564,17.05672672134943,-1.3345839000221709,3.195852270476865,3.197589754058213,0.0520737324936849,0.0543071962797593
1.0,0.2,0.0,0.0,40,0.1,24,-19.67464440223929,1.4668420969621725,16.539336585662376,-1.2377227175373418,3.208233225898834,3.216366197579552,0.0541818789857538,0.0540279494836973
1.0,0.2,0.0,0.0,44,0.05,0,-26.595613263490037,1.276135953402679,23.68515475690068,-0.9344309133748918,5.761215257963749,5.720747299788616,0.0496298906714988,0.0420314314847708
1.0,0.2,0.0,0.0,44,0.05,1,-28.272795682299108,1.3168790185058454,22.577733960543068,-0.4901117316838224,5.726398896771609,5.739310741432831,0.0488443024665209,0.0359741054529031
1.0,0.2,0.0,0.0,44,0.05,2,-27.59671359674208,1.0510759731953536,24.28728069339084,-1.291061005453654,5.743423423230602,5.726423712406059,0.0368586194437379,0.04041906693938
1.0,0.2,0.0,0.0,44,0.05,3,-28.253522024223955,1.7092408434125166,21.735638765377335,0.4830815559870569,5.733134342029159,5.748155778038407,0.0445437924020571,0.0419087583115583
1.0,0.2,0.0,0.0,44,0.05,4,-27.92050049577016,0.4293135488173378,23.35977652995262,-0.8220395158999265,5.746694939692038,5.719276026212921,0.0591294494959791,0.0492072089103766
1.0,0.2,0.0,0.0,44,0.05,5,-27.613627158433577,1.7176810067605028,22.464987992279934,-0.5564337409229714,5.732690798374712,5.742706166902277,0.038474865119004,0.0373263643756919
1.0,0.2,0.0,0.0,44,0.05,6,-27.626067554576792,0.7036179593517018,23.48670537930789,-0.3210740175689184,5.74677338360106,5.739121327167203,0.0492655989609389,0.0549022450581389
1.0,0.2,0.0,0.0,44,0.05,7,-27.02078156128027,0.7945342164703921,24.169950904920384,-0.3084570266215392,5.754346461086601,5.718206388241462,0.0539842079318599,0.0599410024814806
1.0,0.2,0.0,0.0,44,0.05,8,-27.35145042523684,0.4699115321987208,23.89733742666321,-1.4801159436299574,5.736491912533228,5.718042873162686,0.0501423101841814,0.0462043827436408
1.0,0.2,0.0,0.0,44,0.05,9,-28.14613952240533,1.318117676150922,22.878092392470247,-0.4060704064325904,5.725025756421801,5.735296798710554,0.0399574486734781,0.0578749786930359
1.0,0.2,0.0,0.0,44,0.05,10,-27.68033068403611,0.8272751057278409,22.787456069755518,-0.7799376526000061,5.743783628749032,5.744496647729651,0.0430727010777701,0.0467390565683388
1.0,0.2,0.0,0.0,44,0.05,11,-28.352185120293065,-0.3835953967004222,22.12646994073309,-0.3153167361981425,5.729606823018132,5.7342548550366255,0.049208761910843,0.0555074156167102
1.0,0.2,0.0,0.0,44,0.05,12,-27.410800343031795,1.1100956584264412,22.997591577706668,-0.3890909454677493,5.754116735639856,5.722131395508079,0.0365398188564824,0.0470080273924183
1.0,0.2,0.0,0.0,44,0.05,13,-28.212326963772828,1.401786441030005,23.375364228694536,-0.4019457151692193,5.736583594608047,5.723256032870265,0.0615779804640692,0.0416719204420238
1.0,0.2,0.0,0.0,44,0.05,14,-29.370266318161026,1.099178503684239,22.984910144030405,-0.4428271931100922,5.719965925614113,5.736750826680336,0.0406586374738712,0.0432741783636394
1.0,0.2,0.0,0.0,44,0.05,15,-27.92586216397232,1.488673006270387,23.09518979514858,-1.0121005226169597,5.738244388281189,5.726170282864704,0.037924350671794,0.0406931878975692
1.0,0.2,0.0,0.0,44,0.05,16,-26.92882016248476,1.7063479847198042,23.333214622126885,-0.3563489544547995,5.752826372010426,5.734932120438202,0.050937607803154,0.0351779015805737
1.0,0.2,0.0,0.0,44,0.05,17,-27.720031217209986,2.542422518690964,22.86210648905693,0.0144628319786335,5.740663147677926,5.715698095560383,0.0473191209880152,0.0573680432479726
1.0,0.2,0.0,0.0,44,0.05,18,-27.317395328428617,2.084931302698515,22.71849054376186,-0.4374602911858833,5.742816636848296,5.733208025177738,0.0471192746557534,0.0482073695812337
1.0,0.2,0.0,0.0,44,0.05,19,-27.417341156936807,0.8918497153624971,22.938179176153167,-1.0234366975906155,5.753190429567165,5.7440029525944505,0.0367998107385339,0.041872697979262
1.0,0.2,0.0,0.0,44,0.05,20,-28.552643252944957,1.87695281492224,23.135272438005465,-1.7157412563386103,5.734708016548679,5.727965147322911,0.0440146664379841,0.0451942573944164
1.0,0.2,0.0,0.0,44,0.05,21,-28.64368246544751,2.41937560328029,23.85388884286107,-0.0323962657918019,5.733165771854705,5.728807646022391,0.0492452237175515,0.0482131523343434
1.0,0.2,0.0,0.0,44,0.05,22,-28.092888521270595,2.191947835745315,23.499475364638634,-1.3608147346282458,5.722145525461571,5.729412247060094,0.0517616081304404,0.0375851036314279
1.0,0.2,0.0,0.0,44,0.05,23,-26.57113650958272,1.474811290061948,23.4802606542196,-0.7618766004274232,5.761449213469912,5.735731509347546,0.0429680559238406,0.0420225865606789
1.0,0.2,0.0,0.0,44,0.05,24,-28.316202132255185,1.6657692333183365,22.207420636615417,-1.362850364848112,5.7243824827775205,5.740133901996856,0.0517298102000215,0.0410592042867074
1.0,0.2,0.0,0.0,44,0.06,0,-26.732168301309457,1.241021704434052,23.41083492652561,-0.992140135745972,5.763908548598884,5.723622074704204,0.0536412414914395,0.0389742678059788
1.0,0.2,0.0,0.0,44,0.06,1,-28.12799272477572,1.2859727141847768,22.819201339505817,-0.6466916773167365,5.732178580181205,5.743750523154606,0.052407969770827,0.0373751642018416
1.0,0.2,0.0,0.0,44,0.06,2,-27.74366725490682,1.1533131599728603,23.601535313851592,-0.9510910841502476,5.744631416702859,5.734444092995,0.0415442174054315,0.0416939716904954
1.0,0.2,0.0,0.0,44,0.06,3,-27.6843816552208,1.969848096306216,21.69723449015096,0.1058645707445131,5.740458787030081,5.758397018902358,0.0408973676036576,0.0371373779849007
1.0,0.2,0.0,0.0,44,0.06,4,-27.458317222944864,1.0161388838355596,23.304672616210663,-0.7458484277264115,5.757245236083215,5.722513279074912,0.0455703397582936,0.0451964267976838
1.0,0.2,0.0,0.0,44,0.06,5,-27.773363363368624,1.4674866972848344,22.58327554251311,-0.6427001798271126,5.73576323418837,5.744172159327103,0.0393227415779958,0.0358174305565206
1.0,0.2,0.0,0.0,44,0.06,6,-27.4130662851468,0.976417701214542,23.60307698720103,0.0207766206108319,5.7541361885776965,5.7398445097415465,0.049375659236514,0.0498919702175588
1.0,0.2,0.0,0.0,44,0.06,7,-26.790143201223987,0.6973922660049041,23.655752731058698,-0.3710395998264435,5.762648624080861,5.726706099746013,0.0522146857226305,0.0582344690019221
1.0,0.2,0.0,0.0,44,0.06,8,-27.41053401592481,0.5080114620277045,23.886280807611723,-1.356298223238208,5.741091071787763,5.718842058265672,0.0538072756464575,0.0552355116014889
1.0,0.2,0.0,0.0,44,0.06,9,-27.724300912055377,1.236577329055928,22.67347627938063,-0.536316487456593,5.735985400066956,5.745637294955989,0.0379349187306782,0.055694792068465
1.0,0.2,0.0,0.0,44,0.06,10,-27.37409903340933,0.6609484996503765,22.468935467334347,-0.7672749987709486,5.759891611233944,5.753275706229397,0.0369500085456759,0.0490269669434828
1.0,0.2,0.0,0.0,44,0.06,11,-28.01793769806652,-0.145594861443252,22.541682574267803,-0.5387734596735121,5.741406559953514,5.73413407239746,0.0443439015784081,0.0551730822479642
1.0,0.2,0.0,0.0,44,0.06,12,-27.348983802364074,0.947238995241352,22.84128856742035,-0.3788132714816183,5.758344110385044,5.728823137095643,0.0401848326455807,0.0468672766036718
1.0,0.2,0.0,0.0,44,0.06,13,-28.32704982049825,1.2741279188016574,23.306053006796635,-0.2294398775366112,5.733311916759536,5.727778214461888,0.0677619692343034,0.0443326079215496
1.0,0.2,0.0,0.0,44,0.06,14,-28.39737016892421,1.04483946762616,22.81220953866523,-0.4676915391736531,5.733521023856373,5.740826724053597,0.0382382335160285,0.0427890878401265
1.0,0.2,0.0,0.0,44,0.06,15,-27.02869945208617,1.4625571345930457,22.604363233715805,-1.4305932170753546,5.751703485808159,5.740416017054375,0.0431673080330103,0.036151242811943
1.0,0.2,0.0,0.0,44,0.06,16,-26.935813698453508,1.646333855705116,23.10643196518921,-0.176695382503619,5.762338894514171,5.737229149400211,0.053194461022349,0.038515413300303
1.0,0.2,0.0,0.0,44,0.06,17,-27.637942675846848,2.231576199275139,22.97583537761648,-0.0723041528200079,5.7475642754795535,5.722394866496665,0.0452355186481242,0.0557214339671936
1.0,0.2,0.0,0.0,44,0.06,18,-27.10038976281585,1.82409109009768,22.9522476669088,-0.603808492542147,5.752466460764629,5.728207110680906,0.0484829591679986,0.0590918587207123
1.0,0.2,0.0,0.0,44,0.06,19,-27.076059818811675,0.7588006969713752,22.705153788538446,-1.0239797343053123,5.768736443583263,5.7513116803872375,0.040628818390503,0.0420058970086232
1.0,0.2,0.0,0.0,44,0.06,20,-27.883239215662663,1.5816260001609832,23.368403187646987,-1.4123109106226306,5.747184082575949,5.726071176396236,0.0430187363023237,0.0455136666961983
1.0,0.2,0.0,0.0,44,0.06,21,-28.44272407507037,2.12857077121086,23.835346045186803,-0.2359235457456261,5.737011839263935,5.729188929047751,0.0464487842580246,0.0509877997825023
1.0,0.2,0.0,0.0,44,0.06,22,-28.21125901621545,1.9676656026247747,23.595228466816117,-1.178548978249002,5.728891725593088,5.7305787640960135,0.0523815099557352,0.044502577054708
1.0,0.2,0.0,0.0,44,0.06,23,-26.766836835415216,1.2731149318699777,23.51014652459056,-0.9077838491116792,5.763550687434919,5.7324535496356335,0.0494313769283583,0.0478780167353983
1.0,0.2,0.0,0.0,44,0.06,24,-27.93464016293933,1.425738939178621,21.87957529445677,-1.1732258606946495,5.734766629838332,5.749383030599473,0.0478325340377605,0.0408872114591775
1.0,0.2,0.0,0.0,44,0.08,0,-26.765673672321768,0.9805302225782356,23.12816651638793,-0.9112277704842068,5.77925758371783,5.73566576269261,0.0539329632660445,0.0358665568257199
1.0,0.2,0.0,0.0,44,0.08,1,-27.65774526704128,1.0239409758003482,22.44596037412895,-0.4736689866694883,5.747849380438148,5.753571383079661,0.0478256508629561,0.0375509601815873
1.0,0.2,0.0,0.0,44,0.08,2,-27.60150154328229,1.2163551144243248,23.106666215024998,-0.7315936085573436,5.754994519828942,5.7452234970863305,0.0460358964543795,0.0379305596074921
1.0,0.2,0.0,0.0,44,0.08,3,-27.388835754128223,1.4216772262012318,21.82557917604421,-0.0620556915543197,5.757696834232273,5.765024399830884,0.038944895527841,0.0350731121405522
1.0,0.2,0.0,0.0,44,0.08,4,-27.25182451438032,0.6636562882985086,22.89858580056117,-0.7226099585984767,5.76495439580073,5.736466933595993,0.0580900674178707,0.0431361119074314
1.0,0.2,0.0,0.0,44,0.08,5,-27.605734072827197,1.4383384405152626,22.16931777138712,-0.7573433349736935,5.7470884217619815,5.771818619621117,0.0425094841078723,0.0342285980184722
1.0,0.2,0.0,0.0,44,0.08,6,-27.45865911339124,1.190497687794272,23.07570247769731,-0.4673023180957937,5.759077987928721,5.7526037299216375,0.0531584679877786,0.0499162287079077
1.0,0.2,0.0,0.0,44,0.08,7,-26.807536066470583,0.7977284795346247,23.15276816463537,-0.18524448808514,5.775840920302097,5.736564985796506,0.0496240273817524,0.0592629142271462
1.0,0.2,0.0,0.0,44,0.08,8,-27.155381588583666,0.8190557564848611,23.423562162459422,-1.1265436258292834,5.759325514376154,5.730177626254089,0.0504891519208235,0.051250121108116
1.0,0.2,0.0,0.0,44,0.08,9,-27.101203354730487,1.0212217103288903,22.706665611585755,-0.8378598198237569,5.753704558101288,5.745621876002178,0.043311243084496,0.0565913083067872
1.0,0.2,0.0,0.0,44,0.08,10,-27.24605945213741,1.0327392597475575,22.23183562134304,-0.7205991819798226,5.773125464516505,5.767383295062876,0.0387112522789833,0.0483408159105484
1.0,0.2,0.0,0.0,44,0.08,11,-27.27561668487212,0.19805635642486,22.61913484008466,-0.6254645137563711,5.761616474941575,5.7440838990349405,0.0449193730300024,0.0499340685089688
1.0,0.2,0.0,0.0,44,0.08,12,-27.175669747636547,0.8772351013927617,22.499679713545284,-0.2338699173882241,5.772325004796711,5.73983634782774,0.0450398324005804,0.0461911921205184
1.0,0.2,0.0,0.0,44,0.08,13,-27.644410545570647,1.2611204588509082,22.82421585202756,-0.3311235016413427,5.750535603632367,5.735434788778404,0.0615624712464067,0.0438666129512368
1.0,0.2,0.0,0.0,44,0.08,14,-27.9612689855453,0.9838337144211754,22.48808958913597,-0.2699433726988157,5.752339912943905,5.752786376800966,0.0419307313158037,0.0402831695217032
1.0,0.2,0.0,0.0,44,0.08,15,-26.891586036014303,1.245164450018042,22.53598904015106,-0.9781609011107598,5.766867739426752,5.746326663134053,0.0362423346934574,0.034818669147629
1.0,0.2,0.0,0.0,44,0.08,16,-26.49702564981301,1.6591371223407143,23.42729062052381,-0.3151920199977117,5.779726521817787,5.7380243304316725,0.0532541314668163,0.0400386095450925
1.0,0.2,0.0,0.0,44,0.08,17,-27.265987745888246,1.8332974462177625,22.79313792483498,-0.2608931544927456,5.761280842933302,5.735094444652147,0.0480502068279024,0.0493118835961743
1.0,0.2,0.0,0.0,44,0.08,18,-27.17026959855641,1.777309137081909,22.657387538845004,-0.5265472600111685,5.7617287765500365,5.741627217248399,0.0499673349875094,0.0485975935741325
1.0,0.2,0.0,0.0,44,0.08,19,-27.084801153766165,0.7614973504405553,22.5136107837396,-0.8276644152786703,5.782191022923789,5.759583238422018,0.0409161406500841,0.0459504879511455
1.0,0.2,0.0,0.0,44,0.08,20,-27.489328425697195,1.417810252255357,23.11458008201428,-1.2218951053084144,5.765995683635139,5.731976919835028,0.0427046769584388,0.0417575803220923
1.0,0.2,0.0,0.0,44,0.08,21,-28.08792791811402,1.8498636511064452,23.16680464540517,-0.2241933537570686,5.749642160573907,5.742930429421663,0.0464121120212229,0.0564823519835671
1.0,0.2,0.0,0.0,44,0.08,22,-27.627141050961452,1.5587437806412583,23.01523305598404,-0.8003362375335615,5.748018689822529,5.7450843136112,0.0477709818499825,0.0419033143482946
1.0,0.2,0.0,0.0,44,0.08,23,-26.51530720778789,1.2539467765845127,23.240946665586016,-0.9311607723794106,5.781461564625912,5.742653828551433,0.0499752001081887,0.0506798961200367
1.0,0.2,0.0,0.0,44,0.08,24,-27.69351399032951,1.2244553720706393,21.999580027504862,-1.1087721061217446,5.745951002524934,5.756830105688963,0.0480800795907459,0.0409326167361923
1.0,0.2,0.0,0.0,44,0.1,0,-26.28307924483657,0.9219412168117782,22.64098093561344,-0.753422949603392,5.805044850240661,5.746497539280648,0.0502679493303676,0.0360748875509652
1.0,0.2,0.0,0.0,44,0.1,1,-27.442101450864577,1.012121785397893,22.33888974879824,-0.490999081553258,5.763106615882893,5.767539155440794,0.0502338235593637,0.0362130905165329
1.0,0.2,0.0,0.0,44,0.1,2,-27.18655893792547,0.9887047543188932,22.673484865079203,-0.7861276009685096,5.768714867007068,5.760017755586581,0.0509098662778124,0.0341795753152579
1.0,0.2,0.0,0.0,44,0.1,3,-27.239834160402022,1.3483976710319403,21.91329183317425,-0.0521518692475837,5.764715958198685,5.772780388589048,0.041433061058918,0.0358199946778187
1.0,0.2,0.0,0.0,44,0.1,4,-27.24143945221335,0.5639673985402882,22.678017572820064,-0.5181539830251118,5.777388646615145,5.748880274645814,0.0583733015059215,0.0462316865477987
1.0,0.2,0.0,0.0,44,0.1,5,-27.272884301393333,1.1294000986046406,22.31957498946162,-0.6857816408723454,5.763835768339925,5.771001842377938,0.0439133578815809,0.0317871828413548
1.0,0.2,0.0,0.0,44,0.1,6,-27.37301664932065,1.1160983354559164,22.693733215702505,-0.4257265437943156,5.770670531751173,5.765601567495155,0.0576720050482723,0.0486760631381471
1.0,0.2,0.0,0.0,44,0.1,7,-26.328350320142803,0.6624451553140778,23.088895293991275,-0.3599930553757644,5.795379017661781,5.742075358078877,0.0347395346786285,0.0568548358311254
1.0,0.2,0.0,0.0,44,0.1,8,-27.036676903502094,0.5894796043063562,22.905335286021334,-0.8557577173042983,5.774102124085469,5.743723548408631,0.050944237387308,0.050892338447766
1.0,0.2,0.0,0.0,44,0.1,9,-26.7945488180861,0.8598345830752622,22.5234617639558,-0.6818193055239332,5.76687536972546,5.755726288496973,0.0534241213335795,0.0614395330573931
1.0,0.2,0.0,0.0,44,0.1,10,-27.179520390203496,1.0098055935853707,22.115669798554983,-0.5478492723643734,5.779208748459086,5.769996195803458,0.0452286037887417,0.0542602752992687
1.0,0.2,0.0,0.0,44,0.1,11,-26.915061416103143,0.2269780917609669,22.459961173957016,-0.8639543799041929,5.780072560678767,5.757091338162522,0.0375850968803076,0.0510462434513146
1.0,0.2,0.0,0.0,44,0.1,12,-27.21469071053177,0.8929685150170131,22.334031215026645,-0.4606007503756449,5.784381223539089,5.748650077846084,0.0520804648803455,0.0459683570446951
1.0,0.2,0.0,0.0,44,0.1,13,-27.687825550682,1.0248698658350537,22.6356066188229,-0.0645135310710851,5.753870150967068,5.749583208297834,0.064406300570681,0.0435206855681948
1.0,0.2,0.0,0.0,44,0.1,14,-27.399016997004413,0.9804494491796628,22.05783455872235,-0.3013698549002531,5.767053320867727,5.768005224761973,0.0481391005521268,0.0437419570212233
1.0,0.2,0.0,0.0,44,0.1,15,-26.567638820434357,1.001348290590217,22.4373963522193,-1.0685797173108995,5.785615976223543,5.755900339459299,0.0361993154420343,0.0364767221036072
1.0,0.2,0.0,0.0,44,0.1,16,-26.452248277515533,1.5657423722475663,23.22866301016805,-0.4131721394877629,5.794236073554935,5.740345409472027,0.0546537905157287,0.0444887360584538
1.0,0.2,0.0,0.0,44,0.1,17,-26.80188879821958,1.4930440860092054,22.544075118196005,-0.249099259999189,5.782074196239658,5.74451250003251,0.0465658145720222,0.0447404733804805
1.0,0.2,0.0,0.0,44,0.1,18,-26.97936704742836,1.4535569582866492,22.605229303264803,-0.4914758909093255,5.776832762515076,5.750089078542256,0.0437293237372634,0.0544179030565976
1.0,0.2,0.0,0.0,44,0.1,19,-26.838816836732555,0.6834602318015712,22.46508219190436,-0.7429307095600739,5.796113610306953,5.771017943070333,0.0429946086049862,0.0473616013431791
1.0,0.2,0.0,0.0,44,0.1,20,-27.2453433366474,1.3776814394276946,22.675662306085428,-1.038250397201126,5.7785810911425,5.749739802383944,0.0466815688822035,0.0386552502231247
1.0,0.2,0.0,0.0,44,0.1,21,-27.43659021434634,1.4452867161835428,22.732796411482923,-0.3836166759011007,5.76893658154192,5.754687111328954,0.0461633620195554,0.0572364723246826
1.0,0.2,0.0,0.0,44,0.1,22,-27.269732304173555,1.4378185411436015,22.428858366320952,-0.5579061750615922,5.764294932238252,5.758682446173728,0.0476429569371996,0.0427558234815674
1.0,0.2,0.0,0.0,44,0.1,23,-26.46581527274861,1.083230979460311,22.88769680275814,-0.6384088365785302,5.79779865436588,5.754723093557638,0.0516722429797183,0.0506241257450997
1.0,0.2,0.0,0.0,44,0.1,24,-27.30344363780989,1.1398763747869358,21.85213321479573,-0.9618448422655363,5.761496571908976,5.769710387503327,0.0485288735874011,0.0447369883703058
1.0,0.2,0.06,0.06,36,0.05,0,-10.098358782823455,1.255635136014562,9.783728057943655,-1.1831793978100138,1.3629025437021816,1.3601251479425556,0.0362342653599652,0.0363982740907487
1.0,0.2,0.06,0.06,36,0.05,1,-10.238239412189506,1.369887608687559,9.326955976374272,-1.5438438256166895,1.365338468348566,1.3635148901618317,0.0350191026295868,0.0378656384059453
1.0,0.2,0.06,0.06,36,0.05,2,-10.44123420097036,1.662633258336599,8.813783707820363,-0.7736284838099059,1.3688402766936425,1.3632202470979826,0.0372333492204141,0.0508174388072854
1.0,0.2,0.06,0.06,36,0.05,3,-10.116694861463213,0.8896450188204958,9.677814608115874,-1.4539022880278294,1.3658220118226148,1.3527279231954883,0.0402768079794848,0.0402273051812599
1.0,0.2,0.06,0.06,36,0.05,4,-10.879505139504206,1.5962177745807682,9.12204254150346,-1.1152771023957522,1.3591506861448128,1.3542188790139,0.0413277360442346,0.0414240172352499
1.0,0.2,0.06,0.06,36,0.05,5,-10.505109893949385,1.3972288264489838,9.455865387287968,-1.3445680336375887,1.369093614039827,1.3676056234222118,0.0349025799499445,0.0360363545071955
1.0,0.2,0.06,0.06,36,0.05,6,-10.527790477655774,1.1907549313554746,9.24625890778707,-1.2123041879966046,1.3618040470585957,1.3672799508933902,0.035999623971522,0.0347673549337715
1.0,0.2,0.06,0.06,36,0.05,7,-10.5338801733191,1.1972410539261928,9.0953641737233,-1.2412582407837909,1.3634481665256988,1.37217937957621,0.0486446566208769,0.0427193526987429
1.0,0.2,0.06,0.06,36,0.05,8,-10.285923232567368,1.4858698945420892,9.054784829682706,-0.8813419451658968,1.3625786755166158,1.3613925025592368,0.0353812455820701,0.046470109586628
1.0,0.2,0.06,0.06,36,0.05,9,-9.88794720019384,1.202996036965332,9.258405280077396,-0.8391075039479114,1.3711148662095565,1.3692272116417354,0.0377189352828508,0.0497916091990125
1.0,0.2,0.06,0.06,36,0.05,10,-10.464685228378068,1.0746679362341558,9.298806802582405,-1.0750881566494872,1.3660151098550146,1.3632716451679907,0.0431076693308586,0.0419344303867959
1.0,0.2,0.06,0.06,36,0.05,11,-10.660768277176327,1.27248770553766,9.375785367259123,-1.271970012310209,1.356870341704249,1.3633429304424511,0.037956240116769,0.0348972347040669
1.0,0.2,0.06,0.06,36,0.05,12,-10.462217609825064,1.5029204021279312,9.37303853231359,-1.2854890345657126,1.360642683335079,1.357453519311291,0.0387703654345659,0.0388334132935977
1.0,0.2,0.06,0.06,36,0.05,13,-10.653289400126653,1.6041814015801452,9.415371791867114,-1.3073915855728837,1.364956868459332,1.3519105167313312,0.0395400810784896,0.038333460341296
1.0,0.2,0.06,0.06,36,0.05,14,-10.432217686871423,1.4888142106037303,9.37029369031556,-1.2228668492450216,1.3639854817552388,1.3609535394133827,0.039383958819169,0.0294550689379275
1.0,0.2,0.06,0.06,36,0.05,15,-9.974354498165928,1.424935547485531,9.424100276173895,-1.266715006425657,1.3665751692102277,1.3581965813697754,0.0380392722546613,0.0371275888305775
1.0,0.2,0.06,0.06,36,0.05,16,-10.45808869936224,1.1829404789099105,9.157794092257683,-0.9029469960833064,1.3644546067813244,1.363536633118908,0.0386491576939593,0.0382381236039141
1.0,0.2,0.06,0.06,36,0.05,17,-10.702854855138767,1.5039049505736626,8.843042994688606,-1.3135600533175584,1.3515200229110789,1.3760705905346031,0.0361697924110337,0.0406087671738535
1.0,0.2,0.06,0.06,36,0.05,18,-9.958206916071582,0.9342017030536448,8.808751270923347,-0.8933933858409185,1.3758026662315916,1.3693449239204991,0.0427894787780774,0.040063523972937
1.0,0.2,0.06,0.06,36,0.05,19,-10.413958376595602,1.0977573346071297,9.192581327350634,-1.118340406903908,1.365336273456632,1.3600540871371896,0.0486752029666053,0.0379181034768404
1.0,0.2,0.06,0.06,36,0.05,20,-10.73403052217772,1.3713946234119148,9.435605261708163,-0.8556891137318663,1.3585875360249544,1.3628488929549605,0.0412951870963328,0.0422809446760042
1.0,0.2,0.06,0.06,36,0.05,21,-10.563981550972583,1.329704710432223,9.261187203148666,-1.153989974569078,1.364796739576943,1.3656531092435744,0.0364408870069861,0.0320894981909662
1.0,0.2,0.06,0.06,36,0.05,22,-10.716915043076348,1.3171004428091846,9.076243720800722,-1.1607307245028422,1.357851655163366,1.3622315436911476,0.0447599177154289,0.0342447183883068
1.0,0.2,0.06,0.06,36,0.05,23,-10.758550072302535,1.5830325050849352,9.509096641199774,-1.121538519165223,1.354281167788464,1.3597183259579524,0.0401634975100921,0.0419533927946823
1.0,0.2,0.06,0.06,36,0.05,24,-10.280286031421962,0.7682421717815111,8.766325775236256,-1.1839565129158762,1.3686110424185178,1.3687170166981164,0.0422202379229739,0.0397522272972639
1.0,0.2,0.06,0.06,36,0.06,0,-10.190413478690498,1.271479415889316,9.58980903671174,-1.1557608654781943,1.3660265061290666,1.361201437972588,0.0341682357037622,0.0318203042000766
1.0,0.2,0.06,0.06,36,0.06,1,-10.37445942830623,1.4103833138971518,9.284037948443476,-1.4822921508234486,1.364772279819487,1.364472665603602,0.0340648340290673,0.0372158811181616
1.0,0.2,0.06,0.06,36,0.06,2,-10.468494588751415,1.5249921144168928,8.9031480074227,-0.7603192704159759,1.367449766239668,1.3700385563707511,0.0398858965585099,0.0431564512851869
1.0,0.2,0.06,0.06,36,0.06,3,-10.185401900104546,1.037106246413003,9.672849801889024,-1.5142466403081964,1.3655846222907018,1.3538397838212326,0.0411534918878296,0.0402204137638948
1.0,0.2,0.06,0.06,36,0.06,4,-10.871703646168706,1.6566907106111133,9.159551714212418,-1.138605314807488,1.3571566239190378,1.3550088470098662,0.0402708194253027,0.0416861245817354
1.0,0.2,0.06,0.06,36,0.06,5,-10.560004965642175,1.4451283285745595,9.434494252955156,-1.2556676489021208,1.3696383542586996,1.3684622994380673,0.0357022182069864,0.0365037274510293
1.0,0.2,0.06,0.06,36,0.06,6,-10.575823142710506,1.2125921490111635,9.269898721935476,-1.217787242966278,1.3624513665570446,1.3669684854169328,0.0403678870451509,0.0330331671056914
1.0,0.2,0.06,0.06,36,0.06,7,-10.56330697448922,1.1890984185189777,9.069132297066124,-1.2352884251287992,1.365021934476672,1.372504942204185,0.0440687668114759,0.0422945063007474
1.0,0.2,0.06,0.06,36,0.06,8,-10.37990224089574,1.3986842380580122,8.991243539636583,-0.8787164579940271,1.3653330024828767,1.362622583288558,0.0357158521915447,0.042693422662909
1.0,0.2,0.06,0.06,36,0.06,9,-10.058609800122465,1.2511931921458093,9.154039266545372,-0.7741312305104346,1.371590655704086,1.3684166411111682,0.0405702132140573,0.0468310822240162
1.0,0.2,0.06,0.06,36,0.06,10,-10.202908335488468,1.1281475001673478,9.35062559302023,-1.1424386215899471,1.3696527031001346,1.3615356788052386,0.0358591015307844,0.0404118561188676
1.0,0.2,0.06,0.06,36,0.06,11,-10.62281565747274,1.298181834908238,9.417137511147637,-1.2626975089643535,1.3563304828622271,1.3660326812956325,0.0385230859313155,0.0339503717941363
1.0,0.2,0.06,0.06,36,0.06,12,-10.432917697174464,1.3804910834717778,9.377306436970922,-1.270564910394922,1.3635723471347168,1.3578995957845788,0.0364155701075565,0.0403871789932435
1.0,0.2,0.06,0.06,36,0.06,13,-10.646698440549253,1.6229904448624293,9.5094702655382,-1.261852292225899,1.3618271458680873,1.3552680989613743,0.0400252576659032,0.0370361483704681
1.0,0.2,0.06,0.06,36,0.06,14,-10.375648006009913,1.4817081905984313,9.444491486908255,-1.0906390812016835,1.363760145808625,1.365422455870288,0.0392031283702477,0.0264712012664707
1.0,0.2,0.06,0.06,36,0.06,15,-10.152910698208617,1.4394720929608915,9.515480655527211,-1.3627601813711752,1.368721119745604,1.3595786784379915,0.0387839673373853,0.034713651249653
1.0,0.2,0.06,0.06,36,0.06,16,-10.511938037999728,1.247126278988847,9.06638979455548,-1.0962415601435445,1.3664614888828444,1.3640002162261702,0.0386907750412688,0.0408971293311488
1.0,0.2,0.06,0.06,36,0.06,17,-10.656361142876785,1.4750854822490054,8.891557619256856,-1.3265012216682317,1.3535282297772575,1.3787543688203965,0.0374908746544439,0.0403984856655755
1.0,0.2,0.06,0.06,36,0.06,18,-9.840081594266668,1.1063698119413683,8.986132266668568,-0.8066909354245512,1.3749001692132168,1.3723808474866486,0.0443193778351759,0.0402582262725789
1.0,0.2,0.06,0.06,36,0.06,19,-10.495846584725788,1.093295064665183,9.273410295919618,-1.1725002345061752,1.3664802687621511,1.359036317939321,0.0470979683044456,0.0378741142406624
1.0,0.2,0.06,0.06,36,0.06,20,-10.552684181856034,1.4905166334392514,9.54484690203982,-0.9822118710387062,1.363645168737981,1.36431857764041,0.0357790890310677,0.0439405847814532
1.0,0.2,0.06,0.06,36,0.06,21,-10.445496114652146,1.2836716415953902,9.273500018311085,-1.0740752958482718,1.3635001211768876,1.3639043656172674,0.0374384814569283,0.0388933303986962
1.0,0.2,0.06,0.06,36,0.06,22,-10.523607321377051,1.3593022515637772,9.065186525254116,-1.1505352287662232,1.357354268761681,1.3633873337758569,0.04072457234949,0.032621577363417
1.0,0.2,0.06,0.06,36,0.06,23,-10.612496005758995,1.306227145976699,9.49755177579903,-1.122140971890622,1.3540767256297743,1.3601952121291812,0.0394136713373442,0.0395502878368068
1.0,0.2,0.06,0.06,36,0.06,24,-10.281180008417085,0.8683445414912936,8.933590290361696,-1.2469460726915993,1.3694648207357325,1.3628780847528457,0.0401031476880255,0.0435417873355616
1.0,0.2,0.06,0.06,36,0.08,0,-10.215911228869286,1.245470378181829,9.558176430131128,-1.213642313396646,1.3715057753420177,1.361001516329165,0.0363130482918338,0.034522649658489
1.0,0.2,0.06,0.06,36,0.08,1,-10.40667609055208,1.3030749877722578,9.311599895114172,-1.3547902647447096,1.368464948902529,1.3672840117260523,0.0398274172215308,0.0382277767363219
1.0,0.2,0.06,0.06,36,0.08,2,-10.45543090697255,1.4461220597384032,9.063899628634063,-0.871519182391737,1.371017747910305,1.370889137656032,0.0388417135830294,0.044413122956104
1.0,0.2,0.06,0.06,36,0.08,3,-10.398106374059166,1.1992681056001622,9.46892918052328,-1.224776053424664,1.3693044555076188,1.3558127457186386,0.0439488776462177,0.0347833607994109
1.0,0.2,0.06,0.06,36,0.08,4,-10.725920263210018,1.4241146547831278,9.23903775006726,-1.0913107155282082,1.3618029202444113,1.357548338239629,0.0443855431974204,0.0413304545819779
1.0,0.2,0.06,0.06,36,0.08,5,-10.57823873914992,1.4071038549649546,9.386656563796384,-1.196792480678617,1.368543245151972,1.3710757644295726,0.0386419893407872,0.0351614958850716
1.0,0.2,0.06,0.06,36,0.08,6,-10.618688160437776,1.2168097415572143,9.333300166423845,-1.148211905001128,1.3644407318570342,1.3721709839630898,0.0350889726022461,0.0300210692957416
1.0,0.2,0.06,0.06,36,0.08,7,-10.633944169829803,1.2785707152904675,9.24586068275822,-1.2006419069403618,1.3662781560506003,1.3734051330992776,0.0451902265599781,0.0428507192032396
1.0,0.2,0.06,0.06,36,0.08,8,-10.430734629917518,1.4441820302634336,9.083676599809424,-0.9277951735148962,1.370173203175406,1.3641093387051624,0.0351776433030958,0.046338289499985
1.0,0.2,0.06,0.06,36,0.08,9,-10.194834930331671,1.2408016973859426,9.415295956287087,-0.9209067462149624,1.37171974830946,1.367467696307011,0.040449921370217,0.0483193961483317
1.0,0.2,0.06,0.06,36,0.08,10,-10.503975645141844,1.187696186660251,9.36896993348533,-1.2039082718081888,1.3696619273937165,1.3654549456877465,0.036506092289345,0.0394415149884312
1.0,0.2,0.06,0.06,36,0.08,11,-10.645862258465089,1.3722802528722826,9.336522326929146,-1.093988824967917,1.360040410902174,1.3626521052965703,0.0383427016928936,0.0363406056590625
1.0,0.2,0.06,0.06,36,0.08,12,-10.55450753104663,1.2718198706215862,9.381556016938427,-1.2170773890746414,1.3647167660656256,1.3609880248249642,0.0418362669596848,0.0403477107252707
1.0,0.2,0.06,0.06,36,0.08,13,-10.60560521686701,1.5293586591970618,9.415289213305371,-1.232565764758009,1.362452290885568,1.3610106504652677,0.0393200440103489,0.0391269426828912
1.0,0.2,0.06,0.06,36,0.08,14,-10.482610270022535,1.5052208312658344,9.495192512152004,-1.105755456291099,1.3655569634650426,1.361214076078934,0.0381850443799527,0.0325522269185853
1.0,0.2,0.06,0.06,36,0.08,15,-10.213667937875398,1.3782184302555458,9.459049221228744,-1.171480094259124,1.367295269065226,1.3635605391049384,0.0383672862355802,0.0397937835952708
1.0,0.2,0.06,0.06,36,0.08,16,-10.35463829115745,1.3254857096227608,9.158836987383587,-1.064467541214035,1.3698413268641407,1.3681403683256594,0.0366225241486357,0.0362453161606092
1.0,0.2,0.06,0.06,36,0.08,17,-10.618770084425522,1.5300434770606044,8.983683755659124,-1.2771219094040516,1.3603369850896625,1.3781275388682517,0.0329105523705293,0.039206851131455
1.0,0.2,0.06,0.06,36,0.08,18,-10.069235530337645,1.1051005969389551,9.147322863397427,-0.8283514185168949,1.3778674985588488,1.371138347317232,0.0440039626476446,0.0439586325113192
1.0,0.2,0.06,0.06,36,0.08,19,-10.507274350935267,1.1274200314488214,9.37687548214712,-1.1691509536283256,1.3652396715569104,1.3618521198975693,0.0443218575766257,0.0350984456171052
1.0,0.2,0.06,0.06,36,0.08,20,-10.582918816617635,1.4900523032300468,9.509692487204482,-1.1457248202852095,1.3649377399843876,1.3639655716283057,0.0386757723468416,0.0408916780580663
1.0,0.2,0.06,0.06,36,0.08,21,-10.599823363380551,1.3787220802328233,9.228059533920828,-1.0788526085154535,1.3655780859283924,1.367752464860215,0.0358200161529885,0.0342029944953486
1.0,0.2,0.06,0.06,36,0.08,22,-10.604368561767414,1.298218749448339,9.112265495460049,-1.130833821185389,1.3617668921899024,1.3659938689286857,0.036345779402962,0.0350353555945352
1.0,0.2,0.06,0.06,36,0.08,23,-10.58864201815514,1.350108310703103,9.435231923358195,-1.2591451793370874,1.3570953766883025,1.3629256814996729,0.0443941554949369,0.0388776451940746
1.0,0.2,0.06,0.06,36,0.08,24,-10.437630097417223,1.0529878938657855,9.145422537119584,-1.2006510855621912,1.3696406198067472,1.3630710377944495,0.0419040387040172,0.044302895099026
1.0,0.2,0.06,0.06,36,0.1,0,-10.322812707040228,1.249384182402308,9.563189449602216,-1.153810408754918,1.3760572183263011,1.365647299700368,0.0343063945984164,0.033358573194418
1.0,0.2,0.06,0.06,36,0.1,1,-10.461743543833297,1.396010239142616,9.336116758453176,-1.3486191356258164,1.373052999622852,1.3692014178971723,0.0348646027900247,0.0399542717465853
1.0,0.2,0.06,0.06,36,0.1,2,-10.521820450141304,1.4371319375314726,9.129860783166816,-0.9318720680553012,1.3713790199977245,1.3741354191668589,0.0403020639046642,0.0407235840229473
1.0,0.2,0.06,0.06,36,0.1,3,-10.464193019555417,1.269899765436886,9.45364565947752,-1.1717394842524658,1.3713121230415246,1.3588785399605732,0.041147937011748,0.0335015538198989
1.0,0.2,0.06,0.06,36,0.1,4,-10.691962287941776,1.5111232214628263,9.355287316506278,-1.1223177571653953,1.3622205312481948,1.361091064473563,0.0405891799011183,0.0395020685313566
1.0,0.2,0.06,0.06,36,0.1,5,-10.678408963655333,1.4205207942176876,9.38145766996483,-1.2094935037307135,1.3706036597445144,1.3727492239920098,0.0386286875785807,0.0349746012016411
1.0,0.2,0.06,0.06,36,0.1,6,-10.64057643063935,1.2414355496128433,9.300523657873724,-1.0861303090798202,1.367441720350094,1.3749807261396414,0.0401680244486151,0.0315286173959342
1.0,0.2,0.06,0.06,36,0.1,7,-10.585835980519548,1.3090707433484725,9.241234722407963,-1.1671526113070123,1.3704869570979994,1.3749283583775649,0.0447128407624773,0.0447317471491094
1.0,0.2,0.06,0.06,36,0.1,8,-10.458751298233858,1.4175632818003927,9.171111196637703,-0.9882149716198614,1.3730882046439328,1.3668808826827072,0.0341880620480588,0.0405213448572285
1.0,0.2,0.06,0.06,36,0.1,9,-10.30494689205237,1.318136711284091,9.5206580430417,-1.0128645690846687,1.3734443287719222,1.3708587697355556,0.0409905448559769,0.0482077072739586
1.0,0.2,0.06,0.06,36,0.1,10,-10.530752246884523,1.2230322055851202,9.3582712070154,-1.215782163992884,1.3705480429057708,1.366657949238886,0.0404676782646664,0.0401824589387084
1.0,0.2,0.06,0.06,36,0.1,11,-10.789113981539437,1.4009736640887898,9.357179425711,-1.125840377458615,1.359385142913603,1.3667893427091764,0.0421963120329607,0.0367734216054896
1.0,0.2,0.06,0.06,36,0.1,12,-10.611658770255117,1.308975658005644,9.40319017806718,-1.1911078080085364,1.3671282159915492,1.361886403382125,0.0434773474818536,0.0424736339362441
1.0,0.2,0.06,0.06,36,0.1,13,-10.595413985219574,1.392675432284933,9.452326688134312,-1.2205555545426334,1.3669966728054304,1.3626591497848757,0.0402146768142756,0.0383495961566402
1.0,0.2,0.06,0.06,36,0.1,14,-10.521311840481236,1.4226360425452245,9.441756197144633,-1.1707439580516477,1.3695923465423172,1.3641578895953432,0.0376115497870029,0.0287139063887629
1.0,0.2,0.06,0.06,36,0.1,15,-10.308514270856833,1.374472346530241,9.412885138965546,-1.1335755466702764,1.371807403176053,1.3653198032649416,0.0407542654555344,0.0424679951553637
1.0,0.2,0.06,0.06,36,0.1,16,-10.426798884077463,1.321273133534984,9.216032274872724,-1.105321301025284,1.372919233117478,1.3695354906297568,0.0364590967250613,0.0372590176546517
1.0,0.2,0.06,0.06,36,0.1,17,-10.579690655255876,1.50115171679996,9.025689248211457,-1.2597881974565657,1.366368887141867,1.3797640170805103,0.0326020482930499,0.0418429343452067
1.0,0.2,0.06,0.06,36,0.1,18,-10.399511649056144,1.254677201756079,9.135147727205124,-0.9836291759006937,1.3729882749138302,1.374798707163923,0.0464914745122281,0.0419575375031695
1.0,0.2,0.06,0.06,36,0.1,19,-10.097321879470956,1.148918764789829,9.329883145910395,-1.1992318724616895,1.3762165895248173,1.3661957499956487,0.0400119407205854,0.0351682963507139
1.0,0.2,0.06,0.06,36,0.1,20,-10.634834733119543,1.443893508912644,9.425556179926597,-1.1534383014318836,1.364269180176414,1.3669531762508698,0.0409341929345675,0.0400828896329262
1.0,0.2,0.06,0.06,36,0.1,21,-10.623880441938963,1.4129854339746606,9.31730246417967,-1.0806145612223703,1.3668228890953429,1.37183422774564,0.0378089089475698,0.0342434251999189
1.0,0.2,0.06,0.06,36,0.1,22,-10.6328122143376,1.3207830119857715,9.263057555759715,-1.1430388289468347,1.365995603671818,1.3680931228277426,0.035683839647117,0.0386915481426948
1.0,0.2,0.06,0.06,36,0.1,23,-10.70224343729186,1.3679509319045453,9.366588560750731,-1.213847839815395,1.3596799942146456,1.365499044051257,0.0409641036181175,0.0370258641076508
1.0,0.2,0.06,0.06,36,0.1,24,-10.455851541717204,1.1237633474134765,9.149865673115624,-1.167065763099978,1.374927613852624,1.3671396765180075,0.0387484284137879,0.0424860885874468
1.0,0.2,0.06,0.06,40,0.05,0,-16.878115239233246,1.0070044666822322,14.048944473471533,-0.5438055182771702,3.041937664972675,3.046987375250089,0.0456501761112051,0.048222544940469
1.0,0.2,0.06,0.06,40,0.05,1,-17.748504570135356,1.169505575894842,14.147239147089294,-0.5784379411584418,3.051359531729319,3.0416723616139603,0.0517709910384576,0.0525577036886115
1.0,0.2,0.06,0.06,40,0.05,2,-16.950945091526997,0.691169326135602,14.916763037054675,-0.660460011143786,3.0449268043679654,3.0295428993070064,0.0495490822554062,0.0495303563598659
1.0,0.2,0.06,0.06,40,0.05,3,-16.936748297476655,0.537728315127515,14.18062903586595,-0.7666626271174621,3.0503978194025314,3.054638500640516,0.052769845063299,0.0489632423886028
1.0,0.2,0.06,0.06,40,0.05,4,-16.31332338373981,1.1463415695803436,14.673468587424692,-0.887608991990411,3.0589922013841284,3.042810812011162,0.0432457580085395,0.0435891214263894
1.0,0.2,0.06,0.06,40,0.05,5,-17.20127494632602,1.2254255692613645,15.139571123791814,-0.5674767414121554,3.053910621253825,3.045981736001067,0.0523757694086306,0.0455342893221944
1.0,0.2,0.06,0.06,40,0.05,6,-17.071772831146063,0.990441396269545,14.808974175575038,-0.7470538664533573,3.039790663743392,3.039207092880589,0.0453360470580612,0.0418967881619085
1.0,0.2,0.06,0.06,40,0.05,7,-16.802372806370588,0.8303643296878509,15.989704727892008,-0.9191048848975998,3.050409396783273,3.024731373484352,0.0550607026377851,0.0504210442566758
1.0,0.2,0.06,0.06,40,0.05,8,-17.49772062157903,1.9657956578868787,14.934745405252617,-1.7868880643295462,3.043500703572455,3.044753551901011,0.0462205971913713,0.0339417532527145
1.0,0.2,0.06,0.06,40,0.05,9,-16.97908722371989,1.248687813604611,14.79791038092582,-0.5895127016691881,3.0544708682476,3.035839473793808,0.0429563077465652,0.0491148381514151
1.0,0.2,0.06,0.06,40,0.05,10,-17.702338221832914,0.8711835038602546,13.98423201162986,-0.5741355305722282,3.0333323188589225,3.048369768879586,0.049131177280276,0.0491954350350755
1.0,0.2,0.06,0.06,40,0.05,11,-17.837321575376947,1.1818784050543951,15.401639668829803,-0.5297715604676899,3.037761177958914,3.02134275253184,0.0525804292796542,0.0586054632602583
1.0,0.2,0.06,0.06,40,0.05,12,-17.363437950672967,1.3163093029822326,14.621419401403152,-0.604814199518564,3.0455043822825614,3.0250115908706525,0.0564579012650272,0.0451022109975293
1.0,0.2,0.06,0.06,40,0.05,13,-18.087371597424973,1.0042718179057315,14.484560608641104,-1.0460360668942317,3.054231154491372,3.0399130701729624,0.049244804256619,0.0455382582200489
1.0,0.2,0.06,0.06,40,0.05,14,-16.62114251562159,1.28311583661865,15.173299693620692,-1.273284564173471,3.0518853127884737,3.022775441405372,0.0378525899182138,0.0582692212850047
1.0,0.2,0.06,0.06,40,0.05,15,-17.491609493052096,1.221628994848082,15.222600342636095,-1.2215250978808485,3.032344717593578,3.024811439368242,0.0460050591514757,0.041486209474816
1.0,0.2,0.06,0.06,40,0.05,16,-16.698648864689606,0.6960680518621205,14.802744635237987,-0.9009413086353636,3.0531690726649865,3.038479770993506,0.0570185517276623,0.0452862327204919
1.0,0.2,0.06,0.06,40,0.05,17,-17.380558806789598,1.386085667019609,15.662592300046128,-0.8833722848542538,3.0234528160323664,3.0335655946723863,0.0602609674884666,0.0540718400219942
1.0,0.2,0.06,0.06,40,0.05,18,-17.80855563554205,1.3895551087324889,14.096921156177109,-0.634896822324156,3.034653470486578,3.04457113605414,0.0451322140804027,0.0474846638265422
1.0,0.2,0.06,0.06,40,0.05,19,-17.301396425674206,1.637548075883341,14.783728102350633,-0.6013275947244832,3.039237323143624,3.0444783371813013,0.0468283942767038,0.0498102230188299
1.0,0.2,0.06,0.06,40,0.05,20,-16.738904380372325,0.824877866859639,15.33021654305705,-1.4053074588058465,3.0514521427716192,3.03659805658796,0.0411543992718859,0.0415957670781529
1.0,0.2,0.06,0.06,40,0.05,21,-17.074182098548473,1.1741776022372306,15.090947591714446,-0.7253224184499385,3.0410794543141693,3.022758337640303,0.057246512311697,0.0516049143789934
1.0,0.2,0.06,0.06,40,0.05,22,-17.12954233174184,1.4317407481417754,14.910876176711152,-1.215107803101213,3.0576889581811364,3.035980662005675,0.0355014977557498,0.0361187812978009
1.0,0.2,0.06,0.06,40,0.05,23,-17.42688957655921,1.004618059191814,14.77688320079211,-0.8088120271696253,3.0469839533402,3.045727735749546,0.0543006973092207,0.0473797008069301
1.0,0.2,0.06,0.06,40,0.05,24,-17.634508192799746,1.1080008915093176,14.999162225044028,-1.1103168605551237,3.029274456050614,3.046242012200213,0.0435437591226168,0.0361302238358589
1.0,0.2,0.06,0.06,40,0.06,0,-17.290800226965832,1.2878840480639535,14.528086114724385,-0.6595955374397545,3.0426245107550924,3.0382625405130472,0.0481593532252178,0.0531193368719974
1.0,0.2,0.06,0.06,40,0.06,1,-17.66003290388008,1.1616896544299655,14.414698879750476,-0.5289387222271423,3.05137237731043,3.0458509390136044,0.0512456886942257,0.0543298500996047
1.0,0.2,0.06,0.06,40,0.06,2,-16.988361935568044,0.9658718596323204,14.880251139969625,-0.6154929640651251,3.049325127935277,3.038821519642714,0.0537594247850136,0.051508147677021
1.0,0.2,0.06,0.06,40,0.06,3,-17.084402946720488,0.5901640118054539,14.487637337406422,-0.7540750333409459,3.0463590430396605,3.0508463293557755,0.0554882227279034,0.042244823632441
1.0,0.2,0.06,0.06,40,0.06,4,-16.797976897790875,1.0602650956459128,14.744988202846612,-0.8399095645058471,3.0600917824434086,3.043497747826461,0.0458358421613166,0.0476015400888886
1.0,0.2,0.06,0.06,40,0.06,5,-17.15794225229271,1.1467040258971446,15.191954743916156,-0.5175054070986779,3.052520094394644,3.0472619407385366,0.0531890670079609,0.0471925447728758
1.0,0.2,0.06,0.06,40,0.06,6,-17.244371429901825,1.028544012100821,14.782130381851069,-0.8367944873272745,3.038887571381694,3.044290676199961,0.0469001116385931,0.0400610596831757
1.0,0.2,0.06,0.06,40,0.06,7,-16.87367092478507,0.8307603246002346,15.95820075960474,-0.9496395581997868,3.05347066916709,3.024952152977968,0.0534579249818191,0.053398504559733
1.0,0.2,0.06,0.06,40,0.06,8,-17.504694956980423,1.953273818494089,15.009518858216262,-1.7441150414770934,3.047531011973525,3.0473626928456974,0.04551320066089,0.0331052409400703
1.0,0.2,0.06,0.06,40,0.06,9,-17.21591228367817,1.4130460307791155,14.785672948498306,-0.5503649198955856,3.043762496504671,3.0409528157076,0.0442470344509403,0.0468158366838537
1.0,0.2,0.06,0.06,40,0.06,10,-17.684494666391764,0.7881236711434614,14.191256566916383,-0.8180192410360453,3.0387237378811327,3.0511455757573542,0.0521521973819055,0.0438946541383278
1.0,0.2,0.06,0.06,40,0.06,11,-17.656476685249856,1.1864125914516204,15.291062775064024,-0.4710011314722749,3.039889662119289,3.023738670329937,0.0542883405646688,0.0567150362921472
1.0,0.2,0.06,0.06,40,0.06,12,-17.511705453695523,1.3286288095192391,15.164639592935258,-0.5972028291500628,3.0438596738262174,3.0278575204668905,0.0605219303510044,0.0464059008911417
1.0,0.2,0.06,0.06,40,0.06,13,-18.2511034628098,1.1021461776916992,14.445885697117069,-0.8908305706102394,3.057287853029037,3.0315664980810366,0.0482291543559968,0.050215168591368
1.0,0.2,0.06,0.06,40,0.06,14,-16.924018531902636,1.3994803792312194,15.185529797906376,-1.2097662040573027,3.0536131330826817,3.0312263738445457,0.0437049292490383,0.059169772382334
1.0,0.2,0.06,0.06,40,0.06,15,-17.44860088429234,1.2575660844981296,15.227074075014734,-1.0710831501467606,3.0368575593597806,3.0258016938475167,0.0467030979206271,0.0437074113378181
1.0,0.2,0.06,0.06,40,0.06,16,-16.96633692792667,0.7713722536310184,14.956045111517987,-0.6706272099186191,3.051124813308762,3.0421537395737643,0.0517812243342591,0.0494284098823347
1.0,0.2,0.06,0.06,40,0.06,17,-17.55747772760115,1.3751719973795362,15.156614817020465,-0.856992101518374,3.0326215443391087,3.037111147835798,0.0561693836817467,0.0632857618900378
1.0,0.2,0.06,0.06,40,0.06,18,-18.08825234267855,1.4268604332898311,14.423132045299582,-0.6698155110228111,3.032805684550704,3.0466031197739896,0.0475099743150044,0.0447274289147134
1.0,0.2,0.06,0.06,40,0.06,19,-17.422772886154103,1.5811110189058817,14.982494686827884,-0.6865566520122977,3.0407946078448824,3.0463047234091976,0.0448257948750277,0.0489986904740166
1.0,0.2,0.06,0.06,40,0.06,20,-16.927644151036514,0.978932131473647,15.30532949871882,-1.3202050017825222,3.0625759213484933,3.0397476825712717,0.0423206773048503,0.0405087052670887
1.0,0.2,0.06,0.06,40,0.06,21,-17.538032887032664,1.172726281436154,14.89476560349874,-0.7326564053043234,3.042547097297507,3.0306263001010727,0.0551863722733832,0.0483962997653648
1.0,0.2,0.06,0.06,40,0.06,22,-17.42689433177708,1.462388320170764,15.11101469145208,-1.210383676182017,3.0600188576786955,3.037503701845666,0.040233944621113,0.0346241137009523
1.0,0.2,0.06,0.06,40,0.06,23,-17.581411127099766,0.8898857291377579,14.762670322016714,-0.5772611901194641,3.045521290548344,3.050376193500532,0.0541903767161838,0.0488184055729904
1.0,0.2,0.06,0.06,40,0.06,24,-17.70191321181247,1.1239365422729484,14.929165066679808,-1.0081025385206024,3.031408053223227,3.048938945043703,0.0438364236243255,0.0358271593391947
1.0,0.2,0.06,0.06,40,0.08,0,-17.571682727032407,1.305626532084093,14.562624079276144,-0.7263454746427754,3.0500346157342264,3.049225862494938,0.053724921352204,0.0490358392205552
1.0,0.2,0.06,0.06,40,0.08,1,-17.797950803048522,1.2063274045189685,14.814275147875245,-0.6173320553340094,3.058110651972144,3.0467403908609096,0.0492441562000962,0.0563554463536595
1.0,0.2,0.06,0.06,40,0.08,2,-17.24240115092077,1.0909398591976085,14.985616598551726,-0.7209749905577435,3.0608790577171776,3.042175950562972,0.0466461606107125,0.0533176784431124
1.0,0.2,0.06,0.06,40,0.08,3,-17.447647457490955,0.7674617702761428,14.696739928091366,-0.6935529215716398,3.0543231664598234,3.0521550734342773,0.0540162560281579,0.0441622827083892
1.0,0.2,0.06,0.06,40,0.08,4,-17.126334085450324,1.1625204009635284,15.05367506909853,-0.882500696227364,3.0664925568035324,3.047809686385514,0.042789052980249,0.0526005393655017
1.0,0.2,0.06,0.06,40,0.08,5,-17.627351878489776,1.252351046911231,15.098877523782384,-0.7639964190557059,3.052710424935196,3.050229605587457,0.0529757988082695,0.0441241385408
1.0,0.2,0.06,0.06,40,0.08,6,-17.556345339949843,1.2114105670152284,14.88965198759186,-0.7843420904788467,3.044761824174618,3.047833871091904,0.0467302070505775,0.0438122595486918
1.0,0.2,0.06,0.06,40,0.08,7,-17.136404074343247,0.8892229448490416,15.918824719614648,-0.9754379242991976,3.061047296984336,3.0241471489257967,0.0580757236266103,0.0539751782764037
1.0,0.2,0.06,0.06,40,0.08,8,-17.72267740748819,1.805567047774046,15.15772054799178,-1.4936017288566017,3.052059626127011,3.0475259065846925,0.0479660352755588,0.040601427618289
1.0,0.2,0.06,0.06,40,0.08,9,-17.31334907509564,1.6185638600321484,15.038776661696318,-0.601598850788645,3.049461239957453,3.041992302679592,0.035289603869517,0.0466861303852777
1.0,0.2,0.06,0.06,40,0.08,10,-17.88665524308915,1.0728087452730213,14.43346513931406,-0.8180950003422672,3.04577507540557,3.0554158780008938,0.0493644353757231,0.0424021485901817
1.0,0.2,0.06,0.06,40,0.08,11,-17.706245517064357,1.2243197761223832,15.294356724576522,-0.7956687877884236,3.0467426686314663,3.0289154899039485,0.0568140114504707,0.0566754172009624
1.0,0.2,0.06,0.06,40,0.08,12,-17.320612643768314,1.278378867242418,15.269909508292542,-0.5741477889332339,3.051496040923537,3.0312448999779145,0.0455233586049442,0.0464197781921667
1.0,0.2,0.06,0.06,40,0.08,13,-18.093731841238483,1.0688426311939914,14.775444300568132,-0.9445146542231744,3.056317495690388,3.041447845646869,0.0537700739484074,0.0486943598861339
1.0,0.2,0.06,0.06,40,0.08,14,-17.311785450403534,1.3660568614465238,15.326674264490524,-1.1972654472409494,3.059902566752052,3.032453651561069,0.0413206349216024,0.0604333006599347
1.0,0.2,0.06,0.06,40,0.08,15,-17.578928235509245,1.2351728660599757,15.545428038511046,-0.9406080012187208,3.048382755205952,3.031796394865612,0.0496092358160922,0.0455560305820976
1.0,0.2,0.06,0.06,40,0.08,16,-17.223334108959765,0.8583502803018632,15.1948345281316,-0.9085309377161016,3.066933842788744,3.0407298747847262,0.0536882489013693,0.0501775476894346
1.0,0.2,0.06,0.06,40,0.08,17,-17.490243376923004,1.412531140080753,15.534214956516855,-0.9581426650176964,3.043029612277187,3.030567518835353,0.0568564192125224,0.0607699765410555
1.0,0.2,0.06,0.06,40,0.08,18,-17.947355461027513,1.1320834410457947,14.744675868945022,-0.796027868636038,3.042242484877112,3.0505315292707005,0.048166471602593,0.0456285793816147
1.0,0.2,0.06,0.06,40,0.08,19,-17.608907587353574,1.5151877902421016,15.0592033896114,-0.7619443024588183,3.047576678873111,3.050023445134192,0.0469147319842172,0.052170753410651
1.0,0.2,0.06,0.06,40,0.08,20,-17.318094653845648,1.1637274962171944,15.174001642722317,-1.113599360003504,3.0618159263327924,3.043894318112257,0.0491174907574282,0.0439387623900306
1.0,0.2,0.06,0.06,40,0.08,21,-17.651805436823608,1.1331534653537596,15.008252040194886,-0.7662502942543181,3.044461128175373,3.0371699385222355,0.0576363629275345,0.049623982250597
1.0,0.2,0.06,0.06,40,0.08,22,-17.5867159445272,1.2267491696229496,15.269648639155095,-1.0676722654603314,3.063841786371167,3.0443357250255576,0.0494990805094262,0.0328030052114674
1.0,0.2,0.06,0.06,40,0.08,23,-17.527385981312907,0.9490740003120058,14.943654276805953,-0.757739471431159,3.0520512188789817,3.045678194373136,0.0528991089169694,0.0503627282935911
1.0,0.2,0.06,0.06,40,0.08,24,-17.80149266604661,1.1841055194873402,15.30636403896718,-0.9939152545767856,3.043160893574536,3.0531629364038717,0.0458121488069964,0.0377205126295664
1.0,0.2,0.06,0.06,40,0.1,0,-17.592543492905484,1.2944750538874918,14.865945849617836,-0.8530299003021194,3.064818089567324,3.0499654290574525,0.0539059339114618,0.0443496111225416
1.0,0.2,0.06,0.06,40,0.1,1,-17.828825704541767,1.2311045407153434,15.020681255598651,-0.7156345732692296,3.0658548673137136,3.048080359606642,0.0473526620700595,0.0567580243819753
1.0,0.2,0.06,0.06,40,0.1,2,-17.48832138500441,1.1362391475828095,15.016497151614368,-0.7778983579962221,3.0662825839364163,3.0462687262535577,0.0479575810335294,0.0503542586023187
1.0,0.2,0.06,0.06,40,0.1,3,-17.493453743185416,0.8745643242030576,14.900070564088397,-0.7751374380213135,3.0623300886595923,3.056426847041898,0.0569252109478118,0.0458569266038111
1.0,0.2,0.06,0.06,40,0.1,4,-17.327881086754523,1.207678864296907,15.073922836773187,-0.8691822752695642,3.067879418432402,3.047546527088264,0.0493115337859152,0.0519858301138927
1.0,0.2,0.06,0.06,40,0.1,5,-17.742379823628443,1.322305374664274,15.2144691463364,-0.7641463349075226,3.0590848099827683,3.054356389016105,0.0530309645938995,0.0483665917238885
1.0,0.2,0.06,0.06,40,0.1,6,-17.553278596022686,1.2402417555346474,14.988004992101931,-0.767887512202467,3.0577309441941685,3.054574527127976,0.0436744991014105,0.0486654366061149
1.0,0.2,0.06,0.06,40,0.1,7,-17.308131748157606,0.9767698050251966,15.784821851490666,-1.0269758755844405,3.065787015760223,3.027676562994907,0.0558148514696421,0.0541817976038826
1.0,0.2,0.06,0.06,40,0.1,8,-17.657191589606214,1.5397929971621471,15.19627073056439,-1.3505335096042894,3.061212115576531,3.05586747732697,0.0490262931955155,0.041866694867786
1.0,0.2,0.06,0.06,40,0.1,9,-17.53808788260763,1.4715289512968122,15.039541564767848,-0.6738779637931732,3.0561647020216847,3.051056937026974,0.0445873134140468,0.0454482496663749
1.0,0.2,0.06,0.06,40,0.1,10,-18.019031259366173,1.069596485806757,14.658835752861217,-0.8039216224426846,3.052588554511909,3.0617125738534385,0.0498908436747987,0.0397950017036245
1.0,0.2,0.06,0.06,40,0.1,11,-17.5509358562231,1.2523145190509806,15.368372439179565,-0.8757763248235824,3.055677801230223,3.040093322428166,0.0533543034612066,0.0548400387872105
1.0,0.2,0.06,0.06,40,0.1,12,-17.599695516355702,1.3938329233435114,15.227286499006974,-0.7768069069327193,3.058208433830277,3.0387891342899818,0.0430696155437411,0.051473543319805
1.0,0.2,0.06,0.06,40,0.1,13,-18.19104658602309,1.09250832007271,14.817067530390824,-0.939188881820064,3.058750593634087,3.050265150164122,0.0560400335667123,0.0473857559361026
1.0,0.2,0.06,0.06,40,0.1,14,-17.517248506867446,1.327586841429882,15.384054513040637,-1.1365105401000537,3.068737649306973,3.037746735579829,0.039684121339327,0.0540945962577772
1.0,0.2,0.06,0.06,40,0.1,15,-17.73285188915372,1.2279266709987804,15.52119084676506,-0.9520298990274394,3.051512338274869,3.037706744839734,0.0491929916421282,0.0421180008356543
1.0,0.2,0.06,0.06,40,0.1,16,-17.296869031388745,0.960632347106151,15.003066183793386,-1.1158351784292566,3.0761640842843803,3.0529539350348456,0.0503632999542892,0.0465599216221532
1.0,0.2,0.06,0.06,40,0.1,17,-17.616669531109974,1.4468096860051076,15.498209137028477,-1.048062104476967,3.052203712951452,3.0452224536346955,0.056814850910346,0.0516894062385937
1.0,0.2,0.06,0.06,40,0.1,18,-18.10350072562078,1.3507791655820174,14.78933187678844,-0.9051188230777945,3.0429150108979544,3.060524446499296,0.0507151627463144,0.0433844001482656
1.0,0.2,0.06,0.06,40,0.1,19,-17.754652992044356,1.4735649457388729,15.03530994901898,-0.8261158556691264,3.0528429103824246,3.055346623966253,0.0493226901972169,0.0498147762324028
1.0,0.2,0.06,0.06,40,0.1,20,-17.385444129462762,1.1295244560509434,15.206284128960828,-1.1035814363961596,3.07363711590298,3.047942692808683,0.049418870351457,0.0450619860975853
1.0,0.2,0.06,0.06,40,0.1,21,-17.561341793530126,1.118232637139577,15.13233096727869,-0.8760049720435807,3.058457539336377,3.0407258947796247,0.0542467227957402,0.0509101550906764
1.0,0.2,0.06,0.06,40,0.1,22,-17.563427896356167,0.9773740558649722,15.37050917901839,-1.178207111885089,3.071244711070421,3.0475162678343355,0.0455028719584137,0.032149306061818
1.0,0.2,0.06,0.06,40,0.1,23,-17.48354679840787,1.0258970790478408,15.018038105868635,-0.8035771413651475,3.062386189247825,3.054690147763774,0.0597753319172471,0.053981533774069
1.0,0.2,0.06,0.06,40,0.1,24,-17.841384536488256,1.2545833513727795,15.40085775348437,-1.0423362306128328,3.0503310326534088,3.054479909185805,0.0447788675285305,0.044483153419085
1.0,0.2,0.06,0.06,44,0.05,0,-21.65173055077848,-0.2813625268943738,20.424498863755957,-0.4290281312828656,5.499628456236836,5.469362949682962,0.0517571928515984,0.0710451790998305
1.0,0.2,0.06,0.06,44,0.05,1,-22.385607836374632,-0.3582689320055652,17.08994780296845,0.3132534253560202,5.488590057141929,5.493418852059637,0.0500388495643367,0.0435433720785808
1.0,0.2,0.06,0.06,44,0.05,2,-20.58077433218804,0.3593988154640941,17.922619102791565,-1.2201798240285946,5.508700004476746,5.467253197524662,0.0496345786137517,0.0669419291231163
1.0,0.2,0.06,0.06,44,0.05,3,-21.764562900504306,0.642765548354697,17.717504640223577,-0.1114794393448144,5.512248640849069,5.491291680384296,0.0506176252635218,0.0459221450007713
1.0,0.2,0.06,0.06,44,0.05,4,-21.893163264627795,1.0060814129327786,19.76348330194012,-0.6649237909830739,5.510284562931429,5.483844468442667,0.0312718423777808,0.0467430786480234
1.0,0.2,0.06,0.06,44,0.05,5,-22.495365987346524,-0.4720476852743338,19.321502250719917,-0.5407607232624576,5.484076436838856,5.471536866382463,0.0376127390729232,0.046442088765115
1.0,0.2,0.06,0.06,44,0.05,6,-22.57165663681004,-0.0893880121901973,18.435938409460757,-0.0745620060823311,5.484420587533164,5.500332998945045,0.0395566238259589,0.0322615123841207
1.0,0.2,0.06,0.06,44,0.05,7,-21.420966570840942,0.2124583515325335,17.317969226924735,0.2117479619068552,5.486488410309544,5.4680713312322045,0.0464431540733818,0.0392290189158366
1.0,0.2,0.06,0.06,44,0.05,8,-21.835799718076075,-0.1709308084497016,18.840458403814992,-0.3647768495042273,5.504473583212674,5.476292149901418,0.0421016906428084,0.0495808117459791
1.0,0.2,0.06,0.06,44,0.05,9,-22.47642824981978,0.994540714952399,17.973951817231494,-0.4268036867462482,5.478960834688394,5.4760213610336,0.0340005217813311,0.0510848515113291
1.0,0.2,0.06,0.06,44,0.05,10,-22.37513486234776,-0.3109264808425702,17.117396250412696,-0.2003502714100773,5.474566782022596,5.511028166503298,0.0575733170006884,0.0453944480119043
1.0,0.2,0.06,0.06,44,0.05,11,-23.30778411907445,0.2677591345508792,18.705219963909727,0.0182439173287898,5.463146812047206,5.521081133305981,0.0595909240489628,0.0257489209818634
1.0,0.2,0.06,0.06,44,0.05,12,-22.375807825082468,-0.3804360286753006,17.526459163499858,0.2617505251413479,5.502969864042687,5.5049987686592665,0.040483002525634,0.0581254341492221
1.0,0.2,0.06,0.06,44,0.05,13,-22.278828881870965,0.6147141982105673,18.427244949750342,0.3376124980003456,5.492524446530819,5.480774313051375,0.0627520172543726,0.0511845145789944
1.0,0.2,0.06,0.06,44,0.05,14,-23.453151777252845,-0.1615354577512153,18.480607770329748,-0.1860646108007554,5.469403717931123,5.49256148798031,0.0510111434245312,0.048731326790439
1.0,0.2,0.06,0.06,44,0.05,15,-22.74781649092064,-0.0761671409787452,19.529624459769646,0.2467993729576731,5.489349948864255,5.500516761828095,0.055662660757891,0.05071468260021
1.0,0.2,0.06,0.06,44,0.05,16,-23.137855081177115,0.8565080590498958,17.890915770811617,0.824457335384444,5.502097054758008,5.501048095411496,0.0418998909074826,0.0525520928597226
1.0,0.2,0.06,0.06,44,0.05,17,-21.881228151881267,-0.0021218850053117,20.502766812849604,1.0460828293951705,5.487792773231063,5.467086977202802,0.0448479915536717,0.0581186407665146
1.0,0.2,0.06,0.06,44,0.05,18,-21.967210218862164,-0.9344133692604204,19.027485619009106,-0.0198389420971605,5.49153241766392,5.463019158338437,0.0516443062885075,0.0692138449204919
1.0,0.2,0.06,0.06,44,0.05,19,-21.53365443126419,0.277292731686928,18.589966875009605,0.5170580969766561,5.472769255058092,5.47360378151652,0.0470680687589593,0.0674430168134426
1.0,0.2,0.06,0.06,44,0.05,20,-22.00343505937441,0.2394258969181535,17.813486120164804,0.3432724987137499,5.476205748060022,5.483424414701126,0.031841994470861,0.0461037468665022
1.0,0.2,0.06,0.06,44,0.05,21,-22.187280971441268,0.1846737515947523,17.963174789634692,0.0079227112943498,5.488107490216517,5.477271983670772,0.0423961949659628,0.0299108592673659
1.0,0.2,0.06,0.06,44,0.05,22,-22.468400051131574,0.5786015233033479,17.81598738803034,-0.1058642272014422,5.499308953762233,5.494519064234674,0.0306876784241271,0.0354721916463992
1.0,0.2,0.06,0.06,44,0.05,23,-21.63926517180933,0.1769761744177533,18.75684270860862,0.3170512770965537,5.495783069441592,5.4525395127538525,0.0503962663855721,0.0606915944346106
1.0,0.2,0.06,0.06,44,0.05,24,-21.30313098686393,1.1966756690427631,18.75797567533312,-0.6141443398138277,5.500691652418773,5.4757880493894655,0.0412819848457325,0.0615045497201866
1.0,0.2,0.06,0.06,44,0.06,0,-21.763227968690074,-0.1957029207898384,20.09459496936894,-0.3116534760808542,5.502376597551384,5.469759833968516,0.0496251850275891,0.065187814396458
1.0,0.2,0.06,0.06,44,0.06,1,-22.68802671996613,-0.2284003333866164,17.713225609478307,0.0046777225456489,5.494221807118092,5.4987862153501705,0.0513235818572121,0.0464513415555733
1.0,0.2,0.06,0.06,44,0.06,2,-21.830981035877244,0.7677933149395901,18.288213868253205,-0.744057303589063,5.511756226422718,5.470596155155412,0.0485554719087939,0.0625725419187236
1.0,0.2,0.06,0.06,44,0.06,3,-21.981082076616676,0.4407961682533254,18.13509194184206,-0.2448578345999419,5.521470036999657,5.491978658696096,0.0557952016057083,0.0432999192735949
1.0,0.2,0.06,0.06,44,0.06,4,-22.10064247303477,0.8749074667808285,20.235967770286475,-0.6903699413349469,5.522806318706314,5.487683373495448,0.0463016089489924,0.0478645059049276
1.0,0.2,0.06,0.06,44,0.06,5,-22.305516898897803,-0.0942422207753006,19.50553508103797,-0.3636007889663013,5.494629798807736,5.475211389640953,0.045921387129817,0.0462693039999232
1.0,0.2,0.06,0.06,44,0.06,6,-22.917863741132333,-0.0144078753724865,18.68175984694721,0.0240199315601297,5.491356829167605,5.502899766155565,0.0417461500499318,0.0333875675149588
1.0,0.2,0.06,0.06,44,0.06,7,-21.40421313535948,0.4675824725550122,17.6671636933874,-0.1309960826445575,5.498838553105999,5.478044677271667,0.0361530237164279,0.0357982809315214
1.0,0.2,0.06,0.06,44,0.06,8,-22.27688701096244,0.066839168327766,18.68815759890222,-0.0701105538550486,5.516302004064554,5.479125913559325,0.0403937965489699,0.0522405887774476
1.0,0.2,0.06,0.06,44,0.06,9,-22.70060231494088,0.9662721617400684,18.31127338244073,-0.3056974789812805,5.483462317221033,5.481645609624179,0.0371800758435569,0.0469425394179639
1.0,0.2,0.06,0.06,44,0.06,10,-21.88232303730073,-0.2078238794272648,17.58554377978583,-0.1581743716582191,5.480090401546945,5.516780045348309,0.055955813032113,0.045820384908982
1.0,0.2,0.06,0.06,44,0.06,11,-23.19766844202367,0.1818265760380253,18.304622557005505,0.1229076686991983,5.476297151552374,5.5240177610566565,0.0524145392423743,0.0220577455831985
1.0,0.2,0.06,0.06,44,0.06,12,-22.62987574329456,-0.3783678607329592,18.226441902294468,0.2510814265537053,5.513841621848397,5.503328010258494,0.0329908231340694,0.0530307287533531
1.0,0.2,0.06,0.06,44,0.06,13,-22.51164444843724,0.7585924184774776,18.52092134959876,0.4389646003021425,5.498304179311655,5.485802002607148,0.052625602952881,0.0517880227740259
1.0,0.2,0.06,0.06,44,0.06,14,-23.741002844696936,0.5314368657155337,18.381416908934803,0.0179096750607663,5.468613467349517,5.4865357699333925,0.0518371882707068,0.0556504673985453
1.0,0.2,0.06,0.06,44,0.06,15,-22.706401373483622,0.174133119074954,19.53676054926454,0.1257005028827811,5.492643721761963,5.497223456718313,0.0546694628908406,0.0523134117113016
1.0,0.2,0.06,0.06,44,0.06,16,-23.150342887761408,0.7361857602739852,18.16182408811432,0.466798054198847,5.4995533992169845,5.505782804120733,0.0479683622874192,0.0426527237830856
1.0,0.2,0.06,0.06,44,0.06,17,-22.306875440134696,0.1710186877678756,19.628407697686576,0.7188278355965245,5.495805936116843,5.471072436060707,0.0382175149507814,0.0541670215645581
1.0,0.2,0.06,0.06,44,0.06,18,-22.230857045007905,-0.6642496824285382,18.81167364067541,0.1153292536016177,5.491214618702919,5.465317144512636,0.0514963218924213,0.0643118150906598
1.0,0.2,0.06,0.06,44,0.06,19,-21.796160873129335,0.0100936876073172,18.895525285505848,0.5970320981354493,5.48689117169187,5.477806056675978,0.0488388388652388,0.0626002465823192
1.0,0.2,0.06,0.06,44,0.06,20,-22.342480577283087,0.2875904539173317,18.478776438086054,0.2172246670027522,5.485620665137575,5.483079282655672,0.0344300230727782,0.0522970275479336
1.0,0.2,0.06,0.06,44,0.06,21,-22.509439436924158,0.0381262064171299,18.13860814085718,-0.4189109520521609,5.501348123941616,5.479182909343287,0.0466851601190823,0.0310860484561816
1.0,0.2,0.06,0.06,44,0.06,22,-22.108194580059934,0.4730857781971724,17.959564253290576,-0.1918543979710404,5.505762934691047,5.4985989871578544,0.030892401396286,0.0338743221022444
1.0,0.2,0.06,0.06,44,0.06,23,-22.39419596821013,0.1538615516132651,19.01037709827181,0.5317367288706358,5.503882642094514,5.471946253881675,0.0483688074935001,0.0560061984845418
1.0,0.2,0.06,0.06,44,0.06,24,-21.84710925046513,1.1049882997827687,19.15506754079332,-0.6128110464527872,5.503118250561251,5.477280959631907,0.0419010504891896,0.062845635542315
1.0,0.2,0.06,0.06,44,0.08,0,-22.48139209362753,0.050766096147333,19.668743893589827,-0.1911034592420754,5.51906017023797,5.478485875976266,0.0497739452580525,0.067295225866123
1.0,0.2,0.06,0.06,44,0.08,1,-22.723970220478197,-0.0249111603681071,18.777894205239942,-0.3962250622058629,5.506306615104455,5.484744821409361,0.0468531484642734,0.056594516623895
1.0,0.2,0.06,0.06,44,0.08,2,-22.207385544587154,0.4642684695013528,18.939101214343445,-0.7200875549845732,5.522040282229895,5.469687879193176,0.0491318767652877,0.0654590349429041
1.0,0.2,0.06,0.06,44,0.08,3,-22.593420266065,0.4488969814824479,18.4426304825979,-0.1268526992156835,5.532150698924571,5.502778971575575,0.0601565282357772,0.0463205154980461
1.0,0.2,0.06,0.06,44,0.08,4,-22.42389475001263,0.943770815731364,20.1795893808075,-0.43819772266918,5.531897965023863,5.483466860871734,0.0404330683571638,0.0490507900030145
1.0,0.2,0.06,0.06,44,0.08,5,-22.500829420469543,0.327815112015305,19.35721554917656,-0.151693713691931,5.514270922166578,5.472546436530763,0.0403722013814693,0.0461919360290435
1.0,0.2,0.06,0.06,44,0.08,6,-23.050086717220218,0.2513987134329396,19.04139796372698,0.1007987708195763,5.509547580688742,5.511528071751226,0.0364496090870033,0.0414185543142046
1.0,0.2,0.06,0.06,44,0.08,7,-22.230070587630795,0.5755596271420407,18.24270382483686,-0.447394227261884,5.503957588247055,5.488172521513715,0.0442036839165924,0.0362307384301145
1.0,0.2,0.06,0.06,44,0.08,8,-22.44037647772378,0.1559279653163248,18.81133261954946,0.0130808456720157,5.531004331633455,5.489366952564112,0.044304534121333,0.0553035502740709
1.0,0.2,0.06,0.06,44,0.08,9,-22.99368502062049,0.6711730130743507,18.94222370345216,-0.0930891332593091,5.497244237038952,5.487377578638155,0.0491133002894083,0.0521555663404259
1.0,0.2,0.06,0.06,44,0.08,10,-22.89509385945979,0.2152806025293958,18.01951990140856,-0.1080517187150096,5.493903393487012,5.515289753669714,0.059992813886137,0.0559526797548358
1.0,0.2,0.06,0.06,44,0.08,11,-23.292230752323164,0.2711717493881351,18.5821447868919,0.1419756314628222,5.496681362404917,5.519372616490528,0.0543395269880531,0.0271345270543632
1.0,0.2,0.06,0.06,44,0.08,12,-22.87870089123439,0.0390004656745603,19.04075488696111,-0.020031583268997,5.519276702159962,5.510280295818824,0.032326427719648,0.0616611596951806
1.0,0.2,0.06,0.06,44,0.08,13,-22.779879209761532,0.7553685663130684,18.83817539091647,0.2898387040375976,5.5080402826323285,5.509567009277412,0.0523110837471606,0.0429623440991895
1.0,0.2,0.06,0.06,44,0.08,14,-23.70306514848072,0.3787587032468646,18.688393484896224,-0.1354870417451772,5.471338560788507,5.486778305706744,0.0611831728327487,0.0517615064585035
1.0,0.2,0.06,0.06,44,0.08,15,-22.782071119602563,0.1850292293716531,19.47334386399765,-0.1631022727779513,5.511291431420415,5.508865997326163,0.0538823048227859,0.0441437202700051
1.0,0.2,0.06,0.06,44,0.08,16,-23.10442884793,0.5851703453072716,18.20953277885769,0.3771049665936214,5.501039994063548,5.505094467925616,0.0439556857243891,0.0516246098578785
1.0,0.2,0.06,0.06,44,0.08,17,-22.648895832002594,0.1751417395282872,20.106490726113805,0.3475574654934115,5.505930584027819,5.470075301121083,0.046149715664338,0.0570302718424364
1.0,0.2,0.06,0.06,44,0.08,18,-22.85613382669788,-0.3954482796034286,19.234961874558213,0.0523194178289738,5.503229872112069,5.472075686636959,0.0521775848068072,0.0584888119498921
1.0,0.2,0.06,0.06,44,0.08,19,-22.700066124204497,0.464816386897688,18.84082317183212,0.4429818385214605,5.497272729948744,5.483998225631431,0.0516648587388981,0.0607474847565029
1.0,0.2,0.06,0.06,44,0.08,20,-23.054908383726637,0.4554672806789976,18.43643637838512,0.1298585723485907,5.5029398108167324,5.505395829641294,0.042594159803862,0.0405896642144052
1.0,0.2,0.06,0.06,44,0.08,21,-22.86180831278442,0.0712589595434902,17.804684446080927,-0.2877031803592644,5.515817602210354,5.510580781176202,0.0491242232007655,0.0315143686150679
1.0,0.2,0.06,0.06,44,0.08,22,-22.910762207068693,0.5004410057217072,18.52797851356484,-0.2744721274889699,5.519709127360804,5.50279883507884,0.0305509632466542,0.0325311016756128
1.0,0.2,0.06,0.06,44,0.08,23,-22.704459659167743,0.537495016034715,19.50327786441669,0.1931670009343939,5.517545850096926,5.4767587730857095,0.0401019962773766,0.0555081206001639
1.0,0.2,0.06,0.06,44,0.08,24,-22.42528239627717,0.710487292153329,19.209430982611863,-0.4058627525260553,5.521979689312913,5.484701719761412,0.0424534380577653,0.0569369420881444
1.0,0.2,0.06,0.06,44,0.1,0,-22.91930668416621,0.0162496143037347,19.769718799596586,-0.1793336160239014,5.529039763373609,5.48859010445233,0.0513406905803486,0.0657804524339038
1.0,0.2,0.06,0.06,44,0.1,1,-23.025026376709945,0.18930376993269,18.915259498665776,-0.2536367162328506,5.525078989004305,5.4956221771453,0.0500140518460567,0.0603442642229197
1.0,0.2,0.06,0.06,44,0.1,2,-22.11161793758093,0.1712085369833798,18.962676284046864,-0.5343629385590779,5.549338112504595,5.484880130026482,0.0392632760650478,0.064453501924747
1.0,0.2,0.06,0.06,44,0.1,3,-22.82078050357936,0.4796061045432291,18.748848976541403,-0.1276791026004853,5.540612893313685,5.509999720918668,0.0614204728517932,0.046255819631628
1.0,0.2,0.06,0.06,44,0.1,4,-22.38965487154137,0.52823142241131,19.869330298917557,-0.146132461842839,5.545172240823586,5.489745933971455,0.0373584247696792,0.0505542630061984
1.0,0.2,0.06,0.06,44,0.1,5,-23.084824157740407,0.1640688178531211,19.238648262335136,-0.1034318682855688,5.525837608226883,5.489269846490163,0.0441577774534822,0.0431246221862799
1.0,0.2,0.06,0.06,44,0.1,6,-23.11378169012416,0.1635729111049098,19.0092624916033,-0.097342353520391,5.530240258637858,5.5146963277528105,0.0373760369751752,0.0407436877978585
1.0,0.2,0.06,0.06,44,0.1,7,-22.68633940590911,0.4185425406217029,18.697820127724167,-0.3291549527632943,5.518450592414216,5.501111070587588,0.0442648599415595,0.0416615878088334
1.0,0.2,0.06,0.06,44,0.1,8,-22.700417591621832,0.013427917755421,19.06646315737425,-0.021302063850157,5.5393158950321,5.496317945260304,0.0460152319929723,0.0556228414653927
1.0,0.2,0.06,0.06,44,0.1,9,-22.935810064457584,0.682921925857523,18.679276536262133,-0.0817655481519867,5.51850788459554,5.5014373416169615,0.0422544195268236,0.0453114317181564
1.0,0.2,0.06,0.06,44,0.1,10,-23.056008205201227,0.088556955278676,18.230030223332463,0.0508026709758291,5.516959586621732,5.527943928586102,0.0570478620219528,0.0608120735654681
1.0,0.2,0.06,0.06,44,0.1,11,-23.43464945255285,0.3512959706234015,18.599887078449303,0.0831696009767424,5.512955921536952,5.531993877631042,0.0597501426246689,0.0340740499984677
1.0,0.2,0.06,0.06,44,0.1,12,-23.0095314630496,0.1292291293414085,19.28464458459857,-0.1513967922998921,5.539608397096933,5.518289807476799,0.0380136756915654,0.0666647881012071
1.0,0.2,0.06,0.06,44,0.1,13,-22.97106601395462,0.5724977299384819,18.955933121712256,-0.0132926088730875,5.531592962276067,5.516883673014823,0.0430758256849471,0.0440055079257553
1.0,0.2,0.06,0.06,44,0.1,14,-23.6772456087559,0.1760036027847469,18.75383109678883,-0.0347019031137816,5.4989569897652,5.502042293984082,0.0689868959476814,0.0633002681595211
1.0,0.2,0.06,0.06,44,0.1,15,-23.06953879790205,0.2284316305945746,19.579725934685285,0.0538390564210675,5.529489228977313,5.5133564820390015,0.0518059570549237,0.0453489492110377
1.0,0.2,0.06,0.06,44,0.1,16,-23.078360304815664,0.5069364519862538,18.5791518747808,0.1504765396599392,5.516023517510559,5.5112182535888525,0.0472105702941523,0.0473384008339821
1.0,0.2,0.06,0.06,44,0.1,17,-22.686418733830106,0.148098285033607,19.9457754441289,0.0741255926476591,5.5327765586176,5.48811745353336,0.0391829154244453,0.05697914591492
1.0,0.2,0.06,0.06,44,0.1,18,-23.15246785386137,-0.1380361940572172,19.27758527259032,-0.1603538052159588,5.517108997951566,5.485143522072553,0.064188395708782,0.0574672986746123
1.0,0.2,0.06,0.06,44,0.1,19,-22.8170043154492,0.5527878974315568,19.101181981593736,0.2360625936439475,5.519798577576605,5.490371346023314,0.0451283677693852,0.0599823746798815
1.0,0.2,0.06,0.06,44,0.1,20,-23.42060109852268,0.3366125972413394,18.662482210889944,0.1322509332338604,5.515177493459845,5.517340083212594,0.0493843802807351,0.0358606811751651
1.0,0.2,0.06,0.06,44,0.1,21,-23.047898670092422,0.2691997795124294,18.31472753333061,-0.1006135886783332,5.522260048880328,5.5191129927347,0.052098063385387,0.0359678985982163
1.0,0.2,0.06,0.06,44,0.1,22,-23.0520210116773,0.4258802094322875,18.833937310709352,-0.3040258050600141,5.529023134311389,5.508544990239922,0.0360249571054845,0.0396158184716156
1.0,0.2,0.06,0.06,44,0.1,23,-23.05847270095455,0.4974694162290678,19.31526371348007,0.0314672563934141,5.536066655488754,5.486802511857515,0.035289707394321,0.0489421003568855
1.0,0.2,0.06,0.06,44,0.1,24,-22.57958396382118,0.4791661840968575,19.48987606458257,-0.310221297071715,5.533201334375443,5.489048499509632,0.0459812508551869,0.0590001404104235
1.0,0.2,0.06,0.0,40,0.05,0,-10.196292652533188,0.5969432482899619,10.069197279714423,0.0208740820267532,2.331432864549683,2.3110001931756936,0.0602280078399372,0.0641052190108205
1.0,0.2,0.06,0.0,40,0.05,1,-11.348205489340586,0.396818198057727,10.349730757475273,-0.6073110118589085,2.319207863463124,2.2943580739598546,0.0582811537742447,0.070173203250656
1.0,0.2,0.06,0.0,40,0.05,2,-10.179775288683944,1.6044247099324185,10.715856560937276,0.4133941220730579,2.318219266953898,2.298109898931597,0.0798200506692323,0.0738506951369272
1.0,0.2,0.06,0.0,40,0.05,3,-11.448855435857864,0.9298721544983668,11.59136676636956,-0.2071120720649162,2.3278577725114844,2.303390293811102,0.0487611944920783,0.0550505115341461
1.0,0.2,0.06,0.0,40,0.05,4,-10.932183269125218,0.0290308762696107,9.944214880968271,0.2333559147813131,2.3216413075672904,2.3079170954497443,0.0607824578135864,0.0549515585624952
1.0,0.2,0.06,0.0,40,0.05,5,-10.73134800144313,0.7909981838454314,11.04585384605542,-0.9898616501247892,2.3273730140047406,2.306474847606489,0.0589599020683106,0.0450212527908102
1.0,0.2,0.06,0.0,40,0.05,6,-11.106317778509297,0.2204825171932394,8.726000195933533,-0.0769089209017936,2.308848111568345,2.313464566250757,0.0502510933384306,0.0509142067430818
1.0,0.2,0.06,0.0,40,0.05,7,-11.830098432950727,0.97238117824508,9.519355748605058,-0.2985574487184634,2.309653787850161,2.3145292267732263,0.0571751127085352,0.0543530687848344
1.0,0.2,0.06,0.0,40,0.05,8,-11.128236780979131,0.3512133009758493,10.679845638844371,-0.5503751968283003,2.3244683944459146,2.313854239706747,0.0487683131762452,0.0813323425577824
1.0,0.2,0.06,0.0,40,0.05,9,-11.714890160404122,0.3441784641074412,10.240191512979797,-0.6323826510556695,2.3201046804996217,2.3274522292667355,0.0563010875170725,0.0534997660117019
1.0,0.2,0.06,0.0,40,0.05,10,-11.842613300610966,0.3928871551017112,10.181231897604189,-0.904095122020445,2.320204034246484,2.3105209999904046,0.0567232582592906,0.0658241898475097
1.0,0.2,0.06,0.0,40,0.05,11,-11.553142926530064,1.0109550103385292,10.851206586302862,-0.8322662438013004,2.323532019229829,2.304317301447953,0.0416525795949756,0.0451335404197449
1.0,0.2,0.06,0.0,40,0.05,12,-10.763324686809748,0.1519125756362518,9.51849052470588,0.4985342048495174,2.335599709744632,2.3094387014346838,0.0478680405693526,0.0742337875344859
1.0,0.2,0.06,0.0,40,0.05,13,-11.20812315098715,0.9197649048131205,9.104835845606605,-0.2555101507250039,2.3179995229927,2.2964689406686314,0.0535972678017814,0.0801977393271701
1.0,0.2,0.06,0.0,40,0.05,14,-11.812479041669308,1.0183963469108894,10.2077471304833,-0.4201342906940537,2.324494415802379,2.3036124093599595,0.0562523308492794,0.0567341564483863
1.0,0.2,0.06,0.0,40,0.05,15,-10.784688638659947,0.0573339106753754,11.046937649572296,-0.7539265371105534,2.315517803780378,2.315831450736272,0.0558168960696962,0.0509751994615551
1.0,0.2,0.06,0.0,40,0.05,16,-9.949910607297491,-0.190154553673969,10.45406525663002,0.3985317443731535,2.294163919349,2.348071887522136,0.0687551695848198,0.0404215533893513
1.0,0.2,0.06,0.0,40,0.05,17,-10.944584492697658,0.5049393269377356,9.77866386823192,-0.6925634652354065,2.308651520264459,2.317869139188156,0.0628465429804203,0.0614448028330984
1.0,0.2,0.06,0.0,40,0.05,18,-10.309225746861284,0.3697668559545783,9.849592383855724,-0.7004691160371144,2.3341405421192567,2.314969886603368,0.0476263621508299,0.0659333873766888
1.0,0.2,0.06,0.0,40,0.05,19,-10.733568512590672,0.7267823767703343,11.781919638601575,-0.3439040367816408,2.2995614180092625,2.3064314446437235,0.0594614689031032,0.070184423212611
1.0,0.2,0.06,0.0,40,0.05,20,-11.47714655974684,0.6692982484501828,10.68182151971012,-1.2351278428184185,2.311625240140072,2.2982296849874038,0.0569642437459153,0.0752253035119793
1.0,0.2,0.06,0.0,40,0.05,21,-12.864598882638884,0.7715305149555367,10.084077929159704,-0.2283751562056659,2.3258753621473844,2.3024012813157646,0.0489544082763501,0.0698632520114347
1.0,0.2,0.06,0.0,40,0.05,22,-11.854761114020716,0.4700275622097638,9.773035739814524,-0.0992682766695298,2.3398617899669123,2.308637417697391,0.0325822318177018,0.0582940006037333
1.0,0.2,0.06,0.0,40,0.05,23,-11.988769821510347,0.9300279220658384,9.89122338684507,-0.652043894070542,2.309409622241168,2.2880929398102814,0.0572590699748745,0.0804112515272351
1.0,0.2,0.06,0.0,40,0.05,24,-10.488818942947114,0.3803869630632717,9.26745924499088,-0.2346261510277785,2.330649661091901,2.3076891707548466,0.0593923816607961,0.0606726316851183
1.0,0.2,0.06,0.0,40,0.06,0,-10.30720891882278,0.3547606911901142,10.03797895444812,-0.2709509638625273,2.3242264468810845,2.3164385899268,0.0678214546771721,0.0652794661637102
1.0,0.2,0.06,0.0,40,0.06,1,-10.906385088446845,0.4645549479253343,10.314282368588156,-0.6164898389088155,2.3163013251648907,2.291065121072496,0.0561193313830396,0.0729850306713803
1.0,0.2,0.06,0.0,40,0.06,2,-10.43299518135422,1.3697915345626137,10.783206104180096,0.1336239574122699,2.314986907361838,2.298073858359443,0.0715125767499025,0.0762109106978721
1.0,0.2,0.06,0.0,40,0.06,3,-11.233152647776471,0.8040389118441371,11.16064258311145,-0.3389464119930956,2.3261161054309545,2.307249248458397,0.0511165167237532,0.0514950404992311
1.0,0.2,0.06,0.0,40,0.06,4,-10.542732551181484,0.33644934616861,9.889952571331936,0.2612598055067427,2.3178956195949643,2.3071584660675075,0.0611179080630903,0.0581087676035762
1.0,0.2,0.06,0.0,40,0.06,5,-10.430241386286411,0.7859815107720791,11.510536974466966,-1.1292439804031975,2.3245403770442614,2.3156562498259685,0.0573302506299063,0.0456048962246312
1.0,0.2,0.06,0.0,40,0.06,6,-11.016138590754206,0.3810095548284637,8.828044127095971,-0.2980880651009421,2.3071466334090944,2.312042277972848,0.0493871611850532,0.0516860005705094
1.0,0.2,0.06,0.0,40,0.06,7,-12.054454458993453,0.7470841377901756,9.771013474657355,-0.5231896629236281,2.30903195867098,2.314332549845156,0.0575099879230065,0.054733734036078
1.0,0.2,0.06,0.0,40,0.06,8,-11.04070418047621,0.3425600600481273,10.731254750605682,-0.4328052104103759,2.3259643101882306,2.316006327699556,0.045153671099611,0.0798853679580599
1.0,0.2,0.06,0.0,40,0.06,9,-11.57383659533888,0.4951773856744756,10.31365372672678,-0.615709676757832,2.31712038905058,2.3257949836150558,0.0575191922441016,0.0546141167907403
1.0,0.2,0.06,0.0,40,0.06,10,-11.511603841151048,0.3796702660310782,10.516440749139589,-0.8895048713882086,2.319530675883356,2.3121941899116947,0.054496048933499,0.0617287092700258
1.0,0.2,0.06,0.0,40,0.06,11,-11.192914765419236,0.9658899663105316,10.849687135386818,-0.7753719943308579,2.321329257623097,2.30872428179385,0.0425076451629741,0.0497067190179472
1.0,0.2,0.06,0.0,40,0.06,12,-10.574462593971443,0.4880082123536671,9.545313172397792,0.4200381574950236,2.332523541073269,2.3097454680817946,0.0555618647028209,0.0748502800630736
1.0,0.2,0.06,0.0,40,0.06,13,-10.982564630772156,0.8108368580694507,9.57268539513381,-0.1989146650842028,2.3207653396396064,2.3005699585773787,0.0530282599138564,0.0773207526405064
1.0,0.2,0.06,0.0,40,0.06,14,-11.58639468689782,1.1309274921325625,10.12972150280815,-0.2341749703544631,2.322352617129922,2.30173691736138,0.0606417863071942,0.0628894673251979
1.0,0.2,0.06,0.0,40,0.06,15,-11.076842528147733,0.6110791714982853,10.74476327113608,-0.7479111196256024,2.318979992308664,2.3103265996538487,0.0578002649537379,0.0542470265176248
1.0,0.2,0.06,0.0,40,0.06,16,-10.120673685210903,-0.0392024621806934,10.178826557594745,0.4058143714460107,2.2943522341033638,2.343104384502635,0.0647341282177181,0.0420688191408542
1.0,0.2,0.06,0.0,40,0.06,17,-11.041476111339456,0.7960670756635562,9.693008537244548,-0.6971862484790647,2.3085631439205074,2.3172754251077525,0.0622820317764104,0.0586100082919396
1.0,0.2,0.06,0.0,40,0.06,18,-10.576739563717652,0.3417619550014164,9.831832565953864,-0.7362841629026678,2.327937595676924,2.313103523316543,0.0481963292339813,0.0629539712905992
1.0,0.2,0.06,0.0,40,0.06,19,-10.484885827106034,0.8213071313087705,11.65096777571733,-0.3941641610547044,2.2995490817998387,2.3049213374079724,0.0504043567729712,0.0733682924300952
1.0,0.2,0.06,0.0,40,0.06,20,-11.679488388126044,1.0980170939748697,10.597523726239956,-1.2093471207086643,2.312078651072613,2.2963863301960785,0.0561686250575872,0.0756278816379486
1.0,0.2,0.06,0.0,40,0.06,21,-12.0484178014476,0.8862073311034812,10.13968210988684,-0.3673378608599236,2.3212413053548757,2.304529649860092,0.0554364307142615,0.0683332027764869
1.0,0.2,0.06,0.0,40,0.06,22,-11.56449186242643,0.5188985010512872,9.739910466522256,0.0188398816883983,2.33481419514601,2.307846002463111,0.0351072026556703,0.0631598792670215
1.0,0.2,0.06,0.0,40,0.06,23,-11.538660444969931,0.6679651984063384,9.913614381808843,-0.6223875332152617,2.307125726017862,2.288966481516906,0.0581285253310656,0.0814863800330856
1.0,0.2,0.06,0.0,40,0.06,24,-10.767904977482653,0.2562658666677158,9.337074621476257,-0.169910509140631,2.328301577523546,2.307199076061502,0.0591780478376162,0.0626748323629052
1.0,0.2,0.06,0.0,40,0.08,0,-10.540559988679783,0.56982089524714,10.017351648155396,-0.1326653310987167,2.324457921931178,2.313361364015218,0.064804647261684,0.0641638023664422
1.0,0.2,0.06,0.0,40,0.08,1,-10.829300390050523,0.4356168860174341,10.254368240673816,-0.7166812232835643,2.313878636442569,2.2937841239336736,0.0577104826393745,0.0703551858050805
1.0,0.2,0.06,0.0,40,0.08,2,-10.577796693561307,0.8801328731223801,10.16053085526397,-0.1513211265383494,2.31156921736043,2.2885933746760263,0.0557292772838748,0.0757642676307863
1.0,0.2,0.06,0.0,40,0.08,3,-11.370099510794583,0.9351230583729018,10.601194962534525,-0.4179356685008937,2.326193562646632,2.304069577939841,0.0518549772261646,0.0557652301049571
1.0,0.2,0.06,0.0,40,0.08,4,-10.637775415398655,0.2942097788431221,10.070919839886184,-0.3326349066406324,2.3116760872579625,2.31199200616982,0.0625874684464334,0.0463179301730948
1.0,0.2,0.06,0.0,40,0.08,5,-10.283091977840437,0.5897648239696611,10.721489299160536,-0.9563217728174094,2.314542935305988,2.302910414988313,0.0565528990546488,0.0545216372067508
1.0,0.2,0.06,0.0,40,0.08,6,-11.109895828185431,0.5028947926277223,8.929522420563154,-0.2579869048144931,2.30490767368851,2.3242109886813167,0.0474676318916895,0.0471026643341325
1.0,0.2,0.06,0.0,40,0.08,7,-11.806964876545786,0.5146918025615119,9.714399886909824,-0.451222965922831,2.3062494439931163,2.30872293387192,0.0485490722146572,0.0557243192235862
1.0,0.2,0.06,0.0,40,0.08,8,-11.19589449458772,0.5538233169404569,10.54694065961398,-0.3669236181932112,2.3155324078532225,2.3127721204585416,0.048185488364586,0.0783616716597269
1.0,0.2,0.06,0.0,40,0.08,9,-11.486715501082504,0.4848792861602784,10.2364791375574,-0.6233689261452513,2.317871296498646,2.3219497336318398,0.0531958309788127,0.0556874318402978
1.0,0.2,0.06,0.0,40,0.08,10,-10.969679819764622,0.2783558841595153,10.408821304208198,-0.7566382516862933,2.3110809156613468,2.314107666176186,0.0570489010224458,0.0627120987398623
1.0,0.2,0.06,0.0,40,0.08,11,-10.789045580148994,0.7336366932892273,10.362898953196137,-0.6448014833604379,2.312262801580131,2.302653117329261,0.0473962306538217,0.0552411656125338
1.0,0.2,0.06,0.0,40,0.08,12,-10.734613926837437,0.554313381612735,9.709315966955463,0.0445371498440527,2.3249850948483832,2.3116771316898848,0.0570213997689156,0.0720942566674062
1.0,0.2,0.06,0.0,40,0.08,13,-10.904187555632792,0.7668386643732135,9.637485458318382,-0.1935318928080227,2.313560529403217,2.296347455817983,0.0501182754073594,0.0792858861488909
1.0,0.2,0.06,0.0,40,0.08,14,-11.023045716496732,0.6289141560075902,9.956307980741531,-0.3373654045306395,2.326257641475124,2.300506384815152,0.0524896277071524,0.0582239703327285
1.0,0.2,0.06,0.0,40,0.08,15,-10.689095908681802,0.3342173540331885,10.59447964324309,-0.5926229242935533,2.3040292309986805,2.3114575399687483,0.0667899183026851,0.0501011260325653
1.0,0.2,0.06,0.0,40,0.08,16,-10.513663388893152,0.1730561360932616,10.00533338279773,0.0509915920492332,2.288194551221108,2.3371576109003778,0.0633702462663967,0.0462980948153276
1.0,0.2,0.06,0.0,40,0.08,17,-10.785111176342705,0.7224297523536536,9.723626593236832,-0.604721017315897,2.3031296664373326,2.3142036415979046,0.062317055232082,0.0587782800070081
1.0,0.2,0.06,0.0,40,0.08,18,-10.592503682019547,0.5550871735129725,9.732530389345438,-0.6949271191852459,2.325129748679021,2.313265315302889,0.0532781360734314,0.0575947434537993
1.0,0.2,0.06,0.0,40,0.08,19,-10.293084348572734,0.6214153114424004,10.777346761120024,-0.5042007129704742,2.288166286960634,2.3006153516071226,0.0643378312020011,0.0748742976186528
1.0,0.2,0.06,0.0,40,0.08,20,-11.16169005536543,0.695779045059602,10.19548067982914,-0.8519198592355984,2.301788415355715,2.300368365866573,0.0587014476765028,0.0675679756659028
1.0,0.2,0.06,0.0,40,0.08,21,-11.770150035455956,0.6477924000599666,10.015025538272669,-0.497731263071453,2.31563131363858,2.299910893751381,0.0538025404643244,0.069843118178093
1.0,0.2,0.06,0.0,40,0.08,22,-10.905466049079369,0.4165113275215226,9.553415424492998,-0.0188412631400243,2.3170068862356463,2.308888558659977,0.041766446356528,0.0664291256276279
1.0,0.2,0.06,0.0,40,0.08,23,-11.331248113324612,0.6818858499165821,9.827360398398618,-0.6654554369586541,2.2991301534936097,2.285619621048588,0.0576729150300264,0.0809882934041784
1.0,0.2,0.06,0.0,40,0.08,24,-10.722936118912024,0.1830566489504617,9.47199224336979,-0.1911747930930838,2.3270842130022453,2.3023929475209823,0.0563291245779983,0.0646427150535458
1.0,0.2,0.06,0.0,40,0.1,0,-10.717664025929809,0.401825970907149,9.938710488346358,-0.0660151810189284,2.3125198432843157,2.306620828254025,0.0687342216185537,0.0641527023398379
1.0,0.2,0.06,0.0,40,0.1,1,-10.85135864283514,0.4558352428485588,10.078446736569138,-0.577704705401942,2.3033834111669407,2.2896786105707303,0.0609813844310613,0.06948832936677
1.0,0.2,0.06,0.0,40,0.1,2,-10.545023933173386,0.7454080608695302,10.146574858141786,-0.2200328891244969,2.3010213359848146,2.287908076673278,0.0583988822905191,0.0723465655964057
1.0,0.2,0.06,0.0,40,0.1,3,-11.237268316737223,0.938473706953632,10.6009521954831,-0.523755008705859,2.3142323133520333,2.3068260249237733,0.0517031666320331,0.0496827970464621
1.0,0.2,0.06,0.0,40,0.1,4,-10.828273498575442,0.4111515035032032,9.903172057561626,-0.1548959443033153,2.307364866875536,2.3043251873672834,0.059895856064807,0.0553779394894255
1.0,0.2,0.06,0.0,40,0.1,5,-10.51722829344184,0.522843551773676,10.308871187261811,-0.6663459720902717,2.3087133972222347,2.2910634404331507,0.0560963321345375,0.0540189683161836
1.0,0.2,0.06,0.0,40,0.1,6,-11.063493160123066,0.4655572816482067,9.090634350343974,-0.3341594169442452,2.2938756216089344,2.3114628279302187,0.0540474085499574,0.0475463379834831
1.0,0.2,0.06,0.0,40,0.1,7,-11.586627455937158,0.6129855336664813,9.808368566252163,-0.60337799706081,2.298966580666827,2.3080925282218017,0.0511577959841877,0.0541304956676366
1.0,0.2,0.06,0.0,40,0.1,8,-11.27040355329963,0.6984707172746174,10.082704417732426,-0.2680148014347028,2.314977446827473,2.3003013081317407,0.0519295089636564,0.0773145809447354
1.0,0.2,0.06,0.0,40,0.1,9,-11.336428569772456,0.4707747515015872,10.06895596630278,-0.4803042549461254,2.314206432970271,2.3201236085912846,0.0518286337034598,0.0587284956800646
1.0,0.2,0.06,0.0,40,0.1,10,-11.163189818004824,0.4409520795881325,10.193966099846246,-0.6171588963205843,2.3062765449753577,2.3054826740703405,0.0535378466950168,0.065918213687405
1.0,0.2,0.06,0.0,40,0.1,11,-11.12213561992071,0.8158292779141967,10.47899118476694,-0.5310423909123918,2.3114056269379377,2.292623673447825,0.0397135599201234,0.0592434937737741
1.0,0.2,0.06,0.0,40,0.1,12,-10.995745311463562,0.5690315859083197,9.70868988333291,-0.0159656373420664,2.323923449223337,2.3049123052941782,0.0570617364549027,0.070462527939211
1.0,0.2,0.06,0.0,40,0.1,13,-10.9574306282481,0.74209503085198,9.691025107789166,-0.2521214882363367,2.312611192667221,2.29404001862721,0.0509910395174585,0.0762820454475452
1.0,0.2,0.06,0.0,40,0.1,14,-11.10996014622932,0.8338717396115063,9.89105515153016,-0.4200745928268554,2.29619136656172,2.2953388078968686,0.0626154126415148,0.0575432345744067
1.0,0.2,0.06,0.0,40,0.1,15,-11.008064628908077,0.3965500488851479,10.455308884956937,-0.445236371023785,2.2972647687144514,2.3091520498963227,0.062122612524057,0.0429018246977314
1.0,0.2,0.06,0.0,40,0.1,16,-10.806878158484668,0.4336330617433914,9.983154617579714,-0.1820401054875751,2.278202177976234,2.3311040150851245,0.0650418763582743,0.0470769797384052
1.0,0.2,0.06,0.0,40,0.1,17,-11.249634819845038,0.7158645391905041,9.784550184108886,-0.567631340733464,2.3025928769778226,2.3094065879925605,0.0658483441457721,0.0597044733198463
1.0,0.2,0.06,0.0,40,0.1,18,-10.895315046256936,0.5587961927095333,9.674586257954708,-0.5529933755708035,2.325453476141941,2.3118494734675483,0.0539510422452916,0.0574676177979054
1.0,0.2,0.06,0.0,40,0.1,19,-10.737159029423855,0.6269637882063872,10.686561257428938,-0.7025099137294607,2.290193581946712,2.2977906356969457,0.0498411159480758,0.0717681657283557
1.0,0.2,0.06,0.0,40,0.1,20,-11.387079411274245,0.6822447788661237,10.174900012309472,-0.8757199055894707,2.297553870181434,2.295908687934093,0.0558771912763882,0.0668668985218242
1.0,0.2,0.06,0.0,40,0.1,21,-11.334617785111597,1.0634957918992456,9.909582464853203,-0.4198164181946977,2.306880596248876,2.3016750822991,0.0558620856363782,0.0649368220794911
1.0,0.2,0.06,0.0,40,0.1,22,-10.981660748881394,0.5240440990408726,9.973498510046523,-0.1281413031075995,2.313418424351945,2.307677501711852,0.0379219012309396,0.0584631233160114
1.0,0.2,0.06,0.0,40,0.1,23,-11.301812450158126,0.5570920332142075,9.933423740582075,-0.599313549902164,2.297811110996029,2.2808186973684705,0.0562249620814394,0.0754275681531928
1.0,0.2,0.06,0.0,40,0.1,24,-10.825565542865132,0.3123601819085499,9.432362777297806,-0.0053027117514845,2.3170630941176675,2.30648161589854,0.0585585590620651,0.0565150913776877
0.5,0.1,0.06,0.0,40,0.05,0,-4.4863214965077445,0.4459959361102439,4.525916911917419,-1.3455349711916047,0.7304264842147435,0.7319187263462724,0.1946073173663538,0.1899574521903652
0.5,0.1,0.06,0.0,40,0.05,1,-4.736583235832739,1.180193230839781,4.252014779763004,0.2080369003566602,0.7292720350099073,0.740649857167073,0.2130253731890532,0.1777790846921743
0.5,0.1,0.06,0.0,40,0.05,2,-5.109147439622359,1.5762685138847885,4.602750025634329,-0.0409769044450301,0.7280013191523125,0.7337136009968191,0.1728467490497913,0.1926631840148095
0.5,0.1,0.06,0.0,40,0.05,3,-4.301332055404835,0.7027517166425457,5.144664258217858,-0.8292681644789199,0.7319151597812666,0.7314147976135599,0.1545750816418429,0.1805637610010798
0.5,0.1,0.06,0.0,40,0.05,4,-4.728901891965703,0.8671861011729551,4.900652124005948,-0.3593189025758136,0.7391569458487399,0.7296515567985097,0.146767714858704,0.1948062971256481
0.5,0.1,0.06,0.0,40,0.05,5,-5.406084499802971,1.4646536110043928,4.680004948506368,-0.8750043179173619,0.7326276739353147,0.7334094871996956,0.1931443615949687,0.1668460707104366
0.5,0.1,0.06,0.0,40,0.05,6,-4.818057049678551,0.4343963355112934,4.3926245021950585,-0.2942709821013034,0.735604039489659,0.7391395713639425,0.1964254203016796,0.187132965727398
0.5,0.1,0.06,0.0,40,0.05,7,-4.871619774692535,0.922147656435114,4.700246781681779,-0.6870801798710895,0.7391451917296948,0.7404408101798104,0.1682404018712712,0.1511073572843372
0.5,0.1,0.06,0.0,40,0.05,8,-5.576023175357554,1.2070765382733288,4.066919257604216,-0.6409402424836785,0.7248798245777577,0.7318790645713913,0.1897307661985487,0.1821237004453567
0.5,0.1,0.06,0.0,40,0.05,9,-4.51089776639385,1.1276909394442909,4.858151319338484,-0.2892787929981395,0.7330524203066436,0.7369262266437553,0.1521565386150187,0.1824143688191478
0.5,0.1,0.06,0.0,40,0.05,10,-5.038636509656652,1.1679431928571415,4.959306308954661,-1.2244983018022335,0.7320314916328972,0.7394732892726728,0.1555650670526649,0.1595795998616596
0.5,0.1,0.06,0.0,40,0.05,11,-4.542691918867044,0.4973513444626958,4.919061552882207,-0.9544741124225268,0.7363593853342617,0.738690880681116,0.1923121623273112,0.1573198032725966
0.5,0.1,0.06,0.0,40,0.05,12,-4.694925883841942,0.2115276571801532,4.652997133233998,-0.8062776479322786,0.7321264975486493,0.7256089195072885,0.1619955483216728,0.1986648367559303
0.5,0.1,0.06,0.0,40,0.05,13,-4.369011855022228,1.4323607050243674,4.695812169792015,-0.7102026741589094,0.7240831899265898,0.7352485947936177,0.1888653124891734,0.1949315027000607
0.5,0.1,0.06,0.0,40,0.05,14,-4.678059967558734,0.9927936157154038,4.673124670131371,-0.6172919045484373,0.7310406816455114,0.7262405431842524,0.1853706850025067,0.1937505317028931
0.5,0.1,0.06,0.0,40,0.05,15,-4.828795558437739,1.1661726007139226,4.856146673552278,-1.2782211772086196,0.736821508018136,0.7405143671359918,0.1915858967722261,0.1894025949265776
0.5,0.1,0.06,0.0,40,0.05,16,-4.568203605057942,0.7175480717241993,4.391808327801039,0.021470871008935,0.7332152028893971,0.7349518029122427,0.189032478535716,0.1859785312751276
0.5,0.1,0.06,0.0,40,0.05,17,-4.912290046210394,1.1937794010693192,4.901346351614128,-0.93790525435315,0.7341786128093732,0.7310335509184397,0.1973939501323826,0.1988227172553265
0.5,0.1,0.06,0.0,40,0.05,18,-4.409464607856334,0.8154999318923148,4.856530848120274,-0.288846830062285,0.727729677629502,0.7420438224980265,0.2031031189284491,0.1759204013830262
0.5,0.1,0.06,0.0,40,0.05,19,-5.590920330910909,1.6726749465106487,4.775105211276013,-0.5934657908835204,0.7400797256181821,0.7475208867508227,0.1804617331893344,0.1680577866664483
0.5,0.1,0.06,0.0,40,0.05,20,-4.776035843670446,0.9960442427391024,4.515648924975715,-1.0143261545719953,0.7280396065694175,0.72920405877919,0.193229044467711,0.1991474995995975
0.5,0.1,0.06,0.0,40,0.05,21,-4.41793944365082,0.4933114007727353,4.1674380516644,-0.7343298531684666,0.732680259745983,0.7277527666825682,0.1861602465854986,0.2198063266442204
0.5,0.1,0.06,0.0,40,0.05,22,-4.647292025703047,0.274150125692389,4.357802612975861,-0.9797178837766372,0.7282123261650781,0.731271470571358,0.1947936315764805,0.1812812811404889
0.5,0.1,0.06,0.0,40,0.05,23,-4.983385178157886,1.3032617941971447,4.71090814281851,-1.1201163955747648,0.7374480176941888,0.7397895454226426,0.1666428597489298,0.1821074687505575
0.5,0.1,0.06,0.0,40,0.05,24,-4.880081693877474,0.8438030277929276,4.269139617328337,-0.5438720169464331,0.7296577488294427,0.7338070499954861,0.1969362509736076,0.1906215970181571
0.5,0.1,0.06,0.0,40,0.06,0,-4.499589164070115,0.4131407636893991,4.416137031810134,-1.026849314417324,0.7301266817355733,0.7331909586224008,0.2048475575829311,0.1849862990979779
0.5,0.1,0.06,0.0,40,0.06,1,-4.746647301087308,1.0248796467950965,4.2749458681255605,0.0907562517072508,0.7322956006287498,0.7393692388081252,0.2030837128295193,0.1854993864259706
0.5,0.1,0.06,0.0,40,0.06,2,-4.940933133304253,1.1706719998876527,4.5804730075033415,-0.2589668317497757,0.7269573236934862,0.7336098118030057,0.1759645061461324,0.1948014201593647
0.5,0.1,0.06,0.0,40,0.06,3,-4.366004929773387,0.8310310264447689,5.083062016274579,-0.6354386336177429,0.7345325109696755,0.7305640246902094,0.1508530344292488,0.1851832264777547
0.5,0.1,0.06,0.0,40,0.06,4,-4.76340847791476,0.954966972128451,4.841282035290227,-0.5492066363432668,0.7376872650893337,0.7292206312512981,0.1454236658444049,0.1914471965616743
0.5,0.1,0.06,0.0,40,0.06,5,-5.166404318507947,1.1721263986697377,4.681451612710409,-0.980679393822995,0.7304090325769925,0.7322956339572415,0.1905561543100605,0.1687483884064776
0.5,0.1,0.06,0.0,40,0.06,6,-4.603293717134805,0.2417232276337984,4.469159454770985,-0.3811040872348754,0.7329434147167976,0.7401141372185573,0.2011169190590706,0.1850089902363166
0.5,0.1,0.06,0.0,40,0.06,7,-4.733039420065183,0.8404591580984411,4.637614540966292,-0.7459445244448597,0.7387314357125779,0.7440928660971311,0.1703621419477403,0.1539168305430372
0.5,0.1,0.06,0.0,40,0.06,8,-5.464792251093813,1.1800676418138256,4.155460355631478,-0.6260500497788146,0.7203332943110461,0.7306404002935939,0.1935494151010844,0.179153778804436
0.5,0.1,0.06,0.0,40,0.06,9,-4.609556821056446,0.9881269588068268,4.860138581486567,-0.3675029733887727,0.732855171575408,0.7370912026527934,0.1506481465173157,0.1849270996506281
0.5,0.1,0.06,0.0,40,0.06,10,-4.955379741779813,1.0135081540481126,4.249759979084036,-0.0724710699170989,0.7318342488798812,0.7296262158603473,0.1574386400422759,0.207775668699205
0.5,0.1,0.06,0.0,40,0.06,11,-4.681280218439124,0.7167294332891527,4.940194049807096,-0.8537971098538337,0.7385554646760346,0.7370727567467138,0.1868371583936116,0.1546230456471031
0.5,0.1,0.06,0.0,40,0.06,12,-4.737451263289049,0.1542272084043654,4.50427714060417,-0.5913364519185653,0.7305467837551417,0.72385512844901,0.1621331482986764,0.197701010597906
0.5,0.1,0.06,0.0,40,0.06,13,-4.3700212789595385,1.3219030551612627,4.65453598083875,-0.4860274044621671,0.7249547316185317,0.7352771718146442,0.1882611610487793,0.1968753909271025
0.5,0.1,0.06,0.0,40,0.06,14,-4.6335740100816665,1.0242066157358038,4.77337452282186,-0.7510713948328891,0.7309135172381696,0.7256388559439162,0.1879802595246423,0.2006230725383298
0.5,0.1,0.06,0.0,40,0.06,15,-4.780858426810728,1.127967217616506,4.649936653867932,-1.1077234675601082,0.7358154969804749,0.7388403353462518,0.1871432307936348,0.1880036224970659
0.5,0.1,0.06,0.0,40,0.06,16,-4.557450503315062,0.4997301103985014,4.369874035030406,-0.0662546151567582,0.7312979232440303,0.7339390606342879,0.1834839715276686,0.1835443237411821
0.5,0.1,0.06,0.0,40,0.06,17,-4.889813448512704,1.2449616847495633,4.801398521084403,-0.7494861595866431,0.7342456368014916,0.7306933828142632,0.2043128858897062,0.1998373589260899
0.5,0.1,0.06,0.0,40,0.06,18,-4.429181516380451,0.8589533243359719,4.729627964086818,-0.3703297941602961,0.7273522727393466,0.7417725490360215,0.2059454425643625,0.1731389203565637
0.5,0.1,0.06,0.0,40,0.06,19,-5.387340464079951,1.2861880985485374,4.589232310255848,-0.5971502524590659,0.7411158578905999,0.7476855944746221,0.1765596097285414,0.1708767102602188
0.5,0.1,0.06,0.0,40,0.06,20,-4.779435961513724,0.822345934593679,4.5612700952289975,-0.8905866145614458,0.727822385169769,0.7267184004600041,0.1940801461456011,0.2044241696767489
0.5,0.1,0.06,0.0,40,0.06,21,-4.358929889460669,0.5214116413588652,4.283133992878819,-0.7172233042915219,0.7319526079323658,0.7286137765168401,0.1842965830561185,0.2217012986814655
0.5,0.1,0.06,0.0,40,0.06,22,-4.731690140621778,0.3418537714540699,4.457025912298599,-0.9176415084591604,0.7291214978560505,0.7308608873387376,0.2011194645573736,0.1804771596547188
0.5,0.1,0.06,0.0,40,0.06,23,-5.088098167323562,1.179233422807688,4.52973216073193,-1.0721551925535513,0.7413862388791614,0.7390686523130335,0.1653320384008134,0.1785119921140457
0.5,0.1,0.06,0.0,40,0.06,24,-5.019819616967126,1.0363648819676674,4.402758113028924,-0.4871800557590053,0.7304782113721472,0.7337763865547424,0.184813621297544,0.1851579680632039
0.5,0.1,0.06,0.0,40,0.08,0,-4.525523103316145,0.6664766242251776,4.424823202069017,-0.8982827118621233,0.7248753467001886,0.7292977976822039,0.1945159464187095,0.1894366303459198
0.5,0.1,0.06,0.0,40,0.08,1,-4.784931773819711,0.8560476303463604,4.273635292620675,-0.0622364552940393,0.7306188369150055,0.7380151296165763,0.1958901814764928,0.1898749686749487
0.5,0.1,0.06,0.0,40,0.08,2,-4.756033829840133,1.0174405416048342,4.563639432763023,-0.2305199812526748,0.7260777608682623,0.732939407322983,0.1710211191112961,0.1936593185413991
0.5,0.1,0.06,0.0,40,0.08,3,-4.4005562634853295,0.9212194409670472,4.828598318267952,-0.6634528746024639,0.733389823730051,0.7258737043425962,0.1546382768512959,0.1835369178977236
0.5,0.1,0.06,0.0,40,0.08,4,-4.544969468714152,0.8923478275188439,4.6712837079043545,-0.481846733425801,0.7357591133322168,0.7262596317070905,0.1453955992794262,0.1918609471549031
0.5,0.1,0.06,0.0,40,0.08,5,-5.085814393823485,1.0299010726747362,4.609257417537167,-0.8697292489668318,0.7278821693679955,0.7308152835445693,0.1896092680901882,0.1666459850058091
0.5,0.1,0.06,0.0,40,0.08,6,-4.605691361920638,0.3709682598781949,4.484079239938262,-0.4609656009771112,0.7275984743879773,0.7368493446033575,0.2055566042611502,0.1858934805226708
0.5,0.1,0.06,0.0,40,0.08,7,-4.611780560624316,0.7162756777276666,4.51577625804386,-0.6520271812683021,0.7355099366935457,0.7391811979045948,0.1666112304192545,0.1595884138876105
0.5,0.1,0.06,0.0,40,0.08,8,-5.001184465533433,0.8045906016509496,4.211437577344051,-0.4863562568162438,0.7175424809341227,0.7304650016978508,0.1927038131940221,0.1693206914188924
0.5,0.1,0.06,0.0,40,0.08,9,-4.513855254376345,0.8068564385885053,4.543294713803013,-0.3627820251479958,0.7336703345259276,0.7347637572942857,0.1506817030203147,0.1825580053409456
0.5,0.1,0.06,0.0,40,0.08,10,-4.7469703110905295,0.6951426501473934,4.715041398169661,-0.8569932444726833,0.7283693392254129,0.7409677516667039,0.1571693934106289,0.1597390618855184
0.5,0.1,0.06,0.0,40,0.08,11,-4.712381359732029,0.8418686070997552,4.714532280312152,-0.6369493234285633,0.734401570872301,0.7373427863981682,0.1850737112652595,0.154966862252173
0.5,0.1,0.06,0.0,40,0.08,12,-4.5606481806563135,0.3755053742068197,4.4616933958440885,-0.6495783496618721,0.724380398691103,0.7213757902719231,0.165236773439438,0.2003094573696813
0.5,0.1,0.06,0.0,40,0.08,13,-4.44392689541127,1.1181980262160585,4.62162343318347,-0.5279054364020004,0.7216923096084862,0.7335863379274807,0.1931112887661467,0.1892758817993254
0.5,0.1,0.06,0.0,40,0.08,14,-4.583764450495828,0.8949771206490611,4.555311899049821,-0.7204482563930472,0.727868547428946,0.7257486200262353,0.1864755002268936,0.1926070273411461
0.5,0.1,0.06,0.0,40,0.08,15,-4.644079082828791,0.90559998376365,4.531307137212076,-0.9844047770963072,0.7293982463007588,0.7354547911861358,0.1955349923484713,0.1907590845536963
0.5,0.1,0.06,0.0,40,0.08,16,-4.52332268974385,0.5645568940843817,4.3931842963463374,-0.2866469237252458,0.7276792948965274,0.7313663163659978,0.182960311989294,0.1910641146804175
0.5,0.1,0.06,0.0,40,0.08,17,-4.699141706351058,1.0631911413879342,4.621451834877703,-0.8014915521853223,0.7302333909785792,0.7268840896563296,0.2000172841415637,0.2001963796346219
0.5,0.1,0.06,0.0,40,0.08,18,-4.54653446329393,0.7390116364362689,4.631843500771611,-0.448458221387348,0.7245065289696204,0.7390332006397845,0.2085775353789703,0.1802083768830516
0.5,0.1,0.06,0.0,40,0.08,19,-5.013805363951659,1.1368626473655263,4.452699013306729,-0.72469003284736,0.7343085436468128,0.7426604754068353,0.1737162855757403,0.1787385795918959
0.5,0.1,0.06,0.0,40,0.08,20,-4.600247909118863,0.7528268694570288,4.521885399830811,-0.8216854412128838,0.7255932938433745,0.7256081499251797,0.1922837985543343,0.1957415770079709
0.5,0.1,0.06,0.0,40,0.08,21,-4.461706425485119,0.4611522112712474,4.538171795093638,-0.6722323104424506,0.7299175864266734,0.7280283434391127,0.1771632802960952,0.1941257879562276
0.5,0.1,0.06,0.0,40,0.08,22,-4.7228359863535045,0.5413114253221554,4.53837283757319,-0.9190117783664866,0.7268500045656041,0.7305249653438912,0.2076071921985784,0.1808861955930394
0.5,0.1,0.06,0.0,40,0.08,23,-4.891460835989383,0.7798080234243034,4.344656794883175,-0.907184790609401,0.7345771307837358,0.7311745643862755,0.1742681195782144,0.1775377066036519
0.5,0.1,0.06,0.0,40,0.08,24,-4.808654770499252,1.0195567684229478,4.375285277665772,-0.5050994672198414,0.7241703310118149,0.731630561473272,0.1819270254499984,0.1884037359001439
0.5,0.1,0.06,0.0,40,0.1,0,-4.608566907992639,0.6090656480329679,4.366504003971691,-0.2136042762676573,0.7229960700812365,0.7197055051753237,0.1962663391762772,0.2123241994569001
0.5,0.1,0.06,0.0,40,0.1,1,-4.796919463779089,0.865505227416977,4.343939252291087,-0.1602957097967281,0.7283885140086683,0.735094806145701,0.1875702122804994,0.193180615067554
0.5,0.1,0.06,0.0,40,0.1,2,-4.779102997471547,1.0294577158704408,4.4808825612849565,-0.379986042219824,0.7229533931176224,0.7279502249060285,0.1627807421381688,0.1987056244164696
0.5,0.1,0.06,0.0,40,0.1,3,-4.554119301038888,1.0313409261216155,4.801413999237164,-0.8522150143781992,0.7309844296576926,0.7249031658734704,0.1547600073693772,0.1810785754650062
0.5,0.1,0.06,0.0,40,0.1,4,-4.5790483378262925,0.9528672136615048,4.6405624130681975,-0.6400835232820841,0.7364096918252833,0.7240832617511894,0.150162719509767,0.1915183532973635
0.5,0.1,0.06,0.0,40,0.1,5,-4.94350287217464,0.9719173218752806,4.641421301739484,-0.9030567190462296,0.7236547417840478,0.729202561819121,0.185361006484018,0.1731454833000588
0.5,0.1,0.06,0.0,40,0.1,6,-4.769221533441128,0.5993580219805599,4.513374081061388,-0.6333508561934891,0.7274322389697436,0.7328875001581768,0.2019089629320611,0.1881766070175445
0.5,0.1,0.06,0.0,40,0.1,7,-4.653294259431409,0.7270984173986801,4.576379589174752,-0.6772899765766862,0.7337212328772452,0.7362247941536155,0.1615977083305609,0.1572975847235797
0.5,0.1,0.06,0.0,40,0.1,8,-5.005731166099152,0.8902106440799766,4.338596086058912,-0.6144333011618657,0.7154004404019283,0.730077744155563,0.187287245628803,0.1701133046502337
0.5,0.1,0.06,0.0,40,0.1,9,-4.611178518955514,0.8537063137600844,4.499810473185956,-0.5341923013456513,0.730030427105144,0.7313808834141088,0.1585668697420864,0.182507858553283
0.5,0.1,0.06,0.0,40,0.1,10,-4.714849511349755,0.850884569008209,4.580648166763975,-0.8766639968757668,0.7303132798929067,0.7315252998596538,0.1563033019251976,0.1598095118704408
0.5,0.1,0.06,0.0,40,0.1,11,-4.763180257807646,0.7613559957179659,4.598331645450571,-0.5464173331986217,0.7308361330173366,0.7347776449622588,0.1818949134001242,0.1531014360950467
0.5,0.1,0.06,0.0,40,0.1,12,-4.77547500563262,0.5977548238500345,4.543877831072143,-0.7190038006515513,0.7234421571020614,0.719894053467653,0.1683046086974255,0.2021509224642989
0.5,0.1,0.06,0.0,40,0.1,13,-4.539673589106088,0.9946677573299976,4.49679389079316,-0.6357008985498465,0.7186103570183862,0.7307804459112786,0.1896370117795079,0.1928712581311872
0.5,0.1,0.06,0.0,40,0.1,14,-4.572090338875078,1.0864009165952464,4.562638171760812,-0.8584412314097118,0.7242554870705753,0.7219623270696035,0.1845951218733434,0.1983064795647069
0.5,0.1,0.06,0.0,40,0.1,15,-4.758578370193452,0.8480279308268821,4.645519501271913,-0.968090832245655,0.7272091312810114,0.7336655783100998,0.1923533665807338,0.1963049483555534
0.5,0.1,0.06,0.0,40,0.1,16,-4.635719634441601,0.6622283668328015,4.480491121264201,-0.5573808860945852,0.7271019776145985,0.7288286794756864,0.1789358275054791,0.1888171626142673
0.5,0.1,0.06,0.0,40,0.1,17,-4.760813424557833,0.9244514546257124,4.504993291371962,-0.833860588662183,0.7273218542849081,0.7228417550210979,0.1946026187336335,0.2029027012713939
0.5,0.1,0.06,0.0,40,0.1,18,-4.637808837586882,0.7893495339943373,4.572508849527999,-0.5177669554345461,0.7220412962662944,0.7351838804334495,0.2038462890971135,0.1828657146424151
0.5,0.1,0.06,0.0,40,0.1,19,-4.905837126062251,0.9827495239564834,4.570844219197872,-0.7872589866300419,0.7313640657186364,0.7418335041080817,0.1761734709709629,0.1726667819000786
0.5,0.1,0.06,0.0,40,0.1,20,-4.655116492495073,0.7377343957510005,4.645341790602762,-0.8621281083983947,0.7245634057340226,0.724819484351875,0.1941829935893182,0.1949344836894938
0.5,0.1,0.06,0.0,40,0.1,21,-4.644643634329649,0.6272600417904806,4.523669769593135,-0.7655838732447982,0.7277089960376303,0.7250605733637377,0.1759596678985397,0.1975983438432697
0.5,0.1,0.06,0.0,40,0.1,22,-4.813187167262624,0.6829068919848318,4.586727177153277,-0.8552565215579335,0.7261208458701159,0.7289966441365886,0.1882010016930446,0.1751179193061443
0.5,0.1,0.06,0.0,40,0.1,23,-4.808266667278645,0.899709375227151,4.5183482258854735,-0.9106114372057104,0.729469669280287,0.7302105621695265,0.1663156444972583,0.1794358960449521
0.5,0.1,0.06,0.0,40,0.1,24,-4.857858344811491,1.0256757555696312,4.532097941806896,-0.5875094179770108,0.7223992672215631,0.7297197439146356,0.1838123679638286,0.1879351601239955
2.0,0.4,0.06,0.0,40,0.05,0,-28.461992213590804,1.1748516614365416,17.8540031963468,-0.4196000884677463,6.904382562359993,6.927238161575552,0.0243396343616789,0.0134873314851917
2.0,0.4,0.06,0.0,40,0.05,1,-25.974116336692447,1.682232765211368,21.20351591807156,-0.7574071796183375,6.937343240112882,6.892566427389854,0.0121152002238983,0.0170980141182429
2.0,0.4,0.06,0.0,40,0.05,2,-27.669697743128488,0.058296575026927,18.745997366559173,-0.4509340871763108,6.916146553589926,6.91708260269651,0.0226043475369261,0.0118644383190511
2.0,0.4,0.06,0.0,40,0.05,3,-27.183504163161608,0.937535695211958,18.888770116796863,-0.7279322143499126,6.897864891270568,6.91438331086857,0.0108851509079831,0.0205391789495187
2.0,0.4,0.06,0.0,40,0.05,4,-28.975623265696683,0.4993424516943292,22.24249874624006,-0.4558104728189308,6.9314600410232,6.911721649646876,0.0196474448328361,0.016243185245617
2.0,0.4,0.06,0.0,40,0.05,5,-26.71516916188517,-0.3498495139847437,18.72366128696614,-0.4179092869539221,6.890635715183868,6.91916751021542,0.0225340648120854,0.025413670460338
2.0,0.4,0.06,0.0,40,0.05,6,-26.529715825181604,0.4794324274549013,18.002368213838864,-0.6879176241666722,6.880563142737564,6.933014698016259,0.0209683400691203,0.0235824363182201
2.0,0.4,0.06,0.0,40,0.05,7,-27.496003948593764,0.2249450423613532,17.7387377904688,-0.3075022050023827,6.916450464130756,6.86438814644773,0.0283061580464112,0.022154444494716
2.0,0.4,0.06,0.0,40,0.05,8,-26.91401389411876,0.2172945679477682,19.59322104823569,0.2567428813993769,6.881010397352972,6.892450088049718,0.0146543712448402,0.0113432923008601
2.0,0.4,0.06,0.0,40,0.05,9,-25.60789965539663,1.252640203542377,18.548030229544462,-0.3318589852200662,6.933291235598127,6.895499041159088,0.0221225749168767,0.0274522816615514
2.0,0.4,0.06,0.0,40,0.05,10,-27.236874214110767,0.8583486434458031,17.488629980133695,-0.1156627536090639,6.91744179489438,6.9437129867707625,0.0249783411756177,0.0047846121564154
2.0,0.4,0.06,0.0,40,0.05,11,-29.26544618055577,0.8389803309830537,16.330261690978453,0.6821067342692209,6.917582839098344,6.944562844022244,0.0286769409178237,0.0169602720525532
2.0,0.4,0.06,0.0,40,0.05,12,-26.370624626260657,0.3689736183096617,17.127484711727362,-0.4147284658942626,6.9392302932352425,6.926439800463396,0.0102012252149563,0.0244289502495913
2.0,0.4,0.06,0.0,40,0.05,13,-26.48145106075684,0.0864263529265483,17.736918078039984,0.1310613134083799,6.919833919903526,6.9595500852177,0.0266340425684783,0.0155697234555861
2.0,0.4,0.06,0.0,40,0.05,14,-27.04130785127712,-0.8324978744367277,16.973493523970607,-0.3692531341475102,6.894664649994759,6.894621741283736,0.0296041071450216,0.0205928729873096
2.0,0.4,0.06,0.0,40,0.05,15,-26.558736840230623,0.5899562197722605,19.36596246833887,-0.232066075326617,6.891498002479705,6.905340631593916,-0.0028561502426576,0.0137391804916913
2.0,0.4,0.06,0.0,40,0.05,16,-24.287493017357072,-0.4086876815023081,18.734838991617515,0.9556053896619608,6.894623002623232,6.8430849386034645,0.0163076536037328,0.0324570287525003
2.0,0.4,0.06,0.0,40,0.05,17,-26.787637794646404,0.5968884124211477,18.97505214423056,0.3548000774927645,6.86218560442222,6.935477445006006,0.0207459031166811,0.0214203687158792
2.0,0.4,0.06,0.0,40,0.05,18,-26.61563324421168,0.7236002930619181,19.50624019666588,0.3043929942837942,6.897956924281079,6.9405815349718605,0.0217062221716912,0.0222359974844154
2.0,0.4,0.06,0.0,40,0.05,19,-27.40754946399012,0.9271243832771424,22.194474264518277,0.316012318015925,6.842793098199428,6.950800663211924,0.0193736049672675,0.0226347301410272
2.0,0.4,0.06,0.0,40,0.05,20,-28.70771427411685,0.8498988518454642,20.196973373269525,-0.6098458360966021,6.937481492270508,6.883956100702357,0.0115597181126499,0.0221922837184913
2.0,0.4,0.06,0.0,40,0.05,21,-24.0659940740116,0.7197287867071549,19.71062067812221,-0.5720963108018058,6.945020231047476,6.905461353172623,0.0083786247689606,0.0222986573864209
2.0,0.4,0.06,0.0,40,0.05,22,-25.82483080253978,1.4457933668283531,20.76510177302589,-0.2971634774164371,6.896725771159487,6.880764446959629,0.0225611051971636,0.014162221236665
2.0,0.4,0.06,0.0,40,0.05,23,-27.74313932399576,-0.8569283663115248,16.388471901399058,-0.5635786906156907,6.920045938107365,6.926377196491958,0.0221454813003822,0.024909820965699
2.0,0.4,0.06,0.0,40,0.05,24,-28.43567839811703,0.0404644411466521,15.298732657064948,-0.112549181391109,6.902586905554131,6.93380238051821,0.0285479110959576,0.0230031561595717
2.0,0.4,0.06,0.0,40,0.06,0,-27.910237463581275,1.1587396414591995,18.112064223058432,-0.3114825563690915,6.908356653167486,6.926275526086205,0.0231379389836403,0.0138941191072946
2.0,0.4,0.06,0.0,40,0.06,1,-26.194722232081112,1.2581068862171114,20.39500933720108,-0.7257186960836015,6.933062743895328,6.894993921363425,0.0101588555567702,0.0174175428755453
2.0,0.4,0.06,0.0,40,0.06,2,-27.94883937856747,0.204795713263274,18.762290130278284,-0.4305817829743786,6.921233678720587,6.916940122752886,0.0196426364419035,0.0129139792690477
2.0,0.4,0.06,0.0,40,0.06,3,-26.404113831969333,0.873768877856119,18.87132023380943,-0.4904253272493991,6.897804741688288,6.909372067566306,0.0079880262789063,0.0213911918575866
2.0,0.4,0.06,0.0,40,0.06,4,-29.20728485434976,0.3415164272407873,21.538549587167147,-0.3817971021973183,6.927121892591014,6.908866620856378,0.0210330601425628,0.015488474877764
2.0,0.4,0.06,0.0,40,0.06,5,-26.442771823079333,-0.1323230409615754,18.599502460925216,-0.2493393947740048,6.897668532322253,6.917210510988264,0.022505159202436,0.0269992147296663
2.0,0.4,0.06,0.0,40,0.06,6,-26.39444546678976,0.5138854111443067,18.20281858725825,-0.6658085090883681,6.881405963442739,6.9330347029112,0.0223207277513432,0.0261723987990098
2.0,0.4,0.06,0.0,40,0.06,7,-27.34897371031304,0.2056651590839,18.3206796125682,-0.4305391241680515,6.900076221423701,6.866525142316552,0.0300300967459191,0.0221263606908264
2.0,0.4,0.06,0.0,40,0.06,8,-26.450477352445915,0.3553572706151218,19.34050562465965,0.2655969933360053,6.883317711379042,6.893749872852655,0.0164035667924756,0.0102178761670231
2.0,0.4,0.06,0.0,40,0.06,9,-25.44547358136425,1.4519842595332273,18.822479325534637,-0.24889261452101,6.936710702785434,6.896999413881994,0.0200057211984464,0.0261050686301968
2.0,0.4,0.06,0.0,40,0.06,10,-26.90185879466568,0.7424095952703589,17.525302584764606,-0.2645622952036089,6.915915900196048,6.9401528189908674,0.0255471986195975,0.0052737155924201
2.0,0.4,0.06,0.0,40,0.06,11,-28.58064323254458,0.8006033263362589,16.954438357391684,0.5383614747710235,6.923389353022716,6.944157204545308,0.0317522901518094,0.0170731756324773
2.0,0.4,0.06,0.0,40,0.06,12,-26.05654835697186,0.4865512749164419,17.501752294450142,-0.3585811444013917,6.945984787715958,6.927143155771619,0.0112756474757081,0.0208993074456695
2.0,0.4,0.06,0.0,40,0.06,13,-26.729251507936883,0.2703589248964,17.830204628382177,-0.1147362459529612,6.922965521393201,6.947588504592304,0.0281982451757403,0.0164961098803304
2.0,0.4,0.06,0.0,40,0.06,14,-27.03005340372728,-0.8045297914083342,17.391818216637038,-0.3886752753457538,6.901131834031556,6.892519034962112,0.0260300520273427,0.0215866360933055
2.0,0.4,0.06,0.0,40,0.06,15,-26.21894272391633,0.2744181652311134,18.97069888602172,-0.0769378792769766,6.894889144372299,6.908156543862472,0.0062734541654684,0.0163771992283471
2.0,0.4,0.06,0.0,40,0.06,16,-24.460347761317745,0.1264333548373215,18.647032066843565,0.6233431356499493,6.898346349083116,6.837690613075583,0.0137806058188114,0.0310758247060666
2.0,0.4,0.06,0.0,40,0.06,17,-26.336999597558187,0.494110392364451,18.68522807651922,0.293400197287339,6.855668719250513,6.935530001664975,0.0202010460137752,0.0211110671474415
2.0,0.4,0.06,0.0,40,0.06,18,-27.16903701465408,0.7779894288459818,19.839433496411505,0.2613539824825142,6.88894414876809,6.941807319826497,0.0171772552315471,0.0210359883950503
2.0,0.4,0.06,0.0,40,0.06,19,-27.480860687926576,0.8429398256037004,19.628026348784807,0.8421633053694664,6.841567874307685,6.972360536102103,0.0229909538343968,0.0170327990136231
2.0,0.4,0.06,0.0,40,0.06,20,-28.18092792270475,1.0953797443769395,20.28162927237318,-0.354078371846855,6.938244407534057,6.884393533157782,0.0115413303887076,0.020381035139233
2.0,0.4,0.06,0.0,40,0.06,21,-24.320740107875253,0.8932514873515222,19.457166371075655,-0.3467293443419967,6.945811727641334,6.912577985324388,0.0085830926252983,0.0213973831894445
2.0,0.4,0.06,0.0,40,0.06,22,-25.56526016739322,1.1468784448981728,20.31858038088564,-0.1297235564717129,6.890620765548156,6.883002260607993,0.0214161212157794,0.0109835615923611
2.0,0.4,0.06,0.0,40,0.06,23,-27.608935747665686,-0.3806275405344403,16.780512367594426,-0.4773446681583383,6.932260931904014,6.928291816658659,0.0177504671758282,0.0234089654171722
2.0,0.4,0.06,0.0,40,0.06,24,-27.729817869845405,0.2200396431824747,17.016579992976077,-0.3995495272555884,6.884780407194952,6.9201788702421165,0.0275892475455,0.0209888702543775
2.0,0.4,0.06,0.0,40,0.08,0,-26.75542329701079,0.6377259535593787,18.52195513034147,-0.2402404953255034,6.882552117309572,6.929727245860136,0.0219889489662052,0.0177303598915071
2.0,0.4,0.06,0.0,40,0.08,1,-26.182487986526205,0.9322618912326917,19.8769124125549,-0.4754094376524662,6.936948206870266,6.877467732545388,0.0063566359889774,0.0185700946090615
2.0,0.4,0.06,0.0,40,0.08,2,-26.698285197515453,0.4318264784250893,19.04676310395703,-0.3231874984721637,6.899119252756209,6.91891760413656,0.0223350294012562,0.0155709754908105
2.0,0.4,0.06,0.0,40,0.08,3,-26.346692205552856,0.6455584737937795,18.93417340944538,-0.4158138421639694,6.878905297041179,6.909726606046522,0.0083250153894357,0.0220683176665777
2.0,0.4,0.06,0.0,40,0.08,4,-27.79756353007017,0.2119082415350335,21.272092295489298,-0.4921697336922732,6.909641744633682,6.913020127033829,0.0202531949846006,0.0124591925351159
2.0,0.4,0.06,0.0,40,0.08,5,-26.171981620625917,-0.1395021429287832,18.746487218684564,-0.381767389483035,6.845399124470563,6.910228840612199,0.0249224879523096,0.0252706746782806
2.0,0.4,0.06,0.0,40,0.08,6,-26.12046840125675,0.5390064429564624,18.0246237295315,-0.2739392838211606,6.863856584405027,6.938595117021626,0.0207286840895119,0.0184557374551457
2.0,0.4,0.06,0.0,40,0.08,7,-26.47644655075304,0.1222821437761363,18.41393263261653,-0.2453492150755389,6.885701670076893,6.863296739842147,0.0309285954070747,0.0221991202334445
2.0,0.4,0.06,0.0,40,0.08,8,-26.10712830771017,0.5647258825228493,19.34968958226348,0.1369155813002425,6.863631238894632,6.89760080673985,0.0177104419973701,0.0100675252399711
2.0,0.4,0.06,0.0,40,0.08,9,-25.56699556743451,0.9052364831925008,18.86806096452163,-0.2790254909120672,6.931643795685535,6.907598630331479,0.021111092952764,0.0255441647922326
2.0,0.4,0.06,0.0,40,0.08,10,-25.909740413919163,0.4983898745954794,17.747109708155527,0.1006674826929193,6.906502717269284,6.952484308584662,0.0220169640871699,0.0043556917233013
2.0,0.4,0.06,0.0,40,0.08,11,-27.892808887257345,0.7499764899516224,17.389993523175562,0.2808711306588733,6.899660842663455,6.936726985522264,0.0314790162900868,0.0166513558213222
2.0,0.4,0.06,0.0,40,0.08,12,-25.190334294916997,0.1360041769408866,17.899206738156447,-0.4024812904905396,6.919452701371089,6.92724926174817,0.0114566505376083,0.0234755685522763
2.0,0.4,0.06,0.0,40,0.08,13,-25.05400932879577,0.1668157970548818,18.11024850677834,-0.0600430130786312,6.894645913480764,6.949808717709553,0.0263547250633985,0.0137734560818432
2.0,0.4,0.06,0.0,40,0.08,14,-26.55568530874768,-0.5028656147701773,18.107739477977823,-0.3435496227712188,6.884425804079281,6.900640664034998,0.0263780729525836,0.0202834851714053
2.0,0.4,0.06,0.0,40,0.08,15,-26.36932437851015,0.0581851736616605,18.728734231307783,-0.1678374421728294,6.891108489828551,6.896080371693675,0.0117894064154984,0.0144848719216165
2.0,0.4,0.06,0.0,40,0.08,16,-24.37214810835181,0.4663721280869899,18.5508382595278,0.4730946791986761,6.879107810626799,6.845105837290534,0.0146253767972055,0.0305498694384028
2.0,0.4,0.06,0.0,40,0.08,17,-25.95368541320653,0.551891636109238,18.55068652090109,0.2594435330281833,6.845524497444037,6.931923254514284,0.0264157189134111,0.0224190351539665
2.0,0.4,0.06,0.0,40,0.08,18,-26.220401205330383,0.6518579290237252,19.716659276702483,0.2086602559473503,6.865922527203251,6.938301913042151,0.0206038935791959,0.0219780567314391
2.0,0.4,0.06,0.0,40,0.08,19,-26.516667322767983,0.4473466368480157,19.737178606951105,0.5164893504741341,6.823262380477275,6.967271816339927,0.0196991742614601,0.022052773253134
2.0,0.4,0.06,0.0,40,0.08,20,-27.06801963031306,0.8090233796539463,20.06104919680726,-0.432631777011183,6.913348341951731,6.893168832152017,0.0113250389857118,0.0172580365919062
2.0,0.4,0.06,0.0,40,0.08,21,-25.34127977410236,0.7235507505026235,19.18045256418833,-0.3993727869970014,6.923215472509802,6.915013858162228,0.0095913110236216,0.0220009982344764
2.0,0.4,0.06,0.0,40,0.08,22,-25.082227311569973,0.7672630614243103,19.74909714031333,-0.2108136786524823,6.878979552510607,6.880161122270319,0.0236036722601654,0.0112809690565522
2.0,0.4,0.06,0.0,40,0.08,23,-25.863558848745697,-0.1002108261680965,17.358338200189035,-0.3235380125531412,6.8941886465186375,6.928528471123257,0.0205430924444518,0.021180529343269
2.0,0.4,0.06,0.0,40,0.08,24,-26.98096328216752,0.3445550316393091,16.989477088714004,-0.2417569245049683,6.856655630781648,6.92230386774167,0.0286307558189625,0.0219865904749831
2.0,0.4,0.06,0.0,40,0.1,0,-26.763842654295157,0.6662555615424631,18.459941816059573,-0.2650697263100742,6.870793927700466,6.932690433759831,0.0190015774615823,0.0137870170898056
2.0,0.4,0.06,0.0,40,0.1,1,-26.39268195549214,0.8325722704691966,19.75892341160574,-0.3580092304965598,6.90583524747757,6.885677353060326,0.0078798170436386,0.018476254890147
2.0,0.4,0.06,0.0,40,0.1,2,-26.56404511461077,0.3151241316115708,19.479023449057884,-0.3277399531626608,6.882602033449036,6.910557553084809,0.0232513480806134,0.0213828194042811
2.0,0.4,0.06,0.0,40,0.1,3,-26.631395444288188,0.5900973036186928,18.71759466143002,-0.4155552703025287,6.880202431244753,6.906805610484585,0.0071780638414995,0.0233267812274654
2.0,0.4,0.06,0.0,40,0.1,4,-27.275137596766257,0.3705055291745264,20.51263737106299,-0.4328311912199109,6.884646306131961,6.910634885008137,0.0197560199522135,0.0149692392580506
2.0,0.4,0.06,0.0,40,0.1,5,-26.31180727844509,0.4363316898922545,18.365929206087014,-0.2744294765944252,6.8576595158049605,6.912838151385033,0.0173809809330545,0.0221716060779458
2.0,0.4,0.06,0.0,40,0.1,6,-26.38555022021384,0.3956137541997658,18.20044917653353,-0.2481208691236142,6.858786685942023,6.9350957842464585,0.0201405371513611,0.0226436264898597
2.0,0.4,0.06,0.0,40,0.1,7,-26.24437463679501,0.0269036046674149,18.86365469578383,-0.0632460701893299,6.87476707643935,6.870797164991523,0.032909630375236,0.0210687825815006
2.0,0.4,0.06,0.0,40,0.1,8,-26.205278107219023,0.4875737552966873,19.232669249903424,0.129397357282708,6.855105348826638,6.880448854434702,0.0195969314241385,0.0132507243960395
2.0,0.4,0.06,0.0,40,0.1,9,-25.50021453912811,0.6379865689225004,19.000545275345736,-0.1564872947683102,6.914459721201627,6.909856680802567,0.0213094123301174,0.0226232971896719
2.0,0.4,0.06,0.0,40,0.1,10,-25.956586270284028,0.3386534503390123,18.09417822952428,-0.1285994588309335,6.888836113698682,6.948807688327091,0.021494400022536,0.0044103154266589
2.0,0.4,0.06,0.0,40,0.1,11,-27.23990905458907,0.564836826742231,17.633046970236954,0.1411173392237614,6.876736831878873,6.934351100673259,0.0299784118055014,0.0212421145446075
2.0,0.4,0.06,0.0,40,0.1,12,-25.32824053935593,-0.0797066183631161,18.06456429703528,-0.291603798981164,6.907161615306512,6.938957040058701,0.0072912233015252,0.0251575948286605
2.0,0.4,0.06,0.0,40,0.1,13,-25.56007425397024,0.224532078713604,18.12485348426224,-0.1247714166022426,6.8883695433160845,6.93705950064447,0.0260277351242186,0.013115001013776
2.0,0.4,0.06,0.0,40,0.1,14,-26.592943721810062,-0.1596723378809308,17.974708215540105,-0.1973362319886411,6.86556831527258,6.897095855543356,0.0268271680343703,0.0214128441133606
2.0,0.4,0.06,0.0,40,0.1,15,-26.6294481410697,0.220630606165245,18.67638043596154,-0.1795292331988743,6.86490450919433,6.898710526027735,0.0195690553639669,0.0143967976227875
2.0,0.4,0.06,0.0,40,0.1,16,-24.82362989256844,0.5734522399057383,19.06505912182229,0.3912170510319532,6.865954543785716,6.841089729929529,0.0149760811971567,0.0325684660758646
2.0,0.4,0.06,0.0,40,0.1,17,-26.049970386211964,0.4094683092073864,18.957297398179943,0.0246892971446359,6.833229261635935,6.9410173856503725,0.0241922850393638,0.0179729624790963
2.0,0.4,0.06,0.0,40,0.1,18,-26.31637437080477,0.7037835841009418,19.713607195209292,0.1196163947299492,6.850632784902043,6.933303605136014,0.0232153595438786,0.0227883241342406
2.0,0.4,0.06,0.0,40,0.1,19,-26.60799116708188,0.2692189034658392,19.363399204286605,0.6323204130861682,6.813679402103374,6.967319733657056,0.0200489133172617,0.0201302100196382
2.0,0.4,0.06,0.0,40,0.1,20,-26.79181494160857,0.4181046607498199,19.787742963986013,-0.4488345230967493,6.875868358861429,6.884522690750675,0.0121302129778621,0.0185560532732711
2.0,0.4,0.06,0.0,40,0.1,21,-25.688674553070054,0.5603253143191563,19.12651613944048,-0.3054321853191711,6.9048355096022265,6.909291569155325,0.0084173119252469,0.0233249761147274
2.0,0.4,0.06,0.0,40,0.1,22,-25.821487043708863,0.6651048350727078,19.57615171889724,-0.1928238290548174,6.879506745701224,6.875849936982911,0.023257533221737,0.0115840873439282
2.0,0.4,0.06,0.0,40,0.1,23,-26.023208677346503,-0.0166988506201499,17.678835012770264,-0.3259350370790648,6.862578866865501,6.92946936133308,0.0210058809291473,0.0185634307033769
2.0,0.4,0.06,0.0,40,0.1,24,-27.23941327729198,0.3195562972464905,17.808304052152465,-0.3404520834315486,6.869067933949439,6.918962276404547,0.0256289015254904,0.0186476417031584
